pair_id,layer,validation_fold,expert_1,expert_2,oracle_kl,local_baseline_score,capability_distance,combined_score
partition_00_fold_02_4_5,0,fold_02,4,5,0.002109047,0.003236259,0.0020937994,0.0022381207
partition_00_fold_02_4_9,0,fold_02,4,9,0.0014121976,0.0016174805,0.001552384,0.0015524853
partition_00_fold_02_4_12,0,fold_02,4,12,0.0024133879,0.003337733,0.0025021813,0.0026610359
partition_00_fold_02_4_13,0,fold_02,4,13,0.0010900979,0.0023412006,0.0007313582,0.0015923091
partition_00_fold_02_4_14,0,fold_02,4,14,0.0032091339,0.0015999654,0.003524092,0.0025876032
partition_00_fold_02_4_21,0,fold_02,4,21,0.0020313878,0.0011810388,0.002353535,0.0018702676
partition_00_fold_02_4_23,0,fold_02,4,23,0.0017075907,0.0027705738,0.0020542569,0.0018873787
partition_00_fold_02_4_24,0,fold_02,4,24,0.002143789,0.0023986248,0.0020539751,0.0020213139
partition_00_fold_02_4_27,0,fold_02,4,27,0.0009242649,0.0018208713,0.00048114653,0.0016845808
partition_00_fold_02_4_29,0,fold_02,4,29,0.001008979,0.0015239469,0.00048871647,0.0016845808
partition_00_fold_02_4_30,0,fold_02,4,30,0.0023644457,0.0015398654,0.0024707075,0.0021282313
partition_00_fold_02_4_31,0,fold_02,4,31,0.0010916089,0.0023391352,0.0010606009,0.0015923091
partition_00_fold_02_4_35,0,fold_02,4,35,0.0013577414,0.001395776,0.001132017,0.0015524853
partition_00_fold_02_4_38,0,fold_02,4,38,0.0008664539,0.0015166715,0.00019364622,0.0015524853
partition_00_fold_02_4_40,0,fold_02,4,40,0.0015320618,0.0022476309,0.001748493,0.0015923091
partition_00_fold_02_4_45,0,fold_02,4,45,0.0026795862,0.0023707075,0.003094406,0.0024086365
partition_00_fold_02_4_57,0,fold_02,4,57,0.0018275653,0.0019963423,0.0016337319,0.0016437485
partition_00_fold_02_4_58,0,fold_02,4,58,0.0026878389,0.0027582601,0.0027997433,0.0025193938
partition_00_fold_02_4_59,0,fold_02,4,59,0.00088855356,0.003889767,0.0007425415,0.001968606
partition_00_fold_02_4_61,0,fold_02,4,61,0.004561898,0.0015313748,0.0048548495,0.003955888
partition_00_fold_02_5_9,0,fold_02,5,9,0.0025479996,0.0035536587,0.0033207813,0.003299276
partition_00_fold_02_5_12,0,fold_02,5,12,0.003524934,0.0035817316,0.0036909007,0.0037053945
partition_00_fold_02_5_13,0,fold_02,5,13,0.0022809603,0.0032845128,0.0016495608,0.0022750867
partition_00_fold_02_5_14,0,fold_02,5,14,0.0044727777,0.0039318,0.0015846407,0.0028466855
partition_00_fold_02_5_21,0,fold_02,5,21,0.0031894874,0.00411871,0.0040724766,0.0040974477
partition_00_fold_02_5_23,0,fold_02,5,23,0.0028044914,0.004152714,0.0035899903,0.0035906064
partition_00_fold_02_5_24,0,fold_02,5,24,0.0032917715,0.0033878142,0.0006523824,0.0027241465
partition_00_fold_02_5_27,0,fold_02,5,27,0.002127685,0.0030326545,0.0024490682,0.0026922242
partition_00_fold_02_5_29,0,fold_02,5,29,0.002166999,0.0034845113,0.0016380223,0.002345815
partition_00_fold_02_5_30,0,fold_02,5,30,0.0035012995,0.0037000226,0.00064660347,0.0027959058
partition_00_fold_02_5_31,0,fold_02,5,31,0.002259927,0.0034209203,0.002862114,0.0027162484
partition_00_fold_02_5_35,0,fold_02,5,35,0.0025215496,0.00391398,0.0013067741,0.0027571232
partition_00_fold_02_5_38,0,fold_02,5,38,0.0020952714,0.0029347558,0.0020374758,0.0022589315
partition_00_fold_02_5_40,0,fold_02,5,40,0.0027151492,0.004901992,0.003440923,0.003428069
partition_00_fold_02_5_45,0,fold_02,5,45,0.00384504,0.0036407367,0.0044481675,0.0043506394
partition_00_fold_02_5_57,0,fold_02,5,57,0.0029593129,0.0035544059,0.002250339,0.0028936372
partition_00_fold_02_5_58,0,fold_02,5,58,0.003823685,0.0037161596,0.0007478197,0.003110676
partition_00_fold_02_5_59,0,fold_02,5,59,0.0020374628,0.0032367127,0.002473617,0.0026420895
partition_00_fold_02_5_61,0,fold_02,5,61,0.005787605,0.0035584099,0.0028014565,0.0034823173
partition_00_fold_02_9_12,0,fold_02,9,12,0.0028892288,0.00367763,0.0028891522,0.0031370586
partition_00_fold_02_9_13,0,fold_02,9,13,0.001578187,0.0015977157,0.0019457889,0.0015645693
partition_00_fold_02_9_14,0,fold_02,9,14,0.0037457256,0.0024798415,0.004546553,0.0040280507
partition_00_fold_02_9_21,0,fold_02,9,21,0.0024991161,0.002250791,0.00081487215,0.0015923091
partition_00_fold_02_9_23,0,fold_02,9,23,0.0021299792,0.003786287,0.0008413016,0.0022233028
partition_00_fold_02_9_24,0,fold_02,9,24,0.0026234344,0.0033366568,0.0034319244,0.0029238523
partition_00_fold_02_9_27,0,fold_02,9,27,0.0014420575,0.0025476988,0.0012583339,0.0015524853
partition_00_fold_02_9_29,0,fold_02,9,29,0.0014916728,0.0032186192,0.0018393471,0.0019709966
partition_00_fold_02_9_30,0,fold_02,9,30,0.0028801176,0.002522943,0.0035141893,0.0027619523
partition_00_fold_02_9_31,0,fold_02,9,31,0.0015864376,0.0015567124,0.00054498547,0.0015524853
partition_00_fold_02_9_35,0,fold_02,9,35,0.0018114316,0.002613395,0.0021809232,0.0017611805
partition_00_fold_02_9_38,0,fold_02,9,38,0.0013653559,0.0012763669,0.001622547,0.0015524853
partition_00_fold_02_9_40,0,fold_02,9,40,0.0019928946,0.0019351963,0.00025555101,0.001575165
partition_00_fold_02_9_45,0,fold_02,9,45,0.0031678209,0.003168979,0.002748574,0.0026059682
partition_00_fold_02_9_57,0,fold_02,9,57,0.002268048,0.0021050414,0.0027256624,0.0024382744
partition_00_fold_02_9_58,0,fold_02,9,58,0.0031786826,0.0046682456,0.004055221,0.0040538316
partition_00_fold_02_9_59,0,fold_02,9,59,0.001396219,0.0066002673,0.001139397,0.003136361
partition_00_fold_02_9_61,0,fold_02,9,61,0.0050477213,0.0019438224,0.0059960424,0.0052997456
partition_00_fold_02_12_13,0,fold_02,12,13,0.002637765,0.0029347425,0.0031413415,0.0026683947
partition_00_fold_02_12_14,0,fold_02,12,14,0.0046585742,0.0047428836,0.004543905,0.0044405214
partition_00_fold_02_12_21,0,fold_02,12,21,0.003436309,0.0036620921,0.003252461,0.003299276
partition_00_fold_02_12_23,0,fold_02,12,23,0.0031198286,0.0047678575,0.0026976343,0.0031853295
partition_00_fold_02_12_24,0,fold_02,12,24,0.003488003,0.0031810834,0.003792258,0.0036352468
partition_00_fold_02_12_27,0,fold_02,12,27,0.0024709676,0.00272317,0.0021817235,0.0020558236
partition_00_fold_02_12_29,0,fold_02,12,29,0.002483741,0.0038618476,0.0027954811,0.0029485617
partition_00_fold_02_12_30,0,fold_02,12,30,0.0037458253,0.0036595282,0.0041002827,0.004031614
partition_00_fold_02_12_31,0,fold_02,12,31,0.0025840374,0.0032566094,0.0028393283,0.0028491314
partition_00_fold_02_12_35,0,fold_02,12,35,0.0027563886,0.0033866046,0.0034013244,0.0033950922
partition_00_fold_02_12_38,0,fold_02,12,38,0.0024232862,0.0027836943,0.002678202,0.0023872505
partition_00_fold_02_12_40,0,fold_02,12,40,0.0030031537,0.0037828987,0.0030486567,0.0032237386
partition_00_fold_02_12_45,0,fold_02,12,45,0.0040736725,0.0035889097,0.001808531,0.0027468265
partition_00_fold_02_12_57,0,fold_02,12,57,0.0031653116,0.0027616539,0.0039806906,0.0036954838
partition_00_fold_02_12_58,0,fold_02,12,58,0.0041499417,0.0035158307,0.00425708,0.0040723644
partition_00_fold_02_12_59,0,fold_02,12,59,0.0023898652,0.0034611255,0.002113016,0.0024693168
partition_00_fold_02_12_61,0,fold_02,12,61,0.0059300764,0.0033895015,0.006202424,0.0056639477
partition_00_fold_02_13_14,0,fold_02,13,14,0.0033782574,0.0016875891,0.0031689173,0.0021864832
partition_00_fold_02_13_21,0,fold_02,13,21,0.0022048613,0.0015751951,0.0027402067,0.0021225736
partition_00_fold_02_13_23,0,fold_02,13,23,0.0018743208,0.0022808772,0.0024825386,0.0022594256
partition_00_fold_02_13_24,0,fold_02,13,24,0.002359357,0.0027007982,0.0015558756,0.0019147295
partition_00_fold_02_13_27,0,fold_02,13,27,0.0011440129,0.0012895014,0.0011616604,0.0015576101
partition_00_fold_02_13_29,0,fold_02,13,29,0.0012023994,0.0024621105,0.00037587903,0.0019272553
partition_00_fold_02_13_30,0,fold_02,13,30,0.002549638,0.0015251972,0.00200375,0.0018172141
partition_00_fold_02_13_31,0,fold_02,13,31,0.0012503724,0.0033390224,0.0014275472,0.0019179424
partition_00_fold_02_13_35,0,fold_02,13,35,0.0015591927,0.00093117467,0.00056258193,0.0015404657
partition_00_fold_02_13_38,0,fold_02,13,38,0.0010878531,0.001170111,0.0006040447,0.0015404657
partition_00_fold_02_13_40,0,fold_02,13,40,0.0017021454,0.0027004262,0.002088726,0.0018450737
partition_00_fold_02_13_45,0,fold_02,13,45,0.0028732375,0.0037284754,0.0037541029,0.0033145146
partition_00_fold_02_13_57,0,fold_02,13,57,0.0019897968,0.0018974108,0.0011895311,0.001830591
partition_00_fold_02_13_58,0,fold_02,13,58,0.002851113,0.0027046483,0.0023220642,0.0023052888
partition_00_fold_02_13_59,0,fold_02,13,59,0.0010755988,0.007332659,0.001333041,0.0025815666
partition_00_fold_02_13_61,0,fold_02,13,61,0.0046678586,0.003134741,0.00434512,0.0040059574
partition_00_fold_02_14_21,0,fold_02,14,21,0.0042417147,0.004109245,0.005210018,0.0048708795
partition_00_fold_02_14_23,0,fold_02,14,23,0.004001162,0.0032838718,0.00460563,0.0043436475
partition_00_fold_02_14_24,0,fold_02,14,24,0.004395409,0.0019883984,0.0020833905,0.0020671596
partition_00_fold_02_14_27,0,fold_02,14,27,0.0032541694,0.006802236,0.0037899963,0.0053676404
partition_00_fold_02_14_29,0,fold_02,14,29,0.0032997557,0.00345749,0.0031008557,0.0026735407
partition_00_fold_02_14_30,0,fold_02,14,30,0.0044979886,0.0057962616,0.0013107408,0.0028731981
partition_00_fold_02_14_31,0,fold_02,14,31,0.0033845606,0.0041047693,0.0041687307,0.0038243143
partition_00_fold_02_14_35,0,fold_02,14,35,0.0036213633,0.0026932834,0.0027515006,0.0025528967
partition_00_fold_02_14_38,0,fold_02,14,38,0.003244649,0.0016888521,0.003499424,0.0025876032
partition_00_fold_02_14_40,0,fold_02,14,40,0.003740564,0.0017356182,0.0046381964,0.0038871793
partition_00_fold_02_14_45,0,fold_02,14,45,0.0050722123,0.005375309,0.005182478,0.004952508
partition_00_fold_02_14_57,0,fold_02,14,57,0.00406477,0.002372388,0.0038020995,0.0034870133
partition_00_fold_02_14_58,0,fold_02,14,58,0.005153591,0.0034276883,0.0012745447,0.0027241465
partition_00_fold_02_14_59,0,fold_02,14,59,0.0031738258,0.0034376886,0.0037110653,0.0035978223
partition_00_fold_02_14_61,0,fold_02,14,61,0.006968713,0.002894001,0.0018912145,0.0022429621
partition_00_fold_02_21_23,0,fold_02,21,23,0.0027566364,0.0045894156,0.00081326714,0.0022763035
partition_00_fold_02_21_24,0,fold_02,21,24,0.003197587,0.0025875736,0.00421683,0.0041207173
partition_00_fold_02_21_27,0,fold_02,21,27,0.0020598765,0.0011055435,0.0020146465,0.0016488148
partition_00_fold_02_21_29,0,fold_02,21,29,0.0020839164,0.002387131,0.0026413964,0.0022594256
partition_00_fold_02_21_30,0,fold_02,21,30,0.0032856085,0.0035766347,0.0042299614,0.0039899666
partition_00_fold_02_21_31,0,fold_02,21,31,0.002185149,0.0012761452,0.0013553755,0.0016653597
partition_00_fold_02_21_35,0,fold_02,21,35,0.0022817852,0.0029688098,0.002955539,0.0023936944
partition_00_fold_02_21_38,0,fold_02,21,38,0.0020014287,0.0013779801,0.0024326355,0.0019453217
partition_00_fold_02_21_40,0,fold_02,21,40,0.0026347665,0.0013462033,0.00065614964,0.0016372903
partition_00_fold_02_21_45,0,fold_02,21,45,0.0037789785,0.008361966,0.0028227335,0.005690592
partition_00_fold_02_21_57,0,fold_02,21,57,0.0028029587,0.0025015455,0.00347901,0.0031512752
partition_00_fold_02_21_58,0,fold_02,21,58,0.0037759787,0.0049394853,0.0048013628,0.004393515
partition_00_fold_02_21_59,0,fold_02,21,59,0.001962923,0.002224016,0.0018608272,0.002091443
partition_00_fold_02_21_61,0,fold_02,21,61,0.005896114,0.002799465,0.0067080115,0.006608217
partition_00_fold_02_23_24,0,fold_02,23,24,0.002834765,0.008384641,0.0038145375,0.005564842
partition_00_fold_02_23_27,0,fold_02,23,27,0.0017092695,0.021317972,0.0016733542,0.0059850514
partition_00_fold_02_23_29,0,fold_02,23,29,0.00174288,0.003311803,0.0022999,0.0022915846
partition_00_fold_02_23_30,0,fold_02,23,30,0.0031041035,0.0027035694,0.0037496286,0.003422805
partition_00_fold_02_23_31,0,fold_02,23,31,0.0018234658,0.0024882853,0.0012611098,0.0018146989
partition_00_fold_02_23_35,0,fold_02,23,35,0.0020618092,0.0027697193,0.0026413682,0.0026852966
partition_00_fold_02_23_38,0,fold_02,23,38,0.001645932,0.0034744206,0.0021715206,0.0025407618
partition_00_fold_02_23_40,0,fold_02,23,40,0.0022796502,0.002167536,0.00077483314,0.001848738
partition_00_fold_02_23_45,0,fold_02,23,45,0.003374078,0.016546587,0.002358901,0.0049536633
partition_00_fold_02_23_57,0,fold_02,23,57,0.0025374973,0.0029399137,0.0034353551,0.0033825943
partition_00_fold_02_23_58,0,fold_02,23,58,0.0034047794,0.0057518827,0.0043131025,0.0040993853
partition_00_fold_02_23_59,0,fold_02,23,59,0.0016229808,0.0068083336,0.0014023483,0.0031709294
partition_00_fold_02_23_61,0,fold_02,23,61,0.005090736,0.004710385,0.0062171235,0.0063564633
partition_00_fold_02_24_27,0,fold_02,24,27,0.0021598153,0.0042584604,0.0024684444,0.0023954439
partition_00_fold_02_24_29,0,fold_02,24,29,0.0022027593,0.00294154,0.0016240067,0.002033512
partition_00_fold_02_24_30,0,fold_02,24,30,0.0035252552,0.002698387,0.0011841889,0.0022164911
partition_00_fold_02_24_31,0,fold_02,24,31,0.002333998,0.0028433753,0.002931541,0.0026028124
partition_00_fold_02_24_35,0,fold_02,24,35,0.0025567447,0.0032026963,0.0013679232,0.0024034076
partition_00_fold_02_24_38,0,fold_02,24,38,0.0021165996,0.0015209548,0.001970818,0.0015645693
partition_00_fold_02_24_40,0,fold_02,24,40,0.0027675207,0.002469664,0.0035678355,0.003036306
partition_00_fold_02_24_45,0,fold_02,24,45,0.003801459,0.004670274,0.0046875575,0.004278236
partition_00_fold_02_24_57,0,fold_02,24,57,0.0028978153,0.0023396553,0.0018483383,0.0018160557
partition_00_fold_02_24_58,0,fold_02,24,58,0.003885093,0.0067598494,0.0009194167,0.002796711
partition_00_fold_02_24_59,0,fold_02,24,59,0.0021081623,0.007168889,0.0025866367,0.003346205
partition_00_fold_02_24_61,0,fold_02,24,61,0.005813919,0.00295874,0.0029738501,0.0028242506
partition_00_fold_02_27_29,0,fold_02,27,29,0.001050526,0.0009031392,0.000903294,0.0016533402
partition_00_fold_02_27_30,0,fold_02,27,30,0.0024514396,0.00097060105,0.0028107814,0.0020897312
partition_00_fold_02_27_31,0,fold_02,27,31,0.0011363862,0.0013836898,0.0008791575,0.0015792605
partition_00_fold_02_27_35,0,fold_02,27,35,0.0014158307,0.0014822828,0.0015270677,0.0015404657
partition_00_fold_02_27_38,0,fold_02,27,38,0.0008891254,0.0010597317,0.00065577694,0.0015404657
partition_00_fold_02_27_40,0,fold_02,27,40,0.0015676983,0.0012392416,0.0014619598,0.0015404657
partition_00_fold_02_27_45,0,fold_02,27,45,0.0026798495,0.0024020027,0.0027149275,0.002052822
partition_00_fold_02_27_57,0,fold_02,27,57,0.0018675097,0.0013346745,0.0020668518,0.0016430576
partition_00_fold_02_27_58,0,fold_02,27,58,0.0026746956,0.0050457357,0.0031634977,0.0027628478
partition_00_fold_02_27_59,0,fold_02,27,59,0.00091288175,0.0040715835,0.0003690388,0.0019658841
partition_00_fold_02_27_61,0,fold_02,27,61,0.0044030505,0.0021334323,0.0052275895,0.004866652
partition_00_fold_02_29_30,0,fold_02,29,30,0.00239255,0.0032088112,0.0020096544,0.001959351
partition_00_fold_02_29_31,0,fold_02,29,31,0.0011905598,0.001631198,0.0013342774,0.0017901927
partition_00_fold_02_29_35,0,fold_02,29,35,0.0014145109,0.0031146745,0.000686118,0.0019106794
partition_00_fold_02_29_38,0,fold_02,29,38,0.0009475225,0.0014196846,0.00042898895,0.0015404657
partition_00_fold_02_29_40,0,fold_02,29,40,0.0016285222,0.002264923,0.0020026898,0.002029385
partition_00_fold_02_29_45,0,fold_02,29,45,0.0027123827,0.0028452007,0.0034171687,0.0030842165
partition_00_fold_02_29_57,0,fold_02,29,57,0.0018769387,0.0027423585,0.0014860996,0.0018628618
partition_00_fold_02_29_58,0,fold_02,29,58,0.002747001,0.0030965384,0.002347487,0.0023477394
partition_00_fold_02_29_59,0,fold_02,29,59,0.0009417845,0.0035158885,0.00104689,0.0018905351
partition_00_fold_02_29_61,0,fold_02,29,61,0.0044288416,0.0029688727,0.0043968153,0.0041666403
partition_00_fold_02_30_31,0,fold_02,30,31,0.0024953317,0.0018395227,0.0030817946,0.0024273302
partition_00_fold_02_30_35,0,fold_02,30,35,0.0026186188,0.0035454794,0.0015249341,0.0020743515
partition_00_fold_02_30_38,0,fold_02,30,38,0.0023428325,0.0024936423,0.0024014532,0.0022677223
partition_00_fold_02_30_40,0,fold_02,30,40,0.0030346988,0.0029782795,0.0036167114,0.0031208284
partition_00_fold_02_30_45,0,fold_02,30,45,0.004105215,0.0044402825,0.004645446,0.0049424022
partition_00_fold_02_30_57,0,fold_02,30,57,0.003167416,0.002840173,0.0025847808,0.0025138843
partition_00_fold_02_30_58,0,fold_02,30,58,0.004012395,0.0041283066,0.00091422006,0.0026822183
partition_00_fold_02_30_59,0,fold_02,30,59,0.0023582475,0.0029710247,0.0027832675,0.002520262
partition_00_fold_02_30_61,0,fold_02,30,61,0.005863299,0.002874072,0.002485987,0.0026614708
partition_00_fold_02_31_35,0,fold_02,31,35,0.0015897414,0.0015787701,0.0016848949,0.0015912799
partition_00_fold_02_31_38,0,fold_02,31,38,0.0010683084,0.001611378,0.0011027193,0.0016467196
partition_00_fold_02_31_40,0,fold_02,31,40,0.0016682873,0.002553914,0.0007417689,0.0016824545
partition_00_fold_02_31_45,0,fold_02,31,45,0.0028964381,0.0058632926,0.0029032768,0.0028670465
partition_00_fold_02_31_57,0,fold_02,31,57,0.001980384,0.0016116698,0.0022115577,0.001871123
partition_00_fold_02_31_58,0,fold_02,31,58,0.0028263319,0.0026845362,0.003595398,0.0031221109
partition_00_fold_02_31_59,0,fold_02,31,59,0.0010840299,0.007197115,0.0008514035,0.0025644223
partition_00_fold_02_31_61,0,fold_02,31,61,0.0045497464,0.0032167793,0.0055503775,0.005408167
partition_00_fold_02_35_38,0,fold_02,35,38,0.0013474181,0.0014208121,0.0010152474,0.0015404657
partition_00_fold_02_35_40,0,fold_02,35,40,0.0019808186,0.0016589214,0.0023065712,0.0020487017
partition_00_fold_02_35_45,0,fold_02,35,45,0.003147495,0.0036199903,0.003888119,0.0038823301
partition_00_fold_02_35_57,0,fold_02,35,57,0.0021979217,0.0021464238,0.0014331648,0.0020084325
partition_00_fold_02_35_58,0,fold_02,35,58,0.0030524419,0.0035114714,0.0019990446,0.002725862
partition_00_fold_02_35_59,0,fold_02,35,59,0.0013346764,0.0028461982,0.0015937744,0.002085289
partition_00_fold_02_35_61,0,fold_02,35,61,0.0049672513,0.0023187555,0.003914966,0.0036282854
partition_00_fold_02_38_40,0,fold_02,38,40,0.0015051358,0.00090412534,0.001816423,0.0015404657
partition_00_fold_02_38_45,0,fold_02,38,45,0.002691364,0.0015812966,0.0032400037,0.0024434214
partition_00_fold_02_38_57,0,fold_02,38,57,0.0018169321,0.0017066884,0.0014605288,0.0015524853
partition_00_fold_02_38_58,0,fold_02,38,58,0.002682991,0.0027863383,0.0027388544,0.0023871274
partition_00_fold_02_38_59,0,fold_02,38,59,0.00083146855,0.0024602413,0.00090599526,0.0018022121
partition_00_fold_02_38_61,0,fold_02,38,61,0.0044434145,0.0018998798,0.0047721607,0.003814117
partition_00_fold_02_40_45,0,fold_02,40,45,0.003362354,0.0026762304,0.0028763898,0.0028675392
partition_00_fold_02_40_57,0,fold_02,40,57,0.0024126577,0.0019725903,0.00287217,0.0025731274
partition_00_fold_02_40_58,0,fold_02,40,58,0.0032738561,0.0029551198,0.004168061,0.0038411203
partition_00_fold_02_40_59,0,fold_02,40,59,0.0015127432,0.007801227,0.0013257678,0.0029460494
partition_00_fold_02_40_61,0,fold_02,40,61,0.0049865223,0.0021638768,0.0060952785,0.0052790972
partition_00_fold_02_45_57,0,fold_02,45,57,0.0035722149,0.0023138325,0.0046344562,0.004032097
partition_00_fold_02_45_58,0,fold_02,45,58,0.0044733444,0.0038549416,0.0051116636,0.0048580514
partition_00_fold_02_45_59,0,fold_02,45,59,0.002644731,0.0031131327,0.002508986,0.0023105966
partition_00_fold_02_45_61,0,fold_02,45,61,0.0061897654,0.00347594,0.0068701473,0.006097357
partition_00_fold_02_57_58,0,fold_02,57,58,0.0035387313,0.0033085328,0.0027163343,0.0030264163
partition_00_fold_02_57_59,0,fold_02,57,59,0.0018225631,0.014253262,0.0023451177,0.004645461
partition_00_fold_02_57_61,0,fold_02,57,61,0.005257833,0.0031655568,0.004523476,0.0042948835
partition_00_fold_02_58_59,0,fold_02,58,59,0.002645348,0.002682579,0.003201102,0.0028181546
partition_00_fold_02_58_61,0,fold_02,58,61,0.006615299,0.0034253749,0.002173564,0.0028528303
partition_00_fold_02_59_61,0,fold_02,59,61,0.0046216,0.0027090395,0.0052304505,0.00513351
partition_00_fold_01_0_1,0,fold_01,0,1,0.0018130203,0.0030860088,0.0006361925,0.0022625187
partition_00_fold_01_0_2,0,fold_01,0,2,0.002266715,0.0022346375,0.0002527017,0.001891889
partition_00_fold_01_0_7,0,fold_01,0,7,0.0013925312,0.0020142745,0.0014613791,0.001891889
partition_00_fold_01_0_10,0,fold_01,0,10,0.002281441,0.0030992758,0.00016906734,0.0023403938
partition_00_fold_01_0_16,0,fold_01,0,16,0.001791431,0.0027630604,0.0008947693,0.0021813537
partition_00_fold_01_0_18,0,fold_01,0,18,0.00551277,0.0028182005,0.006547003,0.003526244
partition_00_fold_01_0_22,0,fold_01,0,22,0.03307231,0.002148467,0.03693461,0.0034638818
partition_00_fold_01_0_25,0,fold_01,0,25,0.0016842096,0.0029119595,0.00071422016,0.0022223052
partition_00_fold_01_0_37,0,fold_01,0,37,0.003664973,0.0033729398,0.004403915,0.003850445
partition_00_fold_01_0_41,0,fold_01,0,41,0.0021983765,0.0022673758,0.0001393653,0.001891889
partition_00_fold_01_0_42,0,fold_01,0,42,0.001569954,0.0020960122,0.0009679848,0.001891889
partition_00_fold_01_0_43,0,fold_01,0,43,0.0015291914,0.0020184026,0.0014031867,0.001891889
partition_00_fold_01_0_47,0,fold_01,0,47,0.0016260695,0.0020184026,0.0009793491,0.001891889
partition_00_fold_01_0_49,0,fold_01,0,49,0.0022700515,0.0028376211,0.00024682298,0.0021742214
partition_00_fold_01_0_51,0,fold_01,0,51,0.0018719191,0.0032471046,0.0005621956,0.0023293209
partition_00_fold_01_0_54,0,fold_01,0,54,0.0016411511,0.0021385993,0.0009545339,0.001891889
partition_00_fold_01_0_55,0,fold_01,0,55,0.0025123353,0.0028028581,0.00048037103,0.0024312465
partition_00_fold_01_0_56,0,fold_01,0,56,0.002641307,0.0031940176,0.0015589119,0.0022935593
partition_00_fold_01_0_62,0,fold_01,0,62,0.0018292617,0.0031885381,0.0005584402,0.0022935593
partition_00_fold_01_0_63,0,fold_01,0,63,0.0025442238,0.0028028581,0.0032281643,0.0030210994
partition_00_fold_01_1_2,0,fold_01,1,2,0.0019716308,0.0023976178,0.0008694216,0.0019530453
partition_00_fold_01_1_7,0,fold_01,1,7,0.0010197228,0.0020378632,0.00096266455,0.001891889
partition_00_fold_01_1_10,0,fold_01,1,10,0.0018571169,0.0020500997,0.0007590318,0.001891889
partition_00_fold_01_1_16,0,fold_01,1,16,0.0014047525,0.0020517595,0.0002800111,0.001891889
partition_00_fold_01_1_18,0,fold_01,1,18,0.0050268034,0.0028064605,0.0060601495,0.003526244
partition_00_fold_01_1_22,0,fold_01,1,22,0.02797434,0.0020716016,0.036883824,0.003414349
partition_00_fold_01_1_25,0,fold_01,1,25,0.0013713677,0.0022049341,0.00020702364,0.0019197649
partition_00_fold_01_1_37,0,fold_01,1,37,0.0032720321,0.0032911757,0.0038795325,0.0038374092
partition_00_fold_01_1_41,0,fold_01,1,41,0.0018599817,0.002018303,0.00065860373,0.001891889
partition_00_fold_01_1_42,0,fold_01,1,42,0.0012384318,0.0020142745,0.00038320717,0.001891889
partition_00_fold_01_1_43,0,fold_01,1,43,0.0011808461,0.0020142745,0.0010312328,0.001891889
partition_00_fold_01_1_47,0,fold_01,1,47,0.0012992688,0.0020142745,0.00038013727,0.001891889
partition_00_fold_01_1_49,0,fold_01,1,49,0.0019603248,0.002177502,0.00073577615,0.001891889
partition_00_fold_01_1_51,0,fold_01,1,51,0.0015062989,0.002681473,9.032287e-05,0.0021273966
partition_00_fold_01_1_54,0,fold_01,1,54,0.001299691,0.0020142745,0.000348806,0.001891889
partition_00_fold_01_1_55,0,fold_01,1,55,0.0021523223,0.0029117204,0.0010909818,0.0023775934
partition_00_fold_01_1_56,0,fold_01,1,56,0.0023218594,0.0033674603,0.001911596,0.0025502802
partition_00_fold_01_1_62,0,fold_01,1,62,0.0014705197,0.0028068703,0.00011763984,0.0021813537
partition_00_fold_01_1_63,0,fold_01,1,63,0.002209868,0.002894794,0.0027066467,0.0027765548
partition_00_fold_01_2_7,0,fold_01,2,7,0.0015327398,0.0020576057,0.001672091,0.001891889
partition_00_fold_01_2_10,0,fold_01,2,10,0.0024068279,0.0031576161,0.00014383686,0.0022935593
partition_00_fold_01_2_16,0,fold_01,2,16,0.0019164081,0.0021778024,0.0011230836,0.001891889
partition_00_fold_01_2_18,0,fold_01,2,18,0.0057460535,0.00279942,0.006759744,0.003526244
partition_00_fold_01_2_22,0,fold_01,2,22,0.038514633,0.0020716016,0.036882572,0.003414349
partition_00_fold_01_2_25,0,fold_01,2,25,0.0018667947,0.0022489906,0.00095718366,0.001891889
partition_00_fold_01_2_37,0,fold_01,2,37,0.0038538624,0.0033014894,0.0046291198,0.003850445
partition_00_fold_01_2_41,0,fold_01,2,41,0.0023855695,0.0020322988,0.000282158,0.001891889
partition_00_fold_01_2_42,0,fold_01,2,42,0.0017415942,0.0020142745,0.0011952787,0.001891889
partition_00_fold_01_2_43,0,fold_01,2,43,0.0016581924,0.0020184026,0.0016022186,0.001891889
partition_00_fold_01_2_47,0,fold_01,2,47,0.0017635688,0.0020282704,0.0012101867,0.001891889
partition_00_fold_01_2_49,0,fold_01,2,49,0.0024546308,0.002276209,0.0002876049,0.001891889
partition_00_fold_01_2_51,0,fold_01,2,51,0.0020493444,0.003074366,0.00080099085,0.0022295588
partition_00_fold_01_2_54,0,fold_01,2,54,0.0017973474,0.0020337352,0.0011809635,0.001891889
partition_00_fold_01_2_55,0,fold_01,2,55,0.0026867918,0.0031641917,0.00029623747,0.0024554587
partition_00_fold_01_2_56,0,fold_01,2,56,0.0027523106,0.0032077716,0.0014353574,0.0022935593
partition_00_fold_01_2_62,0,fold_01,2,62,0.0019525406,0.0028068703,0.0007913876,0.0021813537
partition_00_fold_01_2_63,0,fold_01,2,63,0.0027222724,0.0033729398,0.0034684378,0.003584286
partition_00_fold_01_7_10,0,fold_01,7,10,0.0015188848,0.0020202454,0.0015979934,0.001891889
partition_00_fold_01_7_16,0,fold_01,7,16,0.0009273886,0.0020607878,0.00079953263,0.001891889
partition_00_fold_01_7_18,0,fold_01,7,18,0.0048054527,0.0027432803,0.005456722,0.0034990732
partition_00_fold_01_7_22,0,fold_01,7,22,0.032725923,0.0020716016,0.036386233,0.003414349
partition_00_fold_01_7_25,0,fold_01,7,25,0.0009273814,0.0020142745,0.00082994293,0.001891889
partition_00_fold_01_7_37,0,fold_01,7,37,0.0028259554,0.0023158723,0.0033435,0.0029895587
partition_00_fold_01_7_41,0,fold_01,7,41,0.0014248093,0.0020142745,0.0015296042,0.001891889
partition_00_fold_01_7_42,0,fold_01,7,42,0.00076126703,0.0020142745,0.0005925213,0.001891889
partition_00_fold_01_7_43,0,fold_01,7,43,0.00069855945,0.0020142745,0.0003847067,0.001891889
partition_00_fold_01_7_47,0,fold_01,7,47,0.0008169124,0.0020142745,0.00062414084,0.001891889
partition_00_fold_01_7_49,0,fold_01,7,49,0.0015233628,0.0020576057,0.0016397064,0.001891889
partition_00_fold_01_7_51,0,fold_01,7,51,0.0010514649,0.0020337352,0.001032331,0.001891889
partition_00_fold_01_7_54,0,fold_01,7,54,0.0008091793,0.0020142745,0.00065356266,0.001891889
partition_00_fold_01_7_55,0,fold_01,7,55,0.0017498628,0.002633418,0.0019332399,0.0022100199
partition_00_fold_01_7_56,0,fold_01,7,56,0.0018974901,0.0025033117,0.0021626586,0.002206762
partition_00_fold_01_7_62,0,fold_01,7,62,0.001013022,0.0020576057,0.0009747159,0.001891889
partition_00_fold_01_7_63,0,fold_01,7,63,0.001807638,0.0026670087,0.0019734148,0.002226177
partition_00_fold_01_10_16,0,fold_01,10,16,0.0018523897,0.0027870757,0.0010221733,0.0021868637
partition_00_fold_01_10_18,0,fold_01,10,18,0.0054919636,0.0027825148,0.0066440995,0.003526244
partition_00_fold_01_10_22,0,fold_01,10,22,0.03076046,0.002422642,0.03691653,0.0035401962
partition_00_fold_01_10_25,0,fold_01,10,25,0.0018116035,0.0027857332,0.0008608041,0.002205262
partition_00_fold_01_10_37,0,fold_01,10,37,0.0037362068,0.0033729398,0.0045063244,0.003850445
partition_00_fold_01_10_41,0,fold_01,10,41,0.0023626292,0.0025597396,0.00015076411,0.0020131173
partition_00_fold_01_10_42,0,fold_01,10,42,0.0017011105,0.0021448568,0.0010981256,0.001891889
partition_00_fold_01_10_43,0,fold_01,10,43,0.0016657888,0.002022431,0.0015405258,0.001891889
partition_00_fold_01_10_47,0,fold_01,10,47,0.0017442905,0.0020989247,0.0011138608,0.001891889
partition_00_fold_01_10_49,0,fold_01,10,49,0.002386415,0.002953329,0.00018065545,0.0022454755
partition_00_fold_01_10_51,0,fold_01,10,51,0.00198463,0.0028065625,0.0006886151,0.0023154889
partition_00_fold_01_10_54,0,fold_01,10,54,0.001755379,0.002203937,0.001082407,0.001891889
partition_00_fold_01_10_55,0,fold_01,10,55,0.0025968025,0.003158226,0.0003489792,0.0025696426
partition_00_fold_01_10_56,0,fold_01,10,56,0.0027926124,0.0033869355,0.001549553,0.002588455
partition_00_fold_01_10_62,0,fold_01,10,62,0.0019087645,0.0031885381,0.0006835341,0.0022935593
partition_00_fold_01_10_63,0,fold_01,10,63,0.002662944,0.0028028581,0.0033747982,0.0031623763
partition_00_fold_01_16_18,0,fold_01,16,18,0.0051431707,0.0027432803,0.005943152,0.0034990732
partition_00_fold_01_16_22,0,fold_01,16,22,0.035658408,0.0020576057,0.036855165,0.003414349
partition_00_fold_01_16_25,0,fold_01,16,25,0.0012667053,0.0021208937,0.00028128084,0.001891889
partition_00_fold_01_16_37,0,fold_01,16,37,0.0030834898,0.002198993,0.0037485203,0.0034231707
partition_00_fold_01_16_41,0,fold_01,16,41,0.0017626464,0.0021102612,0.0009278093,0.001891889
partition_00_fold_01_16_42,0,fold_01,16,42,0.001129516,0.0020142745,0.00024452762,0.001891889
partition_00_fold_01_16_43,0,fold_01,16,43,0.0010696778,0.0020142745,0.00096053304,0.001891889
partition_00_fold_01_16_47,0,fold_01,16,47,0.0011881427,0.0020142745,0.00018056014,0.001891889
partition_00_fold_01_16_49,0,fold_01,16,49,0.001922758,0.0021778024,0.0009949328,0.001891889
partition_00_fold_01_16_51,0,fold_01,16,51,0.0014123316,0.0025893643,0.00035696084,0.0020131173
partition_00_fold_01_16_54,0,fold_01,16,54,0.0011044904,0.002049113,0.00016514027,0.001891889
partition_00_fold_01_16_55,0,fold_01,16,55,0.0021336733,0.0032196194,0.0013549603,0.0023655845
partition_00_fold_01_16_56,0,fold_01,16,56,0.002250717,0.003258705,0.0020340797,0.0025016381
partition_00_fold_01_16_62,0,fold_01,16,62,0.0013317171,0.0021988389,0.00037558173,0.001891889
partition_00_fold_01_16_63,0,fold_01,16,63,0.002162313,0.0032164373,0.0025288125,0.0027710372
partition_00_fold_01_18_22,0,fold_01,18,22,0.03892207,0.0027432803,0.036746025,0.0034990732
partition_00_fold_01_18_25,0,fold_01,18,25,0.004994176,0.0027843516,0.005980191,0.0034957717
partition_00_fold_01_18_37,0,fold_01,18,37,0.0070963777,0.002995975,0.002255672,0.002644996
partition_00_fold_01_18_41,0,fold_01,18,41,0.005735575,0.0027432803,0.0065365904,0.0034990732
partition_00_fold_01_18_42,0,fold_01,18,42,0.005045163,0.002698918,0.0057818163,0.0034990732
partition_00_fold_01_18_43,0,fold_01,18,43,0.005064411,0.002717478,0.005466736,0.0034990732
partition_00_fold_01_18_47,0,fold_01,18,47,0.0049791723,0.002698918,0.0058156904,0.0034990732
partition_00_fold_01_18_49,0,fold_01,18,49,0.0058186795,0.0027929465,0.006643972,0.0034957717
partition_00_fold_01_18_51,0,fold_01,18,51,0.005305051,0.0028490487,0.006111642,0.0035040535
partition_00_fold_01_18_54,0,fold_01,18,54,0.0051567964,0.0027432803,0.005832802,0.0034990732
partition_00_fold_01_18_55,0,fold_01,18,55,0.005803941,0.0030257762,0.006901614,0.0036795249
partition_00_fold_01_18_56,0,fold_01,18,56,0.005908288,0.0030150374,0.0074270456,0.0036172972
partition_00_fold_01_18_62,0,fold_01,18,62,0.0053013414,0.0028625627,0.006081752,0.003526244
partition_00_fold_01_18_63,0,fold_01,18,63,0.005838838,0.002792217,0.003885842,0.00363537
partition_00_fold_01_22_25,0,fold_01,22,25,0.034893863,0.0020282704,0.03688695,0.003414349
partition_00_fold_01_22_37,0,fold_01,22,37,0.03787985,0.0027995745,0.036969565,0.0037672494
partition_00_fold_01_22_41,0,fold_01,22,41,0.030079732,0.002047731,0.037003547,0.003414349
partition_00_fold_01_22_42,0,fold_01,22,42,0.03511461,0.0020142745,0.036700107,0.003414349
partition_00_fold_01_22_43,0,fold_01,22,43,0.034172174,0.0020282704,0.036377948,0.003414349
partition_00_fold_01_22_47,0,fold_01,22,47,0.03583589,0.0020142745,0.036765154,0.003414349
partition_00_fold_01_22_49,0,fold_01,22,49,0.037014063,0.0020576057,0.03705829,0.0034060671
partition_00_fold_01_22_51,0,fold_01,22,51,0.03300894,0.0021778024,0.03693623,0.0034638818
partition_00_fold_01_22_54,0,fold_01,22,54,0.030092217,0.0020337352,0.03673484,0.003414349
partition_00_fold_01_22_55,0,fold_01,22,55,0.027408766,0.003112298,0.037061993,0.0038464947
partition_00_fold_01_22_56,0,fold_01,22,56,0.036934853,0.0029068326,0.035867658,0.0037900072
partition_00_fold_01_22_62,0,fold_01,22,62,0.0351615,0.00207563,0.036834612,0.0034638818
partition_00_fold_01_22_63,0,fold_01,22,63,0.037504524,0.003112298,0.036902312,0.0038464947
partition_00_fold_01_25_37,0,fold_01,25,37,0.0032158927,0.0031885381,0.0038081375,0.0038097333
partition_00_fold_01_25_41,0,fold_01,25,41,0.0017434203,0.0020282704,0.0007603069,0.001891889
partition_00_fold_01_25_42,0,fold_01,25,42,0.0011015472,0.0020184026,0.00030798584,0.001891889
partition_00_fold_01_25_43,0,fold_01,25,43,0.0010387722,0.0020197078,0.0008717018,0.001891889
partition_00_fold_01_25_47,0,fold_01,25,47,0.0011239955,0.0020142745,0.00029838097,0.001891889
partition_00_fold_01_25_49,0,fold_01,25,49,0.0017977371,0.0020846433,0.00085723266,0.0019197649
partition_00_fold_01_25_51,0,fold_01,25,51,0.0013894831,0.0027843723,0.00023455439,0.0021868637
partition_00_fold_01_25_54,0,fold_01,25,54,0.0011579096,0.0020142745,0.00030358398,0.001891889
partition_00_fold_01_25_55,0,fold_01,25,55,0.0020514962,0.0031000506,0.0011857859,0.0022625187
partition_00_fold_01_25_56,0,fold_01,25,56,0.0022135768,0.0033530402,0.0019103986,0.002404911
partition_00_fold_01_25_62,0,fold_01,25,62,0.0013621394,0.0027495434,0.00022541474,0.0021813537
partition_00_fold_01_25_63,0,fold_01,25,63,0.0021078947,0.0030938413,0.0025596928,0.0027412388
partition_00_fold_01_37_41,0,fold_01,37,41,0.003693612,0.0030150302,0.004389907,0.0038194044
partition_00_fold_01_37_42,0,fold_01,37,42,0.0031256713,0.0025497405,0.0036105856,0.0033353267
partition_00_fold_01_37_43,0,fold_01,37,43,0.0030243369,0.0021823875,0.0034030394,0.0029691712
partition_00_fold_01_37_47,0,fold_01,37,47,0.0031169637,0.0025142299,0.003634721,0.003327045
partition_00_fold_01_37_49,0,fold_01,37,49,0.0037902868,0.0032911757,0.004487685,0.003850445
partition_00_fold_01_37_51,0,fold_01,37,51,0.0033573858,0.0033805529,0.003932587,0.003845691
partition_00_fold_01_37_54,0,fold_01,37,54,0.0030217215,0.0021358477,0.0036525375,0.0032001955
partition_00_fold_01_37_55,0,fold_01,37,55,0.0040272735,0.0033869355,0.0047772503,0.003850445
partition_00_fold_01_37_56,0,fold_01,37,56,0.0041814446,0.0034004524,0.0054134335,0.003850445
partition_00_fold_01_37_62,0,fold_01,37,62,0.0031975796,0.0032302593,0.00391488,0.003845691
partition_00_fold_01_37_63,0,fold_01,37,63,0.0040336098,0.0033869355,0.0019444581,0.0027763783
partition_00_fold_01_41_42,0,fold_01,41,42,0.0016049652,0.0020282704,0.0010112977,0.001891889
partition_00_fold_01_41_43,0,fold_01,41,43,0.001530568,0.0020282704,0.0014788145,0.001891889
partition_00_fold_01_41_47,0,fold_01,41,47,0.0016348965,0.0020282704,0.0010230644,0.001891889
partition_00_fold_01_41_49,0,fold_01,41,49,0.0023727517,0.0020282704,0.0001476775,0.001891889
partition_00_fold_01_41_51,0,fold_01,41,51,0.001890103,0.002412718,0.00058089953,0.0019586324
partition_00_fold_01_41_54,0,fold_01,41,54,0.0016519165,0.0020142745,0.000994629,0.001891889
partition_00_fold_01_41_55,0,fold_01,41,55,0.002593312,0.0031576934,0.0004352151,0.002336742
partition_00_fold_01_41_56,0,fold_01,41,56,0.0027519611,0.003045303,0.0016697714,0.0022585688
partition_00_fold_01_41_62,0,fold_01,41,62,0.0018509133,0.0021609724,0.00058929494,0.001891889
partition_00_fold_01_41_63,0,fold_01,41,63,0.0026289197,0.0030966247,0.0032645334,0.0033317304
partition_00_fold_01_42_43,0,fold_01,42,43,0.00085291936,0.0020142745,0.0007360038,0.001891889
partition_00_fold_01_42_47,0,fold_01,42,47,0.0009472614,0.0020184026,9.856985e-05,0.001891889
partition_00_fold_01_42_49,0,fold_01,42,49,0.0017300964,0.0020142745,0.0011034835,0.001891889
partition_00_fold_01_42_51,0,fold_01,42,51,0.0012499338,0.0021415118,0.0004623394,0.001891889
partition_00_fold_01_42_54,0,fold_01,42,54,0.0010025869,0.0020142745,8.765953e-05,0.001891889
partition_00_fold_01_42_55,0,fold_01,42,55,0.0019451972,0.0029977588,0.001438609,0.0022585688
partition_00_fold_01_42_56,0,fold_01,42,56,0.0020858974,0.0022693123,0.0020176442,0.0020528361
partition_00_fold_01_42_62,0,fold_01,42,62,0.0012195625,0.002018303,0.000423337,0.001891889
partition_00_fold_01_42_63,0,fold_01,42,63,0.0020121858,0.003033005,0.0023837907,0.0026402895
partition_00_fold_01_43_47,0,fold_01,43,47,0.0008748473,0.0020184026,0.000787723,0.001891889
partition_00_fold_01_43_49,0,fold_01,43,49,0.0016608712,0.0020142745,0.0016092338,0.001891889
partition_00_fold_01_43_51,0,fold_01,43,51,0.0012080686,0.002018303,0.0010776694,0.001891889
partition_00_fold_01_43_54,0,fold_01,43,54,0.0009393052,0.0020142745,0.0008171215,0.001891889
partition_00_fold_01_43_55,0,fold_01,43,55,0.0018791622,0.002645177,0.0018487112,0.0020759918
partition_00_fold_01_43_56,0,fold_01,43,56,0.002009415,0.0027242836,0.002053382,0.002236733
partition_00_fold_01_43_62,0,fold_01,43,62,0.0011471302,0.0020142745,0.001003846,0.001891889
partition_00_fold_01_43_63,0,fold_01,43,63,0.0019226777,0.0026285273,0.002016697,0.0022284298
partition_00_fold_01_47_49,0,fold_01,47,49,0.0017882234,0.0020142745,0.0011082587,0.001891889
partition_00_fold_01_47_51,0,fold_01,47,51,0.0013060473,0.0021344712,0.00045770247,0.001891889
partition_00_fold_01_47_54,0,fold_01,47,54,0.001043512,0.0020142745,7.0831156e-05,0.001891889
partition_00_fold_01_47_55,0,fold_01,47,55,0.0020005899,0.002903516,0.0014514307,0.002201312
partition_00_fold_01_47_56,0,fold_01,47,56,0.0021144757,0.0025765607,0.0020420642,0.0021913326
partition_00_fold_01_47_62,0,fold_01,47,62,0.0012750012,0.0020142745,0.00044063537,0.001891889
partition_00_fold_01_47_63,0,fold_01,47,63,0.0020529681,0.0029981793,0.0023851483,0.002600076
partition_00_fold_01_49_51,0,fold_01,49,51,0.0019836875,0.002763539,0.0006598296,0.0021813537
partition_00_fold_01_49_54,0,fold_01,49,54,0.0017615258,0.0020142745,0.0010773261,0.001891889
partition_00_fold_01_49_55,0,fold_01,49,55,0.0025488234,0.0029280814,0.00038383735,0.0022041118
partition_00_fold_01_49_56,0,fold_01,49,56,0.0028214783,0.0033674603,0.001699839,0.0023695345
partition_00_fold_01_49_62,0,fold_01,49,62,0.001932838,0.0026100527,0.0006828202,0.0020131173
partition_00_fold_01_49_63,0,fold_01,49,63,0.0026426564,0.0029239436,0.0033781128,0.003307528
partition_00_fold_01_51_54,0,fold_01,51,54,0.001309259,0.0021385993,0.00043263787,0.001891889
partition_00_fold_01_51_55,0,fold_01,51,55,0.0022158416,0.0033869355,0.0010140392,0.002588455
partition_00_fold_01_51_56,0,fold_01,51,56,0.002394284,0.0033869355,0.001892787,0.0026238316
partition_00_fold_01_51_62,0,fold_01,51,62,0.0015071924,0.003143526,0.00011372513,0.0022625187
partition_00_fold_01_51_63,0,fold_01,51,63,0.0022720427,0.0031684055,0.0027590422,0.0029017192
partition_00_fold_01_54_55,0,fold_01,54,55,0.0019868517,0.0031097,0.0014230357,0.0022896093
partition_00_fold_01_54_56,0,fold_01,54,56,0.0021222483,0.0028736237,0.0020243984,0.002361108
partition_00_fold_01_54_62,0,fold_01,54,62,0.0012302465,0.0020716016,0.00040931822,0.001891889
partition_00_fold_01_54_63,0,fold_01,54,63,0.0020559102,0.003093964,0.0024314278,0.00270429
partition_00_fold_01_55_56,0,fold_01,55,56,0.0030304883,0.0033729398,0.0015952741,0.002615432
partition_00_fold_01_55_62,0,fold_01,55,62,0.0021496452,0.0033464888,0.0010198924,0.002518309
partition_00_fold_01_55_63,0,fold_01,55,63,0.002699812,0.0028062016,0.0036687516,0.003513023
partition_00_fold_01_56_62,0,fold_01,56,62,0.002311531,0.0033869355,0.0018329675,0.0025032025
partition_00_fold_01_56_63,0,fold_01,56,63,0.0030391945,0.0033678731,0.004023837,0.003850445
partition_00_fold_01_62_63,0,fold_01,62,63,0.0022442988,0.0033678731,0.0027418775,0.0029841163
partition_00_fold_00_3_6,0,fold_00,3,6,0.0019383807,0.0019162431,0.0024868636,0.0021201917
partition_00_fold_00_3_8,0,fold_00,3,8,0.0005822562,0.0013210551,0.00027155117,0.0016191937
partition_00_fold_00_3_11,0,fold_00,3,11,0.0018759391,0.0021046859,0.0024643827,0.0020308588
partition_00_fold_00_3_15,0,fold_00,3,15,0.0027534855,0.0036287634,0.003091435,0.0032704016
partition_00_fold_00_3_17,0,fold_00,3,17,0.0016256178,0.0020498538,0.0016306452,0.00156612
partition_00_fold_00_3_19,0,fold_00,3,19,0.0010780068,0.00187332,0.0015416333,0.0016980291
partition_00_fold_00_3_20,0,fold_00,3,20,0.0014347772,0.0015981201,0.0020170347,0.0016192535
partition_00_fold_00_3_26,0,fold_00,3,26,0.0043193623,0.0024332562,0.0052145165,0.004564404
partition_00_fold_00_3_28,0,fold_00,3,28,0.0017654808,0.0019247866,0.0016086404,0.0015741324
partition_00_fold_00_3_32,0,fold_00,3,32,0.0012726433,0.0023074981,0.0012701119,0.0016871264
partition_00_fold_00_3_33,0,fold_00,3,33,0.0018171358,0.0028417646,0.0020572199,0.0018833454
partition_00_fold_00_3_34,0,fold_00,3,34,0.0015380734,0.0016420909,0.0019671302,0.0015931382
partition_00_fold_00_3_36,0,fold_00,3,36,0.0011441868,0.0016343794,0.001111378,0.0015558772
partition_00_fold_00_3_39,0,fold_00,3,39,0.000699759,0.0013078382,0.001131486,0.0016191937
partition_00_fold_00_3_44,0,fold_00,3,44,0.0025092687,0.0022887364,0.0028557973,0.0026024694
partition_00_fold_00_3_46,0,fold_00,3,46,0.00079701777,0.0013109162,0.0005373844,0.0016191937
partition_00_fold_00_3_48,0,fold_00,3,48,0.0027576871,0.001785931,0.0031897835,0.0030206114
partition_00_fold_00_3_50,0,fold_00,3,50,0.0012235807,0.0015581314,0.0015217814,0.0015478648
partition_00_fold_00_3_52,0,fold_00,3,52,0.0027402893,0.0021572704,0.003394321,0.0028206797
partition_00_fold_00_3_53,0,fold_00,3,53,0.0015617856,0.0016945223,0.0014656327,0.001769107
partition_00_fold_00_3_60,0,fold_00,3,60,0.00068193616,0.002602706,0.0005765324,0.0019926461
partition_00_fold_00_6_8,0,fold_00,6,8,0.0018834197,0.0021076896,0.0023215648,0.0019774714
partition_00_fold_00_6_11,0,fold_00,6,11,0.003061313,0.008703013,0.00024488085,0.0047799707
partition_00_fold_00_6_15,0,fold_00,6,15,0.003799327,0.0031530706,0.002117253,0.0033731821
partition_00_fold_00_6_17,0,fold_00,6,17,0.0027670085,0.0027882846,0.0032337557,0.0031922795
partition_00_fold_00_6_19,0,fold_00,6,19,0.0023811779,0.003994181,0.0014401606,0.001623211
partition_00_fold_00_6_20,0,fold_00,6,20,0.0026322352,0.003635889,0.0010273694,0.0025731155
partition_00_fold_00_6_26,0,fold_00,6,26,0.0052957423,0.0033754632,0.002820967,0.0029414098
partition_00_fold_00_6_28,0,fold_00,6,28,0.0028690125,0.0028675767,0.004049417,0.0040538628
partition_00_fold_00_6_32,0,fold_00,6,32,0.002453029,0.0014628781,0.0030178563,0.002571426
partition_00_fold_00_6_33,0,fold_00,6,33,0.003018833,0.004520606,0.0015152041,0.0023737757
partition_00_fold_00_6_34,0,fold_00,6,34,0.0026645693,0.0029035816,0.0009759871,0.0019720977
partition_00_fold_00_6_36,0,fold_00,6,36,0.0023287837,0.003173508,0.0026066303,0.002631354
partition_00_fold_00_6_39,0,fold_00,6,39,0.0020630108,0.0025528541,0.0017165272,0.0016288058
partition_00_fold_00_6_44,0,fold_00,6,44,0.003721825,0.0032791751,0.0021561182,0.0020999298
partition_00_fold_00_6_46,0,fold_00,6,46,0.002076508,0.0018721183,0.0022440492,0.0019680508
partition_00_fold_00_6_48,0,fold_00,6,48,0.0038912976,0.0035896346,0.0019429404,0.0021237233
partition_00_fold_00_6_50,0,fold_00,6,50,0.0023783986,0.0029434087,0.0015122643,0.0020324665
partition_00_fold_00_6_52,0,fold_00,6,52,0.0037617448,0.0034735368,0.000963157,0.0022281741
partition_00_fold_00_6_53,0,fold_00,6,53,0.0026843213,0.0021645557,0.003200935,0.0031178978
partition_00_fold_00_6_60,0,fold_00,6,60,0.0018853494,0.020362688,0.0020939864,0.0053865258
partition_00_fold_00_8_11,0,fold_00,8,11,0.0018118065,0.0013034001,0.0022803291,0.0017199994
partition_00_fold_00_8_15,0,fold_00,8,15,0.0026649258,0.003654067,0.003069381,0.0031886934
partition_00_fold_00_8_17,0,fold_00,8,17,0.0015611867,0.0027734875,0.0016553513,0.0016333994
partition_00_fold_00_8_19,0,fold_00,8,19,0.0010107674,0.0020908837,0.0013203738,0.0016157975
partition_00_fold_00_8_20,0,fold_00,8,20,0.0013811989,0.0028377618,0.0017988348,0.0015805372
partition_00_fold_00_8_26,0,fold_00,8,26,0.0042232373,0.0024589733,0.005067445,0.004497304
partition_00_fold_00_8_28,0,fold_00,8,28,0.0016707698,0.0025541612,0.0017955545,0.0016286374
partition_00_fold_00_8_32,0,fold_00,8,32,0.0012172158,0.0016887487,0.001205539,0.0015478648
partition_00_fold_00_8_33,0,fold_00,8,33,0.0017550169,0.0029513435,0.0020206121,0.002085098
partition_00_fold_00_8_34,0,fold_00,8,34,0.0014473083,0.002189794,0.0017380986,0.0015741324
partition_00_fold_00_8_36,0,fold_00,8,36,0.0010945561,0.0026079156,0.0010630435,0.0016864954
partition_00_fold_00_8_39,0,fold_00,8,39,0.0006731064,0.0022990021,0.00091251417,0.0016871264
partition_00_fold_00_8_44,0,fold_00,8,44,0.00245163,0.002747017,0.0028614874,0.002649257
partition_00_fold_00_8_46,0,fold_00,8,46,0.00074070174,0.0023567618,0.0002882301,0.0016871264
partition_00_fold_00_8_48,0,fold_00,8,48,0.002692002,0.0018262495,0.003162435,0.002974539
partition_00_fold_00_8_50,0,fold_00,8,50,0.001148295,0.0015503834,0.0012660403,0.0015558772
partition_00_fold_00_8_52,0,fold_00,8,52,0.002611312,0.002291156,0.0032414263,0.0026856153
partition_00_fold_00_8_53,0,fold_00,8,53,0.0014591031,0.0028526,0.0015153295,0.0018370396
partition_00_fold_00_8_60,0,fold_00,8,60,0.00063006044,0.0014792698,0.00031413886,0.0018701436
partition_00_fold_00_11_15,0,fold_00,11,15,0.003867764,0.0038271411,0.002290628,0.0032576385
partition_00_fold_00_11_17,0,fold_00,11,17,0.0027636539,0.0028281023,0.0031558415,0.00310092
partition_00_fold_00_11_19,0,fold_00,11,19,0.0023115303,0.0027729967,0.0013163006,0.0018367099
partition_00_fold_00_11_20,0,fold_00,11,20,0.0025991458,0.0028389175,0.00086687633,0.0021293287
partition_00_fold_00_11_26,0,fold_00,11,26,0.005506672,0.0031253356,0.0029327543,0.0030336822
partition_00_fold_00_11_28,0,fold_00,11,28,0.0029229769,0.002954679,0.00401356,0.0037454262
partition_00_fold_00_11_32,0,fold_00,11,32,0.0024359217,0.0025176767,0.0029468818,0.0025791812
partition_00_fold_00_11_33,0,fold_00,11,33,0.003007336,0.0037375458,0.0016402607,0.0026599034
partition_00_fold_00_11_34,0,fold_00,11,34,0.002648307,0.002917203,0.00079715264,0.0019720977
partition_00_fold_00_11_36,0,fold_00,11,36,0.0023290995,0.0022974364,0.0025262074,0.0019637267
partition_00_fold_00_11_39,0,fold_00,11,39,0.0019886112,0.0022413868,0.0016319389,0.0016980291
partition_00_fold_00_11_44,0,fold_00,11,44,0.0037350112,0.0030217892,0.0023295784,0.0024092789
partition_00_fold_00_11_46,0,fold_00,11,46,0.0020440298,0.0014299534,0.002180099,0.0016562603
partition_00_fold_00_11_48,0,fold_00,11,48,0.0039264034,0.0030075947,0.002144737,0.002314319
partition_00_fold_00_11_50,0,fold_00,11,50,0.0024025338,0.0019517062,0.001378371,0.0016771073
partition_00_fold_00_11_52,0,fold_00,11,52,0.0038512442,0.004682414,0.0010975265,0.002414471
partition_00_fold_00_11_53,0,fold_00,11,53,0.0026924673,0.003028721,0.0031295083,0.0028457956
partition_00_fold_00_11_60,0,fold_00,11,60,0.0018410711,0.0046262997,0.0020344085,0.003280082
partition_00_fold_00_15_17,0,fold_00,15,17,0.0035129145,0.0034721387,0.004328033,0.004075747
partition_00_fold_00_15_19,0,fold_00,15,19,0.003167528,0.0036288227,0.003074063,0.003180681
partition_00_fold_00_15_20,0,fold_00,15,20,0.0034115706,0.0038917554,0.002930634,0.0036895294
partition_00_fold_00_15_26,0,fold_00,15,26,0.006139809,0.0035963312,0.0034288026,0.0036895294
partition_00_fold_00_15_28,0,fold_00,15,28,0.0035543877,0.0034590396,0.004441081,0.0045528687
partition_00_fold_00_15_32,0,fold_00,15,32,0.003279106,0.0034648452,0.0041370355,0.0041233078
partition_00_fold_00_15_33,0,fold_00,15,33,0.003830089,0.0042562876,0.0010853525,0.0032891124
partition_00_fold_00_15_34,0,fold_00,15,34,0.003479564,0.003696072,0.002780308,0.0036431986
partition_00_fold_00_15_36,0,fold_00,15,36,0.0030925416,0.0036228714,0.0037465647,0.0038560145
partition_00_fold_00_15_39,0,fold_00,15,39,0.002853039,0.003548948,0.003089102,0.003276615
partition_00_fold_00_15_44,0,fold_00,15,44,0.0044631683,0.0041468535,0.0003880633,0.0032563165
partition_00_fold_00_15_46,0,fold_00,15,46,0.002868067,0.0035240182,0.0030551034,0.0031886934
partition_00_fold_00_15_48,0,fold_00,15,48,0.004635269,0.0037875278,0.00048569785,0.0032350223
partition_00_fold_00_15_50,0,fold_00,15,50,0.0031341452,0.0037477266,0.0030294708,0.0035977857
partition_00_fold_00_15_52,0,fold_00,15,52,0.0045470954,0.0032821998,0.0022848349,0.0033493657
partition_00_fold_00_15_53,0,fold_00,15,53,0.0033897858,0.0035677352,0.0041682725,0.0040485165
partition_00_fold_00_15_60,0,fold_00,15,60,0.0026750343,0.0033227378,0.0030347747,0.0032336495
partition_00_fold_00_17_19,0,fold_00,17,19,0.002030192,0.0024971217,0.0019810928,0.0018046843
partition_00_fold_00_17_20,0,fold_00,17,20,0.0023077137,0.0035527332,0.002476561,0.0025947157
partition_00_fold_00_17_26,0,fold_00,17,26,0.005100868,0.0033675446,0.0059379283,0.0054076263
partition_00_fold_00_17_28,0,fold_00,17,28,0.0024621463,0.0026996825,0.0017152643,0.0020819476
partition_00_fold_00_17_32,0,fold_00,17,32,0.002146424,0.002451084,0.0015032642,0.0021128724
partition_00_fold_00_17_33,0,fold_00,17,33,0.002696735,0.0035526229,0.0032605985,0.0036484387
partition_00_fold_00_17_34,0,fold_00,17,34,0.0023837767,0.0033612347,0.0025723742,0.0025947157
partition_00_fold_00_17_36,0,fold_00,17,36,0.002027901,0.0026613618,0.00069292693,0.0017217197
partition_00_fold_00_17_39,0,fold_00,17,39,0.001733287,0.0026463834,0.0017614912,0.0016308974
partition_00_fold_00_17_44,0,fold_00,17,44,0.0033708026,0.0028981734,0.0040792474,0.003986004
partition_00_fold_00_17_46,0,fold_00,17,46,0.0017517473,0.0026989467,0.0017784283,0.0016308974
partition_00_fold_00_17_48,0,fold_00,17,48,0.0036017993,0.0027603765,0.0043166205,0.0040778727
partition_00_fold_00_17_50,0,fold_00,17,50,0.002086352,0.0028165036,0.0022287953,0.002399036
partition_00_fold_00_17_52,0,fold_00,17,52,0.0034732458,0.003150326,0.0041157235,0.004038973
partition_00_fold_00_17_53,0,fold_00,17,53,0.0023906576,0.0026269474,0.00029784875,0.0022516327
partition_00_fold_00_17_60,0,fold_00,17,60,0.0015680825,0.0024104891,0.0017150437,0.0016538079
partition_00_fold_00_19_20,0,fold_00,19,20,0.001849116,0.0030875031,0.0005481725,0.0021400254
partition_00_fold_00_19_26,0,fold_00,19,26,0.0047542225,0.0038945503,0.0041420544,0.0040783514
partition_00_fold_00_19_28,0,fold_00,19,28,0.002142526,0.0027749864,0.0029469652,0.0024357673
partition_00_fold_00_19_32,0,fold_00,19,32,0.0016933314,0.0015985547,0.0017106791,0.0015478648
partition_00_fold_00_19_33,0,fold_00,19,33,0.0022498106,0.0039283084,0.002082331,0.0026381805
partition_00_fold_00_19_34,0,fold_00,19,34,0.0019471936,0.0025742901,0.000626564,0.0017137073
partition_00_fold_00_19_36,0,fold_00,19,36,0.0015578739,0.0023172053,0.0013366088,0.0016157975
partition_00_fold_00_19_39,0,fold_00,19,39,0.0011888156,0.0024502685,0.0004461698,0.001765962
partition_00_fold_00_19_44,0,fold_00,19,44,0.0029437174,0.0025009294,0.0029744976,0.002562536
partition_00_fold_00_19_46,0,fold_00,19,46,0.0012000342,0.002427628,0.0012332534,0.0016157975
partition_00_fold_00_19_48,0,fold_00,19,48,0.003197161,0.0026945188,0.0030208982,0.002804184
partition_00_fold_00_19_50,0,fold_00,19,50,0.0016140597,0.0020180678,0.00046850738,0.0015812198
partition_00_fold_00_19_52,0,fold_00,19,52,0.003152036,0.0022126802,0.0023255204,0.0021362198
partition_00_fold_00_19_53,0,fold_00,19,53,0.0019479962,0.0024711534,0.001993242,0.001684031
partition_00_fold_00_19_60,0,fold_00,19,60,0.0010950163,0.002126345,0.0010327525,0.0017628362
partition_00_fold_00_20_26,0,fold_00,20,26,0.004958895,0.0033221059,0.0036373204,0.0036062358
partition_00_fold_00_20_28,0,fold_00,20,28,0.0024297994,0.0037920421,0.0034783205,0.0035535719
partition_00_fold_00_20_32,0,fold_00,20,32,0.0019696662,0.002099356,0.0022172278,0.0021117511
partition_00_fold_00_20_33,0,fold_00,20,33,0.0025333958,0.0031991992,0.0020517542,0.0031480533
partition_00_fold_00_20_34,0,fold_00,20,34,0.0022003066,0.002893178,0.00029421403,0.0019720977
partition_00_fold_00_20_36,0,fold_00,20,36,0.0018303302,0.0024240473,0.0018557498,0.0017011315
partition_00_fold_00_20_39,0,fold_00,20,39,0.0015592116,0.0019102723,0.00095854804,0.0015812198
partition_00_fold_00_20_44,0,fold_00,20,44,0.0032302593,0.0043360153,0.0028905603,0.002924182
partition_00_fold_00_20_46,0,fold_00,20,46,0.0015978012,0.0023547313,0.0016944685,0.0015942972
partition_00_fold_00_20_48,0,fold_00,20,48,0.0034238435,0.006346819,0.0028305247,0.0031157085
partition_00_fold_00_20_50,0,fold_00,20,50,0.0019087937,0.0022298668,0.0007249785,0.0021110734
partition_00_fold_00_20_52,0,fold_00,20,52,0.0032858963,0.0030741435,0.0018479187,0.0022564603
partition_00_fold_00_20_53,0,fold_00,20,53,0.002233789,0.002452456,0.0024966018,0.0025189181
partition_00_fold_00_20_60,0,fold_00,20,60,0.001385961,0.0034113007,0.0015096493,0.001949656
partition_00_fold_00_26_28,0,fold_00,26,28,0.0052852514,0.0030921008,0.0067976657,0.0054283473
partition_00_fold_00_26_32,0,fold_00,26,32,0.004839878,0.003699365,0.0056192777,0.005267647
partition_00_fold_00_26_33,0,fold_00,26,33,0.005263231,0.0037495657,0.0037345781,0.003759607
partition_00_fold_00_26_34,0,fold_00,26,34,0.005037786,0.0031951307,0.0036414987,0.003748911
partition_00_fold_00_26_36,0,fold_00,26,36,0.004704921,0.002631605,0.0053557004,0.004903902
partition_00_fold_00_26_39,0,fold_00,26,39,0.004437709,0.002142302,0.0044388603,0.0043598292
partition_00_fold_00_26_44,0,fold_00,26,44,0.005837735,0.0034983668,0.0036905196,0.0035508152
partition_00_fold_00_26_46,0,fold_00,26,46,0.0044378354,0.0027650457,0.00500186,0.004709728
partition_00_fold_00_26_48,0,fold_00,26,48,0.005980446,0.003262769,0.003089617,0.0030959293
partition_00_fold_00_26_50,0,fold_00,26,50,0.0046644136,0.0033150457,0.004176438,0.0040870677
partition_00_fold_00_26_52,0,fold_00,26,52,0.005809315,0.003606426,0.0018630915,0.0022868924
partition_00_fold_00_26_53,0,fold_00,26,53,0.005108259,0.0027786598,0.0059431726,0.0061477316
partition_00_fold_00_26_60,0,fold_00,26,60,0.0042354404,0.0043541025,0.0048453975,0.004809761
partition_00_fold_00_28_32,0,fold_00,28,32,0.0022924002,0.0021159798,0.0018688503,0.001671692
partition_00_fold_00_28_33,0,fold_00,28,33,0.0028377103,0.003242631,0.0034718895,0.003747052
partition_00_fold_00_28_34,0,fold_00,28,34,0.002511865,0.0032155083,0.0034587823,0.0035615843
partition_00_fold_00_28_36,0,fold_00,28,36,0.0021487824,0.0018108638,0.0018313761,0.0016819349
partition_00_fold_00_28_39,0,fold_00,28,39,0.0018632227,0.0023659368,0.0025544176,0.001948627
partition_00_fold_00_28_44,0,fold_00,28,44,0.003498869,0.0031130745,0.00414684,0.0040228916
partition_00_fold_00_28_46,0,fold_00,28,46,0.0018903628,0.002633922,0.0019568657,0.001650828
partition_00_fold_00_28_48,0,fold_00,28,48,0.0037154292,0.0019138166,0.004581445,0.0046956455
partition_00_fold_00_28_50,0,fold_00,28,50,0.0022023695,0.0017250224,0.0029695139,0.0026764863
partition_00_fold_00_28_52,0,fold_00,28,52,0.003648526,0.0030361565,0.0049671484,0.004833832
partition_00_fold_00_28_53,0,fold_00,28,53,0.0025014947,0.0026493978,0.0015164348,0.0021128724
partition_00_fold_00_28_60,0,fold_00,28,60,0.0017095763,0.012332695,0.0020669554,0.004238901
partition_00_fold_00_32_33,0,fold_00,32,33,0.0023561316,0.0034280058,0.0031117897,0.003267871
partition_00_fold_00_32_34,0,fold_00,32,34,0.0020627955,0.0028059974,0.0022647125,0.0023267227
partition_00_fold_00_32_36,0,fold_00,32,36,0.0017208881,0.0022651008,0.0011975908,0.0018716791
partition_00_fold_00_32_39,0,fold_00,32,39,0.0013666512,0.0016370032,0.0013402562,0.0015478648
partition_00_fold_00_32_44,0,fold_00,32,44,0.0030724464,0.0022011348,0.0039459737,0.0036556253
partition_00_fold_00_32_46,0,fold_00,32,46,0.0014045903,0.0013791382,0.0012889699,0.0015478648
partition_00_fold_00_32_48,0,fold_00,32,48,0.0032767893,0.0021907827,0.0041718306,0.003903014
partition_00_fold_00_32_50,0,fold_00,32,50,0.001768773,0.0022548512,0.0016910328,0.0016157975
partition_00_fold_00_32_52,0,fold_00,32,52,0.0032021664,0.0021766508,0.003862796,0.0033415372
partition_00_fold_00_32_53,0,fold_00,32,53,0.002060316,0.004520685,0.0015471262,0.0018028263
partition_00_fold_00_32_60,0,fold_00,32,60,0.0012313004,0.0027701783,0.001202405,0.0018370396
partition_00_fold_00_33_34,0,fold_00,33,34,0.0026587704,0.003562656,0.0019046545,0.0031108132
partition_00_fold_00_33_36,0,fold_00,33,36,0.0022288454,0.0034360832,0.0026669807,0.0026288142
partition_00_fold_00_33_39,0,fold_00,33,39,0.0019070416,0.0030583898,0.0020559088,0.0021081523
partition_00_fold_00_33_44,0,fold_00,33,44,0.0035634926,0.0037910698,0.0009212491,0.0026101442
partition_00_fold_00_33_46,0,fold_00,33,46,0.0019527029,0.0027469562,0.002008952,0.0021824623
partition_00_fold_00_33_48,0,fold_00,33,48,0.0035972456,0.0036444853,0.0011911388,0.002463715
partition_00_fold_00_33_50,0,fold_00,33,50,0.0023133764,0.0039247638,0.0020639393,0.0024637752
partition_00_fold_00_33_52,0,fold_00,33,52,0.0037041032,0.0036288083,0.0021198764,0.00275674
partition_00_fold_00_33_53,0,fold_00,33,53,0.0026486374,0.005670994,0.0031037494,0.0033679712
partition_00_fold_00_33_60,0,fold_00,33,60,0.0017536768,0.0045981803,0.0019810242,0.0020692036
partition_00_fold_00_34_36,0,fold_00,34,36,0.001850455,0.0023084425,0.0019233967,0.0016266184
partition_00_fold_00_34_39,0,fold_00,34,39,0.0016127051,0.002644654,0.0009840956,0.0016157975
partition_00_fold_00_34_44,0,fold_00,34,44,0.0033350105,0.003014884,0.0027546603,0.0027328872
partition_00_fold_00_34_46,0,fold_00,34,46,0.0016682371,0.0024506315,0.0015993853,0.0016308974
partition_00_fold_00_34_48,0,fold_00,34,48,0.003518383,0.0073155523,0.0027202067,0.0034501394
partition_00_fold_00_34_50,0,fold_00,34,50,0.0020078083,0.002584757,0.00063271436,0.00210486
partition_00_fold_00_34_52,0,fold_00,34,52,0.0034059058,0.0033932922,0.0018434012,0.0023140025
partition_00_fold_00_34_53,0,fold_00,34,53,0.0023305602,0.0026309888,0.0025637604,0.0025207172
partition_00_fold_00_34_60,0,fold_00,34,60,0.0014977371,0.0029212087,0.0014470763,0.0018423487
partition_00_fold_00_36_39,0,fold_00,36,39,0.0012460721,0.0022558544,0.0010860994,0.0016157975
partition_00_fold_00_36_44,0,fold_00,36,44,0.0029643911,0.0071349666,0.003526001,0.0035149846
partition_00_fold_00_36_46,0,fold_00,36,46,0.0012614183,0.002504383,0.0011568749,0.0016157975
partition_00_fold_00_36_48,0,fold_00,36,48,0.003158589,0.009097695,0.003745868,0.003950579
partition_00_fold_00_36_50,0,fold_00,36,50,0.0016061304,0.0017024826,0.0015583955,0.0015629646
partition_00_fold_00_36_52,0,fold_00,36,52,0.00309009,0.0018167532,0.0035148615,0.0032805132
partition_00_fold_00_36_53,0,fold_00,36,53,0.0019436574,0.005214365,0.0006688477,0.0015892322
partition_00_fold_00_36_60,0,fold_00,36,60,0.0011148782,0.0029654677,0.001059655,0.0019345562
partition_00_fold_00_39_44,0,fold_00,39,44,0.0026368368,0.002289762,0.002950999,0.0024153595
partition_00_fold_00_39_46,0,fold_00,39,46,0.0008562376,0.0024835162,0.0008649431,0.0016871264
partition_00_fold_00_39_48,0,fold_00,39,48,0.002884612,0.007960695,0.0030742793,0.0047950344
partition_00_fold_00_39_50,0,fold_00,39,50,0.0013181936,0.001628582,0.0005588674,0.0015478648
partition_00_fold_00_39_52,0,fold_00,39,52,0.002823255,0.0025273543,0.0026161398,0.0022401952
partition_00_fold_00_39_53,0,fold_00,39,53,0.0016465845,0.0023207907,0.0017480145,0.00164349
partition_00_fold_00_39_60,0,fold_00,39,60,0.00079249166,0.0017257092,0.0006323323,0.0017628362
partition_00_fold_00_44_46,0,fold_00,44,46,0.002636972,0.0038900892,0.0028753097,0.0024153595
partition_00_fold_00_44_48,0,fold_00,44,48,0.004389381,0.0032495358,0.00063278945,0.0019087241
partition_00_fold_00_44_50,0,fold_00,44,50,0.0029736697,0.0025141665,0.0029579222,0.002966772
partition_00_fold_00_44_52,0,fold_00,44,52,0.004418798,0.0039588497,0.002434123,0.0026236877
partition_00_fold_00_44_53,0,fold_00,44,53,0.0033053174,0.0025991339,0.003909893,0.0039829765
partition_00_fold_00_44_60,0,fold_00,44,60,0.0024644954,0.0025319555,0.0028579133,0.0028058894
partition_00_fold_00_46_48,0,fold_00,46,48,0.0028612874,0.0024482284,0.0031648302,0.0029316437
partition_00_fold_00_46_50,0,fold_00,46,50,0.0013208889,0.0016677327,0.0011050391,0.0015478648
partition_00_fold_00_46_52,0,fold_00,46,52,0.0028159558,0.0028942144,0.003176399,0.0030150944
partition_00_fold_00_46_53,0,fold_00,46,53,0.0017141685,0.0024269943,0.0016445318,0.00164349
partition_00_fold_00_46_60,0,fold_00,46,60,0.00084551476,0.00248722,0.00026051566,0.0017759138
partition_00_fold_00_48_50,0,fold_00,48,50,0.0031337987,0.0032261205,0.003032617,0.003040928
partition_00_fold_00_48_52,0,fold_00,48,52,0.0043888134,0.003216189,0.001985815,0.0019766632
partition_00_fold_00_48_53,0,fold_00,48,53,0.0035353964,0.0024008155,0.0041812984,0.004023607
partition_00_fold_00_48_60,0,fold_00,48,60,0.0027271735,0.016657343,0.0031061599,0.0064524915
partition_00_fold_00_50_52,0,fold_00,50,52,0.0031231525,0.0029929113,0.0023904983,0.002595513
partition_00_fold_00_50_53,0,fold_00,50,53,0.0019884822,0.003198283,0.0022152283,0.0019463269
partition_00_fold_00_50_60,0,fold_00,50,60,0.0011825889,0.0049674767,0.0009532321,0.0022556891
partition_00_fold_00_52_53,0,fold_00,52,53,0.003464576,0.0021092582,0.0041037025,0.0040276996
partition_00_fold_00_52_60,0,fold_00,52,60,0.0026424865,0.0038360874,0.003018016,0.0030027507
partition_00_fold_00_53_60,0,fold_00,53,60,0.0014856169,0.006536904,0.0016134254,0.0023488589
partition_01_fold_02_4_5,1,fold_02,4,5,0.002109047,0.002495111,0.0022883655,0.0024324036
partition_01_fold_02_4_6,1,fold_02,4,6,0.0020080907,0.002081258,0.002194701,0.0021989774
partition_01_fold_02_4_7,1,fold_02,4,7,0.0007452201,0.0020178717,0.0004474336,0.001894663
partition_01_fold_02_4_8,1,fold_02,4,8,0.00071046967,0.0020178717,0.00041439483,0.001894663
partition_01_fold_02_4_9,1,fold_02,4,9,0.0014121976,0.0020178717,0.0015416351,0.001894663
partition_01_fold_02_4_11,1,fold_02,4,11,0.0019747808,0.0020178717,0.002152433,0.002086355
partition_01_fold_02_4_13,1,fold_02,4,13,0.0010900979,0.0020178717,0.0005588986,0.001894663
partition_01_fold_02_4_15,1,fold_02,4,15,0.0028447886,0.0025394266,0.003035608,0.0029400312
partition_01_fold_02_4_17,1,fold_02,4,17,0.0017047572,0.002288512,0.0018072265,0.0019485871
partition_01_fold_02_4_18,1,fold_02,4,18,0.0050312122,0.0025394266,0.0053552547,0.0031038974
partition_01_fold_02_4_19,1,fold_02,4,19,0.0011787466,0.0020178717,0.00074227236,0.001894663
partition_01_fold_02_4_22,1,fold_02,4,22,0.036299314,0.0020178717,0.035767883,0.0030219476
partition_01_fold_02_4_23,1,fold_02,4,23,0.0017075907,0.0020178717,0.0018174879,0.0019076564
partition_01_fold_02_4_25,1,fold_02,4,25,0.0010786789,0.0020178717,0.0005985226,0.001894663
partition_01_fold_02_4_26,1,fold_02,4,26,0.0043852967,0.0024614057,0.004649497,0.0030971556
partition_01_fold_02_4_37,1,fold_02,4,37,0.003057719,0.0021820865,0.003249531,0.0030162637
partition_01_fold_02_4_44,1,fold_02,4,44,0.0026122574,0.0021666086,0.0028747488,0.002736846
partition_01_fold_02_4_56,1,fold_02,4,56,0.0020731643,0.0024843246,0.0022482967,0.0023705952
partition_01_fold_02_4_59,1,fold_02,4,59,0.00088855356,0.0020478654,0.0005548699,0.001894663
partition_01_fold_02_4_60,1,fold_02,4,60,0.00080154795,0.0020478654,0.00048303406,0.001894663
partition_01_fold_02_5_6,1,fold_02,5,6,0.0030890247,0.002836689,0.00016082672,0.0023607486
partition_01_fold_02_5_7,1,fold_02,5,7,0.0019462676,0.002495111,0.0022617215,0.002384782
partition_01_fold_02_5_8,1,fold_02,5,8,0.0019475808,0.0025394266,0.0022941076,0.0023904904
partition_01_fold_02_5_9,1,fold_02,5,9,0.0025479996,0.0026614317,0.002076774,0.0023495187
partition_01_fold_02_5_11,1,fold_02,5,11,0.0031853074,0.0028437814,0.0002885381,0.0023607486
partition_01_fold_02_5_13,1,fold_02,5,13,0.0022809603,0.002574828,0.002512958,0.0025556106
partition_01_fold_02_5_15,1,fold_02,5,15,0.0038860948,0.0027665854,0.00091146625,0.0023249963
partition_01_fold_02_5_17,1,fold_02,5,17,0.0028567368,0.002759274,0.0007913934,0.0023249963
partition_01_fold_02_5_18,1,fold_02,5,18,0.006380833,0.0027895272,0.0032343622,0.0032018088
partition_01_fold_02_5_19,1,fold_02,5,19,0.0024087375,0.0026376257,0.002613384,0.0026641598
partition_01_fold_02_5_22,1,fold_02,5,22,0.037786793,0.0025394266,0.035378613,0.0031038974
partition_01_fold_02_5_23,1,fold_02,5,23,0.0028044914,0.002836689,0.0012976112,0.0023607486
partition_01_fold_02_5_25,1,fold_02,5,25,0.0022481494,0.0026614317,0.002561124,0.002577561
partition_01_fold_02_5_26,1,fold_02,5,26,0.005559951,0.0028510927,0.0030127403,0.0030624769
partition_01_fold_02_5_37,1,fold_02,5,37,0.004161817,0.0028510927,0.0014065965,0.0023607486
partition_01_fold_02_5_44,1,fold_02,5,44,0.0037395614,0.0028510927,0.0006990586,0.0023607486
partition_01_fold_02_5_56,1,fold_02,5,56,0.0032442634,0.0028510927,0.00012616404,0.0023607486
partition_01_fold_02_5_59,1,fold_02,5,59,0.0020374628,0.0025394266,0.002572959,0.0025447474
partition_01_fold_02_5_60,1,fold_02,5,60,0.0019358419,0.002495111,0.0022563734,0.002428119
partition_01_fold_02_6_7,1,fold_02,6,7,0.0018607421,0.0020464088,0.002148124,0.0021022207
partition_01_fold_02_6_8,1,fold_02,6,8,0.0018834197,0.0020178717,0.0021816539,0.002183486
partition_01_fold_02_6_9,1,fold_02,6,9,0.00250755,0.0025886134,0.0019711873,0.0021305527
partition_01_fold_02_6_11,1,fold_02,6,11,0.003061313,0.002829746,0.00026854768,0.0021026167
partition_01_fold_02_6_13,1,fold_02,6,13,0.0022260218,0.0021260257,0.0024251754,0.0022727507
partition_01_fold_02_6_15,1,fold_02,6,15,0.003799327,0.0026542172,0.0010597341,0.0022933255
partition_01_fold_02_6_17,1,fold_02,6,17,0.0027670085,0.002806777,0.0006784576,0.002352137
partition_01_fold_02_6_18,1,fold_02,6,18,0.0059952117,0.0025587364,0.003381148,0.0031198105
partition_01_fold_02_6_19,1,fold_02,6,19,0.0023811779,0.0024969792,0.002527372,0.0025326682
partition_01_fold_02_6_22,1,fold_02,6,22,0.03855131,0.0021366414,0.035342615,0.0030378134
partition_01_fold_02_6_23,1,fold_02,6,23,0.0027751487,0.0027640515,0.0012100042,0.0020990581
partition_01_fold_02_6_25,1,fold_02,6,25,0.002164623,0.0021482366,0.002464104,0.002412366
partition_01_fold_02_6_26,1,fold_02,6,26,0.0052957423,0.0027665854,0.0031583335,0.0030011057
partition_01_fold_02_6_37,1,fold_02,6,37,0.004074214,0.0027665854,0.0015614269,0.002090737
partition_01_fold_02_6_44,1,fold_02,6,44,0.003721825,0.0025903278,0.0008365267,0.0020633058
partition_01_fold_02_6_56,1,fold_02,6,56,0.0031210978,0.0028510927,0.0001222225,0.0023280787
partition_01_fold_02_6_59,1,fold_02,6,59,0.0019834486,0.0020464088,0.0024658071,0.0024282318
partition_01_fold_02_6_60,1,fold_02,6,60,0.0018853494,0.0020464088,0.0021415583,0.0021022207
partition_01_fold_02_7_8,1,fold_02,7,8,0.00057860883,0.0020178717,6.739354e-05,0.001894663
partition_01_fold_02_7_9,1,fold_02,7,9,0.0012487966,0.0020178717,0.0012628185,0.001894663
partition_01_fold_02_7_11,1,fold_02,7,11,0.0017822975,0.0020178717,0.0021382219,0.002086355
partition_01_fold_02_7_13,1,fold_02,7,13,0.0009528497,0.0020178717,0.0007247036,0.001894663
partition_01_fold_02_7_15,1,fold_02,7,15,0.002657762,0.002495111,0.003086004,0.0029374363
partition_01_fold_02_7_17,1,fold_02,7,17,0.0015552337,0.0022554912,0.0017389723,0.0019491969
partition_01_fold_02_7_18,1,fold_02,7,18,0.0048054527,0.0025251214,0.005414635,0.0031038974
partition_01_fold_02_7_19,1,fold_02,7,19,0.0010472963,0.0020178717,0.0008757694,0.001894663
partition_01_fold_02_7_22,1,fold_02,7,22,0.032725923,0.0020464088,0.03539742,0.0030378134
partition_01_fold_02_7_23,1,fold_02,7,23,0.0014879004,0.0020464088,0.001673469,0.0019105285
partition_01_fold_02_7_25,1,fold_02,7,25,0.0009273814,0.0020178717,0.0006648198,0.001894663
partition_01_fold_02_7_26,1,fold_02,7,26,0.004211373,0.0024107366,0.0048113777,0.0031038974
partition_01_fold_02_7_37,1,fold_02,7,37,0.0028259554,0.0021671955,0.0033645912,0.0030764819
partition_01_fold_02_7_44,1,fold_02,7,44,0.0024220222,0.0021644535,0.0028902704,0.0028407355
partition_01_fold_02_7_56,1,fold_02,7,56,0.0018974901,0.0022554912,0.0022205173,0.0022602535
partition_01_fold_02_7_59,1,fold_02,7,59,0.00068687357,0.0020464088,0.00044562924,0.0019105285
partition_01_fold_02_7_60,1,fold_02,7,60,0.0005933229,0.0020916755,8.231594e-05,0.0019105285
partition_01_fold_02_8_9,1,fold_02,8,9,0.0012453574,0.0020178717,0.0012741949,0.001894663
partition_01_fold_02_8_11,1,fold_02,8,11,0.0018118065,0.0020178717,0.0021727665,0.002183486
partition_01_fold_02_8_13,1,fold_02,8,13,0.0009416513,0.0020178717,0.000730253,0.001894663
partition_01_fold_02_8_15,1,fold_02,8,15,0.0026649258,0.0025394266,0.003111832,0.0029374363
partition_01_fold_02_8_17,1,fold_02,8,17,0.0015611867,0.0022731493,0.0017822059,0.0019584475
partition_01_fold_02_8_18,1,fold_02,8,18,0.0050258758,0.0025394266,0.0054404265,0.0031038974
partition_01_fold_02_8_19,1,fold_02,8,19,0.0010107674,0.0020178717,0.0008869253,0.001894663
partition_01_fold_02_8_22,1,fold_02,8,22,0.032924082,0.0020238608,0.0354429,0.0030219476
partition_01_fold_02_8_23,1,fold_02,8,23,0.0015019787,0.0020178717,0.0016887935,0.001894663
partition_01_fold_02_8_25,1,fold_02,8,25,0.00091559417,0.0020301086,0.0006753592,0.001894663
partition_01_fold_02_8_26,1,fold_02,8,26,0.0042232373,0.0024097573,0.0048164153,0.0031038974
partition_01_fold_02_8_37,1,fold_02,8,37,0.0028747667,0.0021905638,0.0033824507,0.0030608685
partition_01_fold_02_8_44,1,fold_02,8,44,0.00245163,0.0021905638,0.0029156336,0.0028407355
partition_01_fold_02_8_56,1,fold_02,8,56,0.0018970867,0.0022695763,0.0022519033,0.0022830698
partition_01_fold_02_8_59,1,fold_02,8,59,0.0007229192,0.0020178717,0.00038716366,0.001894663
partition_01_fold_02_8_60,1,fold_02,8,60,0.00063006044,0.0020359876,0.00014389292,0.0019105285
partition_01_fold_02_9_11,1,fold_02,9,11,0.0024894853,0.0026008568,0.0021129644,0.0021925268
partition_01_fold_02_9_13,1,fold_02,9,13,0.001578187,0.0020178717,0.0018916581,0.0019168139
partition_01_fold_02_9_15,1,fold_02,9,15,0.0032609352,0.0026343572,0.0028954544,0.0029022724
partition_01_fold_02_9_17,1,fold_02,9,17,0.0021767046,0.0028224352,0.0019083964,0.0021247678
partition_01_fold_02_9_18,1,fold_02,9,18,0.0054933326,0.0025653914,0.005013628,0.0031198105
partition_01_fold_02_9_19,1,fold_02,9,19,0.0017164723,0.0020895454,0.002034033,0.0019470785
partition_01_fold_02_9_22,1,fold_02,9,22,0.03409142,0.0020178717,0.034700155,0.0030219476
partition_01_fold_02_9_23,1,fold_02,9,23,0.0021299792,0.0021926058,0.0009334449,0.0019004159
partition_01_fold_02_9_25,1,fold_02,9,25,0.001582256,0.0021283473,0.0018714749,0.0019076564
partition_01_fold_02_9_26,1,fold_02,9,26,0.004831195,0.0028471006,0.004470706,0.003226343
partition_01_fold_02_9_37,1,fold_02,9,37,0.0034370786,0.002829746,0.0031704651,0.003059882
partition_01_fold_02_9_44,1,fold_02,9,44,0.0030901346,0.0028412717,0.002591177,0.0027196247
partition_01_fold_02_9_56,1,fold_02,9,56,0.0025290304,0.002829746,0.002061193,0.002170748
partition_01_fold_02_9_59,1,fold_02,9,59,0.001396219,0.0020178717,0.0012993851,0.001894663
partition_01_fold_02_9_60,1,fold_02,9,60,0.0012788587,0.0020178717,0.0012961405,0.001894663
partition_01_fold_02_11_13,1,fold_02,11,13,0.0021613685,0.0021482366,0.0023425547,0.0022661001
partition_01_fold_02_11_15,1,fold_02,11,15,0.003867764,0.0026985328,0.0010462014,0.0022933255
partition_01_fold_02_11_17,1,fold_02,11,17,0.0027636539,0.0028437814,0.0005620163,0.002185153
partition_01_fold_02_11_18,1,fold_02,11,18,0.0059573725,0.0026270458,0.0034027635,0.0031198105
partition_01_fold_02_11_19,1,fold_02,11,19,0.0023115303,0.0025977453,0.0024333242,0.0024708114
partition_01_fold_02_11_22,1,fold_02,11,22,0.038105015,0.0020895454,0.035472717,0.0030219476
partition_01_fold_02_11_23,1,fold_02,11,23,0.002747688,0.0026821631,0.0014070238,0.0020990581
partition_01_fold_02_11_25,1,fold_02,11,25,0.0021949618,0.002654276,0.0023876587,0.0024771462
partition_01_fold_02_11_26,1,fold_02,11,26,0.005506672,0.002806777,0.0031842086,0.003221648
partition_01_fold_02_11_37,1,fold_02,11,37,0.0039912127,0.0026821631,0.0015423442,0.0020990581
partition_01_fold_02_11_44,1,fold_02,11,44,0.0037350112,0.0028510927,0.000913145,0.0023280787
partition_01_fold_02_11_56,1,fold_02,11,56,0.0030933467,0.0028510927,0.00025928373,0.0023280787
partition_01_fold_02_11_59,1,fold_02,11,59,0.0019382456,0.0020273856,0.002475241,0.002412366
partition_01_fold_02_11_60,1,fold_02,11,60,0.0018410711,0.0020178717,0.0021263463,0.002086355
partition_01_fold_02_13_15,1,fold_02,13,15,0.002963738,0.0025394266,0.003251568,0.0030992024
partition_01_fold_02_13_17,1,fold_02,13,17,0.0019091456,0.002652881,0.0019408994,0.0021157216
partition_01_fold_02_13_18,1,fold_02,13,18,0.0051482236,0.0025394266,0.0055445707,0.0031038974
partition_01_fold_02_13_19,1,fold_02,13,19,0.0014305911,0.0020178717,0.00018426361,0.001894663
partition_01_fold_02_13_22,1,fold_02,13,22,0.03828377,0.0020464088,0.035638995,0.0030378134
partition_01_fold_02_13_23,1,fold_02,13,23,0.0018743208,0.0020350819,0.0022137233,0.0022057192
partition_01_fold_02_13_25,1,fold_02,13,25,0.0012812136,0.0020178717,0.00018478917,0.001894663
partition_01_fold_02_13_26,1,fold_02,13,26,0.0045713126,0.002768788,0.004926571,0.003226343
partition_01_fold_02_13_37,1,fold_02,13,37,0.003209793,0.0026245303,0.0034709978,0.003226343
partition_01_fold_02_13_44,1,fold_02,13,44,0.0027949936,0.0026099603,0.00312946,0.003059882
partition_01_fold_02_13_56,1,fold_02,13,56,0.002262735,0.002654276,0.0024851586,0.0026167615
partition_01_fold_02_13_59,1,fold_02,13,59,0.0010755988,0.0020464088,0.00091245055,0.0019105285
partition_01_fold_02_13_60,1,fold_02,13,60,0.0009953723,0.0020464088,0.00069638714,0.0019105285
partition_01_fold_02_15_17,1,fold_02,15,17,0.0035129145,0.0028510927,0.0016009626,0.0023607486
partition_01_fold_02_15_18,1,fold_02,15,18,0.006781418,0.0028510927,0.0023984022,0.0025392908
partition_01_fold_02_15_19,1,fold_02,15,19,0.003167528,0.0026270458,0.0033452492,0.0031198105
partition_01_fold_02_15_22,1,fold_02,15,22,0.036196772,0.0025394266,0.03576766,0.0031038974
partition_01_fold_02_15_23,1,fold_02,15,23,0.003386164,0.0026985328,0.0020438621,0.0023457413
partition_01_fold_02_15_25,1,fold_02,15,25,0.002976356,0.0025660475,0.0033267217,0.0031198105
partition_01_fold_02_15_26,1,fold_02,15,26,0.006139809,0.0028471006,0.0022415156,0.0025283557
partition_01_fold_02_15_37,1,fold_02,15,37,0.0048545324,0.0028437437,0.0006551445,0.0023607486
partition_01_fold_02_15_44,1,fold_02,15,44,0.0044631683,0.0028326968,0.00037450783,0.0023607486
partition_01_fold_02_15_56,1,fold_02,15,56,0.0038378218,0.0028510927,0.0009613806,0.0023607486
partition_01_fold_02_15_59,1,fold_02,15,59,0.00278065,0.0025354344,0.0033691556,0.0031038974
partition_01_fold_02_15_60,1,fold_02,15,60,0.0026750343,0.0025394266,0.003085802,0.0029400312
partition_01_fold_02_17_18,1,fold_02,17,18,0.0054570283,0.0026290067,0.0039360793,0.0030808735
partition_01_fold_02_17_19,1,fold_02,17,19,0.002030192,0.0026748523,0.0020181274,0.002151474
partition_01_fold_02_17_22,1,fold_02,17,22,0.03528666,0.0026627982,0.035341553,0.003226343
partition_01_fold_02_17_23,1,fold_02,17,23,0.002430918,0.0028510927,0.0014153487,0.0023280787
partition_01_fold_02_17_25,1,fold_02,17,25,0.0018679634,0.0027665854,0.0019572687,0.002148861
partition_01_fold_02_17_26,1,fold_02,17,26,0.005100868,0.0027326832,0.0037285427,0.0031855826
partition_01_fold_02_17_37,1,fold_02,17,37,0.0038119762,0.0028510927,0.0020825122,0.0024169418
partition_01_fold_02_17_44,1,fold_02,17,44,0.0033708026,0.0027949272,0.0014679948,0.0023607486
partition_01_fold_02_17_56,1,fold_02,17,56,0.002781793,0.0028510927,0.0007436851,0.0023280787
partition_01_fold_02_17_59,1,fold_02,17,59,0.0016799417,0.0025585103,0.0021250863,0.0022907504
partition_01_fold_02_17_60,1,fold_02,17,60,0.0015680825,0.0024137013,0.0017122626,0.0020035426
partition_01_fold_02_18_19,1,fold_02,18,19,0.0054878765,0.0025394266,0.0056257937,0.0031038974
partition_01_fold_02_18_22,1,fold_02,18,22,0.03892207,0.0025394266,0.035808045,0.0031038974
partition_01_fold_02_18_23,1,fold_02,18,23,0.00575327,0.0026343572,0.0041663893,0.0031198105
partition_01_fold_02_18_25,1,fold_02,18,25,0.004994176,0.0025087167,0.0056383293,0.0031198105
partition_01_fold_02_18_26,1,fold_02,18,26,0.008373432,0.0026509147,0.0017635364,0.0022978722
partition_01_fold_02_18_37,1,fold_02,18,37,0.0070963777,0.002687953,0.0021565922,0.0024003177
partition_01_fold_02_18_44,1,fold_02,18,44,0.0067968685,0.0026436374,0.0025948363,0.00265751
partition_01_fold_02_18_56,1,fold_02,18,56,0.005908288,0.002687953,0.003305093,0.0031151155
partition_01_fold_02_18_59,1,fold_02,18,59,0.0050439034,0.0025394266,0.0056707193,0.0031038974
partition_01_fold_02_18_60,1,fold_02,18,60,0.0047929077,0.0025394266,0.00541655,0.0031038974
partition_01_fold_02_19_22,1,fold_02,19,22,0.039414905,0.0020178717,0.035608012,0.0030219476
partition_01_fold_02_19_23,1,fold_02,19,23,0.0019904024,0.0021569002,0.0023641356,0.0022661001
partition_01_fold_02_19_25,1,fold_02,19,25,0.0013979231,0.0020895454,0.00024375106,0.001894663
partition_01_fold_02_19_26,1,fold_02,19,26,0.0047542225,0.0028437814,0.005036609,0.003226343
partition_01_fold_02_19_37,1,fold_02,19,37,0.0033031306,0.0028244394,0.0035673715,0.003226343
partition_01_fold_02_19_44,1,fold_02,19,44,0.0029437174,0.0028244394,0.0032353797,0.003221648
partition_01_fold_02_19_56,1,fold_02,19,56,0.0024115674,0.0028510927,0.00258843,0.0027196247
partition_01_fold_02_19_59,1,fold_02,19,59,0.0011847417,0.0020178717,0.0010684719,0.001894663
partition_01_fold_02_19_60,1,fold_02,19,60,0.0010950163,0.0020178717,0.00083783735,0.001894663
partition_01_fold_02_22_23,1,fold_02,22,23,0.031430464,0.0020464088,0.035071243,0.0030378134
partition_01_fold_02_22_25,1,fold_02,22,25,0.034893863,0.0020178717,0.03557028,0.0030219476
partition_01_fold_02_22_26,1,fold_02,22,26,0.043281827,0.002620546,0.036759704,0.00315892
partition_01_fold_02_22_37,1,fold_02,22,37,0.03787985,0.0026068457,0.03604396,0.0032200082
partition_01_fold_02_22_44,1,fold_02,22,44,0.035980437,0.0025029685,0.03558656,0.0031422498
partition_01_fold_02_22_56,1,fold_02,22,56,0.036934853,0.002660265,0.03544229,0.003226343
partition_01_fold_02_22_59,1,fold_02,22,59,0.032090407,0.0020464088,0.03551709,0.0030378134
partition_01_fold_02_22_60,1,fold_02,22,60,0.035998102,0.0020464088,0.035363227,0.0030378134
partition_01_fold_02_23_25,1,fold_02,23,25,0.0018254629,0.0026008568,0.0022312663,0.00240378
partition_01_fold_02_23_26,1,fold_02,23,26,0.0050558834,0.0028510927,0.0036505766,0.003226343
partition_01_fold_02_23_37,1,fold_02,23,37,0.0037856987,0.0028510927,0.0023432025,0.0025113723
partition_01_fold_02_23_44,1,fold_02,23,44,0.00338711,0.0028510927,0.0017152792,0.002185153
partition_01_fold_02_23_56,1,fold_02,23,56,0.002759556,0.002829746,0.0012770516,0.0021026167
partition_01_fold_02_23_59,1,fold_02,23,59,0.0016229808,0.0020464088,0.0018247579,0.0019235221
partition_01_fold_02_23_60,1,fold_02,23,60,0.0015267318,0.0020464088,0.0017014903,0.0019105285
partition_01_fold_02_25_26,1,fold_02,25,26,0.0044872463,0.0028510927,0.005049219,0.003226343
partition_01_fold_02_25_37,1,fold_02,25,37,0.0032158927,0.002829746,0.0035743476,0.003226343
partition_01_fold_02_25_44,1,fold_02,25,44,0.002801988,0.002654276,0.0031948083,0.003221648
partition_01_fold_02_25_56,1,fold_02,25,56,0.0022135768,0.0028510927,0.0025284667,0.0026322783
partition_01_fold_02_25_59,1,fold_02,25,59,0.0010734095,0.0020178717,0.00087437924,0.001894663
partition_01_fold_02_25_60,1,fold_02,25,60,0.0009595983,0.002081258,0.00062484056,0.001894663
partition_01_fold_02_26_37,1,fold_02,26,37,0.0064808554,0.0028510927,0.0016794596,0.0023607486
partition_01_fold_02_26_44,1,fold_02,26,44,0.005837735,0.0027968385,0.0023847388,0.0024608655
partition_01_fold_02_26_56,1,fold_02,26,56,0.005467025,0.0028471006,0.0030658946,0.0030624769
partition_01_fold_02_26_59,1,fold_02,26,59,0.004313755,0.002454073,0.0049546342,0.0031038974
partition_01_fold_02_26_60,1,fold_02,26,60,0.0042354404,0.0024097573,0.004836516,0.0031038974
partition_01_fold_02_37_44,1,fold_02,37,44,0.004719906,0.0028510927,0.0008699458,0.0021264893
partition_01_fold_02_37_56,1,fold_02,37,56,0.0041814446,0.0028510927,0.0014686078,0.0023607486
partition_01_fold_02_37_59,1,fold_02,37,59,0.0029671292,0.0021854374,0.0035981152,0.0030378134
partition_01_fold_02_37_60,1,fold_02,37,60,0.0028773132,0.0022426336,0.0033735195,0.0030608685
partition_01_fold_02_44_56,1,fold_02,44,56,0.0037400015,0.0028510927,0.0007481598,0.0023607486
partition_01_fold_02_44_59,1,fold_02,44,59,0.002550137,0.0022138641,0.0031602369,0.0028713522
partition_01_fold_02_44_60,1,fold_02,44,60,0.0024644954,0.0022426336,0.0028939643,0.0028407355
partition_01_fold_02_56_59,1,fold_02,56,59,0.002020149,0.0025696992,0.002532116,0.0026167615
partition_01_fold_02_56_60,1,fold_02,56,60,0.0019193112,0.0024176934,0.0022157365,0.0023145992
partition_01_fold_02_59_60,1,fold_02,59,60,0.00073175516,0.0020506086,0.00051418564,0.0019105285
partition_01_fold_01_1_2,1,fold_01,1,2,0.0019716308,0.0031561842,0.002463629,0.002371548
partition_01_fold_01_1_3,1,fold_01,1,3,0.0011233069,0.0018473198,0.00069662905,0.001846708
partition_01_fold_01_1_16,1,fold_01,1,16,0.0014047525,0.0029945737,0.0013690281,0.0019339487
partition_01_fold_01_1_30,1,fold_01,1,30,0.0025041657,0.0033816476,0.0029078678,0.002700344
partition_01_fold_01_1_31,1,fold_01,1,31,0.0014134279,0.0013257001,0.0011407518,0.0018657149
partition_01_fold_01_1_32,1,fold_01,1,32,0.001592709,0.0027843306,0.0015345649,0.001852485
partition_01_fold_01_1_35,1,fold_01,1,35,0.0016022563,0.0030707554,0.0017743468,0.0020755562
partition_01_fold_01_1_36,1,fold_01,1,36,0.0015194287,0.002451588,0.0013981576,0.0019102558
partition_01_fold_01_1_40,1,fold_01,1,40,0.0018231939,0.0042963587,0.0014506249,0.001898833
partition_01_fold_01_1_42,1,fold_01,1,42,0.0012384318,0.0021404834,0.0011676791,0.0019020915
partition_01_fold_01_1_43,1,fold_01,1,43,0.0011808461,0.0011781375,0.0010396817,0.001808581
partition_01_fold_01_1_45,1,fold_01,1,45,0.0029598754,0.012677255,0.002398541,0.0039767562
partition_01_fold_01_1_46,1,fold_01,1,46,0.0012439215,0.002362523,0.0010704056,0.001907146
partition_01_fold_01_1_48,1,fold_01,1,48,0.003013503,0.0037254128,0.0033526402,0.0031404865
partition_01_fold_01_1_51,1,fold_01,1,51,0.0015062989,0.0022782173,0.00086389756,0.0020204438
partition_01_fold_01_1_52,1,fold_01,1,52,0.0029812714,0.0032887275,0.0038041098,0.00362858
partition_01_fold_01_1_53,1,fold_01,1,53,0.0019003331,0.0038240212,0.001668742,0.0021301517
partition_01_fold_01_1_54,1,fold_01,1,54,0.001299691,0.0016285597,0.00037951377,0.0018536953
partition_01_fold_01_1_61,1,fold_01,1,61,0.0045524584,0.0024917175,0.0055307127,0.005543283
partition_01_fold_01_1_63,1,fold_01,1,63,0.002209868,0.00281861,0.0025694857,0.0024124337
partition_01_fold_01_2_3,1,fold_01,2,3,0.0016262281,0.008664655,0.0019374958,0.0034064595
partition_01_fold_01_2_16,1,fold_01,2,16,0.0019164081,0.008110842,0.0012085243,0.0022847818
partition_01_fold_01_2_30,1,fold_01,2,30,0.0030997712,0.0077575147,0.0037872216,0.0038145771
partition_01_fold_01_2_31,1,fold_01,2,31,0.0018782123,0.0012189602,0.0014709722,0.0020320776
partition_01_fold_01_2_32,1,fold_01,2,32,0.0021961054,0.004726601,0.0012459108,0.002182827
partition_01_fold_01_2_35,1,fold_01,2,35,0.00213769,0.0034439904,0.0009548989,0.0021042975
partition_01_fold_01_2_36,1,fold_01,2,36,0.0020190533,0.003740722,0.0012325937,0.001948357
partition_01_fold_01_2_40,1,fold_01,2,40,0.0022749165,0.0028462242,0.001760275,0.0019198087
partition_01_fold_01_2_42,1,fold_01,2,42,0.0017415942,0.0030792472,0.0014380717,0.0020902904
partition_01_fold_01_2_43,1,fold_01,2,43,0.0016581924,0.0014763476,0.0015737119,0.0018536953
partition_01_fold_01_2_45,1,fold_01,2,45,0.0034461673,0.0064547253,0.004520059,0.004386721
partition_01_fold_01_2_46,1,fold_01,2,46,0.0017332599,0.0025466213,0.0014753657,0.0018978652
partition_01_fold_01_2_48,1,fold_01,2,48,0.0036287003,0.008297042,0.0044333604,0.0063282787
partition_01_fold_01_2_51,1,fold_01,2,51,0.0020493444,0.0035605899,0.0019954585,0.0021324905
partition_01_fold_01_2_52,1,fold_01,2,52,0.0035416442,0.0045832945,0.003903148,0.0038347708
partition_01_fold_01_2_53,1,fold_01,2,53,0.00233363,0.0031972688,0.0017104148,0.0020334038
partition_01_fold_01_2_54,1,fold_01,2,54,0.0017973474,0.011384457,0.0021426638,0.003177988
partition_01_fold_01_2_61,1,fold_01,2,61,0.0052525993,0.00169976,0.0059553534,0.0055528856
partition_01_fold_01_2_63,1,fold_01,2,63,0.0027222724,0.0031677908,0.003302438,0.0033171608
partition_01_fold_01_3_16,1,fold_01,3,16,0.0009878675,0.002701158,0.0009338957,0.0019031356
partition_01_fold_01_3_30,1,fold_01,3,30,0.0022902964,0.0034928948,0.0026607183,0.0030196002
partition_01_fold_01_3_31,1,fold_01,3,31,0.0010123109,0.0009808195,0.0007897725,0.001668722
partition_01_fold_01_3_32,1,fold_01,3,32,0.0012726433,0.0025408785,0.0012061216,0.001816621
partition_01_fold_01_3_35,1,fold_01,3,35,0.0013045071,0.0015967111,0.0013704161,0.0017008844
partition_01_fold_01_3_36,1,fold_01,3,36,0.0011441868,0.0011854415,0.001042308,0.0016945641
partition_01_fold_01_3_40,1,fold_01,3,40,0.0014653297,0.0010279752,0.0013071371,0.0016945641
partition_01_fold_01_3_42,1,fold_01,3,42,0.00076460076,0.0019479436,0.00064593274,0.0016945641
partition_01_fold_01_3_43,1,fold_01,3,43,0.00071406516,0.0019890491,0.00048061486,0.0017074759
partition_01_fold_01_3_45,1,fold_01,3,45,0.0025919816,0.005308384,0.002722218,0.002479414
partition_01_fold_01_3_46,1,fold_01,3,46,0.00079701777,0.0013012908,0.00061731506,0.0016969297
partition_01_fold_01_3_48,1,fold_01,3,48,0.0027576871,0.0007949299,0.0031741865,0.0026395293
partition_01_fold_01_3_51,1,fold_01,3,51,0.0011392515,0.001971671,0.00077534554,0.0018234374
partition_01_fold_01_3_52,1,fold_01,3,52,0.0027402893,0.0019101995,0.0033373525,0.0029070491
partition_01_fold_01_3_53,1,fold_01,3,53,0.0015617856,0.0007479254,0.0014594991,0.0018760294
partition_01_fold_01_3_54,1,fold_01,3,54,0.0008697745,0.0025650298,0.00032523242,0.0017487131
partition_01_fold_01_3_61,1,fold_01,3,61,0.0044367784,0.002141112,0.005178179,0.004555685
partition_01_fold_01_3_63,1,fold_01,3,63,0.001881215,0.0014875265,0.0022089072,0.0017612561
partition_01_fold_01_16_30,1,fold_01,16,30,0.0025770604,0.0036283054,0.0031560664,0.0025255124
partition_01_fold_01_16_31,1,fold_01,16,31,0.001306934,0.002505464,0.00026733856,0.0020361214
partition_01_fold_01_16_32,1,fold_01,16,32,0.0014537581,0.002959582,0.00036582362,0.0019689833
partition_01_fold_01_16_35,1,fold_01,16,35,0.001574891,0.000919289,0.00070287514,0.0019145125
partition_01_fold_01_16_36,1,fold_01,16,36,0.0014453873,0.0014931884,0.0001812349,0.0019663998
partition_01_fold_01_16_40,1,fold_01,16,40,0.0017486934,0.00291666,0.0007702317,0.0020830047
partition_01_fold_01_16_42,1,fold_01,16,42,0.001129516,0.0015305267,0.00076110516,0.0019069118
partition_01_fold_01_16_43,1,fold_01,16,43,0.0010696778,0.00348305,0.0005033279,0.002364536
partition_01_fold_01_16_45,1,fold_01,16,45,0.0027142845,0.003271449,0.0034283523,0.0033136378
partition_01_fold_01_16_46,1,fold_01,16,46,0.0011524565,0.0014189077,0.0003349901,0.0017997805
partition_01_fold_01_16_48,1,fold_01,16,48,0.0030242358,0.002332026,0.0037446204,0.003438274
partition_01_fold_01_16_51,1,fold_01,16,51,0.0014123316,0.0024076623,0.0007897146,0.001916878
partition_01_fold_01_16_52,1,fold_01,16,52,0.002936661,0.012960956,0.0036459274,0.0048987577
partition_01_fold_01_16_53,1,fold_01,16,53,0.0018420197,0.003301312,0.0008845611,0.0019580058
partition_01_fold_01_16_54,1,fold_01,16,54,0.0011044904,0.0031653736,0.0010639786,0.0020490699
partition_01_fold_01_16_61,1,fold_01,16,61,0.0044054165,0.0033123603,0.005565268,0.0050748913
partition_01_fold_01_16_63,1,fold_01,16,63,0.002162313,0.0032487435,0.0027123443,0.0025915161
partition_01_fold_01_30_31,1,fold_01,30,31,0.0024953317,0.0015759257,0.0031028674,0.0025255124
partition_01_fold_01_30_32,1,fold_01,30,32,0.0029340575,0.0025041467,0.0034739969,0.0030293397
partition_01_fold_01_30_35,1,fold_01,30,35,0.0026186188,0.0033131205,0.0032390424,0.0028049722
partition_01_fold_01_30_36,1,fold_01,30,36,0.0025912994,0.0019353247,0.0033034643,0.0029482895
partition_01_fold_01_30_40,1,fold_01,30,40,0.0030346988,0.004994468,0.0035598548,0.0032188585
partition_01_fold_01_30_42,1,fold_01,30,42,0.002392396,0.0020532364,0.0028443774,0.0024423467
partition_01_fold_01_30_43,1,fold_01,30,43,0.0023374523,0.00477339,0.0028054654,0.0029303515
partition_01_fold_01_30_45,1,fold_01,30,45,0.004105215,0.010066069,0.002287056,0.0031386125
partition_01_fold_01_30_46,1,fold_01,30,46,0.0024218885,0.0021068237,0.0029251818,0.0025373797
partition_01_fold_01_30_48,1,fold_01,30,48,0.004244473,0.003656312,0.000699803,0.0021645958
partition_01_fold_01_30_51,1,fold_01,30,51,0.00265201,0.0025503081,0.0030075656,0.0026447054
partition_01_fold_01_30_52,1,fold_01,30,52,0.0041807834,0.0028739616,0.0014215689,0.002279524
partition_01_fold_01_30_53,1,fold_01,30,53,0.0029826136,0.0030420292,0.0037235508,0.0035618017
partition_01_fold_01_30_54,1,fold_01,30,54,0.0024572534,0.0013268682,0.002788417,0.0024505914
partition_01_fold_01_30_61,1,fold_01,30,61,0.005863299,0.0030817986,0.0028451332,0.0026291138
partition_01_fold_01_30_63,1,fold_01,30,63,0.0033569608,0.0028469297,0.00069574686,0.0025248704
partition_01_fold_01_31_32,1,fold_01,31,32,0.0015733957,0.0020353228,0.00044830135,0.0016969297
partition_01_fold_01_31_35,1,fold_01,31,35,0.0015897414,0.0017741519,0.00089129864,0.0018780967
partition_01_fold_01_31_36,1,fold_01,31,36,0.0014430342,0.0014626116,0.00029618418,0.001705939
partition_01_fold_01_31_40,1,fold_01,31,40,0.0016682873,0.0027791993,0.000650301,0.0019867148
partition_01_fold_01_31_42,1,fold_01,31,42,0.0011408537,0.0026087498,0.0007909103,0.0017989189
partition_01_fold_01_31_43,1,fold_01,31,43,0.0010424859,0.0026652315,0.00040903492,0.0018501194
partition_01_fold_01_31_45,1,fold_01,31,45,0.0028964381,0.0056851967,0.0032166461,0.0027673098
partition_01_fold_01_31_46,1,fold_01,31,46,0.001155488,0.0021139914,0.00022936694,0.0016945641
partition_01_fold_01_31_48,1,fold_01,31,48,0.0030238673,0.0027457017,0.003667388,0.0034825536
partition_01_fold_01_31_51,1,fold_01,31,51,0.0014415507,0.0023463322,0.0005297995,0.0019438113
partition_01_fold_01_31_52,1,fold_01,31,52,0.0029653846,0.004223674,0.0036835736,0.0035425525
partition_01_fold_01_31_53,1,fold_01,31,53,0.0018018029,0.0030680706,0.0008303267,0.0019625514
partition_01_fold_01_31_54,1,fold_01,31,54,0.0011968492,0.0016963851,0.0008599935,0.0019484368
partition_01_fold_01_31_61,1,fold_01,31,61,0.0045497464,0.0031397918,0.005557125,0.0053963703
partition_01_fold_01_31_63,1,fold_01,31,63,0.0021520706,0.0024439886,0.0026775512,0.0023013565
partition_01_fold_01_32_35,1,fold_01,32,35,0.0017678691,0.0024526021,0.0008786988,0.0017792673
partition_01_fold_01_32_36,1,fold_01,32,36,0.0017208881,0.0020796773,0.00023296838,0.0017797186
partition_01_fold_01_32_40,1,fold_01,32,40,0.0020126314,0.0028894676,0.0005299536,0.001744458
partition_01_fold_01_32_42,1,fold_01,32,42,0.0014176476,0.0016512265,0.0010886166,0.0017622878
partition_01_fold_01_32_43,1,fold_01,32,43,0.00133395,0.00067446893,0.00079190923,0.0016945641
partition_01_fold_01_32_45,1,fold_01,32,45,0.0031044502,0.0029115286,0.0036338794,0.0033225715
partition_01_fold_01_32_46,1,fold_01,32,46,0.0014045903,0.0015743746,0.0006374556,0.0017774026
partition_01_fold_01_32_48,1,fold_01,32,48,0.0032767893,0.0043420335,0.0040508336,0.003709807
partition_01_fold_01_32_51,1,fold_01,32,51,0.0016849041,0.0023830808,0.0008603549,0.0017646723
partition_01_fold_01_32_52,1,fold_01,32,52,0.0032021664,0.0027667342,0.0039580246,0.0035943033
partition_01_fold_01_32_53,1,fold_01,32,53,0.002060316,0.005793851,0.0005999629,0.0023188437
partition_01_fold_01_32_54,1,fold_01,32,54,0.001439726,0.0021643958,0.0012770056,0.0016945641
partition_01_fold_01_32_61,1,fold_01,32,61,0.004856188,0.0029643718,0.0058443747,0.004987064
partition_01_fold_01_32_63,1,fold_01,32,63,0.0024105362,0.0024360656,0.003034462,0.0025276875
partition_01_fold_01_35_36,1,fold_01,35,36,0.001670152,0.0020018802,0.0007194646,0.0017673613
partition_01_fold_01_35_40,1,fold_01,35,40,0.0019808186,0.0018661751,0.0013414948,0.0018507288
partition_01_fold_01_35_42,1,fold_01,35,42,0.0013925587,0.001277531,0.0008813834,0.0016745558
partition_01_fold_01_35_43,1,fold_01,35,43,0.00132606,0.0015742276,0.0010565948,0.0016945641
partition_01_fold_01_35_45,1,fold_01,35,45,0.003147495,0.0030181073,0.0037304712,0.0035703818
partition_01_fold_01_35_46,1,fold_01,35,46,0.001400762,0.0015401071,0.0008696162,0.0017008844
partition_01_fold_01_35_48,1,fold_01,35,48,0.0032240418,0.0028331245,0.0038884315,0.003720434
partition_01_fold_01_35_51,1,fold_01,35,51,0.0017137352,0.0024159616,0.0013704303,0.002205842
partition_01_fold_01_35_52,1,fold_01,35,52,0.0031522517,0.002564711,0.0036750727,0.003679791
partition_01_fold_01_35_53,1,fold_01,35,53,0.0020571554,0.0025253645,0.0014742633,0.0020295836
partition_01_fold_01_35_54,1,fold_01,35,54,0.0014537468,0.001412526,0.0015055748,0.001918509
partition_01_fold_01_35_61,1,fold_01,35,61,0.0049672513,0.0026657917,0.005699468,0.0054150955
partition_01_fold_01_35_63,1,fold_01,35,63,0.0023878925,0.0026135452,0.002860425,0.002733656
partition_01_fold_01_36_40,1,fold_01,36,40,0.0018479264,0.0025510262,0.0006619058,0.0017251733
partition_01_fold_01_36_42,1,fold_01,36,42,0.0012762041,0.0020182743,0.0008786989,0.0016945641
partition_01_fold_01_36_43,1,fold_01,36,43,0.0011859799,0.0014123771,0.0006399494,0.0017008844
partition_01_fold_01_36_45,1,fold_01,36,45,0.0030991298,0.008298932,0.0034962385,0.0039997874
partition_01_fold_01_36_46,1,fold_01,36,46,0.0012614183,0.0025444739,0.00044838066,0.0018353143
partition_01_fold_01_36_48,1,fold_01,36,48,0.003158589,0.010097797,0.0038899295,0.004409305
partition_01_fold_01_36_51,1,fold_01,36,51,0.0015840657,0.0015212186,0.00079263246,0.0017524783
partition_01_fold_01_36_52,1,fold_01,36,52,0.00309009,0.002137016,0.003816103,0.0035112703
partition_01_fold_01_36_53,1,fold_01,36,53,0.0019436574,0.0064905565,0.000793292,0.0022488034
partition_01_fold_01_36_54,1,fold_01,36,54,0.0013406636,0.001915186,0.0011267427,0.0016905699
partition_01_fold_01_36_61,1,fold_01,36,61,0.004738332,0.0034181667,0.00572711,0.005385483
partition_01_fold_01_36_63,1,fold_01,36,63,0.0022638442,0.002603075,0.0028748696,0.0024355017
partition_01_fold_01_40_42,1,fold_01,40,42,0.0015564277,0.0021377804,0.0014252869,0.0016945641
partition_01_fold_01_40_43,1,fold_01,40,43,0.0014933007,0.0024030218,0.0009736009,0.0017792673
partition_01_fold_01_40_45,1,fold_01,40,45,0.003362354,0.0040530353,0.0034433687,0.003488144
partition_01_fold_01_40_46,1,fold_01,40,46,0.0015844863,0.002044422,0.0008707888,0.0016945641
partition_01_fold_01_40_48,1,fold_01,40,48,0.0034945053,0.002955925,0.004084769,0.0037153794
partition_01_fold_01_40_51,1,fold_01,40,51,0.001869407,0.002606965,0.0006759533,0.0019639737
partition_01_fold_01_40_52,1,fold_01,40,52,0.00332746,0.0032636775,0.0041514183,0.0041368124
partition_01_fold_01_40_53,1,fold_01,40,53,0.0022206851,0.0032825605,0.00032266186,0.0019119348
partition_01_fold_01_40_54,1,fold_01,40,54,0.0016330271,0.00077450584,0.001278773,0.0016945641
partition_01_fold_01_40_61,1,fold_01,40,61,0.0049865223,0.0025535277,0.00592169,0.005515659
partition_01_fold_01_40_63,1,fold_01,40,63,0.0026017886,0.0025299382,0.0031496924,0.0026378294
partition_01_fold_01_42_43,1,fold_01,42,43,0.00085291936,0.0009491378,0.0006210072,0.0016722301
partition_01_fold_01_42_45,1,fold_01,42,45,0.0027176065,0.004551796,0.0032074335,0.0025797419
partition_01_fold_01_42_46,1,fold_01,42,46,0.0009509227,0.0015215183,0.00059661927,0.0016945641
partition_01_fold_01_42_48,1,fold_01,42,48,0.002891984,0.0039938446,0.0034364134,0.0033004296
partition_01_fold_01_42_51,1,fold_01,42,51,0.0012499338,0.0020365366,0.0011174983,0.0016980796
partition_01_fold_01_42_52,1,fold_01,42,52,0.0028072337,0.0047887126,0.003377028,0.0030143221
partition_01_fold_01_42_53,1,fold_01,42,53,0.0016572858,0.0023320417,0.0015611612,0.0016910561
partition_01_fold_01_42_54,1,fold_01,42,54,0.0010025869,0.0017607965,0.0008519758,0.0016945641
partition_01_fold_01_42_61,1,fold_01,42,61,0.0045279427,0.0025669902,0.005365785,0.004956896
partition_01_fold_01_42_63,1,fold_01,42,63,0.0020121858,0.0023182335,0.0023974162,0.0020301803
partition_01_fold_01_43_45,1,fold_01,43,45,0.0026635593,0.002279375,0.0030314268,0.0024512478
partition_01_fold_01_43_46,1,fold_01,43,46,0.0008090798,0.0027563323,0.00024016768,0.0018501194
partition_01_fold_01_43_48,1,fold_01,43,48,0.00277471,0.0019791203,0.0033577683,0.003061839
partition_01_fold_01_43_51,1,fold_01,43,51,0.0012080686,0.0015274568,0.0006260937,0.0017997805
partition_01_fold_01_43_52,1,fold_01,43,52,0.0027408153,0.0032493651,0.0033643763,0.0030370085
partition_01_fold_01_43_53,1,fold_01,43,53,0.0016056632,0.0019612396,0.001100555,0.0018234374
partition_01_fold_01_43_54,1,fold_01,43,54,0.0009393052,0.001127646,0.00068100437,0.0016842496
partition_01_fold_01_43_61,1,fold_01,43,61,0.0044069183,0.0016443047,0.0052382895,0.0048982194
partition_01_fold_01_43_63,1,fold_01,43,63,0.0019226777,0.0026848922,0.002337823,0.0020056898
partition_01_fold_01_45_46,1,fold_01,45,46,0.0027559248,0.0027639002,0.0031189432,0.0025370591
partition_01_fold_01_45_48,1,fold_01,45,48,0.0046133394,0.015681097,0.00224723,0.0036613347
partition_01_fold_01_45_51,1,fold_01,45,51,0.0029821452,0.0029605508,0.00281439,0.002650684
partition_01_fold_01_45_52,1,fold_01,45,52,0.0044362894,0.0033399032,0.0036384482,0.0036677108
partition_01_fold_01_45_53,1,fold_01,45,53,0.003382955,0.015701665,0.00367391,0.0037601138
partition_01_fold_01_45_54,1,fold_01,45,54,0.002688682,0.0031476323,0.0025830707,0.0023087852
partition_01_fold_01_45_61,1,fold_01,45,61,0.0061897654,0.0035786668,0.0045622154,0.0041317116
partition_01_fold_01_45_63,1,fold_01,45,63,0.0036798872,0.0036071155,0.0024624628,0.002820856
partition_01_fold_01_46_48,1,fold_01,46,48,0.0028612874,0.0035088211,0.0034958478,0.0032725926
partition_01_fold_01_46_51,1,fold_01,46,51,0.0012908982,0.0011934619,0.0006023066,0.0016745558
partition_01_fold_01_46_52,1,fold_01,46,52,0.0028159558,0.0033142925,0.0035037315,0.0032292644
partition_01_fold_01_46_53,1,fold_01,46,53,0.0017141685,0.0023426677,0.0010358474,0.0016945641
partition_01_fold_01_46_54,1,fold_01,46,54,0.0010166783,0.0023831273,0.0007485791,0.0017167727
partition_01_fold_01_46_61,1,fold_01,46,61,0.004440136,0.0019492852,0.0053994474,0.0051939515
partition_01_fold_01_46_63,1,fold_01,46,63,0.0020058886,0.0026386613,0.0024906928,0.002148915
partition_01_fold_01_48_51,1,fold_01,48,51,0.0029839617,0.0033047919,0.0035092116,0.0033307078
partition_01_fold_01_48_52,1,fold_01,48,52,0.0043888134,0.0032078861,0.0016458532,0.002097192
partition_01_fold_01_48_53,1,fold_01,48,53,0.0035353964,0.0030781166,0.004242176,0.0040550046
partition_01_fold_01_48_54,1,fold_01,48,54,0.0029281385,0.006310661,0.0032743514,0.003366026
partition_01_fold_01_48_61,1,fold_01,48,61,0.0064444165,0.0035036993,0.0024698852,0.0024508843
partition_01_fold_01_48_63,1,fold_01,48,63,0.0037444131,0.0031373224,0.001185442,0.0023454244
partition_01_fold_01_51_52,1,fold_01,51,52,0.0030067023,0.003426835,0.0037360261,0.0035817206
partition_01_fold_01_51_53,1,fold_01,51,53,0.0019476688,0.002180714,0.0009151718,0.0022744695
partition_01_fold_01_51_54,1,fold_01,51,54,0.001309259,0.0083534075,0.00069248735,0.0024867472
partition_01_fold_01_51_61,1,fold_01,51,61,0.0046079154,0.0038632725,0.0054838886,0.00541452
partition_01_fold_01_51_63,1,fold_01,51,63,0.0022720427,0.0018268196,0.0026235143,0.0027769199
partition_01_fold_01_52_53,1,fold_01,52,53,0.003464576,0.0026668266,0.00422683,0.0041368124
partition_01_fold_01_52_54,1,fold_01,52,54,0.0028660672,0.0047705066,0.003570486,0.003323213
partition_01_fold_01_52_61,1,fold_01,52,61,0.006347265,0.0027400767,0.0021587193,0.0026156974
partition_01_fold_01_52_63,1,fold_01,52,63,0.0035639077,0.003324662,0.0013180338,0.0023982772
partition_01_fold_01_53_54,1,fold_01,53,54,0.0017329832,0.0027601735,0.0014700072,0.0018902238
partition_01_fold_01_53_61,1,fold_01,53,61,0.0052221166,0.0025601601,0.005988136,0.0060236165
partition_01_fold_01_53_63,1,fold_01,53,63,0.00261861,0.002585959,0.003272286,0.0032791952
partition_01_fold_01_54_61,1,fold_01,54,61,0.004475687,0.0031134621,0.005360581,0.004903105
partition_01_fold_01_54_63,1,fold_01,54,63,0.0020559102,0.0025208136,0.0023885635,0.0020329927
partition_01_fold_01_61_63,1,fold_01,61,63,0.005494026,0.003409807,0.0030294764,0.0032471048
partition_01_fold_00_0_10,1,fold_00,0,10,0.002281441,0.0023135198,0.0005229177,0.0022130234
partition_01_fold_00_0_12,1,fold_00,0,12,0.0030071663,0.0034828759,0.0018424944,0.0026392227
partition_01_fold_00_0_14,1,fold_00,0,14,0.0038209693,0.0029164136,0.0032374335,0.0029373514
partition_01_fold_00_0_20,1,fold_00,0,20,0.0021606307,0.0028973313,0.002889369,0.002728356
partition_01_fold_00_0_21,1,fold_00,0,21,0.0026405235,0.0020092777,0.00093427196,0.002016973
partition_01_fold_00_0_24,1,fold_00,0,24,0.0027753739,0.002409159,0.0034436781,0.0031900038
partition_01_fold_00_0_27,1,fold_00,0,27,0.0015752729,0.001451515,0.0016450936,0.0015392767
partition_01_fold_00_0_28,1,fold_00,0,28,0.0023760684,0.0026573697,0.0007880056,0.0017766278
partition_01_fold_00_0_29,1,fold_00,0,29,0.0016269269,0.0013099527,0.0020706211,0.001684282
partition_01_fold_00_0_33,1,fold_00,0,33,0.0025420582,0.0035583372,0.0020971464,0.0026427566
partition_01_fold_00_0_34,1,fold_00,0,34,0.0022210996,0.002773839,0.0023413708,0.002338247
partition_01_fold_00_0_38,1,fold_00,0,38,0.0015250153,0.00205232,0.0019337141,0.0016921477
partition_01_fold_00_0_39,1,fold_00,0,39,0.0015543132,0.0013403882,0.0020792803,0.0016748841
partition_01_fold_00_0_41,1,fold_00,0,41,0.0021983765,0.0013135042,0.0006732311,0.001698922
partition_01_fold_00_0_47,1,fold_00,0,47,0.0016260695,0.0020654395,0.0017795814,0.001657237
partition_01_fold_00_0_49,1,fold_00,0,49,0.0022700515,0.003033232,0.0022265236,0.0024400705
partition_01_fold_00_0_50,1,fold_00,0,50,0.0019200186,0.0020035633,0.0022191468,0.002232074
partition_01_fold_00_0_55,1,fold_00,0,55,0.0025123353,0.0035263363,0.0010657746,0.0025545037
partition_01_fold_00_0_57,1,fold_00,0,57,0.0024183819,0.0028296716,0.003232134,0.003078951
partition_01_fold_00_0_58,1,fold_00,0,58,0.0032579028,0.0033117393,0.004122546,0.0040670857
partition_01_fold_00_0_62,1,fold_00,0,62,0.0018292617,0.0139265815,0.0017588336,0.0030090322
partition_01_fold_00_10_12,1,fold_00,10,12,0.003121612,0.003508799,0.0018935058,0.0030557176
partition_01_fold_00_10_14,1,fold_00,10,14,0.0039599105,0.0029786434,0.003314961,0.0031133648
partition_01_fold_00_10_20,1,fold_00,10,20,0.0022648082,0.0028465062,0.0031978837,0.002929777
partition_01_fold_00_10_21,1,fold_00,10,21,0.0025020693,0.0029358312,0.0012131127,0.0018344274
partition_01_fold_00_10_24,1,fold_00,10,24,0.0028256571,0.002989071,0.0037556237,0.0036239347
partition_01_fold_00_10_27,1,fold_00,10,27,0.0017007189,0.0015231561,0.001848302,0.0015635836
partition_01_fold_00_10_28,1,fold_00,10,28,0.00253926,0.002778963,0.0002747234,0.002156237
partition_01_fold_00_10_29,1,fold_00,10,29,0.0017397734,0.0025999632,0.0023289514,0.0018823568
partition_01_fold_00_10_33,1,fold_00,10,33,0.0026447016,0.0038437592,0.002353556,0.0027222056
partition_01_fold_00_10_34,1,fold_00,10,34,0.002344044,0.0028255857,0.0026165815,0.0026134492
partition_01_fold_00_10_38,1,fold_00,10,38,0.0016592481,0.0018116424,0.0022124068,0.001761262
partition_01_fold_00_10_39,1,fold_00,10,39,0.0017003941,0.0017708117,0.0023651167,0.0019502298
partition_01_fold_00_10_41,1,fold_00,10,41,0.0023626292,0.0018192611,0.00026642386,0.0016873986
partition_01_fold_00_10_47,1,fold_00,10,47,0.0017442905,0.0018928067,0.002022363,0.0015980041
partition_01_fold_00_10_49,1,fold_00,10,49,0.002386415,0.0025298826,0.002492327,0.0024560045
partition_01_fold_00_10_50,1,fold_00,10,50,0.0018973248,0.0028182585,0.0025394112,0.0022963546
partition_01_fold_00_10_55,1,fold_00,10,55,0.0025968025,0.003216419,0.00056234683,0.0024770848
partition_01_fold_00_10_57,1,fold_00,10,57,0.0025156806,0.0025812152,0.0035244839,0.003192985
partition_01_fold_00_10_58,1,fold_00,10,58,0.0033849892,0.0031951899,0.0043817903,0.004211283
partition_01_fold_00_10_62,1,fold_00,10,62,0.0019087645,0.008008031,0.0019801636,0.0038897526
partition_01_fold_00_12_14,1,fold_00,12,14,0.0046585742,0.005719247,0.001784557,0.0030993207
partition_01_fold_00_12_20,1,fold_00,12,20,0.0029624035,0.003263251,0.0034472125,0.0033017476
partition_01_fold_00_12_21,1,fold_00,12,21,0.003436309,0.0037043516,0.0022031912,0.0025523999
partition_01_fold_00_12_24,1,fold_00,12,24,0.003488003,0.003366342,0.0038913311,0.00406851
partition_01_fold_00_12_27,1,fold_00,12,27,0.0024709676,0.0030047554,0.0026802877,0.0027788843
partition_01_fold_00_12_28,1,fold_00,12,28,0.0032699073,0.0036692042,0.0019938096,0.0030557176
partition_01_fold_00_12_29,1,fold_00,12,29,0.002483741,0.0030988916,0.0029803223,0.0028185362
partition_01_fold_00_12_33,1,fold_00,12,33,0.0034026292,0.0039604497,0.0014551174,0.0031974304
partition_01_fold_00_12_34,1,fold_00,12,34,0.0030766525,0.0034329721,0.0022262204,0.0028578562
partition_01_fold_00_12_38,1,fold_00,12,38,0.0024232862,0.003127665,0.0028642048,0.002671966
partition_01_fold_00_12_39,1,fold_00,12,39,0.0024813672,0.0030241038,0.0029687257,0.0027906003
partition_01_fold_00_12_41,1,fold_00,12,41,0.003105377,0.003404265,0.001878029,0.0023189397
partition_01_fold_00_12_47,1,fold_00,12,47,0.0024869286,0.0034293446,0.002794635,0.0026693728
partition_01_fold_00_12_49,1,fold_00,12,49,0.0030575444,0.003678989,0.0020055359,0.0023901092
partition_01_fold_00_12_50,1,fold_00,12,50,0.002737893,0.0034173937,0.0034897346,0.0035233742
partition_01_fold_00_12_55,1,fold_00,12,55,0.0031171462,0.00328077,0.0020787218,0.0023556114
partition_01_fold_00_12_57,1,fold_00,12,57,0.0031653116,0.0032398307,0.003721235,0.0035151416
partition_01_fold_00_12_58,1,fold_00,12,58,0.0041499417,0.0037944503,0.005114172,0.00501714
partition_01_fold_00_12_62,1,fold_00,12,62,0.0026588403,0.006993628,0.0028625876,0.0029689474
partition_01_fold_00_14_20,1,fold_00,14,20,0.0039389064,0.0070486106,0.0038334415,0.0040376247
partition_01_fold_00_14_21,1,fold_00,14,21,0.0042417147,0.005451282,0.0032784771,0.0037621811
partition_01_fold_00_14_24,1,fold_00,14,24,0.004395409,0.0032622574,0.0038704297,0.003847321
partition_01_fold_00_14_27,1,fold_00,14,27,0.0032541694,0.0091757085,0.0038099624,0.004968316
partition_01_fold_00_14_28,1,fold_00,14,28,0.003980221,0.0024769227,0.0034215124,0.003158549
partition_01_fold_00_14_29,1,fold_00,14,29,0.0032997557,0.0023868524,0.003715724,0.0032246483
partition_01_fold_00_14_33,1,fold_00,14,33,0.004364288,0.003969454,0.0023495913,0.0028206361
partition_01_fold_00_14_34,1,fold_00,14,34,0.0039723497,0.0025483936,0.0028457185,0.0028072714
partition_01_fold_00_14_38,1,fold_00,14,38,0.003244649,0.0018286897,0.003666093,0.0029066177
partition_01_fold_00_14_39,1,fold_00,14,39,0.0032904241,0.0019417097,0.0037176027,0.0028826408
partition_01_fold_00_14_41,1,fold_00,14,41,0.0038861486,0.0052805035,0.0033423475,0.0034452127
partition_01_fold_00_14_47,1,fold_00,14,47,0.003285663,0.0014652755,0.003866876,0.0034610687
partition_01_fold_00_14_49,1,fold_00,14,49,0.0038407946,0.0023359298,0.0028148484,0.0024860785
partition_01_fold_00_14_50,1,fold_00,14,50,0.0036094075,0.0046431175,0.00436705,0.00463465
partition_01_fold_00_14_55,1,fold_00,14,55,0.004129643,0.0038476917,0.0035487846,0.0033207135
partition_01_fold_00_14_57,1,fold_00,14,57,0.00406477,0.0024291668,0.003967652,0.0038573777
partition_01_fold_00_14_58,1,fold_00,14,58,0.005153591,0.0036938665,0.005282417,0.005073672
partition_01_fold_00_14_62,1,fold_00,14,62,0.003433457,0.0077080415,0.004095332,0.0044714906
partition_01_fold_00_20_21,1,fold_00,20,21,0.0025616353,0.0025954542,0.0032082133,0.0029197498
partition_01_fold_00_20_24,1,fold_00,20,24,0.00274292,0.0029097695,0.0010108151,0.0021153279
partition_01_fold_00_20_27,1,fold_00,20,27,0.0015677965,0.0014531513,0.0017278421,0.0016855078
partition_01_fold_00_20_28,1,fold_00,20,28,0.0024297994,0.0027873844,0.0034338695,0.0032991914
partition_01_fold_00_20_29,1,fold_00,20,29,0.0015989415,0.0028974093,0.0009706459,0.0019410377
partition_01_fold_00_20_33,1,fold_00,20,33,0.0025333958,0.002827665,0.0023561537,0.002713598
partition_01_fold_00_20_34,1,fold_00,20,34,0.0022003066,0.003104511,0.0015113762,0.0020370134
partition_01_fold_00_20_38,1,fold_00,20,38,0.0015050318,0.0015470217,0.001061167,0.0016718787
partition_01_fold_00_20_39,1,fold_00,20,39,0.0015592116,0.0012145042,0.00091403665,0.0018311624
partition_01_fold_00_20_41,1,fold_00,20,41,0.0022343835,0.0034407177,0.0031744028,0.0033641132
partition_01_fold_00_20_47,1,fold_00,20,47,0.0016093287,0.0026892517,0.001550739,0.0016614107
partition_01_fold_00_20_49,1,fold_00,20,49,0.0022515457,0.0037605173,0.00185383,0.0022693472
partition_01_fold_00_20_50,1,fold_00,20,50,0.0019087937,0.002635295,0.0014071118,0.0021409618
partition_01_fold_00_20_55,1,fold_00,20,55,0.0024435115,0.003193722,0.0036413707,0.0033835433
partition_01_fold_00_20_57,1,fold_00,20,57,0.002371808,0.0031155653,0.00037834645,0.0022933802
partition_01_fold_00_20_58,1,fold_00,20,58,0.0033078433,0.0061834655,0.0021409239,0.0026391249
partition_01_fold_00_20_62,1,fold_00,20,62,0.001778856,0.0057705855,0.0019384973,0.0023815017
partition_01_fold_00_21_24,1,fold_00,21,24,0.003197587,0.0025783787,0.0035312043,0.0031727403
partition_01_fold_00_21_27,1,fold_00,21,27,0.0020598765,0.002372195,0.002343595,0.0017956778
partition_01_fold_00_21_28,1,fold_00,21,28,0.0029799275,0.0020522769,0.0013813834,0.0019984897
partition_01_fold_00_21_29,1,fold_00,21,29,0.0020839164,0.0027158961,0.0025000798,0.0022754963
partition_01_fold_00_21_33,1,fold_00,21,33,0.002989338,0.0044550947,0.0026254302,0.003096887
partition_01_fold_00_21_34,1,fold_00,21,34,0.0027012709,0.0032869973,0.002874386,0.0028520555
partition_01_fold_00_21_38,1,fold_00,21,38,0.0020014287,0.0016876241,0.0023841525,0.0019502298
partition_01_fold_00_21_39,1,fold_00,21,39,0.0020431578,0.0016723761,0.0025054552,0.0020938574
partition_01_fold_00_21_41,1,fold_00,21,41,0.0026961518,0.0032467043,0.0014646075,0.0016753814
partition_01_fold_00_21_47,1,fold_00,21,47,0.0021101453,0.0014732236,0.0024224136,0.0020134454
partition_01_fold_00_21_49,1,fold_00,21,49,0.0027246193,0.003993583,0.002819697,0.0025589915
partition_01_fold_00_21_50,1,fold_00,21,50,0.00229285,0.0028795747,0.0025232197,0.0023462512
partition_01_fold_00_21_55,1,fold_00,21,55,0.002961396,0.0027497637,0.0016825564,0.0021408254
partition_01_fold_00_21_57,1,fold_00,21,57,0.0028029587,0.0030204076,0.0035251325,0.0031879204
partition_01_fold_00_21_58,1,fold_00,21,58,0.0037759787,0.0053510983,0.0040995064,0.0040462227
partition_01_fold_00_21_62,1,fold_00,21,62,0.0022792506,0.007304046,0.002473506,0.003951466
partition_01_fold_00_24_27,1,fold_00,24,27,0.0021598153,0.004368309,0.002598845,0.0032199542
partition_01_fold_00_24_28,1,fold_00,24,28,0.0030242233,0.0027007454,0.003988786,0.0038754076
partition_01_fold_00_24_29,1,fold_00,24,29,0.0022027593,0.004529536,0.0017360051,0.002103506
partition_01_fold_00_24_33,1,fold_00,24,33,0.0031075967,0.0045943977,0.00295824,0.0030639747
partition_01_fold_00_24_34,1,fold_00,24,34,0.002795144,0.003146955,0.0022115067,0.0022968003
partition_01_fold_00_24_38,1,fold_00,24,38,0.0021165996,0.001248891,0.0018459124,0.001710096
partition_01_fold_00_24_39,1,fold_00,24,39,0.002164779,0.008974626,0.001721065,0.002396445
partition_01_fold_00_24_41,1,fold_00,24,41,0.0028158661,0.0042348285,0.003781339,0.0035524203
partition_01_fold_00_24_47,1,fold_00,24,47,0.0022235466,0.0017580201,0.0024425418,0.0019784535
partition_01_fold_00_24_49,1,fold_00,24,49,0.002776579,0.0037080252,0.002581665,0.0025399814
partition_01_fold_00_24_50,1,fold_00,24,50,0.0025034153,0.0038623319,0.0020691974,0.0022958026
partition_01_fold_00_24_55,1,fold_00,24,55,0.0030236165,0.0035583167,0.004228538,0.0042016553
partition_01_fold_00_24_57,1,fold_00,24,57,0.0028978153,0.003082057,0.00081454264,0.0021001555
partition_01_fold_00_24_58,1,fold_00,24,58,0.003885093,0.005810023,0.0016948113,0.0031208429
partition_01_fold_00_24_62,1,fold_00,24,62,0.0024066959,0.004807215,0.0028497702,0.0028336053
partition_01_fold_00_27_28,1,fold_00,27,28,0.0018712508,0.0018725949,0.0020497746,0.0016213412
partition_01_fold_00_27_29,1,fold_00,27,29,0.001050526,0.0011182665,0.0008940241,0.0016050439
partition_01_fold_00_27_33,1,fold_00,27,33,0.0019260648,0.0029928104,0.0019575595,0.0020511157
partition_01_fold_00_27_34,1,fold_00,27,34,0.0016655782,0.00470321,0.0015604956,0.0017181817
partition_01_fold_00_27_38,1,fold_00,27,38,0.0008891254,0.0010699253,0.000771157,0.001524359
partition_01_fold_00_27_39,1,fold_00,27,39,0.0009003219,0.0013954949,0.00089026603,0.0015675
partition_01_fold_00_27_41,1,fold_00,27,41,0.00162959,0.002043906,0.0017501722,0.0016037642
partition_01_fold_00_27_47,1,fold_00,27,47,0.0009892908,0.0016501301,0.00022420422,0.0015675
partition_01_fold_00_27_49,1,fold_00,27,49,0.0017210635,0.0038859171,0.0015817734,0.0019966762
partition_01_fold_00_27_50,1,fold_00,27,50,0.0013365934,0.0028641731,0.0011951851,0.0018508828
partition_01_fold_00_27_55,1,fold_00,27,55,0.001971436,0.0018956546,0.0021894563,0.0020982618
partition_01_fold_00_27_57,1,fold_00,27,57,0.0018675097,0.0007320996,0.002066462,0.0016293897
partition_01_fold_00_27_58,1,fold_00,27,58,0.0026746956,0.004635078,0.0032636754,0.0035532955
partition_01_fold_00_27_62,1,fold_00,27,62,0.00119036,0.00309971,0.00039879864,0.0019273671
partition_01_fold_00_28_29,1,fold_00,28,29,0.001936612,0.002390757,0.0025509237,0.0021779996
partition_01_fold_00_28_33,1,fold_00,28,33,0.0028377103,0.0035544727,0.0025584758,0.0028079946
partition_01_fold_00_28_34,1,fold_00,28,34,0.002511865,0.0025898162,0.0028412978,0.0028163039
partition_01_fold_00_28_38,1,fold_00,28,38,0.0018335906,0.0021240506,0.0024415266,0.0020203586
partition_01_fold_00_28_39,1,fold_00,28,39,0.0018632227,0.0014747293,0.0025953671,0.0021278467
partition_01_fold_00_28_41,1,fold_00,28,41,0.0025286234,0.0027590517,0.00034128127,0.0017483943
partition_01_fold_00_28_47,1,fold_00,28,47,0.0018663352,0.0024900082,0.0022348,0.0018695527
partition_01_fold_00_28_49,1,fold_00,28,49,0.0025358514,0.0026584987,0.0027091573,0.002759411
partition_01_fold_00_28_50,1,fold_00,28,50,0.0022023695,0.0021872781,0.0027639843,0.0025762182
partition_01_fold_00_28_55,1,fold_00,28,55,0.0027863143,0.0032207435,0.0003158514,0.0025374966
partition_01_fold_00_28_57,1,fold_00,28,57,0.0026746625,0.0026714979,0.0037544752,0.0034819772
partition_01_fold_00_28_58,1,fold_00,28,58,0.0035588986,0.0033431815,0.0045801084,0.0047732964
partition_01_fold_00_28_62,1,fold_00,28,62,0.0020828643,0.019157307,0.0021749903,0.0039221416
partition_01_fold_00_29_33,1,fold_00,29,33,0.0019445127,0.004011657,0.0021514844,0.0023065354
partition_01_fold_00_29_34,1,fold_00,29,34,0.001700818,0.0028308262,0.0014993447,0.0020954355
partition_01_fold_00_29_38,1,fold_00,29,38,0.0009475225,0.0017711405,0.00018267745,0.0015392767
partition_01_fold_00_29_39,1,fold_00,29,39,0.0010063002,0.0018219965,0.00015721883,0.0015558617
partition_01_fold_00_29_41,1,fold_00,29,41,0.0016682046,0.010141182,0.0022976801,0.004506512
partition_01_fold_00_29_47,1,fold_00,29,47,0.0010807072,0.003275229,0.0007646753,0.0018508828
partition_01_fold_00_29_49,1,fold_00,29,49,0.001737444,0.0047790483,0.0017198544,0.002088486
partition_01_fold_00_29_50,1,fold_00,29,50,0.00137088,0.002924138,0.00086118456,0.0017889553
partition_01_fold_00_29_55,1,fold_00,29,55,0.0019509814,0.0031957976,0.002749266,0.002672639
partition_01_fold_00_29_57,1,fold_00,29,57,0.0018769387,0.002161799,0.001287689,0.00177865
partition_01_fold_00_29_58,1,fold_00,29,58,0.002747001,0.0026376355,0.0024497677,0.002627638
partition_01_fold_00_29_62,1,fold_00,29,62,0.0012768533,0.013222449,0.0011826768,0.0045100795
partition_01_fold_00_33_34,1,fold_00,33,34,0.0026587704,0.0038841448,0.00091879984,0.003081802
partition_01_fold_00_33_38,1,fold_00,33,38,0.0018725473,0.0030131068,0.002036384,0.0021879738
partition_01_fold_00_33_39,1,fold_00,33,39,0.0019070416,0.0036330365,0.0020882636,0.0022354047
partition_01_fold_00_33_41,1,fold_00,33,41,0.0025759374,0.0035866413,0.0022848821,0.002691504
partition_01_fold_00_33_47,1,fold_00,33,47,0.0019893681,0.0033750762,0.0019807727,0.0021751043
partition_01_fold_00_33_49,1,fold_00,33,49,0.00269179,0.0034964932,0.0006376527,0.0023931798
partition_01_fold_00_33_50,1,fold_00,33,50,0.0023133764,0.0044034887,0.0027052672,0.0028480783
partition_01_fold_00_33_55,1,fold_00,33,55,0.002906906,0.003502379,0.0026909967,0.003405776
partition_01_fold_00_33_57,1,fold_00,33,57,0.0028400314,0.0029862993,0.0026245608,0.0029025944
partition_01_fold_00_33_58,1,fold_00,33,58,0.003762229,0.003908088,0.004338935,0.004183675
partition_01_fold_00_33_62,1,fold_00,33,62,0.0021897913,0.0052970797,0.0021103935,0.0026776541
partition_01_fold_00_34_38,1,fold_00,34,38,0.0015933686,0.0016022187,0.0014298538,0.0016718787
partition_01_fold_00_34_39,1,fold_00,34,39,0.0016127051,0.0018669177,0.0014288902,0.0016243223
partition_01_fold_00_34_41,1,fold_00,34,41,0.0022615308,0.0022445596,0.0025390836,0.0023280233
partition_01_fold_00_34_47,1,fold_00,34,47,0.00168999,0.0019147777,0.0015082692,0.0017087571
partition_01_fold_00_34_49,1,fold_00,34,49,0.0023498975,0.00262458,0.00038803017,0.0017843054
partition_01_fold_00_34_50,1,fold_00,34,50,0.0020078083,0.002686129,0.0021435164,0.0021881834
partition_01_fold_00_34_55,1,fold_00,34,55,0.002532721,0.0032617354,0.002995963,0.003059982
partition_01_fold_00_34_57,1,fold_00,34,57,0.0023895102,0.0028620479,0.0017575979,0.002020721
partition_01_fold_00_34_58,1,fold_00,34,58,0.0033727866,0.0036285513,0.0035908709,0.0034702497
partition_01_fold_00_34_62,1,fold_00,34,62,0.0018840546,0.005167807,0.001763086,0.0023339451
partition_01_fold_00_38_39,1,fold_00,38,39,0.0008497751,0.0014928323,0.00015557435,0.0015889581
partition_01_fold_00_38_41,1,fold_00,38,41,0.0015593644,0.0009227765,0.0021822166,0.0015898385
partition_01_fold_00_38_47,1,fold_00,38,47,0.00092899025,0.0013326758,0.00063613214,0.0016365148
partition_01_fold_00_38_49,1,fold_00,38,49,0.0016669161,0.003713769,0.0016207165,0.0032819035
partition_01_fold_00_38_50,1,fold_00,38,50,0.0012673324,0.0017432491,0.0008351386,0.0015392767
partition_01_fold_00_38_55,1,fold_00,38,55,0.0019071419,0.0024315922,0.0026426625,0.002286864
partition_01_fold_00_38_57,1,fold_00,38,57,0.0018169321,0.002063605,0.0014018835,0.0016207194
partition_01_fold_00_38_58,1,fold_00,38,58,0.002682991,0.002919403,0.0025874386,0.0026011479
partition_01_fold_00_38_62,1,fold_00,38,62,0.0011539523,0.001677025,0.0010522357,0.002219376
partition_01_fold_00_39_41,1,fold_00,39,41,0.0015773649,0.0017449612,0.0023363489,0.001856951
partition_01_fold_00_39_47,1,fold_00,39,47,0.00088681484,0.0016026078,0.00073394884,0.0015987933
partition_01_fold_00_39_49,1,fold_00,39,49,0.0017458576,0.0029583774,0.001646907,0.0020034385
partition_01_fold_00_39_50,1,fold_00,39,50,0.0013181936,0.0021658882,0.0008205599,0.0015601781
partition_01_fold_00_39_55,1,fold_00,39,55,0.001965568,0.003051826,0.002797471,0.0024192664
partition_01_fold_00_39_57,1,fold_00,39,57,0.0018421707,0.0027484368,0.0012559692,0.0016815305
partition_01_fold_00_39_58,1,fold_00,39,58,0.0026333379,0.0033495203,0.0024827314,0.0025532404
partition_01_fold_00_39_62,1,fold_00,39,62,0.0011922129,0.0016046574,0.0011476704,0.0016481853
partition_01_fold_00_41_47,1,fold_00,41,47,0.0016348965,0.0021959906,0.0019405514,0.0016231003
partition_01_fold_00_41_49,1,fold_00,41,49,0.0023727517,0.004175919,0.0024002516,0.0030278612
partition_01_fold_00_41_50,1,fold_00,41,50,0.0019965633,0.0050133434,0.0025501568,0.0024813067
partition_01_fold_00_41_55,1,fold_00,41,55,0.002593312,0.0027818955,0.0004892345,0.0022220295
partition_01_fold_00_41_57,1,fold_00,41,57,0.002470196,0.0031476018,0.0034997924,0.0029400797
partition_01_fold_00_41_58,1,fold_00,41,58,0.0033361337,0.0031044304,0.004433108,0.0041215955
partition_01_fold_00_41_62,1,fold_00,41,62,0.0018509133,0.0077290325,0.0018778441,0.0023606839
partition_01_fold_00_47_49,1,fold_00,47,49,0.0017882234,0.0031030443,0.0015636752,0.0018508828
partition_01_fold_00_47_50,1,fold_00,47,50,0.0013651492,0.0015103676,0.0010327593,0.0015515552
partition_01_fold_00_47_55,1,fold_00,47,55,0.0020005899,0.002782967,0.0023885288,0.002356893
partition_01_fold_00_47_57,1,fold_00,47,57,0.0018819412,0.0017393786,0.0018956418,0.0015681298
partition_01_fold_00_47_58,1,fold_00,47,58,0.0027367051,0.0030084983,0.0031131557,0.002948451
partition_01_fold_00_47_62,1,fold_00,47,62,0.0012750012,0.0023199094,0.0004289546,0.0016647702
partition_01_fold_00_49_50,1,fold_00,49,50,0.0020422332,0.003574467,0.0023051638,0.0022613553
partition_01_fold_00_49_55,1,fold_00,49,55,0.0025488234,0.003337012,0.0028435655,0.002693376
partition_01_fold_00_49_57,1,fold_00,49,57,0.0024679422,0.0030293888,0.002121415,0.0019255931
partition_01_fold_00_49_58,1,fold_00,49,58,0.0033925446,0.0045934916,0.003924014,0.004410137
partition_01_fold_00_49_62,1,fold_00,49,62,0.001932838,0.0066447435,0.0017352819,0.0020945922
partition_01_fold_00_50_55,1,fold_00,50,55,0.0022743568,0.0027184621,0.002979584,0.0027781725
partition_01_fold_00_50_57,1,fold_00,50,57,0.0021653962,0.0026313202,0.0017090726,0.00208258
partition_01_fold_00_50_58,1,fold_00,50,58,0.0030371938,0.0037543187,0.0023149643,0.0024444533
partition_01_fold_00_50_62,1,fold_00,50,62,0.0015703613,0.027267778,0.0012464328,0.006620574
partition_01_fold_00_55_57,1,fold_00,55,57,0.002632014,0.0028308542,0.0039592097,0.0037815345
partition_01_fold_00_55_58,1,fold_00,55,58,0.0036276795,0.003644259,0.004817306,0.0048546484
partition_01_fold_00_55_62,1,fold_00,55,62,0.0021496452,0.009433197,0.0022973488,0.0025930735
partition_01_fold_00_57_58,1,fold_00,57,58,0.0035387313,0.0033353092,0.0020003635,0.0025979523
partition_01_fold_00_57_62,1,fold_00,57,62,0.0020618085,0.0035981722,0.0022839676,0.0025783875
partition_01_fold_00_58_62,1,fold_00,58,62,0.0029276048,0.003969113,0.0034465224,0.0034873951
partition_03_fold_02_3_7,3,fold_02,3,7,0.00064403523,0.002133806,0.00018281855,0.0019874815
partition_03_fold_02_3_9,3,fold_02,3,9,0.0013078556,0.0020680353,0.0013102528,0.0019874815
partition_03_fold_02_3_10,3,fold_02,3,10,0.001586192,0.002130017,0.0017291335,0.0020095445
partition_03_fold_02_3_13,3,fold_02,3,13,0.0010406226,0.0020680353,0.0006924514,0.0019874815
partition_03_fold_02_3_14,3,fold_02,3,14,0.0031677526,0.002193821,0.0038075007,0.0030787678
partition_03_fold_02_3_16,3,fold_02,3,16,0.0009878675,0.002195731,0.00047858246,0.0020034236
partition_03_fold_02_3_22,3,fold_02,3,22,0.031801462,0.00214484,0.035615932,0.003595642
partition_03_fold_02_3_24,3,fold_02,3,24,0.0020549335,0.0021725155,0.002432007,0.0023565835
partition_03_fold_02_3_26,3,fold_02,3,26,0.0043193623,0.002382437,0.0050170347,0.003801958
partition_03_fold_02_3_27,3,fold_02,3,27,0.00080677355,0.0020790694,0.00020414179,0.0019874815
partition_03_fold_02_3_29,3,fold_02,3,29,0.00092104246,0.002133806,0.0002796974,0.0019874815
partition_03_fold_02_3_30,3,fold_02,3,30,0.0022902964,0.0021578446,0.0025430673,0.002412354
partition_03_fold_02_3_33,3,fold_02,3,33,0.0018171358,0.0025443658,0.0021454364,0.0021825912
partition_03_fold_02_3_39,3,fold_02,3,39,0.000699759,0.0020680353,0.0001337823,0.0019874815
partition_03_fold_02_3_40,3,fold_02,3,40,0.0014653297,0.002092074,0.0014373657,0.0019874815
partition_03_fold_02_3_43,3,fold_02,3,43,0.00071406516,0.002135687,0.00019980989,0.0020034236
partition_03_fold_02_3_50,3,fold_02,3,50,0.0012235807,0.002092074,0.0012314381,0.0019874815
partition_03_fold_02_3_52,3,fold_02,3,52,0.0027402893,0.0022176395,0.0032178708,0.0028843242
partition_03_fold_02_3_53,3,fold_02,3,53,0.0015617856,0.0021578446,0.0015795667,0.0019874815
partition_03_fold_02_3_60,3,fold_02,3,60,0.00068193616,0.002133806,0.00016600789,0.0019874815
partition_03_fold_02_7_9,3,fold_02,7,9,0.0012487966,0.00214484,0.0012252898,0.0019874815
partition_03_fold_02_7_10,3,fold_02,7,10,0.0015188848,0.002092074,0.0015817755,0.0019874815
partition_03_fold_02_7_13,3,fold_02,7,13,0.0009528497,0.002133806,0.0007328725,0.0019874815
partition_03_fold_02_7_14,3,fold_02,7,14,0.0030570081,0.0022135517,0.0037896007,0.0030567048
partition_03_fold_02_7_16,3,fold_02,7,16,0.0009273886,0.0022570181,0.0005619053,0.0020009347
partition_03_fold_02_7_22,3,fold_02,7,22,0.032725923,0.0022333344,0.03552025,0.0036090952
partition_03_fold_02_7_24,3,fold_02,7,24,0.0019747037,0.0022124103,0.002446665,0.0023700367
partition_03_fold_02_7_26,3,fold_02,7,26,0.004211373,0.0024675452,0.004997324,0.003801958
partition_03_fold_02_7_27,3,fold_02,7,27,0.0007787317,0.0021675571,0.00029329714,0.0019874815
partition_03_fold_02_7_29,3,fold_02,7,29,0.0008249651,0.0022333344,0.00037774793,0.0020009347
partition_03_fold_02_7_30,3,fold_02,7,30,0.0022070836,0.0022392604,0.0024559048,0.0023870638
partition_03_fold_02_7_33,3,fold_02,7,33,0.0017108469,0.0025184362,0.0021669285,0.002153097
partition_03_fold_02_7_39,3,fold_02,7,39,0.0007400321,0.0020790694,0.0002181812,0.0019874815
partition_03_fold_02_7_40,3,fold_02,7,40,0.0013621591,0.002133806,0.001379999,0.0019874815
partition_03_fold_02_7_43,3,fold_02,7,43,0.00069855945,0.002133806,0.00017662444,0.0019874815
partition_03_fold_02_7_50,3,fold_02,7,50,0.0011490713,0.0021645038,0.0010723267,0.0020045086
partition_03_fold_02_7_52,3,fold_02,7,52,0.0026128655,0.0022310438,0.0032090603,0.0028977774
partition_03_fold_02_7_53,3,fold_02,7,53,0.0014419027,0.0022443684,0.0015115537,0.0020009347
partition_03_fold_02_7_60,3,fold_02,7,60,0.0005933229,0.0023826235,8.061727e-05,0.002033904
partition_03_fold_02_9_10,3,fold_02,9,10,0.002092764,0.0022976422,0.0007712015,0.0020364774
partition_03_fold_02_9_13,3,fold_02,9,13,0.001578187,0.0020790694,0.00090178853,0.0019874815
partition_03_fold_02_9_14,3,fold_02,9,14,0.0037457256,0.0024581372,0.003597493,0.003231155
partition_03_fold_02_9_16,3,fold_02,9,16,0.0016056558,0.002133806,0.0013590602,0.0019874815
partition_03_fold_02_9_22,3,fold_02,9,22,0.03409142,0.002133806,0.035451706,0.003595642
partition_03_fold_02_9_24,3,fold_02,9,24,0.0026234344,0.0024633855,0.0025974156,0.002483413
partition_03_fold_02_9_26,3,fold_02,9,26,0.004831195,0.0031182081,0.004830089,0.004054537
partition_03_fold_02_9_27,3,fold_02,9,27,0.0014420575,0.0020680353,0.001468175,0.0019874815
partition_03_fold_02_9_29,3,fold_02,9,29,0.0014916728,0.002126521,0.0015080993,0.0019874815
partition_03_fold_02_9_30,3,fold_02,9,30,0.0028801176,0.0020708835,0.0030317495,0.0027928012
partition_03_fold_02_9_33,3,fold_02,9,33,0.0024150591,0.0031876941,0.0024092598,0.0028200164
partition_03_fold_02_9_39,3,fold_02,9,39,0.0014054514,0.0020790694,0.0013592858,0.0019874815
partition_03_fold_02_9_40,3,fold_02,9,40,0.0019928946,0.0020680353,0.0022981889,0.002218602
partition_03_fold_02_9_43,3,fold_02,9,43,0.0013743022,0.0020680353,0.001391335,0.0019874815
partition_03_fold_02_9_50,3,fold_02,9,50,0.0017716109,0.0020915319,0.0006928899,0.0019874815
partition_03_fold_02_9_52,3,fold_02,9,52,0.0032146398,0.002954668,0.003256989,0.0032709152
partition_03_fold_02_9_53,3,fold_02,9,53,0.0020880585,0.0022039383,0.002287023,0.002214879
partition_03_fold_02_9_60,3,fold_02,9,60,0.0012788587,0.00214484,0.0012870412,0.0019874815
partition_03_fold_02_10_13,3,fold_02,10,13,0.0018467205,0.002248919,0.0015260209,0.0020364774
partition_03_fold_02_10_14,3,fold_02,10,14,0.0039599105,0.0031172473,0.0037632184,0.0034837362
partition_03_fold_02_10_16,3,fold_02,10,16,0.0018523897,0.0023663577,0.0018170781,0.0020364774
partition_03_fold_02_10_22,3,fold_02,10,22,0.03076046,0.0023689724,0.03509304,0.003779895
partition_03_fold_02_10_24,3,fold_02,10,24,0.0028256571,0.0030533208,0.0028887666,0.0029577664
partition_03_fold_02_10_26,3,fold_02,10,26,0.005028077,0.0034948457,0.004970789,0.004054537
partition_03_fold_02_10_27,3,fold_02,10,27,0.0017007189,0.0020771716,0.0018492319,0.0019950983
partition_03_fold_02_10_29,3,fold_02,10,29,0.0017397734,0.0022094394,0.001908046,0.0020121254
partition_03_fold_02_10_30,3,fold_02,10,30,0.002876847,0.002294692,0.0027766577,0.0026238186
partition_03_fold_02_10_33,3,fold_02,10,33,0.0026447016,0.0035135015,0.002729881,0.0028785865
partition_03_fold_02_10_39,3,fold_02,10,39,0.0017003941,0.002071883,0.0017573594,0.0019874815
partition_03_fold_02_10_40,3,fold_02,10,40,0.002240051,0.00251427,0.002286828,0.0023387652
partition_03_fold_02_10_43,3,fold_02,10,43,0.0016657888,0.0020680353,0.0017339949,0.0019874815
partition_03_fold_02_10_50,3,fold_02,10,50,0.0018973248,0.002294692,0.00053858943,0.0020265717
partition_03_fold_02_10_52,3,fold_02,10,52,0.00339169,0.0031297286,0.0034515886,0.00346008
partition_03_fold_02_10_53,3,fold_02,10,53,0.0023648757,0.003057184,0.0022259678,0.002551921
partition_03_fold_02_10_60,3,fold_02,10,60,0.0015165312,0.002133806,0.001642772,0.0019874815
partition_03_fold_02_13_14,3,fold_02,13,14,0.0033782574,0.0022665618,0.0037290982,0.003209092
partition_03_fold_02_13_16,3,fold_02,13,16,0.0013107575,0.002133806,0.00063108315,0.0019874815
partition_03_fold_02_13_22,3,fold_02,13,22,0.03828377,0.002133806,0.03581814,0.003595642
partition_03_fold_02_13_24,3,fold_02,13,24,0.002359357,0.0023118511,0.0024102647,0.0024055794
partition_03_fold_02_13_26,3,fold_02,13,26,0.0045713126,0.0030538691,0.005019749,0.004054537
partition_03_fold_02_13_27,3,fold_02,13,27,0.0011440129,0.0020680353,0.00084761146,0.0019874815
partition_03_fold_02_13_29,3,fold_02,13,29,0.0012023994,0.002133806,0.00088664243,0.0019874815
partition_03_fold_02_13_30,3,fold_02,13,30,0.002549638,0.002133806,0.00282616,0.0026117214
partition_03_fold_02_13_33,3,fold_02,13,33,0.0021218383,0.003101072,0.0021601443,0.0025042775
partition_03_fold_02_13_39,3,fold_02,13,39,0.0011145375,0.0020680353,0.00075741933,0.0019874815
partition_03_fold_02_13_40,3,fold_02,13,40,0.0017021454,0.002294692,0.0018859099,0.0020341885
partition_03_fold_02_13_43,3,fold_02,13,43,0.0010512358,0.0020680353,0.0008691652,0.0019874815
partition_03_fold_02_13_50,3,fold_02,13,50,0.0014843823,0.0020680353,0.0011807606,0.0019874815
partition_03_fold_02_13_52,3,fold_02,13,52,0.002954054,0.0024642157,0.003251423,0.003024175
partition_03_fold_02_13_53,3,fold_02,13,53,0.0018255042,0.002133806,0.0019296732,0.0019994017
partition_03_fold_02_13_60,3,fold_02,13,60,0.0009953723,0.002133806,0.00077784754,0.0019874815
partition_03_fold_02_14_16,3,fold_02,14,16,0.0034616913,0.0023954385,0.0041726464,0.0035665345
partition_03_fold_02_14_22,3,fold_02,14,22,0.03729155,0.0021573026,0.032632265,0.003645885
partition_03_fold_02_14_24,3,fold_02,14,24,0.004395409,0.0027695536,0.001687752,0.0022110073
partition_03_fold_02_14_26,3,fold_02,14,26,0.0067114835,0.0034830642,0.0016738798,0.002659465
partition_03_fold_02_14_27,3,fold_02,14,27,0.0032541694,0.0021017864,0.0039783265,0.0031412279
partition_03_fold_02_14_29,3,fold_02,14,29,0.0032997557,0.00226941,0.0040369784,0.0033254807
partition_03_fold_02_14_30,3,fold_02,14,30,0.0044979886,0.0025727556,0.0052024876,0.0038519297
partition_03_fold_02_14_33,3,fold_02,14,33,0.004364288,0.0035135015,0.0019362496,0.0026713852
partition_03_fold_02_14_39,3,fold_02,14,39,0.0032904241,0.002135687,0.0039329953,0.0031205874
partition_03_fold_02_14_40,3,fold_02,14,40,0.003740564,0.0024160878,0.004495029,0.003801958
partition_03_fold_02_14_43,3,fold_02,14,43,0.0032193542,0.0020680353,0.0038567903,0.0031205874
partition_03_fold_02_14_50,3,fold_02,14,50,0.0036094075,0.0025236772,0.0036697,0.0032839822
partition_03_fold_02_14_52,3,fold_02,14,52,0.0050202273,0.0031490074,0.00082558667,0.0024395105
partition_03_fold_02_14_53,3,fold_02,14,53,0.003833557,0.0024633855,0.004505396,0.003807799
partition_03_fold_02_14_60,3,fold_02,14,60,0.0030985964,0.002133806,0.0038425797,0.0030985635
partition_03_fold_02_16_22,3,fold_02,16,22,0.035658408,0.0022454737,0.03605737,0.0036090952
partition_03_fold_02_16_24,3,fold_02,16,24,0.0023192277,0.0023623002,0.0027602974,0.0026471775
partition_03_fold_02_16_26,3,fold_02,16,26,0.0045676664,0.0031996116,0.0054248683,0.004054537
partition_03_fold_02_16_27,3,fold_02,16,27,0.0010886604,0.0023126316,0.000459943,0.0020204508
partition_03_fold_02_16_29,3,fold_02,16,29,0.0011791277,0.0022333344,0.0004768056,0.0020009347
partition_03_fold_02_16_30,3,fold_02,16,30,0.0025770604,0.0022085626,0.0025106333,0.0024258073
partition_03_fold_02_16_33,3,fold_02,16,33,0.0020305444,0.003196081,0.0024801728,0.0027349405
partition_03_fold_02_16_39,3,fold_02,16,39,0.0011034061,0.0021299603,0.00043051632,0.0019874815
partition_03_fold_02_16_40,3,fold_02,16,40,0.0017486934,0.0021359203,0.0014874765,0.0019874815
partition_03_fold_02_16_43,3,fold_02,16,43,0.0010696778,0.002133806,0.0005954416,0.0019874815
partition_03_fold_02_16_50,3,fold_02,16,50,0.0014977928,0.0021539764,0.0013894321,0.0019874815
partition_03_fold_02_16_52,3,fold_02,16,52,0.002936661,0.002825257,0.0036118818,0.0033448471
partition_03_fold_02_16_53,3,fold_02,16,53,0.0018420197,0.0024795348,0.0015943459,0.0020499306
partition_03_fold_02_16_60,3,fold_02,16,60,0.0009592524,0.0022704876,0.000546263,0.0020168768
partition_03_fold_02_22_24,3,fold_02,22,24,0.039609022,0.002247588,0.033893324,0.0036593382
partition_03_fold_02_22_26,3,fold_02,22,26,0.043281827,0.0028954314,0.031625908,0.003987176
partition_03_fold_02_22_27,3,fold_02,22,27,0.034650285,0.002133806,0.03570987,0.003595642
partition_03_fold_02_22_29,3,fold_02,22,29,0.037324343,0.0022333344,0.03577549,0.0036090952
partition_03_fold_02_22_30,3,fold_02,22,30,0.03751086,0.0022640321,0.03546808,0.0036261224
partition_03_fold_02_22_33,3,fold_02,22,33,0.03664586,0.002946291,0.03410472,0.003987176
partition_03_fold_02_22_39,3,fold_02,22,39,0.039720647,0.0020708835,0.035696294,0.003595642
partition_03_fold_02_22_40,3,fold_02,22,40,0.034286115,0.002133806,0.03547813,0.003595642
partition_03_fold_02_22_43,3,fold_02,22,43,0.034172174,0.002133806,0.035539586,0.003595642
partition_03_fold_02_22_50,3,fold_02,22,50,0.037631284,0.002133806,0.03512245,0.003595642
partition_03_fold_02_22_52,3,fold_02,22,52,0.040674403,0.0025028824,0.032964744,0.0038154111
partition_03_fold_02_22_53,3,fold_02,22,53,0.034982987,0.0022333344,0.03546329,0.0036090952
partition_03_fold_02_22_60,3,fold_02,22,60,0.035998102,0.0022333344,0.03555774,0.0036090952
partition_03_fold_02_24_26,3,fold_02,24,26,0.0054587196,0.0032112922,0.003186494,0.0032709152
partition_03_fold_02_24_27,3,fold_02,24,27,0.0021598153,0.0020680353,0.002585403,0.002412354
partition_03_fold_02_24_29,3,fold_02,24,29,0.0022027593,0.002191667,0.0026601197,0.0024874245
partition_03_fold_02_24_30,3,fold_02,24,30,0.0035252552,0.0025420664,0.0038122325,0.003332875
partition_03_fold_02_24_33,3,fold_02,24,33,0.0031075967,0.0034846684,0.00030800607,0.002659465
partition_03_fold_02_24_39,3,fold_02,24,39,0.002164779,0.0020680353,0.002561733,0.002412354
partition_03_fold_02_24_40,3,fold_02,24,40,0.0027675207,0.002516223,0.0030205543,0.0029599401
partition_03_fold_02_24_43,3,fold_02,24,43,0.0021194913,0.0020680353,0.0025000686,0.002412354
partition_03_fold_02_24_50,3,fold_02,24,50,0.0025034153,0.0025679332,0.002643922,0.0025532674
partition_03_fold_02_24_52,3,fold_02,24,52,0.0037916831,0.0029410396,0.0011041646,0.0022825338
partition_03_fold_02_24_53,3,fold_02,24,53,0.0028194832,0.0026647048,0.003035096,0.0029641427
partition_03_fold_02_24_60,3,fold_02,24,60,0.0020166587,0.0022454737,0.0024963378,0.0024258073
partition_03_fold_02_26_27,3,fold_02,26,27,0.004430199,0.0024956227,0.0051711896,0.003807799
partition_03_fold_02_26_29,3,fold_02,26,29,0.0044070487,0.0031996116,0.0052039158,0.004054537
partition_03_fold_02_26_30,3,fold_02,26,30,0.005698528,0.003188993,0.006561811,0.004054537
partition_03_fold_02_26_33,3,fold_02,26,33,0.005263231,0.0034733028,0.0033763917,0.0033873608
partition_03_fold_02_26_39,3,fold_02,26,39,0.004437709,0.0024817325,0.005128094,0.003854785
partition_03_fold_02_26_40,3,fold_02,26,40,0.004950361,0.0030534961,0.005785444,0.004054537
partition_03_fold_02_26_43,3,fold_02,26,43,0.0042997627,0.0024401392,0.005038193,0.003807799
partition_03_fold_02_26_50,3,fold_02,26,50,0.0046644136,0.003129883,0.0048713307,0.004054537
partition_03_fold_02_26_52,3,fold_02,26,52,0.005809315,0.0032022235,0.0021234981,0.0024444528
partition_03_fold_02_26_53,3,fold_02,26,53,0.005108259,0.003411883,0.0058485805,0.004054537
partition_03_fold_02_26_60,3,fold_02,26,60,0.0042354404,0.0025503593,0.0050369953,0.003807799
partition_03_fold_02_27_29,3,fold_02,27,29,0.001050526,0.0020708835,0.00012700108,0.0019874815
partition_03_fold_02_27_30,3,fold_02,27,30,0.0024514396,0.0020680353,0.0024693161,0.0023565835
partition_03_fold_02_27_33,3,fold_02,27,33,0.0019260648,0.0027585432,0.0022937502,0.0023541024
partition_03_fold_02_27_39,3,fold_02,27,39,0.0009003219,0.0020790694,0.00011206155,0.0019874815
partition_03_fold_02_27_40,3,fold_02,27,40,0.0015676983,0.0020680353,0.0013374535,0.0019874815
partition_03_fold_02_27_43,3,fold_02,27,43,0.0008771131,0.0020680353,0.00018871271,0.0019874815
partition_03_fold_02_27_50,3,fold_02,27,50,0.0013365934,0.0020680353,0.0013456165,0.0019874815
partition_03_fold_02_27_52,3,fold_02,27,52,0.0028404563,0.0023142358,0.003369406,0.002996271
partition_03_fold_02_27_53,3,fold_02,27,53,0.0016670122,0.0020708835,0.0015076275,0.0019874815
partition_03_fold_02_27_60,3,fold_02,27,60,0.0008191069,0.00214484,0.00022747854,0.0019874815
partition_03_fold_02_29_30,3,fold_02,29,30,0.00239255,0.0022768257,0.0025597229,0.0024293812
partition_03_fold_02_29_33,3,fold_02,29,33,0.0019445127,0.002953839,0.002366586,0.0025941604
partition_03_fold_02_29_39,3,fold_02,29,39,0.0010063002,0.0020680353,0.0001749497,0.0019874815
partition_03_fold_02_29_40,3,fold_02,29,40,0.0016285222,0.002133806,0.001423245,0.0019874815
partition_03_fold_02_29_43,3,fold_02,29,43,0.0009735479,0.002126521,0.000264079,0.0019874815
partition_03_fold_02_29_50,3,fold_02,29,50,0.00137088,0.002264176,0.0014063717,0.0020045086
partition_03_fold_02_29_52,3,fold_02,29,52,0.002780134,0.002526308,0.0034281402,0.003202444
partition_03_fold_02_29_53,3,fold_02,29,53,0.0017095199,0.0021695574,0.0016051519,0.0020009347
partition_03_fold_02_29_60,3,fold_02,29,60,0.00083733996,0.002358585,0.000304807,0.0020179618
partition_03_fold_02_30_33,3,fold_02,30,33,0.00333701,0.0030394315,0.0036115828,0.0034530894
partition_03_fold_02_30_39,3,fold_02,30,39,0.0023349565,0.0020680353,0.0025098925,0.002412354
partition_03_fold_02_30_40,3,fold_02,30,40,0.0030346988,0.0024466773,0.0012182051,0.0020585405
partition_03_fold_02_30_43,3,fold_02,30,43,0.0023374523,0.0020708835,0.0024580795,0.0023565835
partition_03_fold_02_30_50,3,fold_02,30,50,0.002586565,0.0023531776,0.0025569885,0.0024514443
partition_03_fold_02_30_52,3,fold_02,30,52,0.0041807834,0.0031349054,0.0046127527,0.004054537
partition_03_fold_02_30_53,3,fold_02,30,53,0.0029826136,0.0024438207,0.0009981343,0.0020643815
partition_03_fold_02_30_60,3,fold_02,30,60,0.0022207848,0.0022333344,0.002464101,0.0023700367
partition_03_fold_02_33_39,3,fold_02,33,39,0.0019070416,0.0028825088,0.0022740348,0.0025099313
partition_03_fold_02_33_40,3,fold_02,33,40,0.0025516457,0.0034408239,0.0027642103,0.0029398159
partition_03_fold_02_33_43,3,fold_02,33,43,0.0018624687,0.0028880683,0.0022124876,0.0024845584
partition_03_fold_02_33_50,3,fold_02,33,50,0.0023133764,0.0034174575,0.002443277,0.0028321762
partition_03_fold_02_33_52,3,fold_02,33,52,0.0037041032,0.0035126233,0.0013049056,0.002659465
partition_03_fold_02_33_53,3,fold_02,33,53,0.0026486374,0.003501978,0.0027961163,0.0029398159
partition_03_fold_02_33_60,3,fold_02,33,60,0.0017536768,0.0025841105,0.0022132613,0.0022798593
partition_03_fold_02_39_40,3,fold_02,39,40,0.0015430014,0.0020680353,0.0014011819,0.0019874815
partition_03_fold_02_39_43,3,fold_02,39,43,0.0007743893,0.0020680353,0.00017639986,0.0019874815
partition_03_fold_02_39_50,3,fold_02,39,50,0.0013181936,0.0020790694,0.0012584856,0.0019874815
partition_03_fold_02_39_52,3,fold_02,39,52,0.002823255,0.002348331,0.0033402175,0.002996271
partition_03_fold_02_39_53,3,fold_02,39,53,0.0016465845,0.0020790694,0.001555553,0.0019874815
partition_03_fold_02_39_60,3,fold_02,39,60,0.00079249166,0.0020708835,0.00016014278,0.0019874815
partition_03_fold_02_40_43,3,fold_02,40,43,0.0014933007,0.0020680353,0.0013364173,0.0019874815
partition_03_fold_02_40_50,3,fold_02,40,50,0.0019135992,0.0022665618,0.0018763508,0.0020440943
partition_03_fold_02_40_52,3,fold_02,40,52,0.00332746,0.0030398378,0.003837775,0.0035574606
partition_03_fold_02_40_53,3,fold_02,40,53,0.0022206851,0.0023146898,0.00032052046,0.0020364774
partition_03_fold_02_40_60,3,fold_02,40,60,0.0014124565,0.002133806,0.0013709007,0.0019874815
partition_03_fold_02_43_50,3,fold_02,43,50,0.0012672362,0.0020790694,0.0012151276,0.0019874815
partition_03_fold_02_43_52,3,fold_02,43,52,0.0027408153,0.0022931746,0.003251153,0.0030353612
partition_03_fold_02_43_53,3,fold_02,43,53,0.0016056632,0.002076287,0.0015022206,0.0019874815
partition_03_fold_02_43_60,3,fold_02,43,60,0.0007473353,0.00214484,0.000109785644,0.0019874815
partition_03_fold_02_50_52,3,fold_02,50,52,0.0031231525,0.0030288748,0.003253524,0.0032709152
partition_03_fold_02_50_53,3,fold_02,50,53,0.0019884822,0.0024642157,0.0018706978,0.0020661573
partition_03_fold_02_50_60,3,fold_02,50,60,0.0011825889,0.0021645038,0.001131076,0.0020045086
partition_03_fold_02_52_53,3,fold_02,52,53,0.003464576,0.0030973568,0.0038786873,0.0035794845
partition_03_fold_02_52_60,3,fold_02,52,60,0.0026424865,0.00251363,0.003254017,0.0030317872
partition_03_fold_02_53_60,3,fold_02,53,60,0.0014856169,0.0022333344,0.0015169163,0.0020009347
partition_03_fold_01_1_2,3,fold_01,1,2,0.0019716308,0.0077849175,0.0026831275,0.002790633
partition_03_fold_01_1_4,3,fold_01,1,4,0.0012248817,0.0021240844,0.0013979129,0.0017649296
partition_03_fold_01_1_12,3,fold_01,1,12,0.0026546374,0.003146979,0.0024273633,0.0026268556
partition_03_fold_01_1_15,3,fold_01,1,15,0.0030398068,0.0050416943,0.0031465676,0.0036838558
partition_03_fold_01_1_17,3,fold_01,1,17,0.0019856216,0.0025704382,0.0016047227,0.0020223425
partition_03_fold_01_1_19,3,fold_01,1,19,0.0015216363,0.0066940696,0.0022040375,0.0022515492
partition_03_fold_01_1_23,3,fold_01,1,23,0.0019882312,0.0087958,0.0005844057,0.002083662
partition_03_fold_01_1_25,3,fold_01,1,25,0.0013713677,0.00245222,0.001156769,0.0018536851
partition_03_fold_01_1_28,3,fold_01,1,28,0.002099948,0.0023404954,0.00080626085,0.0018714059
partition_03_fold_01_1_34,3,fold_01,1,34,0.0018726537,0.0029454872,0.0024474934,0.0024373818
partition_03_fold_01_1_37,3,fold_01,1,37,0.0032720321,0.003430024,0.0038448737,0.0040923324
partition_03_fold_01_1_42,3,fold_01,1,42,0.0012384318,0.0030015714,0.0011912537,0.0018329916
partition_03_fold_01_1_48,3,fold_01,1,48,0.003013503,0.0063425275,0.0034212891,0.0035628087
partition_03_fold_01_1_49,3,fold_01,1,49,0.0019603248,0.0049163676,0.0024844406,0.0024854315
partition_03_fold_01_1_51,3,fold_01,1,51,0.0015062989,0.0023124448,0.0006948076,0.0021017059
partition_03_fold_01_1_55,3,fold_01,1,55,0.0021523223,0.0029071684,0.00093723706,0.00216853
partition_03_fold_01_1_58,3,fold_01,1,58,0.0029226316,0.0038245802,0.0040086918,0.0036639068
partition_03_fold_01_1_59,3,fold_01,1,59,0.0011759097,0.013091873,0.00074000197,0.003031538
partition_03_fold_01_1_61,3,fold_01,1,61,0.0045524584,0.0037584098,0.005843174,0.005626219
partition_03_fold_01_1_63,3,fold_01,1,63,0.002209868,0.0026932075,0.002718149,0.0025687383
partition_03_fold_01_2_4,3,fold_01,2,4,0.0016684443,0.0034248738,0.0017413005,0.0018170205
partition_03_fold_01_2_12,3,fold_01,2,12,0.003150812,0.004993293,0.0037856614,0.0036198178
partition_03_fold_01_2_15,3,fold_01,2,15,0.0034700118,0.0040908456,0.004019252,0.00388208
partition_03_fold_01_2_17,3,fold_01,2,17,0.0024364837,0.0027707603,0.0029228122,0.0025816048
partition_03_fold_01_2_19,3,fold_01,2,19,0.002040401,0.0038885623,0.00066101,0.001600426
partition_03_fold_01_2_23,3,fold_01,2,23,0.0023507953,0.0038661724,0.0032079977,0.0030306368
partition_03_fold_01_2_25,3,fold_01,2,25,0.0018667947,0.010797749,0.002152631,0.003636427
partition_03_fold_01_2_28,3,fold_01,2,28,0.0025261282,0.0037705784,0.0034478598,0.003170524
partition_03_fold_01_2_34,3,fold_01,2,34,0.0023754705,0.002900808,0.00032218624,0.0019010573
partition_03_fold_01_2_37,3,fold_01,2,37,0.0038538624,0.001199743,0.0036290013,0.0044795917
partition_03_fold_01_2_42,3,fold_01,2,42,0.0017415942,0.007838434,0.0019362462,0.002040628
partition_03_fold_01_2_48,3,fold_01,2,48,0.0036287003,0.010787893,0.0036698524,0.0048826775
partition_03_fold_01_2_49,3,fold_01,2,49,0.0024546308,0.0033961125,0.00036617045,0.0018788897
partition_03_fold_01_2_51,3,fold_01,2,51,0.0020493444,0.010788623,0.0025076007,0.0034510433
partition_03_fold_01_2_55,3,fold_01,2,55,0.0026867918,0.0034165387,0.0035702598,0.003524483
partition_03_fold_01_2_58,3,fold_01,2,58,0.0033970552,0.0036062994,0.0027334273,0.0026583048
partition_03_fold_01_2_59,3,fold_01,2,59,0.0016768689,0.018637342,0.0020810657,0.0040534777
partition_03_fold_01_2_61,3,fold_01,2,61,0.0052525993,0.0021103634,0.004944923,0.0046674795
partition_03_fold_01_2_63,3,fold_01,2,63,0.0027222724,0.0041687028,0.0025867822,0.0029184693
partition_03_fold_01_4_12,3,fold_01,4,12,0.0024133879,0.0036344207,0.0027296909,0.0026890053
partition_03_fold_01_4_15,3,fold_01,4,15,0.0028447886,0.0031052406,0.0031977857,0.0033456993
partition_03_fold_01_4_17,3,fold_01,4,17,0.0017047572,0.0019633109,0.0013714118,0.0016139344
partition_03_fold_01_4_19,3,fold_01,4,19,0.0011787466,0.0015754164,0.0011173551,0.0015160424
partition_03_fold_01_4_23,3,fold_01,4,23,0.0017075907,0.002662474,0.001821258,0.0017182432
partition_03_fold_01_4_25,3,fold_01,4,25,0.0010786789,0.001827002,0.0005461356,0.0015091711
partition_03_fold_01_4_28,3,fold_01,4,28,0.0018378812,0.0018176833,0.0020459793,0.0016488988
partition_03_fold_01_4_34,3,fold_01,4,34,0.0016250459,0.0020534254,0.0015950261,0.0015979803
partition_03_fold_01_4_37,3,fold_01,4,37,0.003057719,0.0029246535,0.0034534761,0.003138688
partition_03_fold_01_4_42,3,fold_01,4,42,0.0009109663,0.0011709107,0.0002774158,0.0015091711
partition_03_fold_01_4_48,3,fold_01,4,48,0.0028348176,0.0031222461,0.0032698251,0.0029077167
partition_03_fold_01_4_49,3,fold_01,4,49,0.0016738492,0.002983646,0.001668206,0.0018782112
partition_03_fold_01_4_51,3,fold_01,4,51,0.0012442429,0.0019751552,0.0009791261,0.0016485832
partition_03_fold_01_4_55,3,fold_01,4,55,0.0019215684,0.0024405466,0.0023134684,0.0021914828
partition_03_fold_01_4_58,3,fold_01,4,58,0.0026878389,0.0026101174,0.002926815,0.0026244118
partition_03_fold_01_4_59,3,fold_01,4,59,0.00088855356,0.003780321,0.0006733762,0.001871302
partition_03_fold_01_4_61,3,fold_01,4,61,0.004561898,0.0018528262,0.0049800067,0.0046977745
partition_03_fold_01_4_63,3,fold_01,4,63,0.001975154,0.0023941,0.0016539788,0.0019478538
partition_03_fold_01_12_15,3,fold_01,12,15,0.004189697,0.0034917116,0.00083389244,0.0030196214
partition_03_fold_01_12_17,3,fold_01,12,17,0.0031578646,0.0034581167,0.002489874,0.003245966
partition_03_fold_01_12_19,3,fold_01,12,19,0.002782432,0.0030074553,0.003332907,0.0033289068
partition_03_fold_01_12_23,3,fold_01,12,23,0.0031198286,0.008645402,0.0026129594,0.004675771
partition_03_fold_01_12_25,3,fold_01,12,25,0.0025357723,0.0028338283,0.0025228483,0.002380843
partition_03_fold_01_12_28,3,fold_01,12,28,0.0032699073,0.0034301037,0.0026929453,0.0032793968
partition_03_fold_01_12_34,3,fold_01,12,34,0.0030766525,0.0033573976,0.0036589578,0.0034525043
partition_03_fold_01_12_37,3,fold_01,12,37,0.004442542,0.0038141496,0.0022027069,0.0026504449
partition_03_fold_01_12_42,3,fold_01,12,42,0.0024911794,0.0034386101,0.0025782252,0.002483872
partition_03_fold_01_12_48,3,fold_01,12,48,0.0041607036,0.0059642,0.0015489643,0.0026114201
partition_03_fold_01_12_49,3,fold_01,12,49,0.0030575444,0.0039434377,0.0037881453,0.0034553788
partition_03_fold_01_12_51,3,fold_01,12,51,0.0026830898,0.0030759918,0.0026173799,0.0026209464
partition_03_fold_01_12_55,3,fold_01,12,55,0.0031171462,0.0028389485,0.0026045945,0.0023551786
partition_03_fold_01_12_58,3,fold_01,12,58,0.0041499417,0.0036290311,0.004737858,0.0044070543
partition_03_fold_01_12_59,3,fold_01,12,59,0.0023898652,0.0031103462,0.0025481752,0.0028224967
partition_03_fold_01_12_61,3,fold_01,12,61,0.0059300764,0.0034253749,0.004336521,0.0043527274
partition_03_fold_01_12_63,3,fold_01,12,63,0.0032643643,0.0029733006,0.0031325887,0.0029737751
partition_03_fold_01_15_17,3,fold_01,15,17,0.0035129145,0.003555468,0.0030621982,0.0032074365
partition_03_fold_01_15_19,3,fold_01,15,19,0.003167528,0.0034463438,0.0036235275,0.0033560446
partition_03_fold_01_15_23,3,fold_01,15,23,0.003386164,0.003926275,0.003387549,0.0035343585
partition_03_fold_01_15_25,3,fold_01,15,25,0.002976356,0.004102569,0.0030720495,0.0036532881
partition_03_fold_01_15_28,3,fold_01,15,28,0.0035543877,0.0031993035,0.0034884624,0.0033433237
partition_03_fold_01_15_34,3,fold_01,15,34,0.003479564,0.0039657624,0.003943298,0.003743722
partition_03_fold_01_15_37,3,fold_01,15,37,0.0048545324,0.0045365323,0.0016203113,0.0029709144
partition_03_fold_01_15_42,3,fold_01,15,42,0.0028277356,0.003343959,0.003095644,0.0031827309
partition_03_fold_01_15_48,3,fold_01,15,48,0.004635269,0.004988923,0.00096019957,0.0030099573
partition_03_fold_01_15_49,3,fold_01,15,49,0.003506746,0.0040923604,0.0040882304,0.003860052
partition_03_fold_01_15_51,3,fold_01,15,51,0.003129893,0.0038965566,0.0032814485,0.0035764656
partition_03_fold_01_15_55,3,fold_01,15,55,0.003705317,0.003473511,0.0034093414,0.0035360006
partition_03_fold_01_15_58,3,fold_01,15,58,0.004626289,0.0035429166,0.0048437137,0.004667788
partition_03_fold_01_15_59,3,fold_01,15,59,0.00278065,0.0055372007,0.0031475348,0.0037593655
partition_03_fold_01_15_61,3,fold_01,15,61,0.0062793763,0.0040260497,0.0036578334,0.0035633098
partition_03_fold_01_15_63,3,fold_01,15,63,0.0037476716,0.0034646597,0.003382691,0.0035360006
partition_03_fold_01_17_19,3,fold_01,17,19,0.002030192,0.0026997789,0.002375716,0.0022997253
partition_03_fold_01_17_23,3,fold_01,17,23,0.002430918,0.0027231162,0.0018140095,0.0021851829
partition_03_fold_01_17_25,3,fold_01,17,25,0.0018679634,0.0023659577,0.00087953545,0.0020191197
partition_03_fold_01_17_28,3,fold_01,17,28,0.0024621463,0.0024686216,0.0019145258,0.0017409051
partition_03_fold_01_17_34,3,fold_01,17,34,0.0023837767,0.0029846763,0.0027252366,0.0025775179
partition_03_fold_01_17_37,3,fold_01,17,37,0.0038119762,0.0030479084,0.0035613894,0.0033032424
partition_03_fold_01_17_42,3,fold_01,17,42,0.001758446,0.0023966676,0.0011540845,0.0016822118
partition_03_fold_01_17_48,3,fold_01,17,48,0.0036017993,0.0031122947,0.0033504358,0.0033332452
partition_03_fold_01_17_49,3,fold_01,17,49,0.0024446035,0.002977863,0.0028164745,0.002601392
partition_03_fold_01_17_51,3,fold_01,17,51,0.0020160354,0.0029259124,0.0010535354,0.0023047922
partition_03_fold_01_17_55,3,fold_01,17,55,0.0026423947,0.0034581167,0.0022171182,0.0031074442
partition_03_fold_01_17_58,3,fold_01,17,58,0.0035054989,0.0035436552,0.004074668,0.0037751987
partition_03_fold_01_17_59,3,fold_01,17,59,0.0016799417,0.0024804964,0.0013240807,0.00168213
partition_03_fold_01_17_61,3,fold_01,17,61,0.0052068573,0.003389959,0.005216452,0.005290543
partition_03_fold_01_17_63,3,fold_01,17,63,0.002732671,0.003427716,0.001445751,0.0025483503
partition_03_fold_01_19_23,3,fold_01,19,23,0.0019904024,0.002157271,0.0027052213,0.0020842191
partition_03_fold_01_19_25,3,fold_01,19,25,0.0013979231,0.002876776,0.0015808283,0.0016463718
partition_03_fold_01_19_28,3,fold_01,19,28,0.002142526,0.0022097253,0.0029477298,0.0023648634
partition_03_fold_01_19_34,3,fold_01,19,34,0.0019471936,0.002355064,0.00064597034,0.0018870765
partition_03_fold_01_19_37,3,fold_01,19,37,0.0033031306,0.002953744,0.0034460989,0.0031552627
partition_03_fold_01_19_42,3,fold_01,19,42,0.001212523,0.0013617757,0.0013394374,0.0015149753
partition_03_fold_01_19_48,3,fold_01,19,48,0.003197161,0.0054515363,0.0034106865,0.003922454
partition_03_fold_01_19_49,3,fold_01,19,49,0.0020076977,0.0021323496,0.0007307448,0.0015441171
partition_03_fold_01_19_51,3,fold_01,19,51,0.0015665959,0.0024046798,0.0019705312,0.001865106
partition_03_fold_01_19_55,3,fold_01,19,55,0.0022453046,0.002373589,0.0031194254,0.0028727113
partition_03_fold_01_19_58,3,fold_01,19,58,0.0030641712,0.0028624102,0.0025135397,0.0026254896
partition_03_fold_01_19_59,3,fold_01,19,59,0.0011847417,0.0033741954,0.0015447387,0.0018420693
partition_03_fold_01_19_61,3,fold_01,19,61,0.0047727376,0.0028858064,0.0047970153,0.004414431
partition_03_fold_01_19_63,3,fold_01,19,63,0.0023112418,0.0023467292,0.0021358044,0.0022221787
partition_03_fold_01_23_25,3,fold_01,23,25,0.0018254629,0.007492457,0.0015554983,0.0034734833
partition_03_fold_01_23_28,3,fold_01,23,28,0.002574823,0.0030571346,0.0002490889,0.0034089722
partition_03_fold_01_23_34,3,fold_01,23,34,0.0023656613,0.0034375098,0.0029814437,0.0027927717
partition_03_fold_01_23_37,3,fold_01,23,37,0.0037856987,0.0047970493,0.0042683273,0.0046110754
partition_03_fold_01_23_42,3,fold_01,23,42,0.0016968948,0.0043455325,0.0016177756,0.0018376972
partition_03_fold_01_23_48,3,fold_01,23,48,0.0034971596,0.0058231284,0.0037900552,0.0042738956
partition_03_fold_01_23_49,3,fold_01,23,49,0.0024075743,0.018612443,0.0030065,0.0071318136
partition_03_fold_01_23_51,3,fold_01,23,51,0.001993867,0.0016326113,0.0010002934,0.0021909624
partition_03_fold_01_23_55,3,fold_01,23,55,0.0026301325,0.0053663175,0.0005891771,0.0027803923
partition_03_fold_01_23_58,3,fold_01,23,58,0.0034047794,0.0045533692,0.0042762435,0.0042719296
partition_03_fold_01_23_59,3,fold_01,23,59,0.0016229808,0.011854403,0.0012179166,0.0032891752
partition_03_fold_01_23_61,3,fold_01,23,61,0.005090736,0.0028637357,0.006235475,0.005943088
partition_03_fold_01_23_63,3,fold_01,23,63,0.002717567,0.005798794,0.0030629726,0.0032792122
partition_03_fold_01_25_28,3,fold_01,25,28,0.0019883036,0.0024654958,0.0017499683,0.0019020048
partition_03_fold_01_25_34,3,fold_01,25,34,0.0017608576,0.002483033,0.001957039,0.0017934459
partition_03_fold_01_25_37,3,fold_01,25,37,0.0032158927,0.0019936685,0.0034487762,0.0030431119
partition_03_fold_01_25_42,3,fold_01,25,42,0.0011015472,0.0021907685,0.00029089872,0.0015723516
partition_03_fold_01_25_48,3,fold_01,25,48,0.0029985842,0.006453412,0.0032268784,0.003349565
partition_03_fold_01_25_49,3,fold_01,25,49,0.0017977371,0.0039244206,0.002036013,0.0021098056
partition_03_fold_01_25_51,3,fold_01,25,51,0.0013894831,0.0018096401,0.0006106387,0.0016201838
partition_03_fold_01_25_55,3,fold_01,25,55,0.0020514962,0.0028182212,0.0020263959,0.001997679
partition_03_fold_01_25_58,3,fold_01,25,58,0.0028407674,0.005968953,0.0034407752,0.0042427382
partition_03_fold_01_25_59,3,fold_01,25,59,0.0010734095,0.008207775,0.00055274693,0.0033354664
partition_03_fold_01_25_61,3,fold_01,25,61,0.004716714,0.002888169,0.0051295734,0.004849164
partition_03_fold_01_25_63,3,fold_01,25,63,0.0021078947,0.0028182212,0.0015837748,0.0019086287
partition_03_fold_01_28_34,3,fold_01,28,34,0.002511865,0.002825203,0.0032163197,0.003037588
partition_03_fold_01_28_37,3,fold_01,28,37,0.0039620716,0.0028944828,0.0044258097,0.0042301877
partition_03_fold_01_28_42,3,fold_01,28,42,0.0018639782,0.0023341721,0.0018344228,0.0017011454
partition_03_fold_01_28_48,3,fold_01,28,48,0.0037154292,0.0021023669,0.0039304863,0.0037678392
partition_03_fold_01_28_49,3,fold_01,28,49,0.0025358514,0.0029302216,0.00324011,0.0031502405
partition_03_fold_01_28_51,3,fold_01,28,51,0.0021686412,0.002395685,0.0011823765,0.002006611
partition_03_fold_01_28_55,3,fold_01,28,55,0.0027863143,0.0032973082,0.0004921584,0.0024273316
partition_03_fold_01_28_58,3,fold_01,28,58,0.0035588986,0.0030778944,0.0044959816,0.0042656553
partition_03_fold_01_28_59,3,fold_01,28,59,0.0018047271,0.012846927,0.0014467816,0.0041301367
partition_03_fold_01_28_61,3,fold_01,28,61,0.005550992,0.0028021808,0.006414254,0.005395925
partition_03_fold_01_28_63,3,fold_01,28,63,0.0027910757,0.0032650754,0.0032202431,0.0033436825
partition_03_fold_01_34_37,3,fold_01,34,37,0.0036769425,0.0030905437,0.0036176725,0.0032514003
partition_03_fold_01_34_42,3,fold_01,34,42,0.001641231,0.0023966676,0.0017593253,0.0016824408
partition_03_fold_01_34_48,3,fold_01,34,48,0.003518383,0.0041294256,0.003624385,0.004405512
partition_03_fold_01_34_49,3,fold_01,34,49,0.0023498975,0.0024462405,0.00017280117,0.0017009696
partition_03_fold_01_34_51,3,fold_01,34,51,0.0019403747,0.0022321704,0.0022802695,0.002414368
partition_03_fold_01_34_55,3,fold_01,34,55,0.002532721,0.0029549226,0.0033290703,0.0031319929
partition_03_fold_01_34_58,3,fold_01,34,58,0.0033727866,0.00368905,0.002959755,0.0029928589
partition_03_fold_01_34_59,3,fold_01,34,59,0.0015880363,0.003563301,0.0018651745,0.002019634
partition_03_fold_01_34_61,3,fold_01,34,61,0.005021759,0.0032059231,0.005080359,0.0050567077
partition_03_fold_01_34_63,3,fold_01,34,63,0.002617201,0.0027962858,0.002509507,0.0023551786
partition_03_fold_01_37_42,3,fold_01,37,42,0.0031256713,0.003977607,0.003430268,0.0029608612
partition_03_fold_01_37_48,3,fold_01,37,48,0.0049315803,0.0090548815,0.00077653036,0.0033384997
partition_03_fold_01_37_49,3,fold_01,37,49,0.0037902868,0.002424142,0.0037823385,0.00354358
partition_03_fold_01_37_51,3,fold_01,37,51,0.0033573858,0.004925365,0.0038487536,0.0037078038
partition_03_fold_01_37_55,3,fold_01,37,55,0.0040272735,0.0032911294,0.004373387,0.004349996
partition_03_fold_01_37_58,3,fold_01,37,58,0.00481106,0.0039807484,0.004769153,0.0044614426
partition_03_fold_01_37_59,3,fold_01,37,59,0.0029671292,0.0057813097,0.0035969338,0.003425445
partition_03_fold_01_37_61,3,fold_01,37,61,0.0063245716,0.003857221,0.0026388653,0.0026881513
partition_03_fold_01_37_63,3,fold_01,37,63,0.0040336098,0.0028161309,0.003308198,0.0033032424
partition_03_fold_01_42_48,3,fold_01,42,48,0.002891984,0.011434598,0.003212613,0.0050129355
partition_03_fold_01_42_49,3,fold_01,42,49,0.0017300964,0.003673014,0.0018347698,0.0019217423
partition_03_fold_01_42_51,3,fold_01,42,51,0.0012499338,0.0018867918,0.0007393878,0.0015620725
partition_03_fold_01_42_55,3,fold_01,42,55,0.0019451972,0.002251223,0.0020996102,0.0019854002
partition_03_fold_01_42_58,3,fold_01,42,58,0.0026961323,0.0029184713,0.00318747,0.0030673607
partition_03_fold_01_42_59,3,fold_01,42,59,0.00090455665,0.00338469,0.0004864506,0.0019672154
partition_03_fold_01_42_61,3,fold_01,42,61,0.0045279427,0.002546213,0.005062263,0.004860334
partition_03_fold_01_42_63,3,fold_01,42,63,0.0020121858,0.00222929,0.0016667463,0.0019164144
partition_03_fold_01_48_49,3,fold_01,48,49,0.0035090526,0.004053417,0.0037787557,0.0035376078
partition_03_fold_01_48_51,3,fold_01,48,51,0.0029839617,0.0047770017,0.003531563,0.0034924673
partition_03_fold_01_48_55,3,fold_01,48,55,0.0036763404,0.0060704006,0.0038350383,0.0039410954
partition_03_fold_01_48_58,3,fold_01,48,58,0.0045458563,0.0062655606,0.004760991,0.0053670043
partition_03_fold_01_48_59,3,fold_01,48,59,0.0027630727,0.005680332,0.0032994638,0.0031369706
partition_03_fold_01_48_61,3,fold_01,48,61,0.0064444165,0.0044670887,0.0031899144,0.0033001555
partition_03_fold_01_48_63,3,fold_01,48,63,0.0037444131,0.0060739876,0.003399338,0.0034936126
partition_03_fold_01_49_51,3,fold_01,49,51,0.0019836875,0.002966444,0.0023269805,0.0021579769
partition_03_fold_01_49_55,3,fold_01,49,55,0.0025488234,0.0045360606,0.0033543382,0.0033829405
partition_03_fold_01_49_58,3,fold_01,49,58,0.0033925446,0.004403228,0.0029593033,0.0028677955
partition_03_fold_01_49_59,3,fold_01,49,59,0.0016530611,0.012064263,0.0019173056,0.0030586764
partition_03_fold_01_49_61,3,fold_01,49,61,0.0052090473,0.00877056,0.0052351183,0.0071740034
partition_03_fold_01_49_63,3,fold_01,49,63,0.0026426564,0.0037359793,0.002628981,0.002429615
partition_03_fold_01_51_55,3,fold_01,51,55,0.0022158416,0.0027093608,0.0014934926,0.0022114543
partition_03_fold_01_51_58,3,fold_01,51,58,0.0030035677,0.0035156333,0.003768214,0.0035336253
partition_03_fold_01_51_59,3,fold_01,51,59,0.0011957462,0.0022681507,0.0004920061,0.0018088849
partition_03_fold_01_51_61,3,fold_01,51,61,0.0046079154,0.006758221,0.005658699,0.0055071525
partition_03_fold_01_51_63,3,fold_01,51,63,0.0022720427,0.0026891048,0.0021276942,0.0024822056
partition_03_fold_01_55_58,3,fold_01,55,58,0.0036276795,0.0045595085,0.004767403,0.004457547
partition_03_fold_01_55_59,3,fold_01,55,59,0.0018743818,0.0077782343,0.0016710325,0.0034770274
partition_03_fold_01_55_61,3,fold_01,55,61,0.005570819,0.0034273895,0.006498143,0.005597476
partition_03_fold_01_55_63,3,fold_01,55,63,0.002699812,0.0025811072,0.003519165,0.002947202
partition_03_fold_01_58_59,3,fold_01,58,59,0.002645348,0.0030257297,0.0034491,0.0032133146
partition_03_fold_01_58_61,3,fold_01,58,61,0.006615299,0.0036016554,0.0049451506,0.004659175
partition_03_fold_01_58_63,3,fold_01,58,63,0.003645153,0.0044123433,0.0035258196,0.003537909
partition_03_fold_01_59_61,3,fold_01,59,61,0.0046216,0.0025760618,0.005398526,0.005322003
partition_03_fold_01_59_63,3,fold_01,59,63,0.0019340541,0.012090736,0.002113794,0.0037258947
partition_03_fold_01_61_63,3,fold_01,61,63,0.005494026,0.0034718628,0.0043517346,0.0042940853
partition_03_fold_00_0_5,3,fold_00,0,5,0.0027402595,0.004053417,0.0032867563,0.0034879653
partition_03_fold_00_0_6,3,fold_00,0,6,0.002614778,0.0031662825,0.0033126664,0.0029917303
partition_03_fold_00_0_8,3,fold_00,0,8,0.001389011,0.002375241,0.0013508071,0.0016065052
partition_03_fold_00_0_11,3,fold_00,0,11,0.0026396273,0.0026684161,0.0032679671,0.002689141
partition_03_fold_00_0_18,3,fold_00,0,18,0.00551277,0.0036613627,0.006499818,0.00481047
partition_03_fold_00_0_20,3,fold_00,0,20,0.0021606307,0.0027889162,0.0027837113,0.0025602065
partition_03_fold_00_0_21,3,fold_00,0,21,0.0026405235,0.0017331875,0.0028885223,0.0024224971
partition_03_fold_00_0_31,3,fold_00,0,31,0.0017192462,0.001972918,0.0010542008,0.0016908164
partition_03_fold_00_0_32,3,fold_00,0,32,0.0019904585,0.003119514,0.0012678639,0.0018536104
partition_03_fold_00_0_35,3,fold_00,0,35,0.0019675312,0.0028161227,0.001570345,0.0021103844
partition_03_fold_00_0_36,3,fold_00,0,36,0.001879342,0.0020554739,0.0011750872,0.0017779069
partition_03_fold_00_0_38,3,fold_00,0,38,0.0015250153,0.0023433396,0.0015686265,0.0018510001
partition_03_fold_00_0_41,3,fold_00,0,41,0.0021983765,0.001571902,0.0009031212,0.0016973312
partition_03_fold_00_0_44,3,fold_00,0,44,0.0032465355,0.002803348,0.0037113945,0.0036761854
partition_03_fold_00_0_45,3,fold_00,0,45,0.0032745074,0.0030984427,0.0016507657,0.0023609863
partition_03_fold_00_0_46,3,fold_00,0,46,0.0015639114,0.0018457394,0.0011770463,0.0016022472
partition_03_fold_00_0_47,3,fold_00,0,47,0.0016260695,0.0019885977,0.0013509212,0.0016065052
partition_03_fold_00_0_54,3,fold_00,0,54,0.0016411511,0.0017615164,0.0010622176,0.0016022472
partition_03_fold_00_0_56,3,fold_00,0,56,0.002641307,0.002961247,0.0031799471,0.0026654287
partition_03_fold_00_0_57,3,fold_00,0,57,0.0024183819,0.002599489,0.0031791276,0.0028020865
partition_03_fold_00_0_62,3,fold_00,0,62,0.0018292617,0.020372681,0.0010751139,0.0048791813
partition_03_fold_00_5_6,3,fold_00,5,6,0.0030890247,0.0038102996,0.00072076253,0.002861296
partition_03_fold_00_5_8,3,fold_00,5,8,0.0019475808,0.0034079682,0.0024290588,0.002454249
partition_03_fold_00_5_11,3,fold_00,5,11,0.0031853074,0.0034951859,0.00057327026,0.0029452955
partition_03_fold_00_5_18,3,fold_00,5,18,0.006380833,0.003847601,0.0034816589,0.0037613502
partition_03_fold_00_5_20,3,fold_00,5,20,0.0027257702,0.0035977233,0.0019044717,0.0029946934
partition_03_fold_00_5_21,3,fold_00,5,21,0.0031894874,0.003918836,0.00197493,0.0029973125
partition_03_fold_00_5_31,3,fold_00,5,31,0.002259927,0.0036116014,0.002699627,0.0027109587
partition_03_fold_00_5_32,3,fold_00,5,32,0.0025664943,0.0033968682,0.0029249345,0.0030557064
partition_03_fold_00_5_35,3,fold_00,5,35,0.0025215496,0.0036124133,0.0027900771,0.0032411888
partition_03_fold_00_5_36,3,fold_00,5,36,0.0024216662,0.0038764183,0.0028031766,0.002878024
partition_03_fold_00_5_38,3,fold_00,5,38,0.0020952714,0.0028000774,0.0023268242,0.0023248878
partition_03_fold_00_5_41,3,fold_00,5,41,0.0027441536,0.0030672734,0.003314402,0.0028568597
partition_03_fold_00_5_44,3,fold_00,5,44,0.0037395614,0.0073997257,0.001641684,0.0034399875
partition_03_fold_00_5_45,3,fold_00,5,45,0.00384504,0.003622943,0.0046417094,0.004462341
partition_03_fold_00_5_46,3,fold_00,5,46,0.0021316668,0.002980741,0.002549947,0.0024127108
partition_03_fold_00_5_47,3,fold_00,5,47,0.0021895508,0.0029919723,0.0024994246,0.0024127108
partition_03_fold_00_5_54,3,fold_00,5,54,0.0021775155,0.0037888677,0.0027253053,0.002654768
partition_03_fold_00_5_56,3,fold_00,5,56,0.0032442634,0.0060656844,0.00070382445,0.0029452955
partition_03_fold_00_5_57,3,fold_00,5,57,0.0029593129,0.0036120715,0.0015896072,0.0030748246
partition_03_fold_00_5_62,3,fold_00,5,62,0.002344308,0.0035570827,0.0027747962,0.0032167714
partition_03_fold_00_6_8,3,fold_00,6,8,0.0018834197,0.0018011081,0.00236161,0.0020547959
partition_03_fold_00_6_11,3,fold_00,6,11,0.003061313,0.008693557,0.00025081192,0.004233749
partition_03_fold_00_6_18,3,fold_00,6,18,0.0059952117,0.0036475137,0.0038018264,0.0038643146
partition_03_fold_00_6_20,3,fold_00,6,20,0.0026322352,0.003782066,0.001316504,0.0022152998
partition_03_fold_00_6_21,3,fold_00,6,21,0.0030878426,0.0027807984,0.0024397327,0.0023518454
partition_03_fold_00_6_31,3,fold_00,6,31,0.0022026966,0.002533501,0.0025737535,0.0021349667
partition_03_fold_00_6_32,3,fold_00,6,32,0.002453029,0.0031036497,0.002739533,0.0024179402
partition_03_fold_00_6_35,3,fold_00,6,35,0.0024084058,0.0031291544,0.0025181633,0.0023563593
partition_03_fold_00_6_36,3,fold_00,6,36,0.0023287837,0.0030692702,0.0026253087,0.0023709477
partition_03_fold_00_6_38,3,fold_00,6,38,0.0019936382,0.005702344,0.002096379,0.0019835127
partition_03_fold_00_6_41,3,fold_00,6,41,0.0026836835,0.008689949,0.0034974616,0.0039340383
partition_03_fold_00_6_44,3,fold_00,6,44,0.003721825,0.0036070806,0.0022741354,0.0023942045
partition_03_fold_00_6_45,3,fold_00,6,45,0.0038006606,0.005852951,0.004809513,0.0049898895
partition_03_fold_00_6_46,3,fold_00,6,46,0.002076508,0.0010674854,0.002423619,0.0018228232
partition_03_fold_00_6_47,3,fold_00,6,47,0.002080912,0.0015809373,0.002314206,0.0019266498
partition_03_fold_00_6_54,3,fold_00,6,54,0.0021027843,0.01092179,0.00277923,0.0035620357
partition_03_fold_00_6_56,3,fold_00,6,56,0.0031210978,0.009358738,0.0013372215,0.0037207436
partition_03_fold_00_6_57,3,fold_00,6,57,0.0028414472,0.0030623092,0.00091475836,0.0020465003
partition_03_fold_00_6_62,3,fold_00,6,62,0.0022922962,0.0055124974,0.0026084695,0.002698278
partition_03_fold_00_8_11,3,fold_00,8,11,0.0018118065,0.0007915055,0.0023197343,0.001766874
partition_03_fold_00_8_18,3,fold_00,8,18,0.0050258758,0.0037820793,0.005654093,0.004658261
partition_03_fold_00_8_20,3,fold_00,8,20,0.0013811989,0.0019254986,0.0018307309,0.0015961414
partition_03_fold_00_8_21,3,fold_00,8,21,0.0018360353,0.0013780933,0.0021110708,0.001604388
partition_03_fold_00_8_31,3,fold_00,8,31,0.0009628177,0.00092920504,0.0006712523,0.0016526212
partition_03_fold_00_8_32,3,fold_00,8,32,0.0012172158,0.0016948192,0.0010354967,0.0015523705
partition_03_fold_00_8_35,3,fold_00,8,35,0.0012103879,0.0016645011,0.0010943331,0.0015523705
partition_03_fold_00_8_36,3,fold_00,8,36,0.0010945561,0.0020484559,0.00087359233,0.0016145217
partition_03_fold_00_8_38,3,fold_00,8,38,0.00068082503,0.001665333,0.0006358527,0.0016022472
partition_03_fold_00_8_41,3,fold_00,8,41,0.0014109034,0.0016901792,0.0015141859,0.0016022472
partition_03_fold_00_8_44,3,fold_00,8,44,0.00245163,0.0019606776,0.0029332358,0.0024401296
partition_03_fold_00_8_45,3,fold_00,8,45,0.0025421611,0.0023798055,0.0027677824,0.0022534402
partition_03_fold_00_8_46,3,fold_00,8,46,0.00074070174,0.0021465085,0.00046217922,0.0016022472
partition_03_fold_00_8_47,3,fold_00,8,47,0.0007669084,0.0024489814,0.0005958331,0.0016022472
partition_03_fold_00_8_54,3,fold_00,8,54,0.00080972165,0.00063564884,0.00058725855,0.0015523705
partition_03_fold_00_8_56,3,fold_00,8,56,0.0018970867,0.002073486,0.002328821,0.0019053202
partition_03_fold_00_8_57,3,fold_00,8,57,0.0016763833,0.0014063666,0.0021594681,0.0016145003
partition_03_fold_00_8_62,3,fold_00,8,62,0.0010337041,0.002448378,0.0008276306,0.0018762879
partition_03_fold_00_11_18,3,fold_00,11,18,0.0059573725,0.0036839403,0.0038059629,0.003847212
partition_03_fold_00_11_20,3,fold_00,11,20,0.0025991458,0.0031517842,0.0014359521,0.0021950607
partition_03_fold_00_11_21,3,fold_00,11,21,0.0030793762,0.0045744632,0.0023067924,0.0022140183
partition_03_fold_00_11_31,3,fold_00,11,31,0.0022020899,0.0023538617,0.0025361646,0.0019053202
partition_03_fold_00_11_32,3,fold_00,11,32,0.0024359217,0.0036033404,0.0027030779,0.0023562314
partition_03_fold_00_11_35,3,fold_00,11,35,0.0024438533,0.0023959032,0.0025064137,0.0021977099
partition_03_fold_00_11_36,3,fold_00,11,36,0.0023290995,0.0021002176,0.0025975804,0.0020528072
partition_03_fold_00_11_38,3,fold_00,11,38,0.001964858,0.001750364,0.002093917,0.0016542647
partition_03_fold_00_11_41,3,fold_00,11,41,0.002700144,0.0052404776,0.003414176,0.0025630472
partition_03_fold_00_11_44,3,fold_00,11,44,0.0037350112,0.0030058676,0.0021275932,0.0022949092
partition_03_fold_00_11_45,3,fold_00,11,45,0.0036999902,0.0029573992,0.004724695,0.004034244
partition_03_fold_00_11_46,3,fold_00,11,46,0.0020440298,0.0016860222,0.0023888547,0.001766874
partition_03_fold_00_11_47,3,fold_00,11,47,0.0020284555,0.0011368676,0.0022920063,0.0018167507
partition_03_fold_00_11_54,3,fold_00,11,54,0.0020067052,0.0022472597,0.0027208042,0.002065664
partition_03_fold_00_11_56,3,fold_00,11,56,0.0030933467,0.0030710383,0.0011664332,0.0022024654
partition_03_fold_00_11_57,3,fold_00,11,57,0.0029104524,0.0026537802,0.0010703428,0.0021103844
partition_03_fold_00_11_62,3,fold_00,11,62,0.0021639469,0.0028726517,0.0025881769,0.002207807
partition_03_fold_00_18_20,3,fold_00,18,20,0.0056495885,0.003916263,0.005004919,0.00468669
partition_03_fold_00_18_21,3,fold_00,18,21,0.0056457752,0.0038639072,0.0042189835,0.0041354303
partition_03_fold_00_18_31,3,fold_00,18,31,0.0051180935,0.0036019452,0.0060676984,0.0046172165
partition_03_fold_00_18_32,3,fold_00,18,32,0.0054108463,0.0038485473,0.0063461554,0.004551997
partition_03_fold_00_18_35,3,fold_00,18,35,0.0047934353,0.0038311945,0.0061979797,0.004283445
partition_03_fold_00_18_36,3,fold_00,18,36,0.0052079195,0.0036630235,0.00619794,0.0047910386
partition_03_fold_00_18_38,3,fold_00,18,38,0.005069994,0.004048639,0.005650095,0.004624726
partition_03_fold_00_18_41,3,fold_00,18,41,0.005735575,0.0039056828,0.006314312,0.0047546867
partition_03_fold_00_18_44,3,fold_00,18,44,0.0067968685,0.0038938462,0.0032237726,0.0036645508
partition_03_fold_00_18_45,3,fold_00,18,45,0.006839107,0.0042166645,0.007651596,0.018161327
partition_03_fold_00_18_46,3,fold_00,18,46,0.0049850736,0.003742867,0.0058886185,0.00471043
partition_03_fold_00_18_47,3,fold_00,18,47,0.0049791723,0.003685008,0.0058582295,0.00471043
partition_03_fold_00_18_54,3,fold_00,18,54,0.0051567964,0.0037667218,0.00583692,0.004743965
partition_03_fold_00_18_56,3,fold_00,18,56,0.005908288,0.0037753333,0.003512642,0.0037613502
partition_03_fold_00_18_57,3,fold_00,18,57,0.005820687,0.0036710743,0.0045380965,0.0043163546
partition_03_fold_00_18_62,3,fold_00,18,62,0.0053013414,0.0037366166,0.006144699,0.005553791
partition_03_fold_00_20_21,3,fold_00,20,21,0.0025616353,0.0024825672,0.0029743265,0.0027265032
partition_03_fold_00_20_31,3,fold_00,20,31,0.0016916841,0.0032776676,0.0018794845,0.00248634
partition_03_fold_00_20_32,3,fold_00,20,32,0.0019696662,0.0023825483,0.0019345181,0.0020133255
partition_03_fold_00_20_35,3,fold_00,20,35,0.0019598918,0.002595285,0.0015950798,0.0021483307
partition_03_fold_00_20_36,3,fold_00,20,36,0.0018303302,0.0023684301,0.0018354942,0.0018385227
partition_03_fold_00_20_38,3,fold_00,20,38,0.0015050318,0.0012898955,0.001311371,0.0016022472
partition_03_fold_00_20_41,3,fold_00,20,41,0.0022343835,0.0048367996,0.0032184774,0.0026109016
partition_03_fold_00_20_44,3,fold_00,20,44,0.0032302593,0.00363661,0.0032428452,0.0029130504
partition_03_fold_00_20_45,3,fold_00,20,45,0.0032840727,0.003180106,0.0044045453,0.0041245227
partition_03_fold_00_20_46,3,fold_00,20,46,0.0015978012,0.0030316124,0.0017550742,0.0017745133
partition_03_fold_00_20_47,3,fold_00,20,47,0.0016093287,0.0023020664,0.0015627176,0.0016973312
partition_03_fold_00_20_54,3,fold_00,20,54,0.0016207852,0.0043580853,0.0023769643,0.0020111352
partition_03_fold_00_20_56,3,fold_00,20,56,0.0026838938,0.013038485,0.0023249856,0.0029292253
partition_03_fold_00_20_57,3,fold_00,20,57,0.002371808,0.0029513563,0.00053735205,0.0022241112
partition_03_fold_00_20_62,3,fold_00,20,62,0.001778856,0.006521933,0.0018350672,0.0026154483
partition_03_fold_00_21_31,3,fold_00,21,31,0.002185149,0.0010924361,0.0026559872,0.00218756
partition_03_fold_00_21_32,3,fold_00,21,32,0.0024433518,0.0023322008,0.0030134302,0.0023081824
partition_03_fold_00_21_35,3,fold_00,21,35,0.0022817852,0.0033180597,0.0030697496,0.0026161498
partition_03_fold_00_21_36,3,fold_00,21,36,0.0023326352,0.0018094518,0.0028767337,0.0021476198
partition_03_fold_00_21_38,3,fold_00,21,38,0.0020014287,0.0015789659,0.00252126,0.001766874
partition_03_fold_00_21_41,3,fold_00,21,41,0.0026961518,0.0032901536,0.0023923814,0.0019266498
partition_03_fold_00_21_44,3,fold_00,21,44,0.0036528683,0.003511117,0.0011031103,0.0023663642
partition_03_fold_00_21_45,3,fold_00,21,45,0.0037789785,0.0072846035,0.0037409442,0.005495072
partition_03_fold_00_21_46,3,fold_00,21,46,0.0020747609,0.00091653276,0.0024822499,0.0018228232
partition_03_fold_00_21_47,3,fold_00,21,47,0.0021101453,0.0034288925,0.0025876106,0.0018580083
partition_03_fold_00_21_54,3,fold_00,21,54,0.0021084705,0.00020733892,0.0020313854,0.001718225
partition_03_fold_00_21_56,3,fold_00,21,56,0.0031294315,0.009696531,0.0013385452,0.00407594
partition_03_fold_00_21_57,3,fold_00,21,57,0.0028029587,0.002573897,0.002903874,0.0026723482
partition_03_fold_00_21_62,3,fold_00,21,62,0.0022792506,0.007944125,0.0028291424,0.0035386668
partition_03_fold_00_31_32,3,fold_00,31,32,0.0015733957,0.0021167619,0.00042243625,0.0016022472
partition_03_fold_00_31_35,3,fold_00,31,35,0.0015897414,0.0017292022,0.0006152287,0.0020011188
partition_03_fold_00_31_36,3,fold_00,31,36,0.0014430342,0.0015244663,0.00024648212,0.0015523705
partition_03_fold_00_31_38,3,fold_00,31,38,0.0010683084,0.0020222727,0.00061820087,0.0016475501
partition_03_fold_00_31_41,3,fold_00,31,41,0.0017820185,0.0028172005,0.0015688896,0.0017756594
partition_03_fold_00_31_44,3,fold_00,31,44,0.002778251,0.003566619,0.0034033589,0.002786198
partition_03_fold_00_31_45,3,fold_00,31,45,0.0028964381,0.0031989552,0.0025777922,0.0023226389
partition_03_fold_00_31_46,3,fold_00,31,46,0.001155488,0.0019564677,0.00023212863,0.0016022472
partition_03_fold_00_31_47,3,fold_00,31,47,0.0011666929,0.0015847564,0.00033808636,0.0016022472
partition_03_fold_00_31_54,3,fold_00,31,54,0.0011968492,0.0025152192,0.00094307476,0.0018227698
partition_03_fold_00_31_56,3,fold_00,31,56,0.0022197983,0.0062643536,0.0027016224,0.0025332798
partition_03_fold_00_31_57,3,fold_00,31,57,0.001980384,0.0019279909,0.0022943264,0.0019845176
partition_03_fold_00_31_62,3,fold_00,31,62,0.0013847626,0.0129619455,0.00022037522,0.002460883
partition_03_fold_00_32_35,3,fold_00,32,35,0.0017678691,0.002658594,0.00039112484,0.0016065052
partition_03_fold_00_32_36,3,fold_00,32,36,0.0017208881,0.0024538105,0.00022448658,0.0019490393
partition_03_fold_00_32_38,3,fold_00,32,38,0.0013344561,0.0018993723,0.0008243528,0.0016022472
partition_03_fold_00_32_41,3,fold_00,32,41,0.0020552264,0.0033523375,0.0018682947,0.0016436796
partition_03_fold_00_32_44,3,fold_00,32,44,0.0030724464,0.0023670928,0.0037275183,0.003562798
partition_03_fold_00_32_45,3,fold_00,32,45,0.0031044502,0.0024993054,0.002702433,0.0024143942
partition_03_fold_00_32_46,3,fold_00,32,46,0.0014045903,0.0013311828,0.0006009883,0.0016083197
partition_03_fold_00_32_47,3,fold_00,32,47,0.0014502476,0.0013339708,0.0005652258,0.0016083197
partition_03_fold_00_32_54,3,fold_00,32,54,0.001439726,0.001989203,0.0013274022,0.0016022472
partition_03_fold_00_32_56,3,fold_00,32,56,0.0025349455,0.002833592,0.002979434,0.002780973
partition_03_fold_00_32_57,3,fold_00,32,57,0.002255865,0.0022038678,0.0023796584,0.002086959
partition_03_fold_00_32_62,3,fold_00,32,62,0.0016457918,0.0025748597,0.00038412586,0.0018790734
partition_03_fold_00_35_36,3,fold_00,35,36,0.001670152,0.0017572758,0.00040779475,0.0017700134
partition_03_fold_00_35_38,3,fold_00,35,38,0.0013474181,0.0015683156,0.00066150946,0.0015523705
partition_03_fold_00_35_41,3,fold_00,35,41,0.0019987754,0.0010661355,0.0021750247,0.0017030693
partition_03_fold_00_35_44,3,fold_00,35,44,0.0030342482,0.0029219636,0.0037229292,0.003742864
partition_03_fold_00_35_45,3,fold_00,35,45,0.003147495,0.0032470606,0.0030712811,0.002973003
partition_03_fold_00_35_46,3,fold_00,35,46,0.001400762,0.001469576,0.00068854523,0.0015523705
partition_03_fold_00_35_47,3,fold_00,35,47,0.0014335635,0.0007969288,0.0005223064,0.0015523705
partition_03_fold_00_35_54,3,fold_00,35,54,0.0014537468,0.00046545168,0.001515997,0.0016662076
partition_03_fold_00_35_56,3,fold_00,35,56,0.0024813805,0.002953743,0.002919506,0.0029164902
partition_03_fold_00_35_57,3,fold_00,35,57,0.0021979217,0.0025412198,0.0020647042,0.002352712
partition_03_fold_00_35_62,3,fold_00,35,62,0.0016372261,0.025672395,0.0005213702,0.008053028
partition_03_fold_00_36_38,3,fold_00,36,38,0.0012118312,0.0018613158,0.0006566471,0.0016022472
partition_03_fold_00_36_41,3,fold_00,36,41,0.0019311971,0.0026495429,0.0017730157,0.0016022472
partition_03_fold_00_36_44,3,fold_00,36,44,0.0029643911,0.00830542,0.0035946856,0.003384074
partition_03_fold_00_36_45,3,fold_00,36,45,0.0030991298,0.007886756,0.002689247,0.0030094897
partition_03_fold_00_36_46,3,fold_00,36,46,0.0012614183,0.0022351814,0.00041980628,0.0016065052
partition_03_fold_00_36_47,3,fold_00,36,47,0.0013021638,0.0014911888,0.0003907671,0.0016022472
partition_03_fold_00_36_54,3,fold_00,36,54,0.0013406636,0.0011285839,0.0011798937,0.0015523705
partition_03_fold_00_36_56,3,fold_00,36,56,0.0023831688,0.0050777122,0.0028543193,0.0025241035
partition_03_fold_00_36_57,3,fold_00,36,57,0.0021339252,0.0028605931,0.0022801554,0.0021231982
partition_03_fold_00_36_62,3,fold_00,36,62,0.0015267285,0.009739745,0.00017025591,0.002788549
partition_03_fold_00_38_41,3,fold_00,38,41,0.0015593644,0.0009675306,0.0019985149,0.001604388
partition_03_fold_00_38_44,3,fold_00,38,44,0.0025914889,0.0018765297,0.0031794086,0.0024773371
partition_03_fold_00_38_45,3,fold_00,38,45,0.002691364,0.0018716701,0.0031406404,0.0024032665
partition_03_fold_00_38_46,3,fold_00,38,46,0.0009011024,0.0021757656,0.00045822596,0.0016022472
partition_03_fold_00_38_47,3,fold_00,38,47,0.00092899025,0.0011056981,0.00029000934,0.0016022472
partition_03_fold_00_38_54,3,fold_00,38,54,0.0009411386,0.0016045222,0.0011670247,0.0016022472
partition_03_fold_00_38_56,3,fold_00,38,56,0.0020426204,0.001835978,0.0024135266,0.0019118348
partition_03_fold_00_38_57,3,fold_00,38,57,0.0018169321,0.0026907572,0.001726605,0.0016022472
partition_03_fold_00_38_62,3,fold_00,38,62,0.0011539523,0.002010464,0.0006311409,0.0017714014
partition_03_fold_00_41_44,3,fold_00,41,44,0.0032903668,0.0022855718,0.0033197016,0.0028360747
partition_03_fold_00_41_45,3,fold_00,41,45,0.0034360508,0.008397747,0.0014289825,0.0030489797
partition_03_fold_00_41_46,3,fold_00,41,46,0.0016154548,0.002200141,0.001594086,0.0016022472
partition_03_fold_00_41_47,3,fold_00,41,47,0.0016348965,0.0020815989,0.0018166234,0.0016166219
partition_03_fold_00_41_54,3,fold_00,41,54,0.0016519165,0.004310053,0.0009671371,0.001712146
partition_03_fold_00_41_56,3,fold_00,41,56,0.0027519611,0.0033608456,0.0030185468,0.0027974218
partition_03_fold_00_41_57,3,fold_00,41,57,0.002470196,0.0038226356,0.003524834,0.0030892189
partition_03_fold_00_41_62,3,fold_00,41,62,0.0018509133,0.0037623926,0.0016946831,0.002545866
partition_03_fold_00_44_45,3,fold_00,44,45,0.004412917,0.004399728,0.004641592,0.004556057
partition_03_fold_00_44_46,3,fold_00,44,46,0.002636972,0.0096971495,0.003234161,0.0032934162
partition_03_fold_00_44_47,3,fold_00,44,47,0.0026973626,0.0026660583,0.0032900453,0.0025759197
partition_03_fold_00_44_54,3,fold_00,44,54,0.0026707528,0.0030991363,0.0029629718,0.002641079
partition_03_fold_00_44_56,3,fold_00,44,56,0.0037400015,0.003568743,0.0010074611,0.0027668076
partition_03_fold_00_44_57,3,fold_00,44,57,0.003515034,0.0028890637,0.0030037593,0.0029447512
partition_03_fold_00_44_62,3,fold_00,44,62,0.0028711315,0.026550706,0.003551701,0.0061663254
partition_03_fold_00_45_46,3,fold_00,45,46,0.0027559248,0.002225671,0.0026998098,0.0022930151
partition_03_fold_00_45_47,3,fold_00,45,47,0.0027506053,0.002233781,0.0028982467,0.0023340217
partition_03_fold_00_45_54,3,fold_00,45,54,0.002688682,0.0030214794,0.0022840768,0.0020787332
partition_03_fold_00_45_56,3,fold_00,45,56,0.0037993588,0.0048807804,0.0043696,0.0045389608
partition_03_fold_00_45_57,3,fold_00,45,57,0.0035722149,0.003324095,0.0047761817,0.004640181
partition_03_fold_00_45_62,3,fold_00,45,62,0.0029398738,0.0039306777,0.0026389582,0.0027876305
partition_03_fold_00_46_47,3,fold_00,46,47,0.000950481,0.002224526,0.00022657438,0.0016022472
partition_03_fold_00_46_54,3,fold_00,46,54,0.0010166783,0.0023466581,0.0008434855,0.0016083197
partition_03_fold_00_46_56,3,fold_00,46,56,0.0020976027,0.0029982335,0.0025404207,0.0020483604
partition_03_fold_00_46_57,3,fold_00,46,57,0.0018629399,0.003021564,0.0021512755,0.0016937733
partition_03_fold_00_46_62,3,fold_00,46,62,0.0012549756,0.0018430282,0.0003812385,0.001712146
partition_03_fold_00_47_54,3,fold_00,47,54,0.001043512,0.0016979744,0.00105398,0.0017515456
partition_03_fold_00_47_56,3,fold_00,47,56,0.0021144757,0.0022264305,0.0025473314,0.0019118348
partition_03_fold_00_47_57,3,fold_00,47,57,0.0018819412,0.0017239273,0.0019804903,0.0016337843
partition_03_fold_00_47_62,3,fold_00,47,62,0.0012750012,0.002150043,0.000384554,0.0017869745
partition_03_fold_00_54_56,3,fold_00,54,56,0.0021222483,0.0026893276,0.0025103206,0.002203549
partition_03_fold_00_54_57,3,fold_00,54,57,0.0019095927,0.0016414367,0.0026867406,0.0021000984
partition_03_fold_00_54_62,3,fold_00,54,62,0.0012302465,0.005566694,0.001104032,0.0023217127
partition_03_fold_00_56_57,3,fold_00,56,57,0.0029234202,0.0032782152,0.0020862988,0.0025745656
partition_03_fold_00_56_62,3,fold_00,56,62,0.002311531,0.021858023,0.002822611,0.0046543507
partition_03_fold_00_57_62,3,fold_00,57,62,0.0020618085,0.0036106228,0.0022799785,0.0024857784
partition_04_fold_02_4_9,4,fold_02,4,9,0.0014121976,0.0016738292,0.0009057874,0.0015482266
partition_04_fold_02_4_18,4,fold_02,4,18,0.0050312122,0.0033754762,0.00547215,0.005286738
partition_04_fold_02_4_19,4,fold_02,4,19,0.0011787466,0.001796273,0.001128829,0.0015482266
partition_04_fold_02_4_21,4,fold_02,4,21,0.0020313878,0.0013096132,0.0022808807,0.0017739331
partition_04_fold_02_4_25,4,fold_02,4,25,0.0010786789,0.0017392559,0.00042503013,0.0015747827
partition_04_fold_02_4_32,4,fold_02,4,32,0.0013698791,0.0010584209,0.0007589421,0.0017132163
partition_04_fold_02_4_33,4,fold_02,4,33,0.0019454305,0.0029394776,0.0021448396,0.0021475758
partition_04_fold_02_4_34,4,fold_02,4,34,0.0016250459,0.0022646757,0.0016383113,0.0016345193
partition_04_fold_02_4_35,4,fold_02,4,35,0.0013577414,0.0018266434,0.0013917419,0.0015779019
partition_04_fold_02_4_36,4,fold_02,4,36,0.001219804,0.0018435672,0.0006015736,0.0015482266
partition_04_fold_02_4_42,4,fold_02,4,42,0.0009109663,0.0012162853,0.000251751,0.0015482266
partition_04_fold_02_4_44,4,fold_02,4,44,0.0026122574,0.002716151,0.0030584144,0.002478334
partition_04_fold_02_4_45,4,fold_02,4,45,0.0026795862,0.0022606766,0.0030978154,0.0026082397
partition_04_fold_02_4_47,4,fold_02,4,47,0.00091509783,0.0025922481,0.0001694965,0.0016387212
partition_04_fold_02_4_49,4,fold_02,4,49,0.0016738492,0.002199765,0.0017923906,0.0019230217
partition_04_fold_02_4_50,4,fold_02,4,50,0.0012733152,0.0018234304,0.0012903648,0.0015482266
partition_04_fold_02_4_52,4,fold_02,4,52,0.0027899616,0.0032253636,0.0031474244,0.0027932515
partition_04_fold_02_4_54,4,fold_02,4,54,0.0009778645,0.0021661916,0.000994755,0.0015494257
partition_04_fold_02_4_55,4,fold_02,4,55,0.0019215684,0.0026587893,0.0024152398,0.0023132998
partition_04_fold_02_4_63,4,fold_02,4,63,0.001975154,0.0024865393,0.002096812,0.001966268
partition_04_fold_02_9_18,4,fold_02,9,18,0.0054933326,0.0037466136,0.00580015,0.0051359893
partition_04_fold_02_9_19,4,fold_02,9,19,0.0017164723,0.0022797803,0.0020079885,0.0016146308
partition_04_fold_02_9_21,4,fold_02,9,21,0.0024991161,0.0025619052,0.0023365442,0.0018644283
partition_04_fold_02_9_25,4,fold_02,9,25,0.001582256,0.002113232,0.00051644363,0.0017058386
partition_04_fold_02_9_32,4,fold_02,9,32,0.0018896149,0.0012312767,0.0003144381,0.0015482266
partition_04_fold_02_9_33,4,fold_02,9,33,0.0024150591,0.0033026855,0.0029744282,0.0029513796
partition_04_fold_02_9_34,4,fold_02,9,34,0.0020780677,0.002274708,0.002476288,0.0025103788
partition_04_fold_02_9_35,4,fold_02,9,35,0.0018114316,0.003223536,0.0022368901,0.0019032705
partition_04_fold_02_9_36,4,fold_02,9,36,0.0017356806,0.002002841,0.00040179514,0.0015747827
partition_04_fold_02_9_42,4,fold_02,9,42,0.0014238635,0.0025763384,0.00076170295,0.0016669044
partition_04_fold_02_9_44,4,fold_02,9,44,0.0030901346,0.0032101679,0.0033241613,0.0029264125
partition_04_fold_02_9_45,4,fold_02,9,45,0.0031678209,0.0058170417,0.0027339498,0.003113893
partition_04_fold_02_9_47,4,fold_02,9,47,0.0014781812,0.0016402985,0.00077274477,0.0015482266
partition_04_fold_02_9_49,4,fold_02,9,49,0.0021297885,0.0034195173,0.0026354252,0.0025799233
partition_04_fold_02_9_50,4,fold_02,9,50,0.0017716109,0.002109902,0.0021577033,0.0018336697
partition_04_fold_02_9_52,4,fold_02,9,52,0.0032146398,0.0032112836,0.0040374207,0.0039821616
partition_04_fold_02_9_54,4,fold_02,9,54,0.0014883595,0.0014611427,0.00095943344,0.0015482266
partition_04_fold_02_9_55,4,fold_02,9,55,0.002377704,0.002731057,0.0020548585,0.0023354245
partition_04_fold_02_9_63,4,fold_02,9,63,0.002433743,0.0029241329,0.002923194,0.0027585807
partition_04_fold_02_18_19,4,fold_02,18,19,0.0054878765,0.0039428514,0.0056163967,0.0050851605
partition_04_fold_02_18_21,4,fold_02,18,21,0.0056457752,0.0037466136,0.0062684147,0.004805474
partition_04_fold_02_18_25,4,fold_02,18,25,0.004994176,0.003593419,0.005500694,0.0049385717
partition_04_fold_02_18_32,4,fold_02,18,32,0.0054108463,0.0037466136,0.005609436,0.0049849935
partition_04_fold_02_18_33,4,fold_02,18,33,0.006196497,0.003811817,0.005792735,0.005044713
partition_04_fold_02_18_34,4,fold_02,18,34,0.005578546,0.0038292415,0.0059678038,0.005118231
partition_04_fold_02_18_35,4,fold_02,18,35,0.0047934353,0.0036878092,0.0055958987,0.004837826
partition_04_fold_02_18_36,4,fold_02,18,36,0.0052079195,0.0037130543,0.005500661,0.0051554455
partition_04_fold_02_18_42,4,fold_02,18,42,0.005045163,0.003837919,0.005609526,0.005214655
partition_04_fold_02_18_44,4,fold_02,18,44,0.0067968685,0.003766582,0.0043355045,0.0041269073
partition_04_fold_02_18_45,4,fold_02,18,45,0.006839107,0.004056163,0.0077371188,0.0132891135
partition_04_fold_02_18_47,4,fold_02,18,47,0.0049791723,0.0034274715,0.005571264,0.005286738
partition_04_fold_02_18_49,4,fold_02,18,49,0.0058186795,0.003593419,0.005805485,0.005129797
partition_04_fold_02_18_50,4,fold_02,18,50,0.0049598734,0.0036402429,0.0055857487,0.0051025953
partition_04_fold_02_18_52,4,fold_02,18,52,0.0067608375,0.0036357997,0.0054737823,0.0048517953
partition_04_fold_02_18_54,4,fold_02,18,54,0.0051567964,0.003630115,0.005991964,0.0052051065
partition_04_fold_02_18_55,4,fold_02,18,55,0.005803941,0.003520123,0.0067086285,0.0066580838
partition_04_fold_02_18_63,4,fold_02,18,63,0.005838838,0.0035311135,0.006175586,0.0050003026
partition_04_fold_02_19_21,4,fold_02,19,21,0.0023267455,0.0052265287,0.0026870982,0.0031097592
partition_04_fold_02_19_25,4,fold_02,19,25,0.0013979231,0.0020035505,0.0015516824,0.0016462074
partition_04_fold_02_19_32,4,fold_02,19,32,0.0016933314,0.0018776839,0.0018573084,0.0015875548
partition_04_fold_02_19_33,4,fold_02,19,33,0.0022498106,0.004042647,0.0012478412,0.0022783624
partition_04_fold_02_19_34,4,fold_02,19,34,0.0019471936,0.0024851067,0.00058358203,0.0016895194
partition_04_fold_02_19_35,4,fold_02,19,35,0.0016649086,0.002654941,0.0006167345,0.0016476429
partition_04_fold_02_19_36,4,fold_02,19,36,0.0015578739,0.0024359443,0.001718981,0.0016130324
partition_04_fold_02_19_42,4,fold_02,19,42,0.001212523,0.0014082972,0.0012758498,0.0015482266
partition_04_fold_02_19_44,4,fold_02,19,44,0.0029437174,0.0037078299,0.0033455053,0.0032413087
partition_04_fold_02_19_45,4,fold_02,19,45,0.0030481291,0.003045502,0.0036877007,0.0035592637
partition_04_fold_02_19_47,4,fold_02,19,47,0.0012195756,0.0020862303,0.0012442853,0.0016387212
partition_04_fold_02_19_49,4,fold_02,19,49,0.0020076977,0.0021943022,0.00083183235,0.0015482266
partition_04_fold_02_19_50,4,fold_02,19,50,0.0016140597,0.002520816,0.0004219717,0.0016749721
partition_04_fold_02_19_52,4,fold_02,19,52,0.003152036,0.002997434,0.0021356456,0.002352686
partition_04_fold_02_19_54,4,fold_02,19,54,0.0013036722,0.0023553348,0.0017796659,0.0017215954
partition_04_fold_02_19_55,4,fold_02,19,55,0.0022453046,0.0027001502,0.003135821,0.0026961712
partition_04_fold_02_19_63,4,fold_02,19,63,0.0023112418,0.0025913713,0.0010414491,0.0020276464
partition_04_fold_02_21_25,4,fold_02,21,25,0.0021836467,0.0022696261,0.0022205603,0.0019180841
partition_04_fold_02_21_32,4,fold_02,21,32,0.0024433518,0.0021176175,0.0024717327,0.0021378607
partition_04_fold_02_21_33,4,fold_02,21,33,0.002989338,0.0047311937,0.0029623054,0.0029557727
partition_04_fold_02_21_34,4,fold_02,21,34,0.0027012709,0.0031247765,0.0029141223,0.002894587
partition_04_fold_02_21_35,4,fold_02,21,35,0.0022817852,0.002960163,0.0024986966,0.0022373626
partition_04_fold_02_21_36,4,fold_02,21,36,0.0023326352,0.0020738577,0.0023791478,0.0021250483
partition_04_fold_02_21_42,4,fold_02,21,42,0.00208168,0.0022353115,0.0023193096,0.0019395298
partition_04_fold_02_21_44,4,fold_02,21,44,0.0036528683,0.0027252203,0.0023954995,0.0026582698
partition_04_fold_02_21_45,4,fold_02,21,45,0.0037789785,0.0040899273,0.0019022092,0.0024828047
partition_04_fold_02_21_47,4,fold_02,21,47,0.0021101453,0.002035557,0.0023346131,0.0018986937
partition_04_fold_02_21_49,4,fold_02,21,49,0.0027246193,0.0033618344,0.0029107886,0.0027812799
partition_04_fold_02_21_50,4,fold_02,21,50,0.00229285,0.0027788226,0.0025492825,0.0025049236
partition_04_fold_02_21_52,4,fold_02,21,52,0.0037994396,0.0038164135,0.0043477253,0.004091469
partition_04_fold_02_21_54,4,fold_02,21,54,0.0021084705,0.00051552826,0.0017590361,0.0015529246
partition_04_fold_02_21_55,4,fold_02,21,55,0.002961396,0.0027516815,0.002035159,0.002318768
partition_04_fold_02_21_63,4,fold_02,21,63,0.0030493462,0.0028484834,0.003245496,0.0029962535
partition_04_fold_02_25_32,4,fold_02,25,32,0.0015741899,0.0020341973,0.00039890295,0.0017138228
partition_04_fold_02_25_33,4,fold_02,25,33,0.0020637386,0.0030196728,0.0025313776,0.0025874074
partition_04_fold_02_25_34,4,fold_02,25,34,0.0017608576,0.002448311,0.002053229,0.0019496349
partition_04_fold_02_25_35,4,fold_02,25,35,0.0015159314,0.001992406,0.0017821789,0.0016967707
partition_04_fold_02_25_36,4,fold_02,25,36,0.0014072473,0.002349375,0.00022722445,0.0016178272
partition_04_fold_02_25_42,4,fold_02,25,42,0.0011015472,0.0016274026,0.00037745317,0.0016018586
partition_04_fold_02_25_44,4,fold_02,25,44,0.002801988,0.0029767375,0.003048822,0.0027151871
partition_04_fold_02_25_45,4,fold_02,25,45,0.002871714,0.0030311528,0.0029273238,0.0028377902
partition_04_fold_02_25_47,4,fold_02,25,47,0.0011239955,0.0031936478,0.00034471042,0.0015747827
partition_04_fold_02_25_49,4,fold_02,25,49,0.0017977371,0.0049802405,0.0021970966,0.0024963792
partition_04_fold_02_25_50,4,fold_02,25,50,0.0014552864,0.002329016,0.0016965515,0.001777786
partition_04_fold_02_25_52,4,fold_02,25,52,0.0029025595,0.0028217838,0.0035572897,0.0034357186
partition_04_fold_02_25_54,4,fold_02,25,54,0.0011579096,0.0026230586,0.0008956984,0.0016152355
partition_04_fold_02_25_55,4,fold_02,25,55,0.0020514962,0.0028363247,0.0022247145,0.0020915226
partition_04_fold_02_25_63,4,fold_02,25,63,0.0021078947,0.002961579,0.002509804,0.0023563444
partition_04_fold_02_32_33,4,fold_02,32,33,0.0023561316,0.0034274019,0.0028939736,0.00282771
partition_04_fold_02_32_34,4,fold_02,32,34,0.0020627955,0.0031239036,0.0023625263,0.0026305001
partition_04_fold_02_32_35,4,fold_02,32,35,0.0017678691,0.0022596726,0.002145567,0.0018644283
partition_04_fold_02_32_36,4,fold_02,32,36,0.0017208881,0.0029166876,0.00018965213,0.001944259
partition_04_fold_02_32_42,4,fold_02,32,42,0.0014176476,0.0016852352,0.00067007035,0.001791274
partition_04_fold_02_32_44,4,fold_02,32,44,0.0030724464,0.0022609348,0.0033339672,0.002892389
partition_04_fold_02_32_45,4,fold_02,32,45,0.0031044502,0.002335283,0.0030141075,0.0026558272
partition_04_fold_02_32_47,4,fold_02,32,47,0.0014502476,0.0014581268,0.0006299628,0.0016727633
partition_04_fold_02_32_49,4,fold_02,32,49,0.0021179721,0.0027215085,0.0025378226,0.0024101718
partition_04_fold_02_32_50,4,fold_02,32,50,0.001768773,0.002149462,0.0020468752,0.0018041112
partition_04_fold_02_32_52,4,fold_02,32,52,0.0032021664,0.003018852,0.0038613812,0.0036209254
partition_04_fold_02_32_54,4,fold_02,32,54,0.001439726,0.001723438,0.001136558,0.0015482266
partition_04_fold_02_32_55,4,fold_02,32,55,0.0023606664,0.0030965782,0.0023342178,0.0023644336
partition_04_fold_02_32_63,4,fold_02,32,63,0.0024105362,0.0026986962,0.0028172843,0.0026605995
partition_04_fold_02_33_34,4,fold_02,33,34,0.0026587704,0.0035749713,0.0008759213,0.0031147422
partition_04_fold_02_33_35,4,fold_02,33,35,0.00232053,0.0043293573,0.0007616138,0.0026918738
partition_04_fold_02_33_36,4,fold_02,33,36,0.0022288454,0.004531929,0.002732105,0.002842179
partition_04_fold_02_33_42,4,fold_02,33,42,0.0019311031,0.0032390074,0.002241353,0.0022244973
partition_04_fold_02_33_44,4,fold_02,33,44,0.0035634926,0.0037020529,0.0032647066,0.003165513
partition_04_fold_02_33_45,4,fold_02,33,45,0.0036301608,0.0038331244,0.0040020165,0.003928757
partition_04_fold_02_33_47,4,fold_02,33,47,0.0019893681,0.0029978855,0.002272149,0.0021475758
partition_04_fold_02_33_49,4,fold_02,33,49,0.00269179,0.0032869906,0.0004642334,0.0023666406
partition_04_fold_02_33_50,4,fold_02,33,50,0.0023133764,0.005316172,0.0008933581,0.0028838005
partition_04_fold_02_33_52,4,fold_02,33,52,0.0037041032,0.0037450807,0.0015597523,0.0027466365
partition_04_fold_02_33_54,4,fold_02,33,54,0.001977154,0.0031684488,0.0024030022,0.0023426125
partition_04_fold_02_33_55,4,fold_02,33,55,0.002906906,0.003335009,0.0034154274,0.0036921473
partition_04_fold_02_33_63,4,fold_02,33,63,0.002969596,0.0033574307,0.0007667765,0.0032679231
partition_04_fold_02_34_35,4,fold_02,34,35,0.0020371273,0.002802245,0.00061403244,0.0022089325
partition_04_fold_02_34_36,4,fold_02,34,36,0.001850455,0.0022515703,0.002229617,0.0019384717
partition_04_fold_02_34_42,4,fold_02,34,42,0.001641231,0.0023466502,0.0017406736,0.0016387212
partition_04_fold_02_34_44,4,fold_02,34,44,0.0033350105,0.0031322371,0.003610045,0.0036260332
partition_04_fold_02_34_45,4,fold_02,34,45,0.0033362787,0.003349574,0.0038311854,0.003687129
partition_04_fold_02_34_47,4,fold_02,34,47,0.00168999,0.0023061093,0.0017392379,0.0016091623
partition_04_fold_02_34_49,4,fold_02,34,49,0.0023498975,0.002401971,0.0004446282,0.0017115815
partition_04_fold_02_34_50,4,fold_02,34,50,0.0020078083,0.0027418023,0.0005322423,0.0019995663
partition_04_fold_02_34_52,4,fold_02,34,52,0.0034059058,0.0033098704,0.0018483064,0.0022609585
partition_04_fold_02_34_54,4,fold_02,34,54,0.001694809,0.0021318004,0.0020988495,0.0018733494
partition_04_fold_02_34_55,4,fold_02,34,55,0.002532721,0.0032438177,0.0033353092,0.0030673463
partition_04_fold_02_34_63,4,fold_02,34,63,0.002617201,0.002843276,0.00047120752,0.0020690085
partition_04_fold_02_35_36,4,fold_02,35,36,0.001670152,0.0018187916,0.001983795,0.0016604151
partition_04_fold_02_35_42,4,fold_02,35,42,0.0013925587,0.0013316602,0.0015050521,0.0015747827
partition_04_fold_02_35_44,4,fold_02,35,44,0.0030342482,0.0026156576,0.0030105363,0.0028989802
partition_04_fold_02_35_45,4,fold_02,35,45,0.003147495,0.0037443638,0.003552396,0.003643123
partition_04_fold_02_35_47,4,fold_02,35,47,0.0014335635,0.0013179716,0.0015238329,0.0015747827
partition_04_fold_02_35_49,4,fold_02,35,49,0.0021158874,0.0022098343,0.0004860559,0.0020338586
partition_04_fold_02_35_50,4,fold_02,35,50,0.0016738699,0.0023882107,0.00019568509,0.001712765
partition_04_fold_02_35_52,4,fold_02,35,52,0.0031522517,0.0025963334,0.00201245,0.0022260977
partition_04_fold_02_35_54,4,fold_02,35,54,0.0014537468,0.0014090228,0.0017531627,0.0015463511
partition_04_fold_02_35_55,4,fold_02,35,55,0.0022878018,0.003086769,0.0029455868,0.0028894173
partition_04_fold_02_35_63,4,fold_02,35,63,0.0023878925,0.0030316291,0.00093770097,0.0023397692
partition_04_fold_02_36_42,4,fold_02,36,42,0.0012762041,0.0019263737,0.0005341193,0.0015482266
partition_04_fold_02_36_44,4,fold_02,36,44,0.0029643911,0.0048758094,0.00317997,0.00362299
partition_04_fold_02_36_45,4,fold_02,36,45,0.0030991298,0.005738924,0.0030137002,0.0029911832
partition_04_fold_02_36_47,4,fold_02,36,47,0.0013021638,0.001839045,0.0004931705,0.0015482266
partition_04_fold_02_36_49,4,fold_02,36,49,0.0019723687,0.0031497048,0.002386608,0.0022132501
partition_04_fold_02_36_50,4,fold_02,36,50,0.0016061304,0.0019565856,0.0018901485,0.0016472915
partition_04_fold_02_36_52,4,fold_02,36,52,0.00309009,0.004054482,0.003709273,0.00356009
partition_04_fold_02_36_54,4,fold_02,36,54,0.0013406636,0.0014737996,0.0010477,0.0015747827
partition_04_fold_02_36_55,4,fold_02,36,55,0.002212487,0.0028050803,0.0023026336,0.002092039
partition_04_fold_02_36_63,4,fold_02,36,63,0.0022638442,0.0027879162,0.0026856258,0.0024738268
partition_04_fold_02_42_44,4,fold_02,42,44,0.0026615933,0.005970929,0.0031509183,0.0025737914
partition_04_fold_02_42_45,4,fold_02,42,45,0.0027176065,0.005498635,0.002980089,0.0028829249
partition_04_fold_02_42_47,4,fold_02,42,47,0.0009472614,0.0025026242,0.00015974675,0.0016387212
partition_04_fold_02_42_49,4,fold_02,42,49,0.0017300964,0.004287191,0.0018873705,0.0019154751
partition_04_fold_02_42_50,4,fold_02,42,50,0.001334888,0.0015734396,0.0014172785,0.0015747827
partition_04_fold_02_42_52,4,fold_02,42,52,0.0028072337,0.004428596,0.0032854143,0.0032708272
partition_04_fold_02_42_54,4,fold_02,42,54,0.0010025869,0.0022562495,0.00085443497,0.0015482266
partition_04_fold_02_42_55,4,fold_02,42,55,0.0019451972,0.0023672958,0.002251009,0.002021922
partition_04_fold_02_42_63,4,fold_02,42,63,0.0020121858,0.002197521,0.0021855193,0.0018992577
partition_04_fold_02_44_45,4,fold_02,44,45,0.004412917,0.0047164652,0.0038867122,0.0038152593
partition_04_fold_02_44_47,4,fold_02,44,47,0.0026973626,0.0026269965,0.003174891,0.0027810528
partition_04_fold_02_44_49,4,fold_02,44,49,0.0033724408,0.0033124126,0.0033815328,0.003658476
partition_04_fold_02_44_50,4,fold_02,44,50,0.0029736697,0.0027144419,0.0031046618,0.0028989802
partition_04_fold_02_44_52,4,fold_02,44,52,0.004418798,0.004425938,0.00416279,0.0040238327
partition_04_fold_02_44_54,4,fold_02,44,54,0.0026707528,0.0035270215,0.002909755,0.00251045
partition_04_fold_02_44_55,4,fold_02,44,55,0.0035617868,0.004995984,0.003158326,0.0043645264
partition_04_fold_02_44_63,4,fold_02,44,63,0.0036355918,0.0030933155,0.0038724865,0.0038936166
partition_04_fold_02_45_47,4,fold_02,45,47,0.0027506053,0.0026867373,0.0030523234,0.00261311
partition_04_fold_02_45_49,4,fold_02,45,49,0.0034589432,0.013847345,0.0038804808,0.0056272917
partition_04_fold_02_45_50,4,fold_02,45,50,0.0030581444,0.0029613543,0.0035965303,0.0035843789
partition_04_fold_02_45_52,4,fold_02,45,52,0.0044362894,0.0038013803,0.005522903,0.0052337805
partition_04_fold_02_45_54,4,fold_02,45,54,0.002688682,0.0031664881,0.002195063,0.0020962332
partition_04_fold_02_45_55,4,fold_02,45,55,0.003608769,0.0031775015,0.00147197,0.0028120652
partition_04_fold_02_45_63,4,fold_02,45,63,0.0036798872,0.0037793159,0.0041237376,0.0039779535
partition_04_fold_02_47_49,4,fold_02,47,49,0.0017882234,0.002652128,0.0019091408,0.0019249468
partition_04_fold_02_47_50,4,fold_02,47,50,0.0013651492,0.0010853634,0.0014210729,0.0015494257
partition_04_fold_02_47_52,4,fold_02,47,52,0.0028449153,0.0030350706,0.0032753777,0.0030190398
partition_04_fold_02_47_54,4,fold_02,47,54,0.001043512,0.002108454,0.000964718,0.0015482266
partition_04_fold_02_47_55,4,fold_02,47,55,0.0020005899,0.0027820868,0.0023721799,0.002342975
partition_04_fold_02_47_63,4,fold_02,47,63,0.0020529681,0.002702014,0.002194244,0.002048478
partition_04_fold_02_49_50,4,fold_02,49,50,0.0020422332,0.0030753764,0.00054317864,0.0019836063
partition_04_fold_02_49_52,4,fold_02,49,52,0.0033615264,0.0030717647,0.0016654648,0.0019421397
partition_04_fold_02_49_54,4,fold_02,49,54,0.0017615258,0.0042450866,0.0021553321,0.0021528415
partition_04_fold_02_49_55,4,fold_02,49,55,0.0025488234,0.0034523462,0.0032928302,0.0030113924
partition_04_fold_02_49_63,4,fold_02,49,63,0.0026426564,0.0030591008,0.0005158803,0.0019250042
partition_04_fold_02_50_52,4,fold_02,50,52,0.0031231525,0.0031288678,0.002020506,0.0024358148
partition_04_fold_02_50_54,4,fold_02,50,54,0.0013881171,0.0012681943,0.0017503157,0.0015531079
partition_04_fold_02_50_55,4,fold_02,50,55,0.0022743568,0.002961507,0.0030058718,0.0027585807
partition_04_fold_02_50_63,4,fold_02,50,63,0.0023123499,0.0029231934,0.00092638936,0.0022089325
partition_04_fold_02_52_54,4,fold_02,52,54,0.0028660672,0.0041041365,0.0037203017,0.003695668
partition_04_fold_02_52_55,4,fold_02,52,55,0.0035513444,0.0029584034,0.0048562177,0.004257179
partition_04_fold_02_52_63,4,fold_02,52,63,0.0035639077,0.0030612254,0.0015905655,0.002065934
partition_04_fold_02_54_55,4,fold_02,54,55,0.0019868517,0.0025767684,0.0014422431,0.0018227706
partition_04_fold_02_54_63,4,fold_02,54,63,0.0020559102,0.0026225108,0.002494835,0.0023102253
partition_04_fold_02_55_63,4,fold_02,55,63,0.002699812,0.0028160224,0.0036442052,0.0033898884
partition_04_fold_01_0_1,4,fold_01,0,1,0.0018130203,0.0025833668,0.0019434708,0.0021346156
partition_04_fold_01_0_3,4,fold_01,0,3,0.0014465871,0.0021323306,0.0016707912,0.0019625563
partition_04_fold_01_0_8,4,fold_01,0,8,0.001389011,0.0020692188,0.001577728,0.0019625563
partition_04_fold_01_0_10,4,fold_01,0,10,0.002281441,0.0030809513,0.0003523191,0.0023435066
partition_04_fold_01_0_13,4,fold_01,0,13,0.0017480076,0.002086659,0.0016213486,0.0019625563
partition_04_fold_01_0_14,4,fold_01,0,14,0.0038209693,0.0028131162,0.0032409092,0.0030109372
partition_04_fold_01_0_22,4,fold_01,0,22,0.03307231,0.002086659,0.035092067,0.0039003587
partition_04_fold_01_0_23,4,fold_01,0,23,0.0022159428,0.0022529266,0.002241369,0.0020831611
partition_04_fold_01_0_24,4,fold_01,0,24,0.0027753739,0.0030236412,0.002402498,0.0027258226
partition_04_fold_01_0_27,4,fold_01,0,27,0.0015752729,0.002057527,0.0017198595,0.0019625563
partition_04_fold_01_0_29,4,fold_01,0,29,0.0016269269,0.002129994,0.0018028587,0.0019625563
partition_04_fold_01_0_31,4,fold_01,0,31,0.0017192462,0.002145476,0.0018914181,0.0019901036
partition_04_fold_01_0_37,4,fold_01,0,37,0.003664973,0.0032354025,0.0030798167,0.0030559495
partition_04_fold_01_0_39,4,fold_01,0,39,0.0015543132,0.002057527,0.0017287168,0.0019625563
partition_04_fold_01_0_46,4,fold_01,0,46,0.0015639114,0.002057527,0.001615985,0.0019625563
partition_04_fold_01_0_48,4,fold_01,0,48,0.003442385,0.0028438924,0.0017348808,0.0022692215
partition_04_fold_01_0_53,4,fold_01,0,53,0.002210124,0.0022273764,0.00022494863,0.0019625563
partition_04_fold_01_0_57,4,fold_01,0,57,0.0024183819,0.0028615084,0.0022076122,0.0024199719
partition_04_fold_01_0_58,4,fold_01,0,58,0.0032579028,0.003489633,0.0027024904,0.002880606
partition_04_fold_01_0_59,4,fold_01,0,59,0.0015133149,0.002057527,0.0017732161,0.0019625563
partition_04_fold_01_1_3,4,fold_01,1,3,0.0011233069,0.002057527,0.0007057564,0.0019625563
partition_04_fold_01_1_8,4,fold_01,1,8,0.001079604,0.002057527,0.0007727034,0.0019820477
partition_04_fold_01_1_10,4,fold_01,1,10,0.0018571169,0.0024229751,0.0020257717,0.0020429534
partition_04_fold_01_1_13,4,fold_01,1,13,0.0014232578,0.002057527,0.0013040601,0.0019625563
partition_04_fold_01_1_14,4,fold_01,1,14,0.0034527758,0.0025833668,0.00357737,0.0030464195
partition_04_fold_01_1_22,4,fold_01,1,22,0.02797434,0.002057527,0.035899665,0.0039003587
partition_04_fold_01_1_23,4,fold_01,1,23,0.0019882312,0.0024032614,0.001279941,0.002079674
partition_04_fold_01_1_24,4,fold_01,1,24,0.0023824384,0.0024270432,0.0021863787,0.0021563696
partition_04_fold_01_1_27,4,fold_01,1,27,0.0012471537,0.002057527,0.00042596806,0.0019625563
partition_04_fold_01_1_29,4,fold_01,1,29,0.001292716,0.0024229751,0.00034103834,0.0020103194
partition_04_fold_01_1_31,4,fold_01,1,31,0.0014134279,0.002057527,0.000230796,0.0019625563
partition_04_fold_01_1_37,4,fold_01,1,37,0.0032720321,0.00278842,0.0032186087,0.003017142
partition_04_fold_01_1_39,4,fold_01,1,39,0.0012086692,0.002057527,0.0006004348,0.0019625563
partition_04_fold_01_1_46,4,fold_01,1,46,0.0012439215,0.002057527,0.0010687438,0.0019625563
partition_04_fold_01_1_48,4,fold_01,1,48,0.003013503,0.0023173434,0.003465058,0.0028982607
partition_04_fold_01_1_53,4,fold_01,1,53,0.0019003331,0.0024032614,0.002018297,0.002112308
partition_04_fold_01_1_57,4,fold_01,1,57,0.0020587812,0.0025799249,0.0016591734,0.0021464396
partition_04_fold_01_1_58,4,fold_01,1,58,0.0029226316,0.0032562765,0.0030154365,0.0030559495
partition_04_fold_01_1_59,4,fold_01,1,59,0.0011759097,0.002057527,0.00092106,0.0019625563
partition_04_fold_01_3_8,4,fold_01,3,8,0.0005822562,0.002057527,0.00011066215,0.0019625563
partition_04_fold_01_3_10,4,fold_01,3,10,0.001586192,0.0022050154,0.0018057835,0.0019625563
partition_04_fold_01_3_13,4,fold_01,3,13,0.0010406226,0.002057527,0.00072469196,0.0019625563
partition_04_fold_01_3_14,4,fold_01,3,14,0.0031677526,0.0022050154,0.0037143412,0.00308864
partition_04_fold_01_3_22,4,fold_01,3,22,0.031801462,0.002057527,0.036058456,0.0039003587
partition_04_fold_01_3_23,4,fold_01,3,23,0.0016287934,0.002057527,0.0016282626,0.0019625563
partition_04_fold_01_3_24,4,fold_01,3,24,0.0020549335,0.0021236404,0.0023777953,0.0023448723
partition_04_fold_01_3_27,4,fold_01,3,27,0.00080677355,0.002057527,0.00029719254,0.0019625563
partition_04_fold_01_3_29,4,fold_01,3,29,0.00092104246,0.002057527,0.00037941965,0.0019625563
partition_04_fold_01_3_31,4,fold_01,3,31,0.0010123109,0.002057527,0.000537266,0.0019625563
partition_04_fold_01_3_37,4,fold_01,3,37,0.0029301783,0.002223782,0.0034550077,0.0028933827
partition_04_fold_01_3_39,4,fold_01,3,39,0.000699759,0.002057527,0.00015908283,0.0019625563
partition_04_fold_01_3_46,4,fold_01,3,46,0.00079701777,0.002057527,0.00043995064,0.0019625563
partition_04_fold_01_3_48,4,fold_01,3,48,0.0027576871,0.002057527,0.003293489,0.002781605
partition_04_fold_01_3_53,4,fold_01,3,53,0.0015617856,0.002057527,0.0017728488,0.0019625563
partition_04_fold_01_3_57,4,fold_01,3,57,0.0017515464,0.0022118047,0.0018992834,0.002046248
partition_04_fold_01_3_58,4,fold_01,3,58,0.0025824544,0.002555275,0.0031060448,0.0028249426
partition_04_fold_01_3_59,4,fold_01,3,59,0.0007790518,0.002057527,0.00027255848,0.0019625563
partition_04_fold_01_8_10,4,fold_01,8,10,0.0015488542,0.0021043427,0.0017208757,0.0019625563
partition_04_fold_01_8_13,4,fold_01,8,13,0.0009416513,0.002057527,0.0006978996,0.0019625563
partition_04_fold_01_8_14,4,fold_01,8,14,0.0030378776,0.002057527,0.0036774294,0.0030324955
partition_04_fold_01_8_22,4,fold_01,8,22,0.032924082,0.002057527,0.03600618,0.0039003587
partition_04_fold_01_8_23,4,fold_01,8,23,0.0015019787,0.002059987,0.0016438881,0.0019625563
partition_04_fold_01_8_24,4,fold_01,8,24,0.0020009503,0.002057527,0.002350515,0.0023448723
partition_04_fold_01_8_27,4,fold_01,8,27,0.00076019106,0.0021043427,0.00036538442,0.0019625563
partition_04_fold_01_8_29,4,fold_01,8,29,0.0008666519,0.002057527,0.00045809944,0.0019820477
partition_04_fold_01_8_31,4,fold_01,8,31,0.0009628177,0.002057527,0.0006169228,0.0019625563
partition_04_fold_01_8_37,4,fold_01,8,37,0.0028747667,0.0021614626,0.0034268138,0.0028209325
partition_04_fold_01_8_39,4,fold_01,8,39,0.0006731064,0.002057527,0.000253811,0.0019625563
partition_04_fold_01_8_46,4,fold_01,8,46,0.00074070174,0.002057527,0.00041254598,0.0019625563
partition_04_fold_01_8_48,4,fold_01,8,48,0.002692002,0.002057527,0.003214294,0.0027015219
partition_04_fold_01_8_53,4,fold_01,8,53,0.0014591031,0.0020692188,0.0016862502,0.0019625563
partition_04_fold_01_8_57,4,fold_01,8,57,0.0016763833,0.002057527,0.0018885308,0.0019901036
partition_04_fold_01_8_58,4,fold_01,8,58,0.0024358588,0.002667312,0.0030618084,0.00284725
partition_04_fold_01_8_59,4,fold_01,8,59,0.0007229192,0.002057527,0.0002691434,0.0019625563
partition_04_fold_01_10_13,4,fold_01,10,13,0.0018467205,0.0021768098,0.0016856747,0.0019625563
partition_04_fold_01_10_14,4,fold_01,10,14,0.0039599105,0.0030904964,0.002994752,0.0030000093
partition_04_fold_01_10_22,4,fold_01,10,22,0.03076046,0.002145476,0.03485167,0.0039003587
partition_04_fold_01_10_23,4,fold_01,10,23,0.0023968958,0.0028949354,0.0021703006,0.002345917
partition_04_fold_01_10_24,4,fold_01,10,24,0.0028256571,0.0030946813,0.0022980415,0.0027258226
partition_04_fold_01_10_27,4,fold_01,10,27,0.0017007189,0.0020746666,0.0018218271,0.0019625563
partition_04_fold_01_10_29,4,fold_01,10,29,0.0017397734,0.0021148028,0.0019097755,0.0019901036
partition_04_fold_01_10_31,4,fold_01,10,31,0.0018685604,0.002147683,0.0019705913,0.0019951903
partition_04_fold_01_10_37,4,fold_01,10,37,0.0037362068,0.0032304546,0.002855143,0.0029817577
partition_04_fold_01_10_39,4,fold_01,10,39,0.0017003941,0.002057527,0.0018512881,0.0019625563
partition_04_fold_01_10_46,4,fold_01,10,46,0.0017196744,0.0020959163,0.0017164708,0.0019625563
partition_04_fold_01_10_48,4,fold_01,10,48,0.003560284,0.0029659756,0.0016793528,0.0022692215
partition_04_fold_01_10_53,4,fold_01,10,53,0.0023648757,0.0028949354,0.00022504367,0.0022692215
partition_04_fold_01_10_57,4,fold_01,10,57,0.0025156806,0.0027706455,0.0021188566,0.0023182656
partition_04_fold_01_10_58,4,fold_01,10,58,0.0033849892,0.0035183388,0.0025113474,0.0028019967
partition_04_fold_01_10_59,4,fold_01,10,59,0.0016675597,0.002057527,0.0019311619,0.0019951903
partition_04_fold_01_13_14,4,fold_01,13,14,0.0033782574,0.0021408787,0.003637149,0.0029506106
partition_04_fold_01_13_22,4,fold_01,13,22,0.03828377,0.002057527,0.035947632,0.0039003587
partition_04_fold_01_13_23,4,fold_01,13,23,0.0018743208,0.002057527,0.0018775376,0.0019625563
partition_04_fold_01_13_24,4,fold_01,13,24,0.002359357,0.0021274365,0.0025342496,0.0023717366
partition_04_fold_01_13_27,4,fold_01,13,27,0.0011440129,0.002057527,0.0008991568,0.0019625563
partition_04_fold_01_13_29,4,fold_01,13,29,0.0012023994,0.002057527,0.0010063526,0.0019625563
partition_04_fold_01_13_31,4,fold_01,13,31,0.0012503724,0.0024229751,0.0010916973,0.0020103194
partition_04_fold_01_13_37,4,fold_01,13,37,0.003209793,0.00241391,0.0034867756,0.0029543561
partition_04_fold_01_13_39,4,fold_01,13,39,0.0011145375,0.002057527,0.0007881948,0.0019625563
partition_04_fold_01_13_46,4,fold_01,13,46,0.0011401841,0.002057527,0.00029913842,0.0019625563
partition_04_fold_01_13_48,4,fold_01,13,48,0.00302973,0.002105724,0.0031834093,0.0027015219
partition_04_fold_01_13_53,4,fold_01,13,53,0.0018255042,0.0021043427,0.0016779986,0.0019625563
partition_04_fold_01_13_57,4,fold_01,13,57,0.0019897968,0.0021954626,0.0020892266,0.0020081275
partition_04_fold_01_13_58,4,fold_01,13,58,0.002851113,0.0031005705,0.003080522,0.0030559495
partition_04_fold_01_13_59,4,fold_01,13,59,0.0010755988,0.002057527,0.00073445967,0.0019625563
partition_04_fold_01_14_22,4,fold_01,14,22,0.03729155,0.0021001012,0.032398276,0.0039003587
partition_04_fold_01_14_23,4,fold_01,14,23,0.004001162,0.002633694,0.0024366286,0.0024842978
partition_04_fold_01_14_24,4,fold_01,14,24,0.004395409,0.002817301,0.0016451011,0.0022357407
partition_04_fold_01_14_27,4,fold_01,14,27,0.0032541694,0.002057527,0.0035974232,0.0029506106
partition_04_fold_01_14_29,4,fold_01,14,29,0.0032997557,0.002147683,0.0036746457,0.00301619
partition_04_fold_01_14_31,4,fold_01,14,31,0.0033845606,0.002145476,0.003604476,0.0029506106
partition_04_fold_01_14_37,4,fold_01,14,37,0.0053420896,0.0032184352,0.00062329514,0.0023565898
partition_04_fold_01_14_39,4,fold_01,14,39,0.0032904241,0.002057527,0.0037454658,0.0034052804
partition_04_fold_01_14_46,4,fold_01,14,46,0.0032911208,0.002057527,0.0036450243,0.0030324955
partition_04_fold_01_14_48,4,fold_01,14,48,0.0051857973,0.0028431956,0.004026877,0.0040329327
partition_04_fold_01_14_53,4,fold_01,14,53,0.003833557,0.002633694,0.003212934,0.0028409474
partition_04_fold_01_14_57,4,fold_01,14,57,0.00406477,0.0028775933,0.0020386484,0.0023018555
partition_04_fold_01_14_58,4,fold_01,14,58,0.005153591,0.0035743662,0.0007774616,0.0026728688
partition_04_fold_01_14_59,4,fold_01,14,59,0.0031738258,0.002057527,0.003819712,0.0035989133
partition_04_fold_01_22_23,4,fold_01,22,23,0.031430464,0.0020824124,0.03474795,0.0039003587
partition_04_fold_01_22_24,4,fold_01,22,24,0.039609022,0.002086659,0.033822794,0.003884053
partition_04_fold_01_22_27,4,fold_01,22,27,0.034650285,0.002057527,0.035951935,0.0039003587
partition_04_fold_01_22_29,4,fold_01,22,29,0.037324343,0.002057527,0.036024183,0.0039003587
partition_04_fold_01_22_31,4,fold_01,22,31,0.03436621,0.002057527,0.035960488,0.0039003587
partition_04_fold_01_22_37,4,fold_01,22,37,0.03787985,0.0022325173,0.0327007,0.003884053
partition_04_fold_01_22_39,4,fold_01,22,39,0.039720647,0.002057527,0.03610023,0.0039003587
partition_04_fold_01_22_46,4,fold_01,22,46,0.034521732,0.002057527,0.035981044,0.0039003587
partition_04_fold_01_22_48,4,fold_01,22,48,0.03681717,0.002057527,0.034736175,0.003884053
partition_04_fold_01_22_53,4,fold_01,22,53,0.034982987,0.0021050235,0.035036433,0.0039003587
partition_04_fold_01_22_57,4,fold_01,22,57,0.040378157,0.002129994,0.034333635,0.003884053
partition_04_fold_01_22_58,4,fold_01,22,58,0.039400328,0.0031005705,0.032980736,0.0042571747
partition_04_fold_01_22_59,4,fold_01,22,59,0.032090407,0.0020692188,0.036147147,0.003884053
partition_04_fold_01_23_24,4,fold_01,23,24,0.002834765,0.00266622,0.0010805344,0.0021415998
partition_04_fold_01_23_27,4,fold_01,23,27,0.0017092695,0.002057527,0.0014265815,0.0019625563
partition_04_fold_01_23_29,4,fold_01,23,29,0.00174288,0.002057527,0.0014600282,0.0019625563
partition_04_fold_01_23_31,4,fold_01,23,31,0.0018234658,0.002059987,0.001345172,0.0019625563
partition_04_fold_01_23_37,4,fold_01,23,37,0.0037856987,0.0030946813,0.002068124,0.0023890778
partition_04_fold_01_23_39,4,fold_01,23,39,0.0017041019,0.002057527,0.0016122262,0.0019625563
partition_04_fold_01_23_46,4,fold_01,23,46,0.0017484108,0.002057527,0.0017458848,0.0019625563
partition_04_fold_01_23_48,4,fold_01,23,48,0.0034971596,0.002633694,0.0037233504,0.0031556154
partition_04_fold_01_23_53,4,fold_01,23,53,0.0021560658,0.0024229751,0.002288959,0.0023763771
partition_04_fold_01_23_57,4,fold_01,23,57,0.0025374973,0.0030236412,0.0005079855,0.0023435066
partition_04_fold_01_23_58,4,fold_01,23,58,0.0034047794,0.0033823512,0.0019245193,0.002562485
partition_04_fold_01_23_59,4,fold_01,23,59,0.0016229808,0.002057527,0.0017668519,0.0019625563
partition_04_fold_01_24_27,4,fold_01,24,27,0.0021598153,0.002057527,0.0022523107,0.0020831611
partition_04_fold_01_24_29,4,fold_01,24,29,0.0022027593,0.002086659,0.0023128316,0.0023448723
partition_04_fold_01_24_31,4,fold_01,24,31,0.002333998,0.002129994,0.0022528702,0.0020831611
partition_04_fold_01_24_37,4,fold_01,24,37,0.0041882093,0.0030946813,0.0013179994,0.0023435066
partition_04_fold_01_24_39,4,fold_01,24,39,0.002164779,0.002057527,0.002415425,0.0023448723
partition_04_fold_01_24_46,4,fold_01,24,46,0.0022121225,0.002057527,0.002430411,0.0023448723
partition_04_fold_01_24_48,4,fold_01,24,48,0.0039386726,0.0022829948,0.0037363395,0.0034052804
partition_04_fold_01_24_53,4,fold_01,24,53,0.0028194832,0.002746261,0.0024645736,0.002627138
partition_04_fold_01_24_57,4,fold_01,24,57,0.0028978153,0.0025990205,0.0005809117,0.0021019815
partition_04_fold_01_24_58,4,fold_01,24,58,0.003885093,0.003578551,0.0009960573,0.0026728688
partition_04_fold_01_24_59,4,fold_01,24,59,0.0021081623,0.002057527,0.002460581,0.0023539534
partition_04_fold_01_27_29,4,fold_01,27,29,0.001050526,0.002057527,0.00012941702,0.0019625563
partition_04_fold_01_27_31,4,fold_01,27,31,0.0011363862,0.0021184327,0.0002544902,0.0020187006
partition_04_fold_01_27_37,4,fold_01,27,37,0.0030483853,0.0021148028,0.003301756,0.002781605
partition_04_fold_01_27_39,4,fold_01,27,39,0.0009003219,0.002057527,0.0002059046,0.0019625563
partition_04_fold_01_27_46,4,fold_01,27,46,0.0009548248,0.002057527,0.0006498675,0.0019625563
partition_04_fold_01_27_48,4,fold_01,27,48,0.0029001026,0.002057527,0.003309015,0.002781605
partition_04_fold_01_27_53,4,fold_01,27,53,0.0016670122,0.002057527,0.0018042634,0.0019625563
partition_04_fold_01_27_57,4,fold_01,27,57,0.0018675097,0.0021001012,0.0017449596,0.0019625563
partition_04_fold_01_27_58,4,fold_01,27,58,0.0026746956,0.0030906156,0.0030130493,0.0030559495
partition_04_fold_01_27_59,4,fold_01,27,59,0.00091288175,0.002057527,0.00054606155,0.0019625563
partition_04_fold_01_29_31,4,fold_01,29,31,0.0011905598,0.002057527,0.00018437483,0.0019625563
partition_04_fold_01_29_37,4,fold_01,29,37,0.0031632637,0.002442816,0.003362327,0.0029380505
partition_04_fold_01_29_39,4,fold_01,29,39,0.0010063002,0.002057527,0.00026023304,0.0019625563
partition_04_fold_01_29_46,4,fold_01,29,46,0.0010465975,0.002069193,0.00075814076,0.0019625563
partition_04_fold_01_29_48,4,fold_01,29,48,0.0028860632,0.002057527,0.0033667916,0.0028209325
partition_04_fold_01_29_53,4,fold_01,29,53,0.0017095199,0.002057527,0.0018859309,0.0019625563
partition_04_fold_01_29_57,4,fold_01,29,57,0.0018769387,0.0021653944,0.0017988677,0.0019820477
partition_04_fold_01_29_58,4,fold_01,29,58,0.002747001,0.003213838,0.003094338,0.0030559495
partition_04_fold_01_29_59,4,fold_01,29,59,0.0009417845,0.0021148028,0.0006140066,0.0019625563
partition_04_fold_01_31_37,4,fold_01,31,37,0.0031840766,0.0024270432,0.0032786855,0.0028987231
partition_04_fold_01_31_39,4,fold_01,31,39,0.0010991896,0.002057527,0.00041546297,0.0019625563
partition_04_fold_01_31_46,4,fold_01,31,46,0.001155488,0.002057527,0.00086661655,0.0019625563
partition_04_fold_01_31_48,4,fold_01,31,48,0.0030238673,0.0021001012,0.0034342248,0.0028209325
partition_04_fold_01_31_53,4,fold_01,31,53,0.0018018029,0.0020692188,0.001961281,0.0019951903
partition_04_fold_01_31_57,4,fold_01,31,57,0.001980384,0.0023523008,0.0017192682,0.0020398842
partition_04_fold_01_31_58,4,fold_01,31,58,0.0028263319,0.0031005705,0.0030450397,0.0030559495
partition_04_fold_01_31_59,4,fold_01,31,59,0.0010840299,0.002057527,0.0007666035,0.0019625563
partition_04_fold_01_37_39,4,fold_01,37,39,0.0030947812,0.0021522802,0.003469872,0.0028372381
partition_04_fold_01_37_46,4,fold_01,37,46,0.0030514197,0.0021910535,0.0034544608,0.0028372381
partition_04_fold_01_37_48,4,fold_01,37,48,0.0049315803,0.003047315,0.003926424,0.0039720354
partition_04_fold_01_37_53,4,fold_01,37,53,0.0037407603,0.0030946813,0.0030599805,0.0030559495
partition_04_fold_01_37_57,4,fold_01,37,57,0.0039459523,0.0031689596,0.0016940191,0.0024258068
partition_04_fold_01_37_58,4,fold_01,37,58,0.00481106,0.003578551,0.00080217206,0.0026728688
partition_04_fold_01_37_59,4,fold_01,37,59,0.0029671292,0.0021001012,0.003583913,0.0029232996
partition_04_fold_01_39_46,4,fold_01,39,46,0.0008562376,0.0021616186,0.0005295828,0.0019625563
partition_04_fold_01_39_48,4,fold_01,39,48,0.002884612,0.002057527,0.0033150963,0.002781605
partition_04_fold_01_39_53,4,fold_01,39,53,0.0016465845,0.002057527,0.001817196,0.0019625563
partition_04_fold_01_39_57,4,fold_01,39,57,0.0018421707,0.0021263373,0.0019175292,0.0019951903
partition_04_fold_01_39_58,4,fold_01,39,58,0.0026333379,0.0026569217,0.0031550364,0.002852726
partition_04_fold_01_39_59,4,fold_01,39,59,0.0008835254,0.002057527,0.0004076993,0.0019625563
partition_04_fold_01_46_48,4,fold_01,46,48,0.0028612874,0.002057527,0.0032376475,0.0027377526
partition_04_fold_01_46_53,4,fold_01,46,53,0.0017141685,0.002057527,0.0017000668,0.0019625563
partition_04_fold_01_46_57,4,fold_01,46,57,0.0018629399,0.0020959163,0.0019733158,0.0019951903
partition_04_fold_01_46_58,4,fold_01,46,58,0.0027292476,0.002825677,0.003055668,0.0029754352
partition_04_fold_01_46_59,4,fold_01,46,59,0.00090906944,0.002057527,0.00044532743,0.0019625563
partition_04_fold_01_48_53,4,fold_01,48,53,0.0035353964,0.002633694,0.0016016031,0.0021019815
partition_04_fold_01_48_57,4,fold_01,48,57,0.003686338,0.00278842,0.0036561296,0.0033118848
partition_04_fold_01_48_58,4,fold_01,48,58,0.0045458563,0.003578551,0.0037255704,0.003378469
partition_04_fold_01_48_59,4,fold_01,48,59,0.0027630727,0.002057527,0.0034246868,0.0028209325
partition_04_fold_01_53_57,4,fold_01,53,57,0.0024942395,0.0028242,0.0022651951,0.002426015
partition_04_fold_01_53_58,4,fold_01,53,58,0.0033372894,0.0033629348,0.0027183208,0.002928589
partition_04_fold_01_53_59,4,fold_01,53,59,0.001602852,0.002057527,0.0018946668,0.0019901036
partition_04_fold_01_57_58,4,fold_01,57,58,0.0035387313,0.003569769,0.001457817,0.0026728688
partition_04_fold_01_57_59,4,fold_01,57,59,0.0018225631,0.002086659,0.002005646,0.0019951903
partition_04_fold_01_58_59,4,fold_01,58,59,0.002645348,0.002972884,0.0031856992,0.0030081873
partition_04_fold_00_2_5,4,fold_00,2,5,0.0028562716,0.011011695,0.0006265498,0.003359988
partition_04_fold_00_2_6,4,fold_00,2,6,0.002792721,0.0081708925,0.00041880968,0.0022106986
partition_04_fold_00_2_7,4,fold_00,2,7,0.0015327398,0.0072572846,0.0019625328,0.003293893
partition_04_fold_00_2_11,4,fold_00,2,11,0.0027771743,0.00634122,0.002283973,0.0024622404
partition_04_fold_00_2_12,4,fold_00,2,12,0.003150812,0.003711756,0.0035558254,0.0035614613
partition_04_fold_00_2_15,4,fold_00,2,15,0.0034700118,0.0036183386,0.00358533,0.0035745474
partition_04_fold_00_2_16,4,fold_00,2,16,0.0019164081,0.016861424,0.0022984184,0.0041101277
partition_04_fold_00_2_17,4,fold_00,2,17,0.0024364837,0.0022497824,0.0029925557,0.0025907597
partition_04_fold_00_2_20,4,fold_00,2,20,0.0023131731,0.007461812,0.0011251537,0.0025401192
partition_04_fold_00_2_26,4,fold_00,2,26,0.0050613726,0.0075600618,0.0033939113,0.00479166
partition_04_fold_00_2_28,4,fold_00,2,28,0.0025261282,0.003118905,0.0034547718,0.00321812
partition_04_fold_00_2_30,4,fold_00,2,30,0.0030997712,0.007946841,0.0030256377,0.0036713216
partition_04_fold_00_2_38,4,fold_00,2,38,0.0016998952,0.002306146,0.001659691,0.0019462429
partition_04_fold_00_2_40,4,fold_00,2,40,0.0022749165,0.0028878057,0.0029073418,0.0027653424
partition_04_fold_00_2_41,4,fold_00,2,41,0.0023855695,0.008743085,0.0031510275,0.0045613027
partition_04_fold_00_2_43,4,fold_00,2,43,0.0016581924,0.0024705597,0.0019897483,0.0020454137
partition_04_fold_00_2_51,4,fold_00,2,51,0.0020493444,0.016839175,0.0026324547,0.004211223
partition_04_fold_00_2_56,4,fold_00,2,56,0.0027523106,0.003754904,0.0028761297,0.0031337095
partition_04_fold_00_2_60,4,fold_00,2,60,0.0015776036,0.026236165,0.0017777416,0.00608536
partition_04_fold_00_2_61,4,fold_00,2,61,0.0052525993,0.0031170426,0.0035844739,0.0034254668
partition_04_fold_00_2_62,4,fold_00,2,62,0.0019525406,0.017216241,0.0024364558,0.0038334946
partition_04_fold_00_5_6,4,fold_00,5,6,0.0030890247,0.0038208496,0.00037916334,0.0028855235
partition_04_fold_00_5_7,4,fold_00,5,7,0.0019462676,0.0046899086,0.0024380798,0.0032404885
partition_04_fold_00_5_11,4,fold_00,5,11,0.0031853074,0.0034680278,0.0026315418,0.0032469654
partition_04_fold_00_5_12,4,fold_00,5,12,0.003524934,0.0034933414,0.0038604613,0.0036256267
partition_04_fold_00_5_15,4,fold_00,5,15,0.0038860948,0.0034933414,0.0037935693,0.003650966
partition_04_fold_00_5_16,4,fold_00,5,16,0.0022900805,0.011846927,0.002862306,0.0043300316
partition_04_fold_00_5_17,4,fold_00,5,17,0.0028567368,0.003512213,0.0034306184,0.0034675752
partition_04_fold_00_5_20,4,fold_00,5,20,0.0027257702,0.0034848487,0.0016631782,0.0029759852
partition_04_fold_00_5_26,4,fold_00,5,26,0.005559951,0.0036655993,0.0032442512,0.0034571947
partition_04_fold_00_5_28,4,fold_00,5,28,0.0029094152,0.0033091248,0.0038231963,0.003550346
partition_04_fold_00_5_30,4,fold_00,5,30,0.0035012995,0.003403156,0.0033350324,0.0035157176
partition_04_fold_00_5_38,4,fold_00,5,38,0.0020952714,0.0030702678,0.0022363728,0.0021542534
partition_04_fold_00_5_40,4,fold_00,5,40,0.0027151492,0.005527538,0.003343426,0.0033771135
partition_04_fold_00_5_41,4,fold_00,5,41,0.0027441536,0.0031286522,0.0035129918,0.0033244821
partition_04_fold_00_5_43,4,fold_00,5,43,0.0020494305,0.0029509438,0.0025063066,0.0023928452
partition_04_fold_00_5_51,4,fold_00,5,51,0.002406236,0.00410137,0.0030891222,0.003366733
partition_04_fold_00_5_56,4,fold_00,5,56,0.0032442634,0.0041077496,0.003223537,0.003448498
partition_04_fold_00_5_60,4,fold_00,5,60,0.0019358419,0.0073060077,0.0023176675,0.0028765048
partition_04_fold_00_5_61,4,fold_00,5,61,0.005787605,0.0035007286,0.0032747854,0.003448498
partition_04_fold_00_5_62,4,fold_00,5,62,0.002344308,0.004035172,0.002985109,0.0033009616
partition_04_fold_00_6_7,4,fold_00,6,7,0.0018607421,0.011382826,0.0023706136,0.0040536467
partition_04_fold_00_6_11,4,fold_00,6,11,0.003061313,0.0021124424,0.0024619794,0.0025268784
partition_04_fold_00_6_12,4,fold_00,6,12,0.003360335,0.00313147,0.003826053,0.00355316
partition_04_fold_00_6_15,4,fold_00,6,15,0.003799327,0.0041068406,0.0037627367,0.0036751505
partition_04_fold_00_6_16,4,fold_00,6,16,0.0022186374,0.011168828,0.0027046737,0.0043708314
partition_04_fold_00_6_17,4,fold_00,6,17,0.0027670085,0.002674461,0.0033327746,0.0032539903
partition_04_fold_00_6_20,4,fold_00,6,20,0.0026322352,0.0028748696,0.001353557,0.0021033825
partition_04_fold_00_6_26,4,fold_00,6,26,0.0052957423,0.003537351,0.0030673312,0.003194213
partition_04_fold_00_6_28,4,fold_00,6,28,0.0028690125,0.0025988258,0.0038206412,0.0034510884
partition_04_fold_00_6_30,4,fold_00,6,30,0.0033177463,0.005825561,0.0032256476,0.0032302416
partition_04_fold_00_6_38,4,fold_00,6,38,0.0019936382,0.0026646901,0.00206936,0.0020906052
partition_04_fold_00_6_40,4,fold_00,6,40,0.00263191,0.0024450964,0.003267386,0.0030636895
partition_04_fold_00_6_41,4,fold_00,6,41,0.0026836835,0.008481314,0.0035199677,0.003768128
partition_04_fold_00_6_43,4,fold_00,6,43,0.001994386,0.002058881,0.0024009335,0.002393192
partition_04_fold_00_6_51,4,fold_00,6,51,0.0022907762,0.003325025,0.003017541,0.002992541
partition_04_fold_00_6_56,4,fold_00,6,56,0.0031210978,0.009688599,0.0031200438,0.004698171
partition_04_fold_00_6_60,4,fold_00,6,60,0.0018853494,0.026399989,0.0021906067,0.006216363
partition_04_fold_00_6_61,4,fold_00,6,61,0.0056994157,0.0064142887,0.003257303,0.003306604
partition_04_fold_00_6_62,4,fold_00,6,62,0.0022922962,0.006989339,0.0028405897,0.0030238875
partition_04_fold_00_7_11,4,fold_00,7,11,0.0017822975,0.0033740113,0.0022789259,0.0019481331
partition_04_fold_00_7_12,4,fold_00,7,12,0.0022520865,0.005206878,0.0025343345,0.004492682
partition_04_fold_00_7_15,4,fold_00,7,15,0.002657762,0.0061024027,0.0030949793,0.0037871082
partition_04_fold_00_7_16,4,fold_00,7,16,0.0009273886,0.007374621,0.000753092,0.002318688
partition_04_fold_00_7_17,4,fold_00,7,17,0.0015552337,0.0034947218,0.0016816661,0.0019535457
partition_04_fold_00_7_20,4,fold_00,7,20,0.00135662,0.007028671,0.0018597067,0.0026123622
partition_04_fold_00_7_26,4,fold_00,7,26,0.004211373,0.005336953,0.005162009,0.006276948
partition_04_fold_00_7_28,4,fold_00,7,28,0.00167059,0.0065354444,0.0017664931,0.0038296462
partition_04_fold_00_7_30,4,fold_00,7,30,0.0022070836,0.019500682,0.002596498,0.0061759856
partition_04_fold_00_7_38,4,fold_00,7,38,0.00069081225,0.0024217234,0.0006822642,0.0019364142
partition_04_fold_00_7_40,4,fold_00,7,40,0.0013621591,0.00933655,0.0013963676,0.004571776
partition_04_fold_00_7_41,4,fold_00,7,41,0.0014248093,0.006958449,0.0014855402,0.0041289916
partition_04_fold_00_7_43,4,fold_00,7,43,0.00069855945,0.01488771,0.00026708335,0.0046423795
partition_04_fold_00_7_51,4,fold_00,7,51,0.0010514649,0.004752809,0.00088453054,0.0026831941
partition_04_fold_00_7_56,4,fold_00,7,56,0.0018974901,0.009642435,0.0022513582,0.0048081805
partition_04_fold_00_7_60,4,fold_00,7,60,0.0005933229,0.0055417144,0.00040914983,0.0024407136
partition_04_fold_00_7_61,4,fold_00,7,61,0.004209984,0.007706655,0.0051932037,0.0058562323
partition_04_fold_00_7_62,4,fold_00,7,62,0.001013022,0.0049312026,0.0007824903,0.0019476032
partition_04_fold_00_11_12,4,fold_00,11,12,0.0034978436,0.0034056394,0.0019652941,0.0029718457
partition_04_fold_00_11_15,4,fold_00,11,15,0.003867764,0.003635913,0.0017494062,0.0029795156
partition_04_fold_00_11_16,4,fold_00,11,16,0.0021731467,0.0048581343,0.002180545,0.0021446042
partition_04_fold_00_11_17,4,fold_00,11,17,0.0027636539,0.002490401,0.0017168013,0.0021318204
partition_04_fold_00_11_20,4,fold_00,11,20,0.0025991458,0.002919712,0.0015920518,0.0020325661
partition_04_fold_00_11_26,4,fold_00,11,26,0.005506672,0.003069282,0.003981339,0.003617173
partition_04_fold_00_11_28,4,fold_00,11,28,0.0029229769,0.002515935,0.002805157,0.002632312
partition_04_fold_00_11_30,4,fold_00,11,30,0.0034636066,0.0051623504,0.0009076866,0.0022464425
partition_04_fold_00_11_38,4,fold_00,11,38,0.001964858,0.002095238,0.0020631833,0.0017202386
partition_04_fold_00_11_40,4,fold_00,11,40,0.0025952077,0.002098338,0.0019247994,0.0018369928
partition_04_fold_00_11_41,4,fold_00,11,41,0.002700144,0.0034088008,0.0027311763,0.0024791623
partition_04_fold_00_11_43,4,fold_00,11,43,0.0019353604,0.0011383067,0.0022284663,0.0016648867
partition_04_fold_00_11_51,4,fold_00,11,51,0.0023279097,0.0022969954,0.0021106661,0.0020763306
partition_04_fold_00_11_56,4,fold_00,11,56,0.0030933467,0.0028122223,0.0009955617,0.0022852474
partition_04_fold_00_11_60,4,fold_00,11,60,0.0018410711,0.010734695,0.002118573,0.004317211
partition_04_fold_00_11_61,4,fold_00,11,61,0.005372237,0.0029089318,0.0037177305,0.0033387989
partition_04_fold_00_11_62,4,fold_00,11,62,0.0021639469,0.003059136,0.002259962,0.0022782679
partition_04_fold_00_12_15,4,fold_00,12,15,0.004189697,0.0034686362,0.0009929547,0.00295933
partition_04_fold_00_12_16,4,fold_00,12,16,0.0026138825,0.0047574844,0.0025527144,0.0031382795
partition_04_fold_00_12_17,4,fold_00,12,17,0.0031578646,0.003299939,0.0010778992,0.0029351288
partition_04_fold_00_12_20,4,fold_00,12,20,0.0029624035,0.003174779,0.0031799462,0.0030912813
partition_04_fold_00_12_26,4,fold_00,12,26,0.0055745356,0.0032231433,0.005810074,0.005655657
partition_04_fold_00_12_28,4,fold_00,12,28,0.0032699073,0.003325648,0.0016164184,0.0029351288
partition_04_fold_00_12_30,4,fold_00,12,30,0.0037458253,0.0028101865,0.0012372541,0.0025901136
partition_04_fold_00_12_38,4,fold_00,12,38,0.0024232862,0.0028462873,0.0027929323,0.002606098
partition_04_fold_00_12_40,4,fold_00,12,40,0.0030031537,0.0031982749,0.001290721,0.0026749747
partition_04_fold_00_12_41,4,fold_00,12,41,0.003105377,0.0027593267,0.0017738626,0.002245869
partition_04_fold_00_12_43,4,fold_00,12,43,0.002384908,0.0034552808,0.002595245,0.0025517019
partition_04_fold_00_12_51,4,fold_00,12,51,0.0026830898,0.003151763,0.0018406243,0.00260009
partition_04_fold_00_12_56,4,fold_00,12,56,0.0035165634,0.0032708389,0.0009994372,0.0029351288
partition_04_fold_00_12_60,4,fold_00,12,60,0.0023006005,0.005372093,0.0026608964,0.0029550819
partition_04_fold_00_12_61,4,fold_00,12,61,0.0059300764,0.0033162234,0.00520677,0.0052706758
partition_04_fold_00_12_62,4,fold_00,12,62,0.0026588403,0.006991239,0.0025353092,0.004145248
partition_04_fold_00_15_16,4,fold_00,15,16,0.0030347146,0.0057077697,0.0031427627,0.0038473397
partition_04_fold_00_15_17,4,fold_00,15,17,0.0035129145,0.003515446,0.0018174425,0.002951879
partition_04_fold_00_15_20,4,fold_00,15,20,0.0034115706,0.003937282,0.0032170222,0.0034265367
partition_04_fold_00_15_26,4,fold_00,15,26,0.006139809,0.0034944708,0.005303952,0.0052759205
partition_04_fold_00_15_28,4,fold_00,15,28,0.0035543877,0.003318564,0.0025408075,0.0027892012
partition_04_fold_00_15_30,4,fold_00,15,30,0.004132098,0.0047752312,0.00093866326,0.0032302067
partition_04_fold_00_15_38,4,fold_00,15,38,0.0028270057,0.0032877158,0.0032289554,0.0030762632
partition_04_fold_00_15_40,4,fold_00,15,40,0.0033307935,0.0034028082,0.0020799134,0.0027411878
partition_04_fold_00_15_41,4,fold_00,15,41,0.003477738,0.0037391642,0.0026259008,0.0028946004
partition_04_fold_00_15_43,4,fold_00,15,43,0.0027643845,0.003625663,0.0031499139,0.0031284
partition_04_fold_00_15_51,4,fold_00,15,51,0.003129893,0.0035682952,0.002562896,0.0033205377
partition_04_fold_00_15_56,4,fold_00,15,56,0.0038378218,0.0035534564,0.0010527176,0.0030236298
partition_04_fold_00_15_60,4,fold_00,15,60,0.0026750343,0.007071364,0.0031512086,0.005123303
partition_04_fold_00_15_61,4,fold_00,15,61,0.0062793763,0.0059356918,0.0044964724,0.0048323516
partition_04_fold_00_15_62,4,fold_00,15,62,0.0029977383,0.0046269903,0.003159735,0.00355282
partition_04_fold_00_16_17,4,fold_00,16,17,0.0019355038,0.0021136173,0.0015262453,0.0018339782
partition_04_fold_00_16_20,4,fold_00,16,20,0.0017218818,0.0019510369,0.0018203816,0.0018741199
partition_04_fold_00_16_26,4,fold_00,16,26,0.0045676664,0.0031724165,0.0052110143,0.0052908952
partition_04_fold_00_16_28,4,fold_00,16,28,0.0020687503,0.0025575974,0.0019211771,0.002045226
partition_04_fold_00_16_30,4,fold_00,16,30,0.0025770604,0.0030451778,0.002505864,0.0023236258
partition_04_fold_00_16_38,4,fold_00,16,38,0.0010406658,0.0025939567,0.0006560689,0.0019734509
partition_04_fold_00_16_40,4,fold_00,16,40,0.0017486934,0.002565863,0.001328536,0.0019094973
partition_04_fold_00_16_41,4,fold_00,16,41,0.0017626464,0.008813726,0.0017442234,0.0035401154
partition_04_fold_00_16_43,4,fold_00,16,43,0.0010696778,0.0018315295,0.0005222789,0.0019313283
partition_04_fold_00_16_51,4,fold_00,16,51,0.0014123316,0.00780431,0.0009117112,0.0030151815
partition_04_fold_00_16_56,4,fold_00,16,56,0.002250717,0.0038910992,0.002171267,0.0024375464
partition_04_fold_00_16_60,4,fold_00,16,60,0.0009592524,0.0041258256,0.000584768,0.0020288208
partition_04_fold_00_16_61,4,fold_00,16,61,0.0044054165,0.0033799326,0.0053920792,0.0051129917
partition_04_fold_00_16_62,4,fold_00,16,62,0.0013317171,0.0039701527,0.00023065778,0.002123763
partition_04_fold_00_17_20,4,fold_00,17,20,0.0023077137,0.0032919731,0.0024985797,0.0027538086
partition_04_fold_00_17_26,4,fold_00,17,26,0.005100868,0.0032375597,0.0055314964,0.0052759205
partition_04_fold_00_17_28,4,fold_00,17,28,0.0024621463,0.0021661613,0.0012422622,0.0016413345
partition_04_fold_00_17_30,4,fold_00,17,30,0.0030968334,0.0022997267,0.0014348635,0.0022238132
partition_04_fold_00_17_38,4,fold_00,17,38,0.0016939114,0.0019045162,0.00186834,0.0017605211
partition_04_fold_00_17_40,4,fold_00,17,40,0.002278598,0.0026047798,0.00040139962,0.0019259016
partition_04_fold_00_17_41,4,fold_00,17,41,0.0024065715,0.00213947,0.001300058,0.0017939274
partition_04_fold_00_17_43,4,fold_00,17,43,0.0016618631,0.0018966175,0.0016776408,0.0017143099
partition_04_fold_00_17_51,4,fold_00,17,51,0.0020160354,0.002765888,0.0009642534,0.002432916
partition_04_fold_00_17_56,4,fold_00,17,56,0.002781793,0.0027705103,0.0010246343,0.0023429447
partition_04_fold_00_17_60,4,fold_00,17,60,0.0015680825,0.0023863027,0.0017496798,0.0020262862
partition_04_fold_00_17_61,4,fold_00,17,61,0.0052068573,0.0032165935,0.005275155,0.0046428097
partition_04_fold_00_17_62,4,fold_00,17,62,0.0019570165,0.0041044564,0.0015211838,0.0026237213
partition_04_fold_00_20_26,4,fold_00,20,26,0.004958895,0.00329757,0.0034121608,0.0034007588
partition_04_fold_00_20_28,4,fold_00,20,28,0.0024297994,0.0032622342,0.003285729,0.0031659068
partition_04_fold_00_20_30,4,fold_00,20,30,0.0029073388,0.0019899164,0.0024401376,0.0023197914
partition_04_fold_00_20_38,4,fold_00,20,38,0.0015050318,0.0016829475,0.0013203952,0.0015755551
partition_04_fold_00_20_40,4,fold_00,20,40,0.0021637748,0.0022493228,0.002499803,0.0022783242
partition_04_fold_00_20_41,4,fold_00,20,41,0.0022343835,0.002490129,0.0030644685,0.0027393987
partition_04_fold_00_20_43,4,fold_00,20,43,0.0014916803,0.0018680434,0.0017535102,0.0016242696
partition_04_fold_00_20_51,4,fold_00,20,51,0.0018697729,0.0026070494,0.002295746,0.002162232
partition_04_fold_00_20_56,4,fold_00,20,56,0.0026838938,0.0056863995,0.0023385566,0.0027545905
partition_04_fold_00_20_60,4,fold_00,20,60,0.001385961,0.003513254,0.0015272581,0.00220776
partition_04_fold_00_20_61,4,fold_00,20,61,0.0051014214,0.0029192448,0.0037569967,0.0034120418
partition_04_fold_00_20_62,4,fold_00,20,62,0.001778856,0.005574259,0.0019622962,0.0035961224
partition_04_fold_00_26_28,4,fold_00,26,28,0.0052852514,0.0031272653,0.006415295,0.006382418
partition_04_fold_00_26_30,4,fold_00,26,30,0.005698528,0.0028056768,0.0047512352,0.0042505185
partition_04_fold_00_26_38,4,fold_00,26,38,0.0043500955,0.002284354,0.004676178,0.003993559
partition_04_fold_00_26_40,4,fold_00,26,40,0.004950361,0.0040719155,0.0056496854,0.0052104937
partition_04_fold_00_26_41,4,fold_00,26,41,0.0050495774,0.0024484915,0.006189546,0.0063247383
partition_04_fold_00_26_43,4,fold_00,26,43,0.0042997627,0.002723214,0.00511336,0.0049663438
partition_04_fold_00_26_51,4,fold_00,26,51,0.0045985617,0.0029072338,0.005593374,0.005082126
partition_04_fold_00_26_56,4,fold_00,26,56,0.005467025,0.003550746,0.0048883753,0.004404849
partition_04_fold_00_26_60,4,fold_00,26,60,0.0042354404,0.007697949,0.0048778146,0.005082144
partition_04_fold_00_26_61,4,fold_00,26,61,0.00806962,0.0036951276,0.0018903419,0.002695716
partition_04_fold_00_26_62,4,fold_00,26,62,0.004593682,0.010643255,0.0053675477,0.006721796
partition_04_fold_00_28_30,4,fold_00,28,30,0.0031804987,0.0023622832,0.0025012312,0.002435727
partition_04_fold_00_28_38,4,fold_00,28,38,0.0018335906,0.0017605099,0.002292549,0.0016747153
partition_04_fold_00_28_40,4,fold_00,28,40,0.0024277829,0.0022817715,0.0009679935,0.0018136292
partition_04_fold_00_28_41,4,fold_00,28,41,0.0025286234,0.0022782225,0.00038066242,0.00169796
partition_04_fold_00_28_43,4,fold_00,28,43,0.0017813944,0.0018247647,0.0018850095,0.001571664
partition_04_fold_00_28_51,4,fold_00,28,51,0.0021686412,0.0022101805,0.0011229923,0.0022853848
partition_04_fold_00_28_56,4,fold_00,28,56,0.0028559072,0.00256385,0.0020982595,0.0020880238
partition_04_fold_00_28_60,4,fold_00,28,60,0.0017095763,0.020042222,0.0020625577,0.006210948
partition_04_fold_00_28_61,4,fold_00,28,61,0.005550992,0.002686997,0.0060730735,0.0062174695
partition_04_fold_00_28_62,4,fold_00,28,62,0.0020828643,0.0246932,0.001851498,0.0070084725
partition_04_fold_00_30_38,4,fold_00,30,38,0.0023428325,0.0028879745,0.0025738555,0.0022230332
partition_04_fold_00_30_40,4,fold_00,30,40,0.0030346988,0.0029224781,0.0017322777,0.0021173803
partition_04_fold_00_30_41,4,fold_00,30,41,0.003024091,0.0035485236,0.0025356808,0.0022605036
partition_04_fold_00_30_43,4,fold_00,30,43,0.0023374523,0.0058504674,0.0025845442,0.0043132566
partition_04_fold_00_30_51,4,fold_00,30,51,0.00265201,0.0029255312,0.002134559,0.0023051738
partition_04_fold_00_30_56,4,fold_00,30,56,0.0034766463,0.0027754528,0.0004545469,0.0036031364
partition_04_fold_00_30_60,4,fold_00,30,60,0.0022207848,0.004308177,0.0025502911,0.002977961
partition_04_fold_00_30_61,4,fold_00,30,61,0.005863299,0.0031522573,0.0042428253,0.003867813
partition_04_fold_00_30_62,4,fold_00,30,62,0.00262188,0.019135937,0.0025397346,0.005839775
partition_04_fold_00_38_40,4,fold_00,38,40,0.0015051358,0.0012631962,0.0017006279,0.0015303529
partition_04_fold_00_38_41,4,fold_00,38,41,0.0015593644,0.0013729479,0.0020414293,0.0016862086
partition_04_fold_00_38_43,4,fold_00,38,43,0.0008067801,0.0018215595,0.00051185384,0.0015618729
partition_04_fold_00_38_51,4,fold_00,38,51,0.0011770976,0.0014041774,0.0012951854,0.0015303529
partition_04_fold_00_38_56,4,fold_00,38,56,0.0020426204,0.0020020134,0.0022746278,0.0018697962
partition_04_fold_00_38_60,4,fold_00,38,60,0.00073125033,0.011507131,0.00027694504,0.0038238368
partition_04_fold_00_38_61,4,fold_00,38,61,0.0044434145,0.0022050766,0.0049025957,0.004072159
partition_04_fold_00_38_62,4,fold_00,38,62,0.0011539523,0.0036428177,0.0008163877,0.0019462429
partition_04_fold_00_40_41,4,fold_00,40,41,0.0021696326,0.0021444706,0.0009879242,0.00159369
partition_04_fold_00_40_43,4,fold_00,40,43,0.0014933007,0.002030111,0.0014177819,0.00159369
partition_04_fold_00_40_51,4,fold_00,40,51,0.001869407,0.0019625856,0.0006061221,0.0018631077
partition_04_fold_00_40_56,4,fold_00,40,56,0.002620947,0.0025485314,0.0013307349,0.0018730232
partition_04_fold_00_40_60,4,fold_00,40,60,0.0014124565,0.013566997,0.0015343496,0.005277789
partition_04_fold_00_40_61,4,fold_00,40,61,0.0049865223,0.0023479813,0.005412729,0.0051028705
partition_04_fold_00_40_62,4,fold_00,40,62,0.0017908697,0.019241177,0.0012894633,0.0039160396
partition_04_fold_00_41_43,4,fold_00,41,43,0.001530568,0.0017234992,0.0016361824,0.0015681336
partition_04_fold_00_41_51,4,fold_00,41,51,0.001890103,0.004815449,0.001005086,0.003014919
partition_04_fold_00_41_56,4,fold_00,41,56,0.0027519611,0.0033263422,0.0021188492,0.0022222502
partition_04_fold_00_41_60,4,fold_00,41,60,0.0014575223,0.014047853,0.001804741,0.0049487855
partition_04_fold_00_41_61,4,fold_00,41,61,0.00521647,0.00326221,0.0058840727,0.006310683
partition_04_fold_00_41_62,4,fold_00,41,62,0.0018509133,0.011520635,0.0016978602,0.0024930749
partition_04_fold_00_43_51,4,fold_00,43,51,0.0012080686,0.0017456352,0.0009037221,0.0016204546
partition_04_fold_00_43_56,4,fold_00,43,56,0.002009415,0.0017836079,0.002251404,0.0020738817
partition_04_fold_00_43_60,4,fold_00,43,60,0.0007473353,0.0072379583,0.00025183227,0.0037324426
partition_04_fold_00_43_61,4,fold_00,43,61,0.0044069183,0.0015521026,0.0052169613,0.0048220623
partition_04_fold_00_43_62,4,fold_00,43,62,0.0011471302,0.002710696,0.00056614133,0.0020273675
partition_04_fold_00_51_56,4,fold_00,51,56,0.002394284,0.0029029879,0.001764616,0.003774602
partition_04_fold_00_51_60,4,fold_00,51,60,0.00109972,0.0047587217,0.0010790657,0.0020377047
partition_04_fold_00_51_61,4,fold_00,51,61,0.0046079154,0.0038572254,0.0054672486,0.005226033
partition_04_fold_00_51_62,4,fold_00,51,62,0.0015071924,0.0032044586,0.0008233779,0.0021865338
partition_04_fold_00_56_60,4,fold_00,56,60,0.0019193112,0.01468892,0.0022308212,0.0053989
partition_04_fold_00_56_61,4,fold_00,56,61,0.0057389694,0.0042508524,0.0044515403,0.0042669647
partition_04_fold_00_56_62,4,fold_00,56,62,0.002311531,0.015567756,0.002211647,0.00568041
partition_04_fold_00_60_61,4,fold_00,60,61,0.004228981,0.0067379707,0.005022062,0.0048326575
partition_04_fold_00_60_62,4,fold_00,60,62,0.0010318963,0.0035283568,0.0006995097,0.001985384
partition_04_fold_00_61_62,4,fold_00,61,62,0.0048587206,0.004493416,0.0055192853,0.005196344
partition_02_fold_02_0_1,2,fold_02,0,1,0.0018130203,0.002471331,0.0010320797,0.0018408498
partition_02_fold_02_0_4,2,fold_02,0,4,0.0015400717,0.002165042,0.0018489177,0.0016340545
partition_02_fold_02_0_6,2,fold_02,0,6,0.002614778,0.0031790684,0.0019229414,0.0023199457
partition_02_fold_02_0_12,2,fold_02,0,12,0.0030071663,0.0032622076,0.0014695853,0.002837774
partition_02_fold_02_0_13,2,fold_02,0,13,0.0017480076,0.0017296555,0.0021941592,0.0017789577
partition_02_fold_02_0_17,2,fold_02,0,17,0.0023039326,0.002577797,0.000864983,0.0019516554
partition_02_fold_02_0_18,2,fold_02,0,18,0.00551277,0.0034892424,0.0053016115,0.0045197085
partition_02_fold_02_0_31,2,fold_02,0,31,0.0017192462,0.0016245578,0.001507387,0.0014572138
partition_02_fold_02_0_32,2,fold_02,0,32,0.0019904585,0.0022284798,0.00068699743,0.001557062
partition_02_fold_02_0_35,2,fold_02,0,35,0.0019675312,0.0022553364,0.0021591664,0.0020387766
partition_02_fold_02_0_37,2,fold_02,0,37,0.003664973,0.0026506223,0.0029540888,0.0028422375
partition_02_fold_02_0_41,2,fold_02,0,41,0.0021983765,0.0015511574,0.0010735677,0.0014572138
partition_02_fold_02_0_45,2,fold_02,0,45,0.0032745074,0.0028253847,0.0025483735,0.0025376335
partition_02_fold_02_0_48,2,fold_02,0,48,0.003442385,0.0036850441,0.0022722806,0.002392485
partition_02_fold_02_0_49,2,fold_02,0,49,0.0022700515,0.0031003063,0.0023475285,0.0023631887
partition_02_fold_02_0_51,2,fold_02,0,51,0.0018719191,0.0024397671,0.00050889835,0.0020149087
partition_02_fold_02_0_56,2,fold_02,0,56,0.002641307,0.002572802,0.0015230596,0.001876874
partition_02_fold_02_0_57,2,fold_02,0,57,0.0024183819,0.0026173687,0.0028585263,0.0026965304
partition_02_fold_02_0_60,2,fold_02,0,60,0.0014144239,0.0022625444,0.0016895974,0.0022307928
partition_02_fold_02_0_61,2,fold_02,0,61,0.0051291515,0.0024368623,0.005020039,0.0046558003
partition_02_fold_02_1_4,2,fold_02,1,4,0.0012248817,0.0008863524,0.0014718906,0.0015333282
partition_02_fold_02_1_6,2,fold_02,1,6,0.0022440534,0.0052113645,0.002664228,0.0026771221
partition_02_fold_02_1_12,2,fold_02,1,12,0.0026546374,0.003177154,0.002409473,0.0027322029
partition_02_fold_02_1_13,2,fold_02,1,13,0.0014232578,0.0013076628,0.001961542,0.0020590783
partition_02_fold_02_1_17,2,fold_02,1,17,0.0019856216,0.0024700544,0.0017528372,0.0020480943
partition_02_fold_02_1_18,2,fold_02,1,18,0.0050268034,0.0034892424,0.005715399,0.0048386715
partition_02_fold_02_1_31,2,fold_02,1,31,0.0014134279,0.0008535113,0.0011571517,0.0017864077
partition_02_fold_02_1_32,2,fold_02,1,32,0.001592709,0.0022311227,0.0013993282,0.0015302908
partition_02_fold_02_1_35,2,fold_02,1,35,0.0016022563,0.002628526,0.0019565313,0.0017710006
partition_02_fold_02_1_37,2,fold_02,1,37,0.0032720321,0.0043957443,0.0036075346,0.0036099502
partition_02_fold_02_1_41,2,fold_02,1,41,0.0018599817,0.002496834,0.00049632345,0.0016558111
partition_02_fold_02_1_45,2,fold_02,1,45,0.0029598754,0.0051464764,0.0021125898,0.003054881
partition_02_fold_02_1_48,2,fold_02,1,48,0.003013503,0.004829841,0.0031808147,0.0029726408
partition_02_fold_02_1_49,2,fold_02,1,49,0.0019603248,0.0036145407,0.0022798106,0.002229898
partition_02_fold_02_1_51,2,fold_02,1,51,0.0015062989,0.0027994139,0.00074763986,0.0020227558
partition_02_fold_02_1_56,2,fold_02,1,56,0.0023218594,0.0050532585,0.0023809192,0.0026031442
partition_02_fold_02_1_57,2,fold_02,1,57,0.0020587812,0.002444328,0.0028742172,0.002605476
partition_02_fold_02_1_60,2,fold_02,1,60,0.0010522595,0.0059576086,0.0013567195,0.0020457308
partition_02_fold_02_1_61,2,fold_02,1,61,0.0045524584,0.0026867648,0.0054656123,0.0051305937
partition_02_fold_02_4_6,2,fold_02,4,6,0.0020080907,0.0031499837,0.0023709268,0.0022734224
partition_02_fold_02_4_12,2,fold_02,4,12,0.0024133879,0.0033703302,0.002935086,0.0029375406
partition_02_fold_02_4_13,2,fold_02,4,13,0.0010900979,0.0022821797,0.00064338365,0.0015097866
partition_02_fold_02_4_17,2,fold_02,4,17,0.0017047572,0.001901721,0.0020618371,0.0017588241
partition_02_fold_02_4_18,2,fold_02,4,18,0.0050312122,0.0033097365,0.0054700244,0.0044805123
partition_02_fold_02_4_31,2,fold_02,4,31,0.0010916089,0.0022821797,0.0008728123,0.0015097866
partition_02_fold_02_4_32,2,fold_02,4,32,0.0013698791,0.0016709315,0.0015789976,0.0015333282
partition_02_fold_02_4_35,2,fold_02,4,35,0.0013577414,0.0015953514,0.001123981,0.0014572138
partition_02_fold_02_4_37,2,fold_02,4,37,0.003057719,0.0023846228,0.0035037524,0.0030453631
partition_02_fold_02_4_41,2,fold_02,4,41,0.0015597623,0.0018783715,0.001884771,0.0016416733
partition_02_fold_02_4_45,2,fold_02,4,45,0.0026795862,0.0022377365,0.0030629407,0.0025199566
partition_02_fold_02_4_48,2,fold_02,4,48,0.0028348176,0.0030293602,0.003374094,0.0031644315
partition_02_fold_02_4_49,2,fold_02,4,49,0.0016738492,0.002602756,0.0016212101,0.0018439431
partition_02_fold_02_4_51,2,fold_02,4,51,0.0012442429,0.0017981608,0.0013947785,0.001554858
partition_02_fold_02_4_56,2,fold_02,4,56,0.0020731643,0.0015293512,0.002475328,0.0019442872
partition_02_fold_02_4_57,2,fold_02,4,57,0.0018275653,0.0020052113,0.0017440708,0.0015753623
partition_02_fold_02_4_60,2,fold_02,4,60,0.00080154795,0.0031126693,0.00018183525,0.0019364316
partition_02_fold_02_4_61,2,fold_02,4,61,0.004561898,0.0014506776,0.004966144,0.004403898
partition_02_fold_02_6_12,2,fold_02,6,12,0.003360335,0.0031819702,0.0015293662,0.0022634675
partition_02_fold_02_6_13,2,fold_02,6,13,0.0022260218,0.0027271335,0.002433741,0.0023883865
partition_02_fold_02_6_17,2,fold_02,6,17,0.0027670085,0.0028785032,0.0011353539,0.0022959684
partition_02_fold_02_6_18,2,fold_02,6,18,0.0059952117,0.0033652007,0.0043396866,0.0038461955
partition_02_fold_02_6_31,2,fold_02,6,31,0.0022026966,0.0021683045,0.0025569387,0.002342377
partition_02_fold_02_6_32,2,fold_02,6,32,0.002453029,0.0016843468,0.0013444198,0.0014901193
partition_02_fold_02_6_35,2,fold_02,6,35,0.0024084058,0.0030349616,0.0026756865,0.0027279092
partition_02_fold_02_6_37,2,fold_02,6,37,0.004074214,0.0032158557,0.0017546915,0.0032797202
partition_02_fold_02_6_41,2,fold_02,6,41,0.0026836835,0.009564303,0.0028393785,0.003626891
partition_02_fold_02_6_45,2,fold_02,6,45,0.0038006606,0.0042770347,0.0037621052,0.0045404625
partition_02_fold_02_6_48,2,fold_02,6,48,0.0038912976,0.003760517,0.0012500591,0.0020593316
partition_02_fold_02_6_49,2,fold_02,6,49,0.0027174368,0.003080112,0.002834857,0.0025345383
partition_02_fold_02_6_51,2,fold_02,6,51,0.0022907762,0.0031009184,0.0020424183,0.0020454356
partition_02_fold_02_6_56,2,fold_02,6,56,0.0031210978,0.0106958365,0.0006674732,0.0043402305
partition_02_fold_02_6_57,2,fold_02,6,57,0.0028414472,0.0029879645,0.0026612268,0.0024608774
partition_02_fold_02_6_60,2,fold_02,6,60,0.0018853494,0.016998157,0.0022358317,0.0060287183
partition_02_fold_02_6_61,2,fold_02,6,61,0.0056994157,0.011319537,0.0038002906,0.004990599
partition_02_fold_02_12_13,2,fold_02,12,13,0.002637765,0.002848692,0.003128429,0.0028539281
partition_02_fold_02_12_17,2,fold_02,12,17,0.0031578646,0.0032622076,0.00089815934,0.0031120598
partition_02_fold_02_12_18,2,fold_02,12,18,0.0063673365,0.003415692,0.005122926,0.0039073317
partition_02_fold_02_12_31,2,fold_02,12,31,0.0025840374,0.003063413,0.0027667386,0.002641692
partition_02_fold_02_12_32,2,fold_02,12,32,0.0028486126,0.0031042765,0.0013980458,0.0023694437
partition_02_fold_02_12_35,2,fold_02,12,35,0.0027563886,0.0033670184,0.0031104533,0.003324201
partition_02_fold_02_12_37,2,fold_02,12,37,0.004442542,0.0033459158,0.0024633997,0.002991512
partition_02_fold_02_12_41,2,fold_02,12,41,0.003105377,0.002768091,0.002432561,0.0024689017
partition_02_fold_02_12_45,2,fold_02,12,45,0.0040736725,0.0035187057,0.003392121,0.003429229
partition_02_fold_02_12_48,2,fold_02,12,48,0.0041607036,0.00520961,0.0010588783,0.002560226
partition_02_fold_02_12_49,2,fold_02,12,49,0.0030575444,0.0031690707,0.0032071609,0.002984902
partition_02_fold_02_12_51,2,fold_02,12,51,0.0026830898,0.0029807726,0.0018734254,0.0024622076
partition_02_fold_02_12_56,2,fold_02,12,56,0.0035165634,0.003274558,0.0008941021,0.0031120598
partition_02_fold_02_12_57,2,fold_02,12,57,0.0031653116,0.0028136577,0.003471109,0.00317787
partition_02_fold_02_12_60,2,fold_02,12,60,0.0023006005,0.0059242477,0.002761958,0.0032405313
partition_02_fold_02_12_61,2,fold_02,12,61,0.0059300764,0.0034415326,0.00486462,0.0046391664
partition_02_fold_02_13_17,2,fold_02,13,17,0.0019091456,0.0018911968,0.0022821568,0.0020273658
partition_02_fold_02_13_18,2,fold_02,13,18,0.0051482236,0.0034179203,0.0057808463,0.004731362
partition_02_fold_02_13_31,2,fold_02,13,31,0.0012503724,0.0027718341,0.0010501075,0.0015865411
partition_02_fold_02_13_32,2,fold_02,13,32,0.0015763259,0.00092432025,0.0018030851,0.0015675684
partition_02_fold_02_13_35,2,fold_02,13,35,0.0015591927,0.00080993486,0.00071608427,0.001444148
partition_02_fold_02_13_37,2,fold_02,13,37,0.003209793,0.0021820564,0.0037643884,0.0030903402
partition_02_fold_02_13_41,2,fold_02,13,41,0.0017391406,0.0025183307,0.0023995948,0.002002152
partition_02_fold_02_13_45,2,fold_02,13,45,0.0028732375,0.0028074936,0.003693851,0.0034221562
partition_02_fold_02_13_48,2,fold_02,13,48,0.00302973,0.005592667,0.003524709,0.0038145923
partition_02_fold_02_13_49,2,fold_02,13,49,0.0019333146,0.0020573856,0.001189552,0.001819149
partition_02_fold_02_13_51,2,fold_02,13,51,0.0014322897,0.002029587,0.0017424745,0.0017210591
partition_02_fold_02_13_56,2,fold_02,13,56,0.002262735,0.0021917075,0.0026408408,0.002060261
partition_02_fold_02_13_57,2,fold_02,13,57,0.0019897968,0.0023477022,0.0011154638,0.0017381542
partition_02_fold_02_13_60,2,fold_02,13,60,0.0009953723,0.004823304,0.000739668,0.0028765248
partition_02_fold_02_13_61,2,fold_02,13,61,0.0046678586,0.0024118188,0.0051635266,0.004802921
partition_02_fold_02_17_18,2,fold_02,17,18,0.0054570283,0.0034892424,0.0049241157,0.0043356474
partition_02_fold_02_17_31,2,fold_02,17,31,0.0018984537,0.0020284818,0.0019592866,0.0019806041
partition_02_fold_02_17_32,2,fold_02,17,32,0.002146424,0.0023649451,0.00053127087,0.0019125225
partition_02_fold_02_17_35,2,fold_02,17,35,0.0021394703,0.0027123033,0.0023425645,0.0024293598
partition_02_fold_02_17_37,2,fold_02,17,37,0.0038119762,0.0031705638,0.0023592121,0.0026587278
partition_02_fold_02_17_41,2,fold_02,17,41,0.0024065715,0.0024190005,0.0018721021,0.0019280988
partition_02_fold_02_17_45,2,fold_02,17,45,0.00348675,0.003923011,0.0030289134,0.0031349491
partition_02_fold_02_17_48,2,fold_02,17,48,0.0036017993,0.003117766,0.0014907557,0.0022761915
partition_02_fold_02_17_49,2,fold_02,17,49,0.0024446035,0.0025032426,0.0025106873,0.0023781261
partition_02_fold_02_17_51,2,fold_02,17,51,0.0020160354,0.0028271342,0.0011328479,0.0023399692
partition_02_fold_02_17_56,2,fold_02,17,56,0.002781793,0.002777737,0.0006806583,0.0020497788
partition_02_fold_02_17_57,2,fold_02,17,57,0.0025731917,0.0028592534,0.0027517083,0.0027774153
partition_02_fold_02_17_60,2,fold_02,17,60,0.0015680825,0.0029281636,0.0018916861,0.0017393176
partition_02_fold_02_17_61,2,fold_02,17,61,0.0052068573,0.0034501823,0.0045686727,0.0043679657
partition_02_fold_02_18_31,2,fold_02,18,31,0.0051180935,0.0034529439,0.005927967,0.004789467
partition_02_fold_02_18_32,2,fold_02,18,32,0.0054108463,0.003686771,0.0050939173,0.004656665
partition_02_fold_02_18_35,2,fold_02,18,35,0.0047934353,0.0035724181,0.0063273218,0.004855541
partition_02_fold_02_18_37,2,fold_02,18,37,0.0070963777,0.0034887574,0.0027380392,0.0034582159
partition_02_fold_02_18_41,2,fold_02,18,41,0.005735575,0.0035278064,0.005622016,0.004658669
partition_02_fold_02_18_45,2,fold_02,18,45,0.006839107,0.00388639,0.0051753395,0.004243232
partition_02_fold_02_18_48,2,fold_02,18,48,0.006807695,0.0040822895,0.0044229496,0.003882776
partition_02_fold_02_18_49,2,fold_02,18,49,0.0058186795,0.0033652007,0.0066149784,0.0039868127
partition_02_fold_02_18_51,2,fold_02,18,51,0.005305051,0.0035016108,0.0054672337,0.003969943
partition_02_fold_02_18_56,2,fold_02,18,56,0.005908288,0.0035406963,0.004523502,0.0040500765
partition_02_fold_02_18_57,2,fold_02,18,57,0.005820687,0.003415692,0.006305449,0.0039227717
partition_02_fold_02_18_60,2,fold_02,18,60,0.0047929077,0.0032654789,0.0053959065,0.004652049
partition_02_fold_02_18_61,2,fold_02,18,61,0.008320827,0.003437534,0.0011909211,0.0031507188
partition_02_fold_02_31_32,2,fold_02,31,32,0.0015733957,0.001479778,0.0014345149,0.0014572138
partition_02_fold_02_31_35,2,fold_02,31,35,0.0015897414,0.0012663607,0.00090857205,0.0014646522
partition_02_fold_02_31_37,2,fold_02,31,37,0.0031840766,0.0044755777,0.0038321887,0.0035186976
partition_02_fold_02_31_41,2,fold_02,31,41,0.0017820185,0.002255629,0.0015488814,0.0015186002
partition_02_fold_02_31_45,2,fold_02,31,45,0.0028964381,0.004971076,0.0031499374,0.0035187232
partition_02_fold_02_31_48,2,fold_02,31,48,0.0030238673,0.0032295329,0.0034133196,0.0037817971
partition_02_fold_02_31_49,2,fold_02,31,49,0.0018521409,0.0030446434,0.0012218605,0.0018851961
partition_02_fold_02_31_51,2,fold_02,31,51,0.0014415507,0.0020584427,0.0010095414,0.0017366869
partition_02_fold_02_31_56,2,fold_02,31,56,0.0022197983,0.00356525,0.0025220432,0.0022630054
partition_02_fold_02_31_57,2,fold_02,31,57,0.001980384,0.0019850307,0.0018478594,0.0016332164
partition_02_fold_02_31_60,2,fold_02,31,60,0.0009927733,0.012405182,0.000855234,0.0036941795
partition_02_fold_02_31_61,2,fold_02,31,61,0.0045497464,0.00231653,0.005452273,0.0048462297
partition_02_fold_02_32_35,2,fold_02,32,35,0.0017678691,0.0022520365,0.001855437,0.0016942458
partition_02_fold_02_32_37,2,fold_02,32,37,0.0033997006,0.0020155981,0.0026544563,0.0022572584
partition_02_fold_02_32_41,2,fold_02,32,41,0.0020552264,0.0019408107,0.0016066326,0.0014663158
partition_02_fold_02_32_45,2,fold_02,32,45,0.0031044502,0.0022171503,0.0029629015,0.0026017255
partition_02_fold_02_32_48,2,fold_02,32,48,0.0032767893,0.004457601,0.0019875562,0.0024453434
partition_02_fold_02_32_49,2,fold_02,32,49,0.0021179721,0.002522098,0.0020543823,0.0020677405
partition_02_fold_02_32_51,2,fold_02,32,51,0.0016849041,0.0024163835,0.0007134036,0.001557062
partition_02_fold_02_32_56,2,fold_02,32,56,0.0025349455,0.0026725498,0.0011142473,0.0019859986
partition_02_fold_02_32_57,2,fold_02,32,57,0.002255865,0.0022816844,0.0023550976,0.002065256
partition_02_fold_02_32_60,2,fold_02,32,60,0.0012313004,0.0027511537,0.0014156123,0.0017449996
partition_02_fold_02_32_61,2,fold_02,32,61,0.004856188,0.0025450652,0.0046862317,0.004304916
partition_02_fold_02_35_37,2,fold_02,35,37,0.0034747373,0.0027558294,0.0041690744,0.0038051251
partition_02_fold_02_35_41,2,fold_02,35,41,0.0019987754,0.0018842753,0.0023998243,0.001890102
partition_02_fold_02_35_45,2,fold_02,35,45,0.003147495,0.0032880402,0.0039356877,0.0040759747
partition_02_fold_02_35_48,2,fold_02,35,48,0.0032240418,0.0033697134,0.0036569599,0.0035692817
partition_02_fold_02_35_49,2,fold_02,35,49,0.0021158874,0.002640413,0.0005389501,0.0019312729
partition_02_fold_02_35_51,2,fold_02,35,51,0.0017137352,0.0023904482,0.0017025472,0.0019087745
partition_02_fold_02_35_56,2,fold_02,35,56,0.0024813805,0.0026624892,0.0027902618,0.002641692
partition_02_fold_02_35_57,2,fold_02,35,57,0.0021979217,0.0023829052,0.0010458785,0.002035413
partition_02_fold_02_35_60,2,fold_02,35,60,0.0012461945,0.0044983057,0.0011725265,0.0019217584
partition_02_fold_02_35_61,2,fold_02,35,61,0.0049672513,0.0020659768,0.0057158098,0.0047367453
partition_02_fold_02_37_41,2,fold_02,37,41,0.003693612,0.0035634504,0.0035989082,0.0030903402
partition_02_fold_02_37_45,2,fold_02,37,45,0.0042226664,0.0032013028,0.0037442008,0.0033704152
partition_02_fold_02_37_48,2,fold_02,37,48,0.0049315803,0.008416484,0.0017268686,0.0036295543
partition_02_fold_02_37_49,2,fold_02,37,49,0.0037902868,0.004190622,0.0044120443,0.0047704624
partition_02_fold_02_37_51,2,fold_02,37,51,0.0033573858,0.0032240262,0.003189837,0.0029439938
partition_02_fold_02_37_56,2,fold_02,37,56,0.0041814446,0.0034481827,0.0018466566,0.0024629047
partition_02_fold_02_37_57,2,fold_02,37,57,0.0039459523,0.0027915384,0.0042108633,0.0038580846
partition_02_fold_02_37_60,2,fold_02,37,60,0.0028773132,0.005549594,0.0033746716,0.0031755017
partition_02_fold_02_37_61,2,fold_02,37,61,0.0063245716,0.0031656956,0.0024942048,0.0025144268
partition_02_fold_02_41_45,2,fold_02,41,45,0.0034360508,0.0057574287,0.001830124,0.0026250763
partition_02_fold_02_41_48,2,fold_02,41,48,0.0035364057,0.005738291,0.0032196846,0.0029189617
partition_02_fold_02_41_49,2,fold_02,41,49,0.0023727517,0.005868301,0.0026852682,0.002647041
partition_02_fold_02_41_51,2,fold_02,41,51,0.001890103,0.0037782006,0.0009921017,0.0026375735
partition_02_fold_02_41_56,2,fold_02,41,56,0.0027519611,0.002233754,0.002487083,0.0021576548
partition_02_fold_02_41_57,2,fold_02,41,57,0.002470196,0.0023425568,0.003307004,0.0025736277
partition_02_fold_02_41_60,2,fold_02,41,60,0.0014575223,0.009767398,0.0017702669,0.0036667876
partition_02_fold_02_41_61,2,fold_02,41,61,0.00521647,0.002346659,0.00545664,0.0048462297
partition_02_fold_02_45_48,2,fold_02,45,48,0.0046133394,0.012263758,0.0039008113,0.005938135
partition_02_fold_02_45_49,2,fold_02,45,49,0.0034589432,0.009050015,0.0043344377,0.0059327357
partition_02_fold_02_45_51,2,fold_02,45,51,0.0029821452,0.0025509512,0.0026128134,0.0026547362
partition_02_fold_02_45_56,2,fold_02,45,56,0.0037993588,0.0034890429,0.0033967744,0.0034508354
partition_02_fold_02_45_57,2,fold_02,45,57,0.0035722149,0.002613945,0.004740715,0.004526725
partition_02_fold_02_45_60,2,fold_02,45,60,0.002551296,0.004881111,0.0029610705,0.0027939223
partition_02_fold_02_45_61,2,fold_02,45,61,0.0061897654,0.003508808,0.0053596953,0.0045702527
partition_02_fold_02_48_49,2,fold_02,48,49,0.0035090526,0.0027675761,0.003773741,0.0033817764
partition_02_fold_02_48_51,2,fold_02,48,51,0.0029839617,0.00408332,0.0026169894,0.0024924516
partition_02_fold_02_48_56,2,fold_02,48,56,0.003991651,0.0064860093,0.0009068718,0.0035752894
partition_02_fold_02_48_57,2,fold_02,48,57,0.003686338,0.0015528535,0.0037711605,0.003500775
partition_02_fold_02_48_60,2,fold_02,48,60,0.0027271735,0.01594194,0.0032110123,0.0051182103
partition_02_fold_02_48_61,2,fold_02,48,61,0.0064444165,0.0035575675,0.0041249683,0.0037220246
partition_02_fold_02_49_51,2,fold_02,49,51,0.0019836875,0.0026368408,0.0019406426,0.001993539
partition_02_fold_02_49_56,2,fold_02,49,56,0.0028214783,0.005142582,0.0029486192,0.003627903
partition_02_fold_02_49_57,2,fold_02,49,57,0.0024679422,0.0027325747,0.0010391186,0.0015865411
partition_02_fold_02_49_60,2,fold_02,49,60,0.0015792784,0.006392688,0.0016573997,0.0024288665
partition_02_fold_02_49_61,2,fold_02,49,61,0.0052090473,0.008869999,0.005964363,0.008523471
partition_02_fold_02_51_56,2,fold_02,51,56,0.002394284,0.002974649,0.0017819356,0.003084454
partition_02_fold_02_51_57,2,fold_02,51,57,0.0021465018,0.002250182,0.0024795907,0.0023093864
partition_02_fold_02_51_60,2,fold_02,51,60,0.00109972,0.005673911,0.0012479995,0.002276951
partition_02_fold_02_51_61,2,fold_02,51,61,0.0046079154,0.0036424235,0.0051220413,0.0048256214
partition_02_fold_02_56_57,2,fold_02,56,57,0.0029234202,0.0028096333,0.0029883329,0.002946156
partition_02_fold_02_56_60,2,fold_02,56,60,0.0019193112,0.01244649,0.002312995,0.0047345585
partition_02_fold_02_56_61,2,fold_02,56,61,0.0057389694,0.0031974814,0.0041392497,0.0038724903
partition_02_fold_02_57_60,2,fold_02,57,60,0.0016886248,0.003593077,0.0018042827,0.002045179
partition_02_fold_02_57_61,2,fold_02,57,61,0.005257833,0.0029364962,0.0055334596,0.0044272253
partition_02_fold_02_60_61,2,fold_02,60,61,0.004228981,0.0049152537,0.0049109487,0.004911005
partition_02_fold_01_2_3,2,fold_01,2,3,0.0016262281,0.0014732839,0.002052472,0.002688884
partition_02_fold_01_2_5,2,fold_01,2,5,0.0028562716,0.01312328,0.00067820307,0.0034645994
partition_02_fold_01_2_8,2,fold_01,2,8,0.0015376201,0.0032382577,0.0019383202,0.0018507678
partition_02_fold_01_2_9,2,fold_01,2,9,0.0021899105,0.0032512057,0.002260787,0.0021228765
partition_02_fold_01_2_14,2,fold_01,2,14,0.0039807763,0.0033483205,0.0021992938,0.0021339422
partition_02_fold_01_2_19,2,fold_01,2,19,0.002040401,0.0025004272,0.0008732895,0.0017150589
partition_02_fold_01_2_26,2,fold_01,2,26,0.0050613726,0.009060258,0.0034499972,0.0039143856
partition_02_fold_01_2_28,2,fold_01,2,28,0.0025261282,0.0034642625,0.0032958772,0.0027962993
partition_02_fold_01_2_29,2,fold_01,2,29,0.001773877,0.0036319355,0.0015155796,0.0020069047
partition_02_fold_01_2_30,2,fold_01,2,30,0.0030997712,0.007433153,0.0028007822,0.002557157
partition_02_fold_01_2_34,2,fold_01,2,34,0.0023754705,0.002878267,0.002213627,0.002143464
partition_02_fold_01_2_36,2,fold_01,2,36,0.0020190533,0.004376431,0.0020889957,0.0019220824
partition_02_fold_01_2_38,2,fold_01,2,38,0.0016998952,0.0029277757,0.0014582581,0.0019046229
partition_02_fold_01_2_42,2,fold_01,2,42,0.0017415942,0.004640071,0.0019819695,0.0019810887
partition_02_fold_01_2_44,2,fold_01,2,44,0.003396934,0.006384764,0.003133144,0.0039696507
partition_02_fold_01_2_46,2,fold_01,2,46,0.0017332599,0.0026826197,0.002061721,0.0017277752
partition_02_fold_01_2_47,2,fold_01,2,47,0.0017635688,0.0033072862,0.0020035065,0.001875779
partition_02_fold_01_2_50,2,fold_01,2,50,0.0020607298,0.008974562,0.002215181,0.0029081386
partition_02_fold_01_2_52,2,fold_01,2,52,0.0035416442,0.0030709242,0.0014668615,0.0031471164
partition_02_fold_01_2_53,2,fold_01,2,53,0.00233363,0.0037063211,0.002318345,0.0022274249
partition_02_fold_01_3_5,2,fold_01,3,5,0.0020090519,0.002716461,0.0025192678,0.0023047295
partition_02_fold_01_3_8,2,fold_01,3,8,0.0005822562,0.0012847884,0.00023586197,0.0017070536
partition_02_fold_01_3_9,2,fold_01,3,9,0.0013078556,0.0009806418,0.0012390292,0.0016900708
partition_02_fold_01_3_14,2,fold_01,3,14,0.0031677526,0.0022994047,0.003784671,0.003104761
partition_02_fold_01_3_19,2,fold_01,3,19,0.0010780068,0.0012729059,0.0014930475,0.0016729821
partition_02_fold_01_3_26,2,fold_01,3,26,0.0043193623,0.0022682373,0.0053266133,0.004715556
partition_02_fold_01_3_28,2,fold_01,3,28,0.0017654808,0.0016253795,0.0016597237,0.001629288
partition_02_fold_01_3_29,2,fold_01,3,29,0.00092104246,0.0042397827,0.000978112,0.0020278168
partition_02_fold_01_3_30,2,fold_01,3,30,0.0022902964,0.0023558985,0.002760469,0.0037941472
partition_02_fold_01_3_34,2,fold_01,3,34,0.0015380734,0.0013491272,0.0018151964,0.001629288
partition_02_fold_01_3_36,2,fold_01,3,36,0.0011441868,0.0014034484,0.0010818229,0.0016729821
partition_02_fold_01_3_38,2,fold_01,3,38,0.00074028136,0.0016031475,0.000862881,0.0017177428
partition_02_fold_01_3_42,2,fold_01,3,42,0.00076460076,0.0017360436,0.0004919886,0.0017177428
partition_02_fold_01_3_44,2,fold_01,3,44,0.0025092687,0.0016026333,0.0029588048,0.002398263
partition_02_fold_01_3_46,2,fold_01,3,46,0.00079701777,0.0012723508,0.00045281876,0.0017070536
partition_02_fold_01_3_47,2,fold_01,3,47,0.00083321996,0.0017994418,0.0006379876,0.0017139344
partition_02_fold_01_3_50,2,fold_01,3,50,0.0012235807,0.0021843896,0.001260824,0.0016979683
partition_02_fold_01_3_52,2,fold_01,3,52,0.0027402893,0.0020467709,0.0034484572,0.0029216052
partition_02_fold_01_3_53,2,fold_01,3,53,0.0015617856,0.0011153993,0.0015770233,0.0017817246
partition_02_fold_01_5_8,2,fold_01,5,8,0.0019475808,0.003142409,0.0024426782,0.0023972734
partition_02_fold_01_5_9,2,fold_01,5,9,0.0025479996,0.0028322514,0.0027378874,0.0029201373
partition_02_fold_01_5_14,2,fold_01,5,14,0.0044727777,0.00378844,0.0015587851,0.0032144727
partition_02_fold_01_5_19,2,fold_01,5,19,0.0024087375,0.003173986,0.0015228844,0.0022999102
partition_02_fold_01_5_26,2,fold_01,5,26,0.005559951,0.0040200627,0.0033678347,0.0036879643
partition_02_fold_01_5_28,2,fold_01,5,28,0.0029094152,0.0036327578,0.0036385932,0.0036523305
partition_02_fold_01_5_29,2,fold_01,5,29,0.002166999,0.003035264,0.0021170904,0.0024496622
partition_02_fold_01_5_30,2,fold_01,5,30,0.0035012995,0.0037402133,0.0033648743,0.003484915
partition_02_fold_01_5_34,2,fold_01,5,34,0.0027586264,0.0035161448,0.002845683,0.0031847307
partition_02_fold_01_5_36,2,fold_01,5,36,0.0024216662,0.0034627737,0.0026410748,0.0026982035
partition_02_fold_01_5_38,2,fold_01,5,38,0.0020952714,0.002669331,0.0020599943,0.0021217829
partition_02_fold_01_5_42,2,fold_01,5,42,0.0021363012,0.003079244,0.0025067944,0.002345682
partition_02_fold_01_5_44,2,fold_01,5,44,0.0037395614,0.00527834,0.0034691659,0.003641973
partition_02_fold_01_5_46,2,fold_01,5,46,0.0021316668,0.0030649542,0.0025848886,0.002345682
partition_02_fold_01_5_47,2,fold_01,5,47,0.0021895508,0.0029366734,0.002562145,0.002345682
partition_02_fold_01_5_50,2,fold_01,5,50,0.0024245349,0.0033503205,0.0028159816,0.0031227379
partition_02_fold_01_5_52,2,fold_01,5,52,0.003814375,0.003717026,0.0013634627,0.003206575
partition_02_fold_01_5_53,2,fold_01,5,53,0.0027771208,0.0034385242,0.0027747343,0.003074315
partition_02_fold_01_8_9,2,fold_01,8,9,0.0012453574,0.0018961204,0.0011092437,0.0016320796
partition_02_fold_01_8_14,2,fold_01,8,14,0.0030378776,0.0015927075,0.0037663952,0.003104761
partition_02_fold_01_8_19,2,fold_01,8,19,0.0010107674,0.0018559217,0.0013121463,0.0016320796
partition_02_fold_01_8_26,2,fold_01,8,26,0.0042232373,0.0027470754,0.0051908623,0.004688472
partition_02_fold_01_8_28,2,fold_01,8,28,0.0016707698,0.0021169882,0.0017645938,0.0016399772
partition_02_fold_01_8_29,2,fold_01,8,29,0.0008666519,0.0019811545,0.00075496297,0.0019157478
partition_02_fold_01_8_30,2,fold_01,8,30,0.0022208854,0.0019203129,0.0026534565,0.0022182586
partition_02_fold_01_8_34,2,fold_01,8,34,0.0014473083,0.0026698073,0.0017026814,0.0017468203
partition_02_fold_01_8_36,2,fold_01,8,36,0.0010945561,0.0022678915,0.0008800724,0.0016320796
partition_02_fold_01_8_38,2,fold_01,8,38,0.00068082503,0.0023712693,0.000660635,0.0017177428
partition_02_fold_01_8_42,2,fold_01,8,42,0.0007243178,0.0017229555,0.0004939178,0.0017177428
partition_02_fold_01_8_44,2,fold_01,8,44,0.00245163,0.0029628407,0.0028921794,0.0024837481
partition_02_fold_01_8_46,2,fold_01,8,46,0.00074070174,0.0021801894,0.0004715597,0.0017235117
partition_02_fold_01_8_47,2,fold_01,8,47,0.0007669084,0.0024820452,0.0005751283,0.0017177428
partition_02_fold_01_8_50,2,fold_01,8,50,0.001148295,0.0017398649,0.00119497,0.0016900708
partition_02_fold_01_8_52,2,fold_01,8,52,0.002611312,0.0029284628,0.0033328407,0.0026006598
partition_02_fold_01_8_53,2,fold_01,8,53,0.0014591031,0.002665403,0.001453166,0.0018532932
partition_02_fold_01_9_14,2,fold_01,9,14,0.0037457256,0.0029962996,0.0039953846,0.003255043
partition_02_fold_01_9_19,2,fold_01,9,19,0.0017164723,0.0020643994,0.001639981,0.0017150589
partition_02_fold_01_9_26,2,fold_01,9,26,0.004831195,0.0028677352,0.0054866364,0.0049864207
partition_02_fold_01_9_28,2,fold_01,9,28,0.0023131447,0.0021827905,0.0015369031,0.0017273476
partition_02_fold_01_9_29,2,fold_01,9,29,0.0014916728,0.00371477,0.001025615,0.0019189204
partition_02_fold_01_9_30,2,fold_01,9,30,0.0028801176,0.0033656175,0.0027361168,0.0023752148
partition_02_fold_01_9_34,2,fold_01,9,34,0.0020780677,0.0017978534,0.0021177449,0.0021529333
partition_02_fold_01_9_36,2,fold_01,9,36,0.0017356806,0.0023150106,0.00057260174,0.0016463788
partition_02_fold_01_9_38,2,fold_01,9,38,0.0013653559,0.0015670664,0.0012001966,0.0016320796
partition_02_fold_01_9_42,2,fold_01,9,42,0.0014238635,0.00317245,0.0015381256,0.0017158383
partition_02_fold_01_9_44,2,fold_01,9,44,0.0030901346,0.001890515,0.002245386,0.002315495
partition_02_fold_01_9_46,2,fold_01,9,46,0.0014510741,0.0016151067,0.0015035066,0.0016183878
partition_02_fold_01_9_47,2,fold_01,9,47,0.0014781812,0.0017624584,0.0015599522,0.0016320796
partition_02_fold_01_9_50,2,fold_01,9,50,0.0017716109,0.0020611088,0.002023972,0.0016741995
partition_02_fold_01_9_52,2,fold_01,9,52,0.0032146398,0.0031433988,0.003624347,0.0035505465
partition_02_fold_01_9_53,2,fold_01,9,53,0.0020880585,0.0026951132,0.00044048068,0.0018891256
partition_02_fold_01_14_19,2,fold_01,14,19,0.0036213316,0.0021478895,0.00304451,0.0024816394
partition_02_fold_01_14_26,2,fold_01,14,26,0.0067114835,0.0028466936,0.0036726869,0.0037021565
partition_02_fold_01_14_28,2,fold_01,14,28,0.003980221,0.0025997977,0.0045761704,0.004315165
partition_02_fold_01_14_29,2,fold_01,14,29,0.0032997557,0.0031339717,0.0035609894,0.0030414052
partition_02_fold_01_14_30,2,fold_01,14,30,0.0044979886,0.004789108,0.0044774795,0.0048146117
partition_02_fold_01_14_34,2,fold_01,14,34,0.0039723497,0.002663598,0.0041625816,0.003489545
partition_02_fold_01_14_36,2,fold_01,14,36,0.0035247952,0.0019515987,0.00403586,0.0031071145
partition_02_fold_01_14_38,2,fold_01,14,38,0.003244649,0.0019976432,0.0034940597,0.0027462658
partition_02_fold_01_14_42,2,fold_01,14,42,0.0032383394,0.0019333399,0.0038231965,0.0031111625
partition_02_fold_01_14_44,2,fold_01,14,44,0.0048601716,0.01059251,0.0042044437,0.0039380733
partition_02_fold_01_14_46,2,fold_01,14,46,0.0032911208,0.0019330509,0.0038937377,0.0031111625
partition_02_fold_01_14_47,2,fold_01,14,47,0.003285663,0.0018491864,0.0039258082,0.0031111625
partition_02_fold_01_14_50,2,fold_01,14,50,0.0036094075,0.0070785014,0.00418813,0.0034299204
partition_02_fold_01_14_52,2,fold_01,14,52,0.0050202273,0.003896641,0.002075326,0.002348299
partition_02_fold_01_14_53,2,fold_01,14,53,0.003833557,0.0034821127,0.003959119,0.0034190712
partition_02_fold_01_19_26,2,fold_01,19,26,0.0047542225,0.0028602083,0.0039508217,0.0034916736
partition_02_fold_01_19_28,2,fold_01,19,28,0.002142526,0.0026474185,0.0028472,0.002295101
partition_02_fold_01_19_29,2,fold_01,19,29,0.0013141546,0.0019498715,0.00072705717,0.0016952679
partition_02_fold_01_19_30,2,fold_01,19,30,0.0026570272,0.0021448273,0.0024159441,0.0020007482
partition_02_fold_01_19_34,2,fold_01,19,34,0.0019471936,0.0022587082,0.0016418126,0.0017273476
partition_02_fold_01_19_36,2,fold_01,19,36,0.0015578739,0.002245178,0.0013255001,0.0016378486
partition_02_fold_01_19_38,2,fold_01,19,38,0.0011668582,0.0020945063,0.0007115421,0.0016320796
partition_02_fold_01_19_42,2,fold_01,19,42,0.001212523,0.002041548,0.0013913509,0.0016320796
partition_02_fold_01_19_44,2,fold_01,19,44,0.0029437174,0.004069175,0.002920626,0.0025349378
partition_02_fold_01_19_46,2,fold_01,19,46,0.0012000342,0.0023058152,0.0014603125,0.0016771078
partition_02_fold_01_19_47,2,fold_01,19,47,0.0012195756,0.0022081488,0.0013486929,0.0016771078
partition_02_fold_01_19_50,2,fold_01,19,50,0.0016140597,0.0024986397,0.0015734897,0.0016463788
partition_02_fold_01_19_52,2,fold_01,19,52,0.003152036,0.0021407367,0.0021439185,0.0021265652
partition_02_fold_01_19_53,2,fold_01,19,53,0.0019479962,0.0020553428,0.0017760622,0.0016521477
partition_02_fold_01_26_28,2,fold_01,26,28,0.0052852514,0.0035131,0.006666522,0.005568657
partition_02_fold_01_26_29,2,fold_01,26,29,0.0044070487,0.004229954,0.00464411,0.004829575
partition_02_fold_01_26_30,2,fold_01,26,30,0.005698528,0.0026311022,0.0045907795,0.004580312
partition_02_fold_01_26_34,2,fold_01,26,34,0.005037786,0.0029507568,0.004542507,0.00433685
partition_02_fold_01_26_36,2,fold_01,26,36,0.004704921,0.0026221357,0.0052140765,0.0048153293
partition_02_fold_01_26_38,2,fold_01,26,38,0.0043500955,0.0027053899,0.0045953006,0.0043684216
partition_02_fold_01_26_42,2,fold_01,26,42,0.004426399,0.0026486006,0.005072782,0.0047784564
partition_02_fold_01_26_44,2,fold_01,26,44,0.005837735,0.0033543757,0.0056641963,0.004722242
partition_02_fold_01_26_46,2,fold_01,26,46,0.0044378354,0.0024792224,0.0051632547,0.0048084487
partition_02_fold_01_26_47,2,fold_01,26,47,0.004442886,0.0029358868,0.00501528,0.004830048
partition_02_fold_01_26_50,2,fold_01,26,50,0.0046644136,0.002938221,0.0048520537,0.00449169
partition_02_fold_01_26_52,2,fold_01,26,52,0.005809315,0.0033836884,0.0020585528,0.0023020406
partition_02_fold_01_26_53,2,fold_01,26,53,0.005108259,0.0025028337,0.0054604476,0.005131005
partition_02_fold_01_28_29,2,fold_01,28,29,0.001936612,0.0037401896,0.0022380257,0.0020298483
partition_02_fold_01_28_30,2,fold_01,28,30,0.0031804987,0.0028184918,0.0034587607,0.0032760173
partition_02_fold_01_28_34,2,fold_01,28,34,0.002511865,0.0028294835,0.0029065984,0.0026382096
partition_02_fold_01_28_36,2,fold_01,28,36,0.0021487824,0.0019229917,0.0019202831,0.001851532
partition_02_fold_01_28_38,2,fold_01,28,38,0.0018335906,0.002249216,0.0022603099,0.0018776389
partition_02_fold_01_28_42,2,fold_01,28,42,0.0018639782,0.002420761,0.002046127,0.0017137137
partition_02_fold_01_28_44,2,fold_01,28,44,0.003498869,0.0029432278,0.002603889,0.002656159
partition_02_fold_01_28_46,2,fold_01,28,46,0.0018903628,0.002433851,0.0019713275,0.0016819712
partition_02_fold_01_28_47,2,fold_01,28,47,0.0018663352,0.00224065,0.0021758487,0.0017333962
partition_02_fold_01_28_50,2,fold_01,28,50,0.0022023695,0.0019187088,0.0026562186,0.0023409748
partition_02_fold_01_28_52,2,fold_01,28,52,0.003648526,0.0028570045,0.004689564,0.004488137
partition_02_fold_01_28_53,2,fold_01,28,53,0.0025014947,0.0030954077,0.0016480831,0.0022367588
partition_02_fold_01_29_30,2,fold_01,29,30,0.00239255,0.0040023965,0.002319235,0.0022274249
partition_02_fold_01_29_34,2,fold_01,29,34,0.001700818,0.0028269468,0.0014646035,0.0018434831
partition_02_fold_01_29_36,2,fold_01,29,36,0.0013190734,0.0021145248,0.00065709144,0.0019153263
partition_02_fold_01_29_38,2,fold_01,29,38,0.0009475225,0.0017349296,0.00025611068,0.0016886776
partition_02_fold_01_29_42,2,fold_01,29,42,0.001029055,0.0025282975,0.0009723309,0.0017337044
partition_02_fold_01_29_44,2,fold_01,29,44,0.002666324,0.0026254114,0.0026536626,0.0024051503
partition_02_fold_01_29_46,2,fold_01,29,46,0.0010465975,0.0021365352,0.0010011643,0.001743295
partition_02_fold_01_29_47,2,fold_01,29,47,0.0010807072,0.0022670636,0.00092272885,0.0017337044
partition_02_fold_01_29_50,2,fold_01,29,50,0.00137088,0.0032306495,0.0012932738,0.0019435071
partition_02_fold_01_29_52,2,fold_01,29,52,0.002780134,0.008110863,0.002842637,0.002904124
partition_02_fold_01_29_53,2,fold_01,29,53,0.0017095199,0.004939054,0.0012516745,0.0019774642
partition_02_fold_01_30_34,2,fold_01,30,34,0.0030120923,0.0024402493,0.0011323916,0.00205073
partition_02_fold_01_30_36,2,fold_01,30,36,0.0025912994,0.0023257742,0.0026158697,0.0020475767
partition_02_fold_01_30_38,2,fold_01,30,38,0.0023428325,0.0023486514,0.0022793913,0.0019757599
partition_02_fold_01_30_42,2,fold_01,30,42,0.002392396,0.0019976438,0.0024727522,0.0020273514
partition_02_fold_01_30_44,2,fold_01,30,44,0.003978716,0.005639026,0.002370652,0.003097746
partition_02_fold_01_30_46,2,fold_01,30,46,0.0024218885,0.0018131671,0.0024893216,0.0019757599
partition_02_fold_01_30_47,2,fold_01,30,47,0.002419008,0.0017241507,0.0024019273,0.0019757599
partition_02_fold_01_30_50,2,fold_01,30,50,0.002586565,0.0034806803,0.0020604557,0.001986471
partition_02_fold_01_30_52,2,fold_01,30,52,0.0041807834,0.0030470372,0.0032886276,0.0030305958
partition_02_fold_01_30_53,2,fold_01,30,53,0.0029826136,0.003540968,0.0026213112,0.0024799765
partition_02_fold_01_34_36,2,fold_01,34,36,0.001850455,0.0023545006,0.0018375325,0.0016914068
partition_02_fold_01_34_38,2,fold_01,34,38,0.0015933686,0.0019934953,0.001361406,0.0016542764
partition_02_fold_01_34_42,2,fold_01,34,42,0.001641231,0.0025446832,0.0014445252,0.0016993044
partition_02_fold_01_34_44,2,fold_01,34,44,0.0033350105,0.002791874,0.0027232403,0.0026889073
partition_02_fold_01_34_46,2,fold_01,34,46,0.0016682371,0.002202115,0.0014704267,0.0016542764
partition_02_fold_01_34_47,2,fold_01,34,47,0.00168999,0.0021870183,0.0013361555,0.0016542764
partition_02_fold_01_34_50,2,fold_01,34,50,0.0020078083,0.0024186703,0.00094074424,0.00205073
partition_02_fold_01_34_52,2,fold_01,34,52,0.0034059058,0.0029221554,0.0030390262,0.0027730342
partition_02_fold_01_34_53,2,fold_01,34,53,0.0023305602,0.0025057704,0.002183204,0.0021295284
partition_02_fold_01_36_38,2,fold_01,36,38,0.0012118312,0.0019083133,0.000853783,0.0016320796
partition_02_fold_01_36_42,2,fold_01,36,42,0.0012762041,0.0020426284,0.0012603957,0.0016320796
partition_02_fold_01_36_44,2,fold_01,36,44,0.0029643911,0.0053463974,0.0026214255,0.003350978
partition_02_fold_01_36_46,2,fold_01,36,46,0.0012614183,0.0025874246,0.0012390108,0.0016771078
partition_02_fold_01_36_47,2,fold_01,36,47,0.0013021638,0.0019482881,0.00121534,0.0016320796
partition_02_fold_01_36_50,2,fold_01,36,50,0.0016061304,0.0020614157,0.0016406556,0.0016463788
partition_02_fold_01_36_52,2,fold_01,36,52,0.00309009,0.0026362753,0.0034329067,0.0030746746
partition_02_fold_01_36_53,2,fold_01,36,53,0.0019436574,0.0042863316,0.00091726397,0.0018858336
partition_02_fold_01_38_42,2,fold_01,38,42,0.0008744921,0.0021637673,0.0007733586,0.0017177428
partition_02_fold_01_38_44,2,fold_01,38,44,0.0025914889,0.002455011,0.0027414814,0.0021368046
partition_02_fold_01_38_46,2,fold_01,38,46,0.0009011024,0.0021968603,0.0008186894,0.0017177428
partition_02_fold_01_38_47,2,fold_01,38,47,0.00092899025,0.0017406741,0.0007329486,0.0017177428
partition_02_fold_01_38_50,2,fold_01,38,50,0.0012673324,0.0013218152,0.00110979,0.0016213905
partition_02_fold_01_38_52,2,fold_01,38,52,0.002787803,0.00217106,0.0027835325,0.0021403658
partition_02_fold_01_38_53,2,fold_01,38,53,0.001568853,0.0019850486,0.0014324654,0.0016285186
partition_02_fold_01_42_44,2,fold_01,42,44,0.0026615933,0.003571202,0.0030669905,0.002437401
partition_02_fold_01_42_46,2,fold_01,42,46,0.0009509227,0.0018670317,9.678076e-05,0.0016213905
partition_02_fold_01_42_47,2,fold_01,42,47,0.0009472614,0.0026642922,0.00021475075,0.0017286992
partition_02_fold_01_42_50,2,fold_01,42,50,0.001334888,0.0015222658,0.00079164526,0.0016213905
partition_02_fold_01_42_52,2,fold_01,42,52,0.0028072337,0.004124258,0.0032751535,0.0026826889
partition_02_fold_01_42_53,2,fold_01,42,53,0.0016572858,0.0027180018,0.0018375717,0.0016320796
partition_02_fold_01_44_46,2,fold_01,44,46,0.002636972,0.0036943844,0.0030498875,0.0025200478
partition_02_fold_01_44_47,2,fold_01,44,47,0.0026973626,0.0027735622,0.0031160966,0.0026302265
partition_02_fold_01_44_50,2,fold_01,44,50,0.0029736697,0.0022231487,0.0032796266,0.0030599567
partition_02_fold_01_44_52,2,fold_01,44,52,0.004418798,0.0037655625,0.0039531086,0.0037500723
partition_02_fold_01_44_53,2,fold_01,44,53,0.0033053174,0.0028349343,0.0018472153,0.0023490863
partition_02_fold_01_46_47,2,fold_01,46,47,0.000950481,0.0022822826,0.00024693305,0.0017177428
partition_02_fold_01_46_50,2,fold_01,46,50,0.0013208889,0.0015498917,0.0008212584,0.0016213905
partition_02_fold_01_46_52,2,fold_01,46,52,0.0028159558,0.0028130976,0.0033630596,0.0026126392
partition_02_fold_01_46_53,2,fold_01,46,53,0.0017141685,0.0019240372,0.0018088011,0.0016320796
partition_02_fold_01_47_50,2,fold_01,47,50,0.0013651492,0.0013793032,0.0006390398,0.0016213905
partition_02_fold_01_47_52,2,fold_01,47,52,0.0028449153,0.0028785644,0.0032657026,0.0026097957
partition_02_fold_01_47_53,2,fold_01,47,53,0.0017099807,0.0016831066,0.0018631897,0.0016285186
partition_02_fold_01_50_52,2,fold_01,50,52,0.0031231525,0.0030145834,0.0032652246,0.0030599567
partition_02_fold_01_50_53,2,fold_01,50,53,0.0019884822,0.002757552,0.002265017,0.0029044647
partition_02_fold_01_52_53,2,fold_01,52,53,0.003464576,0.0029416154,0.0036044267,0.0037321679
partition_02_fold_00_7_10,2,fold_00,7,10,0.0015188848,0.0020491038,0.0015348814,0.0019013493
partition_02_fold_00_7_11,2,fold_00,7,11,0.0017822975,0.0020491038,0.002141682,0.0019894086
partition_02_fold_00_7_15,2,fold_00,7,15,0.002657762,0.003428447,0.0032048945,0.0032668714
partition_02_fold_00_7_16,2,fold_00,7,16,0.0009273886,0.0021472692,0.00069921825,0.0019453391
partition_02_fold_00_7_20,2,fold_00,7,20,0.00135662,0.0022535035,0.0015167648,0.0019312713
partition_02_fold_00_7_21,2,fold_00,7,21,0.0018319901,0.002054069,0.0019851113,0.0019693815
partition_02_fold_00_7_22,2,fold_00,7,22,0.032725923,0.0021228103,0.036085997,0.0036475852
partition_02_fold_00_7_23,2,fold_00,7,23,0.0014879004,0.0021187605,0.0016412023,0.0019328302
partition_02_fold_00_7_24,2,fold_00,7,24,0.0019747037,0.002134764,0.0024137036,0.002179998
partition_02_fold_00_7_25,2,fold_00,7,25,0.0009273814,0.0020125338,0.00056827924,0.0019013493
partition_02_fold_00_7_27,2,fold_00,7,27,0.0007787317,0.0020496438,0.00033185023,0.0019138581
partition_02_fold_00_7_33,2,fold_00,7,33,0.0017108469,0.003018045,0.0018594613,0.0021307727
partition_02_fold_00_7_39,2,fold_00,7,39,0.0007400321,0.0020219055,0.000292975,0.0019020748
partition_02_fold_00_7_40,2,fold_00,7,40,0.0013621591,0.0020255602,0.001368293,0.0019013493
partition_02_fold_00_7_43,2,fold_00,7,43,0.00069855945,0.0020125338,0.00024650685,0.0019013493
partition_02_fold_00_7_54,2,fold_00,7,54,0.0008091793,0.0020255602,0.0004143811,0.0019013493
partition_02_fold_00_7_55,2,fold_00,7,55,0.0017498628,0.002690499,0.0018331886,0.0020955573
partition_02_fold_00_7_58,2,fold_00,7,58,0.0025017713,0.0031428644,0.003096674,0.003083446
partition_02_fold_00_7_59,2,fold_00,7,59,0.00068687357,0.002165536,0.00032523304,0.0019335557
partition_02_fold_00_7_62,2,fold_00,7,62,0.001013022,0.0021678382,0.0010041702,0.0019453391
partition_02_fold_00_7_63,2,fold_00,7,63,0.001807638,0.0026615001,0.0018939729,0.0021029764
partition_02_fold_00_10_11,2,fold_00,10,11,0.0027421534,0.0036422573,0.0027077917,0.0030462767
partition_02_fold_00_10_15,2,fold_00,10,15,0.0034927954,0.003801723,0.0036954791,0.0038012587
partition_02_fold_00_10_16,2,fold_00,10,16,0.0018523897,0.0029563212,0.0016502736,0.002118443
partition_02_fold_00_10_20,2,fold_00,10,20,0.0022648082,0.0037228668,0.0014931383,0.0025650712
partition_02_fold_00_10_21,2,fold_00,10,21,0.0025020693,0.00222347,0.0010194331,0.0019906033
partition_02_fold_00_10_22,2,fold_00,10,22,0.03076046,0.002459082,0.035500135,0.0039433
partition_02_fold_00_10_23,2,fold_00,10,23,0.0023968958,0.0033310435,0.0022754052,0.002550618
partition_02_fold_00_10_24,2,fold_00,10,24,0.0028256571,0.0035687708,0.0025838753,0.002836599
partition_02_fold_00_10_25,2,fold_00,10,25,0.0018116035,0.0029063763,0.0017364181,0.002161333
partition_02_fold_00_10_27,2,fold_00,10,27,0.0017007189,0.002168629,0.0017124765,0.0019020748
partition_02_fold_00_10_33,2,fold_00,10,33,0.0026447016,0.003815106,0.0016964558,0.0027074737
partition_02_fold_00_10_39,2,fold_00,10,39,0.0017003941,0.002059527,0.0016552912,0.0019138581
partition_02_fold_00_10_40,2,fold_00,10,40,0.002240051,0.0031412838,0.0019974883,0.0022629322
partition_02_fold_00_10_43,2,fold_00,10,43,0.0016657888,0.0019933102,0.0016380548,0.0019013493
partition_02_fold_00_10_54,2,fold_00,10,54,0.001755379,0.002060706,0.0017659022,0.0019063614
partition_02_fold_00_10_55,2,fold_00,10,55,0.0025968025,0.0035676833,0.0014744687,0.0026604086
partition_02_fold_00_10_58,2,fold_00,10,58,0.0033849892,0.0037118427,0.0033637278,0.003357849
partition_02_fold_00_10_59,2,fold_00,10,59,0.0016675597,0.0021189412,0.0016276867,0.0019138581
partition_02_fold_00_10_62,2,fold_00,10,62,0.0019087645,0.003123744,0.0016866727,0.002258485
partition_02_fold_00_10_63,2,fold_00,10,63,0.002662944,0.0028937599,0.0016175814,0.002519908
partition_02_fold_00_11_15,2,fold_00,11,15,0.003867764,0.0035300383,0.0017555102,0.0026949646
partition_02_fold_00_11_16,2,fold_00,11,16,0.0021731467,0.002267867,0.0017222118,0.0019138581
partition_02_fold_00_11_20,2,fold_00,11,20,0.0025991458,0.0036220662,0.0022780858,0.002563127
partition_02_fold_00_11_21,2,fold_00,11,21,0.0030793762,0.0031637615,0.0034849397,0.003399211
partition_02_fold_00_11_22,2,fold_00,11,22,0.038105015,0.0020495069,0.03523532,0.0038944625
partition_02_fold_00_11_23,2,fold_00,11,23,0.002747688,0.0031660653,0.00057864754,0.0021863554
partition_02_fold_00_11_24,2,fold_00,11,24,0.0031910662,0.0033480842,0.0016633477,0.002258485
partition_02_fold_00_11_25,2,fold_00,11,25,0.0021949618,0.0028950744,0.0026192716,0.002624583
partition_02_fold_00_11_27,2,fold_00,11,27,0.0020011165,0.0020290914,0.0023188293,0.0021304793
partition_02_fold_00_11_33,2,fold_00,11,33,0.003007336,0.003815106,0.003615837,0.0038012587
partition_02_fold_00_11_39,2,fold_00,11,39,0.0019886112,0.002092079,0.0022891797,0.0021186953
partition_02_fold_00_11_40,2,fold_00,11,40,0.0025952077,0.002772989,0.002313278,0.002334713
partition_02_fold_00_11_43,2,fold_00,11,43,0.0019353604,0.0020290914,0.002321166,0.0021304793
partition_02_fold_00_11_54,2,fold_00,11,54,0.0020067052,0.0020401722,0.0024184086,0.002136733
partition_02_fold_00_11_55,2,fold_00,11,55,0.0029910894,0.0037938594,0.0034955253,0.0035358053
partition_02_fold_00_11_58,2,fold_00,11,58,0.0038282955,0.0037118427,0.0017995954,0.0027074737
partition_02_fold_00_11_59,2,fold_00,11,59,0.0019382456,0.002072041,0.0024304383,0.002302507
partition_02_fold_00_11_62,2,fold_00,11,62,0.0021639469,0.0026651486,0.0023383333,0.0022418231
partition_02_fold_00_11_63,2,fold_00,11,63,0.0030239061,0.0034369081,0.00353613,0.0036299466
partition_02_fold_00_15_16,2,fold_00,15,16,0.0030347146,0.003815106,0.0031112367,0.0032107704
partition_02_fold_00_15_20,2,fold_00,15,20,0.0034115706,0.0034658052,0.0026334221,0.0029214201
partition_02_fold_00_15_21,2,fold_00,15,21,0.0038635395,0.003530368,0.004467439,0.004316062
partition_02_fold_00_15_22,2,fold_00,15,22,0.036196772,0.0034474554,0.034077693,0.004316062
partition_02_fold_00_15_23,2,fold_00,15,23,0.003386164,0.003530368,0.0021541056,0.0026698567
partition_02_fold_00_15_24,2,fold_00,15,24,0.003963764,0.0037588926,0.0012860688,0.0026949646
partition_02_fold_00_15_25,2,fold_00,15,25,0.002976356,0.0034387233,0.003734887,0.0037887497
partition_02_fold_00_15_27,2,fold_00,15,27,0.0028515176,0.0035414177,0.0034605153,0.0035232962
partition_02_fold_00_15_33,2,fold_00,15,33,0.003830089,0.003815106,0.0045186053,0.0043285713
partition_02_fold_00_15_39,2,fold_00,15,39,0.002853039,0.003533554,0.0034139603,0.00334534
partition_02_fold_00_15_40,2,fold_00,15,40,0.0033307935,0.0036562553,0.0036654046,0.0037887497
partition_02_fold_00_15_43,2,fold_00,15,43,0.0027643845,0.0034832263,0.00340132,0.00334534
partition_02_fold_00_15_54,2,fold_00,15,54,0.0028691732,0.0035414177,0.0035468796,0.0036299466
partition_02_fold_00_15_55,2,fold_00,15,55,0.003705317,0.003557227,0.0043812883,0.004127452
partition_02_fold_00_15_58,2,fold_00,15,58,0.004626289,0.0037866337,0.0005787836,0.0027074737
partition_02_fold_00_15_59,2,fold_00,15,59,0.00278065,0.0038028443,0.003462861,0.0035232962
partition_02_fold_00_15_62,2,fold_00,15,62,0.0029977383,0.003466424,0.0028313783,0.003133582
partition_02_fold_00_15_63,2,fold_00,15,63,0.0037476716,0.0034570256,0.0044221366,0.0041334345
partition_02_fold_00_16_20,2,fold_00,16,20,0.0017218818,0.003178798,0.0018548353,0.002213045
partition_02_fold_00_16_21,2,fold_00,16,21,0.002181007,0.0021233663,0.0021951876,0.0020168873
partition_02_fold_00_16_22,2,fold_00,16,22,0.035658408,0.0021187605,0.03613484,0.0035948213
partition_02_fold_00_16_23,2,fold_00,16,23,0.0018548243,0.0024203034,0.0011796339,0.0019809417
partition_02_fold_00_16_24,2,fold_00,16,24,0.0023192277,0.0025580975,0.002438675,0.0024256348
partition_02_fold_00_16_25,2,fold_00,16,25,0.0012667053,0.0021108584,0.0010116408,0.0019138581
partition_02_fold_00_16_27,2,fold_00,16,27,0.0010886604,0.0021181905,0.0007415256,0.0019020748
partition_02_fold_00_16_33,2,fold_00,16,33,0.0020305444,0.003757493,0.0022150585,0.002449535
partition_02_fold_00_16_39,2,fold_00,16,39,0.0011034061,0.0020940232,0.0007427761,0.0019020748
partition_02_fold_00_16_40,2,fold_00,16,40,0.0017486934,0.002170224,0.0011757993,0.0019013493
partition_02_fold_00_16_43,2,fold_00,16,43,0.0010696778,0.0020125338,0.00080428773,0.0019013493
partition_02_fold_00_16_54,2,fold_00,16,54,0.0011044904,0.002085125,0.0008380238,0.0019020748
partition_02_fold_00_16_55,2,fold_00,16,55,0.0021336733,0.0034080138,0.0021629299,0.0024220564
partition_02_fold_00_16_58,2,fold_00,16,58,0.0028222473,0.0037569148,0.003032976,0.0032041783
partition_02_fold_00_16_59,2,fold_00,16,59,0.0010447559,0.0021823535,0.00093370053,0.0019335557
partition_02_fold_00_16_62,2,fold_00,16,62,0.0013317171,0.0022102145,0.0015515989,0.0019335557
partition_02_fold_00_16_63,2,fold_00,16,63,0.002162313,0.0033551196,0.002211461,0.002437026
partition_02_fold_00_20_21,2,fold_00,20,21,0.0025616353,0.0036605885,0.0022603387,0.002563127
partition_02_fold_00_20_22,2,fold_00,20,22,0.041024014,0.0027256534,0.035102274,0.004111204
partition_02_fold_00_20_23,2,fold_00,20,23,0.002270437,0.0032702636,0.00204104,0.0023703612
partition_02_fold_00_20_24,2,fold_00,20,24,0.00274292,0.0036122797,0.0014480478,0.0023347223
partition_02_fold_00_20_25,2,fold_00,20,25,0.0017079472,0.0030064797,0.0019262115,0.0022502039
partition_02_fold_00_20_27,2,fold_00,20,27,0.0015677965,0.0023227483,0.0018163036,0.0019494608
partition_02_fold_00_20_33,2,fold_00,20,33,0.0025333958,0.003815106,0.0024776726,0.0029243582
partition_02_fold_00_20_39,2,fold_00,20,39,0.0015592116,0.0024124992,0.0017198757,0.0019619698
partition_02_fold_00_20_40,2,fold_00,20,40,0.0021637748,0.0034241267,0.0021899636,0.002437026
partition_02_fold_00_20_43,2,fold_00,20,43,0.0014916803,0.0021026554,0.0016699729,0.0019063614
partition_02_fold_00_20_54,2,fold_00,20,54,0.0016207852,0.002482653,0.0018800407,0.0020368067
partition_02_fold_00_20_55,2,fold_00,20,55,0.0024435115,0.0034281765,0.0023140362,0.002550618
partition_02_fold_00_20_58,2,fold_00,20,58,0.0033078433,0.0037118427,0.0022999682,0.0027897502
partition_02_fold_00_20_59,2,fold_00,20,59,0.0014991047,0.0024506107,0.0016435875,0.001979383
partition_02_fold_00_20_62,2,fold_00,20,62,0.001778856,0.0034793795,0.0007876753,0.0023339968
partition_02_fold_00_20_63,2,fold_00,20,63,0.0024962337,0.0034281765,0.0024278439,0.0027351547
partition_02_fold_00_21_22,2,fold_00,21,22,0.034397352,0.0020787772,0.035548307,0.0036507337
partition_02_fold_00_21_23,2,fold_00,21,23,0.0027566364,0.0029607464,0.0029843056,0.0029993204
partition_02_fold_00_21_24,2,fold_00,21,24,0.003197587,0.003150962,0.003419216,0.003218741
partition_02_fold_00_21_25,2,fold_00,21,25,0.0021836467,0.0025778706,0.0020135187,0.0020870809
partition_02_fold_00_21_27,2,fold_00,21,27,0.0020598765,0.0020424745,0.0020763825,0.001981165
partition_02_fold_00_21_33,2,fold_00,21,33,0.002989338,0.003815106,0.0009891236,0.0026150588
partition_02_fold_00_21_39,2,fold_00,21,39,0.0020431578,0.0020290914,0.0020717464,0.001981165
partition_02_fold_00_21_40,2,fold_00,21,40,0.0026347665,0.0027373228,0.0026579567,0.0027441166
partition_02_fold_00_21_43,2,fold_00,21,43,0.0020251332,0.0019847956,0.0020358425,0.001968656
partition_02_fold_00_21_54,2,fold_00,21,54,0.0021084705,0.0020125338,0.0020886578,0.001968656
partition_02_fold_00_21_55,2,fold_00,21,55,0.002961396,0.0033914575,0.0007662525,0.0025348964
partition_02_fold_00_21_58,2,fold_00,21,58,0.0037759787,0.0037938594,0.004163592,0.004110744
partition_02_fold_00_21_59,2,fold_00,21,59,0.001962923,0.0020787772,0.001999567,0.001981165
partition_02_fold_00_21_62,2,fold_00,21,62,0.0022792506,0.002990742,0.0022420387,0.002347222
partition_02_fold_00_21_63,2,fold_00,21,63,0.0030493462,0.0029793365,0.0009048392,0.0023775054
partition_02_fold_00_22_23,2,fold_00,22,23,0.031430464,0.0021228103,0.035427276,0.0036475852
partition_02_fold_00_22_24,2,fold_00,22,24,0.039609022,0.002194671,0.034376606,0.0038731797
partition_02_fold_00_22_25,2,fold_00,22,25,0.034893863,0.0020255602,0.036581546,0.0036909885
partition_02_fold_00_22_27,2,fold_00,22,27,0.034650285,0.0020447783,0.036393877,0.0036909885
partition_02_fold_00_22_33,2,fold_00,22,33,0.03664586,0.0036735327,0.035653535,0.0043285713
partition_02_fold_00_22_39,2,fold_00,22,39,0.039720647,0.0020125338,0.036378153,0.0036909885
partition_02_fold_00_22_40,2,fold_00,22,40,0.034286115,0.0020255602,0.036998652,0.0036601515
partition_02_fold_00_22_43,2,fold_00,22,43,0.034172174,0.0020255602,0.036316413,0.0036909885
partition_02_fold_00_22_54,2,fold_00,22,54,0.030092217,0.0020502685,0.03646062,0.0036909885
partition_02_fold_00_22_55,2,fold_00,22,55,0.027408766,0.0031232897,0.035475235,0.0042097135
partition_02_fold_00_22_58,2,fold_00,22,58,0.039400328,0.0036951134,0.03392239,0.0043285713
partition_02_fold_00_22_59,2,fold_00,22,59,0.032090407,0.0021376219,0.036325004,0.0036167481
partition_02_fold_00_22_62,2,fold_00,22,62,0.0351615,0.002146063,0.03552975,0.0036727216
partition_02_fold_00_22_63,2,fold_00,22,63,0.037504524,0.0028822015,0.03545076,0.0041415566
partition_02_fold_00_23_24,2,fold_00,23,24,0.002834765,0.0032448366,0.0018152281,0.0022081344
partition_02_fold_00_23_25,2,fold_00,23,25,0.0018254629,0.002729024,0.0021128568,0.0021732408
partition_02_fold_00_23_27,2,fold_00,23,27,0.0017092695,0.0020125338,0.0018086137,0.0019013493
partition_02_fold_00_23_33,2,fold_00,23,33,0.002691894,0.003815106,0.003077746,0.0032041783
partition_02_fold_00_23_39,2,fold_00,23,39,0.0017041019,0.0020302127,0.0017914401,0.0019013493
partition_02_fold_00_23_40,2,fold_00,23,40,0.0022796502,0.0025389164,0.0019501195,0.0020917838
partition_02_fold_00_23_43,2,fold_00,23,43,0.0015894062,0.0020321847,0.0018246681,0.0019062598
partition_02_fold_00_23_54,2,fold_00,23,54,0.0017650399,0.0020255602,0.0019091476,0.001913679
partition_02_fold_00_23_55,2,fold_00,23,55,0.0026301325,0.0034900545,0.0029704557,0.0031916692
partition_02_fold_00_23_58,2,fold_00,23,58,0.0034047794,0.0037896717,0.002144011,0.0026698567
partition_02_fold_00_23_59,2,fold_00,23,59,0.0016229808,0.0021187605,0.0019407301,0.0019925165
partition_02_fold_00_23_62,2,fold_00,23,62,0.001909185,0.002899858,0.0020002592,0.0022272984
partition_02_fold_00_23_63,2,fold_00,23,63,0.002717567,0.0032795465,0.003006642,0.0031699168
partition_02_fold_00_24_25,2,fold_00,24,25,0.002307225,0.0023197734,0.002941431,0.0028181802
partition_02_fold_00_24_27,2,fold_00,24,27,0.0021598153,0.0019959684,0.0027134449,0.00260112
partition_02_fold_00_24_33,2,fold_00,24,33,0.0031075967,0.003815106,0.0036170934,0.0038012587
partition_02_fold_00_24_39,2,fold_00,24,39,0.002164779,0.0019847956,0.0026377686,0.0025395318
partition_02_fold_00_24_40,2,fold_00,24,40,0.0027675207,0.0028576227,0.0028968533,0.003057156
partition_02_fold_00_24_43,2,fold_00,24,43,0.0021194913,0.0020125338,0.0026148993,0.0024078402
partition_02_fold_00_24_54,2,fold_00,24,54,0.0022257245,0.0021189412,0.0028019564,0.0026964184
partition_02_fold_00_24_55,2,fold_00,24,55,0.0030236165,0.0037253313,0.0034444707,0.0035232962
partition_02_fold_00_24_58,2,fold_00,24,58,0.003885093,0.003815106,0.00086817675,0.0027074737
partition_02_fold_00_24_59,2,fold_00,24,59,0.0021081623,0.002158442,0.002650054,0.002583522
partition_02_fold_00_24_62,2,fold_00,24,62,0.0024066959,0.0032206331,0.001880181,0.0022111943
partition_02_fold_00_24_63,2,fold_00,24,63,0.0030672774,0.0035794463,0.0035211893,0.0036299466
partition_02_fold_00_25_27,2,fold_00,25,27,0.0010995097,0.0020044465,0.0003151177,0.0019013493
partition_02_fold_00_25_33,2,fold_00,25,33,0.0020637386,0.0037569148,0.001816746,0.0025650712
partition_02_fold_00_25_39,2,fold_00,25,39,0.0010784568,0.0019847956,0.00033654374,0.0019013493
partition_02_fold_00_25_40,2,fold_00,25,40,0.0017134348,0.0024488217,0.0013019422,0.0020244769
partition_02_fold_00_25_43,2,fold_00,25,43,0.0010387722,0.0020044465,0.00033764905,0.0019013493
partition_02_fold_00_25_54,2,fold_00,25,54,0.0011579096,0.0019847956,0.00023530034,0.0019013493
partition_02_fold_00_25_55,2,fold_00,25,55,0.0020514962,0.002838435,0.0018551099,0.0021723213
partition_02_fold_00_25_58,2,fold_00,25,58,0.0028407674,0.0037688604,0.003639373,0.0038012587
partition_02_fold_00_25_59,2,fold_00,25,59,0.0010734095,0.002054069,0.00030842854,0.0019138581
partition_02_fold_00_25_62,2,fold_00,25,62,0.0013621394,0.002514903,0.0013671748,0.0020244769
partition_02_fold_00_25_63,2,fold_00,25,63,0.0021078947,0.0028501803,0.0019150641,0.002207955
partition_02_fold_00_27_33,2,fold_00,27,33,0.0019260648,0.003212439,0.00189954,0.0022295506
partition_02_fold_00_27_39,2,fold_00,27,39,0.0009003219,0.0020290914,0.00012962312,0.0019020748
partition_02_fold_00_27_40,2,fold_00,27,40,0.0015676983,0.0019847956,0.0012643803,0.0019013493
partition_02_fold_00_27_43,2,fold_00,27,43,0.0008771131,0.0019847956,0.00016477305,0.0019013493
partition_02_fold_00_27_54,2,fold_00,27,54,0.00096377695,0.0020147378,0.00010680662,0.0019020748
partition_02_fold_00_27_55,2,fold_00,27,55,0.001971436,0.0029328498,0.0019133923,0.0021986852
partition_02_fold_00_27_58,2,fold_00,27,58,0.0026746956,0.0036220662,0.0033804353,0.003357849
partition_02_fold_00_27_59,2,fold_00,27,59,0.00091288175,0.0020638607,0.00027357897,0.0019020748
partition_02_fold_00_27_62,2,fold_00,27,62,0.00119036,0.002074638,0.0012720568,0.0019138581
partition_02_fold_00_27_63,2,fold_00,27,63,0.002017191,0.0028790808,0.001965693,0.0022272984
partition_02_fold_00_33_39,2,fold_00,33,39,0.0019070416,0.0036241922,0.0019422023,0.0024138128
partition_02_fold_00_33_40,2,fold_00,33,40,0.0025516457,0.003815106,0.002866992,0.0031969894
partition_02_fold_00_33_43,2,fold_00,33,43,0.0018624687,0.0034716222,0.0018807744,0.0023588357
partition_02_fold_00_33_54,2,fold_00,33,54,0.001977154,0.0035479353,0.0018784201,0.0023588357
partition_02_fold_00_33_55,2,fold_00,33,55,0.002906906,0.003815106,0.00028843823,0.0027074737
partition_02_fold_00_33_58,2,fold_00,33,58,0.003762229,0.0037938594,0.0043081366,0.0041462067
partition_02_fold_00_33_59,2,fold_00,33,59,0.0018481637,0.0032667357,0.0018296343,0.002213045
partition_02_fold_00_33_62,2,fold_00,33,62,0.0021897913,0.003815106,0.0021649299,0.0027747806
partition_02_fold_00_33_63,2,fold_00,33,63,0.002969596,0.0034578228,0.00023671966,0.0026949646
partition_02_fold_00_39_40,2,fold_00,39,40,0.0015430014,0.0020104775,0.0011922275,0.0019013493
partition_02_fold_00_39_43,2,fold_00,39,43,0.0007743893,0.0019847956,0.00010534818,0.0019013493
partition_02_fold_00_39_54,2,fold_00,39,54,0.0009547296,0.0020290914,0.00019856101,0.0019138581
partition_02_fold_00_39_55,2,fold_00,39,55,0.001965568,0.0029147752,0.0019423527,0.0022272984
partition_02_fold_00_39_58,2,fold_00,39,58,0.0026333379,0.0030196672,0.0033210807,0.003218741
partition_02_fold_00_39_59,2,fold_00,39,59,0.0008835254,0.0020702127,0.00022198919,0.0019020748
partition_02_fold_00_39_62,2,fold_00,39,62,0.0011922129,0.0020702127,0.0011949086,0.0019020748
partition_02_fold_00_39_63,2,fold_00,39,63,0.0020239672,0.0027496351,0.0020045093,0.0021853987
partition_02_fold_00_40_43,2,fold_00,40,43,0.0014933007,0.0019888454,0.0012841381,0.0019013493
partition_02_fold_00_40_54,2,fold_00,40,54,0.0016330271,0.0019847956,0.0013042216,0.0019013493
partition_02_fold_00_40_55,2,fold_00,40,55,0.0025144613,0.0031658371,0.0028239887,0.0029413693
partition_02_fold_00_40_58,2,fold_00,40,58,0.0032738561,0.0035133318,0.003558514,0.0036299466
partition_02_fold_00_40_59,2,fold_00,40,59,0.0015127432,0.0020255602,0.001344655,0.0019013493
partition_02_fold_00_40_62,2,fold_00,40,62,0.0017908697,0.0028463255,0.001986201,0.0021853987
partition_02_fold_00_40_63,2,fold_00,40,63,0.0026017886,0.0028546548,0.0029167284,0.0029254502
partition_02_fold_00_43_54,2,fold_00,43,54,0.0009393052,0.00201704,0.00021116006,0.0019013493
partition_02_fold_00_43_55,2,fold_00,43,55,0.0018791622,0.002680964,0.0018820626,0.002108477
partition_02_fold_00_43_58,2,fold_00,43,58,0.0025531799,0.0031661931,0.0033037763,0.003218741
partition_02_fold_00_43_59,2,fold_00,43,59,0.0008462749,0.0020255602,0.00013660554,0.0019013493
partition_02_fold_00_43_62,2,fold_00,43,62,0.0011471302,0.0020255602,0.001119485,0.0019013493
partition_02_fold_00_43_63,2,fold_00,43,63,0.0019226777,0.0026862498,0.0019438942,0.0021585873
partition_02_fold_00_54_55,2,fold_00,54,55,0.0019868517,0.0028392747,0.0019067787,0.002207955
partition_02_fold_00_54_58,2,fold_00,54,58,0.0027197883,0.003704083,0.003470657,0.0035358053
partition_02_fold_00_54_59,2,fold_00,54,59,0.00095230405,0.0020502685,0.00027257798,0.0019013493
partition_02_fold_00_54_62,2,fold_00,54,62,0.0012302465,0.002082513,0.0013116896,0.0019013493
partition_02_fold_00_54_63,2,fold_00,54,63,0.0020559102,0.0028886897,0.001956802,0.0022629322
partition_02_fold_00_55_58,2,fold_00,55,58,0.0036276795,0.003608622,0.0041429237,0.004098235
partition_02_fold_00_55_59,2,fold_00,55,59,0.0018743818,0.0028994447,0.0018358568,0.002191266
partition_02_fold_00_55_62,2,fold_00,55,62,0.0021496452,0.003575579,0.0020856005,0.0025033348
partition_02_fold_00_55_63,2,fold_00,55,63,0.002699812,0.0027449368,0.00017188115,0.0021059338
partition_02_fold_00_58_59,2,fold_00,58,59,0.002645348,0.0037253296,0.0033551985,0.003357849
partition_02_fold_00_58_62,2,fold_00,58,62,0.0029276048,0.003647654,0.0026414946,0.002995283
partition_02_fold_00_58_63,2,fold_00,58,63,0.003645153,0.0034427335,0.0041986126,0.0041336976
partition_02_fold_00_59_62,2,fold_00,59,62,0.0011455707,0.0021678382,0.0010705413,0.0019453391
partition_02_fold_00_59_63,2,fold_00,59,63,0.0019340541,0.0029011779,0.001902298,0.0021723213
partition_02_fold_00_62_63,2,fold_00,62,63,0.0022442988,0.0031924557,0.0021719653,0.0023758267
