layer_idx,expert_idx,quantile,alpha,target_angle_deg,is_theta_max,seed,config_name,trainable_params,frozen_params,tau_target,tau_actual,err_tau,cos_tau,mag_tau_actual,C_before,mag_C_before,C_after,mag_C_after,DeltaC,mag_DeltaC,mag_DeltaC_par,mag_DeltaC_perp,delta_theta
2,49,0.1,0.01,0.0,False,42,default,6291456,6912870400,"[0.00313744 0.00329251 0.00339816 0.00321791 0.00302434 0.00305078
 0.00305076 0.00308689 0.00317947 0.00316458]","[0.0010625 0.0011875 0.0009125 0.0010875 0.0007625 0.0009875 0.001025
 0.0008875 0.00105   0.0010375]",0.006843003746218873,0.9945324348234766,0.0031824715,"[0.00276148 0.00248619 0.00266481 0.00170371 0.00296685 0.00081116
 0.0040952  0.00200561 0.00261858 0.00187999]",0.008028412,"[0.00276148 0.00248619 0.00266481 0.00170371 0.00296685 0.00081116
 0.00409518 0.00200562 0.00261857 0.00187999]",0.008028406,"[-3.25962901e-09 -4.88944352e-09  9.31322575e-10 -6.98491931e-10
  7.91624188e-09 -5.23868948e-10 -1.21071935e-08  9.31322575e-10
 -1.86264515e-09 -2.44472176e-09]",1.5991436e-08,6.725044e-09,1.4508611e-08,0.027976455118293345
2,49,0.1,0.01,15.0,False,42,default,6291456,6912870400,"[0.00277288 0.00290994 0.00300331 0.002844   0.00538827 0.00269629
 0.00269628 0.0027282  0.00281003 0.00279687]","[0.00095   0.00115   0.0008375 0.0009875 0.0016    0.0009625 0.0007625
 0.0009125 0.0009375 0.0009   ]",0.00678641100644893,0.9946915961401932,0.0032389718,"[0.00276148 0.00248619 0.00266481 0.00170371 0.00296685 0.00081116
 0.0040952  0.00200561 0.00261858 0.00187999]",0.008028412,"[0.00276148 0.00248618 0.00266481 0.00170371 0.00296685 0.00081116
 0.00409518 0.00200562 0.00261857 0.00187999]",0.008028402,"[-3.02679837e-09 -8.84756446e-09 -1.86264515e-09  0.00000000e+00
  7.68341124e-09 -6.40284270e-10 -1.21071935e-08  1.62981451e-09
 -5.82076609e-09 -1.74622983e-09]",1.834465e-08,9.700582e-09,1.557e-08,0.0
2,49,0.1,0.01,30.0,False,42,default,6291456,6912870400,"[0.00221936 0.00232906 0.00240379 0.00227628 0.007385   0.00215806
 0.00215805 0.0021836  0.00224909 0.00223856]","[0.0008125 0.00105   0.0008    0.0007625 0.002575  0.000825  0.000725
 0.000775  0.000825  0.00085  ]",0.006433193083842103,0.9974250215233108,0.003581157,"[0.00276148 0.00248619 0.00266481 0.00170371 0.00296685 0.00081116
 0.0040952  0.00200561 0.00261858 0.00187999]",0.008028412,"[0.00276148 0.00248618 0.00266481 0.00170371 0.00296685 0.00081116
 0.00409519 0.00200562 0.00261857 0.00187999]",0.008028402,"[-2.79396772e-09 -9.31322575e-09 -1.86264515e-09  1.51339918e-09
  2.56113708e-09 -5.82076609e-10 -8.84756446e-09  6.98491931e-10
 -5.82076609e-09 -1.28056854e-09]",1.4882505e-08,9.7914805e-09,1.1207847e-08,0.0
2,49,0.1,0.01,45.0,False,42,default,6291456,6912870400,"[0.00151459 0.00158945 0.00164045 0.00155344 0.00887846 0.00147276
 0.00147275 0.00149019 0.00153488 0.00152769]","[0.0006625 0.00085   0.00075   0.0005625 0.003925  0.0005625 0.0006
 0.000625  0.00075   0.0007125]",0.005586041097114343,0.9985721133437964,0.004425282,"[0.00276148 0.00248619 0.00266481 0.00170371 0.00296685 0.00081116
 0.0040952  0.00200561 0.00261858 0.00187999]",0.008028412,"[0.00276148 0.00248619 0.00266481 0.00170371 0.00296685 0.00081116
 0.00409519 0.00200561 0.00261857 0.00187999]",0.008028403,"[-1.16415322e-09 -7.21774995e-09  2.32830644e-10  1.86264515e-09
  3.02679837e-09 -2.91038305e-10 -8.84756446e-09 -1.62981451e-09
 -6.05359674e-09 -5.47152013e-09]",1.461986e-08,9.249803e-09,1.1321724e-08,0.0
2,49,0.1,0.01,60.0,False,42,default,6291456,6912870400,"[0.0007066  0.00074153 0.00076532 0.00072473 0.00976687 0.00068709
 0.00068708 0.00069522 0.00071607 0.00071272]","[0.0004375 0.0005    0.000575  0.0005125 0.0057375 0.0005    0.0003375
 0.000525  0.00045   0.000425 ]",0.00409726303121854,0.9992157403979584,0.0059140725,"[0.00276148 0.00248619 0.00266481 0.00170371 0.00296685 0.00081116
 0.0040952  0.00200561 0.00261858 0.00187999]",0.008028412,"[0.00276148 0.00248619 0.00266481 0.00170371 0.00296685 0.00081116
 0.00409518 0.00200561 0.00261857 0.00187999]",0.008028396,"[ 0.00000000e+00 -6.98491931e-09  0.00000000e+00 -5.82076609e-10
  2.09547579e-09 -5.82076609e-11 -1.81607902e-08 -2.32830644e-10
 -7.91624188e-09 -7.45058060e-09]",2.2395733e-08,1.5166528e-08,1.6478632e-08,0.0
2,49,0.1,0.01,72.39617295717436,True,42,default,6291456,6912870400,[0.   0.   0.   0.   0.01 0.   0.   0.   0.   0.  ],[0.   0.   0.   0.   0.01 0.   0.   0.   0.   0.  ],2.2351741811588166e-10,0.99999999,0.01,"[0.00276148 0.00248619 0.00266481 0.00170371 0.00296685 0.00081116
 0.0040952  0.00200561 0.00261858 0.00187999]",0.008028412,"[0.00276148 0.00248619 0.00266481 0.00170371 0.00296685 0.00081116
 0.00409518 0.00200562 0.00261857 0.00187999]",0.008028397,"[ 9.31322575e-10 -3.95812094e-09  0.00000000e+00 -5.82076609e-10
  9.31322575e-10  0.00000000e+00 -2.09547579e-08  2.32830644e-09
 -9.08039510e-09 -4.30736691e-09]",2.3733312e-08,1.4762213e-08,1.858352e-08,0.027976455118293345
2,49,0.1,0.1,0.0,False,42,default,6291456,6912870400,"[0.03137439 0.03292515 0.0339816  0.03217905 0.03024336 0.03050778
 0.03050761 0.03086885 0.03179468 0.03164577]","[0.010625 0.011875 0.009125 0.010875 0.007625 0.009875 0.01025  0.008875
 0.0105   0.010375]",0.06843003648666708,0.9945324812386477,0.031824715,"[0.00276148 0.00248619 0.00266481 0.00170371 0.00296685 0.00081116
 0.0040952  0.00200561 0.00261858 0.00187999]",0.008028412,"[0.0027615  0.00248621 0.00266475 0.0017037  0.00296674 0.00081112
 0.004095   0.00200561 0.00261854 0.00187995]",0.008028238,"[ 1.88592821e-08  1.51339918e-08 -5.82076609e-08 -1.09430403e-08
 -1.06636435e-07 -3.72529030e-08 -1.93715096e-07 -4.65661287e-10
 -3.74857336e-08 -4.05125320e-08]",2.3963284e-07,1.742811e-07,1.6446883e-07,0.0
2,49,0.1,0.1,15.0,False,42,default,6291456,6912870400,"[0.02772883 0.02909939 0.0300331  0.02843999 0.05388271 0.02696292
 0.02696276 0.02728203 0.02810028 0.02796868]","[0.0095   0.0115   0.008375 0.009875 0.016    0.009625 0.007625 0.009125
 0.009375 0.009   ]",0.0678641084764328,0.9946916464506573,0.03238972,"[0.00276148 0.00248619 0.00266481 0.00170371 0.00296685 0.00081116
 0.0040952  0.00200561 0.00261858 0.00187999]",0.008028412,"[0.0027615  0.00248622 0.00266473 0.00170365 0.00296668 0.00081111
 0.00409495 0.00200558 0.00261851 0.00187992]",0.008028145,"[ 1.39698386e-08  2.30502337e-08 -8.40518624e-08 -5.51808625e-08
 -1.62981451e-07 -4.77884896e-08 -2.47731805e-07 -3.39932740e-08
 -6.68223947e-08 -7.42729753e-08]",3.349494e-07,2.6676693e-07,2.0255001e-07,0.0
2,49,0.1,0.1,30.0,False,42,default,6291456,6912870400,"[0.02219359 0.02329057 0.02403788 0.0227628  0.07385004 0.02158057
 0.02158045 0.02183599 0.0224909  0.02238556]","[0.008125 0.0105   0.008    0.007625 0.02575  0.00825  0.00725  0.00775
 0.00825  0.0085  ]",0.06433192857256281,0.9974250085757369,0.035811573,"[0.00276148 0.00248619 0.00266481 0.00170371 0.00296685 0.00081116
 0.0040952  0.00200561 0.00261858 0.00187999]",0.008028412,"[0.00276142 0.00248609 0.00266462 0.0017036  0.00296655 0.0008111
 0.0040948  0.00200553 0.0026184  0.00187986]",0.008027844,"[-6.05359674e-08 -1.00350007e-07 -1.89058483e-07 -1.02096237e-07
 -2.92668119e-07 -5.98374754e-08 -4.01400030e-07 -8.89413059e-08
 -1.80210918e-07 -1.35041773e-07]",6.0735607e-07,5.6788485e-07,2.1537936e-07,0.0
2,49,0.1,0.1,45.0,False,42,default,6291456,6912870400,"[0.0151459  0.01589453 0.01640453 0.01553435 0.08878461 0.01472755
 0.01472747 0.01490186 0.01534879 0.01527691]","[0.006625 0.0085   0.0075   0.005625 0.03925  0.005625 0.006    0.00625
 0.0075   0.007125]",0.0558604081123824,0.9985720535002925,0.044252828,"[0.00276148 0.00248619 0.00266481 0.00170371 0.00296685 0.00081116
 0.0040952  0.00200561 0.00261858 0.00187999]",0.008028412,"[0.00276138 0.00248612 0.00266461 0.00170361 0.0029666  0.0008111
 0.00409474 0.00200554 0.0026184  0.00187985]",0.008027825,"[-1.01746991e-07 -7.68341124e-08 -2.03028321e-07 -9.68575478e-08
 -2.43540853e-07 -6.05359674e-08 -4.56348062e-07 -7.47386366e-08
 -1.79978088e-07 -1.47148967e-07]",6.306496e-07,5.874582e-07,2.2937249e-07,0.027976455118293345
2,49,0.1,0.1,60.0,False,42,default,6291456,6912870400,"[0.00706604 0.0074153  0.00765323 0.00724727 0.09766866 0.00687087
 0.00687083 0.00695219 0.0071607  0.00712716]","[0.004375 0.005    0.00575  0.005125 0.057375 0.005    0.003375 0.00525
 0.0045   0.00425 ]",0.040972630267037104,0.9992157894946304,0.059140723,"[0.00276148 0.00248619 0.00266481 0.00170371 0.00296685 0.00081116
 0.0040952  0.00200561 0.00261858 0.00187999]",0.008028412,"[0.00276143 0.00248608 0.00266466 0.00170364 0.00296664 0.0008111
 0.00409482 0.00200548 0.00261842 0.00187988]",0.008027906,"[-5.33182174e-08 -1.11758709e-07 -1.54832378e-07 -7.11297616e-08
 -2.09780410e-07 -6.17001206e-08 -3.75788659e-07 -1.38534233e-07
 -1.55763701e-07 -1.13970600e-07]",5.383684e-07,5.069779e-07,1.8114618e-07,0.0
2,49,0.1,0.1,72.39617295717436,True,42,default,6291456,6912870400,[0.  0.  0.  0.  0.1 0.  0.  0.  0.  0. ],[0.  0.  0.  0.  0.1 0.  0.  0.  0.  0. ],1.4901161138336505e-09,0.9999999999,0.1,"[0.00276148 0.00248619 0.00266481 0.00170371 0.00296685 0.00081116
 0.0040952  0.00200561 0.00261858 0.00187999]",0.008028412,"[0.00276131 0.00248599 0.00266457 0.00170357 0.00296657 0.00081108
 0.00409479 0.00200544 0.0026183  0.00187981]",0.008027682,"[-1.72527507e-07 -2.03028321e-07 -2.39117071e-07 -1.33994035e-07
 -2.78931111e-07 -8.05011950e-08 -4.11178917e-07 -1.75787136e-07
 -2.80328095e-07 -1.88592821e-07]",7.379166e-07,7.304766e-07,1.0452198e-07,0.0
2,49,0.1,1.0,0.0,False,42,default,6291456,6912870400,"[0.31374389 0.32925146 0.33981604 0.32179054 0.30243356 0.30507782
 0.30507608 0.30868852 0.31794675 0.31645769]","[0.10625 0.11875 0.09125 0.10875 0.07625 0.09875 0.1025  0.08875 0.105
 0.10375]",0.6843003712245631,0.9945325084336625,0.31824714,"[0.00276148 0.00248619 0.00266481 0.00170371 0.00296685 0.00081116
 0.0040952  0.00200561 0.00261858 0.00187999]",0.008028412,"[0.00276265 0.00248485 0.00266361 0.00170283 0.00296691 0.00081013
 0.00409798 0.00200413 0.0026182  0.00187976]",0.008028601,"[ 1.16345473e-06 -1.33900903e-06 -1.20094046e-06 -8.72300006e-07
  6.14672899e-08 -1.03085767e-06  2.78232619e-06 -1.48871914e-06
 -3.78815457e-07 -2.39117071e-07]",4.071177e-06,1.8813873e-07,4.066828e-06,0.03956468264845247
2,49,0.1,1.0,15.0,False,42,default,6291456,6912870400,"[0.27728828 0.29099394 0.30033097 0.28439994 0.53882705 0.26962917
 0.26962763 0.27282032 0.28100279 0.27968675]","[0.095   0.115   0.08375 0.09875 0.16    0.09625 0.07625 0.09125 0.09375
 0.09   ]",0.6786410937831008,0.9946916423537568,0.32389718,"[0.00276148 0.00248619 0.00266481 0.00170371 0.00296685 0.00081116
 0.0040952  0.00200561 0.00261858 0.00187999]",0.008028412,"[0.00276328 0.00248533 0.00266407 0.00170308 0.00296737 0.00081004
 0.0040986  0.00200445 0.00261882 0.00188015]",0.008030023,"[ 1.79489143e-06 -8.63336027e-07 -7.46455044e-07 -6.27245754e-07
  5.21307811e-07 -1.11956615e-06  3.40351835e-06 -1.16089359e-06
  2.45403498e-07  1.54483132e-07]",4.4111794e-06,1.6109834e-06,4.1064873e-06,0.027976455118293345
2,49,0.1,1.0,30.0,False,42,default,6291456,6912870400,"[0.22193593 0.23290567 0.24037883 0.22762796 0.73850038 0.21580574
 0.2158045  0.21835987 0.22490895 0.22385562]","[0.08125    0.105      0.08       0.07625    0.25749999 0.0825
 0.0725     0.0775     0.0825     0.085     ]",0.6433192966512932,0.9974249782077295,0.35811573,"[0.00276148 0.00248619 0.00266481 0.00170371 0.00296685 0.00081116
 0.0040952  0.00200561 0.00261858 0.00187999]",0.008028412,"[0.00276015 0.0024832  0.00266136 0.00170153 0.00296428 0.00080958
 0.00409383 0.00200257 0.00261634 0.0018784 ]",0.008021754,"[-1.32992864e-06 -2.99070962e-06 -3.45334411e-06 -2.17230991e-06
 -2.56486237e-06 -1.57882459e-06 -1.36857852e-06 -3.04472633e-06
 -2.23238021e-06 -1.59535557e-06]",7.4229924e-06,6.6585826e-06,3.280868e-06,0.03956468264845247
2,49,0.1,1.0,45.0,False,42,default,6291456,6912870400,"[0.15145902 0.15894526 0.16404528 0.15534352 0.88784612 0.1472755
 0.14727466 0.14901855 0.15348794 0.1527691 ]","[0.06625    0.085      0.075      0.05625    0.39250001 0.05625
 0.06       0.0625     0.075      0.07125   ]",0.5586040822973486,0.9985721180606679,0.44252825,"[0.00276148 0.00248619 0.00266481 0.00170371 0.00296685 0.00081116
 0.0040952  0.00200561 0.00261858 0.00187999]",0.008028412,"[0.00275793 0.00248163 0.00265968 0.00170034 0.00296191 0.00080932
 0.00409032 0.00200137 0.00261446 0.00187717]",0.0080158,"[-3.54950316e-06 -4.55952249e-06 -5.12739643e-06 -3.36824451e-06
 -4.93368134e-06 -1.83680095e-06 -4.87780198e-06 -4.23984602e-06
 -4.12040390e-06 -2.82842666e-06]",1.2864117e-05,1.2611869e-05,2.5350018e-06,0.0
2,49,0.1,1.0,60.0,False,42,default,6291456,6912870400,"[0.07066042 0.07415299 0.07653231 0.07247266 0.97668662 0.06870868
 0.06870829 0.06952187 0.07160698 0.07127162]","[0.04375    0.05       0.0575     0.05125    0.57375002 0.05
 0.03375    0.0525     0.045      0.0425    ]",0.40972631059438785,0.9992157634828316,0.59140724,"[0.00276148 0.00248619 0.00266481 0.00170371 0.00296685 0.00081116
 0.0040952  0.00200561 0.00261858 0.00187999]",0.008028412,"[0.00275758 0.00248195 0.00266023 0.0017005  0.00296202 0.00080943
 0.00408918 0.00200177 0.00261447 0.00187698]",0.008015523,"[-3.90387140e-06 -4.23961319e-06 -4.58210707e-06 -3.20735853e-06
 -4.82611358e-06 -1.73092121e-06 -6.01215288e-06 -3.84473242e-06
 -4.10783105e-06 -3.01923137e-06]",1.2950014e-05,1.2889601e-05,1.2494022e-06,0.027976455118293345
2,49,0.1,1.0,72.39617295717436,True,42,default,6291456,6912870400,[0. 0. 0. 0. 1. 0. 0. 0. 0. 0.],[0. 0. 0. 0. 1. 0. 0. 0. 0. 0.],0.0,0.9999999999989999,1.0,"[0.00276148 0.00248619 0.00266481 0.00170371 0.00296685 0.00081116
 0.0040952  0.00200561 0.00261858 0.00187999]",0.008028412,"[0.00275572 0.00248026 0.00265871 0.0016995  0.00295979 0.0008089
 0.00408634 0.00200069 0.00261278 0.00187596]",0.008010253,"[-5.76814637e-06 -5.93299046e-06 -6.10155985e-06 -4.20177821e-06
 -7.05593266e-06 -2.25647818e-06 -8.85780901e-06 -4.92157415e-06
 -5.80097549e-06 -4.03844751e-06]",1.8190018e-05,1.8159175e-05,1.0588044e-06,0.027976455118293345
2,49,0.1,2.0,0.0,False,42,default,6291456,6912870400,"[0.62748778 0.65850292 0.67963208 0.64358107 0.60486712 0.61015565
 0.61015215 0.61737704 0.6358935  0.63291539]","[0.21250001 0.2375     0.1825     0.2175     0.1525     0.19750001
 0.205      0.17749999 0.20999999 0.2075    ]",1.3686007424491262,0.9945325084360062,0.6364943,"[0.00276148 0.00248619 0.00266481 0.00170371 0.00296685 0.00081116
 0.0040952  0.00200561 0.00261858 0.00187999]",0.008028412,"[0.00277096 0.00248726 0.00266536 0.00170469 0.00297506 0.00080972
 0.00411616 0.00200476 0.00262414 0.00188373]",0.008048464,"[ 9.47364606e-06  1.07078813e-06  5.44358045e-07  9.84640792e-07
  8.21100548e-06 -1.44273508e-06  2.09631398e-05 -8.57282430e-07
  5.56348823e-06  3.73634975e-06]",2.5431582e-05,2.0036801e-05,1.5661799e-05,0.11190583714844751
2,49,0.1,2.0,15.0,False,42,default,6291456,6912870400,"[0.55457656 0.58198789 0.60066193 0.56879989 1.07765411 0.53925835
 0.53925526 0.54564064 0.56200558 0.5593735 ]","[0.19       0.23       0.1675     0.19750001 0.31999999 0.1925
 0.1525     0.1825     0.1875     0.18000001]",1.3572821875662016,0.99469164235606,0.64779437,"[0.00276148 0.00248619 0.00266481 0.00170371 0.00296685 0.00081116
 0.0040952  0.00200561 0.00261858 0.00187999]",0.008028412,"[0.0027704  0.00248712 0.0026654  0.00170455 0.00297463 0.00080974
 0.00411463 0.00200454 0.0026233  0.00188351]",0.008046895,"[ 8.91531818e-06  9.30391252e-07  5.88828698e-07  8.42614099e-07
  7.78771937e-06 -1.41694909e-06  1.94287859e-05 -1.07637607e-06
  4.72599640e-06  3.51737253e-06]",2.3609422e-05,1.8470259e-05,1.4705589e-05,0.1083523598284494
2,49,0.1,2.0,30.0,False,42,default,6291456,6912870400,"[0.44387187 0.46581134 0.48075767 0.45525593 1.47700076 0.43161148
 0.431609   0.43671974 0.4498179  0.44771124]","[0.16249999 0.20999999 0.16       0.1525     0.51499999 0.16500001
 0.145      0.155      0.16500001 0.17      ]",1.2866385933025863,0.9974249782098182,0.71623147,"[0.00276148 0.00248619 0.00266481 0.00170371 0.00296685 0.00081116
 0.0040952  0.00200561 0.00261858 0.00187999]",0.008028412,"[0.002763   0.00248141 0.00265982 0.00170085 0.00296761 0.00080803
 0.00410366 0.00200013 0.00261704 0.00187929]",0.00802745,"[ 1.51572749e-06 -4.78653237e-06 -4.99258749e-06 -2.85333954e-06
  7.65547156e-07 -3.12703196e-06  8.46665353e-06 -5.48292883e-06
 -1.53598376e-06 -7.01518729e-07]",1.3162002e-05,9.728426e-07,1.3126e-05,0.09891171693842998
2,49,0.1,2.0,45.0,False,42,default,6291456,6912870400,"[0.30291804 0.31789052 0.32809056 0.31068703 1.77569224 0.294551
 0.29454931 0.29803711 0.30697588 0.3055382 ]","[0.13249999 0.17       0.15000001 0.1125     0.78500003 0.1125
 0.12       0.125      0.15000001 0.1425    ]",1.1172081645946972,0.9985721180623602,0.8850565,"[0.00276148 0.00248619 0.00266481 0.00170371 0.00296685 0.00081116
 0.0040952  0.00200561 0.00261858 0.00187999]",0.008028412,"[0.00276407 0.00248254 0.00266025 0.00170139 0.00296797 0.00080856
 0.00410477 0.00200103 0.00261823 0.00187992]",0.0080299275,"[ 2.58185901e-06 -3.65823507e-06 -4.56324778e-06 -2.32015736e-06
  1.11944973e-06 -2.60066008e-06  9.57166776e-06 -4.58653085e-06
 -3.46684828e-07 -7.27595761e-08]",1.2924791e-05,1.5056204e-06,1.2836796e-05,0.09065408419654447
2,49,0.1,2.0,60.0,False,42,default,6291456,6912870400,"[0.14132085 0.14830598 0.15306462 0.14494533 1.95337324 0.13741736
 0.13741657 0.13904374 0.14321396 0.14254324]","[0.0875     0.1        0.115      0.1025     1.14750004 0.1
 0.0675     0.105      0.09       0.085     ]",0.8194526211887757,0.9992157634840987,1.1828145,"[0.00276148 0.00248619 0.00266481 0.00170371 0.00296685 0.00081116
 0.0040952  0.00200561 0.00261858 0.00187999]",0.008028412,"[0.00276328 0.00248258 0.00266034 0.00170118 0.00296725 0.00080854
 0.00410309 0.00200103 0.00261757 0.00187958]",0.008028236,"[ 1.79675408e-06 -3.60910781e-06 -4.47500497e-06 -2.52632890e-06
  3.99770215e-07 -2.61812238e-06  7.89016485e-06 -4.58094291e-06
 -1.00629404e-06 -4.18629497e-07]",1.1580329e-05,1.8384344e-07,1.1578868e-05,0.08156468806857739
2,49,0.1,2.0,72.39617295717436,True,42,default,6291456,6912870400,[0. 0. 0. 0. 2. 0. 0. 0. 0. 0.],[0. 0. 0. 0. 2. 0. 0. 0. 0. 0.],0.0,0.99999999999975,2.0,"[0.00276148 0.00248619 0.00266481 0.00170371 0.00296685 0.00081116
 0.0040952  0.00200561 0.00261858 0.00187999]",0.008028412,"[0.00275951 0.00248041 0.00265849 0.00169979 0.00296381 0.00080801
 0.00409655 0.00199961 0.00261482 0.00187779]",0.008019022,"[-1.97836198e-06 -5.78630716e-06 -6.32298179e-06 -3.91877256e-06
 -3.03168781e-06 -3.14932549e-06  1.35228038e-06 -6.00633211e-06
 -3.75928357e-06 -2.20944639e-06]",1.29907685e-05,9.395445e-06,8.971382e-06,0.059347025446578223
2,49,0.1,5.0,0.0,False,42,default,6291456,6912870400,"[1.56871944 1.64625731 1.6990802  1.60895268 1.51216779 1.52538912
 1.52538038 1.5434426  1.58973375 1.58228846]","[0.53125    0.59375    0.45625001 0.54374999 0.38125002 0.49375001
 0.51249999 0.44374999 0.52499998 0.51875001]",3.4215018554912024,0.9945324711506531,1.5912358,"[0.00276148 0.00248619 0.00266481 0.00170371 0.00296685 0.00081116
 0.0040952  0.00200561 0.00261858 0.00187999]",0.008028412,"[0.00293924 0.00261767 0.00279918 0.00179269 0.00315187 0.00084223
 0.00438736 0.00210472 0.00277447 0.00198849]",0.008515548,"[1.77754322e-04 1.31475041e-04 1.34363770e-04 8.89828661e-05
 1.85019104e-04 3.10742180e-05 2.92160548e-04 9.91008710e-05
 1.55897113e-04 1.08491397e-04]",0.00049122766,0.0004868867,6.516061e-05,0.4383484623948224
2,49,0.1,5.0,15.0,False,42,default,6291456,6912870400,"[1.3864414  1.45496972 1.50165483 1.42199972 2.69413527 1.34814586
 1.34813814 1.36410161 1.40501394 1.39843376]","[0.47499999 0.57499999 0.41875002 0.49375001 0.79999995 0.48124999
 0.38125002 0.45625001 0.46875    0.45000002]",3.393205486762481,0.9946916675882825,1.6194859,"[0.00276148 0.00248619 0.00266481 0.00170371 0.00296685 0.00081116
 0.0040952  0.00200561 0.00261858 0.00187999]",0.008028412,"[0.00293764 0.00261645 0.00279806 0.00179187 0.00314994 0.000842
 0.00438361 0.00210358 0.00277268 0.00198777]",0.008510387,"[1.76160596e-04 1.30254542e-04 1.33244088e-04 8.81615561e-05
 1.83095923e-04 3.08364979e-05 2.88416166e-04 9.79681499e-05
 1.54103152e-04 1.07778236e-04]",0.0004859484,0.00048173484,6.385403e-05,0.43023850222424914
2,49,0.1,5.0,30.0,False,42,default,6291456,6912870400,"[1.10967967 1.16452834 1.20189416 1.13813982 3.69250189 1.07902869
 1.07902251 1.09179935 1.12454475 1.11927811]","[0.40625    0.52499998 0.39999998 0.38125002 1.2874999  0.41250002
 0.36249998 0.38749999 0.41250002 0.42500001]",3.216596526374178,0.9974250540557242,1.7905785,"[0.00276148 0.00248619 0.00266481 0.00170371 0.00296685 0.00081116
 0.0040952  0.00200561 0.00261858 0.00187999]",0.008028412,"[0.0029007  0.00258822 0.00276921 0.00177293 0.00311176 0.00083475
 0.00432517 0.00208188 0.00274025 0.00196503]",0.008409294,"[1.39214098e-04 1.02023594e-04 1.04398234e-04 6.92189205e-05
 1.44912396e-04 2.35880725e-05 2.29976606e-04 7.62639102e-05
 1.21677294e-04 8.50348733e-05]",0.00038441818,0.00038071373,5.3239077e-05,0.3636945235202828
2,49,0.1,5.0,45.0,False,42,default,6291456,6912870400,"[0.7572951  0.79472629 0.8202264  0.77671758 4.43923061 0.7363775
 0.73637328 0.74509277 0.7674397  0.7638455 ]","[0.33124998 0.42500001 0.375      0.28125    1.9625001  0.28125
 0.29999998 0.3125     0.375      0.35624999]",2.7930203888397154,0.9985721281788186,2.2126412,"[0.00276148 0.00248619 0.00266481 0.00170371 0.00296685 0.00081116
 0.0040952  0.00200561 0.00261858 0.00187999]",0.008028412,"[0.00289534 0.002584   0.00276513 0.0017698  0.00310598 0.0008335
 0.00431739 0.0020786  0.00273518 0.00196178]",0.008394651,"[1.33851776e-04 9.78063326e-05 1.00319274e-04 6.60928199e-05
 1.39130978e-04 2.23359675e-05 2.22191680e-04 7.29835592e-05
 1.16598792e-04 8.17885157e-05]",0.000369799,0.00036607595,5.2342224e-05,0.3582740158310247
2,49,0.1,5.0,60.0,False,42,default,6291456,6912870400,"[0.35330212 0.37076495 0.38266156 0.36236332 4.8834331  0.3435434
 0.34354143 0.34760935 0.35803489 0.35635809]","[0.21875    0.25       0.28749999 0.25624999 2.8687501  0.25
 0.16875    0.26249999 0.22500001 0.21250001]",2.0486315540400786,0.9992158233518319,2.957036,"[0.00276148 0.00248619 0.00266481 0.00170371 0.00296685 0.00081116
 0.0040952  0.00200561 0.00261858 0.00187999]",0.008028412,"[0.00286927 0.00256326 0.0027439  0.00175605 0.00307845 0.00082849
 0.0042751  0.00206246 0.00271138 0.00194494]",0.008321271,"[1.07788946e-04 7.70653132e-05 7.90860504e-05 5.23419585e-05
 1.11600384e-04 1.73321459e-05 1.79905444e-04 5.68430405e-05
 9.28039663e-05 6.49454305e-05]",0.00029619999,0.00029273616,4.5165994e-05,0.3127866623704862
2,49,0.1,5.0,72.39617295717436,True,42,default,6291456,6912870400,[0. 0. 0. 0. 5. 0. 0. 0. 0. 0.],[0. 0. 0. 0. 5. 0. 0. 0. 0. 0.],0.0,0.99999999999996,5.0,"[0.00276148 0.00248619 0.00266481 0.00170371 0.00296685 0.00081116
 0.0040952  0.00200561 0.00261858 0.00187999]",0.008028412,"[0.00283687 0.00253769 0.00271707 0.00173868 0.00304481 0.00082193
 0.00422397 0.00204274 0.0026829  0.00192544]",0.00823162,"[7.53840432e-05 5.14928252e-05 5.22553455e-05 3.49701149e-05
 7.79659022e-05 1.07663218e-05 1.28771178e-04 3.71297356e-05
 6.43245876e-05 4.54485416e-05]",0.00020650968,0.00020312381,3.7241967e-05,0.2594431906973403
2,31,0.1,0.01,0.0,False,42,default,6291456,6912870400,"[0.00303966 0.00316119 0.00335905 0.00315482 0.0031293  0.00321592
 0.00322336 0.00311965 0.00318691 0.00301958]","[0.001025  0.0011875 0.0009    0.0010625 0.000725  0.0011    0.0010875
 0.0008625 0.0010625 0.0009875]",0.00685098081191001,0.9915610811329061,0.0031884066,"[0.00281202 0.00250043 0.00267356 0.00171938 0.00302245 0.0008064
 0.00420714 0.00201797 0.00265313 0.001899  ]",0.008152715,"[0.00281203 0.00250045 0.00267356 0.00171939 0.00302245 0.0008064
 0.00420716 0.002018   0.00265313 0.001899  ]",0.008152746,"[ 9.77888703e-09  2.44472176e-08  3.95812094e-09  2.91038305e-09
  3.49245965e-09 -8.14907253e-10  1.76951289e-08  2.95694917e-08
  2.32830644e-10 -2.09547579e-09]",4.3843006e-08,3.003496e-08,3.193916e-08,0.0
2,31,0.1,0.01,15.0,False,42,default,6291456,6912870400,"[0.0026869  0.00279433 0.00296922 0.0027887  0.00276613 0.0028427
 0.00284928 0.00275761 0.00281706 0.00538406]","[0.0009125 0.0011    0.0007875 0.000975  0.000775  0.0009625 0.001025
 0.000775  0.0009375 0.00175  ]",0.006750281600150936,0.9945656903065452,0.0032761446,"[0.00281202 0.00250043 0.00267356 0.00171938 0.00302245 0.0008064
 0.00420714 0.00201797 0.00265313 0.001899  ]",0.008152715,"[0.00281202 0.00250045 0.00267356 0.00171939 0.00302245 0.0008064
 0.00420716 0.002018   0.00265313 0.001899  ]",0.008152743,"[ 6.28642738e-09  2.11875886e-08  5.82076609e-09  3.72529030e-09
  6.98491931e-09 -3.49245965e-10  1.53668225e-08  2.88709998e-08
 -2.79396772e-09 -2.56113708e-09]",4.0855145e-08,2.7486264e-08,3.0226616e-08,0.0
2,31,0.1,0.01,30.0,False,42,default,6291456,6912870400,"[0.00215103 0.00223703 0.00237704 0.00223252 0.00221446 0.00227576
 0.00228103 0.00220763 0.00225523 0.00738164]","[0.0007875 0.000975  0.0008    0.0008125 0.0008125 0.000575  0.0009375
 0.000925  0.0006875 0.0026875]",0.006384078007019839,0.9947873387571298,0.0036457595,"[0.00281202 0.00250043 0.00267356 0.00171938 0.00302245 0.0008064
 0.00420714 0.00201797 0.00265313 0.001899  ]",0.008152715,"[0.00281202 0.00250045 0.00267356 0.00171938 0.00302246 0.0008064
 0.00420716 0.002018   0.00265313 0.001899  ]",0.008152745,"[ 6.51925802e-09  2.04890966e-08  4.65661287e-09 -1.16415322e-10
  1.14087015e-08 -1.74622983e-10  1.76951289e-08  2.56113708e-08
 -2.09547579e-09 -1.39698386e-09]",3.9869697e-08,2.8710819e-08,2.7663729e-08,0.0
2,31,0.1,0.01,45.0,False,42,default,6291456,6912870400,"[0.00146857 0.00152729 0.00162288 0.00152421 0.00151188 0.00155373
 0.00155732 0.00150722 0.00153971 0.00887616]","[0.0006375 0.0008375 0.000775  0.0005125 0.0006875 0.0007375 0.00055
 0.0006625 0.00065   0.00395  ]",0.00557150435555326,0.9979898792155765,0.004444554,"[0.00281202 0.00250043 0.00267356 0.00171938 0.00302245 0.0008064
 0.00420714 0.00201797 0.00265313 0.001899  ]",0.008152715,"[0.00281202 0.00250045 0.00267356 0.00171938 0.00302246 0.0008064
 0.00420716 0.00201799 0.00265313 0.001899  ]",0.008152747,"[ 5.82076609e-09  1.79279596e-08  6.28642738e-09  1.16415322e-10
  1.67638063e-08 -4.07453626e-10  1.72294676e-08  2.37487257e-08
  1.39698386e-09  4.07453626e-09]",3.9438902e-08,3.1939916e-08,2.3135884e-08,0.0
2,31,0.1,0.01,60.0,False,42,default,6291456,6912870400,"[0.00068603 0.00071346 0.00075811 0.00071202 0.00070626 0.00072581
 0.00072749 0.00070408 0.00071926 0.00976579]","[0.000425  0.000475  0.000575  0.0005    0.00035   0.000425  0.0004
 0.000475  0.0005125 0.0058625]",0.003982344304441179,0.9994790785420548,0.006025545,"[0.00281202 0.00250043 0.00267356 0.00171938 0.00302245 0.0008064
 0.00420714 0.00201797 0.00265313 0.001899  ]",0.008152715,"[0.00281202 0.00250044 0.00267356 0.00171938 0.00302246 0.0008064
 0.00420717 0.00201798 0.00265314 0.001899  ]",0.008152747,"[ 4.65661287e-09  1.51339918e-08  4.65661287e-10 -1.74622983e-09
  1.74622983e-08 -4.65661287e-10  2.46800482e-08  1.42026693e-08
  3.95812094e-09  2.91038305e-09]",3.733757e-08,3.067727e-08,2.1283784e-08,0.0
2,31,0.1,0.01,72.42477289540113,True,42,default,6291456,6912870400,[0.   0.   0.   0.   0.   0.   0.   0.   0.   0.01],[0.   0.   0.   0.   0.   0.   0.   0.   0.   0.01],2.2351741811588166e-10,0.99999999,0.01,"[0.00281202 0.00250043 0.00267356 0.00171938 0.00302245 0.0008064
 0.00420714 0.00201797 0.00265313 0.001899  ]",0.008152715,"[0.00281202 0.00250044 0.00267355 0.00171938 0.00302246 0.0008064
 0.00420717 0.00201798 0.00265313 0.00189901]",0.008152735,"[ 5.35510480e-09  1.07102096e-08 -1.04773790e-08 -6.63567334e-09
  1.39698386e-08 -7.56699592e-10  2.46800482e-08  6.28642738e-09
 -3.49245965e-09  7.79982656e-09]",3.485084e-08,2.0372932e-08,2.8275865e-08,0.0
2,31,0.1,0.1,0.0,False,42,default,6291456,6912870400,"[0.0303966  0.03161195 0.03359049 0.03154822 0.03129299 0.03215918
 0.03223362 0.03119653 0.03186913 0.03019577]","[0.01025  0.011875 0.009    0.010625 0.00725  0.011    0.010875 0.008625
 0.010625 0.009875]",0.0685098078861765,0.9915610906964208,0.031884067,"[0.00281202 0.00250043 0.00267356 0.00171938 0.00302245 0.0008064
 0.00420714 0.00201797 0.00265313 0.001899  ]",0.008152715,"[0.00281218 0.00250053 0.00267361 0.0017194  0.00302261 0.00080643
 0.00420733 0.00201807 0.00265326 0.00189907]",0.008153067,"[1.62515789e-07 1.03376806e-07 5.37838787e-08 1.15251169e-08
 1.66473910e-07 3.09664756e-08 1.87661499e-07 9.59262252e-08
 1.32480636e-07 6.53089955e-08]",3.6746596e-07,3.5151834e-07,1.0708005e-07,0.0
2,31,0.1,0.1,15.0,False,42,default,6291456,6912870400,"[0.02686898 0.02794328 0.0296922  0.02788695 0.02766134 0.028427
 0.02849281 0.02757607 0.02817061 0.05384065]","[0.009125 0.011    0.007875 0.00975  0.00775  0.009625 0.01025  0.00775
 0.009375 0.0175  ]",0.06750281435501411,0.9945657421720159,0.032761447,"[0.00281202 0.00250043 0.00267356 0.00171938 0.00302245 0.0008064
 0.00420714 0.00201797 0.00265313 0.001899  ]",0.008152715,"[0.00281214 0.00250058 0.00267362 0.00171942 0.00302258 0.00080644
 0.0042073  0.00201807 0.00265325 0.00189908]",0.008153049,"[1.24098733e-07 1.53202564e-07 5.98374754e-08 3.84170562e-08
 1.36205927e-07 3.94065864e-08 1.58324838e-07 9.75560397e-08
 1.16648152e-07 7.83475116e-08]",3.4403766e-07,3.339685e-07,8.262561e-08,0.0
2,31,0.1,0.1,30.0,False,42,default,6291456,6912870400,"[0.02151028 0.02237032 0.02377044 0.02232523 0.02214461 0.02275757
 0.02281025 0.02207635 0.02255232 0.07381637]","[0.007875 0.00975  0.008    0.008125 0.008125 0.00575  0.009375 0.00925
 0.006875 0.026875]",0.06384077838655335,0.9947873366503399,0.0364576,"[0.00281202 0.00250043 0.00267356 0.00171938 0.00302245 0.0008064
 0.00420714 0.00201797 0.00265313 0.001899  ]",0.008152715,"[0.00281215 0.00250051 0.00267358 0.0017194  0.00302258 0.00080643
 0.00420731 0.00201807 0.00265321 0.00189906]",0.008153005,"[1.38068572e-07 8.63801688e-08 2.07219273e-08 1.65309757e-08
 1.31316483e-07 3.03261913e-08 1.71829015e-07 9.75560397e-08
 7.93952495e-08 6.08852133e-08]",3.0731715e-07,2.889168e-07,1.0474232e-07,0.027976455118293345
2,31,0.1,0.1,45.0,False,42,default,6291456,6912870400,"[0.01468569 0.01527286 0.01622876 0.01524208 0.01511876 0.01553725
 0.01557322 0.01507216 0.01539712 0.08876163]","[0.006375 0.008375 0.00775  0.005125 0.006875 0.007375 0.0055   0.006625
 0.0065   0.0395  ]",0.05571503984699288,0.9979898809534502,0.044445544,"[0.00281202 0.00250043 0.00267356 0.00171938 0.00302245 0.0008064
 0.00420714 0.00201797 0.00265313 0.001899  ]",0.008152715,"[0.00281214 0.00250055 0.0026736  0.00171939 0.00302254 0.00080645
 0.00420729 0.00201801 0.00265319 0.00189904]",0.008152966,"[1.21071935e-07 1.22003257e-07 4.74974513e-08 8.26548785e-09
 9.08039510e-08 4.74392436e-08 1.47148967e-07 4.26080078e-08
 6.21657819e-08 4.15602699e-08]",2.672517e-07,2.5124584e-07,9.109898e-08,0.0
2,31,0.1,0.1,60.0,False,42,default,6291456,6912870400,"[0.00686029 0.00713458 0.00758113 0.0071202  0.0070626  0.00725809
 0.00727489 0.00704083 0.00719263 0.09765793]","[0.00425  0.00475  0.00575  0.005    0.0035   0.00425  0.004    0.00475
 0.005125 0.058625]",0.03982344204845442,0.999479095910039,0.06025545,"[0.00281202 0.00250043 0.00267356 0.00171938 0.00302245 0.0008064
 0.00420714 0.00201797 0.00265313 0.001899  ]",0.008152715,"[0.00281211 0.00250049 0.00267355 0.00171937 0.00302245 0.00080645
 0.00420724 0.00201803 0.00265315 0.00189907]",0.008152854,"[ 9.12696123e-08  6.63567334e-08 -3.72529030e-09 -1.64145604e-08
  6.98491931e-09  4.62750904e-08  9.40635800e-08  6.19329512e-08
  1.44354999e-08  6.56582415e-08]",1.8002746e-07,1.3817716e-07,1.1539914e-07,0.0
2,31,0.1,0.1,72.42477289540113,True,42,default,6291456,6912870400,[0.  0.  0.  0.  0.  0.  0.  0.  0.  0.1],[0.  0.  0.  0.  0.  0.  0.  0.  0.  0.1],1.4901161138336505e-09,0.9999999999,0.1,"[0.00281202 0.00250043 0.00267356 0.00171938 0.00302245 0.0008064
 0.00420714 0.00201797 0.00265313 0.001899  ]",0.008152715,"[0.0028121  0.00250048 0.00267357 0.00171934 0.00302244 0.00080644
 0.0042072  0.00201796 0.00265311 0.00189899]",0.008152777,"[ 8.47503543e-08  4.98257577e-08  1.53668225e-08 -3.99304554e-08
 -6.51925802e-09  4.06871550e-08  6.14672899e-08 -9.54605639e-09
 -2.16532499e-08 -1.29221007e-08]",1.3303742e-07,6.20394e-08,1.1768632e-07,0.0
2,31,0.1,1.0,0.0,False,42,default,6291456,6912870400,"[0.30396605 0.31611947 0.33590487 0.31548225 0.31292989 0.32159181
 0.32233622 0.31196526 0.31869131 0.30195773]","[0.1025  0.11875 0.09    0.10625 0.0725  0.11    0.10875 0.08625 0.10625
 0.09875]",0.6850980811602785,0.9915610372634854,0.31884068,"[0.00281202 0.00250043 0.00267356 0.00171938 0.00302245 0.0008064
 0.00420714 0.00201797 0.00265313 0.001899  ]",0.008152715,"[0.00282033 0.00250817 0.00268097 0.00172397 0.00303142 0.00080829
 0.00421974 0.00202363 0.0026609  0.00190457]",0.008176599,"[8.31438228e-06 7.74441287e-06 7.41728581e-06 4.59013972e-06
 8.97259451e-06 1.88330887e-06 1.25961378e-05 5.66220842e-06
 7.77095556e-06 5.56767918e-06]",2.3903029e-05,2.3883511e-05,9.658561e-07,0.0
2,31,0.1,1.0,15.0,False,42,default,6291456,6912870400,"[0.26868979 0.27943278 0.29692201 0.2788695  0.27661336 0.28427003
 0.28492805 0.27576067 0.28170614 0.53840648]","[0.09125 0.11    0.07875 0.0975  0.0775  0.09625 0.1025  0.0775  0.09375
 0.175  ]",0.6750281533355527,0.994565667315999,0.3276145,"[0.00281202 0.00250043 0.00267356 0.00171938 0.00302245 0.0008064
 0.00420714 0.00201797 0.00265313 0.001899  ]",0.008152715,"[0.00282076 0.00250836 0.00268145 0.00172431 0.00303196 0.0008083
 0.00422037 0.00202397 0.00266123 0.00190468]",0.008177773,"[8.74744728e-06 7.93091021e-06 7.89086334e-06 4.92506661e-06
 9.51113179e-06 1.89460116e-06 1.32243149e-05 5.99725172e-06
 8.10227357e-06 5.67757525e-06]",2.5074321e-05,2.5057301e-05,9.2379094e-07,0.0
2,31,0.1,1.0,30.0,False,42,default,6291456,6912870400,"[0.21510278 0.2237032  0.23770441 0.22325226 0.22144608 0.22757572
 0.22810251 0.22076345 0.22552317 0.73816372]","[0.07875    0.0975     0.08       0.08125    0.08125    0.0575
 0.09375    0.0925     0.06875    0.26875001]",0.6384077961878565,0.9947873839627097,0.36457595,"[0.00281202 0.00250043 0.00267356 0.00171938 0.00302245 0.0008064
 0.00420714 0.00201797 0.00265313 0.001899  ]",0.008152715,"[0.00282277 0.0025102  0.00268342 0.00172548 0.00303418 0.00080872
 0.00422366 0.00202544 0.00266336 0.00190608]",0.008183878,"[1.07574742e-05 9.77306627e-06 9.86829400e-06 6.09376002e-06
 1.17365271e-05 2.31346348e-06 1.65207312e-05 7.47316517e-06
 1.02322083e-05 7.07875006e-06]",3.1183983e-05,3.1162897e-05,1.1467424e-06,0.0
2,31,0.1,1.0,45.0,False,42,default,6291456,6912870400,"[0.14685686 0.15272862 0.16228765 0.15242075 0.15118762 0.1553725
 0.15573215 0.15072157 0.15397116 0.88761633]","[0.06375    0.08375    0.0775     0.05125    0.06875    0.07375
 0.055      0.06625    0.065      0.39500001]",0.5571504063727818,0.9979898633876538,0.44445544,"[0.00281202 0.00250043 0.00267356 0.00171938 0.00302245 0.0008064
 0.00420714 0.00201797 0.00265313 0.001899  ]",0.008152715,"[0.00282402 0.00251104 0.00268419 0.00172612 0.00303569 0.00080903
 0.00422626 0.0020261  0.00266434 0.00190674]",0.008187521,"[1.20094046e-05 1.06170774e-05 1.06373336e-05 6.73450995e-06
 1.32468995e-05 2.63104448e-06 1.91144645e-05 8.13277438e-06
 1.12068374e-05 7.74452928e-06]",3.485589e-05,3.4806235e-05,1.8598581e-06,0.0
2,31,0.1,1.0,60.0,False,42,default,6291456,6912870400,"[0.06860289 0.07134583 0.07581125 0.07120202 0.07062597 0.0725809
 0.07274891 0.07040826 0.07192628 0.97657934]","[0.0425     0.0475     0.0575     0.05       0.035      0.0425
 0.04       0.0475     0.05125    0.58625001]",0.3982344284563883,0.9994791694095682,0.60255444,"[0.00281202 0.00250043 0.00267356 0.00171938 0.00302245 0.0008064
 0.00420714 0.00201797 0.00265313 0.001899  ]",0.008152715,"[0.00282471 0.00251114 0.00268479 0.0017264  0.00303629 0.00080895
 0.00422713 0.00202657 0.0026647  0.00190718]",0.008189038,"[1.26925297e-05 1.07092783e-05 1.12343114e-05 7.02077523e-06
 1.38476025e-05 2.54396582e-06 1.99829228e-05 8.59727152e-06
 1.15670264e-05 8.18271656e-06]",3.6379955e-05,3.632278e-05,2.0388468e-06,0.0
2,31,0.1,1.0,72.42477289540113,True,42,default,6291456,6912870400,[0. 0. 0. 0. 0. 0. 0. 0. 0. 1.],[0. 0. 0. 0. 0. 0. 0. 0. 0. 1.],0.0,0.9999999999989999,1.0,"[0.00281202 0.00250043 0.00267356 0.00171938 0.00302245 0.0008064
 0.00420714 0.00201797 0.00265313 0.001899  ]",0.008152715,"[0.00283012 0.0025157  0.00268876 0.0017292  0.00304208 0.00081024
 0.00423657 0.00202967 0.00266982 0.00191071]",0.0082046045,"[1.81065407e-05 1.52762514e-05 1.52087305e-05 9.81742050e-06
 1.96374021e-05 3.83594306e-06 2.94288620e-05 1.17043965e-05
 1.66872051e-05 1.17054442e-05]",5.203625e-05,5.1888623e-05,3.9169086e-06,0.0
2,31,0.1,2.0,0.0,False,42,default,6291456,6912870400,"[0.60793209 0.63223894 0.67180973 0.63096449 0.62585978 0.64318362
 0.64467244 0.62393052 0.63738262 0.60391547]","[0.205      0.2375     0.18000001 0.21250001 0.145      0.22
 0.2175     0.1725     0.21250001 0.19750001]",1.370196162320557,0.9915610372658177,0.63768137,"[0.00281202 0.00250043 0.00267356 0.00171938 0.00302245 0.0008064
 0.00420714 0.00201797 0.00265313 0.001899  ]",0.008152715,"[0.0028456  0.00253103 0.0027043  0.00173904 0.00305994 0.00081436
 0.00425961 0.00204199 0.00268539 0.00192136]",0.008251328,"[3.35869845e-05 3.06025613e-05 3.07462178e-05 1.96578912e-05
 3.74971423e-05 7.96135282e-06 5.24637289e-05 2.40211375e-05
 3.22575215e-05 2.23572133e-05]",9.866931e-05,9.861219e-05,3.3574893e-06,0.0
2,31,0.1,2.0,15.0,False,42,default,6291456,6912870400,"[0.53737959 0.55886555 0.59384402 0.55773901 0.55322671 0.56854007
 0.5698561  0.55152135 0.56341229 1.07681297]","[0.1825     0.22       0.1575     0.19499999 0.155      0.1925
 0.205      0.155      0.1875     0.34999999]",1.3500563066711053,0.9945656673182757,0.655229,"[0.00281202 0.00250043 0.00267356 0.00171938 0.00302245 0.0008064
 0.00420714 0.00201797 0.00265313 0.001899  ]",0.008152715,"[0.00284768 0.00253274 0.00270623 0.0017402  0.0030623  0.00081457
 0.00426341 0.00204331 0.00268703 0.00192268]",0.008257477,"[3.56654637e-05 3.23154964e-05 3.26782465e-05 2.08124984e-05
 3.98589764e-05 8.16228567e-06 5.62691130e-05 2.53438484e-05
 3.38957179e-05 2.36843480e-05]",0.00010483843,0.00010476039,4.0449027e-06,0.0
2,31,0.1,2.0,30.0,False,42,default,6291456,6912870400,"[0.43020556 0.4474064  0.47540882 0.44650453 0.44289216 0.45515144
 0.45620501 0.44152691 0.45104634 1.47632745]","[0.1575     0.19499999 0.16       0.16249999 0.16249999 0.115
 0.1875     0.185      0.1375     0.53750002]",1.276815592375713,0.9947873839647561,0.7291519,"[0.00281202 0.00250043 0.00267356 0.00171938 0.00302245 0.0008064
 0.00420714 0.00201797 0.00265313 0.001899  ]",0.008152715,"[0.00285577 0.00253956 0.00271301 0.00174473 0.00307101 0.00081638
 0.00427652 0.0020488  0.00269447 0.00192793]",0.00828071,"[4.37560957e-05 3.91297508e-05 3.94529197e-05 2.53507169e-05
 4.85647470e-05 9.98034375e-06 6.93784095e-05 3.08309682e-05
 4.13330272e-05 2.89318850e-05]",0.0001281111,0.00012799272,5.506605e-06,0.027976455118293345
2,31,0.1,2.0,45.0,False,42,default,6291456,6912870400,"[0.29371372 0.30545723 0.3245753  0.3048415  0.30237523 0.310745
 0.3114643  0.30144314 0.30794233 1.77523265]","[0.1275     0.1675     0.155      0.1025     0.1375     0.14749999
 0.11       0.13249999 0.13       0.79000002]",1.1143008127455636,0.9979898633893378,0.8889109,"[0.00281202 0.00250043 0.00267356 0.00171938 0.00302245 0.0008064
 0.00420714 0.00201797 0.00265313 0.001899  ]",0.008152715,"[0.00286076 0.00254321 0.00271676 0.00174735 0.00307578 0.0008176
 0.00428459 0.00205127 0.00269905 0.00193089]",0.008294177,"[4.87426296e-05 4.27782070e-05 4.32014931e-05 2.79685482e-05
 5.33366110e-05 1.11999689e-05 7.74441287e-05 3.33050266e-05
 4.59202565e-05 3.18915118e-05]",0.00014162352,0.00014145955,6.813208e-06,0.03956468264845247
2,31,0.1,2.0,60.0,False,42,default,6291456,6912870400,"[0.13720579 0.14269167 0.1516225  0.14240403 0.14125194 0.1451618
 0.14549782 0.14081652 0.14385256 1.95315868]","[0.085      0.095      0.115      0.1        0.07       0.085
 0.08       0.095      0.1025     1.17250001]",0.7964688569127766,0.999479169410812,1.2051089,"[0.00281202 0.00250043 0.00267356 0.00171938 0.00302245 0.0008064
 0.00420714 0.00201797 0.00265313 0.001899  ]",0.008152715,"[0.00288115 0.00255838 0.00273196 0.0017576  0.00309701 0.00082106
 0.004317   0.00206311 0.0027165  0.00194339]",0.00834948,"[6.91367313e-05 5.79566695e-05 5.84048685e-05 3.82158905e-05
 7.45668076e-05 1.46582024e-05 1.09861605e-04 4.51419037e-05
 6.33646268e-05 4.43879981e-05]",0.00019717569,0.00019675495,1.2874472e-05,0.08392937202498843
2,31,0.1,2.0,72.42477289540113,True,42,default,6291456,6912870400,[0. 0. 0. 0. 0. 0. 0. 0. 0. 2.],[0. 0. 0. 0. 0. 0. 0. 0. 0. 2.],0.0,0.99999999999975,2.0,"[0.00281202 0.00250043 0.00267356 0.00171938 0.00302245 0.0008064
 0.00420714 0.00201797 0.00265313 0.001899  ]",0.008152715,"[0.00290225 0.00257374 0.00274715 0.00176815 0.0031184  0.00082535
 0.00435177 0.00207449 0.00273479 0.00195601]",0.0084066875,"[9.02309548e-05 7.33109191e-05 7.35896174e-05 4.87617217e-05
 9.59518366e-05 1.89500279e-05 1.44630205e-04 5.65154478e-05
 8.16623215e-05 5.70067205e-05]",0.0002547656,0.00025394722,2.0404324e-05,0.1370561110185936
2,31,0.1,5.0,0.0,False,42,default,6291456,6912870400,"[1.51983023 1.58059736 1.67952433 1.57741124 1.56464945 1.60795906
 1.61168111 1.55982629 1.59345654 1.50978866]","[0.51249999 0.59375    0.45000002 0.53125    0.36249998 0.55000001
 0.54374999 0.43125001 0.53125    0.49375001]",3.4254904174308436,0.9915610670457526,1.5942034,"[0.00281202 0.00250043 0.00267356 0.00171938 0.00302245 0.0008064
 0.00420714 0.00201797 0.00265313 0.001899  ]",0.008152715,"[0.00304368 0.00269486 0.00287088 0.00184795 0.00327186 0.00085639
 0.00457344 0.00216945 0.00286575 0.00204782]",0.008811957,"[2.31666490e-04 1.94428023e-04 1.97327230e-04 1.28567102e-04
 2.49416102e-04 4.99858288e-05 3.66298947e-04 1.51478453e-04
 2.12620478e-04 1.48821156e-04]",0.0006603953,0.0006591488,4.0557756e-05,0.26318715972998474
2,31,0.1,5.0,15.0,False,42,default,6291456,6912870400,"[1.34344897 1.39716388 1.48461005 1.39434752 1.38306678 1.42135017
 1.42464026 1.37880336 1.40853071 2.69203242]","[0.45625001 0.55000001 0.39375001 0.48749998 0.38749999 0.48124999
 0.51249999 0.38749999 0.46875    0.875     ]",3.375140760884804,0.9945657073281818,1.6380724,"[0.00281202 0.00250043 0.00267356 0.00171938 0.00302245 0.0008064
 0.00420714 0.00201797 0.00265313 0.001899  ]",0.008152715,"[0.00303671 0.00268891 0.00286492 0.00184419 0.00326424 0.00085485
 0.0045645  0.00216493 0.0028595  0.0020435 ]",0.008793234,"[2.24697636e-04 1.88481295e-04 1.91363273e-04 1.24801882e-04
 2.41799513e-04 4.84448974e-05 3.57361976e-04 1.46958278e-04
 2.06371304e-04 1.44501450e-04]",0.0006417146,0.0006404247,4.066779e-05,0.26466991865372924
2,31,0.1,5.0,30.0,False,42,default,6291456,6912870400,"[1.07551389 1.11851599 1.18852206 1.11626132 1.10723039 1.13787861
 1.14051253 1.10381726 1.12761584 3.69081862]","[0.39375001 0.48749998 0.39999998 0.40625    0.40625    0.28749999
 0.46875    0.46250001 0.34375    1.34375   ]",3.1920390234843685,0.9947873446984143,1.8228798,"[0.00281202 0.00250043 0.00267356 0.00171938 0.00302245 0.0008064
 0.00420714 0.00201797 0.00265313 0.001899  ]",0.008152715,"[0.00305159 0.00270211 0.0028784  0.00185306 0.0032812  0.00085843
 0.00458788 0.00217539 0.00287423 0.0020532 ]",0.008837059,"[2.39571091e-04 2.01685354e-04 2.04847194e-04 1.33679830e-04
 2.58752145e-04 5.20267058e-05 3.80742829e-04 1.57416565e-04
 2.21094815e-04 1.54203270e-04]",0.00068554364,0.0006842432,4.220544e-05,0.2726810091663889
2,31,0.1,5.0,45.0,False,42,default,6291456,6912870400,"[0.73428431 0.76364309 0.81143824 0.76210376 0.75593808 0.7768625
 0.77866076 0.75360784 0.76985582 4.43808163]","[0.31874999 0.41875002 0.38749999 0.25624999 0.34375    0.36874998
 0.27500001 0.33124998 0.32499999 1.97500002]",2.785752061082832,0.9979898769164203,2.2222772,"[0.00281202 0.00250043 0.00267356 0.00171938 0.00302245 0.0008064
 0.00420714 0.00201797 0.00265313 0.001899  ]",0.008152715,"[0.00305127 0.00270118 0.00287728 0.00185248 0.00327994 0.00085809
 0.00458795 0.00217413 0.0028733  0.00205294]",0.00883504,"[2.39251880e-04 2.00750073e-04 2.03726813e-04 1.33099733e-04
 2.57495092e-04 5.16900327e-05 3.80806159e-04 1.56162307e-04
 2.20171409e-04 1.53941335e-04]",0.0006836016,0.000682218,4.3473403e-05,0.2811601735667408
2,31,0.1,5.0,60.0,False,42,default,6291456,6912870400,"[0.34301447 0.35672917 0.37905625 0.35601008 0.35312984 0.3629045
 0.36374454 0.35204129 0.35963139 4.88289671]","[0.21250001 0.2375     0.28749999 0.25       0.175      0.21250001
 0.19999999 0.2375     0.25624999 2.9312501 ]",1.9911720851864911,0.9994791486335659,3.0127723,"[0.00281202 0.00250043 0.00267356 0.00171938 0.00302245 0.0008064
 0.00420714 0.00201797 0.00265313 0.001899  ]",0.008152715,"[0.00307175 0.00271448 0.00289002 0.00186201 0.00330023 0.00086171
 0.00462068 0.00218392 0.00288972 0.00206453]",0.00888765,"[2.59731431e-04 2.14053551e-04 2.16459855e-04 1.42629724e-04
 2.77782558e-04 5.53048449e-05 4.13540285e-04 1.65946083e-04
 2.36588065e-04 1.65531877e-04]",0.0007366326,0.0007347821,5.218201e-05,0.33455021690438635
2,31,0.1,5.0,72.42477289540113,True,42,default,6291456,6912870400,[0. 0. 0. 0. 0. 0. 0. 0. 0. 5.],[0. 0. 0. 0. 0. 0. 0. 0. 0. 5.],0.0,0.99999999999996,5.0,"[0.00281202 0.00250043 0.00267356 0.00171938 0.00302245 0.0008064
 0.00420714 0.00201797 0.00265313 0.001899  ]",0.008152715,"[0.0030646  0.00270701 0.00288286 0.00185734 0.00329195 0.00085985
 0.00460992 0.00217826 0.00288349 0.00205912]",0.008866071,"[2.52583064e-04 2.06587138e-04 2.09308462e-04 1.37958210e-04
 2.69508222e-04 5.34463325e-05 4.02776059e-04 1.60289463e-04
 2.30352627e-04 1.60115305e-04]",0.0007151438,0.000713199,5.2705895e-05,0.340348762865499
2,48,0.25,0.01,0.0,False,42,default,6291456,6912870400,"[0.00296171 0.00336769 0.00344767 0.0030755  0.00319598 0.00313739
 0.00293588 0.0031139  0.00320957 0.00314121]","[0.001     0.0012375 0.0009125 0.0010375 0.000825  0.001025  0.000975
 0.0009    0.0010625 0.001025 ]",0.0068472579101887185,0.9941599953503323,0.0031799173,"[0.00314161 0.00272739 0.00289972 0.00187623 0.00336093 0.00086858
 0.00475366 0.00217856 0.00293883 0.00210719]",0.0090392325,"[0.0031416  0.00272739 0.00289971 0.00187623 0.00336095 0.00086858
 0.00475366 0.00217856 0.00293883 0.00210719]",0.00903923,"[-9.31322575e-09  2.09547579e-09 -1.09430403e-08  3.49245965e-10
  1.67638063e-08  5.23868948e-10 -5.12227416e-09  4.19095159e-09
 -9.31322575e-10 -4.65661287e-09]",2.3635822e-08,2.8311646e-09,2.3465647e-08,0.019782341029446364
2,48,0.25,0.01,15.0,False,42,default,6291456,6912870400,"[0.00262537 0.00298525 0.00305614 0.00272624 0.00283304 0.0027811
 0.00530998 0.00276027 0.00284508 0.00278449]","[0.0009    0.0011625 0.000875  0.0009125 0.000775  0.0009    0.001725
 0.0009125 0.00095   0.0008875]",0.006751040828980595,0.9964193744333578,0.0032663052,"[0.00314161 0.00272739 0.00289972 0.00187623 0.00336093 0.00086858
 0.00475366 0.00217856 0.00293883 0.00210719]",0.0090392325,"[0.0031416  0.00272738 0.00289971 0.00187624 0.00336094 0.00086858
 0.00475366 0.00217856 0.00293883 0.00210719]",0.009039227,"[-1.04773790e-08 -3.95812094e-09 -1.23400241e-08  2.32830644e-09
  8.84756446e-09  6.40284270e-10 -9.31322575e-10  5.58793545e-09
 -1.62981451e-09 -5.12227416e-09]",2.0562469e-08,5.826835e-09,1.9719613e-08,0.019782341029446364
2,48,0.25,0.01,30.0,False,42,default,6291456,6912870400,"[0.00211011 0.00239936 0.00245634 0.00219118 0.00227702 0.00223528
 0.00732221 0.00221854 0.0022867  0.002238  ]","[0.0007625 0.00105   0.000825  0.000775  0.000825  0.0006    0.0027
 0.0007875 0.000825  0.00085  ]",0.006368829161502628,0.9968008805191957,0.003649529,"[0.00314161 0.00272739 0.00289972 0.00187623 0.00336093 0.00086858
 0.00475366 0.00217856 0.00293883 0.00210719]",0.0090392325,"[0.00314161 0.00272738 0.00289971 0.00187623 0.00336095 0.00086858
 0.00475366 0.00217856 0.00293883 0.00210719]",0.009039232,"[-5.12227416e-09 -3.02679837e-09 -1.32713467e-08  6.98491931e-10
  1.49011612e-08  2.91038305e-10 -9.31322575e-10  4.19095159e-09
 -4.65661287e-10 -1.39698386e-09]",2.1324748e-08,1.194209e-09,2.1291285e-08,0.019782341029446364
2,48,0.25,0.01,45.0,False,42,default,6291456,6912870400,"[0.00145106 0.00164996 0.00168914 0.00150681 0.00156584 0.00153713
 0.00883544 0.00152562 0.00157249 0.001539  ]","[0.000625  0.000875  0.000775  0.000525  0.000725  0.0007    0.0036625
 0.0006375 0.0007625 0.0007125]",0.005777334072770258,0.997962646221907,0.004237629,"[0.00314161 0.00272739 0.00289972 0.00187623 0.00336093 0.00086858
 0.00475366 0.00217856 0.00293883 0.00210719]",0.0090392325,"[0.00314161 0.00272739 0.00289971 0.00187623 0.00336095 0.00086858
 0.00475366 0.00217856 0.00293883 0.00210719]",0.009039231,"[-6.51925802e-09  1.39698386e-09 -1.11758709e-08  3.49245965e-10
  1.21071935e-08  1.16415322e-10 -4.65661287e-10  3.72529030e-09
 -3.95812094e-09 -1.86264515e-09]",1.8689645e-08,1.9122204e-09,1.8591564e-08,0.019782341029446364
2,48,0.25,0.01,60.0,False,42,default,6291456,6912870400,"[0.00069311 0.00078812 0.00080684 0.00071974 0.00074794 0.00073423
 0.00974655 0.00072873 0.00075112 0.00073512]","[0.000425  0.0005125 0.0006    0.000525  0.000325  0.0004    0.00575
 0.000575  0.0004625 0.000425 ]",0.0040859146116981925,0.9990945464495106,0.005927241,"[0.00314161 0.00272739 0.00289972 0.00187623 0.00336093 0.00086858
 0.00475366 0.00217856 0.00293883 0.00210719]",0.0090392325,"[0.00314161 0.00272738 0.00289972 0.00187623 0.00336095 0.00086858
 0.00475366 0.00217856 0.00293883 0.00210719]",0.00903923,"[-7.91624188e-09 -7.45058060e-09 -7.21774995e-09 -1.28056854e-09
  1.58324838e-08  1.28056854e-09 -4.19095159e-09  3.95812094e-09
  2.09547579e-09  0.00000000e+00]",2.1490534e-08,2.1394977e-09,2.138377e-08,0.0
2,48,0.25,0.01,72.9271191564849,True,42,default,6291456,6912870400,[0.   0.   0.   0.   0.   0.   0.01 0.   0.   0.  ],[0.   0.   0.   0.   0.   0.   0.01 0.   0.   0.  ],2.2351741811588166e-10,0.99999999,0.01,"[0.00314161 0.00272739 0.00289972 0.00187623 0.00336093 0.00086858
 0.00475366 0.00217856 0.00293883 0.00210719]",0.0090392325,"[0.00314161 0.00272738 0.00289972 0.00187624 0.00336095 0.00086858
 0.00475366 0.00217857 0.00293884 0.0021072 ]",0.009039245,"[-5.35510480e-09 -1.86264515e-09 -2.79396772e-09  4.30736691e-09
  1.81607902e-08  9.31322575e-10  1.39698386e-09  1.16415322e-08
  6.98491931e-09  9.54605639e-09]",2.5818231e-08,1.245323e-08,2.2616323e-08,0.0
2,48,0.25,0.1,0.0,False,42,default,6291456,6912870400,"[0.02961711 0.03367692 0.03447666 0.03075499 0.03195983 0.03137392
 0.02935879 0.03113898 0.03209568 0.03141212]","[0.01     0.012375 0.009125 0.010375 0.00825  0.01025  0.00975  0.009
 0.010625 0.01025 ]",0.06847257823102625,0.9941600089247398,0.031799175,"[0.00314161 0.00272739 0.00289972 0.00187623 0.00336093 0.00086858
 0.00475366 0.00217856 0.00293883 0.00210719]",0.0090392325,"[0.00314151 0.00272738 0.0028998  0.00187618 0.00336088 0.00086854
 0.00475332 0.00217855 0.00293868 0.00210709]",0.009038927,"[-1.00117177e-07 -6.75208867e-09  7.24103302e-08 -4.84287739e-08
 -5.16884029e-08 -3.98722477e-08 -3.44589353e-07 -1.00117177e-08
 -1.54832378e-07 -1.06636435e-07]",4.1964935e-07,3.0553412e-07,2.8767076e-07,0.0
2,48,0.25,0.1,15.0,False,42,default,6291456,6912870400,"[0.02625369 0.02985246 0.03056138 0.02726235 0.02833037 0.027811
 0.05309976 0.02760274 0.02845079 0.02784486]","[0.009    0.011625 0.00875  0.009125 0.00775  0.009    0.01725  0.009125
 0.0095   0.008875]",0.06751040738526613,0.996419346735758,0.032663055,"[0.00314161 0.00272739 0.00289972 0.00187623 0.00336093 0.00086858
 0.00475366 0.00217856 0.00293883 0.00210719]",0.0090392325,"[0.00314154 0.00272738 0.00289977 0.00187619 0.00336088 0.00086855
 0.00475332 0.00217857 0.00293867 0.0021071 ]",0.009038938,"[-7.70669430e-08 -7.91624188e-09  4.47034836e-08 -4.17931005e-08
 -5.28525561e-08 -3.58559191e-08 -3.39467078e-07  1.42026693e-08
 -1.59023330e-07 -8.98726285e-08]",4.032756e-07,2.9435694e-07,2.7565417e-07,0.0
2,48,0.25,0.1,30.0,False,42,default,6291456,6912870400,"[0.02110113 0.02399361 0.02456339 0.02191183 0.02277024 0.0223528
 0.07322206 0.02218541 0.02286703 0.02238001]","[0.007625 0.0105   0.00825  0.00775  0.00825  0.006    0.027    0.007875
 0.00825  0.0085  ]",0.06368829050453689,0.9968009375328254,0.03649529,"[0.00314161 0.00272739 0.00289972 0.00187623 0.00336093 0.00086858
 0.00475366 0.00217856 0.00293883 0.00210719]",0.0090392325,"[0.00314154 0.00272732 0.00289977 0.00187609 0.00336079 0.00086854
 0.00475327 0.00217856 0.00293864 0.0021071 ]",0.009038825,"[-7.77654350e-08 -6.68223947e-08  4.98257577e-08 -1.47963874e-07
 -1.40629709e-07 -4.46452759e-08 -3.87895852e-07  6.98491931e-10
 -1.96741894e-07 -9.45292413e-08]",5.0474284e-07,4.0832057e-07,2.9671477e-07,0.0
2,48,0.25,0.1,45.0,False,42,default,6291456,6912870400,"[0.01451056 0.01649963 0.01689145 0.01506806 0.01565835 0.0153713
 0.08835441 0.01525619 0.01572491 0.01539001]","[0.00625  0.00875  0.00775  0.00525  0.00725  0.007    0.036625 0.006375
 0.007625 0.007125]",0.05777333949778328,0.997962677029392,0.04237629,"[0.00314161 0.00272739 0.00289972 0.00187623 0.00336093 0.00086858
 0.00475366 0.00217856 0.00293883 0.00210719]",0.0090392325,"[0.00314153 0.00272734 0.00289986 0.00187618 0.00336083 0.00086854
 0.0047533  0.00217855 0.00293864 0.00210708]",0.009038901,"[-8.80099833e-08 -4.58676368e-08  1.38068572e-07 -5.28525561e-08
 -1.02911144e-07 -4.45870683e-08 -3.59956175e-07 -8.38190317e-09
 -1.89058483e-07 -1.08964741e-07]",4.706801e-07,3.3184133e-07,3.33798e-07,0.0
2,48,0.25,0.1,60.0,False,42,default,6291456,6912870400,"[0.00693113 0.00788122 0.00806838 0.00719742 0.00747938 0.00734226
 0.09746554 0.00728728 0.00751117 0.0073512 ]","[0.00425  0.005125 0.006    0.00525  0.00325  0.004    0.0575   0.00575
 0.004625 0.00425 ]",0.040859140559873726,0.99909460955837,0.059272412,"[0.00314161 0.00272739 0.00289972 0.00187623 0.00336093 0.00086858
 0.00475366 0.00217856 0.00293883 0.00210719]",0.0090392325,"[0.00314153 0.00272741 0.00289992 0.00187622 0.00336088 0.00086856
 0.00475332 0.00217864 0.00293875 0.00210712]",0.009039045,"[-8.63801688e-08  2.30502337e-08  1.93249434e-07 -1.10594556e-08
 -4.91272658e-08 -2.01980583e-08 -3.38070095e-07  8.59145075e-08
 -8.70786607e-08 -7.66012818e-08]",4.282582e-07,1.8682641e-07,3.8535825e-07,0.0
2,48,0.25,0.1,72.9271191564849,True,42,default,6291456,6912870400,[0.  0.  0.  0.  0.  0.  0.1 0.  0.  0. ],[0.  0.  0.  0.  0.  0.  0.1 0.  0.  0. ],1.4901161138336505e-09,0.9999999999,0.1,"[0.00314161 0.00272739 0.00289972 0.00187623 0.00336093 0.00086858
 0.00475366 0.00217856 0.00293883 0.00210719]",0.0090392325,"[0.00314166 0.0027275  0.00289995 0.00187626 0.00336101 0.00086859
 0.00475355 0.00217876 0.00293887 0.00210717]",0.009039388,"[ 5.12227416e-08  1.11525878e-07  2.30036676e-07  2.58442014e-08
  7.35744834e-08  6.22821972e-09 -1.11758709e-07  2.02329829e-07
  4.07453626e-08 -2.65426934e-08]",3.6040345e-07,1.5561665e-07,3.2507555e-07,0.0
2,48,0.25,1.0,0.0,False,42,default,6291456,6912870400,"[0.29617106 0.33676921 0.34476664 0.30754989 0.31959827 0.31373925
 0.2935879  0.3113898  0.32095682 0.31412118]","[0.1     0.12375 0.09125 0.10375 0.0825  0.1025  0.0975  0.09    0.10625
 0.1025 ]",0.6847257907001639,0.9941600302573469,0.31799173,"[0.00314161 0.00272739 0.00289972 0.00187623 0.00336093 0.00086858
 0.00475366 0.00217856 0.00293883 0.00210719]",0.0090392325,"[0.00311378 0.00270291 0.0028745  0.0018597  0.00333051 0.00086232
 0.00471009 0.00215892 0.00291284 0.00208901]",0.008958402,"[-2.78321095e-05 -2.44767871e-05 -2.52251048e-05 -1.65310921e-05
 -3.04200221e-05 -6.25842949e-06 -4.35747206e-05 -1.96390320e-05
 -2.59876251e-05 -1.81847718e-05]",8.086012e-05,8.0830905e-05,2.173466e-06,0.0
2,48,0.25,1.0,15.0,False,42,default,6291456,6912870400,"[0.26253692 0.29852461 0.30561383 0.27262353 0.28330365 0.27811001
 0.53099756 0.27602737 0.28450793 0.27844857]","[0.09    0.11625 0.0875  0.09125 0.0775  0.09    0.1725  0.09125 0.095
 0.08875]",0.6751040789038897,0.9964194679873554,0.3266305,"[0.00314161 0.00272739 0.00289972 0.00187623 0.00336093 0.00086858
 0.00475366 0.00217856 0.00293883 0.00210719]",0.0090392325,"[0.00311406 0.00270307 0.00287459 0.00185977 0.00333129 0.00086237
 0.00471192 0.00215887 0.0029129  0.00208897]",0.008959848,"[-2.75492202e-05 -2.43163668e-05 -2.51322053e-05 -1.64642697e-05
 -2.96474900e-05 -6.20941864e-06 -4.17386182e-05 -1.96865294e-05
 -2.59294175e-05 -1.82234216e-05]",7.9401354e-05,7.9384496e-05,1.6360161e-06,0.0
2,48,0.25,1.0,30.0,False,42,default,6291456,6912870400,"[0.21101132 0.23993606 0.24563394 0.21911833 0.22770237 0.22352803
 0.73222062 0.22185413 0.22867029 0.22380014]","[0.07625    0.105      0.0825     0.0775     0.0825     0.06
 0.27000001 0.07875    0.0825     0.085     ]",0.6368829088570176,0.9968008869077852,0.36495292,"[0.00314161 0.00272739 0.00289972 0.00187623 0.00336093 0.00086858
 0.00475366 0.00217856 0.00293883 0.00210719]",0.0090392325,"[0.00310931 0.00269934 0.00287153 0.00185752 0.00332597 0.00086146
 0.00470236 0.00215633 0.00290797 0.00208621]",0.008945667,"[-3.23029235e-05 -2.80463137e-05 -2.81929970e-05 -1.87103869e-05
 -3.49681359e-05 -7.12118344e-06 -5.13056293e-05 -2.22274102e-05
 -3.08644958e-05 -2.09789723e-05]",9.363514e-05,9.356655e-05,3.5832638e-06,0.03426402009603798
2,48,0.25,1.0,45.0,False,42,default,6291456,6912870400,"[0.14510565 0.16499625 0.1689145  0.15068058 0.15658354 0.15371298
 0.88354405 0.15256189 0.15724915 0.15390011]","[0.0625     0.0875     0.0775     0.0525     0.0725     0.07
 0.36625001 0.06375    0.07625    0.07125   ]",0.5777334029049035,0.997962641024693,0.42376292,"[0.00314161 0.00272739 0.00289972 0.00187623 0.00336093 0.00086858
 0.00475366 0.00217856 0.00293883 0.00210719]",0.0090392325,"[0.00311201 0.00270123 0.00287294 0.00185862 0.00332868 0.00086192
 0.0047081  0.00215788 0.00291055 0.00208772]",0.008953496,"[-2.95999926e-05 -2.61592213e-05 -2.67811120e-05 -1.76094472e-05
 -3.22575215e-05 -6.66402048e-06 -4.55575064e-05 -2.06769910e-05
 -2.82789115e-05 -1.94725581e-05]",8.5759224e-05,8.5736174e-05,1.987739e-06,0.0
2,48,0.25,1.0,60.0,False,42,default,6291456,6912870400,"[0.06931126 0.07881222 0.08068382 0.07197419 0.0747938  0.07342265
 0.97465542 0.07287282 0.07511174 0.07351203]","[0.0425     0.05125    0.06       0.0525     0.0325     0.04
 0.57499999 0.0575     0.04625    0.0425    ]",0.4085914281348718,0.9990946345282515,0.5927241,"[0.00314161 0.00272739 0.00289972 0.00187623 0.00336093 0.00086858
 0.00475366 0.00217856 0.00293883 0.00210719]",0.0090392325,"[0.00311287 0.00270182 0.00287373 0.00185912 0.00332984 0.00086223
 0.00470951 0.00215828 0.00291125 0.00208847]",0.008956026,"[-2.87441071e-05 -2.55634077e-05 -2.59971712e-05 -1.71118882e-05
 -3.10963951e-05 -6.34999014e-06 -4.41535376e-05 -2.02797819e-05
 -2.75785569e-05 -1.87270343e-05]",8.3233244e-05,8.320672e-05,2.100983e-06,0.0
2,48,0.25,1.0,72.9271191564849,True,42,default,6291456,6912870400,[0. 0. 0. 0. 0. 0. 1. 0. 0. 0.],[0. 0. 0. 0. 0. 0. 1. 0. 0. 0.],0.0,0.9999999999989999,1.0,"[0.00314161 0.00272739 0.00289972 0.00187623 0.00336093 0.00086858
 0.00475366 0.00217856 0.00293883 0.00210719]",0.0090392325,"[0.00312332 0.00271054 0.00288279 0.00186515 0.00334127 0.00086463
 0.00472559 0.00216504 0.00292113 0.00209466]",0.008985667,"[-1.82909425e-05 -1.68462284e-05 -1.69351697e-05 -1.10801775e-05
 -1.96669716e-05 -3.95422103e-06 -2.80747190e-05 -1.35223381e-05
 -1.77058391e-05 -1.25342049e-05]",5.359101e-05,5.3566808e-05,1.6103802e-06,0.027976455118293345
2,48,0.25,2.0,0.0,False,42,default,6291456,6912870400,"[0.59234212 0.67353843 0.68953328 0.61509978 0.63919653 0.6274785
 0.5871758  0.6227796  0.64191364 0.62824237]","[0.2        0.2475     0.1825     0.2075     0.16500001 0.205
 0.19499999 0.18000001 0.21250001 0.205     ]",1.3694515814003279,0.9941600302596915,0.63598347,"[0.00314161 0.00272739 0.00289972 0.00187623 0.00336093 0.00086858
 0.00475366 0.00217856 0.00293883 0.00210719]",0.0090392325,"[0.00310416 0.00269245 0.00286434 0.00185306 0.00331924 0.00085956
 0.0046974  0.00215053 0.00290229 0.00208219]",0.00892909,"[-3.74563970e-05 -3.49301845e-05 -3.53862997e-05 -2.31760787e-05
 -4.16920520e-05 -9.02230386e-06 -5.62635250e-05 -2.80332752e-05
 -3.65460292e-05 -2.50050798e-05]",0.00011020147,0.00011014426,3.5503606e-06,0.03426402009603798
2,48,0.25,2.0,15.0,False,42,default,6291456,6912870400,"[0.52507383 0.59704923 0.61122765 0.54524707 0.56660731 0.55622001
 1.06199512 0.55205473 0.56901586 0.55689713]","[0.18000001 0.2325     0.175      0.1825     0.155      0.18000001
 0.345      0.1825     0.19       0.17749999]",1.3502081578077794,0.9964194679896432,0.653261,"[0.00314161 0.00272739 0.00289972 0.00187623 0.00336093 0.00086858
 0.00475366 0.00217856 0.00293883 0.00210719]",0.0090392325,"[0.00310047 0.00268994 0.00286092 0.00185127 0.00331616 0.00085886
 0.00469148 0.0021477  0.00289965 0.00208003]",0.008919214,"[-4.11425717e-05 -3.74426600e-05 -3.88054177e-05 -2.49597942e-05
 -4.47758939e-05 -9.71957343e-06 -6.21830113e-05 -3.08619346e-05
 -3.91802751e-05 -2.71655153e-05]",0.00012006295,0.00012001901,3.247906e-06,0.027976455118293345
2,48,0.25,2.0,30.0,False,42,default,6291456,6912870400,"[0.42202264 0.47987211 0.49126787 0.43823666 0.45540473 0.44705605
 1.46444124 0.44370825 0.45734058 0.44760028]","[0.1525     0.20999999 0.16500001 0.155      0.16500001 0.12
 0.54000002 0.1575     0.16500001 0.17      ]",1.2737658177140352,0.9968008869098336,0.72990584,"[0.00314161 0.00272739 0.00289972 0.00187623 0.00336093 0.00086858
 0.00475366 0.00217856 0.00293883 0.00210719]",0.0090392325,"[0.00309965 0.00268999 0.00286057 0.00185092 0.00331512 0.00085915
 0.00469047 0.00214764 0.00289951 0.00207944]",0.008917676,"[-4.19614371e-05 -3.73907387e-05 -3.91560607e-05 -2.53106700e-05
 -4.58101276e-05 -9.42917541e-06 -6.31902367e-05 -3.09178140e-05
 -3.93223017e-05 -2.77557410e-05]",0.000121596364,0.00012155682,3.1006928e-06,0.027976455118293345
2,48,0.25,2.0,45.0,False,42,default,6291456,6912870400,"[0.29021129 0.3299925  0.337829   0.30136115 0.31316708 0.30742596
 1.7670881  0.30512379 0.3144983  0.30780021]","[0.125      0.175      0.155      0.105      0.145      0.14
 0.73250002 0.1275     0.1525     0.1425    ]",1.155466805809807,0.9979626410264592,0.84752584,"[0.00314161 0.00272739 0.00289972 0.00187623 0.00336093 0.00086858
 0.00475366 0.00217856 0.00293883 0.00210719]",0.0090392325,"[0.00311041 0.00269776 0.00286908 0.00185665 0.00332594 0.00086108
 0.004707   0.0021541  0.00290808 0.00208604]",0.008946463,"[-3.12011689e-05 -2.96204817e-05 -3.06481961e-05 -1.95784960e-05
 -3.49935144e-05 -7.50354957e-06 -4.66583297e-05 -2.44628172e-05
 -3.07545997e-05 -2.11484730e-05]",9.285956e-05,9.2771144e-05,4.0510636e-06,0.0
2,48,0.25,2.0,60.0,False,42,default,6291456,6912870400,"[0.13862253 0.15762445 0.16136763 0.14394838 0.14958761 0.1468453
 1.94931083 0.14574564 0.15022348 0.14702406]","[0.085      0.1025     0.12       0.105      0.065      0.08
 1.14999998 0.115      0.0925     0.085     ]",0.8171828562697436,0.9990946345295156,1.1854482,"[0.00314161 0.00272739 0.00289972 0.00187623 0.00336093 0.00086858
 0.00475366 0.00217856 0.00293883 0.00210719]",0.0090392325,"[0.00310883 0.00269739 0.00286802 0.00185595 0.00332446 0.00086056
 0.00470386 0.00215347 0.00290717 0.00208538]",0.008942459,"[-3.27881426e-05 -2.99990643e-05 -3.17031518e-05 -2.02790834e-05
 -3.64696607e-05 -8.01892020e-06 -4.98029403e-05 -2.50916928e-05
 -3.16626392e-05 -2.18118075e-05]",9.6818796e-05,9.6774296e-05,2.9351108e-06,0.0
2,48,0.25,2.0,72.9271191564849,True,42,default,6291456,6912870400,[0. 0. 0. 0. 0. 0. 2. 0. 0. 0.],[0. 0. 0. 0. 0. 0. 2. 0. 0. 0.],0.0,0.99999999999975,2.0,"[0.00314161 0.00272739 0.00289972 0.00187623 0.00336093 0.00086858
 0.00475366 0.00217856 0.00293883 0.00210719]",0.0090392325,"[0.00312488 0.00271028 0.00288098 0.00186483 0.00334111 0.00086397
 0.00472981 0.00216347 0.00292108 0.00209535]",0.00898735,"[-1.67328399e-05 -1.71028078e-05 -1.87451951e-05 -1.14029972e-05
 -1.98262278e-05 -4.61307354e-06 -2.38548964e-05 -1.50888227e-05
 -1.77484471e-05 -1.18392054e-05]",5.215522e-05,5.1883086e-05,5.320985e-06,0.027976455118293345
2,48,0.25,5.0,0.0,False,42,default,6291456,6912870400,"[1.4808553  1.68384607 1.7238332  1.53774946 1.59799133 1.56869625
 1.46793949 1.55694899 1.60478411 1.57060591]","[0.5        0.61874998 0.45625001 0.51875001 0.41250002 0.51249999
 0.48749998 0.45000002 0.53125    0.51249999]",3.423628964948015,0.9941600224310647,1.5899587,"[0.00314161 0.00272739 0.00289972 0.00187623 0.00336093 0.00086858
 0.00475366 0.00217856 0.00293883 0.00210719]",0.0090392325,"[0.00322125 0.00278535 0.00295826 0.00191528 0.00344294 0.00088289
 0.00488343 0.00222157 0.00300724 0.00215543]",0.009255276,"[7.96359964e-05 5.79676125e-05 5.85326925e-05 3.90423229e-05
 8.20064452e-05 1.43101788e-05 1.29764434e-04 4.30154614e-05
 6.84105325e-05 4.82371543e-05]",0.00021743577,0.00021601106,2.4850231e-05,0.14935344105781187
2,48,0.25,5.0,15.0,False,42,default,6291456,6912870400,"[1.31268458 1.49262307 1.52806913 1.36311766 1.41651827 1.39055003
 2.65498781 1.38013684 1.42253964 1.39224283]","[0.45000002 0.58125001 0.4375     0.45625001 0.38749999 0.45000002
 0.86250001 0.45625001 0.47499999 0.44374999]",3.3755203846368134,0.996419419727721,1.6331526,"[0.00314161 0.00272739 0.00289972 0.00187623 0.00336093 0.00086858
 0.00475366 0.00217856 0.00293883 0.00210719]",0.0090392325,"[0.00320564 0.0027723  0.00294597 0.00190664 0.00342622 0.00087922
 0.00485799 0.00221184 0.0029929  0.00214556]",0.009210922,"[6.40291255e-05 4.49172221e-05 4.62485477e-05 3.04051209e-05
 6.52889721e-05 1.06394291e-05 1.04331877e-04 3.32861673e-05
 5.40686306e-05 3.83693259e-05]",0.000173047,0.00017166435,2.1831547e-05,0.13270400689029618
2,48,0.25,5.0,30.0,False,42,default,6291456,6912870400,"[1.05505659 1.19968028 1.22816968 1.09559165 1.13851184 1.11764013
 3.66110309 1.10927063 1.14335145 1.1190007 ]","[0.38125002 0.52499998 0.41250002 0.38749999 0.41250002 0.29999998
 1.35000002 0.39375001 0.41250002 0.42500001]",3.1844145602337774,0.9968009432481678,1.8247645,"[0.00314161 0.00272739 0.00289972 0.00187623 0.00336093 0.00086858
 0.00475366 0.00217856 0.00293883 0.00210719]",0.0090392325,"[0.00319782 0.00276659 0.0029398  0.0019028  0.00341797 0.00087826
 0.00484483 0.00220772 0.00298684 0.00214047]",0.009189466,"[5.62102068e-05 3.92089132e-05 4.00790013e-05 2.65665585e-05
 5.70383854e-05 9.67452070e-06 9.11722891e-05 2.91601755e-05
 4.80050221e-05 3.32728960e-05]",0.00015142746,0.00015021377,1.9133646e-05,0.12033130429241841
2,48,0.25,5.0,45.0,False,42,default,6291456,6912870400,"[0.72552823 0.82498126 0.84457249 0.75340288 0.7829177  0.76856491
 4.41772026 0.76280947 0.78624574 0.76950053]","[0.3125     0.4375     0.38749999 0.26249999 0.36249998 0.34999999
 1.83125007 0.31874999 0.38125002 0.35624999]",2.888666990972078,0.9979627082030615,2.1188145,"[0.00314161 0.00272739 0.00289972 0.00187623 0.00336093 0.00086858
 0.00475366 0.00217856 0.00293883 0.00210719]",0.0090392325,"[0.00320498 0.00277131 0.00294444 0.00190615 0.00342424 0.00087968
 0.00485634 0.00221126 0.00299145 0.00214456]",0.009207391,"[6.33692835e-05 4.39286232e-05 4.47130296e-05 2.99203675e-05
 6.33038580e-05 1.10933906e-05 1.02675986e-04 3.26973386e-05
 5.26199583e-05 3.73707153e-05]",0.00016955005,0.00016813254,2.187856e-05,0.1370561110185936
2,48,0.25,5.0,60.0,False,42,default,6291456,6912870400,"[0.34655632 0.39406112 0.40341909 0.35987095 0.37396902 0.36711325
 4.87327708 0.36436411 0.37555869 0.36756016]","[0.21250001 0.25624999 0.29999998 0.26249999 0.16249999 0.19999999
 2.875      0.28749999 0.23125    0.21250001]",2.042957083870618,0.9990945729830019,2.9636207,"[0.00314161 0.00272739 0.00289972 0.00187623 0.00336093 0.00086858
 0.00475366 0.00217856 0.00293883 0.00210719]",0.0090392325,"[0.00317831 0.00275216 0.00292369 0.00189288 0.00339715 0.00087507
 0.00481476 0.00219536 0.00296872 0.00212835]",0.009135543,"[3.67008615e-05 2.47792341e-05 2.39615329e-05 1.66428508e-05
 3.62212304e-05 6.49120193e-06 6.11022115e-05 1.68010592e-05
 2.98866071e-05 2.11601146e-05]",9.758551e-05,9.6296535e-05,1.580847e-05,0.09891171693842998
2,48,0.25,5.0,72.9271191564849,True,42,default,6291456,6912870400,[0. 0. 0. 0. 0. 0. 5. 0. 0. 0.],[0. 0. 0. 0. 0. 0. 5. 0. 0. 0.],0.0,0.99999999999996,5.0,"[0.00314161 0.00272739 0.00289972 0.00187623 0.00336093 0.00086858
 0.00475366 0.00217856 0.00293883 0.00210719]",0.0090392325,"[0.00318561 0.00276034 0.00293285 0.0018985  0.0034055  0.00087755
 0.0048248  0.00220305 0.00297611 0.00213353]",0.00915873,"[4.40010335e-05 3.29597387e-05 3.31255142e-05 2.22644303e-05
 4.45661135e-05 8.96689016e-06 7.11358152e-05 2.44912226e-05
 3.72796785e-05 2.63357069e-05]",0.000120106,0.00011948943,1.2154391e-05,0.07132624918176021
2,28,0.25,0.01,0.0,False,42,default,6291456,6912870400,"[0.00335778 0.00321289 0.00330376 0.00333296 0.00295572 0.0028722
 0.00310544 0.00315048 0.00310572 0.00319039]","[0.001125  0.0011375 0.000925  0.0010875 0.0007875 0.0009375 0.0010125
 0.0009125 0.001025  0.00105  ]",0.006836447262240137,0.9966222770426779,0.0031792787,"[0.00270295 0.0024119  0.00256903 0.00166507 0.0028921  0.00078966
 0.00400876 0.00194889 0.00254996 0.00184595]",0.007826975,"[0.00270294 0.0024119  0.00256904 0.00166507 0.00289211 0.00078966
 0.00400879 0.00194891 0.00254996 0.00184595]",0.007826999,"[-6.05359674e-09 -1.16415322e-09  1.07102096e-08 -4.65661287e-10
  1.49011612e-08 -1.10594556e-09  2.84053385e-08  1.75787136e-08
 -5.82076609e-09  3.49245965e-10]",3.9064975e-08,2.3473e-08,3.1226442e-08,0.0
2,28,0.25,0.01,15.0,False,42,default,6291456,6912870400,"[0.00298278 0.00285407 0.00293479 0.00296073 0.00262562 0.00525347
 0.00275862 0.00279862 0.00275887 0.00283408]","[0.001025  0.0011375 0.0008125 0.0010125 0.0006625 0.001825  0.000775
 0.00095   0.000875  0.000925 ]",0.006725557895703311,0.9937736605251913,0.0033051097,"[0.00270295 0.0024119  0.00256903 0.00166507 0.0028921  0.00078966
 0.00400876 0.00194889 0.00254996 0.00184595]",0.007826975,"[0.00270293 0.00241189 0.00256904 0.00166507 0.00289212 0.00078966
 0.0040088  0.00194891 0.00254996 0.00184595]",0.007827,"[-1.62981451e-08 -5.58793545e-09  1.23400241e-08  9.31322575e-10
  2.30502337e-08 -1.22236088e-09  3.39932740e-08  1.57160684e-08
 -6.05359674e-09  2.32830644e-10]",4.9214258e-08,2.4698368e-08,4.2567994e-08,0.0
2,28,0.25,0.01,30.0,False,42,default,6291456,6912870400,"[0.0024045  0.00230074 0.00236582 0.00238673 0.00211658 0.00727672
 0.0022238  0.00225605 0.002224   0.00228463]","[0.0009    0.000975  0.0008    0.0008125 0.000775  0.0025375 0.0007375
 0.0007875 0.000825  0.00085  ]",0.006449207530629839,0.9984878151369971,0.003559143,"[0.00270295 0.0024119  0.00256903 0.00166507 0.0028921  0.00078966
 0.00400876 0.00194889 0.00254996 0.00184595]",0.007826975,"[0.00270294 0.0024119  0.00256905 0.00166506 0.0028921  0.00078966
 0.00400879 0.0019489  0.00254996 0.00184595]",0.007826995,"[-6.75208867e-09  3.95812094e-09  1.35041773e-08 -3.14321369e-09
  7.45058060e-09 -2.32830644e-09  2.79396772e-08  1.04773790e-08
 -7.21774995e-09  1.04773790e-09]",3.5468673e-08,1.9984236e-08,2.9302853e-08,0.0
2,28,0.25,0.01,45.0,False,42,default,6291456,6912870400,"[0.00166236 0.00159063 0.00163562 0.00165007 0.00146331 0.00880408
 0.00153743 0.00155973 0.00153757 0.00157949]","[0.0007    0.0009    0.0007    0.00065   0.0006    0.0037375 0.0006
 0.0006375 0.00075   0.000725 ]",0.005724847669081056,0.9981474777255458,0.0042890483,"[0.00270295 0.0024119  0.00256903 0.00166507 0.0028921  0.00078966
 0.00400876 0.00194889 0.00254996 0.00184595]",0.007826975,"[0.00270294 0.00241191 0.00256903 0.00166507 0.0028921  0.00078965
 0.00400877 0.0019489  0.00254995 0.00184595]",0.0078269765,"[-1.23400241e-08  6.28642738e-09  2.79396772e-09  2.32830644e-10
  6.05359674e-09 -3.14321369e-09  7.91624188e-09  9.77888703e-09
 -1.53668225e-08 -3.14321369e-09]",2.5504788e-08,1.3036978e-09,2.5471445e-08,0.0
2,28,0.25,0.01,60.0,False,42,default,6291456,6912870400,"[0.00080694 0.00077212 0.00079395 0.00080097 0.00071031 0.00973145
 0.00074629 0.00075712 0.00074636 0.00076671]","[0.0005125 0.0005125 0.000575  0.0005625 0.000275  0.0057625 0.000325
 0.000575  0.0004375 0.0004625]",0.004074256771178244,0.998953045784847,0.0059410385,"[0.00270295 0.0024119  0.00256903 0.00166507 0.0028921  0.00078966
 0.00400876 0.00194889 0.00254996 0.00184595]",0.007826975,"[0.00270294 0.00241191 0.00256904 0.00166507 0.0028921  0.00078966
 0.00400879 0.0019489  0.00254995 0.00184595]",0.007826991,"[-6.28642738e-09  6.75208867e-09  4.65661287e-09  4.07453626e-09
 -6.98491931e-10 -4.07453626e-10  3.07336450e-08  1.21071935e-08
 -1.23400241e-08 -3.49245965e-09]",3.714383e-08,1.5917374e-08,3.3560415e-08,0.0
2,28,0.25,0.01,73.30838339149828,True,42,default,6291456,6912870400,[0.   0.   0.   0.   0.   0.01 0.   0.   0.   0.  ],[0.   0.   0.   0.   0.   0.01 0.   0.   0.   0.  ],2.2351741811588166e-10,0.99999999,0.01,"[0.00270295 0.0024119  0.00256903 0.00166507 0.0028921  0.00078966
 0.00400876 0.00194889 0.00254996 0.00184595]",0.007826975,"[0.00270294 0.0024119  0.00256904 0.00166507 0.00289209 0.00078966
 0.00400878 0.0019489  0.00254996 0.00184594]",0.007826984,"[-8.61473382e-09  3.02679837e-09  8.38190317e-09  5.82076609e-10
 -2.56113708e-09 -1.51339918e-09  2.09547579e-08  9.66247171e-09
 -8.38190317e-09 -6.05359674e-09]",2.8322917e-08,8.713599e-09,2.6949227e-08,0.0
2,28,0.25,0.1,0.0,False,42,default,6291456,6912870400,"[0.03357783 0.03212888 0.03303763 0.03332964 0.02955716 0.02872204
 0.03105441 0.03150478 0.03105719 0.03190385]","[0.01125  0.011375 0.00925  0.010875 0.007875 0.009375 0.010125 0.009125
 0.01025  0.0105  ]",0.06836447189358721,0.9966223601611106,0.031792786,"[0.00270295 0.0024119  0.00256903 0.00166507 0.0028921  0.00078966
 0.00400876 0.00194889 0.00254996 0.00184595]",0.007826975,"[0.00270249 0.00241156 0.00256869 0.00166488 0.00289177 0.0007896
 0.00400816 0.00194866 0.00254959 0.00184567]",0.00782588,"[-4.62401658e-07 -3.41329724e-07 -3.42959538e-07 -1.84285454e-07
 -3.27359885e-07 -6.20493665e-08 -5.97909093e-07 -2.28523277e-07
 -3.74624506e-07 -2.77650543e-07]",1.1045677e-06,1.0945259e-06,1.4860309e-07,0.0
2,28,0.25,0.1,15.0,False,42,default,6291456,6912870400,"[0.02982778 0.02854065 0.02934791 0.02960731 0.02625615 0.05253472
 0.02758618 0.02798625 0.02758865 0.02834076]","[0.01025  0.011375 0.008125 0.010125 0.006625 0.01825  0.00775  0.0095
 0.00875  0.00925 ]",0.06725557769433146,0.9937737561372831,0.033051096,"[0.00270295 0.0024119  0.00256903 0.00166507 0.0028921  0.00078966
 0.00400876 0.00194889 0.00254996 0.00184595]",0.007826975,"[0.0027025  0.00241161 0.00256872 0.0016649  0.00289179 0.00078959
 0.00400819 0.00194867 0.00254961 0.0018457 ]",0.0078259455,"[-4.49130312e-07 -2.90805474e-07 -3.14321369e-07 -1.69035047e-07
 -3.11061740e-07 -6.36791810e-08 -5.73694706e-07 -2.20839866e-07
 -3.59257683e-07 -2.49943696e-07]",1.0411075e-06,1.0300158e-06,1.5156682e-07,0.0
2,28,0.25,0.1,30.0,False,42,default,6291456,6912870400,"[0.02404502 0.02300743 0.02365818 0.02386729 0.02116582 0.07276724
 0.022238   0.02256051 0.02223999 0.02284628]","[0.009    0.00975  0.008    0.008125 0.00775  0.025375 0.007375 0.007875
 0.00825  0.0085  ]",0.06449207412712755,0.9984878638023916,0.03559143,"[0.00270295 0.0024119  0.00256903 0.00166507 0.0028921  0.00078966
 0.00400876 0.00194889 0.00254996 0.00184595]",0.007826975,"[0.00270253 0.00241164 0.00256872 0.00166491 0.00289184 0.00078959
 0.00400821 0.00194872 0.00254957 0.0018457 ]",0.007825996,"[-4.22820449e-07 -2.63331458e-07 -3.16184014e-07 -1.57277100e-07
 -2.61235982e-07 -6.84522092e-08 -5.49480319e-07 -1.72876753e-07
 -3.92319635e-07 -2.48313881e-07]",9.965682e-07,9.786869e-07,1.8793725e-07,0.0
2,28,0.25,0.1,45.0,False,42,default,6291456,6912870400,"[0.01662363 0.01590628 0.01635618 0.01650075 0.01463308 0.0880408
 0.01537434 0.0155973  0.01537571 0.01579488]","[0.007    0.009    0.007    0.0065   0.006    0.037375 0.006    0.006375
 0.0075   0.00725 ]",0.0572484763196942,0.9981474443477756,0.042890485,"[0.00270295 0.0024119  0.00256903 0.00166507 0.0028921  0.00078966
 0.00400876 0.00194889 0.00254996 0.00184595]",0.007826975,"[0.00270255 0.00241164 0.0025687  0.00166492 0.00289183 0.0007896
 0.00400824 0.00194872 0.00254963 0.00184572]",0.0078260405,"[-3.93949449e-07 -2.63098627e-07 -3.32482159e-07 -1.48429535e-07
 -2.63797119e-07 -6.07687980e-08 -5.21540642e-07 -1.71596184e-07
 -3.33180651e-07 -2.32714228e-07]",9.4704257e-07,9.347086e-07,1.5234725e-07,0.0
2,28,0.25,0.1,60.0,False,42,default,6291456,6912870400,"[0.00806936 0.00772115 0.00793954 0.00800971 0.00710312 0.09731452
 0.00746294 0.00757117 0.0074636  0.00766707]","[0.005125 0.005125 0.00575  0.005625 0.00275  0.057625 0.00325  0.00575
 0.004375 0.004625]",0.04074256677053838,0.9989530624728016,0.059410386,"[0.00270295 0.0024119  0.00256903 0.00166507 0.0028921  0.00078966
 0.00400876 0.00194889 0.00254996 0.00184595]",0.007826975,"[0.00270253 0.00241164 0.00256865 0.00166492 0.00289178 0.0007896
 0.00400823 0.00194869 0.00254963 0.00184567]",0.007825977,"[-4.14205715e-07 -2.57976353e-07 -3.82773578e-07 -1.49942935e-07
 -3.14554200e-07 -5.82076609e-08 -5.26662916e-07 -2.03377567e-07
 -3.34810466e-07 -2.80328095e-07]",1.0093895e-06,9.977483e-07,1.528584e-07,0.0
2,28,0.25,0.1,73.30838339149828,True,42,default,6291456,6912870400,[0.  0.  0.  0.  0.  0.1 0.  0.  0.  0. ],[0.  0.  0.  0.  0.  0.1 0.  0.  0.  0. ],1.4901161138336505e-09,0.9999999999,0.1,"[0.00270295 0.0024119  0.00256903 0.00166507 0.0028921  0.00078966
 0.00400876 0.00194889 0.00254996 0.00184595]",0.007826975,"[0.00270253 0.00241163 0.00256871 0.00166491 0.00289175 0.00078961
 0.0040083  0.00194869 0.00254967 0.00184571]",0.00782604,"[-4.20492142e-07 -2.65892595e-07 -3.24333087e-07 -1.53668225e-07
 -3.46917659e-07 -4.50527295e-08 -4.56813723e-07 -1.95577741e-07
 -2.94297934e-07 -2.43424438e-07]",9.4419073e-07,9.3498153e-07,1.3155213e-07,0.0
2,28,0.25,1.0,0.0,False,42,default,6291456,6912870400,"[0.33577834 0.32128882 0.33037635 0.3332964  0.29557163 0.28722037
 0.31054413 0.31504777 0.3105719  0.31903854]","[0.1125  0.11375 0.0925  0.10875 0.07875 0.09375 0.10125 0.09125 0.1025
 0.105  ]",0.683644726485076,0.9966223133175807,0.31792787,"[0.00270295 0.0024119  0.00256903 0.00166507 0.0028921  0.00078966
 0.00400876 0.00194889 0.00254996 0.00184595]",0.007826975,"[0.00269652 0.00240738 0.00256478 0.00166182 0.00288567 0.00078826
 0.00399758 0.00194556 0.00254437 0.0018416 ]",0.007809354,"[-6.43148087e-06 -4.51807864e-06 -4.24846075e-06 -3.24833672e-06
 -6.42775558e-06 -1.40053453e-06 -1.11837871e-05 -3.32808122e-06
 -5.59445471e-06 -4.35567927e-06]",1.7890743e-05,1.7621765e-05,3.090655e-06,0.0
2,28,0.25,1.0,15.0,False,42,default,6291456,6912870400,"[0.29827783 0.28540654 0.29347915 0.29607308 0.2625615  0.52534716
 0.27586183 0.2798625  0.27588651 0.28340757]","[0.1025  0.11375 0.08125 0.10125 0.06625 0.1825  0.0775  0.095   0.0875
 0.0925 ]",0.6725557863249657,0.9937737723673941,0.33051094,"[0.00270295 0.0024119  0.00256903 0.00166507 0.0028921  0.00078966
 0.00400876 0.00194889 0.00254996 0.00184595]",0.007826975,"[0.00269404 0.00240548 0.00256282 0.00166061 0.00288297 0.00078783
 0.00399392 0.00194412 0.00254218 0.00184005]",0.007802666,"[-8.90553929e-06 -6.41425140e-06 -6.20819628e-06 -4.46045306e-06
 -9.12416726e-06 -1.82708027e-06 -1.48434192e-05 -4.76953574e-06
 -7.77957030e-06 -5.89597039e-06]",2.4573093e-05,2.4309371e-05,3.5904861e-06,0.0
2,28,0.25,1.0,30.0,False,42,default,6291456,6912870400,"[0.24045018 0.23007427 0.23658183 0.23867287 0.21165824 0.7276724
 0.22238001 0.22560506 0.2223999  0.22846285]","[0.09    0.0975  0.08    0.08125 0.0775  0.25375 0.07375 0.07875 0.0825
 0.085  ]",0.6449207443052372,0.9984878967721961,0.3559143,"[0.00270295 0.0024119  0.00256903 0.00166507 0.0028921  0.00078966
 0.00400876 0.00194889 0.00254996 0.00184595]",0.007826975,"[0.00269483 0.00240605 0.00256317 0.00166105 0.00288348 0.00078797
 0.00399491 0.00194454 0.00254286 0.00184056]",0.007804472,"[-8.11670907e-06 -5.85219823e-06 -5.86337410e-06 -4.01178841e-06
 -8.61636363e-06 -1.69139821e-06 -1.38548203e-05 -4.35160473e-06
 -7.10389577e-06 -5.38770109e-06]",2.2761602e-05,2.250341e-05,3.4186417e-06,0.0
2,28,0.25,1.0,45.0,False,42,default,6291456,6912870400,"[0.16623625 0.15906282 0.16356185 0.1650075  0.14633082 0.88040798
 0.15374336 0.15597301 0.15375711 0.15794875]","[0.07    0.09    0.07    0.065   0.06    0.37375 0.06    0.06375 0.075
 0.0725 ]",0.5724847578684945,0.9981475088209831,0.42890483,"[0.00270295 0.0024119  0.00256903 0.00166507 0.0028921  0.00078966
 0.00400876 0.00194889 0.00254996 0.00184595]",0.007826975,"[0.0026954  0.0024065  0.00256397 0.0016614  0.00288436 0.00078808
 0.00399575 0.00194494 0.00254342 0.00184099]",0.0078062965,"[-7.54720531e-06 -5.39794564e-06 -5.06220385e-06 -3.66952736e-06
 -7.73905776e-06 -1.57789327e-06 -1.30115077e-05 -3.95381358e-06
 -6.53974712e-06 -4.95824497e-06]",2.097276e-05,2.0679316e-05,3.496103e-06,0.027976455118293345
2,28,0.25,1.0,60.0,False,42,default,6291456,6912870400,"[0.08069359 0.0772115  0.0793954  0.08009714 0.0710312  0.9731452
 0.07462936 0.07571166 0.07463603 0.07667072]","[0.05125    0.05125    0.0575     0.05625    0.0275     0.57625002
 0.0325     0.0575     0.04375    0.04625   ]",0.40742568235096027,0.998953012990737,0.5941039,"[0.00270295 0.0024119  0.00256903 0.00166507 0.0028921  0.00078966
 0.00400876 0.00194889 0.00254996 0.00184595]",0.007826975,"[0.00269442 0.0024058  0.00256294 0.00166085 0.00288317 0.00078783
 0.0039945  0.00194433 0.00254248 0.00184029]",0.007803554,"[-8.53091478e-06 -6.10179268e-06 -6.09410927e-06 -4.21609730e-06
 -8.92789103e-06 -1.83028169e-06 -1.42655335e-05 -4.55684494e-06
 -7.48690218e-06 -5.65766823e-06]",2.3670918e-05,2.3421595e-05,3.4265693e-06,0.027976455118293345
2,28,0.25,1.0,73.30838339149828,True,42,default,6291456,6912870400,[0. 0. 0. 0. 0. 1. 0. 0. 0. 0.],[0. 0. 0. 0. 0. 1. 0. 0. 0. 0.],0.0,0.9999999999989999,1.0,"[0.00270295 0.0024119  0.00256903 0.00166507 0.0028921  0.00078966
 0.00400876 0.00194889 0.00254996 0.00184595]",0.007826975,"[0.00269558 0.00240641 0.00256381 0.00166152 0.00288447 0.00078816
 0.00399631 0.00194493 0.00254352 0.001841  ]",0.0078066685,"[-7.37328082e-06 -5.49061224e-06 -5.21680340e-06 -3.54647636e-06
 -7.62473792e-06 -1.49733387e-06 -1.24564394e-05 -3.95858660e-06
 -6.44451939e-06 -4.95417044e-06]",2.053271e-05,2.0306918e-05,3.036676e-06,0.0
2,28,0.25,2.0,0.0,False,42,default,6291456,6912870400,"[0.67155668 0.64257765 0.6607527  0.6665928  0.59114327 0.57444074
 0.62108825 0.63009554 0.62114381 0.63807708]","[0.22499999 0.22750001 0.185      0.2175     0.1575     0.1875
 0.2025     0.1825     0.205      0.20999999]",1.367289452970152,0.9966223133199316,0.63585573,"[0.00270295 0.0024119  0.00256903 0.00166507 0.0028921  0.00078966
 0.00400876 0.00194889 0.00254996 0.00184595]",0.007826975,"[0.00270471 0.00241484 0.00257291 0.00166658 0.00289481 0.00078981
 0.00401042 0.00195161 0.00255247 0.00184648]",0.007833574,"[1.76322646e-06 2.94530764e-06 3.87779437e-06 1.50955748e-06
 2.71294266e-06 1.53784640e-07 1.66054815e-06 2.72493344e-06
 2.50618905e-06 5.31086698e-07]",7.29584e-06,6.5991408e-06,3.1113716e-06,0.0
2,28,0.25,2.0,15.0,False,42,default,6291456,6912870400,"[0.59655567 0.57081308 0.58695829 0.59214616 0.52512301 1.05069431
 0.55172367 0.559725   0.55177302 0.56681514]","[0.205      0.22750001 0.16249999 0.2025     0.13249999 0.36500001
 0.155      0.19       0.175      0.185     ]",1.3451115726499314,0.993773772369649,0.6610219,"[0.00270295 0.0024119  0.00256903 0.00166507 0.0028921  0.00078966
 0.00400876 0.00194889 0.00254996 0.00184595]",0.007826975,"[0.00270369 0.00241406 0.00257177 0.00166598 0.00289349 0.00078969
 0.00400845 0.00195087 0.00255107 0.001846  ]",0.007830213,"[ 7.45523721e-07  2.15624459e-06  2.74158083e-06  9.09203663e-07
  1.38836913e-06  3.58559191e-08 -3.12458724e-07  1.98232010e-06
  1.10664405e-06  5.00585884e-08]",4.55317e-06,3.2377163e-06,3.2013363e-06,0.0
2,28,0.25,2.0,30.0,False,42,default,6291456,6912870400,"[0.48090037 0.46014854 0.47316365 0.47734574 0.42331648 1.4553448
 0.44476003 0.45121013 0.44479981 0.45692569]","[0.18000001 0.19499999 0.16       0.16249999 0.155      0.50749999
 0.14749999 0.1575     0.16500001 0.17      ]",1.2898414886104743,0.9984878967743,0.7118286,"[0.00270295 0.0024119  0.00256903 0.00166507 0.0028921  0.00078966
 0.00400876 0.00194889 0.00254996 0.00184595]",0.007826975,"[0.00269985 0.00241065 0.00256811 0.00166387 0.00288928 0.00078881
 0.00400271 0.00194806 0.00254782 0.00184368]",0.007819298,"[-3.09757888e-06 -1.25053339e-06 -9.21776518e-07 -1.19477045e-06
 -2.81794928e-06 -8.51461664e-07 -6.05080277e-06 -8.30623321e-07
 -2.14134343e-06 -2.26974953e-06]",8.315111e-06,7.6777515e-06,3.1926804e-06,0.0
2,28,0.25,2.0,45.0,False,42,default,6291456,6912870400,"[0.3324725  0.31812564 0.32712369 0.33001499 0.29266164 1.76081595
 0.30748673 0.31194603 0.30751423 0.31589751]","[0.14       0.18000001 0.14       0.13       0.12       0.7475
 0.12       0.1275     0.15000001 0.145     ]",1.144969515736989,0.9981475088227284,0.85780966,"[0.00270295 0.0024119  0.00256903 0.00166507 0.0028921  0.00078966
 0.00400876 0.00194889 0.00254996 0.00184595]",0.007826975,"[0.00269845 0.00240933 0.0025664  0.00166297 0.00288744 0.00078842
 0.00400058 0.00194697 0.00254648 0.00184277]",0.007814918,"[-4.49945219e-06 -2.57208012e-06 -2.63331458e-06 -2.09838618e-06
 -4.65894118e-06 -1.23539940e-06 -8.18027183e-06 -1.92143489e-06
 -3.48757021e-06 -3.18221282e-06]",1.2422905e-05,1.2058155e-05,2.9882228e-06,0.027976455118293345
2,28,0.25,2.0,60.0,False,42,default,6291456,6912870400,"[0.16138719 0.154423   0.15879079 0.16019428 0.14206239 1.9462904
 0.14925871 0.15142333 0.14927206 0.15334143]","[0.1025     0.1025     0.115      0.1125     0.055      1.15250003
 0.065      0.115      0.0875     0.0925    ]",0.8148513647019205,0.998953012991998,1.1882077,"[0.00270295 0.0024119  0.00256903 0.00166507 0.0028921  0.00078966
 0.00400876 0.00194889 0.00254996 0.00184595]",0.007826975,"[0.00269386 0.00240567 0.00256269 0.00166066 0.00288295 0.00078748
 0.00399429 0.00194402 0.00254214 0.00183999]",0.007802719,"[-9.08714719e-06 -6.23171218e-06 -6.33811578e-06 -4.40690201e-06
 -9.15164128e-06 -2.17941124e-06 -1.44718215e-05 -4.86767385e-06
 -7.82241113e-06 -5.96337486e-06]",2.4482344e-05,2.4256755e-05,3.3158935e-06,0.0
2,28,0.25,2.0,73.30838339149828,True,42,default,6291456,6912870400,[0. 0. 0. 0. 0. 2. 0. 0. 0. 0.],[0. 0. 0. 0. 0. 2. 0. 0. 0. 0.],0.0,0.99999999999975,2.0,"[0.00270295 0.0024119  0.00256903 0.00166507 0.0028921  0.00078966
 0.00400876 0.00194889 0.00254996 0.00184595]",0.007826975,"[0.00268889 0.00240163 0.00255825 0.001658   0.00287737 0.00078669
 0.00398689 0.00194069 0.00253794 0.00183716]",0.007788937,"[-1.40625052e-05 -1.02648046e-05 -1.07798260e-05 -7.06990249e-06
 -1.47263054e-05 -2.96608778e-06 -2.18707137e-05 -8.20320565e-06
 -1.20264012e-05 -8.79529398e-06]",3.8243725e-05,3.803894e-05,3.952473e-06,0.019782341029446364
2,28,0.25,5.0,0.0,False,42,default,6291456,6912870400,"[1.67889171 1.60644412 1.65188174 1.66648199 1.47785816 1.43610185
 1.55272063 1.57523884 1.55285951 1.59519269]","[0.5625     0.56875002 0.46250001 0.54374999 0.39375001 0.46875
 0.50625002 0.45625001 0.51249999 0.52499998]",3.418223623222642,0.9966223377204843,1.5896393,"[0.00270295 0.0024119  0.00256903 0.00166507 0.0028921  0.00078966
 0.00400876 0.00194889 0.00254996 0.00184595]",0.007826975,"[0.00277961 0.00247916 0.00263934 0.00170898 0.00297649 0.00080715
 0.00412866 0.00200241 0.00262222 0.00189496]",0.008049383,"[7.66566955e-05 6.72654714e-05 7.03069381e-05 4.39169817e-05
 8.43934249e-05 1.74904126e-05 1.19898003e-04 5.35189174e-05
 7.22603872e-05 4.90046805e-05]",0.00022262897,0.00022240194,1.0052141e-05,0.06852804325551864
2,28,0.25,5.0,15.0,False,42,default,6291456,6912870400,"[1.49138916 1.42703269 1.46739574 1.48036539 1.31280752 2.62673578
 1.37930917 1.3993125  1.37943254 1.41703785]","[0.51249999 0.56875002 0.40625    0.50625002 0.33124998 0.91250002
 0.38749999 0.47499999 0.4375     0.46250001]",3.3627789230230953,0.9937736881104772,1.6525549,"[0.00270295 0.0024119  0.00256903 0.00166507 0.0028921  0.00078966
 0.00400876 0.00194889 0.00254996 0.00184595]",0.007826975,"[0.00275556 0.002459   0.00261907 0.00169591 0.00295071 0.00080218
 0.00408997 0.00198695 0.00260032 0.00187988]",0.007981039,"[5.26106451e-05 4.70962841e-05 5.00380993e-05 3.08429589e-05
 5.86151145e-05 1.25199440e-05 8.12057406e-05 3.80571000e-05
 5.03524207e-05 3.39307589e-05]",0.00015415219,0.0001540624,5.261215e-06,0.027976455118293345
2,28,0.25,5.0,30.0,False,42,default,6291456,6912870400,"[1.20225092 1.15037135 1.18290914 1.19336434 1.05829121 3.63836201
 1.11190006 1.12802531 1.11199952 1.14231423]","[0.45000002 0.48749998 0.39999998 0.40625    0.38749999 1.26874995
 0.36874998 0.39375001 0.41250002 0.42500001]",3.2246037415572077,0.998487852236341,1.7795715,"[0.00270295 0.0024119  0.00256903 0.00166507 0.0028921  0.00078966
 0.00400876 0.00194889 0.00254996 0.00184595]",0.007826975,"[0.00273596 0.00244364 0.00260336 0.00168563 0.00293008 0.00079823
 0.00405897 0.0019752  0.00258304 0.00186786]",0.007926906,"[3.30118928e-05 3.17392405e-05 3.43257561e-05 2.05625547e-05
 3.79795674e-05 8.56764382e-06 5.02127223e-05 2.63133552e-05
 3.30717303e-05 2.19059875e-05]",0.00010000707,9.993021e-05,3.920505e-06,0.027976455118293345
2,28,0.25,5.0,45.0,False,42,default,6291456,6912870400,"[0.83118126 0.7953141  0.81780923 0.82503749 0.7316541  4.40203988
 0.76871681 0.77986507 0.76878557 0.78974377]","[0.34999999 0.45000002 0.34999999 0.32499999 0.29999998 1.86874998
 0.29999998 0.31874999 0.375      0.36249998]",2.862423824865499,0.9981474090343601,2.1445243,"[0.00270295 0.0024119  0.00256903 0.00166507 0.0028921  0.00078966
 0.00400876 0.00194889 0.00254996 0.00184595]",0.007826975,"[0.00272502 0.00243384 0.00259222 0.00167916 0.00291811 0.0007957
 0.0040427  0.00196684 0.00257303 0.00186085]",0.0078950655,"[2.20667571e-05 2.19414942e-05 2.31841113e-05 1.40906777e-05
 2.60125380e-05 6.04224624e-06 3.39364633e-05 1.79540366e-05
 2.30635051e-05 1.48966210e-05]",6.815752e-05,6.808939e-05,3.0469328e-06,0.027976455118293345
2,28,0.25,5.0,60.0,False,42,default,6291456,6912870400,"[0.40346797 0.3860575  0.39697698 0.40048569 0.35515598 4.86572601
 0.37314678 0.37855831 0.37318016 0.38335358]","[0.25624999 0.25624999 0.28749999 0.28125    0.1375     2.88125014
 0.16249999 0.28749999 0.21875    0.23125   ]",2.037128354180949,0.9989530521652787,2.9705193,"[0.00270295 0.0024119  0.00256903 0.00166507 0.0028921  0.00078966
 0.00400876 0.00194889 0.00254996 0.00184595]",0.007826975,"[0.00271222 0.00242286 0.00258047 0.00167196 0.00290392 0.00079277
 0.00402379 0.0019578  0.00256123 0.00185295]",0.007858692,"[9.27061774e-06 1.09602697e-05 1.14361756e-05 6.89423177e-06
 1.18177850e-05 3.11504118e-06 1.50264241e-05 8.91345553e-06
 1.12631824e-05 7.00145029e-06]",3.1857096e-05,3.171648e-05,2.9899538e-06,0.0
2,28,0.25,5.0,73.30838339149828,True,42,default,6291456,6912870400,[0. 0. 0. 0. 0. 5. 0. 0. 0. 0.],[0. 0. 0. 0. 0. 5. 0. 0. 0. 0.],0.0,0.99999999999996,5.0,"[0.00270295 0.0024119  0.00256903 0.00166507 0.0028921  0.00078966
 0.00400876 0.00194889 0.00254996 0.00184595]",0.007826975,"[0.00270327 0.00241473 0.00257145 0.00166687 0.00289339 0.00079083
 0.00400886 0.00195098 0.00255245 0.00184698]",0.007831358,"[3.25031579e-07 2.82772817e-06 2.42330134e-06 1.80653296e-06
 1.29127875e-06 1.17643503e-06 9.68575478e-08 2.09407881e-06
 2.48569995e-06 1.02806371e-06]",5.649709e-06,4.3824557e-06,3.565571e-06,0.027976455118293345
2,7,0.5,0.01,0.0,False,42,default,6291456,6912870400,"[0.00298605 0.00325993 0.00318359 0.00305896 0.00314967 0.00329751
 0.00346165 0.00304697 0.00315489 0.00299159]","[0.001025  0.0011875 0.000875  0.001025  0.00075   0.001125  0.0011375
 0.0008375 0.00105   0.0009875]",0.006842205692098263,0.993041446203112,0.0031903172,"[0.00257266 0.00229668 0.00246427 0.00158458 0.00276765 0.00077968
 0.00382181 0.00184633 0.0024434  0.00176272]",0.00747243,"[0.00257265 0.00229668 0.00246427 0.00158458 0.00276765 0.00077968
 0.0038218  0.00184634 0.0024434  0.00176272]",0.007472424,"[-9.77888703e-09  3.02679837e-09 -2.56113708e-09 -1.28056854e-09
 -6.98491931e-10 -8.14907253e-10 -3.02679837e-09  3.49245965e-09
 -3.49245965e-09 -1.28056854e-09]",1.2220283e-08,6.0255636e-09,1.06314575e-08,0.019782341029446364
2,7,0.5,0.01,15.0,False,42,default,6291456,6912870400,"[0.00535441 0.00288486 0.00281731 0.00270702 0.00278729 0.00291812
 0.00306337 0.0026964  0.00279191 0.0026474 ]","[0.001975  0.000775  0.000975  0.000775  0.0008875 0.00105   0.000875
 0.0009375 0.0008875 0.0008625]",0.006692766703354404,0.9945425059441974,0.003334479,"[0.00257266 0.00229668 0.00246427 0.00158458 0.00276765 0.00077968
 0.00382181 0.00184633 0.0024434  0.00176272]",0.00747243,"[0.00257266 0.00229668 0.00246427 0.00158458 0.00276765 0.00077968
 0.0038218  0.00184634 0.0024434  0.00176272]",0.0074724234,"[-6.98491931e-09  1.62981451e-09 -4.88944352e-09 -6.98491931e-10
  0.00000000e+00 -2.32830644e-10 -6.28642738e-09  2.56113708e-09
 -1.16415322e-09  4.65661287e-10]",1.1115072e-08,6.5419705e-09,8.985959e-09,0.0
2,7,0.5,0.01,30.0,False,42,default,6291456,6912870400,"[0.00735788 0.0023132  0.00225903 0.00217059 0.00223496 0.00233986
 0.00245633 0.00216208 0.00223866 0.00212279]","[0.00275   0.0008375 0.0007875 0.00065   0.0008625 0.0009125 0.0008125
 0.00075   0.000825  0.0008125]",0.006341949666613956,0.9984609716657891,0.0036669553,"[0.00257266 0.00229668 0.00246427 0.00158458 0.00276765 0.00077968
 0.00382181 0.00184633 0.0024434  0.00176272]",0.00747243,"[0.00257266 0.00229668 0.00246427 0.00158458 0.00276765 0.00077968
 0.0038218  0.00184634 0.0024434  0.00176272]",0.007472424,"[-4.65661287e-09  2.56113708e-09 -6.98491931e-09  1.39698386e-09
 -1.39698386e-09 -1.39698386e-09 -6.51925802e-09  2.32830644e-09
  2.32830644e-10  9.31322575e-10]",1.1477393e-08,5.9496594e-09,9.814893e-09,0.0
2,7,0.5,0.01,45.0,False,42,default,6291456,6912870400,"[0.00885992 0.00158389 0.0015468  0.00148625 0.00153032 0.00160215
 0.0016819  0.00148042 0.00153286 0.00145351]","[0.004075  0.0004875 0.0006875 0.0006625 0.00075   0.000625  0.000675
 0.0006375 0.0007    0.0007   ]",0.005483067394716057,0.9980340074164742,0.004533211,"[0.00257266 0.00229668 0.00246427 0.00158458 0.00276765 0.00077968
 0.00382181 0.00184633 0.0024434  0.00176272]",0.00747243,"[0.00257266 0.00229668 0.00246427 0.00158458 0.00276764 0.00077968
 0.0038218  0.00184634 0.0024434  0.00176272]",0.0074724196,"[-4.19095159e-09  9.31322575e-10 -3.95812094e-09  2.32830644e-09
 -4.65661287e-09 -5.23868948e-10 -1.23400241e-08  1.39698386e-09
 -2.32830644e-09  3.49245965e-10]",1.4874421e-08,1.0392742e-08,1.0641396e-08,0.019782341029446364
2,7,0.5,0.01,60.0,False,42,default,6291456,6912870400,"[0.00975817 0.00074665 0.00072916 0.00070062 0.00072139 0.00075526
 0.00079285 0.00069787 0.00072259 0.00068519]","[0.005975  0.000575  0.000325  0.000425  0.0004125 0.0005125 0.000375
 0.0005375 0.0004375 0.000425 ]",0.003883914766061117,0.9992486609785187,0.006127958,"[0.00257266 0.00229668 0.00246427 0.00158458 0.00276765 0.00077968
 0.00382181 0.00184633 0.0024434  0.00176272]",0.00747243,"[0.00257265 0.00229668 0.00246427 0.00158458 0.00276764 0.00077968
 0.00382179 0.00184634 0.0024434  0.00176272]",0.0074724145,"[-1.67638063e-08  2.56113708e-09 -4.42378223e-09  9.31322575e-10
 -3.49245965e-09 -1.68802217e-09 -1.35041773e-08  1.16415322e-10
 -2.32830644e-09 -1.16415322e-10]",2.2602643e-08,1.5382252e-08,1.6560971e-08,0.0
2,7,0.5,0.01,72.62615110004822,True,42,default,6291456,6912870400,"[1.00000000e-02 1.38777878e-19 1.38777878e-19 1.38777878e-19
 2.77555756e-19 2.77555756e-19 1.38777878e-19 1.38777878e-19
 1.38777878e-19 1.38777878e-19]",[0.01 0.   0.   0.   0.   0.   0.   0.   0.   0.  ],2.2351741811588166e-10,0.99999999,0.01,"[0.00257266 0.00229668 0.00246427 0.00158458 0.00276765 0.00077968
 0.00382181 0.00184633 0.0024434  0.00176272]",0.00747243,"[0.00257265 0.00229668 0.00246427 0.00158458 0.00276765 0.00077968
 0.0038218  0.00184633 0.0024434  0.00176272]",0.0074724136,"[-1.30385160e-08 -9.31322575e-10 -6.05359674e-09 -1.86264515e-09
 -1.39698386e-09 -1.10594556e-09 -1.28056854e-08 -9.54605639e-09
  9.31322575e-10 -4.65661287e-10]",2.1687725e-08,1.651295e-08,1.4059869e-08,0.019782341029446364
2,7,0.5,0.1,0.0,False,42,default,6291456,6912870400,"[0.02986052 0.0325993  0.03183589 0.0305896  0.03149666 0.03297509
 0.03461646 0.03046968 0.03154886 0.02991587]","[0.01025  0.011875 0.00875  0.01025  0.0075   0.01125  0.011375 0.008375
 0.0105   0.009875]",0.0684220559411527,0.9930414496242819,0.031903174,"[0.00257266 0.00229668 0.00246427 0.00158458 0.00276765 0.00077968
 0.00382181 0.00184633 0.0024434  0.00176272]",0.00747243,"[0.00257264 0.00229665 0.00246428 0.00158456 0.00276756 0.00077967
 0.00382178 0.00184631 0.00244332 0.00176266]",0.0074723205,"[-1.95577741e-08 -2.53785402e-08  5.58793545e-09 -1.83936208e-08
 -8.35862011e-08 -1.18161552e-08 -2.44472176e-08 -2.89874151e-08
 -7.93952495e-08 -6.29806891e-08]",1.42234e-07,1.0926738e-07,9.105576e-08,0.0
2,7,0.5,0.1,15.0,False,42,default,6291456,6912870400,"[0.05354414 0.02884864 0.02817306 0.02707016 0.02787286 0.02918119
 0.03063372 0.02696404 0.02791906 0.02647395]","[0.01975  0.00775  0.00975  0.00775  0.008875 0.0105   0.00875  0.009375
 0.008875 0.008625]",0.06692766461848149,0.9945424697231577,0.033344794,"[0.00257266 0.00229668 0.00246427 0.00158458 0.00276765 0.00077968
 0.00382181 0.00184633 0.0024434  0.00176272]",0.00747243,"[0.00257262 0.0022966  0.0024642  0.00158452 0.00276755 0.00077965
 0.00382167 0.00184627 0.00244325 0.00176264]",0.0074721584,"[-4.74974513e-08 -7.93952495e-08 -6.89178705e-08 -6.28642738e-08
 -9.75560397e-08 -2.85217538e-08 -1.39698386e-07 -6.51925802e-08
 -1.47614628e-07 -8.47503543e-08]",2.8342598e-07,2.7174102e-07,8.054262e-08,0.0
2,7,0.5,0.1,30.0,False,42,default,6291456,6912870400,"[0.07357881 0.02313199 0.02259029 0.02170594 0.02234957 0.02339864
 0.02456334 0.02162084 0.02238661 0.02122787]","[0.0275   0.008375 0.007875 0.0065   0.008625 0.009125 0.008125 0.0075
 0.00825  0.008125]",0.06341949470212388,0.998460963791374,0.036669556,"[0.00257266 0.00229668 0.00246427 0.00158458 0.00276765 0.00077968
 0.00382181 0.00184633 0.0024434  0.00176272]",0.00747243,"[0.00257257 0.00229659 0.00246421 0.00158449 0.0027675  0.00077965
 0.00382164 0.00184625 0.00244324 0.00176261]",0.007472089,"[-9.19681042e-08 -8.59145075e-08 -6.63567334e-08 -8.83592293e-08
 -1.46450475e-07 -2.57277861e-08 -1.69035047e-07 -8.19563866e-08
 -1.55763701e-07 -1.17230229e-07]",3.5136108e-07,3.409083e-07,8.506569e-08,0.019782341029446364
2,7,0.5,0.1,45.0,False,42,default,6291456,6912870400,"[0.0885992  0.01583894 0.01546802 0.01486249 0.0153032  0.01602152
 0.01681901 0.01480422 0.01532856 0.01453515]","[0.04075  0.004875 0.006875 0.006625 0.0075   0.00625  0.00675  0.006375
 0.007    0.007   ]",0.05483067341934378,0.9980340403586183,0.045332108,"[0.00257266 0.00229668 0.00246427 0.00158458 0.00276765 0.00077968
 0.00382181 0.00184633 0.0024434  0.00176272]",0.00747243,"[0.00257255 0.00229655 0.00246414 0.00158449 0.00276749 0.00077964
 0.00382161 0.00184627 0.00244323 0.0017626 ]",0.007472024,"[-1.14087015e-07 -1.32946298e-07 -1.31549314e-07 -9.25501809e-08
 -1.57393515e-07 -3.62051651e-08 -1.94646418e-07 -6.94999471e-08
 -1.66939571e-07 -1.26776285e-07]",4.1146492e-07,4.0644082e-07,6.4103396e-08,0.0
2,7,0.5,0.1,60.0,False,42,default,6291456,6912870400,"[0.09758171 0.00746648 0.00729163 0.00700618 0.00721394 0.00755255
 0.00792849 0.00697872 0.00722589 0.00685188]","[0.05975  0.00575  0.00325  0.00425  0.004125 0.005125 0.00375  0.005375
 0.004375 0.00425 ]",0.03883914665273321,0.999248602272972,0.061279587,"[0.00257266 0.00229668 0.00246427 0.00158458 0.00276765 0.00077968
 0.00382181 0.00184633 0.0024434  0.00176272]",0.00747243,"[0.00257254 0.00229654 0.00246416 0.00158445 0.0027674  0.00077962
 0.00382151 0.00184622 0.0024432  0.00176261]",0.0074719083,"[-1.23633072e-07 -1.38999894e-07 -1.17346644e-07 -1.33761205e-07
 -2.51224265e-07 -5.57629392e-08 -2.95462087e-07 -1.16182491e-07
 -1.94879249e-07 -1.13388523e-07]",5.3303154e-07,5.215122e-07,1.1021651e-07,0.019782341029446364
2,7,0.5,0.1,72.62615110004822,True,42,default,6291456,6912870400,"[1.00000000e-01 1.38777878e-18 1.38777878e-18 1.38777878e-18
 2.77555756e-18 2.77555756e-18 1.38777878e-18 1.38777878e-18
 1.38777878e-18 1.38777878e-18]",[0.1 0.  0.  0.  0.  0.  0.  0.  0.  0. ],1.4901161138336505e-09,0.9999999999,0.1,"[0.00257266 0.00229668 0.00246427 0.00158458 0.00276765 0.00077968
 0.00382181 0.00184633 0.0024434  0.00176272]",0.00747243,"[0.00257247 0.00229651 0.00246411 0.00158445 0.00276728 0.00077964
 0.00382134 0.00184617 0.00244315 0.00176256]",0.0074716858,"[-1.93482265e-07 -1.67870894e-07 -1.60420313e-07 -1.26776285e-07
 -3.69967893e-07 -4.09199856e-08 -4.72879037e-07 -1.67521648e-07
 -2.53552571e-07 -1.62981451e-07]",7.6713985e-07,7.4389965e-07,1.8739503e-07,0.0
2,7,0.5,1.0,0.0,False,42,default,6291456,6912870400,"[0.29860522 0.32599305 0.31835893 0.30589599 0.31496657 0.32975089
 0.34616459 0.30469682 0.31548861 0.29915874]","[0.1025  0.11875 0.0875  0.1025  0.075   0.1125  0.11375 0.08375 0.105
 0.09875]",0.6842205640076658,0.9930415048832405,0.31903172,"[0.00257266 0.00229668 0.00246427 0.00158458 0.00276765 0.00077968
 0.00382181 0.00184633 0.0024434  0.00176272]",0.00747243,"[0.00257874 0.00230192 0.00246966 0.00158804 0.00277369 0.00078111
 0.00383075 0.00185059 0.00244913 0.00176683]",0.0074894987,"[6.07734546e-06 5.23729250e-06 5.38257882e-06 3.45974695e-06
 6.04474917e-06 1.43132638e-06 8.94651748e-06 4.25463077e-06
 5.73066063e-06 4.10620123e-06]",1.7080294e-05,1.7068505e-05,6.345891e-07,0.0
2,7,0.5,1.0,15.0,False,42,default,6291456,6912870400,"[0.53544137 0.28848643 0.28173065 0.2707016  0.27872858 0.29181192
 0.30633717 0.26964041 0.27919056 0.2647395 ]","[0.19750001 0.0775     0.0975     0.0775     0.08875    0.105
 0.0875     0.09375    0.08875    0.08625   ]",0.6692766560787877,0.9945425515158587,0.3334479,"[0.00257266 0.00229668 0.00246427 0.00158458 0.00276765 0.00077968
 0.00382181 0.00184633 0.0024434  0.00176272]",0.00747243,"[0.00258263 0.00230502 0.00247308 0.00159022 0.00277786 0.00078195
 0.00383677 0.00185295 0.00245299 0.0017694 ]",0.0075005433,"[9.97004099e-06 8.34092498e-06 8.80635343e-06 5.64253423e-06
 1.02128834e-05 2.27510463e-06 1.49600673e-05 6.61972445e-06
 9.58633609e-06 6.67513814e-06]",2.8141101e-05,2.8113242e-05,1.2519021e-06,0.0
2,7,0.5,1.0,30.0,False,42,default,6291456,6912870400,"[0.73578807 0.23131994 0.22590288 0.21705935 0.22349571 0.23398645
 0.24563337 0.21620844 0.22386614 0.2122787 ]","[0.27500001 0.08375    0.07875    0.065      0.08625    0.09125
 0.08125    0.075      0.0825     0.08125   ]",0.6341949574503535,0.9984609554850473,0.36669555,"[0.00257266 0.00229668 0.00246427 0.00158458 0.00276765 0.00077968
 0.00382181 0.00184633 0.0024434  0.00176272]",0.00747243,"[0.00258319 0.00230538 0.00247336 0.00159045 0.00277821 0.00078201
 0.00383771 0.00185325 0.00245334 0.00176982]",0.0075018923,"[1.05269719e-05 8.69529322e-06 9.08249058e-06 5.86826354e-06
 1.05611980e-05 2.33552419e-06 1.59041956e-05 6.91623427e-06
 9.94582660e-06 7.10063614e-06]",2.9503613e-05,2.9462211e-05,1.5624518e-06,0.019782341029446364
2,7,0.5,1.0,45.0,False,42,default,6291456,6912870400,"[0.88599203 0.15838937 0.15468021 0.14862487 0.15303197 0.16021519
 0.16819007 0.14804223 0.15328561 0.14535146]","[0.4075  0.04875 0.06875 0.06625 0.075   0.0625  0.0675  0.06375 0.07
 0.07   ]",0.5483067426455046,0.9980341039747448,0.45332104,"[0.00257266 0.00229668 0.00246427 0.00158458 0.00276765 0.00077968
 0.00382181 0.00184633 0.0024434  0.00176272]",0.00747243,"[0.0025855  0.00230708 0.00247504 0.00159161 0.00278101 0.0007825
 0.00384193 0.00185453 0.00245543 0.00177138]",0.007508623,"[1.28408428e-05 1.03963539e-05 1.07632950e-05 7.02834222e-06
 1.33628491e-05 2.81853136e-06 2.01223884e-05 8.19540583e-06
 1.20312907e-05 8.65838956e-06]",3.6283913e-05,3.619293e-05,2.567939e-06,0.0
2,7,0.5,1.0,60.0,False,42,default,6291456,6912870400,"[0.97581709 0.07466483 0.07291633 0.07006184 0.07213935 0.07552552
 0.07928489 0.06978719 0.07225892 0.06851876]","[0.59750003 0.0575     0.0325     0.0425     0.04125    0.05125
 0.0375     0.05375    0.04375    0.0425    ]",0.3883914598828009,0.9992485889736121,0.6127959,"[0.00257266 0.00229668 0.00246427 0.00158458 0.00276765 0.00077968
 0.00382181 0.00184633 0.0024434  0.00176272]",0.00747243,"[0.0025886  0.00230913 0.00247752 0.00159318 0.00278366 0.00078303
 0.00384635 0.00185615 0.00245772 0.00177296]",0.0075162896,"[1.59330666e-05 1.24513172e-05 1.32434070e-05 8.60169530e-06
 1.60129275e-05 3.35020013e-06 2.45429110e-05 9.81334597e-06
 1.43167563e-05 1.02396589e-05]",4.3981687e-05,4.3858698e-05,3.2868957e-06,0.027976455118293345
2,7,0.5,1.0,72.62615110004822,True,42,default,6291456,6912870400,"[1.00000000e+00 1.38777878e-17 1.38777878e-17 1.38777878e-17
 2.77555756e-17 2.77555756e-17 1.38777878e-17 1.38777878e-17
 1.38777878e-17 1.38777878e-17]",[1. 0. 0. 0. 0. 0. 0. 0. 0. 0.],5.374844106186573e-17,0.9999999999989999,1.0,"[0.00257266 0.00229668 0.00246427 0.00158458 0.00276765 0.00077968
 0.00382181 0.00184633 0.0024434  0.00176272]",0.00747243,"[0.002597   0.00231525 0.00248349 0.00159732 0.00279257 0.00078452
 0.00386011 0.00186079 0.00246536 0.00177814]",0.007539274,"[2.43356917e-05 1.85749959e-05 1.92134175e-05 1.27372332e-05
 2.49168370e-05 4.83792974e-06 3.83055303e-05 1.44549413e-05
 2.19654758e-05 1.54196750e-05]",6.715214e-05,6.6841414e-05,6.452578e-06,0.05233915627441309
2,7,0.5,2.0,0.0,False,42,default,6291456,6912870400,"[0.59721045 0.65198609 0.63671787 0.61179197 0.62993314 0.65950178
 0.69232919 0.60939364 0.63097722 0.59831749]","[0.205      0.2375     0.175      0.205      0.15000001 0.22499999
 0.22750001 0.1675     0.20999999 0.19750001]",1.3684411280153317,0.9930415048855749,0.63806343,"[0.00257266 0.00229668 0.00246427 0.00158458 0.00276765 0.00077968
 0.00382181 0.00184633 0.0024434  0.00176272]",0.00747243,"[0.00260227 0.00232039 0.0024898  0.00160077 0.00279775 0.00078596
 0.00386629 0.00186514 0.00247059 0.00178152]",0.0075542894,"[2.96069775e-05 2.37128697e-05 2.55270861e-05 1.61937205e-05
 3.00984830e-05 6.28561247e-06 4.44788020e-05 1.88071281e-05
 2.71867029e-05 1.87994447e-05]",8.199254e-05,8.1858016e-05,4.6949963e-06,0.03956468264845247
2,7,0.5,2.0,15.0,False,42,default,6291456,6912870400,"[1.07088274 0.57697285 0.56346129 0.54140321 0.55745717 0.58362384
 0.61267434 0.53928081 0.55838113 0.52947901]","[0.39500001 0.155      0.19499999 0.155      0.17749999 0.20999999
 0.175      0.1875     0.17749999 0.1725    ]",1.3385533121575754,0.9945425515180956,0.6668958,"[0.00257266 0.00229668 0.00246427 0.00158458 0.00276765 0.00077968
 0.00382181 0.00184633 0.0024434  0.00176272]",0.00747243,"[0.00260626 0.00232327 0.00249266 0.00160271 0.0028023  0.00078645
 0.00387342 0.00186722 0.00247427 0.00178421]",0.0075656422,"[3.36011872e-05 2.65927520e-05 2.83904374e-05 1.81244686e-05
 3.46519519e-05 6.76990021e-06 5.16113359e-05 2.08844431e-05
 3.08728777e-05 2.14856118e-05]",9.344502e-05,9.320931e-05,6.6330285e-06,0.048456642643301504
2,7,0.5,2.0,30.0,False,42,default,6291456,6912870400,"[1.47157614 0.46263987 0.45180576 0.43411871 0.44699141 0.4679729
 0.49126675 0.43241689 0.44773228 0.42455741]","[0.55000001 0.1675     0.1575     0.13       0.1725     0.1825
 0.16249999 0.15000001 0.16500001 0.16249999]",1.268389914900707,0.9984609554870894,0.7333911,"[0.00257266 0.00229668 0.00246427 0.00158458 0.00276765 0.00077968
 0.00382181 0.00184633 0.0024434  0.00176272]",0.00747243,"[0.00260705 0.00232402 0.00249359 0.0016033  0.00280301 0.00078678
 0.00387467 0.00186779 0.00247512 0.00178471]",0.0075680455,"[3.43904831e-05 2.73438636e-05 2.93191988e-05 1.87221449e-05
 3.53583600e-05 7.10372115e-06 5.28574456e-05 2.14524334e-05
 3.17168888e-05 2.19851499e-05]",9.583646e-05,9.561291e-05,6.5420927e-06,0.048456642643301504
2,7,0.5,2.0,45.0,False,42,default,6291456,6912870400,"[1.77198406 0.31677874 0.30936041 0.29724973 0.30606393 0.32043037
 0.33638014 0.29608446 0.30657122 0.29070292]","[0.815      0.0975     0.1375     0.13249999 0.15000001 0.125
 0.13500001 0.1275     0.14       0.14      ]",1.0966134852910092,0.9980341039763959,0.9066421,"[0.00257266 0.00229668 0.00246427 0.00158458 0.00276765 0.00077968
 0.00382181 0.00184633 0.0024434  0.00176272]",0.00747243,"[0.00261496 0.00232997 0.0024997  0.00160765 0.00281175 0.00078853
 0.00388799 0.0018727  0.002482   0.00179001]",0.0075904834,"[4.23006713e-05 3.32910568e-05 3.54233198e-05 2.30668811e-05
 4.41030134e-05 8.84954352e-06 6.61783852e-05 2.63641123e-05
 3.86026222e-05 2.72869365e-05]",0.00011839472,0.000118048454,9.048311e-06,0.06561060592844098
2,7,0.5,2.0,60.0,False,42,default,6291456,6912870400,"[1.95163419 0.14932967 0.14583266 0.14012368 0.1442787  0.15105105
 0.15856978 0.13957437 0.14451784 0.13703751]","[1.19500005 0.115      0.065      0.085      0.0825     0.1025
 0.075      0.1075     0.0875     0.085     ]",0.7767829197656018,0.999248588974835,1.2255918,"[0.00257266 0.00229668 0.00246427 0.00158458 0.00276765 0.00077968
 0.00382181 0.00184633 0.0024434  0.00176272]",0.00747243,"[0.00261879 0.0023328  0.00250268 0.00160934 0.00281508 0.00078911
 0.00389353 0.00187478 0.00248519 0.00179218]",0.0076002115,"[4.61305026e-05 3.61208804e-05 3.84065788e-05 2.47544376e-05
 4.74310946e-05 9.43313353e-06 7.17202201e-05 2.84500420e-05
 4.17898409e-05 2.94520287e-05]",0.00012816509,0.00012777474,9.995408e-06,0.07661668268387072
2,7,0.5,2.0,72.62615110004822,True,42,default,6291456,6912870400,"[2.00000000e+00 2.77555756e-17 2.77555756e-17 2.77555756e-17
 5.55111512e-17 5.55111512e-17 2.77555756e-17 2.77555756e-17
 2.77555756e-17 2.77555756e-17]",[2. 0. 0. 0. 0. 0. 0. 0. 0. 0.],1.0749688212373146e-16,0.99999999999975,2.0,"[0.00257266 0.00229668 0.00246427 0.00158458 0.00276765 0.00077968
 0.00382181 0.00184633 0.0024434  0.00176272]",0.00747243,"[0.00263178 0.0023426  0.00251257 0.00161632 0.00282906 0.00079171
 0.00391411 0.00188224 0.00249656 0.00180011]",0.0076358453,"[5.91119751e-05 4.59249131e-05 4.82923351e-05 3.17344675e-05
 6.14107121e-05 1.20359473e-05 9.22977924e-05 3.59055120e-05
 5.31564001e-05 3.73902731e-05]",0.00016398296,0.00016340305,1.3778849e-05,0.10279207254188717
2,7,0.5,5.0,0.0,False,42,default,6291456,6912870400,"[1.49302612 1.62996523 1.59179467 1.52947993 1.57483284 1.64875446
 1.73082297 1.52348411 1.57744306 1.49579372]","[0.51249999 0.59375    0.4375     0.51249999 0.375      0.5625
 0.56875002 0.41875002 0.52499998 0.49375001]",3.421102819650311,0.9930414311677064,1.5951587,"[0.00257266 0.00229668 0.00246427 0.00158458 0.00276765 0.00077968
 0.00382181 0.00184633 0.0024434  0.00176272]",0.00747243,"[0.00273351 0.00243307 0.00260765 0.00167626 0.00293929 0.00081618
 0.0040695  0.00195529 0.0025933  0.00186822]",0.007931369,"[1.60846626e-04 1.36385672e-04 1.43375946e-04 9.16826539e-05
 1.71643216e-04 3.65038286e-05 2.47692224e-04 1.08960085e-04
 1.49898930e-04 1.05496729e-04]",0.00045940393,0.0004589106,2.128495e-05,0.1532333996180995
2,7,0.5,5.0,15.0,False,42,default,6291456,6912870400,"[2.67720684 1.44243214 1.40865323 1.35350801 1.39364292 1.4590596
 1.53168585 1.34820204 1.39595282 1.32369752]","[0.98750001 0.38749999 0.48749998 0.38749999 0.44374999 0.52499998
 0.4375     0.46875    0.44374999 0.43125001]",3.3463832903386885,0.9945425988096441,1.6672394,"[0.00257266 0.00229668 0.00246427 0.00158458 0.00276765 0.00077968
 0.00382181 0.00184633 0.0024434  0.00176272]",0.00747243,"[0.00274002 0.00243743 0.00261274 0.00167931 0.00294624 0.00081718
 0.00408146 0.00195831 0.00259908 0.00187228]",0.0079496745,"[1.67356106e-04 1.40753342e-04 1.48463994e-04 9.47280787e-05
 1.78594142e-04 3.74972587e-05 2.59652734e-04 1.11975009e-04
 1.55683141e-04 1.09553454e-04]",0.00047784264,0.00047720657,2.4647088e-05,0.17693870661400976
2,7,0.5,5.0,30.0,False,42,default,6291456,6912870400,"[3.67894034 1.15659968 1.1295144  1.08529677 1.11747853 1.16993224
 1.22816686 1.08104222 1.11933071 1.06139352]","[1.375      0.41875002 0.39375001 0.32499999 0.43125001 0.45625001
 0.40625    0.375      0.41250002 0.40625   ]",3.1709747968177386,0.9984609663155621,1.8334777,"[0.00257266 0.00229668 0.00246427 0.00158458 0.00276765 0.00077968
 0.00382181 0.00184633 0.0024434  0.00176272]",0.00747243,"[0.00274201 0.00243944 0.00261478 0.00168064 0.00294801 0.00081773
 0.00408314 0.00196056 0.00260076 0.00187335]",0.007954861,"[1.69343082e-04 1.42757315e-04 1.50506152e-04 9.60628968e-05
 1.80366216e-04 3.80482525e-05 2.61333771e-04 1.14229741e-04
 1.57361384e-04 1.10627152e-04]",0.0004829713,0.0004823959,2.3569204e-05,0.17017419378319848
2,7,0.5,5.0,45.0,False,42,default,6291456,6912870400,"[4.42996014 0.79194686 0.77340103 0.74312433 0.76515983 0.80107593
 0.84095034 0.74021116 0.76642805 0.72675731]","[2.0374999  0.24374999 0.34375    0.33124998 0.375      0.3125
 0.33750001 0.31874999 0.34999999 0.34999999]",2.7415337980626204,0.9980340922247732,2.2666051,"[0.00257266 0.00229668 0.00246427 0.00158458 0.00276765 0.00077968
 0.00382181 0.00184633 0.0024434  0.00176272]",0.00747243,"[0.0027489  0.00244574 0.00262154 0.00168525 0.00295528 0.0008196
 0.0040924  0.00196567 0.00260719 0.00187782]",0.00797441,"[1.76233007e-04 1.49061205e-04 1.57266622e-04 1.00668520e-04
 1.87627040e-04 3.99237033e-05 2.70593911e-04 1.19331758e-04
 1.63787277e-04 1.15092611e-04]",0.00050246966,0.00050194794,2.2891129e-05,0.16432452156180907
2,7,0.5,5.0,60.0,False,42,default,6291456,6912870400,"[4.87908547 0.37332417 0.36458166 0.35030921 0.36069675 0.37762762
 0.39642444 0.34893594 0.36129459 0.34259378]","[2.98750019 0.28749999 0.16249999 0.21250001 0.20625001 0.25624999
 0.1875     0.26875001 0.21875    0.21250001]",1.9419572414924604,0.9992486273536029,3.0639794,"[0.00257266 0.00229668 0.00246427 0.00158458 0.00276765 0.00077968
 0.00382181 0.00184633 0.0024434  0.00176272]",0.00747243,"[0.00275949 0.00245182 0.00262651 0.00168958 0.00296568 0.00082102
 0.00411122 0.00196969 0.00261486 0.00188398]",0.00800109,"[1.86826102e-04 1.55141577e-04 1.62235461e-04 1.04999053e-04
 1.98033638e-04 4.13375674e-05 2.89412681e-04 1.23357400e-04
 1.71459513e-04 1.21252262e-04]",0.00052945386,0.0005286042,2.9983756e-05,0.2130624551327921
2,7,0.5,5.0,72.62615110004822,True,42,default,6291456,6912870400,"[5.00000000e+00 6.93889390e-17 6.93889390e-17 6.93889390e-17
 1.38777878e-16 1.38777878e-16 6.93889390e-17 6.93889390e-17
 6.93889390e-17 6.93889390e-17]",[5. 0. 0. 0. 0. 0. 0. 0. 0. 0.],2.6874220530932863e-16,0.99999999999996,5.0,"[0.00257266 0.00229668 0.00246427 0.00158458 0.00276765 0.00077968
 0.00382181 0.00184633 0.0024434  0.00176272]",0.00747243,"[0.00276882 0.00245885 0.00263437 0.00169445 0.00297612 0.00082298
 0.00412771 0.00197481 0.00262357 0.00188988]",0.008028111,"[1.96159817e-04 1.62168639e-04 1.70098152e-04 1.09866261e-04
 2.08470970e-04 4.32989327e-05 3.05897556e-04 1.28471293e-04
 1.80175062e-04 1.27160922e-04]",0.0005566214,0.0005556115,3.3514516e-05,0.24066274127277762
2,14,0.5,0.01,0.0,False,42,default,6291456,6912870400,"[0.00333439 0.00316052 0.00339093 0.00330471 0.00283495 0.00269958
 0.00323234 0.00327536 0.00307645 0.00324164]","[0.001125  0.001125  0.0009375 0.0010875 0.0007375 0.0009125 0.0010125
 0.0009875 0.0010125 0.0010625]",0.006835463484235343,0.9962992972374499,0.0031817842,"[0.00231054 0.00209355 0.00223433 0.00144442 0.00247734 0.00068298
 0.00339706 0.00170518 0.00219046 0.00160019]",0.0067238472,"[0.00231055 0.00209354 0.00223434 0.00144442 0.00247734 0.00068298
 0.00339704 0.00170518 0.00219047 0.00160018]",0.006723844,"[ 2.09547579e-09 -2.79396772e-09  6.75208867e-09  3.14321369e-09
 -1.86264515e-09  7.56699592e-10 -1.46683306e-08  2.67755240e-09
  6.28642738e-09 -3.72529030e-09]",1.8639634e-08,3.4107137e-09,1.832493e-08,0.0
2,14,0.5,0.01,15.0,False,42,default,6291456,6912870400,"[0.00297881 0.00282349 0.00302932 0.0029523  0.00253263 0.00509969
 0.00288765 0.00292608 0.00274838 0.00289595]","[0.001025  0.001125  0.0008375 0.001     0.00065   0.0016875 0.000875
 0.000975  0.0008625 0.0009625]",0.006757029338034237,0.995004893064291,0.0032671662,"[0.00231054 0.00209355 0.00223433 0.00144442 0.00247734 0.00068298
 0.00339706 0.00170518 0.00219046 0.00160019]",0.0067238472,"[0.00231054 0.00209355 0.00223434 0.00144442 0.00247734 0.00068298
 0.00339704 0.00170518 0.00219047 0.00160018]",0.0067238444,"[ 1.16415322e-09 -2.32830644e-10  6.05359674e-09  2.21189111e-09
  0.00000000e+00  2.32830644e-10 -1.51339918e-08  2.09547579e-09
  7.68341124e-09 -4.19095159e-09]",1.8789086e-08,2.7710203e-09,1.8583627e-08,0.0
2,14,0.5,0.01,30.0,False,42,default,6291456,6912870400,"[0.00242024 0.00229404 0.00246128 0.0023987  0.00205772 0.00715226
 0.00234617 0.00237739 0.00223302 0.00235292]","[0.0009    0.0009625 0.000825  0.0008    0.0007625 0.0024875 0.0007375
 0.00085   0.000825  0.00085  ]",0.006474334083337092,0.9983071406519494,0.0035349152,"[0.00231054 0.00209355 0.00223433 0.00144442 0.00247734 0.00068298
 0.00339706 0.00170518 0.00219046 0.00160019]",0.0067238472,"[0.00231055 0.00209355 0.00223433 0.00144442 0.00247734 0.00068298
 0.00339703 0.00170518 0.00219047 0.00160018]",0.006723839,"[ 2.79396772e-09  1.39698386e-09  4.42378223e-09  4.30736691e-09
 -4.65661287e-10 -1.16415322e-10 -2.77068466e-08  1.97906047e-09
  7.45058060e-09 -5.23868948e-09]",3.0044177e-08,8.708819e-09,2.8754284e-08,0.0
2,14,0.5,0.01,45.0,False,42,default,6291456,6912870400,"[0.00169673 0.00160826 0.0017255  0.00168163 0.00144258 0.00871742
 0.0016448  0.00166669 0.00156547 0.00164953]","[0.0007    0.0009    0.0007125 0.0006875 0.0005625 0.003625  0.000625
 0.0007    0.000725  0.0007625]",0.0058038416946478225,0.9980793814278673,0.004210107,"[0.00231054 0.00209355 0.00223433 0.00144442 0.00247734 0.00068298
 0.00339706 0.00170518 0.00219046 0.00160019]",0.0067238472,"[0.00231055 0.00209355 0.00223434 0.00144442 0.00247734 0.00068298
 0.00339704 0.00170518 0.00219047 0.00160018]",0.006723848,"[ 2.32830644e-09  3.02679837e-09  9.77888703e-09  4.30736691e-09
  9.31322575e-10  4.07453626e-10 -1.04773790e-08  2.32830644e-10
  4.19095159e-09 -6.05359674e-09]",1.7141637e-08,9.921082e-10,1.7112903e-08,0.0
2,14,0.5,0.01,60.0,False,42,default,6291456,6912870400,"[0.00085759 0.00081287 0.00087213 0.00084996 0.00072913 0.00968851
 0.00083134 0.0008424  0.00079125 0.00083373]","[0.0005125 0.000525  0.0006    0.000575  0.0002875 0.0054875 0.000475
 0.00055   0.000525  0.0004625]",0.004314659811757831,0.999210380005488,0.0056957765,"[0.00231054 0.00209355 0.00223433 0.00144442 0.00247734 0.00068298
 0.00339706 0.00170518 0.00219046 0.00160019]",0.0067238472,"[0.00231055 0.00209355 0.00223434 0.00144442 0.00247734 0.00068298
 0.00339703 0.00170518 0.00219046 0.00160018]",0.006723839,"[ 3.02679837e-09  3.02679837e-09  1.30385160e-08  1.62981451e-09
  2.09547579e-09 -1.74622983e-10 -2.88709998e-08  2.21189111e-09
 -2.09547579e-09 -5.47152013e-09]",3.2682706e-08,8.590549e-09,3.1533503e-08,0.0
2,14,0.5,0.01,74.33823796516322,True,42,default,6291456,6912870400,[0.   0.   0.   0.   0.   0.01 0.   0.   0.   0.  ],[0.   0.   0.   0.   0.   0.01 0.   0.   0.   0.  ],2.2351741811588166e-10,0.99999999,0.01,"[0.00231054 0.00209355 0.00223433 0.00144442 0.00247734 0.00068298
 0.00339706 0.00170518 0.00219046 0.00160019]",0.0067238472,"[0.00231055 0.00209354 0.00223434 0.00144442 0.00247734 0.00068298
 0.00339704 0.00170518 0.00219046 0.00160019]",0.0067238472,"[ 4.65661287e-09 -1.62981451e-09  1.32713467e-08 -8.14907253e-10
 -1.39698386e-09 -1.16415322e-10 -1.07102096e-08  3.60887498e-09
 -1.86264515e-09  8.14907253e-10]",1.8302028e-08,1.0753685e-10,1.8301712e-08,0.0
2,14,0.5,0.1,0.0,False,42,default,6291456,6912870400,"[0.03334387 0.03160524 0.03390929 0.03304714 0.02834949 0.02699579
 0.03232341 0.03275356 0.03076452 0.03241638]","[0.01125  0.01125  0.009375 0.010875 0.007375 0.009125 0.010125 0.009875
 0.010125 0.010625]",0.06835463434857716,0.9962993288234967,0.031817842,"[0.00231054 0.00209355 0.00223433 0.00144442 0.00247734 0.00068298
 0.00339706 0.00170518 0.00219046 0.00160019]",0.0067238472,"[0.00231048 0.00209349 0.00223428 0.00144443 0.00247734 0.000683
 0.00339686 0.00170522 0.00219035 0.00160013]",0.0067236596,"[-6.54254109e-08 -5.35510480e-08 -4.49363142e-08  1.24564394e-08
 -3.02679837e-09  2.09547579e-08 -1.99768692e-07  4.30736691e-08
 -1.06636435e-07 -5.35510480e-08]",2.564621e-07,1.8788776e-07,1.7455946e-07,0.0
2,14,0.5,0.1,15.0,False,42,default,6291456,6912870400,"[0.02978812 0.0282349  0.03029325 0.02952304 0.02532634 0.0509969
 0.02887649 0.02926077 0.02748383 0.02895954]","[0.01025  0.01125  0.008375 0.01     0.0065   0.016875 0.00875  0.00975
 0.008625 0.009625]",0.06757029237162865,0.9950050105745643,0.03267166,"[0.00231054 0.00209355 0.00223433 0.00144442 0.00247734 0.00068298
 0.00339706 0.00170518 0.00219046 0.00160019]",0.0067238472,"[0.00231051 0.00209353 0.00223432 0.00144444 0.00247738 0.000683
 0.00339696 0.00170524 0.0021904  0.00160015]",0.0067237928,"[-3.63215804e-08 -1.42026693e-08 -1.02445483e-08  2.24681571e-08
  4.30736691e-08  2.53203325e-08 -9.15024430e-08  6.49597496e-08
 -6.19329512e-08 -3.25962901e-08]",1.487208e-07,5.4728247e-08,1.3828483e-07,0.0
2,14,0.5,0.1,30.0,False,42,default,6291456,6912870400,"[0.02420237 0.0229404  0.02461278 0.02398699 0.02057724 0.07152265
 0.02346168 0.0237739  0.02233017 0.02352916]","[0.009    0.009625 0.00825  0.008    0.007625 0.024875 0.007375 0.0085
 0.00825  0.0085  ]",0.06474333958804752,0.9983071647282958,0.035349153,"[0.00231054 0.00209355 0.00223433 0.00144442 0.00247734 0.00068298
 0.00339706 0.00170518 0.00219046 0.00160019]",0.0067238472,"[0.00231056 0.00209354 0.00223435 0.00144447 0.00247743 0.000683
 0.00339699 0.00170524 0.0021904  0.00160018]",0.006723863,"[ 1.25728548e-08 -2.56113708e-09  1.81607902e-08  5.19212335e-08
  9.24337655e-08  2.60188244e-08 -6.91507012e-08  6.40284270e-08
 -6.30971044e-08 -1.11758709e-08]",1.5937016e-07,1.5496697e-08,1.5861494e-07,0.0
2,14,0.5,0.1,45.0,False,42,default,6291456,6912870400,"[0.01696726 0.01608255 0.01725498 0.01681627 0.01442584 0.08717425
 0.016448   0.01666688 0.01565474 0.0164953 ]","[0.007    0.009    0.007125 0.006875 0.005625 0.03625  0.00625  0.007
 0.00725  0.007625]",0.05803841532831931,0.9980794431456985,0.04210107,"[0.00231054 0.00209355 0.00223433 0.00144442 0.00247734 0.00068298
 0.00339706 0.00170518 0.00219046 0.00160019]",0.0067238472,"[0.00231053 0.00209353 0.00223432 0.00144444 0.00247736 0.000683
 0.00339692 0.00170521 0.00219037 0.00160017]",0.0067237574,"[-9.08039510e-09 -1.18743628e-08 -6.28642738e-09  1.78115442e-08
  1.86264515e-08  2.42725946e-08 -1.35973096e-07  3.14321369e-08
 -9.26665962e-08 -1.50175765e-08]",1.7264303e-07,9.0240206e-08,1.4718125e-07,0.0
2,14,0.5,0.1,60.0,False,42,default,6291456,6912870400,"[0.00857587 0.0081287  0.00872129 0.00849955 0.00729134 0.09688507
 0.00831341 0.00842404 0.00791247 0.00833732]","[0.005125 0.00525  0.006    0.00575  0.002875 0.054875 0.00475  0.0055
 0.00525  0.004625]",0.0431465980748505,0.9992103819946976,0.056957766,"[0.00231054 0.00209355 0.00223433 0.00144442 0.00247734 0.00068298
 0.00339706 0.00170518 0.00219046 0.00160019]",0.0067238472,"[0.00231057 0.00209355 0.00223433 0.00144443 0.00247735 0.000683
 0.00339697 0.0017052  0.00219039 0.00160015]",0.006723796,"[ 2.67755240e-08  6.28642738e-09 -1.62981451e-09  1.37370080e-08
  9.77888703e-09  1.64145604e-08 -8.89413059e-08  2.88709998e-08
 -7.59027898e-08 -3.45753506e-08]",1.3043639e-07,5.1731362e-08,1.1973938e-07,0.0
2,14,0.5,0.1,74.33823796516322,True,42,default,6291456,6912870400,[0.  0.  0.  0.  0.  0.1 0.  0.  0.  0. ],[0.  0.  0.  0.  0.  0.1 0.  0.  0.  0. ],1.4901161138336505e-09,0.9999999999,0.1,"[0.00231054 0.00209355 0.00223433 0.00144442 0.00247734 0.00068298
 0.00339706 0.00170518 0.00219046 0.00160019]",0.0067238472,"[0.00231052 0.00209348 0.00223428 0.00144438 0.0024773  0.00068298
 0.00339688 0.00170515 0.00219038 0.00160013]",0.0067236503,"[-2.77068466e-08 -6.12344593e-08 -4.44706529e-08 -3.58559191e-08
 -3.65544111e-08 -1.16415322e-09 -1.70897692e-07 -2.61934474e-08
 -8.03265721e-08 -5.58793545e-08]",2.2042045e-07,1.9710501e-07,9.866507e-08,0.0
2,14,0.5,1.0,0.0,False,42,default,6291456,6912870400,"[0.33343868 0.3160524  0.33909288 0.33047138 0.28349491 0.26995791
 0.32323413 0.32753562 0.30764517 0.32416376]","[0.1125  0.1125  0.09375 0.10875 0.07375 0.09125 0.10125 0.09875 0.10125
 0.10625]",0.6835463466834778,0.9962993425603764,0.31817842,"[0.00231054 0.00209355 0.00223433 0.00144442 0.00247734 0.00068298
 0.00339706 0.00170518 0.00219046 0.00160019]",0.0067238472,"[0.00231732 0.00209934 0.0022411  0.00144837 0.00248501 0.00068449
 0.00340751 0.0017102  0.00219639 0.00160434]",0.0067435373,"[6.78072684e-06 5.79375774e-06 6.76652417e-06 3.94834206e-06
 7.67270103e-06 1.51403947e-06 1.04594510e-05 5.02262264e-06
 5.93275763e-06 4.14822716e-06]",1.9726025e-05,1.968955e-05,1.1990553e-06,0.0
2,14,0.5,1.0,15.0,False,42,default,6291456,6912870400,"[0.29788125 0.28234902 0.3029325  0.29523038 0.25326341 0.50996896
 0.2887649  0.29260768 0.27483833 0.2895954 ]","[0.1025  0.1125  0.08375 0.1     0.065   0.16875 0.0875  0.0975  0.08625
 0.09625]",0.6757029297429273,0.9950049922120449,0.3267166,"[0.00231054 0.00209355 0.00223433 0.00144442 0.00247734 0.00068298
 0.00339706 0.00170518 0.00219046 0.00160019]",0.0067238472,"[0.00231802 0.00209979 0.00224142 0.00144864 0.00248537 0.00068467
 0.00340767 0.00171048 0.00219695 0.00160469]",0.006744651,"[7.47479498e-06 6.24614768e-06 7.09434971e-06 4.21958975e-06
 8.03195871e-06 1.69494888e-06 1.06191728e-05 5.30178659e-06
 6.48526475e-06 4.50620428e-06]",2.0824196e-05,2.0803538e-05,9.273939e-07,0.0
2,14,0.5,1.0,30.0,False,42,default,6291456,6912870400,"[0.24202371 0.22940402 0.24612776 0.23986992 0.20577244 0.71522647
 0.23461682 0.23773902 0.2233017  0.23529159]","[0.09    0.09625 0.0825  0.08    0.07625 0.24875 0.07375 0.085   0.0825
 0.085  ]",0.6474334020341439,0.9983071895693868,0.35349151,"[0.00231054 0.00209355 0.00223433 0.00144442 0.00247734 0.00068298
 0.00339706 0.00170518 0.00219046 0.00160019]",0.0067238472,"[0.00231745 0.00209921 0.00224073 0.00144828 0.00248513 0.0006845
 0.0034079  0.00170997 0.00219652 0.00160436]",0.006743629,"[6.90342858e-06 5.65964729e-06 6.40284270e-06 3.86126339e-06
 7.79121183e-06 1.51834683e-06 1.08454842e-05 4.79829032e-06
 6.06197864e-06 4.17570118e-06]",1.98352e-05,1.9781277e-05,1.4615882e-06,0.0
2,14,0.5,1.0,45.0,False,42,default,6291456,6912870400,"[0.16967265 0.16082551 0.17254983 0.16816272 0.14425841 0.87174247
 0.16447999 0.16666883 0.15654744 0.16495304]","[0.07       0.09       0.07125    0.06875    0.05625    0.36250001
 0.0625     0.07       0.0725     0.07625   ]",0.5803841677364491,0.998079409149033,0.4210107,"[0.00231054 0.00209355 0.00223433 0.00144442 0.00247734 0.00068298
 0.00339706 0.00170518 0.00219046 0.00160019]",0.0067238472,"[0.00231785 0.00209942 0.00224094 0.0014484  0.00248522 0.00068452
 0.00340833 0.00171016 0.0021967  0.00160458]",0.0067443415,"[7.30995089e-06 5.87361865e-06 6.61471859e-06 3.98396514e-06
 7.87549652e-06 1.53848669e-06 1.12794805e-05 4.97978181e-06
 6.24265522e-06 4.39374708e-06]",2.054878e-05,2.0493504e-05,1.5061769e-06,0.019782341029446364
2,14,0.5,1.0,60.0,False,42,default,6291456,6912870400,"[0.08575868 0.08128702 0.08721291 0.0849955  0.0729134  0.96885067
 0.08313412 0.08424044 0.07912472 0.08337322]","[0.05125    0.0525     0.06       0.0575     0.02875    0.54874998
 0.0475     0.055      0.0525     0.04625   ]",0.43146597369631107,0.9992103420661473,0.5695777,"[0.00231054 0.00209355 0.00223433 0.00144442 0.00247734 0.00068298
 0.00339706 0.00170518 0.00219046 0.00160019]",0.0067238472,"[0.00231708 0.00209862 0.00223971 0.00144779 0.00248446 0.00068416
 0.00340773 0.00170929 0.00219607 0.00160398]",0.006742093,"[6.53276220e-06 5.07174991e-06 5.37955202e-06 3.37057281e-06
 7.12205656e-06 1.18353637e-06 1.06696971e-05 4.11120709e-06
 5.61214983e-06 3.79735138e-06]",1.8370765e-05,1.8245213e-05,2.1441092e-06,0.0
2,14,0.5,1.0,74.33823796516322,True,42,default,6291456,6912870400,[0. 0. 0. 0. 0. 1. 0. 0. 0. 0.],[0. 0. 0. 0. 0. 1. 0. 0. 0. 0.],0.0,0.9999999999989999,1.0,"[0.00231054 0.00209355 0.00223433 0.00144442 0.00247734 0.00068298
 0.00339706 0.00170518 0.00219046 0.00160019]",0.0067238472,"[0.0023169  0.0020983  0.00223938 0.00144753 0.00248426 0.00068409
 0.00340791 0.0017089  0.00219599 0.00160382]",0.0067416164,"[6.35581091e-06 4.75649722e-06 5.05219214e-06 3.11539043e-06
 6.91972673e-06 1.10716792e-06 1.08536333e-05 3.72331124e-06
 5.53159043e-06 3.62843275e-06]",1.7966295e-05,1.7768461e-05,2.6588796e-06,0.019782341029446364
2,14,0.5,2.0,0.0,False,42,default,6291456,6912870400,"[0.66687735 0.63210479 0.67818576 0.66094276 0.56698982 0.53991581
 0.64646826 0.65507124 0.61529034 0.64832753]","[0.22499999 0.22499999 0.1875     0.2175     0.14749999 0.1825
 0.2025     0.19750001 0.2025     0.21250001]",1.3670926933669556,0.9962993425627248,0.63635683,"[0.00231054 0.00209355 0.00223433 0.00144442 0.00247734 0.00068298
 0.00339706 0.00170518 0.00219046 0.00160019]",0.0067238472,"[0.00233356 0.00211372 0.00225652 0.00145762 0.00250348 0.00068835
 0.00343359 0.00172186 0.002212   0.00161512]",0.0067916834,"[2.30183359e-05 2.01731455e-05 2.21859664e-05 1.32004498e-05
 2.61405949e-05 5.37431333e-06 3.65301967e-05 1.66853424e-05
 2.15431210e-05 1.49293337e-05]",6.793621e-05,6.783488e-05,3.7093523e-06,0.019782341029446364
2,14,0.5,2.0,15.0,False,42,default,6291456,6912870400,"[0.5957625  0.56469803 0.60586499 0.59046076 0.50652683 1.01993791
 0.5775298  0.58521537 0.54967665 0.5791908 ]","[0.205      0.22499999 0.1675     0.2        0.13       0.33750001
 0.175      0.19499999 0.1725     0.1925    ]",1.3514058594858547,0.9950049922143288,0.6534332,"[0.00231054 0.00209355 0.00223433 0.00144442 0.00247734 0.00068298
 0.00339706 0.00170518 0.00219046 0.00160019]",0.0067238472,"[0.00233276 0.00211267 0.00225494 0.001457   0.00250212 0.00068779
 0.00343209 0.00172077 0.0022106  0.0016142 ]",0.0067881625,"[2.22199596e-05 1.91221479e-05 2.06155237e-05 1.25766965e-05
 2.47843564e-05 4.81418101e-06 3.50384507e-05 1.55970920e-05
 2.01365910e-05 1.40095362e-05]",6.444151e-05,6.431409e-05,4.050599e-06,0.03426402009603798
2,14,0.5,2.0,30.0,False,42,default,6291456,6912870400,"[0.48404741 0.45880804 0.49225552 0.47973984 0.41154487 1.43045293
 0.46923364 0.47547804 0.4466034  0.47058317]","[0.18000001 0.1925     0.16500001 0.16       0.1525     0.4975
 0.14749999 0.17       0.16500001 0.17      ]",1.2948668040682878,0.9983071895715048,0.70698303,"[0.00231054 0.00209355 0.00223433 0.00144442 0.00247734 0.00068298
 0.00339706 0.00170518 0.00219046 0.00160019]",0.0067238472,"[0.00233061 0.00211056 0.00225295 0.00145562 0.00249979 0.00068721
 0.0034288  0.00171909 0.00220879 0.00161272]",0.0067818523,"[2.00632494e-05 1.70120038e-05 1.86173711e-05 1.11972913e-05
 2.24455725e-05 4.23530582e-06 3.17425001e-05 1.39126787e-05
 1.83330849e-05 1.25321094e-05]",5.813755e-05,5.8003625e-05,3.943854e-06,0.03956468264845247
2,14,0.5,2.0,45.0,False,42,default,6291456,6912870400,"[0.33934529 0.32165103 0.34509966 0.33632543 0.28851681 1.74348495
 0.32895998 0.33333767 0.31309488 0.32990608]","[0.14       0.18000001 0.1425     0.1375     0.1125     0.72500002
 0.125      0.14       0.145      0.1525    ]",1.1607683354728981,0.998079409150811,0.8420214,"[0.00231054 0.00209355 0.00223433 0.00144442 0.00247734 0.00068298
 0.00339706 0.00170518 0.00219046 0.00160019]",0.0067238472,"[0.00232761 0.00210796 0.00225023 0.00145393 0.00249645 0.00068656
 0.00342385 0.0017169  0.00220617 0.00161081]",0.0067730886,"[1.70664862e-05 1.44166406e-05 1.59018673e-05 9.51020047e-06
 1.91077124e-05 3.57732642e-06 2.67962459e-05 1.17245363e-05
 1.57037284e-05 1.06268562e-05]",4.934937e-05,4.9240432e-05,3.2773034e-06,0.0
2,14,0.5,2.0,60.0,False,42,default,6291456,6912870400,"[0.17151736 0.16257404 0.17442582 0.16999101 0.14582681 1.93770135
 0.16626824 0.16848089 0.15824945 0.16674644]","[0.1025     0.105      0.12       0.115      0.0575     1.09749997
 0.095      0.11       0.105      0.0925    ]",0.8629319473926221,0.999210342067463,1.1391554,"[0.00231054 0.00209355 0.00223433 0.00144442 0.00247734 0.00068298
 0.00339706 0.00170518 0.00219046 0.00160019]",0.0067238472,"[0.00232566 0.00210633 0.00224841 0.00145288 0.00249448 0.00068616
 0.00342154 0.00171583 0.00220452 0.00160968]",0.0067680706,"[1.51118729e-05 1.27810054e-05 1.40818302e-05 8.46013427e-06
 1.71442516e-05 3.18081584e-06 2.44858675e-05 1.06560765e-05
 1.40587799e-05 9.49541572e-06]",4.4345907e-05,4.4222044e-05,3.3121926e-06,0.03426402009603798
2,14,0.5,2.0,74.33823796516322,True,42,default,6291456,6912870400,[0. 0. 0. 0. 0. 2. 0. 0. 0. 0.],[0. 0. 0. 0. 0. 2. 0. 0. 0. 0.],0.0,0.99999999999975,2.0,"[0.00231054 0.00209355 0.00223433 0.00144442 0.00247734 0.00068298
 0.00339706 0.00170518 0.00219046 0.00160019]",0.0067238472,"[0.002324   0.00210537 0.0022474  0.00145224 0.00249305 0.0006859
 0.0034197  0.00171497 0.00220347 0.00160879]",0.0067644757,"[1.34599395e-05 1.18222088e-05 1.30755361e-05 7.82078132e-06
 1.57135073e-05 2.91841570e-06 2.26437114e-05 9.79262404e-06
 1.30124390e-05 8.60344153e-06]",4.0748942e-05,4.0627485e-05,3.1438144e-06,0.03426402009603798
2,14,0.5,5.0,0.0,False,42,default,6291456,6912870400,"[1.66719338 1.58026199 1.6954644  1.6523569  1.41747455 1.34978953
 1.61617065 1.6376781  1.53822585 1.62081882]","[0.5625     0.5625     0.46875    0.54374999 0.36874998 0.45625001
 0.50625002 0.49375001 0.50625002 0.53125   ]",3.417731724519599,0.9962993485173164,1.5908921,"[0.00231054 0.00209355 0.00223433 0.00144442 0.00247734 0.00068298
 0.00339706 0.00170518 0.00219046 0.00160019]",0.0067238472,"[0.00246348 0.00222643 0.00237513 0.00153244 0.00264457 0.00071816
 0.00363664 0.00181206 0.00233213 0.00169944]",0.007166625,"[1.52940163e-04 1.32881803e-04 1.40801072e-04 8.80189473e-05
 1.67233869e-04 3.51831550e-05 2.39585759e-04 1.06880791e-04
 1.41669530e-04 9.92525602e-05]",0.00044336412,0.00044273864,2.3542916e-05,0.18767184827349362
2,14,0.5,5.0,15.0,False,42,default,6291456,6912870400,"[1.48940624 1.41174509 1.51466248 1.4761519  1.26631707 2.54984479
 1.4438245  1.46303842 1.37419163 1.447977  ]","[0.51249999 0.5625     0.41875002 0.5        0.32499999 0.84375
 0.4375     0.48749998 0.43125001 0.48124999]",3.378514650085394,0.9950049550809204,1.6335831,"[0.00231054 0.00209355 0.00223433 0.00144442 0.00247734 0.00068298
 0.00339706 0.00170518 0.00219046 0.00160019]",0.0067238472,"[0.0024487  0.00221472 0.00236302 0.00152465 0.00262958 0.00071525
 0.0036138  0.00180288 0.00231954 0.00169009]",0.0071261823,"[1.38158910e-04 1.21171586e-04 1.28686428e-04 8.02336726e-05
 1.52243534e-04 3.22744600e-05 2.16749264e-04 9.77059826e-05
 1.29080145e-04 8.99055740e-05]",0.00040281413,0.00040230647,2.0217285e-05,0.16071255014426922
2,14,0.5,5.0,30.0,False,42,default,6291456,6912870400,"[1.21011853 1.14702009 1.23063881 1.19934959 1.02886218 3.57613234
 1.1730841  1.1886951  1.11650851 1.17645793]","[0.45000002 0.48124999 0.41250002 0.39999998 0.38125002 1.24374998
 0.36874998 0.42500001 0.41250002 0.42500001]",3.237167027202457,0.9983072307080005,1.7674575,"[0.00231054 0.00209355 0.00223433 0.00144442 0.00247734 0.00068298
 0.00339706 0.00170518 0.00219046 0.00160019]",0.0067238472,"[0.00244469 0.00221028 0.0023583  0.00152163 0.00262454 0.00071404
 0.00360679 0.00179924 0.00231517 0.00168711]",0.0071126227,"[1.34144910e-04 1.16735697e-04 1.23969978e-04 7.72160711e-05
 1.47201587e-04 3.10645555e-05 2.09734542e-04 9.40589234e-05
 1.24706887e-04 8.69233627e-05]",0.00038926778,0.00038874653,2.0138305e-05,0.16071255014426922
2,14,0.5,5.0,45.0,False,42,default,6291456,6912870400,"[0.84836323 0.80412757 0.86274914 0.84081359 0.72129203 4.35871237
 0.82239995 0.83334417 0.78273719 0.82476521]","[0.34999999 0.45000002 0.35624999 0.34375    0.28125    1.8125
 0.3125     0.34999999 0.36249998 0.38125002]",2.901920893749581,0.9980794255866816,2.1050534,"[0.00231054 0.00209355 0.00223433 0.00144442 0.00247734 0.00068298
 0.00339706 0.00170518 0.00219046 0.00160019]",0.0067238472,"[0.0024268  0.00219437 0.00234151 0.00151123 0.00260474 0.00071
 0.00357967 0.00178638 0.00229897 0.00167537]",0.0070609613,"[1.16254436e-04 1.00824749e-04 1.07177999e-04 6.68129651e-05
 1.27401203e-04 2.70163291e-05 1.82614895e-04 8.11993377e-05
 1.08512118e-04 7.51808984e-05]",0.00033758162,0.00033709034,1.8206038e-05,0.14401765375946743
2,14,0.5,5.0,60.0,False,42,default,6291456,6912870400,"[0.42879339 0.40643509 0.43606455 0.42497752 0.36456702 4.84425337
 0.41567061 0.42120221 0.39562362 0.41686609]","[0.25624999 0.26249999 0.29999998 0.28749999 0.14375    2.74374986
 0.2375     0.27500001 0.26249999 0.23125   ]",2.1573299287766234,0.9992104045214336,2.8478882,"[0.00231054 0.00209355 0.00223433 0.00144442 0.00247734 0.00068298
 0.00339706 0.00170518 0.00219046 0.00160019]",0.0067238472,"[0.00241473 0.00218216 0.00232841 0.0015032  0.00259044 0.00070639
 0.00356077 0.00177596 0.00228676 0.00166685]",0.0070231035,"[1.04185659e-04 8.86104535e-05 9.40845348e-05 5.87779796e-05
 1.13103306e-04 2.34080362e-05 1.63710210e-04 7.07887812e-05
 9.63010825e-05 6.66617416e-05]",0.0002998054,0.0002992318,1.853657e-05,0.14935344105781187
2,14,0.5,5.0,74.33823796516322,True,42,default,6291456,6912870400,[0. 0. 0. 0. 0. 5. 0. 0. 0. 0.],[0. 0. 0. 0. 0. 5. 0. 0. 0. 0.],0.0,0.99999999999996,5.0,"[0.00231054 0.00209355 0.00223433 0.00144442 0.00247734 0.00068298
 0.00339706 0.00170518 0.00219046 0.00160019]",0.0067238472,"[0.00239454 0.00216394 0.00230876 0.00149135 0.0025686  0.00070159
 0.00353053 0.00176134 0.00226784 0.00165375]",0.0069646155,"[8.39917921e-05 7.03991391e-05 7.44282734e-05 4.69310908e-05
 9.12621617e-05 1.86139951e-05 1.33476220e-04 5.61688794e-05
 7.73754437e-05 5.35669969e-05]",0.00024136124,0.00024074691,1.7209746e-05,0.1412742076966625
2,4,0.75,0.01,0.0,False,42,default,6291456,6912870400,"[0.00315733 0.00326082 0.00334479 0.00307142 0.00317694 0.00298818
 0.00310101 0.00311125 0.00315949 0.00323673]","[0.0010625 0.0011875 0.0008875 0.00105   0.0008125 0.0009875 0.001025
 0.0008875 0.0010375 0.0010625]",0.00684760284398925,0.9942110665193523,0.0031793278,"[0.0042555  0.00365615 0.00387059 0.00250645 0.00452164 0.00113793
 0.00642988 0.00291694 0.00393921 0.00283595]",0.012161107,"[0.00425551 0.00365613 0.00387061 0.00250645 0.00452166 0.00113793
 0.00642988 0.00291695 0.00393921 0.00283595]",0.012161121,"[ 1.21071935e-08 -1.35041773e-08  2.11875886e-08  3.25962901e-09
  1.67638063e-08 -2.32830644e-10  9.31322575e-10  1.16415322e-09
 -2.79396772e-09  3.49245965e-09]",3.304227e-08,1.4484282e-08,2.9698437e-08,0.0
2,4,0.75,0.01,15.0,False,42,default,6291456,6912870400,"[0.00279387 0.00288544 0.00295975 0.00271785 0.00281123 0.00535629
 0.00274403 0.00275309 0.00279578 0.00286413]","[0.00095   0.00115   0.0008125 0.0009    0.000775  0.0018625 0.000775
 0.000925  0.0009125 0.0009375]",0.006719919210253732,0.9946546893946315,0.003306433,"[0.0042555  0.00365615 0.00387059 0.00250645 0.00452164 0.00113793
 0.00642988 0.00291694 0.00393921 0.00283595]",0.012161107,"[0.00425552 0.00365613 0.00387061 0.00250645 0.00452165 0.00113793
 0.00642988 0.00291694 0.00393922 0.00283595]",0.012161119,"[ 1.86264515e-08 -1.72294676e-08  1.81607902e-08  2.32830644e-09
  8.38190317e-09  3.49245965e-10 -4.65661287e-10 -5.12227416e-09
  6.05359674e-09  4.65661287e-09]",3.3677846e-08,1.2319135e-08,3.134384e-08,0.027976455118293345
2,4,0.75,0.01,30.0,False,42,default,6291456,6912870400,"[0.00224001 0.00231343 0.00237301 0.00217906 0.00225393 0.00735939
 0.00220005 0.00220732 0.00224154 0.00229634]","[0.0008125 0.00105   0.000775  0.000775  0.0008125 0.002575  0.0007375
 0.000775  0.0008375 0.00085  ]",0.006432802689876385,0.9975341009362726,0.0035809388,"[0.0042555  0.00365615 0.00387059 0.00250645 0.00452164 0.00113793
 0.00642988 0.00291694 0.00393921 0.00283595]",0.012161107,"[0.00425552 0.00365613 0.00387061 0.00250645 0.00452165 0.00113794
 0.0064299  0.00291694 0.0039392  0.00283597]",0.012161125,"[ 2.23517418e-08 -1.97906047e-08  2.02562660e-08  4.65661287e-09
  8.38190317e-09  9.31322575e-10  1.25728548e-08 -8.14907253e-09
 -6.51925802e-09  1.65309757e-08]",4.398466e-08,1.8918293e-08,3.9708294e-08,0.027976455118293345
2,4,0.75,0.01,45.0,False,42,default,6291456,6912870400,"[0.0015335  0.00158376 0.00162455 0.00149177 0.00154302 0.00886095
 0.00150614 0.00151112 0.00153455 0.00157206]","[0.0006625 0.00085   0.00075   0.0005375 0.0007125 0.0037875 0.0005875
 0.0006375 0.00075   0.000725 ]",0.005687032337667323,0.9984242267780985,0.004324964,"[0.0042555  0.00365615 0.00387059 0.00250645 0.00452164 0.00113793
 0.00642988 0.00291694 0.00393921 0.00283595]",0.012161107,"[0.00425551 0.00365612 0.00387061 0.00250645 0.00452165 0.00113793
 0.0064299  0.00291694 0.00393922 0.00283596]",0.012161132,"[ 1.35041773e-08 -2.21189111e-08  2.28174031e-08  2.79396772e-09
  1.44354999e-08  5.82076609e-10  1.35041773e-08 -2.79396772e-09
  1.07102096e-08  1.46683306e-08]",4.391821e-08,2.4695131e-08,3.6317484e-08,0.03426402009603798
2,4,0.75,0.01,60.0,False,42,default,6291456,6912870400,"[0.00072248 0.00074616 0.00076538 0.00070282 0.00072697 0.00975866
 0.00070959 0.00071194 0.00072297 0.00074065]","[0.0004375 0.0005    0.000575  0.0005    0.00035   0.0058875 0.000325
 0.0005375 0.00045   0.0004375]",0.003961301295365509,0.9992981763742972,0.0060494314,"[0.0042555  0.00365615 0.00387059 0.00250645 0.00452164 0.00113793
 0.00642988 0.00291694 0.00393921 0.00283595]",0.012161107,"[0.00425551 0.00365612 0.00387061 0.00250645 0.00452165 0.00113794
 0.0064299  0.00291694 0.00393921 0.00283596]",0.012161122,"[ 1.16415322e-08 -2.72411853e-08  2.28174031e-08  3.49245965e-09
  8.38190317e-09  1.16415322e-09  1.62981451e-08 -6.98491931e-09
 -4.65661287e-10  8.38190317e-09]",4.3208125e-08,1.5836946e-08,4.0201158e-08,0.027976455118293345
2,4,0.75,0.01,72.61339599753754,True,42,default,6291456,6912870400,[0.   0.   0.   0.   0.   0.01 0.   0.   0.   0.  ],[0.   0.   0.   0.   0.   0.01 0.   0.   0.   0.  ],2.2351741811588166e-10,0.99999999,0.01,"[0.0042555  0.00365615 0.00387059 0.00250645 0.00452164 0.00113793
 0.00642988 0.00291694 0.00393921 0.00283595]",0.012161107,"[0.00425552 0.00365613 0.0038706  0.00250645 0.00452161 0.00113793
 0.00642987 0.00291694 0.00393921 0.00283594]",0.01216109,"[ 1.39698386e-08 -2.07219273e-08  1.11758709e-08  1.86264515e-09
 -2.46800482e-08 -1.86264515e-09 -9.31322575e-09 -6.98491931e-09
 -2.32830644e-09 -6.28642738e-09]",3.9318746e-08,1.5570867e-08,3.6104183e-08,0.0
2,4,0.75,0.1,0.0,False,42,default,6291456,6912870400,"[0.03157335 0.03260816 0.03344794 0.03071418 0.03176944 0.02988177
 0.03101007 0.03111246 0.0315949  0.03236728]","[0.010625 0.011875 0.008875 0.0105   0.008125 0.009875 0.01025  0.008875
 0.010375 0.010625]",0.06847602772316241,0.9942111337331692,0.031793278,"[0.0042555  0.00365615 0.00387059 0.00250645 0.00452164 0.00113793
 0.00642988 0.00291694 0.00393921 0.00283595]",0.012161107,"[0.00425511 0.00365582 0.00387039 0.00250616 0.00452114 0.00113791
 0.00642901 0.00291676 0.00393881 0.00283564]",0.01215985,"[-3.93018126e-07 -3.26195732e-07 -2.05589458e-07 -2.89641321e-07
 -4.94997948e-07 -2.16532499e-08 -8.74977559e-07 -1.83936208e-07
 -3.99071723e-07 -3.12924385e-07]",1.29966e-06,1.2557798e-06,3.3486216e-07,0.027976455118293345
2,4,0.75,0.1,15.0,False,42,default,6291456,6912870400,"[0.02793873 0.02885442 0.02959752 0.02717847 0.02811225 0.05356294
 0.02744029 0.0275309  0.0279578  0.02864126]","[0.0095   0.0115   0.008125 0.009    0.00775  0.018625 0.00775  0.00925
 0.009125 0.009375]",0.06719919092087297,0.9946547260947741,0.03306433,"[0.0042555  0.00365615 0.00387059 0.00250645 0.00452164 0.00113793
 0.00642988 0.00291694 0.00393921 0.00283595]",0.012161107,"[0.00425486 0.00365573 0.00387028 0.00250613 0.00452111 0.00113789
 0.00642884 0.0029167  0.00393874 0.00283549]",0.012159522,"[-6.42146915e-07 -4.15369868e-07 -3.09664756e-07 -3.16882506e-07
 -5.26197255e-07 -3.98140401e-08 -1.04680657e-06 -2.46334821e-07
 -4.71249223e-07 -4.56115231e-07]",1.6267335e-06,1.5843937e-06,3.6872484e-07,0.0
2,4,0.75,0.1,30.0,False,42,default,6291456,6912870400,"[0.02240013 0.02313429 0.02373008 0.02179058 0.02253925 0.07359388
 0.02200051 0.02207315 0.02241542 0.02296339]","[0.008125 0.0105   0.00775  0.00775  0.008125 0.02575  0.007375 0.00775
 0.008375 0.0085  ]",0.06432802478058539,0.9975341225247633,0.03580939,"[0.0042555  0.00365615 0.00387059 0.00250645 0.00452164 0.00113793
 0.00642988 0.00291694 0.00393921 0.00283595]",0.012161107,"[0.00425492 0.00365575 0.0038703  0.00250612 0.00452114 0.00113791
 0.00642888 0.0029167  0.00393875 0.00283557]",0.012159608,"[-5.83473593e-07 -3.96510586e-07 -2.89175659e-07 -3.30852345e-07
 -4.95929271e-07 -2.53785402e-08 -1.00675970e-06 -2.40514055e-07
 -4.56813723e-07 -3.83704901e-07]",1.5377445e-06,1.4978137e-06,3.4815392e-07,0.027976455118293345
2,4,0.75,0.1,45.0,False,42,default,6291456,6912870400,"[0.015335   0.0158376  0.01624548 0.01491771 0.01543024 0.08860952
 0.01506142 0.01511115 0.01534547 0.01572061]","[0.006625 0.0085   0.0075   0.005375 0.007125 0.037875 0.005875 0.006375
 0.0075   0.00725 ]",0.05687032135218185,0.9984242320191026,0.04324964,"[0.0042555  0.00365615 0.00387059 0.00250645 0.00452164 0.00113793
 0.00642988 0.00291694 0.00393921 0.00283595]",0.012161107,"[0.00425463 0.00365587 0.00387024 0.00250618 0.00452119 0.00113791
 0.00642866 0.00291673 0.00393864 0.00283544]",0.012159383,"[-8.69389623e-07 -2.78465450e-07 -3.52505594e-07 -2.67755240e-07
 -4.54019755e-07 -2.06055120e-08 -1.22003257e-06 -2.10246071e-07
 -5.66244125e-07 -5.10597602e-07]",1.8302782e-06,1.7240376e-06,6.145016e-07,0.03426402009603798
2,4,0.75,0.1,60.0,False,42,default,6291456,6912870400,"[0.00722482 0.00746161 0.00765377 0.00702822 0.00726969 0.09758657
 0.00709592 0.00711935 0.00722975 0.00740649]","[0.004375 0.005    0.00575  0.005    0.0035   0.058875 0.00325  0.005375
 0.0045   0.004375]",0.039613011062400144,0.9992981468930979,0.06049432,"[0.0042555  0.00365615 0.00387059 0.00250645 0.00452164 0.00113793
 0.00642988 0.00291694 0.00393921 0.00283595]",0.012161107,"[0.00425405 0.00365557 0.00387002 0.0025059  0.00452079 0.00113792
 0.0064284  0.00291661 0.00393854 0.00283533]",0.0121585885,"[-1.44774094e-06 -5.72064891e-07 -5.74858859e-07 -5.43426722e-07
 -8.47503543e-07 -1.39698386e-08 -1.48499385e-06 -3.30386683e-07
 -6.73346221e-07 -6.22123480e-07]",2.631015e-06,2.5175627e-06,7.64275e-07,0.0
2,4,0.75,0.1,72.61339599753754,True,42,default,6291456,6912870400,[0.  0.  0.  0.  0.  0.1 0.  0.  0.  0. ],[0.  0.  0.  0.  0.  0.1 0.  0.  0.  0. ],1.4901161138336505e-09,0.9999999999,0.1,"[0.0042555  0.00365615 0.00387059 0.00250645 0.00452164 0.00113793
 0.00642988 0.00291694 0.00393921 0.00283595]",0.012161107,"[0.00425401 0.00365561 0.00386992 0.00250587 0.00452073 0.00113791
 0.00642766 0.00291658 0.00393837 0.00283527]",0.012158056,"[-1.49430707e-06 -5.35510480e-07 -6.70552254e-07 -5.75091690e-07
 -9.04779881e-07 -2.39815563e-08 -2.22586095e-06 -3.65078449e-07
 -8.40984285e-07 -6.84056431e-07]",3.2221458e-06,3.0508636e-06,1.0365587e-06,0.027976455118293345
2,4,0.75,1.0,0.0,False,42,default,6291456,6912870400,"[0.3157335  0.3260816  0.33447939 0.30714181 0.31769445 0.29881768
 0.3101007  0.31112465 0.31594901 0.32367275]","[0.10625 0.11875 0.08875 0.105   0.08125 0.09875 0.1025  0.08875 0.10375
 0.10625]",0.684760281536569,0.9942111910055599,0.31793275,"[0.0042555  0.00365615 0.00387059 0.00250645 0.00452164 0.00113793
 0.00642988 0.00291694 0.00393921 0.00283595]",0.012161107,"[0.00420823 0.00361709 0.0038295  0.0024801  0.00447262 0.00112735
 0.00635817 0.00288607 0.00389712 0.00280557]",0.012029056,"[-4.72734682e-05 -3.90617643e-05 -4.10925131e-05 -2.63485126e-05
 -4.90243547e-05 -1.05823856e-05 -7.17081130e-05 -3.08707822e-05
 -4.20899596e-05 -3.03834677e-05]",0.00013209312,0.00013205083,3.3427607e-06,0.027976455118293345
2,4,0.75,1.0,15.0,False,42,default,6291456,6912870400,"[0.2793873  0.28854417 0.29597523 0.27178466 0.28112251 0.53562937
 0.27440294 0.27530901 0.27957801 0.28641261]","[0.095   0.115   0.08125 0.09    0.0775  0.18625 0.0775  0.0925  0.09125
 0.09375]",0.6719919149566926,0.9946547766193845,0.3306433,"[0.0042555  0.00365615 0.00387059 0.00250645 0.00452164 0.00113793
 0.00642988 0.00291694 0.00393921 0.00283595]",0.012161107,"[0.00420685 0.00361652 0.00382983 0.00247978 0.00447167 0.00112714
 0.00635497 0.00288618 0.0038966  0.00280502]",0.012026106,"[-4.86504287e-05 -3.96289397e-05 -4.07646876e-05 -2.66681891e-05
 -4.99659218e-05 -1.07988017e-05 -7.49169849e-05 -3.07676382e-05
 -4.26059123e-05 -3.09296884e-05]",0.00013510954,0.0001350014,5.4037896e-06,0.027976455118293345
2,4,0.75,1.0,30.0,False,42,default,6291456,6912870400,"[0.22400132 0.23134292 0.23730084 0.21790584 0.22539254 0.73593881
 0.22000506 0.22073151 0.22415422 0.22963393]","[0.08125    0.105      0.0775     0.0775     0.08125    0.25749999
 0.07375    0.0775     0.08375    0.085     ]",0.6432802562648787,0.99753414070431,0.3580939,"[0.0042555  0.00365615 0.00387059 0.00250645 0.00452164 0.00113793
 0.00642988 0.00291694 0.00393921 0.00283595]",0.012161107,"[0.00420377 0.00361466 0.00382753 0.00247836 0.00446809 0.00112661
 0.00634932 0.00288408 0.00389398 0.00280335]",0.012017337,"[-5.17275184e-05 -4.14832029e-05 -4.30608634e-05 -2.80847307e-05
 -5.35524450e-05 -1.13290735e-05 -8.05673189e-05 -3.28635797e-05
 -4.52280510e-05 -3.26021109e-05]",0.00014392837,0.0001437711,6.725927e-06,0.03426402009603798
2,4,0.75,1.0,45.0,False,42,default,6291456,6912870400,"[0.15335002 0.15837604 0.1624548  0.14917709 0.15430244 0.88609523
 0.15061421 0.15111153 0.1534547  0.15720607]","[0.06625 0.085   0.075   0.05375 0.07125 0.37875 0.05875 0.06375 0.075
 0.0725 ]",0.5687032218207092,0.9984242990005222,0.43249637,"[0.0042555  0.00365615 0.00387059 0.00250645 0.00452164 0.00113793
 0.00642988 0.00291694 0.00393921 0.00283595]",0.012161107,"[0.00420025 0.00361169 0.00382455 0.00247661 0.00446335 0.00112546
 0.0063438  0.00288231 0.00389069 0.00280096]",0.012007072,"[-5.52465208e-05 -4.44562174e-05 -4.60364390e-05 -2.98342202e-05
 -5.82891516e-05 -1.24694780e-05 -8.60858709e-05 -3.46316956e-05
 -4.85202763e-05 -3.49862967e-05]",0.00015420593,0.00015403613,7.2344947e-06,0.044234660174789026
2,4,0.75,1.0,60.0,False,42,default,6291456,6912870400,"[0.07224817 0.07461609 0.07653773 0.07028217 0.07269689 0.97586573
 0.07095924 0.07119355 0.07229749 0.07406488]","[0.04375 0.05    0.0575  0.05    0.035   0.58875 0.0325  0.05375 0.045
 0.04375]",0.3961301257448638,0.999298171194028,0.60494316,"[0.0042555  0.00365615 0.00387059 0.00250645 0.00452164 0.00113793
 0.00642988 0.00291694 0.00393921 0.00283595]",0.012161107,"[0.0041979  0.00361094 0.00382392 0.00247598 0.00446138 0.00112514
 0.00634039 0.00288166 0.0038891  0.00280001]",0.01200223,"[-5.76027669e-05 -4.52089589e-05 -4.66662459e-05 -3.04684509e-05
 -6.02621585e-05 -1.27987005e-05 -8.94945115e-05 -3.52878124e-05
 -5.01109753e-05 -3.59371770e-05]",0.00015912391,0.00015887913,8.822525e-06,0.044234660174789026
2,4,0.75,1.0,72.61339599753754,True,42,default,6291456,6912870400,[0. 0. 0. 0. 0. 1. 0. 0. 0. 0.],[0. 0. 0. 0. 0. 1. 0. 0. 0. 0.],0.0,0.9999999999989999,1.0,"[0.0042555  0.00365615 0.00387059 0.00250645 0.00452164 0.00113793
 0.00642988 0.00291694 0.00393921 0.00283595]",0.012161107,"[0.00419621 0.00360997 0.00382363 0.00247535 0.00446013 0.00112547
 0.00633571 0.00288145 0.00388736 0.00279883]",0.011997332,"[-5.92865981e-05 -4.61756717e-05 -4.69572842e-05 -3.11008189e-05
 -6.15115277e-05 -1.24685466e-05 -9.41734761e-05 -3.54954973e-05
 -5.18544111e-05 -3.71190254e-05]",0.00016417597,0.00016377961,1.1401047e-05,0.05595291190411357
2,4,0.75,2.0,0.0,False,42,default,6291456,6912870400,"[0.63146699 0.65216321 0.66895878 0.61428363 0.6353889  0.59763536
 0.62020141 0.6222493  0.63189802 0.6473455 ]","[0.21250001 0.2375     0.17749999 0.20999999 0.16249999 0.19750001
 0.205      0.17749999 0.2075     0.21250001]",1.369520563073138,0.9942111910079051,0.6358655,"[0.0042555  0.00365615 0.00387059 0.00250645 0.00452164 0.00113793
 0.00642988 0.00291694 0.00393921 0.00283595]",0.012161107,"[0.00415336 0.00357521 0.00378646 0.00245127 0.00441512 0.00111592
 0.00626831 0.00285407 0.00384856 0.00277059]",0.011876118,"[-1.02143735e-04 -8.09321646e-05 -8.41291621e-05 -5.51722478e-05
 -1.06520951e-04 -2.20175134e-05 -1.61569566e-04 -6.28719572e-05
 -9.06470232e-05 -6.53637107e-05]",0.00028545305,0.00028499914,1.6090273e-05,0.08156468806857739
2,4,0.75,2.0,15.0,False,42,default,6291456,6912870400,"[0.5587746  0.57708833 0.59195046 0.54356932 0.56224503 1.07125875
 0.54880587 0.55061802 0.55915601 0.57282523]","[0.19       0.23       0.16249999 0.18000001 0.155      0.3725
 0.155      0.185      0.1825     0.1875    ]",1.3439838299133853,0.9946547766216406,0.6612866,"[0.0042555  0.00365615 0.00387059 0.00250645 0.00452164 0.00113793
 0.00642988 0.00291694 0.00393921 0.00283595]",0.012161107,"[0.00414997 0.00357191 0.00378338 0.00244939 0.00441129 0.00111495
 0.00626342 0.0028517  0.00384481 0.00276847]",0.011866194,"[-1.05530955e-04 -8.42353329e-05 -8.72081146e-05 -5.70556149e-05
 -1.10349618e-04 -2.29796860e-05 -1.66459009e-04 -6.52414747e-05
 -9.44046769e-05 -6.74750190e-05]",0.0002953443,0.00029492227,1.5782463e-05,0.07661668268387072
2,4,0.75,2.0,30.0,False,42,default,6291456,6912870400,"[0.44800264 0.46268584 0.47460169 0.43581167 0.45078509 1.47187762
 0.44001012 0.44146303 0.44830844 0.45926786]","[0.16249999 0.20999999 0.155      0.155      0.16249999 0.51499999
 0.14749999 0.155      0.1675     0.17      ]",1.2865605125297574,0.9975341407063991,0.7161878,"[0.0042555  0.00365615 0.00387059 0.00250645 0.00452164 0.00113793
 0.00642988 0.00291694 0.00393921 0.00283595]",0.012161107,"[0.00414346 0.00356768 0.00377944 0.00244609 0.00440542 0.00111399
 0.00625447 0.00284867 0.00383938 0.00276541]",0.011850501,"[-1.12036243e-04 -8.84688925e-05 -9.11541283e-05 -6.03597146e-05
 -1.16222072e-04 -2.39444198e-05 -1.75414607e-04 -6.82759564e-05
 -9.98333562e-05 -7.05383718e-05]",0.0003111051,0.0003106178,1.7406017e-05,0.08846932694105811
2,4,0.75,2.0,45.0,False,42,default,6291456,6912870400,"[0.30670004 0.31675208 0.3249096  0.29835418 0.30860489 1.77219047
 0.30122841 0.30222306 0.30690939 0.31441215]","[0.13249999 0.17       0.15000001 0.1075     0.1425     0.75749999
 0.1175     0.1275     0.15000001 0.145     ]",1.1374064436414184,0.9984242990022535,0.86499274,"[0.0042555  0.00365615 0.00387059 0.00250645 0.00452164 0.00113793
 0.00642988 0.00291694 0.00393921 0.00283595]",0.012161107,"[0.00413999 0.00356474 0.00377573 0.00244383 0.00439999 0.00111336
 0.00624605 0.0028462  0.00383583 0.00276254]",0.011837823,"[-1.15507748e-04 -9.14037228e-05 -9.48645175e-05 -6.26114197e-05
 -1.21650752e-04 -2.45695701e-05 -1.83831900e-04 -7.07462896e-05
 -1.03376806e-04 -7.34122004e-05]",0.00032387348,0.00032329775,1.9302082e-05,0.09278741380920028
2,4,0.75,2.0,60.0,False,42,default,6291456,6912870400,"[0.14449634 0.14923218 0.15307546 0.14056433 0.14539378 1.95173146
 0.14191848 0.14238709 0.14459497 0.14812977]","[0.0875     0.1        0.115      0.1        0.07       1.17750001
 0.065      0.1075     0.09       0.0875    ]",0.7922602514897276,0.9992981711952668,1.2098863,"[0.0042555  0.00365615 0.00387059 0.00250645 0.00452164 0.00113793
 0.00642988 0.00291694 0.00393921 0.00283595]",0.012161107,"[0.0041303  0.00355813 0.00376952 0.00243959 0.0043915  0.00111126
 0.00623225 0.00284096 0.00382807 0.00275705]",0.011813896,"[-1.25200488e-04 -9.80179757e-05 -1.01075275e-04 -6.68584835e-05
 -1.30140223e-04 -2.66776187e-05 -1.97629444e-04 -7.59798568e-05
 -1.11143803e-04 -7.88981561e-05]",0.00034788693,0.00034722948,2.1377575e-05,0.10653118153060223
2,4,0.75,2.0,72.61339599753754,True,42,default,6291456,6912870400,[0. 0. 0. 0. 0. 2. 0. 0. 0. 0.],[0. 0. 0. 0. 0. 2. 0. 0. 0. 0.],0.0,0.99999999999975,2.0,"[0.0042555  0.00365615 0.00387059 0.00250645 0.00452164 0.00113793
 0.00642988 0.00291694 0.00393921 0.00283595]",0.012161107,"[0.00409387 0.00353208 0.00374316 0.00242198 0.00435426 0.00110505
 0.00617403 0.00282104 0.00379885 0.00273623]",0.011717012,"[-1.61634292e-04 -1.24066137e-04 -1.27434731e-04 -8.44660681e-05
 -1.67379156e-04 -3.28808092e-05 -2.55853869e-04 -9.59006138e-05
 -1.40362186e-04 -9.97227617e-05]",0.00044530147,0.00044413825,3.216532e-05,0.15701751249847418
2,4,0.75,5.0,0.0,False,42,default,6291456,6912870400,"[1.57866748 1.63040802 1.67239696 1.53570906 1.58847224 1.49408839
 1.55050352 1.55562325 1.57974506 1.61836376]","[0.53125    0.59375    0.44374999 0.52499998 0.40625    0.49375001
 0.51249999 0.44374999 0.51875001 0.53125   ]",3.4238014041869307,0.9942111367789627,1.5896639,"[0.0042555  0.00365615 0.00387059 0.00250645 0.00452164 0.00113793
 0.00642988 0.00291694 0.00393921 0.00283595]",0.012161107,"[0.00423139 0.00364504 0.00385854 0.00249685 0.00449994 0.00113375
 0.00638772 0.00290901 0.00392282 0.00282038]",0.012101934,"[-2.41068192e-05 -1.11095142e-05 -1.20475888e-05 -9.59378667e-06
 -2.16970220e-05 -4.18291893e-06 -4.21670265e-05 -7.93067738e-06
 -1.63917430e-05 -1.55710150e-05]",6.14988e-05,5.9183734e-05,1.671489e-05,0.08392937202498843
2,4,0.75,5.0,15.0,False,42,default,6291456,6912870400,"[1.3969365  1.44272083 1.47987615 1.35892331 1.40561257 2.67814686
 1.37201468 1.37654504 1.39789003 1.43206307]","[0.47499999 0.57499999 0.40625    0.45000002 0.38749999 0.93124998
 0.38749999 0.46250001 0.45625001 0.46875   ]",3.3599596001706287,0.9946546890038971,1.6532166,"[0.0042555  0.00365615 0.00387059 0.00250645 0.00452164 0.00113793
 0.00642988 0.00291694 0.00393921 0.00283595]",0.012161107,"[0.00418266 0.00360495 0.00381925 0.00247039 0.00444799 0.00112319
 0.00631157 0.00287788 0.00387859 0.0027905 ]",0.011965548,"[-7.28396699e-05 -5.11961989e-05 -5.13445120e-05 -3.60577833e-05
 -7.36541115e-05 -1.47463288e-05 -1.18315686e-04 -3.90666537e-05
 -6.06216490e-05 -4.54462133e-05]",0.00019690256,0.0001955804,2.2779926e-05,0.11190583714844751
2,4,0.75,5.0,30.0,False,42,default,6291456,6912870400,"[1.1200066  1.15671461 1.18650422 1.08952918 1.12696272 3.67969405
 1.10002531 1.10365757 1.1207711  1.14816965]","[0.40625    0.52499998 0.38749999 0.38749999 0.40625    1.2874999
 0.36874998 0.38749999 0.41875002 0.42500001]",3.216401329137429,0.9975340645205625,1.7904695,"[0.0042555  0.00365615 0.00387059 0.00250645 0.00452164 0.00113793
 0.00642988 0.00291694 0.00393921 0.00283595]",0.012161107,"[0.00417691 0.00359918 0.00381095 0.00246628 0.00444017 0.00112136
 0.00630179 0.00287262 0.00387181 0.00278636]",0.011945642,"[-7.85896555e-05 -5.69676049e-05 -5.96453901e-05 -4.01609577e-05
 -8.14730301e-05 -1.65705569e-05 -1.28090847e-04 -4.43209428e-05
 -6.73970208e-05 -4.95922286e-05]",0.00021651309,0.00021548329,2.109175e-05,0.10279207254188717
2,4,0.75,5.0,45.0,False,42,default,6291456,6912870400,"[0.7667501  0.7918802  0.812274   0.74588544 0.77151222 4.43047617
 0.75307103 0.75555765 0.76727348 0.78603037]","[0.33124998 0.42500001 0.375      0.26875001 0.35624999 1.89374995
 0.29374999 0.31874999 0.375      0.36249998]",2.8435161418292085,0.9984243113417541,2.1624818,"[0.0042555  0.00365615 0.00387059 0.00250645 0.00452164 0.00113793
 0.00642988 0.00291694 0.00393921 0.00283595]",0.012161107,"[0.00414199 0.00357086 0.00378355 0.00244821 0.00440515 0.00111396
 0.00624759 0.00285102 0.00384077 0.00276529]",0.011849956,"[-1.13506801e-04 -8.52819066e-05 -8.70381482e-05 -5.82367647e-05
 -1.16493553e-04 -2.39701476e-05 -1.82294752e-04 -6.59194775e-05
 -9.84410290e-05 -7.06589781e-05]",0.0003122969,0.0003111796,2.6392907e-05,0.1282042487280194
2,4,0.75,5.0,60.0,False,42,default,6291456,6912870400,"[0.36124086 0.37308046 0.38268864 0.35141084 0.36348445 4.87932866
 0.3547962  0.35596773 0.36148744 0.37032442]","[0.21875    0.25       0.28749999 0.25       0.175      2.9437499
 0.16249999 0.26875001 0.22500001 0.21875   ]",1.980650745653534,0.999298093155764,3.024716,"[0.0042555  0.00365615 0.00387059 0.00250645 0.00452164 0.00113793
 0.00642988 0.00291694 0.00393921 0.00283595]",0.012161107,"[0.00411258 0.00354847 0.00375914 0.00243203 0.00437405 0.00110781
 0.00620146 0.0028325  0.00381522 0.00274735]",0.011768407,"[-1.42919365e-04 -1.07672531e-04 -1.11453468e-04 -7.44131394e-05
 -1.47589482e-04 -3.01266555e-05 -2.28424557e-04 -8.44476745e-05
 -1.23990467e-04 -8.85974150e-05]",0.00039395574,0.00039273943,3.0932268e-05,0.1506578634376723
2,4,0.75,5.0,72.61339599753754,True,42,default,6291456,6912870400,[0. 0. 0. 0. 0. 5. 0. 0. 0. 0.],[0. 0. 0. 0. 0. 5. 0. 0. 0. 0.],0.0,0.99999999999996,5.0,"[0.0042555  0.00365615 0.00387059 0.00250645 0.00452164 0.00113793
 0.00642988 0.00291694 0.00393921 0.00283595]",0.012161107,"[0.00411252 0.00354823 0.00375848 0.00243246 0.00437407 0.00110828
 0.00620138 0.0028321  0.0038145  0.00274792]",0.011768007,"[-1.42985024e-04 -1.07920030e-04 -1.12109818e-04 -7.39812385e-05
 -1.47569925e-04 -2.96542421e-05 -2.28499528e-04 -8.48476775e-05
 -1.24706188e-04 -8.80279113e-05]",0.00039433647,0.00039313987,3.0696592e-05,0.1532333996180995
2,0,0.75,0.01,0.0,False,42,default,6291456,6912870400,"[0.00312754 0.00312561 0.00315272 0.00320095 0.00324082 0.00320669
 0.00329821 0.00314606 0.00315162 0.00296124]","[0.0010625 0.00115   0.000875  0.001075  0.0007375 0.0011    0.0011125
 0.0008625 0.0010625 0.0009625]",0.006850636691957394,0.9917176970257625,0.0031880147,"[0.00297852 0.00266072 0.00283591 0.00184149 0.00320484 0.00088716
 0.00442906 0.00216096 0.00281267 0.0020359 ]",0.008647824,"[0.00297852 0.00266071 0.0028359  0.00184147 0.00320484 0.00088715
 0.00442905 0.00216094 0.00281268 0.00203591]",0.008647813,"[ 9.31322575e-10 -1.62981451e-09 -7.21774995e-09 -1.49011612e-08
  9.31322575e-10 -5.18048182e-09 -1.11758709e-08 -2.04890966e-08
  1.35041773e-08  6.51925802e-09]",3.278621e-08,1.0823794e-08,3.0948037e-08,0.0
2,0,0.75,0.01,15.0,False,42,default,6291456,6912870400,"[0.00277001 0.00276831 0.00279232 0.00283503 0.00287034 0.00284012
 0.00292117 0.00278641 0.00279134 0.00533245]","[0.0009375 0.001075  0.0007625 0.0009625 0.0008125 0.0009625 0.0010375
 0.000775  0.000925  0.00175  ]",0.006747092398415128,0.9955046588782963,0.0032747614,"[0.00297852 0.00266072 0.00283591 0.00184149 0.00320484 0.00088716
 0.00442906 0.00216096 0.00281267 0.0020359 ]",0.008647824,"[0.00297852 0.00266071 0.0028359  0.00184147 0.00320484 0.00088715
 0.00442905 0.00216094 0.00281268 0.0020359 ]",0.00864781,"[ 1.62981451e-09 -2.32830644e-10 -7.21774995e-09 -1.58324838e-08
  2.32830644e-09 -3.43425199e-09 -1.16415322e-08 -2.39815563e-08
  1.37370080e-08 -5.58793545e-09]",3.540141e-08,1.35406655e-08,3.2709483e-08,0.0
2,0,0.75,0.01,30.0,False,42,default,6291456,6912870400,"[0.00222371 0.00222235 0.00224162 0.00227591 0.00230426 0.00227999
 0.00234506 0.00223688 0.00224084 0.00734026]","[0.0008125 0.00095   0.0007375 0.000825  0.0008625 0.000575  0.0009625
 0.0009125 0.0006875 0.002675 ]",0.00638799761834368,0.9951101096196939,0.0036399262,"[0.00297852 0.00266072 0.00283591 0.00184149 0.00320484 0.00088716
 0.00442906 0.00216096 0.00281267 0.0020359 ]",0.008647824,"[0.00297852 0.00266072 0.0028359  0.00184147 0.00320484 0.00088715
 0.00442905 0.00216094 0.00281268 0.00203591]",0.008647812,"[ 1.39698386e-09  1.16415322e-09 -8.14907253e-09 -1.64145604e-08
  0.00000000e+00 -2.79396772e-09 -9.77888703e-09 -2.46800482e-08
  1.21071935e-08  3.02679837e-09]",3.474817e-08,1.2140121e-08,3.255845e-08,0.0
2,0,0.75,0.01,45.0,False,42,default,6291456,6912870400,"[0.00152587 0.00152493 0.00153816 0.00156169 0.00158114 0.00156449
 0.00160914 0.00153491 0.00153762 0.00884784]","[0.0006625 0.0008125 0.0007625 0.000525  0.0007125 0.0007125 0.00055
 0.0007125 0.0006625 0.0038875]",0.005619495405902055,0.997901906265347,0.004396945,"[0.00297852 0.00266072 0.00283591 0.00184149 0.00320484 0.00088716
 0.00442906 0.00216096 0.00281267 0.0020359 ]",0.008647824,"[0.00297853 0.00266071 0.0028359  0.00184147 0.00320483 0.00088715
 0.00442906 0.00216094 0.00281268 0.00203591]",0.0086478125,"[ 6.05359674e-09 -4.65661287e-10 -1.02445483e-08 -1.72294676e-08
 -6.98491931e-09 -2.44472176e-09 -6.98491931e-09 -2.09547579e-08
  1.32713467e-08  4.42378223e-09]",3.4307774e-08,1.1381804e-08,3.2364763e-08,0.0
2,0,0.75,0.01,60.0,False,42,default,6291456,6912870400,"[0.00072405 0.0007236  0.00072988 0.00074104 0.00075027 0.00074237
 0.00076356 0.00072833 0.00072962 0.00975246]","[0.0004375 0.000475  0.0005625 0.0005375 0.0003375 0.0004    0.00045
 0.000525  0.0004625 0.0058125]",0.004029297392336473,0.999301125091762,0.00598109,"[0.00297852 0.00266072 0.00283591 0.00184149 0.00320484 0.00088716
 0.00442906 0.00216096 0.00281267 0.0020359 ]",0.008647824,"[0.00297853 0.00266072 0.00283589 0.00184147 0.00320482 0.00088715
 0.00442906 0.00216095 0.00281268 0.00203591]",0.008647816,"[ 1.07102096e-08  9.31322575e-10 -1.53668225e-08 -1.54832378e-08
 -1.35041773e-08 -1.97906047e-09 -1.86264515e-09 -1.28056854e-08
  1.39698386e-08  7.68341124e-09]",3.4631945e-08,7.369962e-09,3.3838663e-08,0.0
2,0,0.75,0.01,72.77506120848895,True,42,default,6291456,6912870400,[0.   0.   0.   0.   0.   0.   0.   0.   0.   0.01],[0.   0.   0.   0.   0.   0.   0.   0.   0.   0.01],2.2351741811588166e-10,0.99999999,0.01,"[0.00297852 0.00266072 0.00283591 0.00184149 0.00320484 0.00088716
 0.00442906 0.00216096 0.00281267 0.0020359 ]",0.008647824,"[0.00297854 0.00266071 0.00283589 0.00184148 0.00320484 0.00088716
 0.00442907 0.00216096 0.00281271 0.00203591]",0.008647839,"[ 1.65309757e-08 -4.19095159e-09 -1.86264515e-08 -5.58793545e-09
 -1.39698386e-09 -1.74622983e-09  6.05359674e-09  2.32830644e-09
  4.19095159e-08  5.35510480e-09]",5.0011593e-08,1.4983051e-08,4.771444e-08,0.0
2,0,0.75,0.1,0.0,False,42,default,6291456,6912870400,"[0.03127539 0.03125614 0.03152723 0.03200952 0.03240821 0.0320669
 0.03298209 0.03146056 0.03151623 0.02961238]","[0.010625 0.0115   0.00875  0.01075  0.007375 0.011    0.011125 0.008625
 0.010625 0.009625]",0.06850636691592128,0.9917177132280715,0.031880148,"[0.00297852 0.00266072 0.00283591 0.00184149 0.00320484 0.00088716
 0.00442906 0.00216096 0.00281267 0.0020359 ]",0.008647824,"[0.00297829 0.00266053 0.00283571 0.00184136 0.00320472 0.00088711
 0.0044287  0.0021608  0.00281248 0.00203575]",0.008647224,"[-2.27009878e-07 -1.81142241e-07 -2.00234354e-07 -1.22585334e-07
 -1.22236088e-07 -4.42960300e-08 -3.68338078e-07 -1.60187483e-07
 -1.85798854e-07 -1.49244443e-07]",6.119631e-07,5.9977424e-07,1.2153082e-07,0.0
2,0,0.75,0.1,15.0,False,42,default,6291456,6912870400,"[0.02770012 0.02768308 0.02792318 0.02835033 0.02870345 0.02840116
 0.02921173 0.02786413 0.02791343 0.05332445]","[0.009375 0.01075  0.007625 0.009625 0.008125 0.009625 0.010375 0.00775
 0.00925  0.0175  ]",0.06747092285067574,0.9955046807554633,0.032747615,"[0.00297852 0.00266072 0.00283591 0.00184149 0.00320484 0.00088716
 0.00442906 0.00216096 0.00281267 0.0020359 ]",0.008647824,"[0.00297827 0.00266052 0.00283571 0.00184135 0.00320469 0.00088711
 0.00442867 0.00216078 0.00281249 0.00203573]",0.008647174,"[-2.53319740e-07 -1.94646418e-07 -1.97906047e-07 -1.40746124e-07
 -1.46916136e-07 -4.59258445e-08 -3.99537385e-07 -1.80676579e-07
 -1.79978088e-07 -1.71363354e-07]",6.623893e-07,6.498211e-07,1.2842166e-07,0.027976455118293345
2,0,0.75,0.1,30.0,False,42,default,6291456,6912870400,"[0.02223714 0.02222346 0.02241621 0.02275912 0.02304259 0.02279992
 0.02345063 0.0223688  0.02240839 0.07340255]","[0.008125 0.0095   0.007375 0.00825  0.008625 0.00575  0.009625 0.009125
 0.006875 0.02675 ]",0.06387997496770727,0.9951101197996824,0.036399264,"[0.00297852 0.00266072 0.00283591 0.00184149 0.00320484 0.00088716
 0.00442906 0.00216096 0.00281267 0.0020359 ]",0.008647824,"[0.00297829 0.00266047 0.00283569 0.00184133 0.0032047  0.00088711
 0.00442864 0.00216078 0.00281248 0.0020357 ]",0.008647138,"[-2.29338184e-07 -2.49827281e-07 -2.21189111e-07 -1.55880116e-07
 -1.33179128e-07 -4.80795279e-08 -4.22820449e-07 -1.82306394e-07
 -1.84169039e-07 -2.01398507e-07]",7.0340144e-07,6.8529306e-07,1.5857817e-07,0.027976455118293345
2,0,0.75,0.1,45.0,False,42,default,6291456,6912870400,"[0.01525874 0.01524935 0.01538161 0.01561691 0.01581142 0.01564491
 0.01609141 0.01534908 0.01537624 0.08847839]","[0.006625 0.008125 0.007625 0.00525  0.007125 0.007125 0.0055   0.007125
 0.006625 0.038875]",0.0561949519196652,0.9979019565338073,0.04396945,"[0.00297852 0.00266072 0.00283591 0.00184149 0.00320484 0.00088716
 0.00442906 0.00216096 0.00281267 0.0020359 ]",0.008647824,"[0.00297831 0.00266048 0.0028357  0.00184133 0.00320464 0.00088711
 0.00442864 0.00216077 0.00281249 0.00203573]",0.008647128,"[-2.06753612e-07 -2.39815563e-07 -2.12807208e-07 -1.57859176e-07
 -2.02795491e-07 -5.05824573e-08 -4.27942723e-07 -1.86730176e-07
 -1.82772055e-07 -1.76485628e-07]",7.047734e-07,6.9557234e-07,1.13510374e-07,0.0
2,0,0.75,0.1,60.0,False,42,default,6291456,6912870400,"[0.00724048 0.00723602 0.00729878 0.00741043 0.00750273 0.00742372
 0.00763559 0.00728335 0.00729623 0.09752457]","[0.004375 0.00475  0.005625 0.005375 0.003375 0.004    0.0045   0.00525
 0.004625 0.058125]",0.040292974779034395,0.9993011429370581,0.0598109,"[0.00297852 0.00266072 0.00283591 0.00184149 0.00320484 0.00088716
 0.00442906 0.00216096 0.00281267 0.0020359 ]",0.008647824,"[0.00297831 0.00266051 0.00283569 0.00184132 0.00320461 0.0008871
 0.00442854 0.00216082 0.00281247 0.00203572]",0.008647076,"[-2.08616257e-07 -2.02329829e-07 -2.25147232e-07 -1.70082785e-07
 -2.26544216e-07 -5.33182174e-08 -5.28525561e-07 -1.41793862e-07
 -1.96276233e-07 -1.86730176e-07]",7.6881724e-07,7.475015e-07,1.797818e-07,0.0
2,0,0.75,0.1,72.77506120848895,True,42,default,6291456,6912870400,[0.  0.  0.  0.  0.  0.  0.  0.  0.  0.1],[0.  0.  0.  0.  0.  0.  0.  0.  0.  0.1],1.4901161138336505e-09,0.9999999999,0.1,"[0.00297852 0.00266072 0.00283591 0.00184149 0.00320484 0.00088716
 0.00442906 0.00216096 0.00281267 0.0020359 ]",0.008647824,"[0.00297835 0.00266054 0.00283577 0.00184131 0.00320475 0.00088711
 0.00442872 0.0021608  0.0028125  0.00203574]",0.008647277,"[-1.71829015e-07 -1.75321475e-07 -1.39465556e-07 -1.80909410e-07
 -9.28994268e-08 -5.01167960e-08 -3.42726707e-07 -1.63214281e-07
 -1.66473910e-07 -1.66706741e-07]",5.6849706e-07,5.4665935e-07,1.5605296e-07,0.027976455118293345
2,0,0.75,1.0,0.0,False,42,default,6291456,6912870400,"[0.31275386 0.31256137 0.31527227 0.32009518 0.32408207 0.32066903
 0.32982091 0.31460557 0.31516227 0.29612382]","[0.10625 0.115   0.0875  0.1075  0.07375 0.11    0.11125 0.08625 0.10625
 0.09625]",0.6850636694606993,0.9917177588734349,0.31880146,"[0.00297852 0.00266072 0.00283591 0.00184149 0.00320484 0.00088716
 0.00442906 0.00216096 0.00281267 0.0020359 ]",0.008647824,"[0.00295173 0.00264316 0.00281835 0.00182906 0.00317779 0.00088302
 0.00438516 0.00214798 0.00279039 0.0020201 ]",0.008577655,"[-2.67869327e-05 -1.75554305e-05 -1.75610185e-05 -1.24241924e-05
 -2.70516612e-05 -4.14077658e-06 -4.39044088e-05 -1.29775144e-05
 -2.22744420e-05 -1.58080366e-05]",7.1270464e-05,7.0177106e-05,1.2435961e-05,0.07661668268387072
2,0,0.75,1.0,15.0,False,42,default,6291456,6912870400,"[0.27700124 0.27683076 0.27923175 0.28350333 0.28703446 0.28401159
 0.29211726 0.27864127 0.27913433 0.53324454]","[0.09375 0.1075  0.07625 0.09625 0.08125 0.09625 0.10375 0.0775  0.0925
 0.175  ]",0.6747092330320121,0.9955046897642924,0.32747614,"[0.00297852 0.00266072 0.00283591 0.00184149 0.00320484 0.00088716
 0.00442906 0.00216096 0.00281267 0.0020359 ]",0.008647824,"[0.00295241 0.00264323 0.00281834 0.00182906 0.00317842 0.00088293
 0.00438556 0.00214773 0.00279079 0.00202036]",0.0085784625,"[-2.61086971e-05 -1.74869783e-05 -1.75740570e-05 -1.24260550e-05
 -2.64162663e-05 -4.22832090e-06 -4.35095280e-05 -1.32333953e-05
 -2.18730420e-05 -1.55400485e-05]",7.038846e-05,6.9368674e-05,1.1938271e-05,0.07661668268387072
2,0,0.75,1.0,30.0,False,42,default,6291456,6912870400,"[0.22237145 0.22223458 0.22416206 0.2275912  0.23042593 0.22799922
 0.23450631 0.22368803 0.22408385 0.73402553]","[0.08125    0.095      0.07375    0.0825     0.08625    0.0575
 0.09625    0.09125    0.06875    0.26750001]",0.6387997573693238,0.9951101190397696,0.36399263,"[0.00297852 0.00266072 0.00283591 0.00184149 0.00320484 0.00088716
 0.00442906 0.00216096 0.00281267 0.0020359 ]",0.008647824,"[0.00295403 0.00264447 0.00281956 0.00182981 0.00318015 0.00088311
 0.0043886  0.00214833 0.00279224 0.00202127]",0.008583014,"[-2.44891271e-05 -1.62459910e-05 -1.63544901e-05 -1.16764568e-05
 -2.46861018e-05 -4.05084575e-06 -4.04641032e-05 -1.26338564e-05
 -2.04236712e-05 -1.46357343e-05]",6.5738575e-05,6.4816224e-05,1.0973498e-05,0.07661668268387072
2,0,0.75,1.0,45.0,False,42,default,6291456,6912870400,"[0.1525874  0.15249349 0.15381609 0.15616911 0.15811425 0.15644908
 0.16091413 0.15349082 0.15376242 0.88478389]","[0.06625    0.08125    0.07625    0.0525     0.07125    0.07125
 0.055      0.07125    0.06625    0.38874999]",0.5619495205257399,0.9979019369061133,0.4396945,"[0.00297852 0.00266072 0.00283591 0.00184149 0.00320484 0.00088716
 0.00442906 0.00216096 0.00281267 0.0020359 ]",0.008647824,"[0.00295461 0.00264451 0.00281959 0.00182986 0.00318073 0.00088306
 0.00438991 0.0021485  0.00279275 0.0020215 ]",0.008584394,"[-2.39065848e-05 -1.62010547e-05 -1.63221266e-05 -1.16286101e-05
 -2.41051894e-05 -4.09421045e-06 -3.91509384e-05 -1.24566723e-05
 -1.99226197e-05 -1.44026708e-05]",6.423216e-05,6.3435466e-05,1.00852685e-05,0.06852804325551864
2,0,0.75,1.0,60.0,False,42,default,6291456,6912870400,"[0.07240478 0.07236022 0.07298781 0.07410435 0.07502734 0.0742372
 0.07635593 0.07283346 0.07296234 0.97524569]","[0.04375    0.0475     0.05625    0.05375    0.03375    0.04
 0.045      0.0525     0.04625    0.58125001]",0.4029297408312681,0.9993011298321334,0.598109,"[0.00297852 0.00266072 0.00283591 0.00184149 0.00320484 0.00088716
 0.00442906 0.00216096 0.00281267 0.0020359 ]",0.008647824,"[0.00296204 0.00265103 0.00282607 0.0018342  0.00318892 0.00088479
 0.00440227 0.00215335 0.00279948 0.00202636]",0.00860609,"[-1.64774247e-05 -9.68156382e-06 -9.84477811e-06 -7.28783198e-06
 -1.59174670e-05 -2.36654887e-06 -2.67983414e-05 -7.61030242e-06
 -1.31858978e-05 -9.54233110e-06]",4.2605498e-05,4.1737898e-05,8.554326e-06,0.0625572578997782
2,0,0.75,1.0,72.77506120848895,True,42,default,6291456,6912870400,[0. 0. 0. 0. 0. 0. 0. 0. 0. 1.],[0. 0. 0. 0. 0. 0. 0. 0. 0. 1.],0.0,0.9999999999989999,1.0,"[0.00297852 0.00266072 0.00283591 0.00184149 0.00320484 0.00088716
 0.00442906 0.00216096 0.00281267 0.0020359 ]",0.008647824,"[0.00297055 0.00265673 0.00283193 0.00183809 0.00319775 0.00088603
 0.00441687 0.00215756 0.00280636 0.00203141]",0.008628882,"[-7.96746463e-06 -3.98210250e-06 -3.98210250e-06 -3.39525286e-06
 -7.08550215e-06 -1.12724956e-06 -1.21914782e-05 -3.40002589e-06
 -6.30575232e-06 -4.49712388e-06]",1.9451903e-05,1.8942974e-05,4.420434e-06,0.027976455118293345
2,0,0.75,2.0,0.0,False,42,default,6291456,6912870400,"[0.62550773 0.62512274 0.63054453 0.64019036 0.64816414 0.64133806
 0.65964182 0.62921113 0.63032454 0.59224764]","[0.21250001 0.23       0.175      0.215      0.14749999 0.22
 0.2225     0.1725     0.21250001 0.1925    ]",1.3701273389213986,0.9917177588757679,0.6376029,"[0.00297852 0.00266072 0.00283591 0.00184149 0.00320484 0.00088716
 0.00442906 0.00216096 0.00281267 0.0020359 ]",0.008647824,"[0.00294681 0.00264532 0.00282108 0.00182953 0.00317552 0.00088431
 0.00437536 0.00215092 0.00278931 0.00201868]",0.0085719675,"[-3.17152590e-05 -1.53908040e-05 -1.48287509e-05 -1.19516626e-05
 -2.93164048e-05 -2.84356065e-06 -5.37028536e-05 -1.00398902e-05
 -2.33594328e-05 -1.72192231e-05]",7.937233e-05,7.5887554e-05,2.3260392e-05,0.15450506866003139
2,0,0.75,2.0,15.0,False,42,default,6291456,6912870400,"[0.55400249 0.55366151 0.55846351 0.56700666 0.57406893 0.56802317
 0.58423453 0.55728253 0.55826866 1.06648909]","[0.1875     0.215      0.1525     0.1925     0.16249999 0.1925
 0.2075     0.155      0.185      0.34999999]",1.3494184660640243,0.9955046897665721,0.6549523,"[0.00297852 0.00266072 0.00283591 0.00184149 0.00320484 0.00088716
 0.00442906 0.00216096 0.00281267 0.0020359 ]",0.008647824,"[0.00294905 0.00264698 0.00282313 0.00183074 0.00317788 0.00088467
 0.00437884 0.00215234 0.002791   0.0020202 ]",0.00857813,"[-2.94733327e-05 -1.37318857e-05 -1.27812382e-05 -1.07501401e-05
 -2.69596931e-05 -2.48965807e-06 -5.02248295e-05 -8.62288289e-06
 -2.16632616e-05 -1.57020986e-05]",7.336165e-05,6.972375e-05,2.2815138e-05,0.15195108845669586
2,0,0.75,2.0,30.0,False,42,default,6291456,6912870400,"[0.44474289 0.44446916 0.44832412 0.4551824  0.46085186 0.45599844
 0.46901261 0.44737605 0.4481677  1.46805106]","[0.16249999 0.19       0.14749999 0.16500001 0.1725     0.115
 0.1925     0.1825     0.1375     0.53500003]",1.2775995147386476,0.99511011904182,0.72798526,"[0.00297852 0.00266072 0.00283591 0.00184149 0.00320484 0.00088716
 0.00442906 0.00216096 0.00281267 0.0020359 ]",0.008647824,"[0.00295826 0.00265425 0.00283041 0.00183543 0.00318743 0.00088663
 0.00439414 0.00215783 0.00279947 0.0020259 ]",0.008603965,"[-2.02602241e-05 -6.46454282e-06 -5.49736433e-06 -6.05511013e-06
 -1.74080487e-05 -5.30970283e-07 -3.49245965e-05 -3.13133933e-06
 -1.31970737e-05 -1.00028701e-05]",4.8230977e-05,4.3881693e-05,2.0015603e-05,0.1341703946898555
2,0,0.75,2.0,45.0,False,42,default,6291456,6912870400,"[0.30517481 0.30498698 0.30763218 0.31233822 0.3162285  0.31289817
 0.32182826 0.30698164 0.30752485 1.76956779]","[0.13249999 0.16249999 0.1525     0.105      0.1425     0.1425
 0.11       0.1425     0.13249999 0.77749997]",1.1238990410514798,0.9979019369078153,0.879389,"[0.00297852 0.00266072 0.00283591 0.00184149 0.00320484 0.00088716
 0.00442906 0.00216096 0.00281267 0.0020359 ]",0.008647824,"[0.00295672 0.00265265 0.00282835 0.00183442 0.00318635 0.00088602
 0.00439343 0.00215629 0.00279809 0.0020248 ]",0.008600126,"[-2.17994675e-05 -8.06688331e-06 -7.56257214e-06 -7.07060099e-06
 -1.84907112e-05 -1.13184797e-06 -3.56310047e-05 -4.67174686e-06
 -1.45803206e-05 -1.11046247e-05]",5.1165975e-05,4.77172e-05,1.846688e-05,0.12194656246489412
2,0,0.75,2.0,60.0,False,42,default,6291456,6912870400,"[0.14480956 0.14472043 0.14597562 0.1482087  0.15005469 0.1484744
 0.15271185 0.14566693 0.14592469 1.95049139]","[0.0875     0.095      0.1125     0.1075     0.0675     0.08
 0.09       0.105      0.0925     1.16250002]",0.8058594816625362,0.9993011298333864,1.196218,"[0.00297852 0.00266072 0.00283591 0.00184149 0.00320484 0.00088716
 0.00442906 0.00216096 0.00281267 0.0020359 ]",0.008647824,"[0.00296735 0.00266004 0.00283596 0.00183956 0.00319677 0.00088741
 0.00440983 0.00216194 0.00280686 0.00203118]",0.008627816,"[-1.11744739e-05 -6.72414899e-07  5.30853868e-08 -1.92294829e-06
 -8.06828029e-06  2.56870408e-07 -1.92341395e-05  9.79984179e-07
 -5.81215136e-06 -4.72669490e-06]",2.4924284e-05,2.002064e-05,1.4845667e-05,0.09891171693842998
2,0,0.75,2.0,72.77506120848895,True,42,default,6291456,6912870400,[0. 0. 0. 0. 0. 0. 0. 0. 0. 2.],[0. 0. 0. 0. 0. 0. 0. 0. 0. 2.],0.0,0.99999999999975,2.0,"[0.00297852 0.00266072 0.00283591 0.00184149 0.00320484 0.00088716
 0.00442906 0.00216096 0.00281267 0.0020359 ]",0.008647824,"[0.00297224 0.00266192 0.002838   0.00184111 0.0032014  0.00088783
 0.00441968 0.00216273 0.0028104  0.00203395]",0.008639871,"[-6.28130510e-06  1.20792538e-06  2.08755955e-06 -3.73343937e-07
 -3.44123691e-06  6.68340363e-07 -9.38540325e-06  1.76671892e-06
 -2.27103010e-06 -1.95531175e-06]",1.2565344e-05,7.957765e-06,9.724292e-06,0.0625572578997782
2,0,0.75,5.0,0.0,False,42,default,6291456,6912870400,"[1.56376931 1.56280685 1.57636133 1.60047589 1.62041036 1.60334516
 1.64910456 1.57302783 1.57581135 1.4806191 ]","[0.53125    0.57499999 0.4375     0.53750002 0.36874998 0.55000001
 0.55624998 0.43125001 0.53125    0.48124999]",3.425318356094735,0.991717715876505,1.5940074,"[0.00297852 0.00266072 0.00283591 0.00184149 0.00320484 0.00088716
 0.00442906 0.00216096 0.00281267 0.0020359 ]",0.008647824,"[0.00299898 0.00269475 0.0028736  0.00186194 0.00323309 0.00089759
 0.00445541 0.00219171 0.00283999 0.00205367]",0.008727877,"[2.04571988e-05 3.40316910e-05 3.76871321e-05 2.04520766e-05
 2.82481778e-05 1.04322680e-05 2.63471156e-05 3.07525042e-05
 2.73259357e-05 1.77642796e-05]",8.381059e-05,8.001776e-05,2.4927382e-05,0.1655109964311004
2,0,0.75,5.0,15.0,False,42,default,6291456,6912870400,"[1.38500622 1.38415378 1.39615877 1.41751666 1.43517231 1.42005793
 1.46058632 1.39320634 1.39567166 2.66622272]","[0.46875    0.53750002 0.38125002 0.48124999 0.40625    0.48124999
 0.51875001 0.38749999 0.46250001 0.875     ]",3.373546142682713,0.9955047037446184,1.6373807,"[0.00297852 0.00266072 0.00283591 0.00184149 0.00320484 0.00088716
 0.00442906 0.00216096 0.00281267 0.0020359 ]",0.008647824,"[0.00300072 0.00269664 0.00287551 0.001863   0.00323595 0.00089758
 0.00445883 0.00219285 0.00284175 0.0020547 ]",0.008733821,"[2.21980736e-05 3.59269325e-05 3.95958778e-05 2.15187902e-05
 3.11145559e-05 1.04194623e-05 2.97701918e-05 3.18859238e-05
 2.90777534e-05 1.87924597e-05]",8.940201e-05,8.596272e-05,2.45587e-05,0.1631294174610896
2,0,0.75,5.0,30.0,False,42,default,6291456,6912870400,"[1.11185723 1.11117291 1.12081029 1.13795601 1.15212964 1.1399961
 1.17253153 1.11844014 1.12041925 3.67012766]","[0.40625    0.47499999 0.36874998 0.41250002 0.43125001 0.28749999
 0.48124999 0.45625001 0.34375    1.3375001 ]",3.1939987649647015,0.9951101641131733,1.8199631,"[0.00297852 0.00266072 0.00283591 0.00184149 0.00320484 0.00088716
 0.00442906 0.00216096 0.00281267 0.0020359 ]",0.008647824,"[0.00301721 0.00270723 0.00288675 0.00187044 0.00325201 0.0009001
 0.00448681 0.00220116 0.00285564 0.00206423]",0.008777387,"[3.86843458e-05 4.65114135e-05 5.08357771e-05 2.89496966e-05
 4.71696258e-05 1.29466061e-05 5.77471219e-05 4.02042642e-05
 4.29737847e-05 2.83289701e-05]",0.00013067185,0.00012954707,1.710807e-05,0.11014342980975618
2,0,0.75,5.0,45.0,False,42,default,6291456,6912870400,"[0.76293702 0.76246745 0.76908045 0.78084554 0.79057124 0.78224541
 0.80457066 0.76745409 0.76881212 4.42391946]","[0.33124998 0.40625    0.38125002 0.26249999 0.35624999 0.35624999
 0.27500001 0.35624999 0.33124998 1.9437499 ]",2.8097476276439646,0.997902020377243,2.1984723,"[0.00297852 0.00266072 0.00283591 0.00184149 0.00320484 0.00088716
 0.00442906 0.00216096 0.00281267 0.0020359 ]",0.008647824,"[0.00300986 0.00270029 0.00287968 0.00186576 0.00324473 0.00089821
 0.00447595 0.00219517 0.00284863 0.00205941]",0.008756043,"[3.13404016e-05 3.95784155e-05 4.37719282e-05 2.42781825e-05
 3.98892444e-05 1.10569526e-05 4.68865037e-05 3.42044514e-05
 3.59592959e-05 2.35114712e-05]",0.00010946068,0.00010820415,1.6537899e-05,0.10653118153060223
2,0,0.75,5.0,60.0,False,42,default,6291456,6912870400,"[0.3620239  0.36180109 0.36493904 0.37052174 0.37513671 0.371186
 0.38177963 0.36416732 0.36481172 4.87622847]","[0.21875    0.2375     0.28125    0.26875001 0.16875    0.19999999
 0.22500001 0.26249999 0.23125    2.90625   ]",2.0146487626912903,0.9993011104835996,2.990545,"[0.00297852 0.00266072 0.00283591 0.00184149 0.00320484 0.00088716
 0.00442906 0.00216096 0.00281267 0.0020359 ]",0.008647824,"[0.00303658 0.00272201 0.00290032 0.00188003 0.00327346 0.00090327
 0.00452107 0.00221125 0.0028737  0.00207668]",0.008832237,"[5.80586493e-05 6.12966251e-05 6.44130632e-05 3.85472085e-05
 6.86210115e-05 1.61089120e-05 9.20025632e-05 5.02914190e-05
 6.10293355e-05 4.07756306e-05]",0.00018469512,0.00018440704,1.0311572e-05,0.07132624918176021
2,0,0.75,5.0,72.77506120848895,True,42,default,6291456,6912870400,[0. 0. 0. 0. 0. 0. 0. 0. 0. 5.],[0. 0. 0. 0. 0. 0. 0. 0. 0. 5.],0.0,0.99999999999996,5.0,"[0.00297852 0.00266072 0.00283591 0.00184149 0.00320484 0.00088716
 0.00442906 0.00216096 0.00281267 0.0020359 ]",0.008647824,"[0.00305642 0.00273388 0.00291267 0.00188843 0.00329312 0.0009055
 0.00455511 0.00221922 0.00288922 0.00208804]",0.008883219,"[7.79007096e-05 7.31614418e-05 7.67579768e-05 4.69438965e-05
 8.82816967e-05 1.83412922e-05 1.26041938e-04 5.82570210e-05
 7.65530858e-05 5.21356706e-05]",0.00023559637,0.00023539063,9.843633e-06,0.05595291190411357
2,58,0.9,0.01,0.0,False,42,default,6291456,6912870400,"[0.0030464  0.00331408 0.00351347 0.00309718 0.00314161 0.00303531
 0.0030054  0.0030796  0.00315064 0.00320526]","[0.001025  0.0012125 0.00095   0.0010375 0.0008    0.0009875 0.0010125
 0.0008875 0.001025  0.0010625]",0.006846873790462665,0.9943995105839584,0.0031791802,"[0.00479515 0.0043587  0.00464855 0.00299681 0.00515691 0.00144665
 0.00710314 0.00350908 0.00457148 0.00331511]",0.01399731,"[0.00479514 0.00435871 0.00464856 0.00299682 0.0051569  0.00144665
 0.00710311 0.00350907 0.00457149 0.00331511]",0.013997301,"[-1.11758709e-08  1.07102096e-08  1.16415322e-08  1.58324838e-08
 -8.38190317e-09  1.97906047e-09 -2.23517418e-08 -1.02445483e-08
  9.77888703e-09 -3.25962901e-09]",3.7560316e-08,7.6103595e-09,3.678124e-08,0.0
2,58,0.9,0.01,15.0,False,42,default,6291456,6912870400,"[0.00269414 0.00293087 0.00310721 0.00273905 0.00277834 0.00268434
 0.00537153 0.00272351 0.00278633 0.00283464]","[0.0009125 0.0011625 0.0008875 0.0009    0.000775  0.0008875 0.001725
 0.0009125 0.0009    0.0009375]",0.006751805600625737,0.9963103865223791,0.0032660658,"[0.00479515 0.0043587  0.00464855 0.00299681 0.00515691 0.00144665
 0.00710314 0.00350908 0.00457148 0.00331511]",0.01399731,"[0.00479514 0.00435871 0.00464855 0.00299682 0.00515691 0.00144666
 0.00710312 0.00350907 0.00457148 0.00331511]",0.0139973005,"[-1.07102096e-08  8.84756446e-09  8.38190317e-09  1.09430403e-08
 -5.58793545e-09  3.49245965e-09 -1.62981451e-08 -1.07102096e-08
  4.19095159e-09 -6.28642738e-09]",2.9391122e-08,8.561059e-09,2.8116657e-08,0.0
2,58,0.9,0.01,30.0,False,42,default,6291456,6912870400,"[0.00215829 0.00234793 0.00248919 0.00219426 0.00222574 0.00215043
 0.0073716  0.00218181 0.00223214 0.00227084]","[0.0007875 0.00105   0.0008375 0.00075   0.000825  0.000525  0.002775
 0.000775  0.000825  0.00085  ]",0.0063315398516926875,0.9955957210810864,0.0036942097,"[0.00479515 0.0043587  0.00464855 0.00299681 0.00515691 0.00144665
 0.00710314 0.00350908 0.00457148 0.00331511]",0.01399731,"[0.00479513 0.0043587  0.00464855 0.00299681 0.0051569  0.00144666
 0.00710312 0.00350907 0.00457148 0.0033151 ]",0.013997296,"[-1.44354999e-08  5.12227416e-09  7.45058060e-09  7.91624188e-09
 -9.31322575e-09  4.07453626e-09 -1.53668225e-08 -9.54605639e-09
  3.72529030e-09 -1.18743628e-08]",3.063139e-08,1.3978005e-08,2.7256146e-08,0.0
2,58,0.9,0.01,45.0,False,42,default,6291456,6912870400,"[0.00147535 0.00160498 0.00170155 0.00149994 0.00152146 0.00146998
 0.0088693  0.00149143 0.00152583 0.00155228]","[0.0006375 0.0008625 0.000775  0.000525  0.000725  0.0006625 0.003725
 0.0006125 0.00075   0.000725 ]",0.005733350520080321,0.9980333001721805,0.0042813546,"[0.00479515 0.0043587  0.00464855 0.00299681 0.00515691 0.00144665
 0.00710314 0.00350908 0.00457148 0.00331511]",0.01399731,"[0.00479514 0.00435871 0.00464855 0.00299681 0.0051569  0.00144666
 0.00710312 0.00350907 0.00457149 0.00331511]",0.013997301,"[-1.02445483e-08  6.98491931e-09  5.58793545e-09  8.84756446e-09
 -1.07102096e-08  4.65661287e-09 -1.53668225e-08 -1.11758709e-08
  8.84756446e-09 -1.39698386e-09]",2.89984e-08,9.090197e-09,2.7536805e-08,0.027976455118293345
2,58,0.9,0.01,60.0,False,42,default,6291456,6912870400,"[0.00069186 0.00075266 0.00079794 0.0007034  0.00071349 0.00068935
 0.00976258 0.00069941 0.00071554 0.00072794]","[0.000425  0.0005125 0.0005875 0.0005    0.0003375 0.0003875 0.0058375
 0.0005375 0.00045   0.000425 ]",0.004005221569798689,0.9993693158891032,0.0060042436,"[0.00479515 0.0043587  0.00464855 0.00299681 0.00515691 0.00144665
 0.00710314 0.00350908 0.00457148 0.00331511]",0.01399731,"[0.00479514 0.0043587  0.00464855 0.00299681 0.0051569  0.00144666
 0.00710312 0.00350908 0.00457149 0.00331511]",0.013997298,"[-1.25728548e-08  6.05359674e-09  8.38190317e-09  3.72529030e-09
 -9.77888703e-09  3.60887498e-09 -1.95577741e-08 -8.38190317e-09
  1.07102096e-08 -2.56113708e-09]",3.1008682e-08,1.1205486e-08,2.8913238e-08,0.0
2,58,0.9,0.01,72.50998188053615,True,42,default,6291456,6912870400,[0.   0.   0.   0.   0.   0.   0.01 0.   0.   0.  ],[0.   0.   0.   0.   0.   0.   0.01 0.   0.   0.  ],2.2351741811588166e-10,0.99999999,0.01,"[0.00479515 0.0043587  0.00464855 0.00299681 0.00515691 0.00144665
 0.00710314 0.00350908 0.00457148 0.00331511]",0.01399731,"[0.00479514 0.00435871 0.00464858 0.00299681 0.00515691 0.00144666
 0.00710316 0.00350909 0.0045715  0.00331511]",0.013997345,"[-8.84756446e-09  1.30385160e-08  3.67872417e-08  5.82076609e-09
 -4.65661287e-10  6.28642738e-09  2.70083547e-08  1.86264515e-09
  2.32830644e-08 -7.68341124e-09]",5.48567e-08,3.4927865e-08,4.2300133e-08,0.019782341029446364
2,58,0.9,0.1,0.0,False,42,default,6291456,6912870400,"[0.03046399 0.03314079 0.03513469 0.03097178 0.03141607 0.03035309
 0.03005396 0.03079601 0.03150635 0.03205263]","[0.01025  0.012125 0.0095   0.010375 0.008    0.009875 0.010125 0.008875
 0.01025  0.010625]",0.06846873726504389,0.9943995461829652,0.031791802,"[0.00479515 0.0043587  0.00464855 0.00299681 0.00515691 0.00144665
 0.00710314 0.00350908 0.00457148 0.00331511]",0.01399731,"[0.00479497 0.00435834 0.00464832 0.0029967  0.00515662 0.00144656
 0.00710293 0.00350885 0.00457112 0.00331487]",0.013996585,"[-1.79279596e-07 -3.60421836e-07 -2.21654773e-07 -1.06869265e-07
 -2.91503966e-07 -9.37143341e-08 -2.08150595e-07 -2.36788765e-07
 -3.54368240e-07 -2.43075192e-07]",7.748625e-07,7.25522e-07,2.7208407e-07,0.027976455118293345
2,58,0.9,0.1,15.0,False,42,default,6291456,6912870400,"[0.02694144 0.02930872 0.03107206 0.02739052 0.02778343 0.02684336
 0.05371527 0.02723507 0.02786327 0.02834639]","[0.009125 0.011625 0.008875 0.009    0.00775  0.008875 0.01725  0.009125
 0.009    0.009375]",0.06751805484148653,0.9963103100016427,0.032660663,"[0.00479515 0.0043587  0.00464855 0.00299681 0.00515691 0.00144665
 0.00710314 0.00350908 0.00457148 0.00331511]",0.01399731,"[0.00479504 0.0043584  0.00464843 0.00299675 0.00515661 0.00144657
 0.00710301 0.00350889 0.0045712  0.00331491]",0.013996759,"[-1.05239451e-07 -3.01282853e-07 -1.17812306e-07 -5.51808625e-08
 -3.00817192e-07 -7.92788342e-08 -1.27591193e-07 -1.89524144e-07
 -2.75205821e-07 -2.07917765e-07]",6.2186365e-07,5.512174e-07,2.8787807e-07,0.0
2,58,0.9,0.1,30.0,False,42,default,6291456,6912870400,"[0.02158288 0.02347932 0.02489193 0.02194263 0.0222574  0.02150431
 0.07371596 0.0218181  0.02232136 0.02270838]","[0.007875 0.0105   0.008375 0.0075   0.00825  0.00525  0.02775  0.00775
 0.00825  0.0085  ]",0.06331539691680707,0.995595665718118,0.036942102,"[0.00479515 0.0043587  0.00464855 0.00299681 0.00515691 0.00144665
 0.00710314 0.00350908 0.00457148 0.00331511]",0.01399731,"[0.004795   0.00435832 0.00464845 0.00299677 0.00515674 0.00144658
 0.0071031  0.00350888 0.00457123 0.00331494]",0.0139968395,"[-1.45751983e-07 -3.76254320e-07 -9.63918865e-08 -3.98140401e-08
 -1.69966370e-07 -7.53207132e-08 -3.95812094e-08 -2.00467184e-07
 -2.47266144e-07 -1.72993168e-07]",5.840122e-07,4.7010562e-07,3.4651256e-07,0.0
2,58,0.9,0.1,45.0,False,42,default,6291456,6912870400,"[0.01475348 0.01604983 0.01701546 0.0149994  0.01521456 0.01469977
 0.08869304 0.01491427 0.01525828 0.01552284]","[0.006375 0.008625 0.00775  0.00525  0.00725  0.006625 0.03725  0.006125
 0.0075   0.00725 ]",0.05733350366311636,0.9980332503923707,0.04281355,"[0.00479515 0.0043587  0.00464855 0.00299681 0.00515691 0.00144665
 0.00710314 0.00350908 0.00457148 0.00331511]",0.01399731,"[0.00479501 0.00435831 0.0046484  0.00299676 0.00515671 0.00144656
 0.00710307 0.00350889 0.00457119 0.0033149 ]",0.0139967725,"[-1.42492354e-07 -3.90689820e-07 -1.48080289e-07 -4.21423465e-08
 -2.00234354e-07 -9.06875357e-08 -6.42612576e-08 -1.95810571e-07
 -2.83587724e-07 -2.14902684e-07]",6.4346006e-07,5.370332e-07,3.5445194e-07,0.0
2,58,0.9,0.1,60.0,False,42,default,6291456,6912870400,"[0.00691865 0.00752658 0.00797941 0.00703397 0.00713488 0.00689346
 0.09762583 0.00699405 0.00715538 0.00727944]","[0.00425  0.005125 0.005875 0.005    0.003375 0.003875 0.058375 0.005375
 0.0045   0.00425 ]",0.04005221561172227,0.9993693184954622,0.060042437,"[0.00479515 0.0043587  0.00464855 0.00299681 0.00515691 0.00144665
 0.00710314 0.00350908 0.00457148 0.00331511]",0.01399731,"[0.00479504 0.00435842 0.00464843 0.00299677 0.00515685 0.0014466
 0.00710324 0.00350889 0.00457133 0.00331494]",0.013997028,"[-1.05239451e-07 -2.83122063e-07 -1.13621354e-07 -3.65544111e-08
 -5.86733222e-08 -5.30853868e-08  1.04773790e-07 -1.92085281e-07
 -1.52736902e-07 -1.72527507e-07]",4.6120354e-07,2.8260965e-07,3.644729e-07,0.0
2,58,0.9,0.1,72.50998188053615,True,42,default,6291456,6912870400,[0.  0.  0.  0.  0.  0.  0.1 0.  0.  0. ],[0.  0.  0.  0.  0.  0.  0.1 0.  0.  0. ],1.4901161138336505e-09,0.9999999999,0.1,"[0.00479515 0.0043587  0.00464855 0.00299681 0.00515691 0.00144665
 0.00710314 0.00350908 0.00457148 0.00331511]",0.01399731,"[0.00479546 0.00435878 0.00464877 0.00299699 0.00515725 0.00144672
 0.00710404 0.00350923 0.00457178 0.00331524]",0.013998306,"[3.06870788e-07 7.86967576e-08 2.21189111e-07 1.82073563e-07
 3.39001417e-07 6.93835318e-08 9.03848559e-07 1.46683306e-07
 2.99885869e-07 1.22701749e-07]",1.1160733e-06,9.965846e-07,5.02433e-07,0.0
2,58,0.9,1.0,0.0,False,42,default,6291456,6912870400,"[0.30463991 0.33140792 0.35134686 0.30971783 0.31416068 0.30353087
 0.30053964 0.30796011 0.31506352 0.32052631]","[0.1025  0.12125 0.095   0.10375 0.08    0.09875 0.10125 0.08875 0.1025
 0.10625]",0.684687377323349,0.9943995089646646,0.31791803,"[0.00479515 0.0043587  0.00464855 0.00299681 0.00515691 0.00144665
 0.00710314 0.00350908 0.00457148 0.00331511]",0.01399731,"[0.00478783 0.00435904 0.00465262 0.00299564 0.00515223 0.00144708
 0.0070919  0.00351124 0.00456814 0.00331185]",0.01398731,"[-7.31693581e-06  3.39001417e-07  4.07453626e-06 -1.16718002e-06
 -4.68688086e-06  4.22704034e-07 -1.12345442e-05  2.15554610e-06
 -3.33786011e-06 -3.26195732e-06]",1.5697298e-05,1.0004271e-05,1.209627e-05,0.048456642643301504
2,58,0.9,1.0,15.0,False,42,default,6291456,6912870400,"[0.26941442 0.29308724 0.31072065 0.27390518 0.2778343  0.26843361
 0.53715267 0.2723507  0.27863275 0.28346388]","[0.09125 0.11625 0.08875 0.09    0.0775  0.08875 0.1725  0.09125 0.09
 0.09375]",0.6751805560917585,0.996310377731674,0.3266066,"[0.00479515 0.0043587  0.00464855 0.00299681 0.00515691 0.00144665
 0.00710314 0.00350908 0.00457148 0.00331511]",0.01399731,"[0.00478407 0.00435614 0.00464959 0.00299362 0.00514852 0.00144615
 0.00708582 0.00350869 0.00456476 0.00330956]",0.01397684,"[-1.10780820e-05 -2.56253406e-06  1.03889033e-06 -3.18815000e-06
 -8.39633867e-06 -5.07454388e-07 -1.73202716e-05 -3.96277755e-07
 -6.71902671e-06 -5.55790029e-06]",2.4237874e-05,2.047596e-05,1.2969562e-05,0.059347025446578223
2,58,0.9,1.0,30.0,False,42,default,6291456,6912870400,"[0.21582878 0.23479315 0.24891934 0.21942634 0.22257397 0.21504305
 0.73715963 0.21818104 0.22321361 0.22708384]","[0.07875 0.105   0.08375 0.075   0.0825  0.0525  0.2775  0.0775  0.0825
 0.085  ]",0.6331539741271368,0.9955956926464622,0.369421,"[0.00479515 0.0043587  0.00464855 0.00299681 0.00515691 0.00144665
 0.00710314 0.00350908 0.00457148 0.00331511]",0.01399731,"[0.00478521 0.00435698 0.00465003 0.00299415 0.00514959 0.00144652
 0.00708822 0.00350929 0.00456579 0.00331013]",0.013980035,"[-9.94326547e-06 -1.71363354e-06  1.48545951e-06 -2.65380368e-06
 -7.32438639e-06 -1.31083652e-07 -1.49114057e-05  2.03726813e-07
 -5.68944961e-06 -4.98257577e-06]",2.1078557e-05,1.7280967e-05,1.2069538e-05,0.05233915627441309
2,58,0.9,1.0,45.0,False,42,default,6291456,6912870400,"[0.14753476 0.1604983  0.17015458 0.14999396 0.1521456  0.14699766
 0.88693038 0.14914271 0.15258284 0.15522842]","[0.06375 0.08625 0.0775  0.0525  0.0725  0.06625 0.3725  0.06125 0.075
 0.0725 ]",0.5733350443639862,0.9980332849463538,0.42813548,"[0.00479515 0.0043587  0.00464855 0.00299681 0.00515691 0.00144665
 0.00710314 0.00350908 0.00457148 0.00331511]",0.01399731,"[0.00478405 0.00435547 0.00464825 0.00299339 0.00514864 0.00144613
 0.00708689 0.00350829 0.00456465 0.00330922]",0.013976506,"[-1.11032277e-05 -3.22330743e-06 -2.94297934e-07 -3.41283157e-06
 -8.26921314e-06 -5.24101779e-07 -1.62459910e-05 -7.97677785e-07
 -6.83311373e-06 -5.89177944e-06]",2.3665016e-05,2.0807889e-05,1.1272302e-05,0.044234660174789026
2,58,0.9,1.0,60.0,False,42,default,6291456,6912870400,"[0.0691865  0.07526576 0.07979407 0.07033974 0.07134875 0.06893462
 0.97625828 0.06994054 0.07155379 0.07279444]","[0.0425     0.05125    0.05875    0.05       0.03375    0.03875
 0.58375001 0.05375    0.045      0.0425    ]",0.40052215694354665,0.9993693541662458,0.60042435,"[0.00479515 0.0043587  0.00464855 0.00299681 0.00515691 0.00144665
 0.00710314 0.00350908 0.00457148 0.00331511]",0.01399731,"[0.00478637 0.0043581  0.00465238 0.00299538 0.00515129 0.00144705
 0.00709044 0.0035111  0.00456692 0.00331122]",0.013984715,"[-8.77911225e-06 -5.97443432e-07  3.83518636e-06 -1.42399222e-06
 -5.61913475e-06  3.96627001e-07 -1.26920640e-05  2.01631337e-06
 -4.56254929e-06 -3.88897024e-06]",1.808295e-05,1.2600437e-05,1.2970046e-05,0.048456642643301504
2,58,0.9,1.0,72.50998188053615,True,42,default,6291456,6912870400,[0. 0. 0. 0. 0. 0. 1. 0. 0. 0.],[0. 0. 0. 0. 0. 0. 1. 0. 0. 0.],0.0,0.9999999999989999,1.0,"[0.00479515 0.0043587  0.00464855 0.00299681 0.00515691 0.00144665
 0.00710314 0.00350908 0.00457148 0.00331511]",0.01399731,"[0.00478965 0.00435889 0.00465243 0.0029962  0.00515387 0.00144724
 0.00709556 0.00351136 0.0045687  0.00331248]",0.013990782,"[-5.49620017e-06  1.90455467e-07  3.88594344e-06 -6.09317794e-07
 -3.04076821e-06  5.89294359e-07 -7.57817179e-06  2.27428973e-06
 -2.77953222e-06 -2.63494439e-06]",1.1514324e-05,6.530203e-06,9.483465e-06,0.03956468264845247
2,58,0.9,2.0,0.0,False,42,default,6291456,6912870400,"[0.60927982 0.66281583 0.70269373 0.61943566 0.62832136 0.60706174
 0.60107928 0.61592021 0.63012705 0.64105263]","[0.205      0.24250001 0.19       0.2075     0.16       0.19750001
 0.2025     0.17749999 0.205      0.21250001]",1.369374754646698,0.9943995089670103,0.63583606,"[0.00479515 0.0043587  0.00464855 0.00299681 0.00515691 0.00144665
 0.00710314 0.00350908 0.00457148 0.00331511]",0.01399731,"[0.00484066 0.00440433 0.00470312 0.00302596 0.00521063 0.00145951
 0.00717734 0.00354902 0.00461764 0.00334545]",0.014142525,"[4.55100089e-05 4.56278212e-05 5.45694493e-05 2.91515607e-05
 5.37191518e-05 1.28531829e-05 7.42012635e-05 3.99388373e-05
 4.61614691e-05 3.03413253e-05]",0.00014554747,0.00014521189,9.877742e-06,0.044234660174789026
2,58,0.9,2.0,15.0,False,42,default,6291456,6912870400,"[0.53882883 0.58617448 0.6214413  0.54781036 0.5556686  0.53686723
 1.07430533 0.5447014  0.5572655  0.56692775]","[0.1825     0.2325     0.17749999 0.18000001 0.155      0.17749999
 0.345      0.1825     0.18000001 0.1875    ]",1.350361112183517,0.9963103777339617,0.6532132,"[0.00479515 0.0043587  0.00464855 0.00299681 0.00515691 0.00144665
 0.00710314 0.00350908 0.00457148 0.00331511]",0.01399731,"[0.00483952 0.0044049  0.00470415 0.00302613 0.00520937 0.00145944
 0.0071724  0.0035496  0.00461603 0.00334482]",0.014139189,"[4.43747267e-05 4.61977907e-05 5.56050800e-05 2.93282792e-05
 5.24567440e-05 1.27839157e-05 6.92605972e-05 4.05206811e-05
 4.45535406e-05 2.97105871e-05]",0.00014239823,0.0001418741,1.2206399e-05,0.048456642643301504
2,58,0.9,2.0,30.0,False,42,default,6291456,6912870400,"[0.43165755 0.46958631 0.49783867 0.43885268 0.44514795 0.4300861
 1.47431925 0.43636208 0.44642722 0.45416769]","[0.1575     0.20999999 0.1675     0.15000001 0.16500001 0.105
 0.55500001 0.155      0.16500001 0.17      ]",1.2663079482542736,0.9955956926484834,0.738842,"[0.00479515 0.0043587  0.00464855 0.00299681 0.00515691 0.00144665
 0.00710314 0.00350908 0.00457148 0.00331511]",0.01399731,"[0.0048366  0.00440228 0.00470137 0.00302466 0.00520742 0.00145904
 0.00716944 0.00354781 0.00461431 0.00334331]",0.014132501,"[4.14471142e-05 4.35835682e-05 5.28199598e-05 2.78505031e-05
 5.05070202e-05 1.23920618e-05 6.63087703e-05 3.87225300e-05
 4.28277999e-05 2.81960238e-05]",0.00013569463,0.0001351859,1.1739279e-05,0.048456642643301504
2,58,0.9,2.0,45.0,False,42,default,6291456,6912870400,"[0.29506952 0.3209966  0.34030916 0.29998792 0.3042912  0.29399532
 1.77386075 0.29828541 0.30516568 0.31045685]","[0.1275     0.1725     0.155      0.105      0.145      0.13249999
 0.745      0.1225     0.15000001 0.145     ]",1.1466700887279724,0.998033284948102,0.85627097,"[0.00479515 0.0043587  0.00464855 0.00299681 0.00515691 0.00144665
 0.00710314 0.00350908 0.00457148 0.00331511]",0.01399731,"[0.00483286 0.0043988  0.00469729 0.00302242 0.00520235 0.0014581
 0.00716445 0.00354473 0.00461046 0.00334076]",0.014121179,"[3.77153046e-05 4.01064754e-05 4.87468205e-05 2.56102066e-05
 4.54415567e-05 1.14457216e-05 6.13136217e-05 3.56505625e-05
 3.89791094e-05 2.56518833e-05]",0.00012436544,0.0001238638,1.1158722e-05,0.048456642643301504
2,58,0.9,2.0,60.0,False,42,default,6291456,6912870400,"[0.13837299 0.15053151 0.15958814 0.14067948 0.1426975  0.13786925
 1.95251657 0.13988109 0.14310759 0.14558889]","[0.085      0.1025     0.1175     0.1        0.0675     0.0775
 1.16750002 0.1075     0.09       0.085     ]",0.8010443138870933,0.9993693541674941,1.2008487,"[0.00479515 0.0043587  0.00464855 0.00299681 0.00515691 0.00144665
 0.00710314 0.00350908 0.00457148 0.00331511]",0.01399731,"[0.00483416 0.00440191 0.00470156 0.00302409 0.0052048  0.00145906
 0.00716498 0.00354815 0.00461271 0.00334201]",0.014127523,"[3.90093774e-05 4.32133675e-05 5.30136749e-05 2.72828620e-05
 4.78895381e-05 1.24073122e-05 6.18458726e-05 3.90661880e-05
 4.12296504e-05 2.68935692e-05]",0.0001310172,0.00013020652,1.4552401e-05,0.059347025446578223
2,58,0.9,2.0,72.50998188053615,True,42,default,6291456,6912870400,[0. 0. 0. 0. 0. 0. 2. 0. 0. 0.],[0. 0. 0. 0. 0. 0. 2. 0. 0. 0.],0.0,0.99999999999975,2.0,"[0.00479515 0.0043587  0.00464855 0.00299681 0.00515691 0.00144665
 0.00710314 0.00350908 0.00457148 0.00331511]",0.01399731,"[0.0048297  0.0043969  0.00469523 0.00302159 0.00519969 0.00145821
 0.00715982 0.00354455 0.0046068  0.0033387 ]",0.01411359,"[3.45548615e-05 3.82056460e-05 4.66788188e-05 2.47834250e-05
 4.27747145e-05 1.15591101e-05 5.66835515e-05 3.54684889e-05
 3.53185460e-05 2.35855114e-05]",0.000116982235,0.00011627444,1.2849106e-05,0.05233915627441309
2,58,0.9,5.0,0.0,False,42,default,6291456,6912870400,"[1.52319954 1.65703959 1.75673432 1.54858916 1.5708034  1.51765434
 1.50269821 1.53980053 1.57531761 1.60263156]","[0.51249999 0.60625005 0.47499999 0.51875001 0.39999998 0.49375001
 0.50625002 0.44374999 0.51249999 0.53125   ]",3.42343687835473,0.9943994962850933,1.5895902,"[0.00479515 0.0043587  0.00464855 0.00299681 0.00515691 0.00144665
 0.00710314 0.00350908 0.00457148 0.00331511]",0.01399731,"[0.00503756 0.00456479 0.0048761  0.00313526 0.00541981 0.00150196
 0.00748676 0.00367832 0.00479663 0.00346989]",0.014699668,"[2.42413487e-04 2.06089579e-04 2.27552839e-04 1.38458330e-04
 2.62901187e-04 5.53043792e-05 3.83621547e-04 1.69239007e-04
 2.25155149e-04 1.54776266e-04]",0.0007034356,0.00070230354,3.9891813e-05,0.15825877775862904
2,58,0.9,5.0,15.0,False,42,default,6291456,6912870400,"[1.34707208 1.46543621 1.55360325 1.36952589 1.3891715  1.34216807
 2.68576334 1.36175349 1.39316374 1.41731938]","[0.45625001 0.58125001 0.44374999 0.45000002 0.38749999 0.44374999
 0.86250001 0.45625001 0.45000002 0.46875   ]",3.375902770448682,0.9963103658980307,1.633033,"[0.00479515 0.0043587  0.00464855 0.00299681 0.00515691 0.00144665
 0.00710314 0.00350908 0.00457148 0.00331511]",0.01399731,"[0.00503285 0.00456383 0.00487329 0.00313354 0.0054174  0.00150185
 0.00748015 0.003677   0.00479431 0.00346843]",0.014690758,"[2.37699598e-04 2.05136370e-04 2.24747229e-04 1.36731658e-04
 2.60488596e-04 5.52004203e-05 3.77017539e-04 1.67912804e-04
 2.22830568e-04 1.53311994e-04]",0.0006943956,0.0006934011,3.7150523e-05,0.14401765375946743
2,58,0.9,5.0,30.0,False,42,default,6291456,6912870400,"[1.07914388 1.17396577 1.24459668 1.0971317  1.11286987 1.07521526
 3.68579813 1.09090521 1.11606806 1.13541922]","[0.39375001 0.52499998 0.41875002 0.375      0.41250002 0.26249999
 1.38750005 0.38749999 0.41250002 0.42500001]",3.165769848047471,0.9955957050910833,1.847105,"[0.00479515 0.0043587  0.00464855 0.00299681 0.00515691 0.00144665
 0.00710314 0.00350908 0.00457148 0.00331511]",0.01399731,"[0.00502952 0.00456496 0.00487414 0.0031339  0.00541469 0.00150298
 0.00747371 0.00367835 0.0047923  0.00346745]",0.014685615,"[2.34367326e-04 2.06262805e-04 2.25589145e-04 1.37093011e-04
 2.57781241e-04 5.63303474e-05 3.70573718e-04 1.69270672e-04
 2.20825896e-04 1.52337598e-04]",0.0006890064,0.0006882715,3.1815023e-05,0.12194656246489412
2,58,0.9,5.0,45.0,False,42,default,6291456,6912870400,"[0.73767381 0.80249151 0.8507729  0.7499698  0.76072799 0.73498831
 4.43465188 0.74571354 0.76291419 0.77614212]","[0.31874999 0.43125001 0.38749999 0.26249999 0.36249998 0.33124998
 1.86249995 0.30625001 0.375      0.36249998]",2.866675281503978,0.9980332433397439,2.1406775,"[0.00479515 0.0043587  0.00464855 0.00299681 0.00515691 0.00144665
 0.00710314 0.00350908 0.00457148 0.00331511]",0.01399731,"[0.00503252 0.00456508 0.00487446 0.00313471 0.00541668 0.00150232
 0.00747978 0.00367855 0.00479306 0.00346834]",0.014691226,"[2.37371773e-04 2.06380151e-04 2.25916505e-04 1.37900002e-04
 2.59769149e-04 5.56671293e-05 3.76647338e-04 1.69470673e-04
 2.21584458e-04 1.53226545e-04]",0.00069479004,0.0006938732,3.568155e-05,0.13988230894202303
2,58,0.9,5.0,60.0,False,42,default,6291456,6912870400,"[0.34593249 0.37632878 0.39897036 0.3516987  0.35674375 0.34467312
 4.88129142 0.34970272 0.35776897 0.36397222]","[0.21250001 0.25624999 0.29374999 0.25       0.16875    0.19374999
 2.91875005 0.26875001 0.22500001 0.21250001]",2.002610785797531,0.9993692942553078,3.002122,"[0.00479515 0.0043587  0.00464855 0.00299681 0.00515691 0.00144665
 0.00710314 0.00350908 0.00457148 0.00331511]",0.01399731,"[0.00500277 0.00454598 0.00485595 0.00312081 0.00538735 0.00149801
 0.00742938 0.00366469 0.00476923 0.00345114]",0.014613779,"[2.07624864e-04 1.87280588e-04 2.07401346e-04 1.24004204e-04
 2.30439007e-04 5.13594132e-05 3.26246023e-04 1.55609800e-04
 1.97750516e-04 1.36024086e-04]",0.00061690604,0.0006164499,2.3717574e-05,0.09691329395132914
2,58,0.9,5.0,72.50998188053615,True,42,default,6291456,6912870400,[0. 0. 0. 0. 0. 0. 5. 0. 0. 0.],[0. 0. 0. 0. 0. 0. 5. 0. 0. 0.],0.0,0.99999999999996,5.0,"[0.00479515 0.0043587  0.00464855 0.00299681 0.00515691 0.00144665
 0.00710314 0.00350908 0.00457148 0.00331511]",0.01399731,"[0.00495843 0.00451513 0.00482401 0.00309984 0.00534206 0.00149127
 0.00735735 0.00364162 0.00473035 0.00342538]",0.014495352,"[1.63277611e-04 1.56427734e-04 1.75459776e-04 1.03034778e-04
 1.85144134e-04 4.46210615e-05 2.54215207e-04 1.32532557e-04
 1.58869196e-04 1.10263703e-04]",0.00049838604,0.0004980307,1.8817153e-05,0.07401874722002606
2,57,0.9,0.01,0.0,False,42,default,6291456,6912870400,"[0.00296293 0.00306375 0.00316117 0.00303895 0.0034779  0.00326378
 0.0032405  0.00308117 0.00329367 0.00300259]","[0.001     0.0011625 0.0008625 0.0010125 0.0008375 0.0011125 0.001075
 0.0008625 0.0010875 0.0009875]",0.006855478193706282,0.9922221535028802,0.0031807036,"[0.00432039 0.00375306 0.00397184 0.0025831  0.0046116  0.00119676
 0.00651623 0.00301756 0.00403988 0.00290089]",0.012417766,"[0.00432041 0.00375308 0.00397188 0.00258311 0.00461164 0.00119677
 0.00651625 0.0030176  0.0040399  0.00290091]",0.0124178445,"[1.95577741e-08 2.65426934e-08 3.49245965e-08 1.25728548e-08
 4.56348062e-08 1.54832378e-08 2.09547579e-08 3.25962901e-08
 2.46800482e-08 1.62981451e-08]",8.463714e-08,7.78059e-08,3.3311995e-08,0.0
2,57,0.9,0.01,15.0,False,42,default,6291456,6912870400,"[0.00533395 0.00271337 0.00279964 0.0026914  0.00308015 0.00289051
 0.0028699  0.00272879 0.00291698 0.00265919]","[0.0019625 0.000775  0.0008875 0.0008375 0.0009375 0.00105   0.000825
 0.000925  0.0009375 0.0008625]",0.006691581680137138,0.9958895504710291,0.003328898,"[0.00432039 0.00375306 0.00397184 0.0025831  0.0046116  0.00119676
 0.00651623 0.00301756 0.00403988 0.00290089]",0.012417766,"[0.00432041 0.00375309 0.00397188 0.00258311 0.00461163 0.00119677
 0.00651627 0.0030176  0.0040399  0.00290091]",0.012417857,"[2.14204192e-08 3.05008143e-08 3.91155481e-08 1.42026693e-08
 2.74740160e-08 1.67638063e-08 4.65661287e-08 3.65544111e-08
 2.56113708e-08 2.25845724e-08]",9.3954014e-08,9.088171e-08,2.383006e-08,0.027976455118293345
2,57,0.9,0.01,30.0,False,42,default,6291456,6912870400,"[0.00734146 0.00217807 0.00224732 0.00216043 0.00247249 0.00232027
 0.00230371 0.00219044 0.00234151 0.00213458]","[0.0027375 0.0007875 0.0007875 0.0006375 0.0009625 0.0008875 0.00075
 0.0007875 0.00085   0.0008125]",0.006345721426267679,0.9984329463976427,0.0036633315,"[0.00432039 0.00375306 0.00397184 0.0025831  0.0046116  0.00119676
 0.00651623 0.00301756 0.00403988 0.00290089]",0.012417766,"[0.00432041 0.00375309 0.00397188 0.00258311 0.00461162 0.00119677
 0.00651625 0.0030176  0.0040399  0.00290091]",0.012417837,"[2.18860805e-08 3.00351530e-08 3.81842256e-08 1.18743628e-08
 2.51457095e-08 1.61817297e-08 1.76951289e-08 3.14321369e-08
 2.18860805e-08 1.90921128e-08]",7.758162e-08,7.077739e-08,3.1772128e-08,0.027976455118293345
2,57,0.9,0.01,45.0,False,42,default,6291456,6912870400,"[0.00884866 0.00149433 0.00154185 0.00148224 0.00169633 0.00159189
 0.00158054 0.00150283 0.00160647 0.0014645 ]","[0.0040375 0.000475  0.0006625 0.000675  0.0008375 0.0006    0.0006375
 0.0006125 0.0007625 0.0007   ]",0.0055055821393680225,0.9981565822041596,0.004509538,"[0.00432039 0.00375306 0.00397184 0.0025831  0.0046116  0.00119676
 0.00651623 0.00301756 0.00403988 0.00290089]",0.012417766,"[0.00432042 0.00375309 0.00397188 0.00258311 0.00461163 0.00119677
 0.00651628 0.0030176  0.0040399  0.00290091]",0.012417858,"[2.60770321e-08 2.81725079e-08 3.58559191e-08 1.42026693e-08
 3.07336450e-08 1.71130523e-08 4.79631126e-08 3.32947820e-08
 2.65426934e-08 2.07219273e-08]",9.349542e-08,9.180856e-08,1.767994e-08,0.0
2,57,0.9,0.01,60.0,False,42,default,6291456,6912870400,"[0.00975285 0.00070877 0.0007313  0.00070303 0.00080457 0.00075504
 0.00074965 0.00071279 0.00076195 0.00069462]","[0.00595   0.0005375 0.0003625 0.0004    0.0004625 0.0005    0.000375
 0.0005375 0.00045   0.000425 ]",0.0039040991224541157,0.9994795623153385,0.006104046,"[0.00432039 0.00375306 0.00397184 0.0025831  0.0046116  0.00119676
 0.00651623 0.00301756 0.00403988 0.00290089]",0.012417766,"[0.00432042 0.00375309 0.00397187 0.00258311 0.00461163 0.00119677
 0.00651625 0.0030176  0.00403989 0.00290091]",0.012417841,"[2.23517418e-08 3.51574272e-08 3.35276127e-08 1.39698386e-08
 2.70083547e-08 1.68802217e-08 2.46800482e-08 3.32947820e-08
 1.39698386e-08 2.09547579e-08]",8.0132395e-08,7.417075e-08,3.032987e-08,0.0
2,57,0.9,0.01,72.76490420237334,True,42,default,6291456,6912870400,[0.01 0.   0.   0.   0.   0.   0.   0.   0.   0.  ],[0.01 0.   0.   0.   0.   0.   0.   0.   0.   0.  ],2.2351741811588166e-10,0.99999999,0.01,"[0.00432039 0.00375306 0.00397184 0.0025831  0.0046116  0.00119676
 0.00651623 0.00301756 0.00403988 0.00290089]",0.012417766,"[0.00432042 0.00375308 0.00397187 0.00258311 0.00461163 0.00119677
 0.00651628 0.00301759 0.00403991 0.0029009 ]",0.012417855,"[3.02679837e-08 2.67755240e-08 3.11993062e-08 1.37370080e-08
 2.93366611e-08 1.44354999e-08 5.07570803e-08 2.79396772e-08
 2.74740160e-08 1.37370080e-08]",9.035839e-08,8.931741e-08,1.3676197e-08,0.0
2,57,0.9,0.1,0.0,False,42,default,6291456,6912870400,"[0.02962931 0.03063754 0.03161165 0.03038953 0.03477904 0.03263779
 0.03240498 0.03081167 0.03293667 0.03002587]","[0.01     0.011625 0.008625 0.010125 0.008375 0.011125 0.01075  0.008625
 0.010875 0.009875]",0.06855478120227568,0.9922222368246084,0.031807035,"[0.00432039 0.00375306 0.00397184 0.0025831  0.0046116  0.00119676
 0.00651623 0.00301756 0.00403988 0.00290089]",0.012417766,"[0.00431983 0.00375288 0.00397195 0.00258296 0.0046113  0.00119672
 0.00651556 0.00301758 0.00403953 0.00290065]",0.012416891,"[-5.60656190e-07 -1.80676579e-07  1.13621354e-07 -1.34576112e-07
 -3.00351530e-07 -3.29455361e-08 -6.70552254e-07  1.14087015e-08
 -3.50177288e-07 -2.38185748e-07]",1.048057e-06,8.7470477e-07,5.773344e-07,0.0
2,57,0.9,0.1,15.0,False,42,default,6291456,6912870400,"[0.05333945 0.02713365 0.02799636 0.02691401 0.03080151 0.02890514
 0.02869895 0.02728787 0.02916984 0.02659194]","[0.019625 0.00775  0.008875 0.008375 0.009375 0.0105   0.00825  0.00925
 0.009375 0.008625]",0.06691581482597903,0.9958895836217391,0.03328898,"[0.00432039 0.00375306 0.00397184 0.0025831  0.0046116  0.00119676
 0.00651623 0.00301756 0.00403988 0.00290089]",0.012417766,"[0.00431982 0.00375287 0.0039719  0.00258297 0.00461132 0.0011967
 0.00651527 0.00301749 0.00403954 0.0029006 ]",0.012416696,"[-5.76488674e-07 -1.90222636e-07  5.68106771e-08 -1.26194209e-07
 -2.76137143e-07 -5.80912456e-08 -9.56933945e-07 -7.07805157e-08
 -3.33413482e-07 -2.91969627e-07]",1.2587477e-06,1.0703184e-06,6.624684e-07,0.027976455118293345
2,57,0.9,0.1,30.0,False,42,default,6291456,6912870400,"[0.07341459 0.02178065 0.02247316 0.02160434 0.0247249  0.02320265
 0.02303715 0.02190444 0.02341513 0.02134581]","[0.027375 0.007875 0.007875 0.006375 0.009625 0.008875 0.0075   0.007875
 0.0085   0.008125]",0.06345721262937734,0.9984328787098906,0.03663332,"[0.00432039 0.00375306 0.00397184 0.0025831  0.0046116  0.00119676
 0.00651623 0.00301756 0.00403988 0.00290089]",0.012417766,"[0.0043199  0.00375293 0.00397201 0.00258301 0.00461148 0.00119674
 0.00651553 0.00301757 0.00403977 0.00290074]",0.012417113,"[-4.88013029e-07 -1.22701749e-07  1.69035047e-07 -9.31322575e-08
 -1.15018338e-07 -1.19907781e-08 -7.02217221e-07  2.32830644e-09
 -1.03376806e-07 -1.49942935e-07]",9.11107e-07,6.526337e-07,6.357557e-07,0.0
2,57,0.9,0.1,45.0,False,42,default,6291456,6912870400,"[0.08848665 0.01494334 0.01541846 0.01482237 0.01696334 0.01591895
 0.0158054  0.01502827 0.01606472 0.014645  ]","[0.040375 0.00475  0.006625 0.00675  0.008375 0.006    0.006375 0.006125
 0.007625 0.007   ]",0.05505581851632897,0.9981565653688961,0.045095384,"[0.00432039 0.00375306 0.00397184 0.0025831  0.0046116  0.00119676
 0.00651623 0.00301756 0.00403988 0.00290089]",0.012417766,"[0.00432009 0.00375315 0.00397227 0.00258309 0.00461152 0.0011968
 0.00651571 0.00301769 0.0040399  0.00290094]",0.012417575,"[-3.04076821e-07  9.45292413e-08  4.29339707e-07 -8.84756446e-09
 -8.19563866e-08  4.13274392e-08 -5.16418368e-07  1.23865902e-07
  1.81607902e-08  5.19212335e-08]",7.611113e-07,1.9104685e-07,7.367439e-07,0.027976455118293345
2,57,0.9,0.1,60.0,False,42,default,6291456,6912870400,"[0.09752849 0.00708766 0.00731301 0.00703028 0.00804575 0.00755039
 0.00749653 0.00712794 0.00761953 0.00694615]","[0.05950001 0.005375   0.003625   0.004      0.004625   0.005
 0.00375    0.005375   0.0045     0.00425   ]",0.039040987538185676,0.9994795627000611,0.061040465,"[0.00432039 0.00375306 0.00397184 0.0025831  0.0046116  0.00119676
 0.00651623 0.00301756 0.00403988 0.00290089]",0.012417766,"[0.00432017 0.00375326 0.00397236 0.00258318 0.0046118  0.0011968
 0.00651592 0.0030179  0.00404016 0.00290105]",0.012418065,"[-2.17929482e-07  1.98837370e-07  5.23403287e-07  7.98609108e-08
  1.97440386e-07  4.15602699e-08 -3.04076821e-07  3.34577635e-07
  2.86847353e-07  1.64378434e-07]",8.495733e-07,2.9908526e-07,7.951873e-07,0.0
2,57,0.9,0.1,72.76490420237334,True,42,default,6291456,6912870400,[0.1 0.  0.  0.  0.  0.  0.  0.  0.  0. ],[0.1 0.  0.  0.  0.  0.  0.  0.  0.  0. ],1.4901161138336505e-09,0.9999999999,0.1,"[0.00432039 0.00375306 0.00397184 0.0025831  0.0046116  0.00119676
 0.00651623 0.00301756 0.00403988 0.00290089]",0.012417766,"[0.00432032 0.00375344 0.00397259 0.00258338 0.0046118  0.00119684
 0.00651623 0.00301805 0.00404029 0.00290105]",0.012418524,"[-7.49714673e-08  3.82075086e-07  7.46455044e-07  2.79396772e-07
  1.98371708e-07  8.20728019e-08 -9.31322575e-10  4.89177182e-07
  4.13972884e-07  1.57626346e-07]",1.1262601e-06,7.577285e-07,8.3325216e-07,0.0
2,57,0.9,1.0,0.0,False,42,default,6291456,6912870400,"[0.29629314 0.30637538 0.31611652 0.30389532 0.3477904  0.32637786
 0.32404976 0.30811667 0.32936665 0.30025871]","[0.1     0.11625 0.08625 0.10125 0.08375 0.11125 0.1075  0.08625 0.10875
 0.09875]",0.685547817015101,0.9922222205245114,0.31807035,"[0.00432039 0.00375306 0.00397184 0.0025831  0.0046116  0.00119676
 0.00651623 0.00301756 0.00403988 0.00290089]",0.012417766,"[0.00430011 0.0037411  0.00396039 0.00257399 0.00459265 0.00119326
 0.00648348 0.00300864 0.00402476 0.00288872]",0.012367057,"[-2.02795491e-05 -1.19581819e-05 -1.14487484e-05 -9.10996459e-06
 -1.89524144e-05 -3.49443872e-06 -3.27425078e-05 -8.92719254e-06
 -1.51135027e-05 -1.21721532e-05]",5.1653406e-05,5.0713275e-05,9.810094e-06,0.048456642643301504
2,57,0.9,1.0,15.0,False,42,default,6291456,6912870400,"[0.5333945  0.27133651 0.2799636  0.26914008 0.30801506 0.28905139
 0.28698955 0.27287866 0.29169837 0.26591938]","[0.19625001 0.0775     0.08875    0.08375    0.09375    0.105
 0.0825     0.0925     0.09375    0.08625   ]",0.6691581546805645,0.995889542993405,0.33288983,"[0.00432039 0.00375306 0.00397184 0.0025831  0.0046116  0.00119676
 0.00651623 0.00301756 0.00403988 0.00290089]",0.012417766,"[0.00429576 0.00373797 0.00395757 0.00257221 0.00458849 0.00119223
 0.00647636 0.00300658 0.0040207  0.00288624]",0.012355543,"[-2.46358104e-05 -1.50823034e-05 -1.42669305e-05 -1.08913518e-05
 -2.31093727e-05 -4.53053508e-06 -3.98713164e-05 -1.09821558e-05
 -1.91731378e-05 -1.46517996e-05]",6.327518e-05,6.22289e-05,1.1459159e-05,0.048456642643301504
2,57,0.9,1.0,30.0,False,42,default,6291456,6912870400,"[0.73414591 0.21780651 0.22473162 0.2160434  0.24724902 0.23202655
 0.23037147 0.21904441 0.23415132 0.21345808]","[0.27375001 0.07875    0.07875    0.06375    0.09625    0.08875
 0.075      0.07875    0.085      0.08125   ]",0.6345721355282948,0.9984329753454179,0.36633316,"[0.00432039 0.00375306 0.00397184 0.0025831  0.0046116  0.00119676
 0.00651623 0.00301756 0.00403988 0.00290089]",0.012417766,"[0.0043028  0.0037433  0.00396293 0.00257563 0.00459605 0.00119389
 0.00648818 0.00301084 0.00402751 0.00289078]",0.01237551,"[-1.75912865e-05 -9.75211151e-06 -8.91368836e-06 -7.47060403e-06
 -1.55521557e-05 -2.86183786e-06 -2.80458480e-05 -6.72321767e-06
 -1.23674981e-05 -1.01081096e-05]",4.3321827e-05,4.2259966e-05,9.5328905e-06,0.048456642643301504
2,57,0.9,1.0,45.0,False,42,default,6291456,6912870400,"[0.88486649 0.14943335 0.15418455 0.14822371 0.16963336 0.15918948
 0.15805396 0.15028266 0.16064725 0.14644997]","[0.40375 0.0475  0.06625 0.0675  0.08375 0.06    0.06375 0.06125 0.07625
 0.07   ]",0.5505581990749109,0.9981565344568649,0.45095384,"[0.00432039 0.00375306 0.00397184 0.0025831  0.0046116  0.00119676
 0.00651623 0.00301756 0.00403988 0.00290089]",0.012417766,"[0.00430271 0.00374395 0.00396417 0.0025759  0.0045969  0.00119381
 0.00648844 0.00301132 0.00402789 0.002891  ]",0.012376865,"[-1.76825561e-05 -9.10600647e-06 -7.66897574e-06 -7.19516538e-06
 -1.46985985e-05 -2.94565689e-06 -2.77846120e-05 -6.24428503e-06
 -1.19903125e-05 -9.88808461e-06]",4.2230546e-05,4.0904542e-05,1.0499402e-05,0.03426402009603798
2,57,0.9,1.0,60.0,False,42,default,6291456,6912870400,"[0.97528488 0.07087656 0.07313006 0.07030282 0.08045746 0.07550391
 0.07496533 0.07127938 0.07619533 0.06946153]","[0.59500003 0.05375    0.03625    0.04       0.04625    0.05
 0.0375     0.05375    0.045      0.0425    ]",0.39040989783902175,0.9994795869348568,0.6104046,"[0.00432039 0.00375306 0.00397184 0.0025831  0.0046116  0.00119676
 0.00651623 0.00301756 0.00403988 0.00290089]",0.012417766,"[0.00431064 0.00374932 0.00396918 0.00257989 0.00460522 0.00119519
 0.00650208 0.00301551 0.00403443 0.00289597]",0.012398365,"[-9.75141302e-06 -3.73227522e-06 -2.66032293e-06 -3.21236439e-06
 -6.37955964e-06 -1.56753231e-06 -1.41439959e-05 -2.05007382e-06
 -5.45242801e-06 -4.91621904e-06]",2.068154e-05,1.9402669e-05,7.1597815e-06,0.03426402009603798
2,57,0.9,1.0,72.76490420237334,True,42,default,6291456,6912870400,[1. 0. 0. 0. 0. 0. 0. 0. 0. 0.],[1. 0. 0. 0. 0. 0. 0. 0. 0. 0.],0.0,0.9999999999989999,1.0,"[0.00432039 0.00375306 0.00397184 0.0025831  0.0046116  0.00119676
 0.00651623 0.00301756 0.00403988 0.00290089]",0.012417766,"[0.00434273 0.00377305 0.00399479 0.0025964  0.00463868 0.0012015
 0.00655488 0.00303395 0.0040634  0.00291598]",0.012487645,"[2.23419629e-05 1.99894421e-05 2.29482539e-05 1.33023132e-05
 2.70823948e-05 4.74217813e-06 3.86536121e-05 1.63817313e-05
 2.35242769e-05 1.50899868e-05]",7.001301e-05,6.987909e-05,4.3282935e-06,0.0
2,57,0.9,2.0,0.0,False,42,default,6291456,6912870400,"[0.59258628 0.61275077 0.63223305 0.60779063 0.69558079 0.65275572
 0.64809952 0.61623334 0.65873331 0.60051742]","[0.2        0.2325     0.1725     0.2025     0.1675     0.2225
 0.215      0.1725     0.2175     0.19750001]",1.371095634030202,0.9922222205268508,0.6361407,"[0.00432039 0.00375306 0.00397184 0.0025831  0.0046116  0.00119676
 0.00651623 0.00301756 0.00403988 0.00290089]",0.012417766,"[0.00430042 0.00374383 0.00396476 0.00257531 0.00459558 0.00119317
 0.00648434 0.0030117  0.00402561 0.00288928]",0.012372346,"[-1.99750066e-05 -9.22614709e-06 -7.07898289e-06 -7.78888352e-06
 -1.60206109e-05 -3.58850230e-06 -3.18856910e-05 -5.86127862e-06
 -1.42706558e-05 -1.16073061e-05]",4.7474958e-05,4.5428606e-05,1.3788165e-05,0.06561060592844098
2,57,0.9,2.0,15.0,False,42,default,6291456,6912870400,"[1.066789   0.54267303 0.5599272  0.53828016 0.61603013 0.57810278
 0.57397909 0.54575731 0.58339674 0.53183875]","[0.39250001 0.155      0.17749999 0.1675     0.1875     0.20999999
 0.16500001 0.185      0.1875     0.1725    ]",1.338316309361129,0.9958895429956487,0.66577965,"[0.00432039 0.00375306 0.00397184 0.0025831  0.0046116  0.00119676
 0.00651623 0.00301756 0.00403988 0.00290089]",0.012417766,"[0.00430289 0.00374673 0.00396706 0.0025766  0.00459928 0.00119422
 0.00648999 0.00301353 0.00402901 0.00289127]",0.012381536,"[-1.75037421e-05 -6.32833689e-06 -4.77768481e-06 -6.49830326e-06
 -1.23232603e-05 -2.53482722e-06 -2.62418762e-05 -4.02959995e-06
 -1.08708628e-05 -9.61800106e-06]",3.8539933e-05,3.6236346e-05,1.312455e-05,0.0625572578997782
2,57,0.9,2.0,30.0,False,42,default,6291456,6912870400,"[1.46829182 0.43561302 0.44946324 0.43208679 0.49449803 0.46405309
 0.46074294 0.43808883 0.46830264 0.42691616]","[0.54750001 0.1575     0.1575     0.1275     0.1925     0.17749999
 0.15000001 0.1575     0.17       0.16249999]",1.2691442710565897,0.9984329753474618,0.7326663,"[0.00432039 0.00375306 0.00397184 0.0025831  0.0046116  0.00119676
 0.00651623 0.00301756 0.00403988 0.00290089]",0.012417766,"[0.00432481 0.00376321 0.00398456 0.00258816 0.00462201 0.00119827
 0.00652528 0.00302647 0.00404798 0.00290537]",0.012442105,"[4.41446900e-06 1.01521146e-05 1.27246603e-05 5.05824573e-06
 1.04098581e-05 1.51817221e-06 9.05618072e-06 8.90600495e-06
 8.09878111e-06 4.47919592e-06]",2.5840094e-05,2.4336203e-05,8.686761e-06,0.03426402009603798
2,57,0.9,2.0,45.0,False,42,default,6291456,6912870400,"[1.76973298 0.2988667  0.30836911 0.29644742 0.33926671 0.31837895
 0.31610791 0.30056531 0.3212945  0.29289994]","[0.8075     0.095      0.13249999 0.13500001 0.1675     0.12
 0.1275     0.1225     0.1525     0.14      ]",1.1011163981498218,0.9981565344585248,0.9019077,"[0.00432039 0.00375306 0.00397184 0.0025831  0.0046116  0.00119676
 0.00651623 0.00301756 0.00403988 0.00290089]",0.012417766,"[0.00434257 0.00377672 0.00399896 0.00259735 0.00464153 0.00120149
 0.00655623 0.00303693 0.00406461 0.00291659]",0.01249326,"[2.21789815e-05 2.36672349e-05 2.71163881e-05 1.42483041e-05
 2.99285166e-05 4.73728869e-06 4.00044955e-05 1.93698797e-05
 2.47345306e-05 1.57044269e-05]",7.577924e-05,7.549268e-05,6.584042e-06,0.03426402009603798
2,57,0.9,2.0,60.0,False,42,default,6291456,6912870400,"[1.95056976 0.14175311 0.14626012 0.14060564 0.16091492 0.15100782
 0.14993066 0.14255877 0.15239067 0.13892306]","[1.19000006 0.1075     0.0725     0.08       0.0925     0.1
 0.075      0.1075     0.09       0.085     ]",0.7808197956780435,0.9994795869360847,1.2208092,"[0.00432039 0.00375306 0.00397184 0.0025831  0.0046116  0.00119676
 0.00651623 0.00301756 0.00403988 0.00290089]",0.012417766,"[0.00437678 0.00380133 0.00402395 0.00261474 0.00467597 0.0012076
 0.0066108  0.00305551 0.00409372 0.00293804]",0.012585221,"[5.63915819e-05 4.82706819e-05 5.21112233e-05 3.16444784e-05
 6.43674284e-05 1.08391978e-05 9.45716165e-05 3.79469711e-05
 5.38425520e-05 3.71504575e-05]",0.00016778146,0.00016745103,1.0524717e-05,0.044234660174789026
2,57,0.9,2.0,72.76490420237334,True,42,default,6291456,6912870400,[2. 0. 0. 0. 0. 0. 0. 0. 0. 0.],[2. 0. 0. 0. 0. 0. 0. 0. 0. 0.],0.0,0.99999999999975,2.0,"[0.00432039 0.00375306 0.00397184 0.0025831  0.0046116  0.00119676
 0.00651623 0.00301756 0.00403988 0.00290089]",0.012417766,"[0.0044474  0.00385473 0.00407852 0.00265127 0.00474893 0.00122135
 0.00672095 0.00309621 0.004155   0.00298061]",0.012776998,"[1.27003063e-04 1.01673417e-04 1.06676016e-04 6.81683887e-05
 1.37329102e-04 2.45980918e-05 2.04726588e-04 7.86466990e-05
 1.15126371e-04 7.97188841e-05]",0.00036009133,0.00035920623,2.5232594e-05,0.11534989781745353
2,57,0.9,5.0,0.0,False,42,default,6291456,6912870400,"[1.48146569 1.53187691 1.58058262 1.51947658 1.73895198 1.63188929
 1.62024881 1.54058335 1.64683327 1.50129354]","[0.5        0.58125001 0.43125001 0.50625002 0.41875002 0.55624998
 0.53750002 0.43125001 0.54374999 0.49375001]",3.427739077710829,0.9922222620725067,1.5903517,"[0.00432039 0.00375306 0.00397184 0.0025831  0.0046116  0.00119676
 0.00651623 0.00301756 0.00403988 0.00290089]",0.012417766,"[0.00446328 0.00387668 0.00410352 0.00266442 0.00476723 0.00122735
 0.00673663 0.00311586 0.00417296 0.00299093]",0.012828495,"[1.42884906e-04 1.23619568e-04 1.31676905e-04 8.13242514e-05
 1.55629124e-04 3.05925496e-05 2.20397953e-04 9.82983038e-05
 1.33082271e-04 9.00388695e-05]",0.00041092865,0.00041072312,1.2996942e-05,0.059347025446578223
2,57,0.9,5.0,15.0,False,42,default,6291456,6912870400,"[2.6669725  1.35668257 1.39981801 1.34570041 1.54007532 1.44525695
 1.43494774 1.36439329 1.45849184 1.32959689]","[0.98125005 0.38749999 0.44374999 0.41875002 0.46875    0.52499998
 0.41250002 0.46250001 0.46875    0.43125001]",3.3457907637903137,0.9958896381395405,1.664449,"[0.00432039 0.00375306 0.00397184 0.0025831  0.0046116  0.00119676
 0.00651623 0.00301756 0.00403988 0.00290089]",0.012417766,"[0.0044873  0.00389526 0.00412065 0.0026768  0.00479372 0.00123207
 0.00677937 0.00312936 0.00419533 0.00300647]",0.012897444,"[1.66907441e-04 1.42202945e-04 1.48807187e-04 9.37024597e-05
 1.82119664e-04 3.53131909e-05 2.63141934e-04 1.11797126e-04
 1.55450776e-04 1.05581945e-04]",0.0004800759,0.00047966265,1.9915433e-05,0.08846932694105811
2,57,0.9,5.0,30.0,False,42,default,6291456,6912870400,"[3.67072955 1.08903254 1.12365811 1.08021698 1.23624508 1.16013273
 1.15185735 1.09522207 1.17075661 1.0672904 ]","[1.3687501  0.39375001 0.39375001 0.31874999 0.48124999 0.44374999
 0.375      0.39375001 0.42500001 0.40625   ]",3.1728606215197552,0.9984328926630743,1.831666,"[0.00432039 0.00375306 0.00397184 0.0025831  0.0046116  0.00119676
 0.00651623 0.00301756 0.00403988 0.00290089]",0.012417766,"[0.00453746 0.00393404 0.00416358 0.0027039  0.00484582 0.00124206
 0.00685641 0.00316134 0.00424008 0.00303751]",0.013036316,"[2.17071734e-04 1.80983217e-04 1.91742089e-04 1.20804645e-04
 2.34216917e-04 4.53050015e-05 3.40179540e-04 1.43774552e-04
 2.00201757e-04 1.36617338e-04]",0.00061909796,0.00061852246,2.6687247e-05,0.12194656246489412
2,57,0.9,5.0,45.0,False,42,default,6291456,6912870400,"[4.42433244 0.74716675 0.77092277 0.74111854 0.84816678 0.79594739
 0.79026979 0.75141328 0.80323625 0.73224984]","[2.01874995 0.2375     0.33124998 0.33750001 0.41875002 0.29999998
 0.31874999 0.30625001 0.38125002 0.34999999]",2.7527910481552476,0.9981565636994585,2.254769,"[0.00432039 0.00375306 0.00397184 0.0025831  0.0046116  0.00119676
 0.00651623 0.00301756 0.00403988 0.00290089]",0.012417766,"[0.00456038 0.00394922 0.00417647 0.00271368 0.00486796 0.00124506
 0.00689499 0.00317109 0.00425723 0.00305071]",0.013094853,"[2.39991117e-04 1.96163310e-04 2.04630196e-04 1.30582601e-04
 2.56364234e-04 4.83067706e-05 3.78757715e-04 1.53526664e-04
 2.17355322e-04 1.49821630e-04]",0.0006780671,0.00067703385,3.741864e-05,0.1631294174610896
2,57,0.9,5.0,60.0,False,42,default,6291456,6912870400,"[4.87642439 0.35438278 0.36565031 0.3515141  0.40228731 0.37751954
 0.37482664 0.35639692 0.38097667 0.34730766]","[2.97500014 0.26875001 0.18124999 0.19999999 0.23125    0.25
 0.1875     0.26875001 0.22500001 0.21250001]",1.9520494901650227,0.999479625870973,3.052023,"[0.00432039 0.00375306 0.00397184 0.0025831  0.0046116  0.00119676
 0.00651623 0.00301756 0.00403988 0.00290089]",0.012417766,"[0.00456181 0.00395003 0.00417902 0.0027153  0.00486835 0.00124643
 0.006895   0.00317245 0.00425859 0.00305156]",0.013097993,"[2.41415575e-04 1.96973560e-04 2.07184348e-04 1.32203568e-04
 2.56751198e-04 4.96726716e-05 3.78774479e-04 1.54881272e-04
 2.18708068e-04 1.50669366e-04]",0.000681076,0.0006801799,3.4926194e-05,0.15576635622796445
2,57,0.9,5.0,72.76490420237334,True,42,default,6291456,6912870400,[5. 0. 0. 0. 0. 0. 0. 0. 0. 0.],[5. 0. 0. 0. 0. 0. 0. 0. 0. 0.],0.0,0.99999999999996,5.0,"[0.00432039 0.00375306 0.00397184 0.0025831  0.0046116  0.00119676
 0.00651623 0.00301756 0.00403988 0.00290089]",0.012417766,"[0.00461476 0.00399183 0.00422247 0.00274433 0.00492193 0.00125778
 0.00697264 0.00320533 0.00430634 0.00308437]",0.013241923,"[2.94371974e-04 2.38775508e-04 2.50628684e-04 1.61233591e-04
 3.10331117e-04 6.10274728e-05 4.56412323e-04 1.87761383e-04
 2.66462099e-04 1.83483819e-04]",0.0008250723,0.0008240973,4.0099243e-05,0.17245851507387558
8,45,0.1,0.01,0.0,False,42,default,6291456,6912870400,"[0.00356207 0.00322544 0.00312949 0.00325983 0.00301769 0.00306674
 0.00297422 0.00314177 0.00300915 0.00319451]","[0.0012    0.0011125 0.000875  0.001075  0.0008125 0.0009875 0.0010125
 0.000875  0.001     0.00105  ]",0.006834357634501858,0.9964113033492135,0.0031823732,"[0.15663467 0.15263613 0.19280988 0.11225056 0.17220196 0.03777166
 0.22862071 0.12767825 0.16955107 0.11336009]",0.48872843,"[0.15663508 0.15263626 0.19281009 0.11225058 0.17220183 0.03777168
 0.22862089 0.12767825 0.16955109 0.11336006]",0.48872873,"[ 4.02331352e-07  1.34110451e-07  2.08616257e-07  2.23517418e-08
 -1.34110451e-07  1.11758709e-08  1.78813934e-07  0.00000000e+00
  1.49011612e-08 -2.98023224e-08]",5.2447274e-07,2.9377904e-07,4.3447156e-07,0.0
8,45,0.1,0.01,15.0,False,42,default,6291456,6912870400,"[0.0031535  0.00285547 0.00277053 0.00288592 0.00267156 0.00271498
 0.00534394 0.00278141 0.002664   0.00282809]","[0.0011125 0.0010875 0.0007875 0.0009875 0.000675  0.000925  0.0017125
 0.0009125 0.000875  0.000925 ]",0.006746895180038954,0.995876445324867,0.003273139,"[0.15663467 0.15263613 0.19280988 0.11225056 0.17220196 0.03777166
 0.22862071 0.12767825 0.16955107 0.11336009]",0.48872843,"[0.15663524 0.15263616 0.19281003 0.11225051 0.17220187 0.03777165
 0.22862084 0.12767828 0.16955109 0.11336011]",0.48872873,"[ 5.66244125e-07  2.98023224e-08  1.49011612e-07 -5.21540642e-08
 -8.94069672e-08 -1.11758709e-08  1.34110451e-07  2.98023224e-08
  1.49011612e-08  1.49011612e-08]",6.1145846e-07,2.8437472e-07,5.413063e-07,0.0
8,45,0.1,0.01,30.0,False,42,default,6291456,6912870400,"[0.00253002 0.00229092 0.00222277 0.00231535 0.00214336 0.0021782
 0.00734948 0.00223149 0.0021373  0.00226895]","[0.000975  0.0009875 0.0007125 0.0008    0.0007875 0.0006    0.0026875
 0.0007875 0.0008125 0.00085  ]",0.006372671351777447,0.9970805814920282,0.0036440445,"[0.15663467 0.15263613 0.19280988 0.11225056 0.17220196 0.03777166
 0.22862071 0.12767825 0.16955107 0.11336009]",0.48872843,"[0.15663508 0.15263629 0.19281003 0.11225049 0.17220187 0.03777167
 0.22862087 0.12767825 0.16955109 0.11336009]",0.48872873,"[ 4.02331352e-07  1.63912773e-07  1.49011612e-07 -6.70552254e-08
 -8.94069672e-08  3.72529030e-09  1.63912773e-07  0.00000000e+00
  1.49011612e-08  0.00000000e+00]",5.005354e-07,2.7415427e-07,4.1877814e-07,0.0
8,45,0.1,0.01,45.0,False,42,default,6291456,6912870400,"[0.00173412 0.00157024 0.00152353 0.00158698 0.0014691  0.00149298
 0.00885417 0.00152951 0.00146494 0.00155518]","[0.0007625 0.0008625 0.0006625 0.000625  0.0006375 0.000675  0.0037
 0.0006625 0.0006875 0.000725 ]",0.005751792008438226,0.9984653370276203,0.0042595845,"[0.15663467 0.15263613 0.19280988 0.11225056 0.17220196 0.03777166
 0.22862071 0.12767825 0.16955107 0.11336009]",0.48872843,"[0.15663478 0.15263617 0.19281    0.11225055 0.1722018  0.03777166
 0.22862099 0.12767828 0.16955109 0.11336016]",0.48872864,"[ 1.04308128e-07  4.47034836e-08  1.19209290e-07 -7.45058060e-09
 -1.63912773e-07  0.00000000e+00  2.83122063e-07  2.98023224e-08
  1.49011612e-08  6.70552254e-08]",3.7386772e-07,1.9590533e-07,3.184308e-07,0.0
8,45,0.1,0.01,60.0,False,42,default,6291456,6912870400,"[0.00082005 0.00074255 0.00072046 0.00075047 0.00069472 0.00070601
 0.00975545 0.00072329 0.00069276 0.00073543]","[0.0005125 0.0005125 0.0005375 0.0005375 0.0002875 0.0004    0.0058
 0.0005375 0.00045   0.000425 ]",0.004039955409822588,0.9992316178326145,0.005971417,"[0.15663467 0.15263613 0.19280988 0.11225056 0.17220196 0.03777166
 0.22862071 0.12767825 0.16955107 0.11336009]",0.48872843,"[0.15663496 0.15263624 0.19280988 0.1122505  0.17220177 0.03777166
 0.22862093 0.12767823 0.16955107 0.11336006]",0.4887286,"[ 2.83122063e-07  1.19209290e-07  0.00000000e+00 -5.96046448e-08
 -1.93715096e-07  0.00000000e+00  2.23517418e-07 -1.49011612e-08
  0.00000000e+00 -2.98023224e-08]",4.3187669e-07,1.3977777e-07,4.0863145e-07,0.019782341029446364
8,45,0.1,0.01,72.69715518495107,True,42,default,6291456,6912870400,"[2.77555756e-19 2.77555756e-19 2.77555756e-19 4.16333634e-19
 2.77555756e-19 2.77555756e-19 1.00000000e-02 2.77555756e-19
 4.16333634e-19 2.77555756e-19]",[0.   0.   0.   0.   0.   0.   0.01 0.   0.   0.  ],2.2351741811588166e-10,0.99999999,0.01,"[0.15663467 0.15263613 0.19280988 0.11225056 0.17220196 0.03777166
 0.22862071 0.12767825 0.16955107 0.11336009]",0.48872843,"[0.15663508 0.15263619 0.19280992 0.11225043 0.17220184 0.03777165
 0.22862086 0.12767838 0.16955107 0.11336005]",0.4887286,"[ 4.02331352e-07  5.96046448e-08  4.47034836e-08 -1.26659870e-07
 -1.19209290e-07 -1.49011612e-08  1.49011612e-07  1.34110451e-07
  0.00000000e+00 -4.47034836e-08]",4.8998544e-07,1.8732308e-07,4.5276462e-07,0.0
8,45,0.1,0.1,0.0,False,42,default,6291456,6912870400,"[0.03562074 0.03225436 0.03129488 0.03259832 0.03017693 0.0306674
 0.02974223 0.03141772 0.03009154 0.03194509]","[0.012    0.011125 0.00875  0.01075  0.008125 0.009875 0.010125 0.00875
 0.01     0.0105  ]",0.06834357533302209,0.996411380788179,0.031823732,"[0.15663467 0.15263613 0.19280988 0.11225056 0.17220196 0.03777166
 0.22862071 0.12767825 0.16955107 0.11336009]",0.48872843,"[0.15662175 0.15261655 0.19279516 0.11223739 0.17218488 0.03776583
 0.22858977 0.12766466 0.16953035 0.11334912]",0.48867515,"[-1.29193068e-05 -1.95801258e-05 -1.47223473e-05 -1.31651759e-05
 -1.70767307e-05 -5.83752990e-06 -3.09348106e-05 -1.35898590e-05
 -2.07275152e-05 -1.09672546e-05]",5.4383894e-05,5.331159e-05,1.0746311e-05,0.0
8,45,0.1,0.1,15.0,False,42,default,6291456,6912870400,"[0.03153499 0.02855474 0.02770531 0.02885925 0.0267156  0.02714981
 0.05343943 0.02781406 0.02663999 0.02828094]","[0.011125 0.010875 0.007875 0.009875 0.00675  0.00925  0.017125 0.009125
 0.00875  0.00925 ]",0.06746895029707194,0.9958765927994793,0.032731388,"[0.15663467 0.15263613 0.19280988 0.11225056 0.17220196 0.03777166
 0.22862071 0.12767825 0.16955107 0.11336009]",0.48872843,"[0.15662108 0.15261698 0.1927941  0.11223641 0.17218482 0.0377657
 0.22858861 0.12766412 0.16952848 0.11334883]",0.48867297,"[-1.35898590e-05 -1.91479921e-05 -1.57803297e-05 -1.41486526e-05
 -1.71363354e-05 -5.96046448e-06 -3.20971012e-05 -1.41263008e-05
 -2.25901604e-05 -1.12652779e-05]",5.6539477e-05,5.5464476e-05,1.0972906e-05,0.0
8,45,0.1,0.1,30.0,False,42,default,6291456,6912870400,"[0.02530018 0.02290916 0.02222767 0.02315346 0.02143364 0.021782
 0.07349483 0.02231492 0.02137298 0.0226895 ]","[0.00975  0.009875 0.007125 0.008    0.007875 0.006    0.026875 0.007875
 0.008125 0.0085  ]",0.06372671156127904,0.9970805098694061,0.03644045,"[0.15663467 0.15263613 0.19280988 0.11225056 0.17220196 0.03777166
 0.22862071 0.12767825 0.16955107 0.11336009]",0.48872843,"[0.15662274 0.15261807 0.19279729 0.11223754 0.17218633 0.03776637
 0.22859155 0.12766492 0.16953227 0.1133495 ]",0.48867902,"[-1.19358301e-05 -1.80602074e-05 -1.25914812e-05 -1.30161643e-05
 -1.56313181e-05 -5.29736280e-06 -2.91615725e-05 -1.33216381e-05
 -1.88052654e-05 -1.05872750e-05]",5.0622057e-05,4.944121e-05,1.08701615e-05,0.0
8,45,0.1,0.1,45.0,False,42,default,6291456,6912870400,"[0.01734121 0.01570236 0.01523526 0.01586981 0.01469101 0.01492978
 0.08854167 0.01529506 0.01464943 0.0155518 ]","[0.007625 0.008625 0.006625 0.00625  0.006375 0.00675  0.037    0.006625
 0.006875 0.00725 ]",0.05751791931350523,0.998465290962714,0.04259585,"[0.15663467 0.15263613 0.19280988 0.11225056 0.17220196 0.03777166
 0.22862071 0.12767825 0.16955107 0.11336009]",0.48872843,"[0.15662129 0.1526165  0.1927955  0.11223567 0.17218539 0.03776585
 0.22859    0.12766485 0.16952965 0.11334895]",0.48867476,"[-1.33812428e-05 -1.96248293e-05 -1.43796206e-05 -1.48937106e-05
 -1.65700912e-05 -5.81517816e-06 -3.07112932e-05 -1.33961439e-05
 -2.14278698e-05 -1.11386180e-05]",5.4836433e-05,5.36827e-05,1.1189382e-05,0.0
8,45,0.1,0.1,60.0,False,42,default,6291456,6912870400,"[0.00820046 0.00742547 0.00720458 0.00750465 0.00694721 0.00706012
 0.09755455 0.00723286 0.00692755 0.00735427]","[0.005125 0.005125 0.005375 0.005375 0.002875 0.004    0.058    0.005375
 0.0045   0.00425 ]",0.040399554961483994,0.999231744722398,0.05971416,"[0.15663467 0.15263613 0.19280988 0.11225056 0.17220196 0.03777166
 0.22862071 0.12767825 0.16955107 0.11336009]",0.48872843,"[0.15662187 0.15261911 0.19279933 0.11223638 0.17218524 0.03776613
 0.22858927 0.12766469 0.16953109 0.11334876]",0.4886775,"[-1.28000975e-05 -1.70171261e-05 -1.05500221e-05 -1.41784549e-05
 -1.67191029e-05 -5.53950667e-06 -3.14414501e-05 -1.35600567e-05
 -1.99824572e-05 -1.13323331e-05]",5.2689007e-05,5.0965988e-05,1.336413e-05,0.019782341029446364
8,45,0.1,0.1,72.69715518495107,True,42,default,6291456,6912870400,"[2.77555756e-18 2.77555756e-18 2.77555756e-18 4.16333634e-18
 2.77555756e-18 2.77555756e-18 1.00000000e-01 2.77555756e-18
 4.16333634e-18 2.77555756e-18]",[0.  0.  0.  0.  0.  0.  0.1 0.  0.  0. ],1.4901161138336505e-09,0.9999999999,0.1,"[0.15663467 0.15263613 0.19280988 0.11225056 0.17220196 0.03777166
 0.22862071 0.12767825 0.16955107 0.11336009]",0.48872843,"[0.15662175 0.15261944 0.19280083 0.11223771 0.17218719 0.03776662
 0.22858937 0.12766546 0.16952886 0.11334784]",0.48867846,"[-1.29193068e-05 -1.66893005e-05 -9.04500484e-06 -1.28522515e-05
 -1.47670507e-05 -5.04404306e-06 -3.13371420e-05 -1.27851963e-05
 -2.22176313e-05 -1.22562051e-05]",5.2203995e-05,5.0015868e-05,1.4955622e-05,0.0
8,45,0.1,1.0,0.0,False,42,default,6291456,6912870400,"[0.35620737 0.32254359 0.31294879 0.32598321 0.30176933 0.30667401
 0.29742228 0.3141772  0.30091537 0.31945091]","[0.12    0.11125 0.0875  0.1075  0.08125 0.09875 0.10125 0.0875  0.1
 0.105  ]",0.6834357603910375,0.9964114052816574,0.3182373,"[0.15663467 0.15263613 0.19280988 0.11225056 0.17220196 0.03777166
 0.22862071 0.12767825 0.16955107 0.11336009]",0.48872843,"[0.15655202 0.1525601  0.192706   0.11218845 0.17215964 0.0377592
 0.22852691 0.12761393 0.16948122 0.11331052]",0.48851067,"[-8.26567411e-05 -7.60257244e-05 -1.03875995e-04 -6.21080399e-05
 -4.23192978e-05 -1.24685466e-05 -9.38028097e-05 -6.43134117e-05
 -6.98566437e-05 -4.95761633e-05]",0.00022243874,0.00021777023,4.5333487e-05,0.0
8,45,0.1,1.0,15.0,False,42,default,6291456,6912870400,"[0.31534988 0.28554738 0.27705311 0.28859247 0.26715596 0.27149806
 0.53439432 0.27814063 0.26639994 0.28280944]","[0.11125 0.10875 0.07875 0.09875 0.0675  0.0925  0.17125 0.09125 0.0875
 0.0925 ]",0.6746895144149625,0.9958765803359365,0.32731387,"[0.15663467 0.15263613 0.19280988 0.11225056 0.17220196 0.03777166
 0.22862071 0.12767825 0.16955107 0.11336009]",0.48872843,"[0.15656054 0.15256049 0.19270928 0.11219472 0.17216304 0.03775959
 0.22852911 0.1276115  0.16948184 0.11331547]",0.48851925,"[-7.41332769e-05 -7.56382942e-05 -1.00597739e-04 -5.58421016e-05
 -3.89218330e-05 -1.20773911e-05 -9.15974379e-05 -6.67423010e-05
 -6.92307949e-05 -4.46215272e-05]",0.00021387968,0.00020919427,4.452281e-05,0.0
8,45,0.1,1.0,30.0,False,42,default,6291456,6912870400,"[0.25300181 0.22909158 0.22227673 0.23153463 0.21433635 0.21781997
 0.73494827 0.22314923 0.21372981 0.22689497]","[0.0975     0.09875    0.07125    0.08       0.07875    0.06
 0.26875001 0.07875    0.08125    0.085     ]",0.6372671291916837,0.9970804931481949,0.3644045,"[0.15663467 0.15263613 0.19280988 0.11225056 0.17220196 0.03777166
 0.22862071 0.12767825 0.16955107 0.11336009]",0.48872843,"[0.15659027 0.15257613 0.19274218 0.11220822 0.1721763  0.03775859
 0.22854932 0.12763672 0.16949488 0.113333  ]",0.48857898,"[-4.44054604e-05 -5.99920750e-05 -6.76959753e-05 -4.23341990e-05
 -2.56597996e-05 -1.30757689e-05 -7.13914633e-05 -4.15295362e-05
 -5.61922789e-05 -2.70903111e-05]",0.00015325836,0.00014947332,3.3850552e-05,0.0
8,45,0.1,1.0,45.0,False,42,default,6291456,6912870400,"[0.17341209 0.15702358 0.15235255 0.15869809 0.14691007 0.14929781
 0.8854167  0.15295058 0.14649434 0.15551798]","[0.07625 0.08625 0.06625 0.0625  0.06375 0.0675  0.37    0.06625 0.06875
 0.0725 ]",0.5751791939889037,0.9984652892765582,0.42595848,"[0.15663467 0.15263613 0.19280988 0.11225056 0.17220196 0.03777166
 0.22862071 0.12767825 0.16955107 0.11336009]",0.48872843,"[0.15659095 0.15259156 0.19276822 0.11221424 0.17219298 0.03776215
 0.22855598 0.12764052 0.16951104 0.11333387]",0.48861173,"[-4.37200069e-05 -4.45693731e-05 -4.16636467e-05 -3.63141298e-05
 -8.98540020e-06 -9.51811671e-06 -6.47306442e-05 -3.77297401e-05
 -4.00394201e-05 -2.62185931e-05]",0.00012258848,0.000116719486,3.7476635e-05,0.0
8,45,0.1,1.0,60.0,False,42,default,6291456,6912870400,"[0.08200462 0.07425468 0.0720458  0.07504653 0.06947211 0.07060125
 0.97554546 0.0723286  0.06927552 0.0735427 ]","[0.05125    0.05125    0.05375    0.05375    0.02875    0.04
 0.57999998 0.05375    0.045      0.0425    ]",0.40399555036058193,0.9992317185098464,0.5971416,"[0.15663467 0.15263613 0.19280988 0.11225056 0.17220196 0.03777166
 0.22862071 0.12767825 0.16955107 0.11336009]",0.48872843,"[0.15662384 0.15262158 0.19279443 0.11223482 0.17222422 0.03776792
 0.22862524 0.12766008 0.16954757 0.11335914]",0.48871422,"[-1.08331442e-05 -1.45435333e-05 -1.54525042e-05 -1.57356262e-05
  2.22623348e-05 -3.74391675e-06  4.52995300e-06 -1.81645155e-05
 -3.50177288e-06 -9.53674316e-07]",4.1091746e-05,1.4232136e-05,3.8548384e-05,0.0
8,45,0.1,1.0,72.69715518495107,True,42,default,6291456,6912870400,"[2.77555756e-17 2.77555756e-17 2.77555756e-17 4.16333634e-17
 2.77555756e-17 2.77555756e-17 1.00000000e+00 2.77555756e-17
 4.16333634e-17 2.77555756e-17]",[0. 0. 0. 0. 0. 0. 1. 0. 0. 0.],9.412373634839028e-17,0.9999999999989999,1.0,"[0.15663467 0.15263613 0.19280988 0.11225056 0.17220196 0.03777166
 0.22862071 0.12767825 0.16955107 0.11336009]",0.48872843,"[0.15671395 0.15271325 0.19292273 0.11230831 0.17233862 0.03778572
 0.22876737 0.12773886 0.1696367  0.11342201]",0.4890135,"[7.92741776e-05 7.71284103e-05 1.12846494e-04 5.77494502e-05
 1.36658549e-04 1.40592456e-05 1.46657228e-04 6.06179237e-05
 8.56220722e-05 6.19217753e-05]",0.00028900531,0.0002850236,4.780797e-05,0.0
8,45,0.1,2.0,0.0,False,42,default,6291456,6912870400,"[0.71241475 0.64508717 0.62589757 0.65196642 0.60353867 0.61334801
 0.59484456 0.6283544  0.60183073 0.63890183]","[0.23999999 0.2225     0.175      0.215      0.16249999 0.19750001
 0.2025     0.175      0.2        0.20999999]",1.366871520782075,0.9964114052840055,0.6364746,"[0.15663467 0.15263613 0.19280988 0.11225056 0.17220196 0.03777166
 0.22862071 0.12767825 0.16955107 0.11336009]",0.48872843,"[0.15718767 0.15318109 0.19343841 0.11263581 0.17287208 0.03791651
 0.22952425 0.12810591 0.17016844 0.11377163]",0.4905037,"[0.000553   0.00054497 0.00062853 0.00038525 0.00067012 0.00014485
 0.00090355 0.00042766 0.00061737 0.00041154]",0.0017793569,0.0017752186,0.00012128301,0.0
8,45,0.1,2.0,15.0,False,42,default,6291456,6912870400,"[0.63069976 0.57109475 0.55410623 0.57718494 0.53431192 0.54299612
 1.06878863 0.55628126 0.53279989 0.56561887]","[0.2225     0.2175     0.1575     0.19750001 0.13500001 0.185
 0.3425     0.1825     0.175      0.185     ]",1.349379028829925,0.9958765803382182,0.65462774,"[0.15663467 0.15263613 0.19280988 0.11225056 0.17220196 0.03777166
 0.22862071 0.12767825 0.16955107 0.11336009]",0.48872843,"[0.15716797 0.15316132 0.19341075 0.11262123 0.17286225 0.03790423
 0.22946717 0.12809183 0.17014371 0.11374401]",0.49042714,"[0.0005333  0.00052519 0.00060087 0.00037067 0.00066029 0.00013257
 0.00084646 0.00041358 0.00059263 0.00038392]",0.0017024637,0.0016986832,0.00011339661,0.0
8,45,0.1,2.0,30.0,False,42,default,6291456,6912870400,"[0.50600363 0.45818317 0.44455346 0.46306926 0.4286727  0.43563994
 1.46989653 0.44629846 0.42745961 0.45378993]","[0.19499999 0.19750001 0.1425     0.16       0.1575     0.12
 0.53750002 0.1575     0.16249999 0.17      ]",1.2745342583833674,0.9970804931502469,0.728809,"[0.15663467 0.15263613 0.19280988 0.11225056 0.17220196 0.03777166
 0.22862071 0.12767825 0.16955107 0.11336009]",0.48872843,"[0.15724356 0.15321739 0.19352086 0.11267617 0.17292698 0.03790889
 0.22953877 0.12814814 0.1702079  0.11379495]",0.4906304,"[0.00060889 0.00058126 0.00071098 0.00042561 0.00072502 0.00013722
 0.00091806 0.00046989 0.00065683 0.00043485]",0.0019036498,0.0019019352,8.078017e-05,0.0
8,45,0.1,2.0,45.0,False,42,default,6291456,6912870400,"[0.34682418 0.31404716 0.30470511 0.31739618 0.29382014 0.29859562
 1.77083341 0.30590116 0.29298867 0.31103596]","[0.1525     0.1725     0.13249999 0.125      0.1275     0.13500001
 0.74000001 0.13249999 0.1375     0.145     ]",1.1503583879778074,0.9984652892783161,0.85191697,"[0.15663467 0.15263613 0.19280988 0.11225056 0.17220196 0.03777166
 0.22862071 0.12767825 0.16955107 0.11336009]",0.48872843,"[0.15714295 0.15311484 0.19338942 0.11259618 0.17280164 0.03788325
 0.22941135 0.12807156 0.17009699 0.11372633]",0.49031574,"[0.00050828 0.00047871 0.00057954 0.00034562 0.00059968 0.00011159
 0.00079064 0.00039332 0.00054592 0.00036623]",0.0015896128,0.0015872895,8.591232e-05,0.0
8,45,0.1,2.0,60.0,False,42,default,6291456,6912870400,"[0.16400924 0.14850936 0.14409161 0.15009307 0.13894423 0.1412025
 1.95109092 0.14465721 0.13855104 0.14708539]","[0.1025     0.1025     0.1075     0.1075     0.0575     0.08
 1.15999997 0.1075     0.09       0.085     ]",0.8079911007211639,0.9992317185111014,1.1942832,"[0.15663467 0.15263613 0.19280988 0.11225056 0.17220196 0.03777166
 0.22862071 0.12767825 0.16955107 0.11336009]",0.48872843,"[0.1572504  0.15322578 0.19351573 0.11267512 0.17292963 0.03791178
 0.22956863 0.12816526 0.1702065  0.11379997]",0.49065325,"[0.00061573 0.00058965 0.00070585 0.00042456 0.00072767 0.00014012
 0.00094792 0.00048701 0.00065543 0.00043987]",0.001926979,0.0019247648,9.2358e-05,0.0
8,45,0.1,2.0,72.69715518495107,True,42,default,6291456,6912870400,"[5.55111512e-17 5.55111512e-17 5.55111512e-17 8.32667268e-17
 5.55111512e-17 5.55111512e-17 2.00000000e+00 5.55111512e-17
 8.32667268e-17 5.55111512e-17]",[0. 0. 0. 0. 0. 0. 2. 0. 0. 0.],1.8824747269678055e-16,0.99999999999975,2.0,"[0.15663467 0.15263613 0.19280988 0.11225056 0.17220196 0.03777166
 0.22862071 0.12767825 0.16955107 0.11336009]",0.48872843,"[0.15745528 0.15340969 0.19377121 0.11281507 0.17313953 0.03794638
 0.22982088 0.12833276 0.17040713 0.11393434]",0.49124843,"[0.00082061 0.00077356 0.00096133 0.00056451 0.00093757 0.00017472
 0.00120017 0.00065452 0.00085606 0.00057425]",0.002521027,0.002519955,7.3520656e-05,0.0
8,45,0.1,5.0,0.0,False,42,default,6291456,6912870400,"[1.78103687 1.61271793 1.56474393 1.62991604 1.50884667 1.53337003
 1.48711139 1.57088601 1.50457683 1.59725456]","[0.59999996 0.55624998 0.4375     0.53750002 0.40625    0.49375001
 0.50625002 0.4375     0.5        0.52499998]",3.4171788001656993,0.9964113312631688,1.5911866,"[0.15663467 0.15263613 0.19280988 0.11225056 0.17220196 0.03777166
 0.22862071 0.12767825 0.16955107 0.11336009]",0.48872843,"[0.16074114 0.1566761  0.19776271 0.11513605 0.17683055 0.03870955
 0.23479585 0.13099259 0.17406569 0.1163113 ]",0.5016316,"[0.00410646 0.00403997 0.00495283 0.00288549 0.00462858 0.00093789
 0.00617515 0.00331435 0.00451462 0.00295121]",0.012905549,0.012903146,0.0002490675,0.019782341029446364
8,45,0.1,5.0,15.0,False,42,default,6291456,6912870400,"[1.5767494  1.42773688 1.38526557 1.44296235 1.33577981 1.3574903
 2.67197159 1.39070314 1.33199972 1.41404719]","[0.55624998 0.54374999 0.39375001 0.49375001 0.33750001 0.46250001
 0.85624999 0.45625001 0.4375     0.46250001]",3.3734475864536004,0.9958765530720639,1.6365694,"[0.15663467 0.15263613 0.19280988 0.11225056 0.17220196 0.03777166
 0.22862071 0.12767825 0.16955107 0.11336009]",0.48872843,"[0.16144431 0.15735051 0.19865923 0.11562084 0.17758518 0.03880041
 0.23570897 0.13156284 0.17477997 0.11678733]",0.5037399,"[0.00480963 0.00471438 0.00584935 0.00337029 0.00538322 0.00102875
 0.00708826 0.0038846  0.00522889 0.00342724]",0.01501299,0.015011417,0.00021745186,0.0
8,45,0.1,5.0,30.0,False,42,default,6291456,6912870400,"[1.26500906 1.14545792 1.11138365 1.15767315 1.07168175 1.08909985
 3.67474133 1.11574615 1.06864903 1.13447483]","[0.48749998 0.49375001 0.35624999 0.39999998 0.39375001 0.29999998
 1.34375    0.39375001 0.40625    0.42500001]",3.186335687859753,0.9970805029044032,1.8220224,"[0.15663467 0.15263613 0.19280988 0.11225056 0.17220196 0.03777166
 0.22862071 0.12767825 0.16955107 0.11336009]",0.48872843,"[0.16258949 0.15848546 0.2001684  0.11648443 0.17891832 0.0391799
 0.23750885 0.13252725 0.1760401  0.11765647]",0.5074869,"[0.00595482 0.00584933 0.00735852 0.00423387 0.00671636 0.00140823
 0.00888814 0.004849   0.00648902 0.00429638]",0.018759498,0.018758362,0.00020643877,0.019782341029446364
8,45,0.1,5.0,45.0,False,42,default,6291456,6912870400,"[0.86706045 0.7851179  0.76176277 0.79349044 0.73455036 0.74648904
 4.42708352 0.76475291 0.73247168 0.77758989]","[0.38125002 0.43125001 0.33124998 0.3125     0.31874999 0.33750001
 1.85000002 0.33124998 0.34375    0.36249998]",2.875895969652577,0.9984652754910103,2.1297925,"[0.15663467 0.15263613 0.19280988 0.11225056 0.17220196 0.03777166
 0.22862071 0.12767825 0.16955107 0.11336009]",0.48872843,"[0.16280749 0.15866682 0.20052043 0.11665586 0.1791511  0.03918917
 0.23787132 0.13273622 0.17631571 0.11783636]",0.5082359,"[0.00617282 0.00603069 0.00771055 0.0044053  0.00694914 0.0014175
 0.00925061 0.00505798 0.00676464 0.00447627]",0.01950862,0.019507358,0.00022209287,0.027976455118293345
8,45,0.1,5.0,60.0,False,42,default,6291456,6912870400,"[0.4100231  0.37127339 0.36022901 0.37523267 0.34736057 0.35300624
 4.87772729 0.36164302 0.34637759 0.36771348]","[0.25624999 0.25624999 0.26875001 0.26875001 0.14375    0.19999999
 2.89999986 0.26875001 0.22500001 0.21250001]",2.0199778104251296,0.9992317390704314,2.985708,"[0.15663467 0.15263613 0.19280988 0.11225056 0.17220196 0.03777166
 0.22862071 0.12767825 0.16955107 0.11336009]",0.48872843,"[0.16560261 0.16150396 0.20392062 0.1186718  0.18233876 0.03975569
 0.24208139 0.13500775 0.17942446 0.11988837]",0.51710653,"[0.00896794 0.00886783 0.01111074 0.00642124 0.0101368  0.00198403
 0.01346068 0.00732951 0.00987339 0.00652828]",0.028380416,0.028377937,0.0003752099,0.048456642643301504
8,45,0.1,5.0,72.69715518495107,True,42,default,6291456,6912870400,"[1.38777878e-16 1.38777878e-16 1.38777878e-16 2.08166817e-16
 1.38777878e-16 1.38777878e-16 5.00000000e+00 1.38777878e-16
 2.08166817e-16 1.38777878e-16]",[0. 0. 0. 0. 0. 0. 5. 0. 0. 0.],4.706186817419514e-16,0.99999999999996,5.0,"[0.15663467 0.15263613 0.19280988 0.11225056 0.17220196 0.03777166
 0.22862071 0.12767825 0.16955107 0.11336009]",0.48872843,"[0.17013647 0.16582766 0.20935392 0.12182242 0.18724643 0.04085697
 0.24866112 0.13859104 0.18423527 0.12305567]",0.53100914,"[0.01350179 0.01319154 0.01654404 0.00957187 0.01504447 0.0030853
 0.02004041 0.01091279 0.0146842  0.00969557]",0.042282775,0.042280477,0.00044085353,0.05595291190411357
8,33,0.1,0.01,0.0,False,42,default,6291456,6912870400,"[0.00305791 0.00312469 0.00313019 0.00311719 0.00314895 0.00344249
 0.00318626 0.00312838 0.00315507 0.00311615]","[0.001025  0.0011625 0.0009    0.001025  0.000725  0.0011625 0.00105
 0.000875  0.0010625 0.0010125]",0.006844950954535305,0.9929908425524722,0.0031877696,"[0.18679184 0.18238394 0.23061408 0.13389383 0.20646809 0.04536373
 0.27432641 0.15256937 0.20363086 0.13544782]",0.5850611,"[0.18679075 0.18238425 0.2306125  0.13389383 0.20646805 0.04536376
 0.27432656 0.15256952 0.20363119 0.13544808]",0.5850605,"[-1.08778477e-06  3.12924385e-07 -1.57952309e-06  0.00000000e+00
 -4.47034836e-08  2.98023224e-08  1.49011612e-07  1.49011612e-07
  3.27825546e-07  2.68220901e-07]",2.0006994e-06,6.0088996e-07,1.9083316e-06,0.0
8,33,0.1,0.01,15.0,False,42,default,6291456,6912870400,"[0.00541793 0.00275848 0.00276333 0.00275186 0.00277989 0.00303902
 0.00281283 0.00276173 0.00278529 0.00275094]","[0.001975  0.000775  0.0009125 0.0008125 0.0009    0.0010875 0.0008125
 0.000925  0.0009125 0.0008875]",0.006683689464340511,0.9962422176908606,0.0033350878,"[0.18679184 0.18238394 0.23061408 0.13389383 0.20646809 0.04536373
 0.27432641 0.15256937 0.20363086 0.13544782]",0.5850611,"[0.18679067 0.18238442 0.23061253 0.13389377 0.20646803 0.04536376
 0.27432638 0.15256956 0.20363118 0.13544808]",0.5850604,"[-1.16229057e-06  4.76837158e-07 -1.54972076e-06 -5.96046448e-08
 -5.96046448e-08  3.35276127e-08 -2.98023224e-08  1.93715096e-07
  3.12924385e-07  2.68220901e-07]",2.0485202e-06,6.5781535e-07,1.9400293e-06,0.0
8,33,0.1,0.01,30.0,False,42,default,6291456,6912870400,"[0.00740872 0.00220428 0.00220816 0.00219898 0.00222139 0.00242846
 0.00224771 0.00220687 0.0022257  0.00219825]","[0.00275   0.000825  0.0008    0.00065   0.00085   0.0009375 0.0007375
 0.0007875 0.0008125 0.00085  ]",0.006340527249641463,0.9985380961385926,0.0036679353,"[0.18679184 0.18238394 0.23061408 0.13389383 0.20646809 0.04536373
 0.27432641 0.15256937 0.20363086 0.13544782]",0.5850611,"[0.18679069 0.18238425 0.23061252 0.13389383 0.20646803 0.04536376
 0.27432674 0.15256947 0.20363119 0.1354478 ]",0.5850605,"[-1.14738941e-06  3.12924385e-07 -1.56462193e-06  0.00000000e+00
 -5.96046448e-08  2.98023224e-08  3.27825546e-07  1.04308128e-07
  3.27825546e-07 -1.49011612e-08]",2.0231037e-06,6.1266496e-07,1.9281053e-06,0.019782341029446364
8,33,0.1,0.01,45.0,False,42,default,6291456,6912870400,"[0.00889462 0.00149986 0.0015025  0.00149626 0.0015115  0.0016524
 0.00152941 0.00150162 0.00151444 0.00149576]","[0.0041125 0.0004625 0.000675  0.000675  0.0007375 0.00065   0.0006125
 0.00065   0.000725  0.0007   ]",0.005452552635192349,0.9981893460782725,0.0045626196,"[0.18679184 0.18238394 0.23061408 0.13389383 0.20646809 0.04536373
 0.27432641 0.15256937 0.20363086 0.13544782]",0.5850611,"[0.18679066 0.18238425 0.23061249 0.13389376 0.20646797 0.04536376
 0.27432692 0.15256955 0.20363115 0.1354478 ]",0.5850605,"[-1.17719173e-06  3.12924385e-07 -1.59442425e-06 -7.45058060e-08
 -1.19209290e-07  2.98023224e-08  5.06639481e-07  1.78813934e-07
  2.83122063e-07 -1.49011612e-08]",2.101328e-06,5.8429924e-07,2.0184582e-06,0.0
8,33,0.1,0.01,60.0,False,42,default,6291456,6912870400,"[0.00977437 0.00069322 0.00069444 0.00069156 0.0006986  0.00076373
 0.00070688 0.00069404 0.00069996 0.00069133]","[0.0060375 0.000575  0.0003    0.0004125 0.0004125 0.000525  0.0003375
 0.0005375 0.0004375 0.000425 ]",0.0038276969386393245,0.9991728524196225,0.0061856937,"[0.18679184 0.18238394 0.23061408 0.13389383 0.20646809 0.04536373
 0.27432641 0.15256937 0.20363086 0.13544782]",0.5850611,"[0.18679082 0.18238413 0.23061214 0.13389327 0.20646693 0.04536366
 0.27432701 0.15256956 0.20363127 0.13544759]",0.58505994,"[-1.01327896e-06  1.93715096e-07 -1.93715096e-06 -5.66244125e-07
 -1.16229057e-06 -7.07805157e-08  5.96046448e-07  1.93715096e-07
  4.02331352e-07 -2.23517418e-07]",2.6642076e-06,1.1536589e-06,2.4014732e-06,0.0
8,33,0.1,0.01,72.19422347835044,True,42,default,6291456,6912870400,[0.01 0.   0.   0.   0.   0.   0.   0.   0.   0.  ],[0.01 0.   0.   0.   0.   0.   0.   0.   0.   0.  ],2.2351741638115818e-10,0.99999999,0.01,"[0.18679184 0.18238394 0.23061408 0.13389383 0.20646809 0.04536373
 0.27432641 0.15256937 0.20363086 0.13544782]",0.5850611,"[0.18679027 0.18238422 0.23061466 0.13389355 0.20646749 0.04536388
 0.27432823 0.152569   0.20363076 0.13544756]",0.5850613,"[-1.56462193e-06  2.83122063e-07  5.81145287e-07 -2.83122063e-07
 -5.96046448e-07  1.52736902e-07  1.81794167e-06 -3.72529030e-07
 -1.04308128e-07 -2.53319740e-07]",2.6159948e-06,2.148074e-07,2.6071607e-06,0.0
8,33,0.1,0.1,0.0,False,42,default,6291456,6912870400,"[0.03057913 0.03124693 0.03130193 0.03117193 0.0314895  0.03442487
 0.03186261 0.03128376 0.03155068 0.03116153]","[0.01025  0.011625 0.009    0.01025  0.00725  0.011625 0.0105   0.00875
 0.010625 0.010125]",0.06844950929031092,0.9929908525499807,0.031877697,"[0.18679184 0.18238394 0.23061408 0.13389383 0.20646809 0.04536373
 0.27432641 0.15256937 0.20363086 0.13544782]",0.5850611,"[0.18679567 0.1823875  0.23062983 0.13390547 0.20647015 0.04536481
 0.27432719 0.15257896 0.20363685 0.13544771]",0.585078,"[ 3.82959843e-06  3.56137753e-06  1.57505274e-05  1.16378069e-05
  2.05636024e-06  1.08405948e-06  7.74860382e-07  9.59634781e-06
  5.99026680e-06 -1.04308128e-07]",2.3342132e-05,1.6940961e-05,1.6057988e-05,0.0
8,33,0.1,0.1,15.0,False,42,default,6291456,6912870400,"[0.0541793  0.02758477 0.02763333 0.02751856 0.02779891 0.03039025
 0.02812829 0.02761728 0.02785292 0.02750938]","[0.01975  0.00775  0.009125 0.008125 0.009    0.010875 0.008125 0.00925
 0.009125 0.008875]",0.06683689265581676,0.9962422104557765,0.03335088,"[0.18679184 0.18238394 0.23061408 0.13389383 0.20646809 0.04536373
 0.27432641 0.15256937 0.20363086 0.13544782]",0.5850611,"[0.18679288 0.18238714 0.23062798 0.13390236 0.20646769 0.04536416
 0.27432165 0.15257819 0.20362957 0.1354458 ]",0.5850689,"[ 1.04308128e-06  3.20374966e-06  1.39027834e-05  8.52346420e-06
 -4.02331352e-07  4.28408384e-07 -4.76837158e-06  8.82148743e-06
 -1.29640102e-06 -2.01165676e-06]",1.9593817e-05,7.801359e-06,1.7973773e-05,0.019782341029446364
8,33,0.1,0.1,30.0,False,42,default,6291456,6912870400,"[0.07408723 0.02204275 0.02208155 0.02198985 0.02221387 0.02428459
 0.02247707 0.02206873 0.02225703 0.02198251]","[0.0275   0.00825  0.008    0.0065   0.0085   0.009375 0.007375 0.007875
 0.008125 0.0085  ]",0.06340527042812888,0.9985380531960066,0.036679357,"[0.18679184 0.18238394 0.23061408 0.13389383 0.20646809 0.04536373
 0.27432641 0.15256937 0.20363086 0.13544782]",0.5850611,"[0.18679419 0.18238653 0.23063159 0.13390665 0.20647095 0.04536453
 0.27432939 0.152578   0.20363401 0.13544807]",0.58507836,"[2.35438347e-06 2.59280205e-06 1.75088644e-05 1.28149986e-05
 2.86102295e-06 8.00937414e-07 2.98023224e-06 8.62777233e-06
 3.14414501e-06 2.53319740e-07]",2.4189818e-05,1.7266226e-05,1.6941807e-05,0.019782341029446364
8,33,0.1,0.1,45.0,False,42,default,6291456,6912870400,"[0.08894625 0.01499856 0.01502496 0.01496256 0.01511499 0.01652397
 0.01529408 0.01501623 0.01514436 0.01495756]","[0.041125 0.004625 0.00675  0.00675  0.007375 0.0065   0.006125 0.0065
 0.00725  0.007   ]",0.054525524554327666,0.9981893870092328,0.045626197,"[0.18679184 0.18238394 0.23061408 0.13389383 0.20646809 0.04536373
 0.27432641 0.15256937 0.20363086 0.13544782]",0.5850611,"[0.1867975  0.18239234 0.23063345 0.13390678 0.20647185 0.04536479
 0.27433246 0.15257742 0.20363806 0.13545032]",0.5850856,"[5.66244125e-06 8.40425491e-06 1.93715096e-05 1.29491091e-05
 3.75509262e-06 1.05798244e-06 6.04987144e-06 8.04662704e-06
 7.19726086e-06 2.50339508e-06]",2.8640292e-05,2.4453722e-05,1.4909119e-05,0.0
8,33,0.1,0.1,60.0,False,42,default,6291456,6912870400,"[0.09774372 0.00693224 0.00694444 0.0069156  0.00698605 0.00763727
 0.00706883 0.00694041 0.00699962 0.00691329]","[0.060375 0.00575  0.003    0.004125 0.004125 0.00525  0.003375 0.005375
 0.004375 0.00425 ]",0.0382769656349584,0.9991728687506366,0.06185694,"[0.18679184 0.18238394 0.23061408 0.13389383 0.20646809 0.04536373
 0.27432641 0.15256937 0.20363086 0.13544782]",0.5850611,"[0.18680179 0.18238872 0.23063657 0.13390754 0.20647171 0.04536527
 0.27433529 0.15257834 0.20363529 0.13545194]",0.5850882,"[9.95397568e-06 4.78327274e-06 2.24858522e-05 1.37090683e-05
 3.62098217e-06 1.54599547e-06 8.88109207e-06 8.97049904e-06
 4.42564487e-06 4.12762165e-06]",3.2046562e-05,2.7066908e-05,1.7157066e-05,0.0
8,33,0.1,0.1,72.19422347835044,True,42,default,6291456,6912870400,[0.1 0.  0.  0.  0.  0.  0.  0.  0.  0. ],[0.1 0.  0.  0.  0.  0.  0.  0.  0.  0. ],1.4901161277114383e-09,0.9999999999,0.1,"[0.18679184 0.18238394 0.23061408 0.13389383 0.20646809 0.04536373
 0.27432641 0.15256937 0.20363086 0.13544782]",0.5850611,"[0.18680391 0.18240026 0.2306421  0.13390844 0.20647871 0.04536658
 0.27433872 0.15258276 0.20363508 0.13545468]",0.5851007,"[1.20699406e-05 1.63167715e-05 2.80141830e-05 1.46031380e-05
 1.06245279e-05 2.85357237e-06 1.23083591e-05 1.33961439e-05
 4.21702862e-06 6.86943531e-06]",4.3896638e-05,3.961776e-05,1.8903651e-05,0.0
8,33,0.1,1.0,0.0,False,42,default,6291456,6912870400,"[0.3057913  0.3124693  0.31301934 0.31171934 0.31489495 0.34424867
 0.31862607 0.31283758 0.31550684 0.31161528]","[0.1025  0.11625 0.09    0.1025  0.0725  0.11625 0.105   0.0875  0.10625
 0.10125]",0.6844950975344902,0.9929908381295781,0.31877697,"[0.18679184 0.18238394 0.23061408 0.13389383 0.20646809 0.04536373
 0.27432641 0.15256937 0.20363086 0.13544782]",0.5850611,"[0.18673736 0.18232413 0.23058635 0.1338515  0.20643733 0.0453569
 0.27433401 0.15252459 0.20357239 0.13544466]",0.58496386,"[-5.44786453e-05 -5.98132610e-05 -2.77310610e-05 -4.23341990e-05
 -3.07559967e-05 -6.82473183e-06  7.59959221e-06 -4.47779894e-05
 -5.84721565e-05 -3.15904617e-06]",0.00012486412,9.72376e-05,7.833197e-05,0.0
8,33,0.1,1.0,15.0,False,42,default,6291456,6912870400,"[0.54179295 0.27584769 0.27633327 0.27518563 0.27798906 0.3039025
 0.28128289 0.27617281 0.27852923 0.27509376]","[0.19750001 0.0775     0.09125    0.08125    0.09       0.10875
 0.08125    0.0925     0.09125    0.08875   ]",0.6683689361328782,0.9962421595823842,0.33350882,"[0.18679184 0.18238394 0.23061408 0.13389383 0.20646809 0.04536373
 0.27432641 0.15256937 0.20363086 0.13544782]",0.5850611,"[0.18650855 0.18207771 0.23026673 0.13369542 0.20617527 0.04529877
 0.27400479 0.15231387 0.20330584 0.13528836]",0.584217,"[-2.83285975e-04 -3.06233764e-04 -3.47346067e-04 -1.98408961e-04
 -2.92822719e-04 -6.49541616e-05 -3.21626663e-04 -2.55495310e-04
 -3.25024128e-04 -1.59457326e-04]",0.00085076346,0.00084407587,0.000106464024,0.0
8,33,0.1,1.0,30.0,False,42,default,6291456,6912870400,"[0.74087231 0.22042752 0.22081554 0.21989847 0.22213866 0.24284587
 0.22477074 0.22068732 0.22257032 0.21982506]","[0.27500001 0.0825     0.08       0.065      0.085      0.09375
 0.07375    0.07875    0.08125    0.085     ]",0.6340527173908698,0.9985380983550102,0.36679354,"[0.18679184 0.18238394 0.23061408 0.13389383 0.20646809 0.04536373
 0.27432641 0.15256937 0.20363086 0.13544782]",0.5850611,"[0.18661056 0.18219593 0.23040724 0.13376507 0.20631289 0.04531294
 0.2742013  0.15241195 0.20343061 0.13536409]",0.5845861,"[-1.81272626e-04 -1.88007951e-04 -2.06843019e-04 -1.28760934e-04
 -1.55195594e-04 -5.07831573e-05 -1.25110149e-04 -1.57415867e-04
 -2.00256705e-04 -8.37296247e-05]",0.0004917118,0.00047498467,0.00012716155,0.0
8,33,0.1,1.0,45.0,False,42,default,6291456,6912870400,"[0.88946245 0.14998558 0.15024959 0.14962559 0.15114989 0.1652397
 0.15294083 0.15016235 0.1514436  0.14957564]","[0.41125 0.04625 0.0675  0.0675  0.07375 0.065   0.06125 0.065   0.0725
 0.07   ]",0.5452552453978461,0.9981894038553037,0.45626196,"[0.18679184 0.18238394 0.23061408 0.13389383 0.20646809 0.04536373
 0.27432641 0.15256937 0.20363086 0.13544782]",0.5850611,"[0.18673958 0.18232918 0.23058315 0.13385944 0.20644104 0.04534555
 0.2743417  0.15252498 0.20358245 0.1354482 ]",0.5849751,"[-5.22583723e-05 -5.47617674e-05 -3.09348106e-05 -3.43918800e-05
 -2.70456076e-05 -1.81794167e-05  1.52885914e-05 -4.43905592e-05
 -4.84138727e-05  3.87430191e-07]",0.000116102645,8.594208e-05,7.806269e-05,0.0
8,33,0.1,1.0,60.0,False,42,default,6291456,6912870400,"[0.97743719 0.06932236 0.06944439 0.06915598 0.0698605  0.07637272
 0.07068826 0.06940406 0.06999625 0.06913289]","[0.60374999 0.0575     0.03       0.04125    0.04125    0.0525
 0.03375    0.05375    0.04375    0.0425    ]",0.38276967889539526,0.9991727843437722,0.61856943,"[0.18679184 0.18238394 0.23061408 0.13389383 0.20646809 0.04536373
 0.27432641 0.15256937 0.20363086 0.13544782]",0.5850611,"[0.18688762 0.18244547 0.23069856 0.13395293 0.20659639 0.04536629
 0.27454388 0.15261158 0.20371491 0.13554718]",0.5853684,"[9.57846642e-05 6.15268946e-05 8.44746828e-05 5.90980053e-05
 1.28298998e-04 2.56672502e-06 2.17467546e-04 4.22149897e-05
 8.40425491e-05 9.93609428e-05]",0.00032567777,0.0003072893,0.000107885695,0.0
8,33,0.1,1.0,72.19422347835044,True,42,default,6291456,6912870400,[1. 0. 0. 0. 0. 0. 0. 0. 0. 0.],[1. 0. 0. 0. 0. 0. 0. 0. 0. 0.],1.1102230246251565e-16,0.999999999999,1.0,"[0.18679184 0.18238394 0.23061408 0.13389383 0.20646809 0.04536373
 0.27432641 0.15256937 0.20363086 0.13544782]",0.5850611,"[0.18726537 0.18285534 0.2312002  0.13425644 0.20707184 0.04545878
 0.27520406 0.15296271 0.20418432 0.13584431]",0.5866922,"[4.73529100e-04 4.71398234e-04 5.86122274e-04 3.62604856e-04
 6.03750348e-04 9.50507820e-05 8.77648592e-04 3.93345952e-04
 5.53458929e-04 3.96490097e-04]",0.0016381472,0.0016310986,0.00015180206,0.0
8,33,0.1,2.0,0.0,False,42,default,6291456,6912870400,"[0.61158259 0.62493861 0.62603869 0.62343869 0.62978991 0.68849734
 0.63725215 0.62567516 0.63101369 0.62323056]","[0.205      0.2325     0.18000001 0.205      0.145      0.2325
 0.20999999 0.175      0.21250001 0.2025    ]",1.3689901950689805,0.9929908381319141,0.63755393,"[0.18679184 0.18238394 0.23061408 0.13389383 0.20646809 0.04536373
 0.27432641 0.15256937 0.20363086 0.13544782]",0.5850611,"[0.1890651  0.18462722 0.23350313 0.13553253 0.20908044 0.04588755
 0.27785662 0.15444317 0.20611416 0.13716285]",0.59236777,"[0.00227326 0.00224328 0.00288905 0.0016387  0.00261235 0.00052382
 0.0035302  0.00187381 0.00248329 0.00171503]",0.007308373,0.0073066717,0.00015775445,0.0
8,33,0.1,2.0,15.0,False,42,default,6291456,6912870400,"[1.08358591 0.55169539 0.55266654 0.55037126 0.55597811 0.607805
 0.56256577 0.55234561 0.55705847 0.55018753]","[0.39500001 0.155      0.1825     0.16249999 0.18000001 0.2175
 0.16249999 0.185      0.1825     0.17749999]",1.3367378722657564,0.9962421595846245,0.66701764,"[0.18679184 0.18238394 0.23061408 0.13389383 0.20646809 0.04536373
 0.27432641 0.15256937 0.20363086 0.13544782]",0.5850611,"[0.18818787 0.18380626 0.23247351 0.13491349 0.20812309 0.04568987
 0.27652863 0.15373726 0.2051919  0.13654809]",0.589661,"[0.00139603 0.00142232 0.00185943 0.00101966 0.001655   0.00032615
 0.00220221 0.00116789 0.00156103 0.00110027]",0.004601692,0.004599901,0.00012837676,0.0
8,33,0.1,2.0,30.0,False,42,default,6291456,6912870400,"[1.48174463 0.44085504 0.44163108 0.43979694 0.44427733 0.48569175
 0.44954147 0.44137463 0.44514063 0.43965012]","[0.55000001 0.16500001 0.16       0.13       0.17       0.1875
 0.14749999 0.1575     0.16249999 0.17      ]",1.2681054347817395,0.9985380983570518,0.7335871,"[0.18679184 0.18238394 0.23061408 0.13389383 0.20646809 0.04536373
 0.27432641 0.15256937 0.20363086 0.13544782]",0.5850611,"[0.18915212 0.18472224 0.23354925 0.13557971 0.20919451 0.04591545
 0.27802533 0.15449415 0.20623782 0.13724923]",0.592652,"[0.00236028 0.00233831 0.00293517 0.00168587 0.00272642 0.00055172
 0.00369892 0.00192478 0.00260696 0.00180142]",0.007593541,0.0075909095,0.00019989272,0.0
8,33,0.1,2.0,45.0,False,42,default,6291456,6912870400,"[1.77892491 0.29997115 0.30049919 0.29925119 0.30229978 0.33047941
 0.30588166 0.30032469 0.3028872  0.29915129]","[0.82249999 0.0925     0.13500001 0.13500001 0.14749999 0.13
 0.1225     0.13       0.145      0.14      ]",1.0905104907956922,0.9981894038569444,0.9125239,"[0.18679184 0.18238394 0.23061408 0.13389383 0.20646809 0.04536373
 0.27432641 0.15256937 0.20363086 0.13544782]",0.5850611,"[0.18893714 0.1844923  0.23328607 0.13541372 0.20892189 0.04585737
 0.27768368 0.15429856 0.20597532 0.13707528]",0.59192646,"[0.00214531 0.00210837 0.00267199 0.00151989 0.0024538  0.00049364
 0.00335726 0.00172919 0.00234446 0.00162746]",0.0068679233,0.0068653203,0.00018906733,0.019782341029446364
8,33,0.1,2.0,60.0,False,42,default,6291456,6912870400,"[1.95487439 0.13864472 0.13888878 0.13831196 0.139721   0.15274544
 0.14137652 0.13880813 0.1399925  0.13826579]","[1.20749998 0.115      0.06       0.0825     0.0825     0.105
 0.0675     0.1075     0.0875     0.085     ]",0.7655393577907905,0.9991727843449836,1.2371389,"[0.18679184 0.18238394 0.23061408 0.13389383 0.20646809 0.04536373
 0.27432641 0.15256937 0.20363086 0.13544782]",0.5850611,"[0.18968883 0.18517391 0.23407528 0.13590649 0.20974976 0.04602059
 0.27876273 0.15485351 0.2068145  0.13757639]",0.59416634,"[0.00289699 0.00278997 0.0034612  0.00201266 0.00328167 0.00065686
 0.00443631 0.00228414 0.00318363 0.00212857]",0.009108925,0.009105214,0.00026003394,0.019782341029446364
8,33,0.1,2.0,72.19422347835044,True,42,default,6291456,6912870400,[2. 0. 0. 0. 0. 0. 0. 0. 0. 0.],[2. 0. 0. 0. 0. 0. 0. 0. 0. 0.],2.220446049250313e-16,0.9999999999997501,2.0,"[0.18679184 0.18238394 0.23061408 0.13389383 0.20646809 0.04536373
 0.27432641 0.15256937 0.20363086 0.13544782]",0.5850611,"[0.18982396 0.18528034 0.23431408 0.13601266 0.20985886 0.04601066
 0.27886558 0.15499055 0.20688395 0.1376552 ]",0.59452516,"[0.00303212 0.0028964  0.0037     0.00211883 0.00339077 0.00064693
 0.00453916 0.00242119 0.00325309 0.00220738]",0.009465697,0.009464073,0.00017535551,0.0
8,33,0.1,5.0,0.0,False,42,default,6291456,6912870400,"[1.52895648 1.56234652 1.56509672 1.55859672 1.57447477 1.72124336
 1.59313037 1.5641879  1.57753422 1.5580764 ]","[0.51249999 0.58125001 0.45000002 0.51249999 0.36249998 0.58125001
 0.52499998 0.4375     0.53125    0.50625002]",3.4224754877420485,0.9929908382370712,1.5938848,"[0.18679184 0.18238394 0.23061408 0.13389383 0.20646809 0.04536373
 0.27432641 0.15256937 0.20363086 0.13544782]",0.5850611,"[0.1926028  0.18806109 0.23770268 0.13799261 0.21299686 0.04672833
 0.28315651 0.15721774 0.21002336 0.13966085]",0.6033809,"[0.00581096 0.00567715 0.0070886  0.00409877 0.00652876 0.0013646
 0.0088301  0.00464837 0.00639249 0.00421304]",0.018322775,0.018319732,0.00033395123,0.03426402009603798
8,33,0.1,5.0,15.0,False,42,default,6291456,6912870400,"[2.70896476 1.37923847 1.38166635 1.37592815 1.38994528 1.51951249
 1.40641443 1.38086404 1.39264617 1.37546882]","[0.98750001 0.38749999 0.45625001 0.40625    0.45000002 0.54374999
 0.40625    0.46250001 0.45625001 0.44374999]",3.341844686252647,0.9962422091793435,1.667544,"[0.18679184 0.18238394 0.23061408 0.13389383 0.20646809 0.04536373
 0.27432641 0.15256937 0.20363086 0.13544782]",0.5850611,"[0.19173615 0.18719918 0.23669329 0.13737409 0.21202949 0.04651116
 0.28174087 0.15653071 0.20905013 0.13904579]",0.6006137,"[0.00494431 0.00481524 0.00607921 0.00348026 0.0055614  0.00114743
 0.00741446 0.00396134 0.00541927 0.00359797]",0.015554026,0.015552646,0.0002073443,0.0
8,33,0.1,5.0,30.0,False,42,default,6291456,6912870400,"[3.70436157 1.1021376  1.10407769 1.09949235 1.11069332 1.21422937
 1.12385368 1.10343658 1.11285158 1.0991253 ]","[1.375      0.41250002 0.39999998 0.32499999 0.42500001 0.46875
 0.36874998 0.39375001 0.40625    0.42500001]",3.1702636024621906,0.9985381061299584,1.8339677,"[0.18679184 0.18238394 0.23061408 0.13389383 0.20646809 0.04536373
 0.27432641 0.15256937 0.20363086 0.13544782]",0.5850611,"[0.19303642 0.18847673 0.23829834 0.13831095 0.21355562 0.04677832
 0.28380418 0.15758145 0.21046911 0.14002872]",0.60479647,"[0.00624458 0.00609279 0.00768426 0.00441712 0.00708753 0.0014146
 0.00947776 0.00501208 0.00683825 0.0045809 ]",0.019738417,0.01973529,0.00035134726,0.03426402009603798
8,33,0.1,5.0,45.0,False,42,default,6291456,6912870400,"[4.44731227 0.74992788 0.75124797 0.74812797 0.75574945 0.82619851
 0.76470415 0.75081174 0.75721799 0.74787821]","[2.0562501  0.23125    0.33750001 0.33750001 0.36874998 0.32499999
 0.30625001 0.32499999 0.36249998 0.34999999]",2.726276127914133,0.998189330519613,2.28131,"[0.18679184 0.18238394 0.23061408 0.13389383 0.20646809 0.04536373
 0.27432641 0.15256937 0.20363086 0.13544782]",0.5850611,"[0.19268931 0.18810542 0.23778026 0.13803455 0.21309923 0.04668223
 0.28323844 0.15727243 0.21010472 0.13974647]",0.6035959,"[0.00589748 0.00572148 0.00716618 0.00414072 0.00663114 0.0013185
 0.00891203 0.00470306 0.00647385 0.00429866]",0.018538011,0.018534722,0.00034941317,0.03426402009603798
8,33,0.1,5.0,60.0,False,42,default,6291456,6912870400,"[4.88718597 0.3466118  0.34722194 0.3457799  0.3493025  0.3818636
 0.3534413  0.34702032 0.34998125 0.34566446]","[3.01874995 0.28749999 0.14999999 0.20625001 0.20625001 0.26249999
 0.16875    0.26875001 0.21875    0.21250001]",1.9138483946204417,0.9991728805736029,3.0928469,"[0.18679184 0.18238394 0.23061408 0.13389383 0.20646809 0.04536373
 0.27432641 0.15256937 0.20363086 0.13544782]",0.5850611,"[0.19334555 0.18878935 0.23867568 0.13850701 0.21382527 0.04684245
 0.28418991 0.15784246 0.21081534 0.14021659]",0.60569924,"[0.00655371 0.00640541 0.0080616  0.00461318 0.00735718 0.00147872
 0.0098635  0.00527309 0.00718448 0.00476877]",0.0206402,0.020638106,0.00029409947,0.0
8,33,0.1,5.0,72.19422347835044,True,42,default,6291456,6912870400,[5. 0. 0. 0. 0. 0. 0. 0. 0. 0.],[5. 0. 0. 0. 0. 0. 0. 0. 0. 0.],8.881784197001252e-16,0.99999999999996,5.0,"[0.18679184 0.18238394 0.23061408 0.13389383 0.20646809 0.04536373
 0.27432641 0.15256937 0.20363086 0.13544782]",0.5850611,"[0.1929218  0.18832478 0.23808466 0.13820258 0.21328138 0.04673358
 0.28346586 0.15746117 0.2102779  0.13987567]",0.6042112,"[0.00612997 0.00594084 0.00747058 0.00430875 0.00681329 0.00136985
 0.00913945 0.0048918  0.00664704 0.00442785]",0.019151771,0.019150069,0.0002556021,0.019782341029446364
8,15,0.25,0.01,0.0,False,42,default,6291456,6912870400,"[0.00302977 0.00310015 0.00300152 0.0030111  0.00363718 0.00356772
 0.00289513 0.00295665 0.00327208 0.00305712]","[0.001025  0.00115   0.0008375 0.001     0.0008875 0.001225  0.0009625
 0.000825  0.0010875 0.001    ]",0.006847033963660708,0.9928545406693927,0.0031862988,"[0.31420356 0.30664694 0.38807011 0.22451352 0.34779322 0.07412631
 0.46283239 0.25591779 0.34252965 0.22723335]",0.98431957,"[0.31420147 0.30664694 0.38806987 0.22451396 0.34779331 0.07412628
 0.46283174 0.25591755 0.34252927 0.22723103]",0.98431796,"[-2.08616257e-06  0.00000000e+00 -2.38418579e-07  4.47034836e-07
  8.94069672e-08 -2.98023224e-08 -6.55651093e-07 -2.38418579e-07
 -3.87430191e-07 -2.32458115e-06]",3.2646808e-06,1.6703442e-06,2.805012e-06,0.0
8,15,0.25,0.01,15.0,False,42,default,6291456,6912870400,"[0.00268935 0.00275182 0.00266428 0.00267277 0.00322851 0.00316686
 0.00527383 0.00262445 0.00290443 0.00271362]","[0.0009125 0.0010875 0.0007375 0.000875  0.0009375 0.0010625 0.0016875
 0.0008625 0.0009625 0.000875 ]",0.006757703252359735,0.9966933061570973,0.0032582588,"[0.31420356 0.30664694 0.38807011 0.22451352 0.34779322 0.07412631
 0.46283239 0.25591779 0.34252965 0.22723335]",0.98431957,"[0.31420195 0.30664694 0.38806987 0.22451396 0.34779325 0.07412628
 0.46283174 0.25591755 0.34252927 0.22723103]",0.98431814,"[-1.60932541e-06  0.00000000e+00 -2.38418579e-07  4.47034836e-07
  2.98023224e-08 -2.98023224e-08 -6.55651093e-07 -2.38418579e-07
 -3.87430191e-07 -2.32458115e-06]",2.9814241e-06,1.5391936e-06,2.5533845e-06,0.0
8,15,0.25,0.01,30.0,False,42,default,6291456,6912870400,"[0.00216565 0.00221596 0.00214546 0.00215231 0.00259983 0.00255018
 0.00729313 0.00211339 0.00233885 0.0021852 ]","[0.0007875 0.000975  0.000675  0.00075   0.001     0.0007    0.0026875
 0.00075   0.0008375 0.0008375]",0.006379000894332967,0.9962630744344969,0.0036423723,"[0.31420356 0.30664694 0.38807011 0.22451352 0.34779322 0.07412631
 0.46283239 0.25591779 0.34252965 0.22723335]",0.98431957,"[0.31420168 0.30664659 0.38806987 0.22451396 0.34779304 0.07412628
 0.46283165 0.25591755 0.34252915 0.22723101]",0.98431766,"[-1.87754631e-06 -3.57627869e-07 -2.38418579e-07  4.47034836e-07
 -1.78813934e-07 -2.98023224e-08 -7.45058060e-07 -2.38418579e-07
 -5.06639481e-07 -2.33948231e-06]",3.2069363e-06,1.8968987e-06,2.5857719e-06,0.0
8,15,0.25,0.01,45.0,False,42,default,6291456,6912870400,"[0.00149437 0.00152909 0.00148044 0.00148516 0.00179397 0.00175971
 0.00881541 0.00145831 0.00161389 0.00150786]","[0.00065   0.000825  0.0007375 0.000525  0.00075   0.000775  0.0036625
 0.0006    0.000775  0.0007   ]",0.005778206174573552,0.9979587403070055,0.0042367806,"[0.31420356 0.30664694 0.38807011 0.22451352 0.34779322 0.07412631
 0.46283239 0.25591779 0.34252965 0.22723335]",0.98431957,"[0.31420165 0.30664659 0.3880699  0.22451396 0.34779271 0.07412628
 0.46283165 0.2559177  0.34252921 0.22723103]",0.98431766,"[-1.90734863e-06 -3.57627869e-07 -2.08616257e-07  4.47034836e-07
 -5.06639481e-07 -2.98023224e-08 -7.45058060e-07 -8.94069672e-08
 -4.47034836e-07 -2.32458115e-06]",3.2300823e-06,1.9475701e-06,2.576898e-06,0.0
8,15,0.25,0.01,60.0,False,42,default,6291456,6912870400,"[0.00072125 0.00073801 0.00071453 0.00071681 0.00086585 0.00084932
 0.00973694 0.00070385 0.00077894 0.00072776]","[0.0004375 0.000475  0.0005625 0.0005    0.0004    0.00045   0.00575
 0.000525  0.000475  0.000425 ]",0.004087539901973558,0.9992249954387972,0.005923707,"[0.31420356 0.30664694 0.38807011 0.22451352 0.34779322 0.07412631
 0.46283239 0.25591779 0.34252965 0.22723335]",0.98431957,"[0.31420186 0.30664665 0.38806987 0.22451399 0.34779304 0.07412629
 0.46283165 0.25591755 0.34252918 0.22723101]",0.98431784,"[-1.69873238e-06 -2.98023224e-07 -2.38418579e-07  4.76837158e-07
 -1.78813934e-07 -2.23517418e-08 -7.45058060e-07 -2.38418579e-07
 -4.76837158e-07 -2.33948231e-06]",3.0989847e-06,1.8035214e-06,2.5201225e-06,0.0
8,15,0.25,0.01,73.17116824460231,True,42,default,6291456,6912870400,"[1.38777878e-19 2.77555756e-19 1.38777878e-19 1.38777878e-19
 1.38777878e-19 2.77555756e-19 1.00000000e-02 1.38777878e-19
 2.77555756e-19 1.38777878e-19]",[0.   0.   0.   0.   0.   0.   0.01 0.   0.   0.  ],2.2351741811588166e-10,0.99999999,0.01,"[0.31420356 0.30664694 0.38807011 0.22451352 0.34779322 0.07412631
 0.46283239 0.25591779 0.34252965 0.22723335]",0.98431957,"[0.31420186 0.30664662 0.3880699  0.22451364 0.3477931  0.0741263
 0.46283159 0.25591743 0.34252936 0.22723103]",0.9843177,"[-1.69873238e-06 -3.27825546e-07 -2.08616257e-07  1.19209290e-07
 -1.19209290e-07 -1.49011612e-08 -8.04662704e-07 -3.57627869e-07
 -2.98023224e-07 -2.32458115e-06]",3.0550289e-06,1.8543616e-06,2.4278684e-06,0.0
8,15,0.25,0.1,0.0,False,42,default,6291456,6912870400,"[0.03029767 0.03100147 0.03001523 0.03011096 0.03637182 0.03567721
 0.02895135 0.0295665  0.03272077 0.03057117]","[0.01025  0.0115   0.008375 0.01     0.008875 0.01225  0.009625 0.00825
 0.010875 0.01    ]",0.06847033825984425,0.9928545699861482,0.03186299,"[0.31420356 0.30664694 0.38807011 0.22451352 0.34779322 0.07412631
 0.46283239 0.25591779 0.34252965 0.22723335]",0.98431957,"[0.31420484 0.3066577  0.38806143 0.22452307 0.34779683 0.07412781
 0.46283048 0.25591871 0.34253609 0.22723453]",0.98432535,"[ 1.28149986e-06  1.07586384e-05 -8.67247581e-06  9.55164433e-06
  3.60608101e-06  1.49756670e-06 -1.90734863e-06  9.23871994e-07
  6.43730164e-06  1.17719173e-06]",1.8611796e-05,5.7623524e-06,1.7697295e-05,0.0
8,15,0.25,0.1,15.0,False,42,default,6291456,6912870400,"[0.02689347 0.0275182  0.02664277 0.02672774 0.03228514 0.03166858
 0.05273834 0.02624445 0.02904432 0.02713624]","[0.009125 0.010875 0.007375 0.00875  0.009375 0.010625 0.016875 0.008625
 0.009625 0.00875 ]",0.06757703178831308,0.9966933450165989,0.03258259,"[0.31420356 0.30664694 0.38807011 0.22451352 0.34779322 0.07412631
 0.46283239 0.25591779 0.34252965 0.22723335]",0.98431957,"[0.31419834 0.30665153 0.38806036 0.22452125 0.34779274 0.07412736
 0.46282661 0.25591382 0.34252667 0.22723225]",0.9843121,"[-5.21540642e-06  4.58955765e-06 -9.74535942e-06  7.73370266e-06
 -4.76837158e-07  1.05053186e-06 -5.78165054e-06 -3.96370888e-06
 -2.98023224e-06 -1.10268593e-06]",1.623619e-05,7.443274e-06,1.4429537e-05,0.0
8,15,0.25,0.1,30.0,False,42,default,6291456,6912870400,"[0.02165653 0.0221596  0.02145465 0.02152307 0.02599828 0.02550178
 0.0729313  0.02113389 0.02338854 0.02185202]","[0.007875 0.00975  0.00675  0.0075   0.01     0.007    0.026875 0.0075
 0.008375 0.008375]",0.06379000720335351,0.9962632264047516,0.03642372,"[0.31420356 0.30664694 0.38807011 0.22451352 0.34779322 0.07412631
 0.46283239 0.25591779 0.34252965 0.22723335]",0.98431957,"[0.31420031 0.30664334 0.38806105 0.22451226 0.34779102 0.07412723
 0.46282718 0.25591463 0.34252647 0.22723125]",0.984308,"[-3.24845314e-06 -3.60608101e-06 -9.05990601e-06 -1.25169754e-06
 -2.20537186e-06  9.16421413e-07 -5.21540642e-06 -3.15904617e-06
 -3.18884850e-06 -2.10106373e-06]",1.28324455e-05,1.1596312e-05,5.495203e-06,0.0
8,15,0.25,0.1,45.0,False,42,default,6291456,6912870400,"[0.01494373 0.01529087 0.01480442 0.01485164 0.01793968 0.01759708
 0.08815411 0.01458309 0.01613888 0.01507863]","[0.0065   0.00825  0.007375 0.00525  0.0075   0.00775  0.036625 0.006
 0.00775  0.007   ]",0.05778206038382071,0.9979586430360369,0.042367812,"[0.31420356 0.30664694 0.38807011 0.22451352 0.34779322 0.07412631
 0.46283239 0.25591779 0.34252965 0.22723335]",0.98431957,"[0.31419912 0.30664653 0.38806391 0.2245127  0.34778979 0.07412698
 0.46282837 0.25591427 0.34252456 0.22723003]",0.9843089,"[-4.44054604e-06 -4.17232513e-07 -6.19888306e-06 -8.19563866e-07
 -3.42726707e-06  6.70552254e-07 -4.02331352e-06 -3.51667404e-06
 -5.09619713e-06 -3.32295895e-06]",1.1694166e-05,1.0685395e-05,4.751406e-06,0.0
8,15,0.25,0.1,60.0,False,42,default,6291456,6912870400,"[0.00721254 0.00738008 0.0071453  0.00716809 0.00865853 0.00849317
 0.09736937 0.00703848 0.00778937 0.00727765]","[0.004375 0.00475  0.005625 0.005    0.004    0.0045   0.0575   0.00525
 0.00475  0.00425 ]",0.04087539348607621,0.9992250425137412,0.059237074,"[0.31420356 0.30664694 0.38807011 0.22451352 0.34779322 0.07412631
 0.46283239 0.25591779 0.34252965 0.22723335]",0.98431957,"[0.31419891 0.30664524 0.38806295 0.22451133 0.34778845 0.07412601
 0.46282601 0.25591433 0.3425259  0.22722921]",0.9843064,"[-4.64916229e-06 -1.69873238e-06 -7.15255737e-06 -2.19047070e-06
 -4.76837158e-06 -3.05473804e-07 -6.37769699e-06 -3.45706940e-06
 -3.75509262e-06 -4.14252281e-06]",1.3681224e-05,1.3201312e-05,3.5918329e-06,0.0
8,15,0.25,0.1,73.17116824460231,True,42,default,6291456,6912870400,"[1.38777878e-18 2.77555756e-18 1.38777878e-18 1.38777878e-18
 1.38777878e-18 2.77555756e-18 1.00000000e-01 1.38777878e-18
 2.77555756e-18 1.38777878e-18]",[0.  0.  0.  0.  0.  0.  0.1 0.  0.  0. ],1.4901161138336505e-09,0.9999999999,0.1,"[0.31420356 0.30664694 0.38807011 0.22451352 0.34779322 0.07412631
 0.46283239 0.25591779 0.34252965 0.22723335]",0.98431957,"[0.314199   0.30664438 0.38806009 0.22451118 0.34778628 0.07412682
 0.46282455 0.25590783 0.34252277 0.2272276 ]",0.98430043,"[-4.55975533e-06 -2.56299973e-06 -1.00135803e-05 -2.33948231e-06
 -6.94394112e-06  5.06639481e-07 -7.83801079e-06 -9.95397568e-06
 -6.88433647e-06 -5.75184822e-06]",2.055661e-05,1.9147777e-05,7.4790983e-06,0.0
8,15,0.25,1.0,0.0,False,42,default,6291456,6912870400,"[0.30297667 0.31001471 0.30015233 0.30110959 0.36371818 0.35677212
 0.28951349 0.29566498 0.32720769 0.30571169]","[0.1025  0.115   0.08375 0.1     0.08875 0.1225  0.09625 0.0825  0.10875
 0.1    ]",0.6847033940457037,0.9928545347566827,0.3186299,"[0.31420356 0.30664694 0.38807011 0.22451352 0.34779322 0.07412631
 0.46283239 0.25591779 0.34252965 0.22723335]",0.98431957,"[0.31378603 0.30634385 0.38771731 0.22426687 0.34741297 0.07404136
 0.46220416 0.25565276 0.34213334 0.22698079]",0.9831953,"[-4.17530537e-04 -3.03089619e-04 -3.52799892e-04 -2.46644020e-04
 -3.80247831e-04 -8.49515200e-05 -6.28232956e-04 -2.65032053e-04
 -3.96311283e-04 -2.52559781e-04]",0.0011353719,0.0011243232,0.00015800854,0.0
8,15,0.25,1.0,15.0,False,42,default,6291456,6912870400,"[0.2689347  0.27518196 0.2664277  0.2672774  0.32285139 0.31668578
 0.5273834  0.26244454 0.29044316 0.27136242]","[0.09125 0.10875 0.07375 0.0875  0.09375 0.10625 0.16875 0.08625 0.09625
 0.0875 ]",0.6757703241749563,0.9966933711816717,0.32582587,"[0.31420356 0.30664694 0.38807011 0.22451352 0.34779322 0.07412631
 0.46283239 0.25591779 0.34252965 0.22723335]",0.98431957,"[0.31369093 0.30622396 0.38758707 0.22419921 0.34727722 0.07400972
 0.46206984 0.25556004 0.34202233 0.22691157]",0.98286855,"[-0.00051263 -0.00042298 -0.00048304 -0.00031431 -0.000516   -0.00011659
 -0.00076255 -0.00035775 -0.00050732 -0.00032178]",0.0014574135,0.0014510312,0.00013624472,0.0
8,15,0.25,1.0,30.0,False,42,default,6291456,6912870400,"[0.21656528 0.22159601 0.21454646 0.2152307  0.25998282 0.25501783
 0.72931301 0.21133894 0.23388541 0.21852025]","[0.07875    0.0975     0.0675     0.075      0.1        0.07
 0.26875001 0.075      0.08375    0.08375   ]",0.6379000833189741,0.9962630727737697,0.36423725,"[0.31420356 0.30664694 0.38807011 0.22451352 0.34779322 0.07412631
 0.46283239 0.25591779 0.34252965 0.22723335]",0.98431957,"[0.31370032 0.30622038 0.38756853 0.224197   0.34726682 0.07401156
 0.46208915 0.25557733 0.34197688 0.22691326]",0.9828573,"[-0.00050324 -0.00042656 -0.00050157 -0.00031652 -0.0005264  -0.00011475
 -0.00074324 -0.00034046 -0.00055277 -0.00032009]",0.0014675026,0.0014623482,0.0001228912,0.0
8,15,0.25,1.0,45.0,False,42,default,6291456,6912870400,"[0.14943729 0.15290866 0.14804423 0.14851639 0.17939684 0.17597083
 0.88154113 0.14583094 0.16138876 0.15078628]","[0.065      0.0825     0.07375    0.0525     0.075      0.0775
 0.36625001 0.06       0.0775     0.07      ]",0.577820612481209,0.9979586751975884,0.4236781,"[0.31420356 0.30664694 0.38807011 0.22451352 0.34779322 0.07412631
 0.46283239 0.25591779 0.34252965 0.22723335]",0.98431957,"[0.31369609 0.30620331 0.38753974 0.22417215 0.347231   0.07401038
 0.46204543 0.25553554 0.34196725 0.22686011]",0.9827738,"[-0.00050747 -0.00044364 -0.00053036 -0.00034137 -0.00056222 -0.00011593
 -0.00078696 -0.00038224 -0.0005624  -0.00037324]",0.0015500697,0.0015458255,0.00011462878,0.0
8,15,0.25,1.0,60.0,False,42,default,6291456,6912870400,"[0.07212539 0.07380084 0.07145304 0.07168092 0.08658527 0.08493172
 0.97369369 0.0703848  0.07789373 0.07277648]","[0.04375    0.0475     0.05625    0.05       0.04       0.045
 0.57499999 0.0525     0.0475     0.0425    ]",0.40875395729953945,0.9992249923907736,0.59237075,"[0.31420356 0.30664694 0.38807011 0.22451352 0.34779322 0.07412631
 0.46283239 0.25591779 0.34252965 0.22723335]",0.98431957,"[0.3136794  0.30617052 0.38757753 0.22417456 0.34725222 0.07400656
 0.46203822 0.2555548  0.34196037 0.22688867]",0.9827867,"[-0.00052416 -0.00047642 -0.00049257 -0.00033896 -0.000541   -0.00011975
 -0.00079417 -0.00036299 -0.00056928 -0.00034468]",0.0015400081,0.0015328933,0.00014786363,0.0
8,15,0.25,1.0,73.17116824460231,True,42,default,6291456,6912870400,"[1.38777878e-17 2.77555756e-17 1.38777878e-17 1.38777878e-17
 1.38777878e-17 2.77555756e-17 1.00000000e+00 1.38777878e-17
 2.77555756e-17 1.38777878e-17]",[0. 0. 0. 0. 0. 0. 1. 0. 0. 0.],5.887846720064156e-17,0.9999999999989999,1.0,"[0.31420356 0.30664694 0.38807011 0.22451352 0.34779322 0.07412631
 0.46283239 0.25591779 0.34252965 0.22723335]",0.98431957,"[0.3135955  0.30609259 0.38739732 0.22410057 0.3471469  0.07400739
 0.46191493 0.25545827 0.34187803 0.22681361]",0.98248154,"[-0.00060806 -0.00055435 -0.00067279 -0.00041294 -0.00064632 -0.00011892
 -0.00091746 -0.00045952 -0.00065163 -0.00041974]",0.0018400481,0.0018380794,8.509698e-05,0.019782341029446364
8,15,0.25,2.0,0.0,False,42,default,6291456,6912870400,"[0.60595334 0.62002942 0.60030465 0.60221918 0.72743636 0.71354424
 0.57902698 0.59132996 0.65441537 0.61142339]","[0.205      0.23       0.1675     0.2        0.17749999 0.245
 0.1925     0.16500001 0.2175     0.2       ]",1.3694067880914074,0.9928545347590196,0.6372598,"[0.31420356 0.30664694 0.38807011 0.22451352 0.34779322 0.07412631
 0.46283239 0.25591779 0.34252965 0.22723335]",0.98431957,"[0.3130686  0.30565113 0.38689134 0.22372565 0.34657148 0.07388
 0.4610267  0.2551316  0.34136567 0.2265096 ]",0.9809269,"[-0.00113496 -0.00099581 -0.00117877 -0.00078787 -0.00122175 -0.00024631
 -0.00180569 -0.00078619 -0.00116399 -0.00072375]",0.0034059733,0.003392772,0.00029959323,0.019782341029446364
8,15,0.25,2.0,15.0,False,42,default,6291456,6912870400,"[0.5378694  0.55036392 0.53285539 0.5345548  0.64570279 0.63337156
 1.0547668  0.52488908 0.58088632 0.54272484]","[0.1825     0.2175     0.14749999 0.175      0.1875     0.21250001
 0.33750001 0.1725     0.1925     0.175     ]",1.3515406483499126,0.9966933711839657,0.65165174,"[0.31420356 0.30664694 0.38807011 0.22451352 0.34779322 0.07412631
 0.46283239 0.25591779 0.34252965 0.22723335]",0.98431957,"[0.31311417 0.30569822 0.38692638 0.22377452 0.34662554 0.07389179
 0.46112034 0.25511089 0.34144419 0.22652332]",0.98107016,"[-0.00108939 -0.00094873 -0.00114372 -0.00073899 -0.00116768 -0.00023452
 -0.00171205 -0.0008069  -0.00108546 -0.00071003]",0.003259469,0.0032494625,0.00025521667,0.0
8,15,0.25,2.0,30.0,False,42,default,6291456,6912870400,"[0.43313055 0.44319202 0.42909292 0.4304614  0.51996564 0.51003566
 1.45862601 0.42267788 0.46777082 0.4370405 ]","[0.1575     0.19499999 0.13500001 0.15000001 0.2        0.14
 0.53750002 0.15000001 0.1675     0.1675    ]",1.2758001666379482,0.9962630727758209,0.7284745,"[0.31420356 0.30664694 0.38807011 0.22451352 0.34779322 0.07412631
 0.46283239 0.25591779 0.34252965 0.22723335]",0.98431957,"[0.31317225 0.30567417 0.38695839 0.22376728 0.3466123  0.07391891
 0.46119004 0.25514454 0.34142718 0.22656488]",0.9811348,"[-0.00103131 -0.00097278 -0.00111172 -0.00074624 -0.00118092 -0.0002074
 -0.00164235 -0.00077325 -0.00110248 -0.00066847]",0.003193396,0.0031848822,0.00023303421,0.0
8,15,0.25,2.0,45.0,False,42,default,6291456,6912870400,"[0.29887457 0.30581732 0.29608847 0.29703277 0.35879369 0.35194167
 1.76308226 0.29166188 0.32277752 0.30157257]","[0.13       0.16500001 0.14749999 0.105      0.15000001 0.155
 0.73250002 0.12       0.155      0.14      ]",1.155641224962418,0.9979586751993549,0.8473562,"[0.31420356 0.30664694 0.38807011 0.22451352 0.34779322 0.07412631
 0.46283239 0.25591779 0.34252965 0.22723335]",0.98431957,"[0.31260884 0.30518633 0.38637957 0.22343934 0.34606105 0.07378756
 0.46042702 0.25473487 0.34084764 0.22617811]",0.97953904,"[-0.00159472 -0.00146061 -0.00169054 -0.00107418 -0.00173217 -0.00033876
 -0.00240538 -0.00118291 -0.00168201 -0.00105524]",0.004788663,0.004780624,0.00027735587,0.019782341029446364
8,15,0.25,2.0,60.0,False,42,default,6291456,6912870400,"[0.14425078 0.14760168 0.14290608 0.14336184 0.17317054 0.16986344
 1.94738738 0.1407696  0.15578746 0.14555296]","[0.0875     0.095      0.1125     0.1        0.08       0.09
 1.14999998 0.105      0.095      0.085     ]",0.8175079145990789,0.9992249923920387,1.1847415,"[0.31420356 0.30664694 0.38807011 0.22451352 0.34779322 0.07412631
 0.46283239 0.25591779 0.34252965 0.22723335]",0.98431957,"[0.31253079 0.30510452 0.38626686 0.22338022 0.34596264 0.07374834
 0.46026185 0.25467318 0.34074056 0.22608548]",0.9792406,"[-0.00167277 -0.00154242 -0.00180325 -0.00113329 -0.00183058 -0.00037798
 -0.00257054 -0.0012446  -0.00178909 -0.00114787]",0.005087469,0.0050790147,0.00029317487,0.0
8,15,0.25,2.0,73.17116824460231,True,42,default,6291456,6912870400,"[2.77555756e-17 5.55111512e-17 2.77555756e-17 2.77555756e-17
 2.77555756e-17 5.55111512e-17 2.00000000e+00 2.77555756e-17
 5.55111512e-17 2.77555756e-17]",[0. 0. 0. 0. 0. 0. 2. 0. 0. 0.],1.1775693440128312e-16,0.99999999999975,2.0,"[0.31420356 0.30664694 0.38807011 0.22451352 0.34779322 0.07412631
 0.46283239 0.25591779 0.34252965 0.22723335]",0.98431957,"[0.31198189 0.30443865 0.38542175 0.22291584 0.34530023 0.07362635
 0.45940596 0.25416023 0.34001204 0.22567895]",0.9772925,"[-0.00222167 -0.00220829 -0.00264835 -0.00159767 -0.00249299 -0.00049996
 -0.00342643 -0.00175756 -0.00251761 -0.0015544 ]",0.007030483,0.0070271883,0.00021519435,0.0
8,15,0.25,5.0,0.0,False,42,default,6291456,6912870400,"[1.51488335 1.55007356 1.50076163 1.50554794 1.81859091 1.7838606
 1.44756746 1.4783249  1.63603843 1.52855846]","[0.51249999 0.57499999 0.41875002 0.5        0.44374999 0.61250001
 0.48124999 0.41250002 0.54374999 0.5       ]",3.4235169802908545,0.992854546155216,1.5931494,"[0.31420356 0.30664694 0.38807011 0.22451352 0.34779322 0.07412631
 0.46283239 0.25591779 0.34252965 0.22723335]",0.98431957,"[0.30943471 0.30217719 0.38238734 0.22115354 0.34245893 0.07309267
 0.45571932 0.25217715 0.3375147  0.22398131]",0.9696225,"[-0.00476885 -0.00446975 -0.00568277 -0.00335997 -0.00533429 -0.00103364
 -0.00711307 -0.00374064 -0.00501496 -0.00325204]",0.014701721,0.0146972025,0.00036448697,0.019782341029446364
8,15,0.25,5.0,15.0,False,42,default,6291456,6912870400,"[1.34467351 1.3759098  1.33213848 1.33638701 1.61425697 1.58342891
 2.63691701 1.3122227  1.4522158  1.35681211]","[0.45625001 0.54374999 0.36874998 0.4375     0.46875    0.53125
 0.84375    0.43125001 0.48124999 0.4375    ]",3.3788516332655343,0.9966933269264953,1.6291294,"[0.31420356 0.30664694 0.38807011 0.22451352 0.34779322 0.07412631
 0.46283239 0.25591779 0.34252965 0.22723335]",0.98431957,"[0.30820248 0.30089569 0.38070816 0.22024511 0.34108377 0.07276513
 0.45380762 0.2511805  0.33603808 0.22304736]",0.96556264,"[-0.00600109 -0.00575125 -0.00736195 -0.00426841 -0.00670946 -0.00136118
 -0.00902477 -0.00473729 -0.00649157 -0.00418599]",0.018759757,0.01875702,0.0003205994,0.0
8,15,0.25,5.0,30.0,False,42,default,6291456,6912870400,"[1.08282638 1.10798006 1.07273229 1.07615351 1.29991409 1.27508915
 3.64656503 1.0566947  1.16942705 1.09260124]","[0.39375001 0.48749998 0.33750001 0.375      0.5        0.34999999
 1.34375    0.375      0.41875002 0.41875002]",3.189500465289987,0.9962630786611812,1.8211862,"[0.31420356 0.30664694 0.38807011 0.22451352 0.34779322 0.07412631
 0.46283239 0.25591779 0.34252965 0.22723335]",0.98431957,"[0.31014565 0.3028641  0.38322383 0.22162235 0.34327862 0.07330255
 0.45670703 0.25275487 0.33820891 0.22443832]",0.97176725,"[-0.00405791 -0.00378284 -0.00484627 -0.00289117 -0.0045146  -0.00082376
 -0.00612536 -0.00316292 -0.00432074 -0.00279503]",0.012557351,0.012552414,0.00035213315,0.0
8,15,0.25,5.0,45.0,False,42,default,6291456,6912870400,"[0.74718643 0.76454331 0.74022117 0.74258193 0.89698421 0.87985417
 4.40770566 0.72915469 0.80694379 0.75393141]","[0.32499999 0.41250002 0.36874998 0.26249999 0.375      0.38749999
 1.83125007 0.29999998 0.38749999 0.34999999]",2.8891030465947547,0.9979587666609747,2.1183903,"[0.31420356 0.30664694 0.38807011 0.22451352 0.34779322 0.07412631
 0.46283239 0.25591779 0.34252965 0.22723335]",0.98431957,"[0.31019956 0.30283689 0.38319477 0.22163776 0.34319618 0.07322896
 0.45668414 0.25274223 0.33817521 0.22452822]",0.9717284,"[-0.004004   -0.00381005 -0.00487533 -0.00287576 -0.00459704 -0.00089736
 -0.00614825 -0.00317556 -0.00435445 -0.00270513]",0.012597199,0.012591316,0.00038497665,0.019782341029446364
8,15,0.25,5.0,60.0,False,42,default,6291456,6912870400,"[0.36062696 0.3690042  0.3572652  0.35840461 0.43292634 0.42465859
 4.86846844 0.351924   0.38946864 0.3638824 ]","[0.21875    0.2375     0.28125    0.25       0.19999999 0.22500001
 2.875      0.26249999 0.2375     0.21250001]",2.0437697287581167,0.9992250119526048,2.9618537,"[0.31420356 0.30664694 0.38807011 0.22451352 0.34779322 0.07412631
 0.46283239 0.25591779 0.34252965 0.22723335]",0.98431957,"[0.3119162  0.30464593 0.38560253 0.22294512 0.34536201 0.0736634
 0.45942083 0.25427252 0.34013644 0.22571389]",0.9775262,"[-0.00228736 -0.00200102 -0.00246757 -0.00156839 -0.00243121 -0.00046291
 -0.00341156 -0.00164527 -0.00239322 -0.00151946]",0.006803809,0.0067934697,0.00037496298,0.0
8,15,0.25,5.0,73.17116824460231,True,42,default,6291456,6912870400,"[6.93889390e-17 1.38777878e-16 6.93889390e-17 6.93889390e-17
 6.93889390e-17 1.38777878e-16 5.00000000e+00 6.93889390e-17
 1.38777878e-16 6.93889390e-17]",[0. 0. 0. 0. 0. 0. 5. 0. 0. 0.],2.9439233600320783e-16,0.99999999999996,5.0,"[0.31420356 0.30664694 0.38807011 0.22451352 0.34779322 0.07412631
 0.46283239 0.25591779 0.34252965 0.22723335]",0.98431957,"[0.31596741 0.30853131 0.39047578 0.22575492 0.34979934 0.07458512
 0.46539932 0.25746241 0.34454599 0.22857058]",0.9900636,"[0.00176385 0.00188437 0.00240567 0.0012414  0.00200611 0.00045881
 0.00256693 0.00154462 0.00201634 0.00133723]",0.005749275,0.005743992,0.00024643392,0.0
8,52,0.25,0.01,0.0,False,42,default,6291456,6912870400,"[0.00316408 0.0031591  0.00332174 0.0033376  0.00302689 0.00297972
 0.00312643 0.00324744 0.00315333 0.00308716]","[0.0010625 0.001175  0.0009    0.0010875 0.000775  0.0009875 0.001025
 0.000925  0.00105   0.0010125]",0.0068453546749489055,0.9945696841017649,0.0031799176,"[0.25382349 0.24820843 0.31439897 0.1817728  0.28104231 0.06053024
 0.37358874 0.20738742 0.27680093 0.18388808]",0.7959788,"[0.25382262 0.24820806 0.31439975 0.18177392 0.28104094 0.06053009
 0.37359011 0.20738728 0.27680069 0.18388838]",0.795979,"[-8.64267349e-07 -3.72529030e-07  7.74860382e-07  1.11758709e-06
 -1.37090683e-06 -1.52736902e-07  1.37090683e-06 -1.34110451e-07
 -2.38418579e-07  2.98023224e-07]",2.584742e-06,2.6828482e-07,2.5707811e-06,0.0
8,52,0.25,0.01,15.0,False,42,default,6291456,6912870400,"[0.00280064 0.00279623 0.00294019 0.00295422 0.00267921 0.00534881
 0.00276731 0.00287442 0.00279112 0.00273255]","[0.0009625 0.0011    0.0007625 0.00105   0.0007125 0.0018625 0.0008
 0.00095   0.000925  0.000875 ]",0.006719614892137712,0.9938642554266103,0.0033106834,"[0.25382349 0.24820843 0.31439897 0.1817728  0.28104231 0.06053024
 0.37358874 0.20738742 0.27680093 0.18388808]",0.7959788,"[0.25382259 0.24820793 0.31439981 0.18177384 0.281041   0.0605301
 0.37358996 0.20738734 0.27680069 0.18388796]",0.79597884,"[-8.94069672e-07 -5.06639481e-07  8.34465027e-07  1.04308128e-06
 -1.31130219e-06 -1.41561031e-07  1.22189522e-06 -7.45058060e-08
 -2.38418579e-07 -1.19209290e-07]",2.4798348e-06,9.458754e-08,2.4780302e-06,0.0
8,52,0.25,0.01,30.0,False,42,default,6291456,6912870400,"[0.00224634 0.0022428  0.00235827 0.00236952 0.00214894 0.00735339
 0.00221961 0.00230552 0.0022387  0.00219173]","[0.0008125 0.001     0.000775  0.0008375 0.0008    0.002575  0.0007375
 0.0008    0.0008125 0.00085  ]",0.006434624744088406,0.997799550068664,0.0035776212,"[0.25382349 0.24820843 0.31439897 0.1817728  0.28104231 0.06053024
 0.37358874 0.20738742 0.27680093 0.18388808]",0.7959788,"[0.25382295 0.24820834 0.31439885 0.18177296 0.28104189 0.06053004
 0.37358981 0.20738727 0.27680039 0.18388785]",0.7959786,"[-5.36441803e-07 -8.94069672e-08 -1.19209290e-07  1.63912773e-07
 -4.17232513e-07 -1.97440386e-07  1.07288361e-06 -1.49011612e-07
 -5.36441803e-07 -2.23517418e-07]",1.4355908e-06,1.4438112e-07,1.4283119e-06,0.0
8,52,0.25,0.01,45.0,False,42,default,6291456,6912870400,"[0.00153895 0.00153653 0.00161563 0.00162335 0.00147223 0.00885684
 0.00152064 0.0015795  0.00153372 0.00150154]","[0.0006625 0.0008375 0.00075   0.0005625 0.0007    0.003775  0.0006125
 0.000675  0.000725  0.0007   ]",0.005700202541987505,0.9981919420464679,0.004313496,"[0.25382349 0.24820843 0.31439897 0.1817728  0.28104231 0.06053024
 0.37358874 0.20738742 0.27680093 0.18388808]",0.7959788,"[0.25382295 0.24820843 0.31439888 0.18177296 0.28104192 0.06053004
 0.37358925 0.20738728 0.27680048 0.18388779]",0.7959784,"[-5.36441803e-07  0.00000000e+00 -8.94069672e-08  1.63912773e-07
 -3.87430191e-07 -1.93715096e-07  5.06639481e-07 -1.34110451e-07
 -4.47034836e-07 -2.83122063e-07]",1.0319525e-06,3.3848448e-07,9.748611e-07,0.0
8,52,0.25,0.01,60.0,False,42,default,6291456,6912870400,"[0.00072669 0.00072555 0.0007629  0.00076654 0.00069518 0.00975672
 0.00071804 0.00074583 0.00072422 0.00070902]","[0.0004375 0.0005    0.0005625 0.0005625 0.0003    0.005875  0.0003375
 0.00055   0.00045   0.000425 ]",0.003972308636820193,0.9992038243624609,0.0060398155,"[0.25382349 0.24820843 0.31439897 0.1817728  0.28104231 0.06053024
 0.37358874 0.20738742 0.27680093 0.18388808]",0.7959788,"[0.25382295 0.24820876 0.31439888 0.18177313 0.28104231 0.06053006
 0.3735891  0.20738727 0.27680042 0.18388776]",0.79597867,"[-5.36441803e-07  3.27825546e-07 -8.94069672e-08  3.27825546e-07
  0.00000000e+00 -1.78813934e-07  3.57627869e-07 -1.49011612e-07
 -5.06639481e-07 -3.12924385e-07]",1.023418e-06,1.6233416e-07,1.0104613e-06,0.0
8,52,0.25,0.01,72.66416607021378,True,42,default,6291456,6912870400,"[5.55111512e-19 4.16333634e-19 5.55111512e-19 5.55111512e-19
 5.55111512e-19 1.00000000e-02 5.55111512e-19 5.55111512e-19
 4.16333634e-19 5.55111512e-19]",[0.   0.   0.   0.   0.   0.01 0.   0.   0.   0.  ],2.2351741811588166e-10,0.99999999,0.01,"[0.25382349 0.24820843 0.31439897 0.1817728  0.28104231 0.06053024
 0.37358874 0.20738742 0.27680093 0.18388808]",0.7959788,"[0.25382313 0.24820903 0.3143988  0.18177368 0.28104228 0.06053006
 0.37358913 0.20738739 0.2768003  0.18388778]",0.79597884,"[-3.57627869e-07  5.96046448e-07 -1.78813934e-07  8.79168510e-07
 -2.98023224e-08 -1.82539225e-07  3.87430191e-07 -2.98023224e-08
 -6.25848770e-07 -2.98023224e-07]",1.3977784e-06,6.514626e-08,1.3962594e-06,0.027976455118293345
8,52,0.25,0.1,0.0,False,42,default,6291456,6912870400,"[0.03164084 0.03159097 0.03321737 0.03337596 0.03026889 0.02979719
 0.03126431 0.03247436 0.03153326 0.03087157]","[0.010625 0.01175  0.009    0.010875 0.00775  0.009875 0.01025  0.00925
 0.0105   0.010125]",0.06845354588297378,0.9945696549912981,0.03179918,"[0.25382349 0.24820843 0.31439897 0.1817728  0.28104231 0.06053024
 0.37358874 0.20738742 0.27680093 0.18388808]",0.7959788,"[0.25384405 0.24822818 0.31442896 0.18178532 0.28106675 0.06053695
 0.37362966 0.20740986 0.27682742 0.1839069 ]",0.79605395,"[2.05636024e-05 1.97440386e-05 2.99811363e-05 1.25169754e-05
 2.44379044e-05 6.71669841e-06 4.09185886e-05 2.24411488e-05
 2.64942646e-05 1.88201666e-05]",7.579339e-05,7.516692e-05,9.724829e-06,0.027976455118293345
8,52,0.25,0.1,15.0,False,42,default,6291456,6912870400,"[0.02800642 0.02796228 0.02940186 0.02954223 0.02679206 0.05348809
 0.02767313 0.0287442  0.0279112  0.02732551]","[0.009625 0.011    0.007625 0.0105   0.007125 0.018625 0.008    0.0095
 0.00925  0.00875 ]",0.06719614778939914,0.9938643329884297,0.033106834,"[0.25382349 0.24820843 0.31439897 0.1817728  0.28104231 0.06053024
 0.37358874 0.20738742 0.27680093 0.18388808]",0.7959788,"[0.25384703 0.2482333  0.3144291  0.1817811  0.28107095 0.06053766
 0.37363502 0.20740964 0.27682859 0.18390881]",0.7960604,"[2.35438347e-05 2.48700380e-05 3.01301479e-05 8.29994678e-06
 2.86400318e-05 7.42450356e-06 4.62830067e-05 2.22176313e-05
 2.76565552e-05 2.07275152e-05]",8.279598e-05,8.165339e-05,1.3707664e-05,0.0
8,52,0.25,0.1,30.0,False,42,default,6291456,6912870400,"[0.0224634  0.022428   0.02358266 0.02369525 0.02148939 0.07353386
 0.02219608 0.02305516 0.02238703 0.02191726]","[0.008125 0.01     0.00775  0.008375 0.008    0.02575  0.007375 0.008
 0.008125 0.0085  ]",0.06434624537400067,0.9977995053633684,0.035776217,"[0.25382349 0.24820843 0.31439897 0.1817728  0.28104231 0.06053024
 0.37358874 0.20738742 0.27680093 0.18388808]",0.7959788,"[0.25384298 0.24822816 0.31442761 0.18178523 0.28106597 0.0605354
 0.37363201 0.20740861 0.27683076 0.18390489]",0.7960541,"[1.94907188e-05 1.97291374e-05 2.86400318e-05 1.24275684e-05
 2.36630440e-05 5.15952706e-06 4.32729721e-05 2.11894512e-05
 2.98321247e-05 1.68085098e-05]",7.63178e-05,7.535292e-05,1.2097366e-05,0.0
8,52,0.25,0.1,45.0,False,42,default,6291456,6912870400,"[0.01538954 0.01536529 0.01615634 0.01623347 0.01472225 0.08856842
 0.01520641 0.01579495 0.01533722 0.01501538]","[0.006625 0.008375 0.0075   0.005625 0.007    0.03775  0.006125 0.00675
 0.00725  0.007   ]",0.057002022164848856,0.9981919974220426,0.04313496,"[0.25382349 0.24820843 0.31439897 0.1817728  0.28104231 0.06053024
 0.37358874 0.20738742 0.27680093 0.18388808]",0.7959788,"[0.2538462  0.24822897 0.31442687 0.18178444 0.28106895 0.06053523
 0.37362865 0.20741081 0.27682757 0.18390656]",0.79605424,"[2.27093697e-05 2.05338001e-05 2.78949738e-05 1.16378069e-05
 2.66432762e-05 4.99561429e-06 3.99053097e-05 2.33948231e-05
 2.66432762e-05 1.84774399e-05]",7.600508e-05,7.5465985e-05,9.036409e-06,0.027976455118293345
8,52,0.25,0.1,60.0,False,42,default,6291456,6912870400,"[0.00726691 0.00725546 0.00762899 0.00766542 0.00695182 0.09756718
 0.00718044 0.00745835 0.00724221 0.00709024]","[0.004375 0.005    0.005625 0.005625 0.003    0.05875  0.003375 0.0055
 0.0045   0.00425 ]",0.039723084494836,0.9992038254332112,0.060398158,"[0.25382349 0.24820843 0.31439897 0.1817728  0.28104231 0.06053024
 0.37358874 0.20738742 0.27680093 0.18388808]",0.7959788,"[0.25384691 0.24823268 0.31442675 0.18178181 0.28106171 0.06053468
 0.37362164 0.20741314 0.27683023 0.1839053 ]",0.7960503,"[2.34246254e-05 2.42441893e-05 2.77757645e-05 9.01520252e-06
 1.94013119e-05 4.44427133e-06 3.29017639e-05 2.57194042e-05
 2.92956829e-05 1.72257423e-05]",7.269388e-05,7.155796e-05,1.2800741e-05,0.0
8,52,0.25,0.1,72.66416607021378,True,42,default,6291456,6912870400,"[5.55111512e-18 4.16333634e-18 5.55111512e-18 5.55111512e-18
 5.55111512e-18 1.00000000e-01 5.55111512e-18 5.55111512e-18
 4.16333634e-18 5.55111512e-18]",[0.  0.  0.  0.  0.  0.1 0.  0.  0.  0. ],1.4901161138336505e-09,0.9999999999,0.1,"[0.25382349 0.24820843 0.31439897 0.1817728  0.28104231 0.06053024
 0.37358874 0.20738742 0.27680093 0.18388808]",0.7959788,"[0.2538501  0.24822913 0.31442717 0.18178397 0.28106144 0.06053593
 0.37362596 0.20741375 0.27682921 0.18390974]",0.79605377,"[2.66134739e-05 2.06977129e-05 2.81929970e-05 1.11758709e-05
 1.91330910e-05 5.69596887e-06 3.72231007e-05 2.63303518e-05
 2.82824039e-05 2.16662884e-05]",7.617812e-05,7.49885e-05,1.341006e-05,0.0
8,52,0.25,1.0,0.0,False,42,default,6291456,6912870400,"[0.31640839 0.31590971 0.3321737  0.33375956 0.30268891 0.29797194
 0.31264307 0.32474361 0.31533262 0.30871566]","[0.10625 0.1175  0.09    0.10875 0.0775  0.09875 0.1025  0.0925  0.105
 0.10125]",0.6845354655504151,0.9945697969977534,0.31799173,"[0.25382349 0.24820843 0.31439897 0.1817728  0.28104231 0.06053024
 0.37358874 0.20738742 0.27680093 0.18388808]",0.7959788,"[0.2549282  0.24932694 0.31581262 0.18256697 0.28230858 0.0607767
 0.37526968 0.20832232 0.27806583 0.18472065]",0.7995501,"[0.00110471 0.00111851 0.00141364 0.00079417 0.00126627 0.00024647
 0.00168094 0.0009349  0.0012649  0.00083257]",0.0035717622,0.0035713508,5.4222888e-05,0.0
8,52,0.25,1.0,15.0,False,42,default,6291456,6912870400,"[0.28006416 0.27962276 0.29401859 0.29542229 0.26792057 0.53488089
 0.27673135 0.28744195 0.27911196 0.27325505]","[0.09625 0.11    0.07625 0.105   0.07125 0.18625 0.08    0.095   0.0925
 0.0875 ]",0.6719614824523459,0.9938643195116136,0.33106834,"[0.25382349 0.24820843 0.31439897 0.1817728  0.28104231 0.06053024
 0.37358874 0.20738742 0.27680093 0.18388808]",0.7959788,"[0.25491348 0.24931195 0.31574303 0.18255056 0.28231212 0.06078637
 0.37526315 0.20831066 0.27806112 0.18471187]",0.7995018,"[0.00108999 0.00110352 0.00134405 0.00077777 0.00126982 0.00025614
 0.00167441 0.00092325 0.00126019 0.0008238 ]",0.003523925,0.0035229719,8.195582e-05,0.027976455118293345
8,52,0.25,1.0,30.0,False,42,default,6291456,6912870400,"[0.22463402 0.22427998 0.2358266  0.23695248 0.21489388 0.73533859
 0.22196084 0.2305516  0.22387028 0.21917257]","[0.08125    0.1        0.0775     0.08375    0.08       0.25749999
 0.07375    0.08       0.08125    0.085     ]",0.6434624640807085,0.9977995802174962,0.35776213,"[0.25382349 0.24820843 0.31439897 0.1817728  0.28104231 0.06053024
 0.37358874 0.20738742 0.27680093 0.18388808]",0.7959788,"[0.25490031 0.24930918 0.31579021 0.18256293 0.28226772 0.06077911
 0.37524128 0.20832483 0.27805522 0.18471508]",0.799494,"[0.00107682 0.00110075 0.00139123 0.00079013 0.00122541 0.00024888
 0.00165254 0.00093742 0.00125429 0.000827  ]",0.0035158787,0.0035152484,6.6576096e-05,0.0
8,52,0.25,1.0,45.0,False,42,default,6291456,6912870400,"[0.15389544 0.15365289 0.16156341 0.16233475 0.14722253 0.88568417
 0.15206406 0.15794955 0.15337221 0.15015383]","[0.06625 0.08375 0.075   0.05625 0.07    0.3775  0.06125 0.0675  0.0725
 0.07   ]",0.5700202424950006,0.9981919667520437,0.4313496,"[0.25382349 0.24820843 0.31439897 0.1817728  0.28104231 0.06053024
 0.37358874 0.20738742 0.27680093 0.18388808]",0.7959788,"[0.254924   0.24931479 0.31580517 0.18257466 0.28228697 0.06078128
 0.37525347 0.20831832 0.27804697 0.18472396]",0.79952204,"[0.00110051 0.00110635 0.00140619 0.00080186 0.00124466 0.00025104
 0.00166473 0.00093091 0.00124604 0.00083588]",0.0035435732,0.0035433054,4.3551594e-05,0.027976455118293345
8,52,0.25,1.0,60.0,False,42,default,6291456,6912870400,"[0.07266915 0.07255462 0.07628995 0.07665417 0.06951821 0.97567185
 0.07180437 0.07458349 0.07242208 0.07090236]","[0.04375    0.05       0.05625    0.05625    0.03       0.58749998
 0.03375    0.055      0.045      0.0425    ]",0.3972308671674966,0.999203825873832,0.60398155,"[0.25382349 0.24820843 0.31439897 0.1817728  0.28104231 0.06053024
 0.37358874 0.20738742 0.27680093 0.18388808]",0.7959788,"[0.25484374 0.2492049  0.31569809 0.18250963 0.28218833 0.06075965
 0.37511817 0.20825455 0.27792516 0.18465455]",0.79923004,"[0.00102025 0.00099647 0.00129911 0.00073683 0.00114602 0.00022941
 0.00152943 0.00086713 0.00112423 0.00076647]",0.0032516005,0.0032513177,4.2897274e-05,0.0
8,52,0.25,1.0,72.66416607021378,True,42,default,6291456,6912870400,"[5.55111512e-17 4.16333634e-17 5.55111512e-17 5.55111512e-17
 5.55111512e-17 1.00000000e+00 5.55111512e-17 5.55111512e-17
 4.16333634e-17 5.55111512e-17]",[0. 0. 0. 0. 0. 1. 0. 0. 0. 0.],1.5823112613210482e-16,0.9999999999989999,1.0,"[0.25382349 0.24820843 0.31439897 0.1817728  0.28104231 0.06053024
 0.37358874 0.20738742 0.27680093 0.18388808]",0.7959788,"[0.25451443 0.24891569 0.31526142 0.18228817 0.28184322 0.06069168
 0.37469354 0.2079674  0.27760631 0.18443102]",0.79824823,"[0.00069094 0.00070725 0.00086245 0.00051537 0.00080091 0.00016144
 0.0011048  0.00057998 0.00080538 0.00054294]",0.0022704464,0.0022694187,6.8315516e-05,0.027976455118293345
8,52,0.25,2.0,0.0,False,42,default,6291456,6912870400,"[0.63281678 0.63181942 0.6643474  0.66751912 0.60537782 0.59594388
 0.62528615 0.64948721 0.63066524 0.61743131]","[0.21250001 0.235      0.18000001 0.2175     0.155      0.19750001
 0.205      0.185      0.20999999 0.2025    ]",1.3690709311008302,0.994569797000099,0.63598347,"[0.25382349 0.24820843 0.31439897 0.1817728  0.28104231 0.06053024
 0.37358874 0.20738742 0.27680093 0.18388808]",0.7959788,"[0.25439799 0.24884726 0.315171   0.18223095 0.2817786  0.06071861
 0.37451109 0.20790097 0.27753514 0.18436003]",0.7979761,"[0.0005745  0.00063883 0.00077203 0.00045815 0.0007363  0.00018838
 0.00092235 0.00051355 0.00073421 0.00047195]",0.0019994928,0.0019973172,9.324659e-05,0.0
8,52,0.25,2.0,15.0,False,42,default,6291456,6912870400,"[0.56012832 0.55924552 0.58803718 0.59084458 0.53584113 1.06976178
 0.55346269 0.57488391 0.55822392 0.5465101 ]","[0.1925     0.22       0.1525     0.20999999 0.1425     0.3725
 0.16       0.19       0.185      0.175     ]",1.3439229649046918,0.993864319513865,0.6621367,"[0.25382349 0.24820843 0.31439897 0.1817728  0.28104231 0.06053024
 0.37358874 0.20738742 0.27680093 0.18388808]",0.7959788,"[0.25447863 0.24885264 0.31530955 0.18228433 0.28187367 0.06071385
 0.37464809 0.20797648 0.2775434  0.18442392]",0.7982052,"[0.00065514 0.00064421 0.00091058 0.00051153 0.00083137 0.00018361
 0.00105935 0.00058906 0.00074247 0.00053585]",0.0022287932,0.0022264353,0.00010249514,0.0
8,52,0.25,2.0,30.0,False,42,default,6291456,6912870400,"[0.44926804 0.44855997 0.47165319 0.47390496 0.42978776 1.47067717
 0.44392167 0.46110321 0.44774056 0.43834513]","[0.16249999 0.2        0.155      0.1675     0.16       0.51499999
 0.14749999 0.16       0.16249999 0.17      ]",1.286924928161417,0.9977995802195878,0.71552426,"[0.25382349 0.24820843 0.31439897 0.1817728  0.28104231 0.06053024
 0.37358874 0.20738742 0.27680093 0.18388808]",0.7959788,"[0.25499445 0.24937101 0.31590185 0.1826379  0.28239077 0.06083572
 0.37535557 0.20839056 0.27812919 0.18479808]",0.799768,"[0.00117096 0.00116257 0.00150287 0.0008651  0.00134847 0.00030548
 0.00176683 0.00100315 0.00132826 0.00091   ]",0.0037896964,0.0037891811,6.248021e-05,0.0
8,52,0.25,2.0,45.0,False,42,default,6291456,6912870400,"[0.30779088 0.30730579 0.32312682 0.32466949 0.29444506 1.77136835
 0.30412812 0.31589909 0.30674442 0.30030767]","[0.13249999 0.1675     0.15000001 0.1125     0.14       0.755
 0.1225     0.13500001 0.145      0.14      ]",1.1400404849900012,0.9981919667537792,0.8626992,"[0.25382349 0.24820843 0.31439897 0.1817728  0.28104231 0.06053024
 0.37358874 0.20738742 0.27680093 0.18388808]",0.7959788,"[0.25509214 0.24950422 0.31607676 0.18271387 0.28251684 0.06083115
 0.3754847  0.20850538 0.2782611  0.18487456]",0.80012536,"[0.00126866 0.00129579 0.00167778 0.00094107 0.00147453 0.00030091
 0.00189596 0.00111796 0.00146016 0.00098649]",0.0041477284,0.0041465336,9.954871e-05,0.027976455118293345
8,52,0.25,2.0,60.0,False,42,default,6291456,6912870400,"[0.14533829 0.14510923 0.15257989 0.15330834 0.13903642 1.9513437
 0.14360874 0.14916697 0.14484415 0.14180473]","[0.0875     0.1        0.1125     0.1125     0.06       1.17499995
 0.0675     0.11       0.09       0.085     ]",0.7944617343349932,0.9992038258750728,1.2079631,"[0.25382349 0.24820843 0.31439897 0.1817728  0.28104231 0.06053024
 0.37358874 0.20738742 0.27680093 0.18388808]",0.7959788,"[0.25532043 0.24969362 0.31631139 0.18286075 0.28272954 0.06089946
 0.37581077 0.20867246 0.27851442 0.18501894]",0.80078167,"[0.00149694 0.00148518 0.00191242 0.00108795 0.00168723 0.00036922
 0.00222203 0.00128505 0.00171348 0.00113086]",0.00480357,0.004802919,7.908649e-05,0.027976455118293345
8,52,0.25,2.0,72.66416607021378,True,42,default,6291456,6912870400,"[1.11022302e-16 8.32667268e-17 1.11022302e-16 1.11022302e-16
 1.11022302e-16 2.00000000e+00 1.11022302e-16 1.11022302e-16
 8.32667268e-17 1.11022302e-16]",[0. 0. 0. 0. 0. 2. 0. 0. 0. 0.],3.1646225226420963e-16,0.99999999999975,2.0,"[0.25382349 0.24820843 0.31439897 0.1817728  0.28104231 0.06053024
 0.37358874 0.20738742 0.27680093 0.18388808]",0.7959788,"[0.25527012 0.24965909 0.31620675 0.18281659 0.28268269 0.06089249
 0.37578425 0.20861176 0.27844957 0.18499157]",0.80062926,"[0.00144663 0.00145066 0.00180778 0.0010438  0.00164038 0.00036225
 0.00219551 0.00122434 0.00164863 0.00110349]",0.0046509947,0.0046504857,6.881626e-05,0.0
8,52,0.25,5.0,0.0,False,42,default,6291456,6912870400,"[1.58204194 1.57954855 1.6608685  1.66879781 1.51344455 1.48985971
 1.56321537 1.62371803 1.57666311 1.54357828]","[0.53125    0.58749998 0.45000002 0.54374999 0.38749999 0.49375001
 0.51249999 0.46250001 0.52499998 0.50625002]",3.4226773485760886,0.994569783630395,1.5899587,"[0.25382349 0.24820843 0.31439897 0.1817728  0.28104231 0.06053024
 0.37358874 0.20738742 0.27680093 0.18388808]",0.7959788,"[0.25534317 0.24959463 0.3162148  0.18285003 0.28273237 0.06089624
 0.37577149 0.20865686 0.27841997 0.1850007 ]",0.8006587,"[0.00151968 0.0013862  0.00181583 0.00107723 0.00169006 0.000366
 0.00218275 0.00126944 0.00161904 0.00111263]",0.0046812394,0.004679902,0.00011189044,0.0
8,52,0.25,5.0,15.0,False,42,default,6291456,6912870400,"[1.40032079 1.39811381 1.47009294 1.47711145 1.33960284 2.67440444
 1.38365674 1.43720976 1.3955598  1.36627525]","[0.48124999 0.55000001 0.38125002 0.52499998 0.35624999 0.93124998
 0.39999998 0.47499999 0.46250001 0.4375    ]",3.3598074257283326,0.9938642754651976,1.6553417,"[0.25382349 0.24820843 0.31439897 0.1817728  0.28104231 0.06053024
 0.37358874 0.20738742 0.27680093 0.18388808]",0.7959788,"[0.25512841 0.24946013 0.3160601  0.18274276 0.2826052  0.06088142
 0.37553474 0.20857234 0.27822116 0.18487084]",0.80018437,"[0.00130492 0.0012517  0.00166112 0.00096996 0.00156289 0.00035118
 0.001946   0.00118493 0.00142023 0.00098276]",0.0042082695,0.0042055747,0.0001505801,0.0
8,52,0.25,5.0,30.0,False,42,default,6291456,6912870400,"[1.1231701  1.12139992 1.17913298 1.18476239 1.0744694  3.67669293
 1.10980418 1.15275802 1.11935139 1.09586283]","[0.40625    0.5        0.38749999 0.41875002 0.39999998 1.2874999
 0.36874998 0.39999998 0.40625    0.42500001]",3.2173123681474727,0.9977995704440031,1.7888106,"[0.25382349 0.24820843 0.31439897 0.1817728  0.28104231 0.06053024
 0.37358874 0.20738742 0.27680093 0.18388808]",0.7959788,"[0.25512365 0.24932347 0.3159332  0.18268339 0.2825349  0.06087571
 0.37545723 0.20845298 0.27818736 0.18482722]",0.799962,"[0.00130016 0.00111504 0.00153422 0.0009106  0.00149259 0.00034548
 0.00186849 0.00106557 0.00138643 0.00093915]",0.003986827,0.003983196,0.00017012368,0.027976455118293345
8,52,0.25,5.0,45.0,False,42,default,6291456,6912870400,"[0.76947721 0.76826447 0.80781705 0.81167373 0.73611266 4.42842087
 0.7603203  0.78974773 0.76686104 0.75076917]","[0.33124998 0.41875002 0.375      0.28125    0.34999999 1.88750005
 0.30625001 0.33750001 0.36249998 0.34999999]",2.85010116359523,0.9981919753107149,2.156748,"[0.25382349 0.24820843 0.31439897 0.1817728  0.28104231 0.06053024
 0.37358874 0.20738742 0.27680093 0.18388808]",0.7959788,"[0.25430003 0.24877769 0.31508216 0.18217267 0.28177094 0.06071104
 0.37447906 0.20788929 0.27746803 0.18433568]",0.7978245,"[0.00047654 0.00056925 0.00068319 0.00039987 0.00072864 0.0001808
 0.00089031 0.00050187 0.0006671  0.0004476 ]",0.001852372,0.0018456602,0.0001575474,0.027976455118293345
8,52,0.25,5.0,60.0,False,42,default,6291456,6912870400,"[0.36334573 0.36277308 0.38144973 0.38327085 0.34759105 4.87835925
 0.35902185 0.37291743 0.36211038 0.35451182]","[0.21875    0.25       0.28125    0.28125    0.14999999 2.9375
 0.16875    0.27500001 0.22500001 0.21250001]",1.986154218807651,0.9992038056567233,3.019908,"[0.25382349 0.24820843 0.31439897 0.1817728  0.28104231 0.06053024
 0.37358874 0.20738742 0.27680093 0.18388808]",0.7959788,"[0.25432235 0.24873057 0.31510037 0.18216093 0.28176674 0.06069782
 0.37447628 0.20787612 0.27737337 0.18429449]",0.79777175,"[0.00049886 0.00052214 0.0007014  0.00038813 0.00072443 0.00016759
 0.00088754 0.0004887  0.00057244 0.00040641]",0.0017990015,0.0017929449,0.0001474966,0.027976455118293345
8,52,0.25,5.0,72.66416607021378,True,42,default,6291456,6912870400,"[2.77555756e-16 2.08166817e-16 2.77555756e-16 2.77555756e-16
 2.77555756e-16 5.00000000e+00 2.77555756e-16 2.77555756e-16
 2.08166817e-16 2.77555756e-16]",[0. 0. 0. 0. 0. 5. 0. 0. 0. 0.],7.911556306605241e-16,0.99999999999996,5.0,"[0.25382349 0.24820843 0.31439897 0.1817728  0.28104231 0.06053024
 0.37358874 0.20738742 0.27680093 0.18388808]",0.7959788,"[0.25561014 0.25004137 0.3167817  0.18312395 0.28320682 0.06104714
 0.3764056  0.20896131 0.27890474 0.18528797]",0.80196047,"[0.00178665 0.00183293 0.00238273 0.00135115 0.00216451 0.0005169
 0.00281686 0.00157389 0.00210381 0.00139989]",0.0059836893,0.0059816777,0.00015516324,0.027976455118293345
8,11,0.5,0.01,0.0,False,42,default,6291456,6912870400,"[0.0033977  0.00338598 0.00301437 0.0032875  0.00304518 0.00290985
 0.00286317 0.00345788 0.00307439 0.00312245]","[0.0011375 0.001175  0.0008375 0.0011    0.0007875 0.0009625 0.000925
 0.001025  0.001025  0.001025 ]",0.006832636367153151,0.9963626455921208,0.0031843365,"[0.34321555 0.33471677 0.42324093 0.24504529 0.37945911 0.08087883
 0.50495905 0.27954271 0.37336388 0.24805793]",1.0740596,"[0.34321579 0.33471629 0.42323929 0.24504475 0.3794578  0.0808785
 0.50495517 0.27954179 0.37336439 0.24805644]",1.074056,"[ 2.38418579e-07 -4.76837158e-07 -1.63912773e-06 -5.36441803e-07
 -1.31130219e-06 -3.27825546e-07 -3.87430191e-06 -9.23871994e-07
  5.06639481e-07 -1.49011612e-06]",4.8401025e-06,3.558624e-06,3.280669e-06,0.0
8,11,0.5,0.01,15.0,False,42,default,6291456,6912870400,"[0.00301914 0.00300873 0.00267852 0.00292122 0.0027059  0.00258565
 0.00524545 0.00307262 0.00273186 0.00277456]","[0.0010625 0.00115   0.000725  0.0010375 0.000675  0.0008625 0.001675
 0.0010125 0.0009125 0.0008875]",0.006753144028571501,0.9948800845115922,0.0032717062,"[0.34321555 0.33471677 0.42324093 0.24504529 0.37945911 0.08087883
 0.50495905 0.27954271 0.37336388 0.24805793]",1.0740596,"[0.34321582 0.33471632 0.42323929 0.24504474 0.37945789 0.08087846
 0.50495511 0.27954176 0.37336445 0.24805643]",1.074056,"[ 2.68220901e-07 -4.47034836e-07 -1.63912773e-06 -5.51342964e-07
 -1.22189522e-06 -3.72529030e-07 -3.93390656e-06 -9.53674316e-07
  5.66244125e-07 -1.50501728e-06]",4.8851953e-06,3.5334929e-06,3.3733602e-06,0.0
8,11,0.5,0.01,30.0,False,42,default,6291456,6912870400,"[0.00243483 0.00242643 0.00216013 0.00235586 0.00218221 0.00208523
 0.00727026 0.00247796 0.00220315 0.00223758]","[0.0009125 0.0010625 0.0006875 0.0007875 0.0008125 0.0005125 0.0027
 0.0008625 0.0008125 0.00085  ]",0.006364906206719275,0.9957206230197451,0.0036597473,"[0.34321555 0.33471677 0.42324093 0.24504529 0.37945911 0.08087883
 0.50495905 0.27954271 0.37336388 0.24805793]",1.0740596,"[0.34321532 0.33471632 0.42323929 0.24504474 0.37945789 0.08087841
 0.50495487 0.27954152 0.37336442 0.24805647]",1.0740557,"[-2.38418579e-07 -4.47034836e-07 -1.63912773e-06 -5.51342964e-07
 -1.22189522e-06 -4.17232513e-07 -4.17232513e-06 -1.19209290e-06
  5.36441803e-07 -1.46031380e-06]",5.1150937e-06,3.872934e-06,3.3413414e-06,0.0
8,11,0.5,0.01,45.0,False,42,default,6291456,6912870400,"[0.00168459 0.00167878 0.00149454 0.00162996 0.00150981 0.00144271
 0.00879961 0.00171443 0.0015243  0.00154812]","[0.0007125 0.0009125 0.00065   0.0006375 0.0006375 0.00065   0.003625
 0.00075   0.000725  0.0007   ]",0.005803838248493741,0.9982122360814688,0.0042091417,"[0.34321555 0.33471677 0.42324093 0.24504529 0.37945911 0.08087883
 0.50495905 0.27954271 0.37336388 0.24805793]",1.0740596,"[0.34321532 0.33471641 0.42323926 0.24504474 0.37945789 0.08087844
 0.50495487 0.27954149 0.37336445 0.24805649]",1.0740557,"[-2.38418579e-07 -3.57627869e-07 -1.66893005e-06 -5.51342964e-07
 -1.22189522e-06 -3.94880772e-07 -4.17232513e-06 -1.22189522e-06
  5.66244125e-07 -1.44541264e-06]",5.1219313e-06,3.8490875e-06,3.3791575e-06,0.0
8,11,0.5,0.01,60.0,False,42,default,6291456,6912870400,"[0.00081955 0.00081672 0.00072709 0.00079297 0.00073452 0.00070188
 0.00972928 0.00083407 0.00074157 0.00075316]","[0.0005125 0.00055   0.0005375 0.0005625 0.000275  0.0003625 0.0056875
 0.000625  0.00045   0.0004375]",0.0041406701382415605,0.9989330473019586,0.0058744946,"[0.34321555 0.33471677 0.42324093 0.24504529 0.37945911 0.08087883
 0.50495905 0.27954271 0.37336388 0.24805793]",1.0740596,"[0.34321526 0.33471629 0.42323929 0.24504432 0.37945753 0.08087843
 0.50495505 0.27954185 0.37336448 0.24805647]",1.0740557,"[-2.98023224e-07 -4.76837158e-07 -1.63912773e-06 -9.68575478e-07
 -1.57952309e-06 -4.02331352e-07 -3.99351120e-06 -8.64267349e-07
  5.96046448e-07 -1.46031380e-06]",5.077471e-06,3.9315755e-06,3.2130088e-06,0.0
8,11,0.5,0.01,73.36238881246136,True,42,default,6291456,6912870400,[0.   0.   0.   0.   0.   0.   0.01 0.   0.   0.  ],[0.   0.   0.   0.   0.   0.   0.01 0.   0.   0.  ],2.2351741811588166e-10,0.99999999,0.01,"[0.34321555 0.33471677 0.42324093 0.24504529 0.37945911 0.08087883
 0.50495905 0.27954271 0.37336388 0.24805793]",1.0740596,"[0.34321588 0.33471632 0.42323968 0.24504496 0.37945738 0.08087843
 0.50495547 0.27954194 0.37336418 0.24805656]",1.0740563,"[ 3.27825546e-07 -4.47034836e-07 -1.25169754e-06 -3.27825546e-07
 -1.72853470e-06 -4.02331352e-07 -3.57627869e-06 -7.74860382e-07
  2.98023224e-07 -1.37090683e-06]",4.526545e-06,3.339609e-06,3.0555884e-06,0.027976455118293345
8,11,0.5,0.1,0.0,False,42,default,6291456,6912870400,"[0.03397698 0.0338598  0.03014372 0.03287502 0.03045184 0.02909852
 0.02863174 0.03457882 0.03074394 0.03122449]","[0.011375 0.01175  0.008375 0.011    0.007875 0.009625 0.00925  0.01025
 0.01025  0.01025 ]",0.06832636275852938,0.9963626034345334,0.031843368,"[0.34321555 0.33471677 0.42324093 0.24504529 0.37945911 0.08087883
 0.50495905 0.27954271 0.37336388 0.24805793]",1.0740596,"[0.3431949  0.33470201 0.42321035 0.24502744 0.37943837 0.0808734
 0.50491995 0.27953163 0.37334779 0.24804722]",1.0739951,"[-2.06530094e-05 -1.47521496e-05 -3.05771828e-05 -1.78515911e-05
 -2.07424164e-05 -5.43147326e-06 -3.91006470e-05 -1.10864639e-05
 -1.60932541e-05 -1.07139349e-05]",6.620511e-05,6.439313e-05,1.5383135e-05,0.0
8,11,0.5,0.1,15.0,False,42,default,6291456,6912870400,"[0.03019139 0.03008726 0.02678521 0.0292122  0.027059   0.02585646
 0.05245449 0.03072617 0.02731856 0.02774557]","[0.010625 0.0115   0.00725  0.010375 0.00675  0.008625 0.01675  0.010125
 0.009125 0.008875]",0.0675314398071446,0.9948800579414168,0.032717064,"[0.34321555 0.33471677 0.42324093 0.24504529 0.37945911 0.08087883
 0.50495905 0.27954271 0.37336388 0.24805793]",1.0740596,"[0.34319752 0.33470112 0.42320743 0.2450259  0.37943116 0.08087438
 0.50491983 0.27953121 0.37334865 0.24804315]",1.0739911,"[-1.80304050e-05 -1.56462193e-05 -3.34978104e-05 -1.93864107e-05
 -2.79545784e-05 -4.45544720e-06 -3.92198563e-05 -1.15036964e-05
 -1.52289867e-05 -1.47819519e-05]",7.064068e-05,6.861301e-05,1.6803588e-05,0.0
8,11,0.5,0.1,30.0,False,42,default,6291456,6912870400,"[0.0243483  0.02426432 0.02160133 0.02355861 0.02182213 0.02085233
 0.07270255 0.02477958 0.02203146 0.02237583]","[0.009125 0.010625 0.006875 0.007875 0.008125 0.005125 0.027    0.008625
 0.008125 0.0085  ]",0.0636490617654925,0.9957205942964205,0.036597475,"[0.34321555 0.33471677 0.42324093 0.24504529 0.37945911 0.08087883
 0.50495905 0.27954271 0.37336388 0.24805793]",1.0740596,"[0.34318769 0.33469743 0.42320058 0.24502255 0.37942761 0.08087209
 0.50491476 0.27952832 0.37334162 0.24803635]",1.0739746,"[-2.78651714e-05 -1.93417072e-05 -4.03523445e-05 -2.27391720e-05
 -3.15010548e-05 -6.74277544e-06 -4.42862511e-05 -1.43945217e-05
 -2.22623348e-05 -2.15768814e-05]",8.639086e-05,8.49471e-05,1.5728001e-05,0.0
8,11,0.5,0.1,45.0,False,42,default,6291456,6912870400,"[0.01684591 0.01678781 0.01494536 0.01629955 0.01509813 0.01442715
 0.08799606 0.0171443  0.01524296 0.01548122]","[0.007125 0.009125 0.0065   0.006375 0.006375 0.0065   0.03625  0.0075
 0.00725  0.007   ]",0.058038380853369945,0.9982121881180004,0.04209142,"[0.34321555 0.33471677 0.42324093 0.24504529 0.37945911 0.08087883
 0.50495905 0.27954271 0.37336388 0.24805793]",1.0740596,"[0.34319419 0.33469862 0.42320257 0.24502768 0.37943307 0.0808726
 0.5049178  0.27952856 0.37334257 0.24804339]",1.0739845,"[-2.13682652e-05 -1.81496143e-05 -3.83555889e-05 -1.76131725e-05
 -2.60472298e-05 -6.23613596e-06 -4.12464142e-05 -1.41561031e-05
 -2.13086605e-05 -1.45435333e-05]",7.649817e-05,7.513114e-05,1.4397266e-05,0.0
8,11,0.5,0.1,60.0,False,42,default,6291456,6912870400,"[0.0081955  0.00816724 0.00727089 0.0079297  0.00734521 0.00701878
 0.09729278 0.00834067 0.00741567 0.00753158]","[0.005125 0.0055   0.005375 0.005625 0.00275  0.003625 0.056875 0.00625
 0.0045   0.004375]",0.04140669862214786,0.9989330636204552,0.05874495,"[0.34321555 0.33471677 0.42324093 0.24504529 0.37945911 0.08087883
 0.50495905 0.27954271 0.37336388 0.24805793]",1.0740596,"[0.34318081 0.33469111 0.42318761 0.24501692 0.37941578 0.08087192
 0.50490093 0.27952498 0.37333214 0.24803895]",1.0739498,"[-3.47495079e-05 -2.56597996e-05 -5.33163548e-05 -2.83718109e-05
 -4.33325768e-05 -6.90668821e-06 -5.81145287e-05 -1.77323818e-05
 -3.17394733e-05 -1.89840794e-05]",0.00011179663,0.00010976752,2.120323e-05,0.027976455118293345
8,11,0.5,0.1,73.36238881246136,True,42,default,6291456,6912870400,[0.  0.  0.  0.  0.  0.  0.1 0.  0.  0. ],[0.  0.  0.  0.  0.  0.  0.1 0.  0.  0. ],1.4901161138336505e-09,0.9999999999,0.1,"[0.34321555 0.33471677 0.42324093 0.24504529 0.37945911 0.08087883
 0.50495905 0.27954271 0.37336388 0.24805793]",1.0740596,"[0.34314167 0.3346526  0.42315212 0.24499303 0.37938875 0.08086757
 0.50486505 0.27949867 0.3732962  0.24800728]",1.0738524,"[-7.38799572e-05 -6.41644001e-05 -8.88109207e-05 -5.22583723e-05
 -7.03632832e-05 -1.12578273e-05 -9.39965248e-05 -4.40478325e-05
 -6.76810741e-05 -5.06490469e-05]",0.0002078292,0.0002071109,1.726411e-05,0.0
8,11,0.5,1.0,0.0,False,42,default,6291456,6912870400,"[0.33976985 0.33859796 0.30143715 0.32875017 0.30451835 0.2909852
 0.28631739 0.34578823 0.30743941 0.31224493]","[0.11375 0.1175  0.08375 0.11    0.07875 0.09625 0.0925  0.1025  0.1025
 0.1025 ]",0.6832636353595379,0.9963626023619004,0.31843367,"[0.34321555 0.33471677 0.42324093 0.24504529 0.37945911 0.08087883
 0.50495905 0.27954271 0.37336388 0.24805793]",1.0740596,"[0.33912459 0.33071476 0.41816711 0.24211697 0.37490946 0.07994559
 0.49887621 0.27620584 0.36887535 0.24507646]",1.061183,"[-0.00409096 -0.004002   -0.00507382 -0.00292832 -0.00454965 -0.00093324
 -0.00608283 -0.00333688 -0.00448853 -0.00298147]",0.0128768245,0.012876693,5.7943907e-05,0.0
8,11,0.5,1.0,15.0,False,42,default,6291456,6912870400,"[0.30191388 0.30087256 0.26785207 0.29212197 0.27058998 0.25856464
 0.5245449  0.30726171 0.27318558 0.27745569]","[0.10625 0.115   0.0725  0.10375 0.0675  0.08625 0.1675  0.10125 0.09125
 0.08875]",0.6753143988110704,0.9948800561749463,0.32717064,"[0.34321555 0.33471677 0.42324093 0.24504529 0.37945911 0.08087883
 0.50495905 0.27954271 0.37336388 0.24805793]",1.0740596,"[0.33903405 0.33062035 0.41807741 0.24205346 0.37482703 0.07993347
 0.49876559 0.27616781 0.36879912 0.24500874]",1.0609406,"[-0.0041815  -0.00409642 -0.00516352 -0.00299183 -0.00463209 -0.00094536
 -0.00619346 -0.0033749  -0.00456476 -0.00304919]",0.013119148,0.013118971,6.818593e-05,0.0
8,11,0.5,1.0,30.0,False,42,default,6291456,6912870400,"[0.24348297 0.24264318 0.21601332 0.23558614 0.21822135 0.20852333
 0.72702555 0.24779581 0.22031461 0.2237583 ]","[0.09125    0.10625    0.06875    0.07875    0.08125    0.05125
 0.27000001 0.08625    0.08125    0.085     ]",0.636490617822404,0.9957206756418557,0.36597472,"[0.34321555 0.33471677 0.42324093 0.24504529 0.37945911 0.08087883
 0.50495905 0.27954271 0.37336388 0.24805793]",1.0740596,"[0.33886343 0.33048302 0.41788971 0.24194746 0.37463021 0.07990025
 0.49851674 0.27601829 0.36860105 0.24489242]",1.0604216,"[-0.00435212 -0.00423375 -0.00535122 -0.00309783 -0.0048289  -0.00097858
 -0.00644231 -0.00352442 -0.00476283 -0.00316551]",0.013638309,0.013638097,7.59281e-05,0.0
8,11,0.5,1.0,45.0,False,42,default,6291456,6912870400,"[0.1684591  0.16787808 0.14945362 0.16299551 0.15098129 0.1442715
 0.8799606  0.17144304 0.15242956 0.15481215]","[0.07125    0.09125    0.065      0.06375    0.06375    0.065
 0.36250001 0.075      0.0725     0.07      ]",0.5803838227225571,0.9982121899024974,0.4209142,"[0.34321555 0.33471677 0.42324093 0.24504529 0.37945911 0.08087883
 0.50495905 0.27954271 0.37336388 0.24805793]",1.0740596,"[0.33907497 0.33064386 0.41811147 0.24209119 0.37484866 0.07994563
 0.49877602 0.27616698 0.36882892 0.2450354 ]",1.0610129,"[-0.00414059 -0.0040729  -0.00512946 -0.0029541  -0.00461045 -0.0009332
 -0.00618303 -0.00337574 -0.00453496 -0.00302254]",0.013047036,0.013046774,8.269428e-05,0.0
8,11,0.5,1.0,60.0,False,42,default,6291456,6912870400,"[0.08195503 0.08167236 0.07270889 0.079297   0.0734521  0.07018781
 0.9729278  0.08340671 0.07415668 0.07531581]","[0.05125    0.055      0.05375    0.05625    0.0275     0.03625
 0.56875002 0.0625     0.045      0.04375   ]",0.4140669792613709,0.9989330628403661,0.5874495,"[0.34321555 0.33471677 0.42324093 0.24504529 0.37945911 0.08087883
 0.50495905 0.27954271 0.37336388 0.24805793]",1.0740596,"[0.33877829 0.33038113 0.4178184  0.24189089 0.37455508 0.07988454
 0.49840549 0.27598453 0.36850742 0.24484819]",1.06019,"[-0.00443727 -0.00433564 -0.00542253 -0.0031544  -0.00490403 -0.00099429
 -0.00655356 -0.00355819 -0.00485647 -0.00320974]",0.013870001,0.013869652,9.84598e-05,0.0
8,11,0.5,1.0,73.36238881246136,True,42,default,6291456,6912870400,[0. 0. 0. 0. 0. 0. 1. 0. 0. 0.],[0. 0. 0. 0. 0. 0. 1. 0. 0. 0.],0.0,0.9999999999989999,1.0,"[0.34321555 0.33471677 0.42324093 0.24504529 0.37945911 0.08087883
 0.50495905 0.27954271 0.37336388 0.24805793]",1.0740596,"[0.33822051 0.32984155 0.41708958 0.24149804 0.37393269 0.07975797
 0.49761561 0.27549741 0.36788186 0.24444371]",1.0584283,"[-0.00499505 -0.00487521 -0.00615135 -0.00354725 -0.00552642 -0.00112087
 -0.00734344 -0.00404531 -0.00548202 -0.00361422]",0.015631497,0.015631288,8.07879e-05,0.0
8,11,0.5,2.0,0.0,False,42,default,6291456,6912870400,"[0.6795397  0.67719592 0.6028743  0.65750034 0.60903671 0.58197039
 0.57263477 0.69157645 0.61487881 0.62448986]","[0.22750001 0.235      0.1675     0.22       0.1575     0.1925
 0.185      0.205      0.205      0.205     ]",1.3665272707190759,0.996362602364247,0.63686734,"[0.34321555 0.33471677 0.42324093 0.24504529 0.37945911 0.08087883
 0.50495905 0.27954271 0.37336388 0.24805793]",1.0740596,"[0.33056065 0.3224209  0.40762675 0.23604923 0.36549866 0.07795792
 0.48629743 0.26931623 0.35967594 0.23891349]",1.0345211,"[-0.0126549  -0.01229587 -0.01561418 -0.00899605 -0.01396045 -0.00292091
 -0.01866162 -0.01022649 -0.01368794 -0.00914444]",0.039538715,0.039538477,0.00013731663,0.0
8,11,0.5,2.0,15.0,False,42,default,6291456,6912870400,"[0.60382775 0.60174511 0.53570415 0.58424394 0.54117996 0.51712928
 1.0490898  0.61452341 0.54637116 0.55491138]","[0.21250001 0.23       0.145      0.2075     0.13500001 0.1725
 0.33500001 0.2025     0.1825     0.17749999]",1.3506287976221407,0.9948800561772269,0.6543413,"[0.34321555 0.33471677 0.42324093 0.24504529 0.37945911 0.08087883
 0.50495905 0.27954271 0.37336388 0.24805793]",1.0740596,"[0.33116657 0.32307807 0.40845868 0.2365174  0.36624864 0.07809188
 0.48736763 0.26987222 0.36037344 0.23939401]",1.0366305,"[-0.01204899 -0.0116387  -0.01478225 -0.00852789 -0.01321048 -0.00278695
 -0.01759142 -0.0096705  -0.01299044 -0.00866392]",0.037429303,0.03742908,0.00012950048,0.0
8,11,0.5,2.0,30.0,False,42,default,6291456,6912870400,"[0.48696594 0.48528637 0.43202664 0.47117228 0.43644269 0.41704666
 1.45405109 0.49559162 0.44062921 0.4475166 ]","[0.1825     0.21250001 0.1375     0.1575     0.16249999 0.1025
 0.54000002 0.1725     0.16249999 0.17      ]",1.272981235644808,0.9957206756438962,0.73194945,"[0.34321555 0.33471677 0.42324093 0.24504529 0.37945911 0.08087883
 0.50495905 0.27954271 0.37336388 0.24805793]",1.0740596,"[0.33180889 0.3237038  0.40933412 0.2369815  0.36694479 0.07820393
 0.48812601 0.27043113 0.36103046 0.23984414]",1.0385704,"[-0.01140666 -0.01101297 -0.01390681 -0.00806379 -0.01251432 -0.0026749
 -0.01683304 -0.00911158 -0.01233342 -0.00821379]",0.03548995,0.035489213,0.00022848192,0.0
8,11,0.5,2.0,45.0,False,42,default,6291456,6912870400,"[0.33691821 0.33575616 0.29890723 0.32599102 0.30196257 0.288543
 1.7599212  0.34288607 0.30485911 0.3096243 ]","[0.1425     0.1825     0.13       0.1275     0.1275     0.13
 0.72500002 0.15000001 0.145      0.14      ]",1.1607676454451141,0.998212189904276,0.8418284,"[0.34321555 0.33471677 0.42324093 0.24504529 0.37945911 0.08087883
 0.50495905 0.27954271 0.37336388 0.24805793]",1.0740596,"[0.33153808 0.32338154 0.40892816 0.23675402 0.36663657 0.07821142
 0.48774362 0.2701138  0.36069575 0.23962921]",1.0376348,"[-0.01167747 -0.01133522 -0.01431277 -0.00829127 -0.01282254 -0.00266741
 -0.01721543 -0.00942892 -0.01266813 -0.00842872]",0.036425054,0.036424734,0.00015061394,0.027976455118293345
8,11,0.5,2.0,60.0,False,42,default,6291456,6912870400,"[0.16391006 0.16334472 0.14541779 0.158594   0.14690421 0.14037561
 1.94585559 0.16681341 0.14831337 0.15063162]","[0.1025     0.11       0.1075     0.1125     0.055      0.0725
 1.13750005 0.125      0.09       0.0875    ]",0.8281339585227419,0.9989330628416414,1.174899,"[0.34321555 0.33471677 0.42324093 0.24504529 0.37945911 0.08087883
 0.50495905 0.27954271 0.37336388 0.24805793]",1.0740596,"[0.33055028 0.3225314  0.40779248 0.23609695 0.36559832 0.07801198
 0.48645234 0.26938313 0.35968626 0.23899212]",1.0347797,"[-0.01266527 -0.01218536 -0.01544845 -0.00894834 -0.01386079 -0.00286685
 -0.01850671 -0.01015958 -0.01367763 -0.00906581]",0.039280295,0.039279893,0.00017832413,0.0
8,11,0.5,2.0,73.36238881246136,True,42,default,6291456,6912870400,[0. 0. 0. 0. 0. 0. 2. 0. 0. 0.],[0. 0. 0. 0. 0. 0. 2. 0. 0. 0.],0.0,0.99999999999975,2.0,"[0.34321555 0.33471677 0.42324093 0.24504529 0.37945911 0.08087883
 0.50495905 0.27954271 0.37336388 0.24805793]",1.0740596,"[0.33128819 0.32317179 0.40856716 0.23654738 0.36632314 0.0781825
 0.48733819 0.26991263 0.36036927 0.2394142 ]",1.0367812,"[-0.01192737 -0.01154497 -0.01467377 -0.00849791 -0.01313597 -0.00269634
 -0.01762086 -0.00963008 -0.01299462 -0.00864373]",0.037278865,0.037278384,0.00018943046,0.0
8,11,0.5,5.0,0.0,False,42,default,6291456,6912870400,"[1.69884925 1.69298981 1.50718576 1.64375084 1.52259177 1.45492599
 1.43158693 1.72894113 1.53719703 1.56122466]","[0.56875002 0.58749998 0.41875002 0.55000001 0.39375001 0.48124999
 0.46250001 0.51249999 0.51249999 0.51249999]",3.4163181766725335,0.9963626206708422,1.5921683,"[0.34321555 0.33471677 0.42324093 0.24504529 0.37945911 0.08087883
 0.50495905 0.27954271 0.37336388 0.24805793]",1.0740596,"[0.31982234 0.3121365  0.39472729 0.22849925 0.35381421 0.07557758
 0.47065675 0.26076758 0.34808627 0.23134121]",1.0014158,"[-0.02339321 -0.02258027 -0.02851364 -0.01654604 -0.0256449  -0.00530125
 -0.03430229 -0.01877514 -0.02527761 -0.01671672]",0.07264457,0.07264372,0.0003493394,0.0
8,11,0.5,5.0,15.0,False,42,default,6291456,6912870400,"[1.50956938 1.50436278 1.33926037 1.46060985 1.3529499  1.2928232
 2.6227245  1.53630853 1.36592789 1.38727844]","[0.53125    0.57499999 0.36249998 0.51875001 0.33750001 0.43125001
 0.83750004 0.50625002 0.45625001 0.44374999]",3.376571984005903,0.9948801528982536,1.635853,"[0.34321555 0.33471677 0.42324093 0.24504529 0.37945911 0.08087883
 0.50495905 0.27954271 0.37336388 0.24805793]",1.0740596,"[0.32065645 0.3130385  0.39588612 0.22912201 0.35486493 0.07574486
 0.47199145 0.26153424 0.34910032 0.23193145]",1.004262,"[-0.02255911 -0.02167827 -0.02735481 -0.01592328 -0.02459419 -0.00513397
 -0.0329676  -0.01800847 -0.02426356 -0.01612648]",0.06979885,0.0697977,0.00040025712,0.027976455118293345
8,11,0.5,5.0,30.0,False,42,default,6291456,6912870400,"[1.21741486 1.21321592 1.0800666  1.17793071 1.09110673 1.04261665
 3.63512773 1.23897905 1.10157303 1.1187915 ]","[0.45625001 0.53125    0.34375    0.39375001 0.40625    0.25624999
 1.35000002 0.43125001 0.40625    0.42500001]",3.1824531026993195,0.995720635499635,1.8298737,"[0.34321555 0.33471677 0.42324093 0.24504529 0.37945911 0.08087883
 0.50495905 0.27954271 0.37336388 0.24805793]",1.0740596,"[0.32033968 0.31261355 0.39529026 0.22880772 0.35436738 0.07564728
 0.47143161 0.26112866 0.34863085 0.23165391]",1.0029426,"[-0.02287588 -0.02210322 -0.02795067 -0.01623757 -0.02509174 -0.00523155
 -0.03352743 -0.01841405 -0.02473304 -0.01640402]",0.07111753,0.07111705,0.00025758837,0.0
8,11,0.5,5.0,45.0,False,42,default,6291456,6912870400,"[0.84229552 0.83939039 0.74726808 0.81497754 0.75490643 0.7213575
 4.39980301 0.85721519 0.76214778 0.77406076]","[0.35624999 0.45625001 0.32499999 0.31874999 0.31874999 0.32499999
 1.8125     0.375      0.36249998 0.34999999]",2.90191917259419,0.9982122327622147,2.1045709,"[0.34321555 0.33471677 0.42324093 0.24504529 0.37945911 0.08087883
 0.50495905 0.27954271 0.37336388 0.24805793]",1.0740596,"[0.32074079 0.31310722 0.39575124 0.22912887 0.35481447 0.07575155
 0.47188464 0.26149461 0.34915161 0.23195629]",1.0042044,"[-0.02247477 -0.02160954 -0.02748969 -0.01591642 -0.02464464 -0.00512728
 -0.03307441 -0.01804811 -0.02421227 -0.01610164]",0.06985626,0.06985522,0.0003838762,0.0
8,11,0.5,5.0,60.0,False,42,default,6291456,6912870400,"[0.40977514 0.4083618  0.36354447 0.39648499 0.36726052 0.35093903
 4.86463898 0.41703353 0.37078342 0.37657906]","[0.25624999 0.27500001 0.26875001 0.28125    0.1375     0.18124999
 2.84375    0.3125     0.22500001 0.21875   ]",2.070335011317448,0.9989330847569342,2.9372473,"[0.34321555 0.33471677 0.42324093 0.24504529 0.37945911 0.08087883
 0.50495905 0.27954271 0.37336388 0.24805793]",1.0740596,"[0.32260942 0.31481916 0.39787662 0.23040694 0.35679927 0.07618012
 0.47470751 0.26285407 0.35116911 0.23328745]",1.0098873,"[-0.02060613 -0.01989761 -0.02536431 -0.01463835 -0.02265984 -0.00469871
 -0.03025153 -0.01668864 -0.02219477 -0.01477048]",0.06417277,0.06417225,0.00025711287,0.0
8,11,0.5,5.0,73.36238881246136,True,42,default,6291456,6912870400,[0. 0. 0. 0. 0. 0. 5. 0. 0. 0.],[0. 0. 0. 0. 0. 0. 5. 0. 0. 0.],0.0,0.99999999999996,5.0,"[0.34321555 0.33471677 0.42324093 0.24504529 0.37945911 0.08087883
 0.50495905 0.27954271 0.37336388 0.24805793]",1.0740596,"[0.32612491 0.31820458 0.40221936 0.23285979 0.36063293 0.07702228
 0.47985578 0.26566628 0.35491422 0.2357433 ]",1.0207759,"[-0.01709065 -0.01651219 -0.02102157 -0.0121855  -0.01882619 -0.00385655
 -0.02510327 -0.01387644 -0.01844966 -0.01231463]",0.05328418,0.05328374,0.00021596892,0.0
8,55,0.5,0.01,0.0,False,42,default,6291456,6912870400,"[0.00310918 0.00311236 0.00300311 0.00310462 0.00354578 0.00344446
 0.00293805 0.00312943 0.00310686 0.00307798]","[0.0010625 0.00115   0.0008375 0.001025  0.000875  0.0011625 0.000975
 0.000875  0.001025  0.0010125]",0.006850636705147746,0.9934113956531425,0.0031800156,"[0.2662051  0.2597945  0.32886189 0.1903363  0.294588   0.06314473
 0.39165613 0.21708407 0.28996077 0.19260986]",0.8337875,"[0.26620528 0.25979432 0.32886168 0.1903362  0.29458797 0.06314476
 0.3916561  0.21708411 0.28996104 0.19261007]",0.8337875,"[ 1.78813934e-07 -1.78813934e-07 -2.08616257e-07 -1.04308128e-07
 -2.98023224e-08  2.98023224e-08 -2.98023224e-08  4.47034836e-08
  2.68220901e-07  2.08616257e-07]",4.8833994e-07,2.6117489e-08,4.8764105e-07,0.0
8,55,0.5,0.01,15.0,False,42,default,6291456,6912870400,"[0.00275589 0.00275871 0.00266187 0.00275185 0.00314288 0.00305308
 0.0053119  0.00277384 0.00275384 0.00272824]","[0.0009375 0.001075  0.0007375 0.0008875 0.000925  0.0010375 0.0017
 0.0009125 0.0009125 0.000875 ]",0.0067555457389641875,0.9970518444125048,0.0032586902,"[0.2662051  0.2597945  0.32886189 0.1903363  0.294588   0.06314473
 0.39165613 0.21708407 0.28996077 0.19260986]",0.8337875,"[0.26620525 0.25979435 0.32886168 0.1903362  0.29458797 0.06314473
 0.39165601 0.21708404 0.28996101 0.19261007]",0.83378744,"[ 1.49011612e-07 -1.49011612e-07 -2.08616257e-07 -1.04308128e-07
 -2.98023224e-08  0.00000000e+00 -1.19209290e-07 -2.98023224e-08
  2.38418579e-07  2.08616257e-07]",4.6385475e-07,4.8128303e-08,4.6135114e-07,0.019782341029446364
8,55,0.5,0.01,30.0,False,42,default,6291456,6912870400,"[0.00221479 0.00221706 0.00213924 0.00221154 0.0025258  0.00245363
 0.00732376 0.00222922 0.00221314 0.00219257]","[0.0008    0.0009625 0.000675  0.0007625 0.0009875 0.0006875 0.0026875
 0.000775  0.000825  0.0008375]",0.006377898674271854,0.9967020234265721,0.0036409562,"[0.2662051  0.2597945  0.32886189 0.1903363  0.294588   0.06314473
 0.39165613 0.21708407 0.28996077 0.19260986]",0.8337875,"[0.26620528 0.25979435 0.32886165 0.1903362  0.29458797 0.0631447
 0.3916561  0.21708404 0.28996101 0.19261007]",0.83378744,"[ 1.78813934e-07 -1.49011612e-07 -2.38418579e-07 -1.04308128e-07
 -2.98023224e-08 -2.98023224e-08 -2.98023224e-08 -2.98023224e-08
  2.38418579e-07  2.08616257e-07]",4.7520456e-07,1.0627609e-08,4.750857e-07,0.019782341029446364
8,55,0.5,0.01,45.0,False,42,default,6291456,6912870400,"[0.00152276 0.00152432 0.00147081 0.00152052 0.00173659 0.00168697
 0.00883651 0.00153268 0.00152163 0.00150748]","[0.0006625 0.0008125 0.0007375 0.000525  0.00075   0.0007625 0.003675
 0.0006625 0.0007125 0.0007   ]",0.005771360728414409,0.9980230233780875,0.0042431927,"[0.2662051  0.2597945  0.32886189 0.1903363  0.294588   0.06314473
 0.39165613 0.21708407 0.28996077 0.19260986]",0.8337875,"[0.26620528 0.25979435 0.32886165 0.1903362  0.29458797 0.06314474
 0.3916561  0.21708402 0.28996101 0.19261007]",0.83378744,"[ 1.78813934e-07 -1.49011612e-07 -2.38418579e-07 -1.04308128e-07
 -2.98023224e-08  7.45058060e-09 -2.98023224e-08 -4.47034836e-08
  2.38418579e-07  2.08616257e-07]",4.754965e-07,1.1686018e-08,4.7535286e-07,0.019782341029446364
8,55,0.5,0.01,60.0,False,42,default,6291456,6912870400,"[0.00072695 0.0007277  0.00070215 0.00072589 0.00082903 0.00080535
 0.00974706 0.00073169 0.00072641 0.00071966]","[0.0004375 0.000475  0.0005625 0.0005    0.0003875 0.0004375 0.0057875
 0.0005375 0.00045   0.000425 ]",0.004053085635715511,0.9992785622608087,0.005957532,"[0.2662051  0.2597945  0.32886189 0.1903363  0.294588   0.06314473
 0.39165613 0.21708407 0.28996077 0.19260986]",0.8337875,"[0.26620552 0.25979432 0.32886165 0.1903362  0.29458794 0.06314473
 0.3916561  0.21708411 0.28996077 0.19261003]",0.83378744,"[ 4.17232513e-07 -1.78813934e-07 -2.38418579e-07 -1.04308128e-07
 -5.96046448e-08  0.00000000e+00 -2.98023224e-08  4.47034836e-08
  0.00000000e+00  1.63912773e-07]",5.5415495e-07,2.5907438e-08,5.53549e-07,0.0
8,55,0.5,0.01,72.91407930810487,True,42,default,6291456,6912870400,"[1.38777878e-19 1.38777878e-19 1.38777878e-19 1.38777878e-19
 2.77555756e-19 2.77555756e-19 1.00000000e-02 2.77555756e-19
 1.38777878e-19 1.38777878e-19]",[0.   0.   0.   0.   0.   0.   0.01 0.   0.   0.  ],2.2351741811588166e-10,0.99999999,0.01,"[0.2662051  0.2597945  0.32886189 0.1903363  0.294588   0.06314473
 0.39165613 0.21708407 0.28996077 0.19260986]",0.8337875,"[0.26620534 0.25979453 0.32886189 0.19033629 0.29458794 0.06314473
 0.39165613 0.21708405 0.28996119 0.19261009]",0.83378774,"[ 2.38418579e-07  2.98023224e-08  0.00000000e+00 -1.49011612e-08
 -5.96046448e-08  0.00000000e+00  0.00000000e+00 -1.49011612e-08
  4.17232513e-07  2.23517418e-07]",5.345759e-07,2.53798e-07,4.7048695e-07,0.019782341029446364
8,55,0.5,0.1,0.0,False,42,default,6291456,6912870400,"[0.03109179 0.03112356 0.03003111 0.03104616 0.03545778 0.03444464
 0.02938054 0.03129428 0.03106863 0.03077982]","[0.010625 0.0115   0.008375 0.01025  0.00875  0.011625 0.00975  0.00875
 0.01025  0.010125]",0.0685063664099774,0.9934113732388468,0.03180016,"[0.2662051  0.2597945  0.32886189 0.1903363  0.294588   0.06314473
 0.39165613 0.21708407 0.28996077 0.19260986]",0.8337875,"[0.26620883 0.25979793 0.32886723 0.19033755 0.29460123 0.06314121
 0.39166349 0.21709308 0.28996223 0.19260892]",0.8338026,"[ 3.72529030e-06  3.42726707e-06  5.33461571e-06  1.25169754e-06
  1.32322311e-05 -3.51667404e-06  7.36117363e-06  9.01520252e-06
  1.46031380e-06 -9.38773155e-07]",1.9534133e-05,1.51518125e-05,1.2329027e-05,0.0
8,55,0.5,0.1,15.0,False,42,default,6291456,6912870400,"[0.0275589  0.02758707 0.02661875 0.02751846 0.03142879 0.03053078
 0.05311904 0.02773838 0.02753837 0.02728238]","[0.009375 0.01075  0.007375 0.008875 0.00925  0.010375 0.017    0.009125
 0.009125 0.00875 ]",0.06755545628418659,0.9970519086815058,0.032586902,"[0.2662051  0.2597945  0.32886189 0.1903363  0.294588   0.06314473
 0.39165613 0.21708407 0.28996077 0.19260986]",0.8337875,"[0.26620924 0.25979668 0.3288663  0.19033642 0.29460269 0.06314217
 0.39166424 0.21709128 0.28996134 0.19260994]",0.83380216,"[ 4.14252281e-06  2.17556953e-06  4.41074371e-06  1.19209290e-07
  1.46925449e-05 -2.55554914e-06  8.10623169e-06  7.21216202e-06
  5.66244125e-07  7.45058060e-08]",1.9540128e-05,1.4664522e-05,1.2913884e-05,0.0
8,55,0.5,0.1,30.0,False,42,default,6291456,6912870400,"[0.02214792 0.02217055 0.02139236 0.02211542 0.02525798 0.02453629
 0.07323756 0.02229216 0.02213142 0.02192569]","[0.008    0.009625 0.00675  0.007625 0.009875 0.006875 0.026875 0.00775
 0.00825  0.008375]",0.06377898461622505,0.9967020584783859,0.036409564,"[0.2662051  0.2597945  0.32886189 0.1903363  0.294588   0.06314473
 0.39165613 0.21708407 0.28996077 0.19260986]",0.8337875,"[0.26620954 0.25979659 0.32886699 0.19033191 0.2945919  0.06314137
 0.39166012 0.21709177 0.28996193 0.19260883]",0.8337957,"[ 4.44054604e-06  2.08616257e-06  5.09619713e-06 -4.39584255e-06
  3.90410423e-06 -3.36021185e-06  3.99351120e-06  7.70390034e-06
  1.16229057e-06 -1.02818012e-06]",1.3175907e-05,8.247554e-06,1.0275328e-05,0.0
8,55,0.5,0.1,45.0,False,42,default,6291456,6912870400,"[0.01522759 0.01524316 0.01470811 0.01520525 0.01736589 0.01686969
 0.08836506 0.01532676 0.01521625 0.0150748 ]","[0.006625 0.008125 0.007375 0.00525  0.0075   0.007625 0.03675  0.006625
 0.007125 0.007   ]",0.05771360726398989,0.9980229381041595,0.042431932,"[0.2662051  0.2597945  0.32886189 0.1903363  0.294588   0.06314473
 0.39165613 0.21708407 0.28996077 0.19260986]",0.8337875,"[0.26621044 0.25979626 0.32886812 0.19033629 0.29459181 0.06314272
 0.39166242 0.21709159 0.28996268 0.19261022]",0.83379906,"[ 5.33461571e-06  1.75833702e-06  6.22868538e-06 -1.49011612e-08
  3.81469727e-06 -2.01165676e-06  6.28829002e-06  7.52508640e-06
  1.90734863e-06  3.57627869e-07]",1.3743387e-05,1.1558761e-05,7.434765e-06,0.019782341029446364
8,55,0.5,0.1,60.0,False,42,default,6291456,6912870400,"[0.00726953 0.00727696 0.00702154 0.00725886 0.00829034 0.00805346
 0.09747063 0.00731687 0.00726412 0.00719659]","[0.004375 0.00475  0.005625 0.005    0.003875 0.004375 0.057875 0.005375
 0.0045   0.00425 ]",0.040530854444342596,0.999278532663939,0.059575327,"[0.2662051  0.2597945  0.32886189 0.1903363  0.294588   0.06314473
 0.39165613 0.21708407 0.28996077 0.19260986]",0.8337875,"[0.26620686 0.2597954  0.32886195 0.19033858 0.29459056 0.06314179
 0.3916598  0.21708988 0.28996164 0.19261096]",0.83379334,"[ 1.75833702e-06  8.94069672e-07  5.96046448e-08  2.27987766e-06
  2.56299973e-06 -2.93552876e-06  3.66568565e-06  5.81145287e-06
  8.64267349e-07  1.10268593e-06]",8.570409e-06,5.857389e-06,6.2564295e-06,0.019782341029446364
8,55,0.5,0.1,72.91407930810487,True,42,default,6291456,6912870400,"[1.38777878e-18 1.38777878e-18 1.38777878e-18 1.38777878e-18
 2.77555756e-18 2.77555756e-18 1.00000000e-01 2.77555756e-18
 1.38777878e-18 1.38777878e-18]",[0.  0.  0.  0.  0.  0.  0.1 0.  0.  0. ],1.4901161138336505e-09,0.9999999999,0.1,"[0.2662051  0.2597945  0.32886189 0.1903363  0.294588   0.06314473
 0.39165613 0.21708407 0.28996077 0.19260986]",0.8337875,"[0.26620653 0.25979137 0.32885808 0.19033699 0.29458931 0.063142
 0.39166042 0.21708818 0.28995925 0.19260947]",0.83378834,"[ 1.43051147e-06 -3.12924385e-06 -3.81469727e-06  6.85453415e-07
  1.31130219e-06 -2.72691250e-06  4.29153442e-06  4.11272049e-06
 -1.51991844e-06 -3.87430191e-07]",8.59115e-06,8.589518e-07,8.548102e-06,0.019782341029446364
8,55,0.5,1.0,0.0,False,42,default,6291456,6912870400,"[0.31091792 0.31123564 0.30031114 0.31046164 0.35457776 0.34444643
 0.29380545 0.31294276 0.31068629 0.30779816]","[0.10625 0.115   0.08375 0.1025  0.0875  0.11625 0.0975  0.0875  0.1025
 0.10125]",0.6850636688335134,0.9934114053755576,0.31800157,"[0.2662051  0.2597945  0.32886189 0.1903363  0.294588   0.06314473
 0.39165613 0.21708407 0.28996077 0.19260986]",0.8337875,"[0.26618329 0.25981125 0.32894731 0.19033445 0.29460594 0.06314252
 0.39169446 0.21712215 0.28996834 0.19260696]",0.8338551,"[-2.18153000e-05  1.67489052e-05  8.54134560e-05 -1.84774399e-06
  1.79409981e-05 -2.21282244e-06  3.83257866e-05  3.80873680e-05
  7.56978989e-06 -2.90572643e-06]",0.00010661773,6.757225e-05,8.247018e-05,0.019782341029446364
8,55,0.5,1.0,15.0,False,42,default,6291456,6912870400,"[0.27558903 0.27587065 0.26618748 0.2751846  0.3142879  0.30530777
 0.5311904  0.2773838  0.27538373 0.27282376]","[0.09375 0.1075  0.07375 0.08875 0.0925  0.10375 0.17    0.09125 0.09125
 0.0875 ]",0.6755545725871215,0.9970518788609437,0.32586902,"[0.2662051  0.2597945  0.32886189 0.1903363  0.294588   0.06314473
 0.39165613 0.21708407 0.28996077 0.19260986]",0.8337875,"[0.26626208 0.2598834  0.3290543  0.19039051 0.29469734 0.06316058
 0.39182162 0.21719514 0.29004797 0.19266783]",0.83411187,"[5.69820404e-05 8.89003277e-05 1.92403793e-04 5.42104244e-05
 1.09344721e-04 1.58548355e-05 1.65492296e-04 1.11073256e-04
 8.72015953e-05 5.79655170e-05]",0.00033764617,0.0003243609,9.378128e-05,0.019782341029446364
8,55,0.5,1.0,30.0,False,42,default,6291456,6912870400,"[0.22147921 0.22170553 0.21392358 0.22115418 0.25257985 0.2453629
 0.7323756  0.22292159 0.22131421 0.21925688]","[0.08       0.09625    0.0675     0.07625    0.09875    0.06875
 0.26875001 0.0775     0.0825     0.08375   ]",0.6377898585430127,0.9967019837749955,0.36409566,"[0.2662051  0.2597945  0.32886189 0.1903363  0.294588   0.06314473
 0.39165613 0.21708407 0.28996077 0.19260986]",0.8337875,"[0.26620981 0.25984225 0.32899818 0.1903632  0.2946656  0.06315351
 0.39174497 0.21715423 0.29000118 0.1926304 ]",0.8339706,"[4.70876694e-06 4.77433205e-05 1.36286020e-04 2.68965960e-05
 7.76052475e-05 8.78423452e-06 8.88407230e-05 7.01695681e-05
 4.04119492e-05 2.05338001e-05]",0.0002063246,0.00018315516,9.49949e-05,0.0
8,55,0.5,1.0,45.0,False,42,default,6291456,6912870400,"[0.15227594 0.15243155 0.14708114 0.15205247 0.17365889 0.16869695
 0.88365062 0.15326764 0.1521625  0.150748  ]","[0.06625    0.08125    0.07375    0.0525     0.075      0.07625
 0.36750001 0.06625    0.07125    0.07      ]",0.5771360670986398,0.9980230037772642,0.4243193,"[0.2662051  0.2597945  0.32886189 0.1903363  0.294588   0.06314473
 0.39165613 0.21708407 0.28996077 0.19260986]",0.8337875,"[0.26626581 0.25989026 0.32904977 0.19039246 0.29469246 0.06316029
 0.39178696 0.21719134 0.29005086 0.19266133]",0.8340943,"[6.07073307e-05 9.57548618e-05 1.87873840e-04 5.61624765e-05
 1.04457140e-04 1.55568123e-05 1.30832195e-04 1.07273459e-04
 9.00924206e-05 5.14686108e-05]",0.0003191376,0.0003068298,8.777396e-05,0.0
8,55,0.5,1.0,60.0,False,42,default,6291456,6912870400,"[0.07269532 0.07276961 0.07021537 0.07258864 0.08290337 0.08053458
 0.97470631 0.07316875 0.07264117 0.0719659 ]","[0.04375    0.0475     0.05625    0.05       0.03875    0.04375
 0.57875001 0.05375    0.045      0.0425    ]",0.40530856689174005,0.9992785202509917,0.59575325,"[0.2662051  0.2597945  0.32886189 0.1903363  0.294588   0.06314473
 0.39165613 0.21708407 0.28996077 0.19260986]",0.8337875,"[0.26635447 0.25995016 0.32911158 0.19044593 0.2947737  0.06317697
 0.3919026  0.21723725 0.29010221 0.19271079]",0.8343034,"[1.49369240e-04 1.55657530e-04 2.49683857e-04 1.09627843e-04
 1.85698271e-04 3.22386622e-05 2.46465206e-04 1.53183937e-04
 1.41441822e-04 1.00925565e-04]",0.0005204095,0.0005159047,6.8325564e-05,0.019782341029446364
8,55,0.5,1.0,72.91407930810487,True,42,default,6291456,6912870400,"[1.38777878e-17 1.38777878e-17 1.38777878e-17 1.38777878e-17
 2.77555756e-17 2.77555756e-17 1.00000000e+00 2.77555756e-17
 1.38777878e-17 1.38777878e-17]",[0. 0. 0. 0. 0. 0. 1. 0. 0. 0.],5.887846720064156e-17,0.9999999999989999,1.0,"[0.2662051  0.2597945  0.32886189 0.1903363  0.294588   0.06314473
 0.39165613 0.21708407 0.28996077 0.19260986]",0.8337875,"[0.26642188 0.26002792 0.32916248 0.19049445 0.29484731 0.06320573
 0.39199817 0.21729483 0.29019317 0.19276759]",0.8345131,"[2.16782093e-04 2.33411789e-04 3.00586224e-04 1.58146024e-04
 2.59310007e-04 6.10053539e-05 3.42041254e-04 2.10762024e-04
 2.32398510e-04 1.57728791e-04]",0.0007267059,0.0007256332,3.946998e-05,0.019782341029446364
8,55,0.5,2.0,0.0,False,42,default,6291456,6912870400,"[0.62183583 0.62247128 0.60062228 0.62092328 0.70915551 0.68889285
 0.5876109  0.62588552 0.62137259 0.61559632]","[0.21250001 0.23       0.1675     0.205      0.175      0.2325
 0.19499999 0.175      0.205      0.2025    ]",1.3701273376670269,0.9934114053779004,0.63600314,"[0.2662051  0.2597945  0.32886189 0.1903363  0.294588   0.06314473
 0.39165613 0.21708407 0.28996077 0.19260986]",0.8337875,"[0.26646802 0.26007739 0.32922825 0.19050021 0.29485172 0.06317276
 0.392012   0.21729717 0.29020831 0.19280219]",0.83458996,"[2.62916088e-04 2.82883644e-04 3.66359949e-04 1.63912773e-04
 2.63720751e-04 2.80290842e-05 3.55869532e-04 2.13101506e-04
 2.47538090e-04 1.92329288e-04]",0.00080677774,0.00080245954,8.3360625e-05,0.019782341029446364
8,55,0.5,2.0,15.0,False,42,default,6291456,6912870400,"[0.55117806 0.5517413  0.53237496 0.5503692  0.6285758  0.61061554
 1.0623808  0.55476759 0.55076745 0.54564753]","[0.1875     0.215      0.14749999 0.17749999 0.185      0.2075
 0.34       0.1825     0.1825     0.175     ]",1.351109145174243,0.9970518788632384,0.65173805,"[0.2662051  0.2597945  0.32886189 0.1903363  0.294588   0.06314473
 0.39165613 0.21708407 0.28996077 0.19260986]",0.8337875,"[0.26660547 0.26022339 0.32933703 0.19059452 0.29500139 0.06319737
 0.39219412 0.21738797 0.29033357 0.1928753 ]",0.8349681,"[4.00364399e-04 4.28885221e-04 4.75138426e-04 2.58222222e-04
 4.13388014e-04 5.26458025e-05 5.37991524e-04 3.03909183e-04
 3.72797251e-04 2.65434384e-04]",0.0011838748,0.0011806508,8.731058e-05,0.0
8,55,0.5,2.0,30.0,False,42,default,6291456,6912870400,"[0.44295841 0.44341107 0.42784716 0.44230836 0.5051597  0.4907258
 1.46475121 0.44584317 0.44262842 0.43851376]","[0.16       0.1925     0.13500001 0.1525     0.19750001 0.1375
 0.53750002 0.155      0.16500001 0.1675    ]",1.2755797170860255,0.9967019837770484,0.7281913,"[0.2662051  0.2597945  0.32886189 0.1903363  0.294588   0.06314473
 0.39165613 0.21708407 0.28996077 0.19260986]",0.8337875,"[0.2665053  0.26015916 0.32919848 0.19054726 0.29491821 0.06321272
 0.39207888 0.21729963 0.290308   0.19281229]",0.8347219,"[3.00198793e-04 3.64661217e-04 3.36587429e-04 2.10955739e-04
 3.30209732e-04 6.79865479e-05 4.22745943e-04 2.15560198e-04
 3.47226858e-04 2.02432275e-04]",0.00093876343,0.000934413,9.027223e-05,0.019782341029446364
8,55,0.5,2.0,45.0,False,42,default,6291456,6912870400,"[0.30455188 0.3048631  0.29416228 0.30410495 0.34731779 0.3373939
 1.76730124 0.30653527 0.304325   0.301496  ]","[0.13249999 0.16249999 0.14749999 0.105      0.15000001 0.1525
 0.73500001 0.13249999 0.1425     0.14      ]",1.1542721341972797,0.9980230037790282,0.8486386,"[0.2662051  0.2597945  0.32886189 0.1903363  0.294588   0.06314473
 0.39165613 0.21708407 0.28996077 0.19260986]",0.8337875,"[0.26666099 0.26026857 0.32941568 0.1906499  0.29511613 0.06323048
 0.39237693 0.217465   0.29048547 0.19291209]",0.8352539,"[4.55886126e-04 4.74065542e-04 5.53786755e-04 3.13594937e-04
 5.28126955e-04 8.57487321e-05 7.20798969e-04 3.80933285e-04
 5.24699688e-04 3.02225351e-04]",0.0014680511,0.0014664108,6.937954e-05,0.0
8,55,0.5,2.0,60.0,False,42,default,6291456,6912870400,"[0.14539065 0.14553922 0.14043073 0.14517728 0.16580675 0.16106916
 1.94941261 0.1463375  0.14528233 0.14393179]","[0.0875     0.095      0.1125     0.1        0.0775     0.0875
 1.15750003 0.1075     0.09       0.085     ]",0.8106171337834801,0.9992785202522497,1.1915065,"[0.2662051  0.2597945  0.32886189 0.1903363  0.294588   0.06314473
 0.39165613 0.21708407 0.28996077 0.19260986]",0.8337875,"[0.26688501 0.26047602 0.32971627 0.19078867 0.29530913 0.06324334
 0.3925955  0.21762282 0.29063174 0.19305289]",0.83583665,"[6.79910183e-04 6.81519508e-04 8.54372978e-04 4.52369452e-04
 7.21126795e-04 9.86158848e-05 9.39369202e-04 5.38751483e-04
 6.70969486e-04 4.43026423e-04]",0.0020518838,0.0020491264,0.00010633437,0.019782341029446364
8,55,0.5,2.0,72.91407930810487,True,42,default,6291456,6912870400,"[2.77555756e-17 2.77555756e-17 2.77555756e-17 2.77555756e-17
 5.55111512e-17 5.55111512e-17 2.00000000e+00 5.55111512e-17
 2.77555756e-17 2.77555756e-17]",[0. 0. 0. 0. 0. 0. 2. 0. 0. 0.],1.1775693440128312e-16,0.99999999999975,2.0,"[0.2662051  0.2597945  0.32886189 0.1903363  0.294588   0.06314473
 0.39165613 0.21708407 0.28996077 0.19260986]",0.8337875,"[0.26790649 0.26140797 0.33098    0.1915103  0.2964164  0.06350492
 0.39408848 0.21844493 0.29173723 0.19376296]",0.8389911,"[0.00170138 0.00161347 0.00211811 0.001174   0.0018284  0.00036019
 0.00243235 0.00136086 0.00177646 0.0011531 ]",0.0052047237,0.005203657,0.00010536419,0.0
8,55,0.5,5.0,0.0,False,42,default,6291456,6912870400,"[1.55458958 1.55617819 1.5015557  1.55230819 1.77288878 1.72223213
 1.46902725 1.56471381 1.55343146 1.53899079]","[0.53125    0.57499999 0.41875002 0.51249999 0.4375     0.58125001
 0.48749998 0.4375     0.51249999 0.50625002]",3.425318342615251,0.9934114428949662,1.5900078,"[0.2662051  0.2597945  0.32886189 0.1903363  0.294588   0.06314473
 0.39165613 0.21708407 0.28996077 0.19260986]",0.8337875,"[0.26687634 0.26034877 0.32950377 0.19073999 0.29519781 0.06323123
 0.39256132 0.21751219 0.29056785 0.19296956]",0.8355727,"[6.71237707e-04 5.54263592e-04 6.41882420e-04 4.03687358e-04
 6.09815121e-04 8.65012407e-05 9.05185938e-04 4.28125262e-04
 6.07073307e-04 3.59699130e-04]",0.0017923939,0.0017852085,0.0001603297,0.019782341029446364
8,55,0.5,5.0,15.0,False,42,default,6291456,6912870400,"[1.37794515 1.37935325 1.33093739 1.37592299 1.57143951 1.52653886
 2.655952   1.38691899 1.37691863 1.36411882]","[0.46875    0.53750002 0.36874998 0.44374999 0.46250001 0.51875001
 0.85000002 0.45625001 0.45625001 0.4375    ]",3.37777284260818,0.9970518552477147,1.6293452,"[0.2662051  0.2597945  0.32886189 0.1903363  0.294588   0.06314473
 0.39165613 0.21708407 0.28996077 0.19260986]",0.8337875,"[0.26716495 0.26063085 0.32988122 0.19094793 0.29550466 0.06334838
 0.39291805 0.21777466 0.29086259 0.19319761]",0.83645743,"[0.00095984 0.00083634 0.00101933 0.00061163 0.00091666 0.00020365
 0.00126192 0.00069059 0.00090182 0.00058775]",0.002672773,0.0026699563,0.00012267036,0.0
8,55,0.5,5.0,30.0,False,42,default,6291456,6912870400,"[1.10739603 1.10852767 1.06961789 1.10577091 1.26289924 1.22681449
 3.66187801 1.11460793 1.10657106 1.0962844 ]","[0.39999998 0.48124999 0.33750001 0.38125002 0.49375001 0.34375
 1.34375    0.38749999 0.41250002 0.41875002]",3.18894934172687,0.9967020710773883,1.8204781,"[0.2662051  0.2597945  0.32886189 0.1903363  0.294588   0.06314473
 0.39165613 0.21708407 0.28996077 0.19260986]",0.8337875,"[0.26707473 0.26051795 0.32980826 0.19086853 0.29547977 0.06333561
 0.39290127 0.2177107  0.29080984 0.19314887]",0.8362827,"[0.00086963 0.00072345 0.00094637 0.00053222 0.00089177 0.00019088
 0.00124514 0.00062664 0.00084907 0.000539  ]",0.0024989438,0.002495181,0.00013708285,0.0
8,55,0.5,5.0,45.0,False,42,default,6291456,6912870400,"[0.76137971 0.76215775 0.7354057  0.76026237 0.86829447 0.84348475
 4.41825309 0.76633818 0.76081251 0.75374001]","[0.33124998 0.40625    0.36874998 0.26249999 0.375      0.38125002
 1.8375001  0.33124998 0.35624999 0.34999999]",2.885680284185696,0.9980229857354702,2.1215966,"[0.2662051  0.2597945  0.32886189 0.1903363  0.294588   0.06314473
 0.39165613 0.21708407 0.28996077 0.19260986]",0.8337875,"[0.26778308 0.26122591 0.33065715 0.19142151 0.29632211 0.06353024
 0.3941063  0.21829931 0.29162234 0.19368571]",0.8386287,"[0.00157797 0.00143141 0.00179526 0.00108521 0.00173411 0.00038551
 0.00245017 0.00121525 0.00166157 0.00107585]",0.0048470325,0.0048411814,0.0002380754,0.019782341029446364
8,55,0.5,5.0,60.0,False,42,default,6291456,6912870400,"[0.36347661 0.36384805 0.35107683 0.36294321 0.41451687 0.40267291
 4.87353153 0.36584375 0.36320584 0.35982948]","[0.21875    0.2375     0.28125    0.25       0.19374999 0.21875
 2.89375019 0.26875001 0.22500001 0.21250001]",2.0265427175307167,0.9992785795975782,2.9787662,"[0.2662051  0.2597945  0.32886189 0.1903363  0.294588   0.06314473
 0.39165613 0.21708407 0.28996077 0.19260986]",0.8337875,"[0.26768637 0.26122436 0.33062664 0.19136448 0.29620305 0.06347934
 0.39384562 0.2182425  0.2915999  0.19368011]",0.83838,"[0.00148126 0.00142986 0.00176474 0.00102818 0.00161505 0.00033461
 0.00218949 0.00115843 0.00163913 0.00107025]",0.004593304,0.0045925057,8.55635e-05,0.019782341029446364
8,55,0.5,5.0,72.91407930810487,True,42,default,6291456,6912870400,"[6.93889390e-17 6.93889390e-17 6.93889390e-17 6.93889390e-17
 1.38777878e-16 1.38777878e-16 5.00000000e+00 1.38777878e-16
 6.93889390e-17 6.93889390e-17]",[0. 0. 0. 0. 0. 0. 5. 0. 0. 0.],2.9439233600320783e-16,0.99999999999996,5.0,"[0.2662051  0.2597945  0.32886189 0.1903363  0.294588   0.06314473
 0.39165613 0.21708407 0.28996077 0.19260986]",0.8337875,"[0.26843163 0.26192215 0.33160147 0.19190027 0.29704279 0.06363121
 0.39496899 0.2188599  0.29237628 0.19422248]",0.84073406,"[0.00222653 0.00212765 0.00273958 0.00156397 0.00245479 0.00048649
 0.00331286 0.00177583 0.00241551 0.00161262]",0.0069470904,0.0069465796,8.421392e-05,0.0
8,6,0.75,0.01,0.0,False,42,default,6291456,6912870400,"[0.00308013 0.00317177 0.00336403 0.00328235 0.00307872 0.00305612
 0.00314517 0.00318803 0.00311023 0.00313284]","[0.0010375 0.001175  0.0009    0.001075  0.0008    0.0010125 0.001025
 0.0009125 0.0010375 0.001025 ]",0.006847226897285281,0.9946269503533508,0.0031777546,"[0.2647635  0.25819561 0.32663575 0.18960328 0.29255283 0.06367411
 0.38849145 0.21572331 0.28798351 0.19177216]",0.8283838,"[0.26476458 0.25819665 0.326635   0.18960352 0.29255286 0.0636746
 0.38849068 0.21572265 0.28798291 0.19177158]",0.82838345,"[ 1.07288361e-06  1.04308128e-06 -7.45058060e-07  2.38418579e-07
  2.98023224e-08  4.91738319e-07 -7.74860382e-07 -6.55651093e-07
 -5.96046448e-07 -5.81145287e-07]",2.1947747e-06,3.9874436e-07,2.1582491e-06,0.019782341029446364
8,6,0.75,0.01,15.0,False,42,default,6291456,6912870400,"[0.0027193  0.0028002  0.00296994 0.00289783 0.00271806 0.00541635
 0.00277672 0.00281456 0.00274587 0.00276584]","[0.0009375 0.001075  0.0008    0.0010375 0.000725  0.0019    0.000775
 0.00095   0.0009125 0.0008875]",0.006710476507497782,0.9942266381437825,0.003318132,"[0.2647635  0.25819561 0.32663575 0.18960328 0.29255283 0.06367411
 0.38849145 0.21572331 0.28798351 0.19177216]",0.8283838,"[0.26476502 0.2581965  0.32663539 0.18960336 0.29255265 0.06367463
 0.3884902  0.21572275 0.28798363 0.19177157]",0.8283836,"[ 1.51991844e-06  8.94069672e-07 -3.57627869e-07  7.45058060e-08
 -1.78813934e-07  5.21540642e-07 -1.25169754e-06 -5.51342964e-07
  1.19209290e-07 -5.96046448e-07]",2.4056492e-06,2.0970205e-07,2.3964922e-06,0.0
8,6,0.75,0.01,30.0,False,42,default,6291456,6912870400,"[0.00217316 0.00223781 0.00237346 0.00231583 0.00217216 0.00740746
 0.00221905 0.00224928 0.00219439 0.00221035]","[0.0008    0.0009625 0.0008125 0.0008375 0.0007875 0.0026125 0.0007375
 0.0007875 0.0008125 0.00085  ]",0.006413652839633056,0.9985569297411409,0.0035944397,"[0.2647635  0.25819561 0.32663575 0.18960328 0.29255283 0.06367411
 0.38849145 0.21572331 0.28798351 0.19177216]",0.8283838,"[0.26476401 0.2581965  0.32663554 0.18960282 0.29255262 0.06367429
 0.38849023 0.21572298 0.28798363 0.19177167]",0.82838327,"[ 5.06639481e-07  8.94069672e-07 -2.08616257e-07 -4.61935997e-07
 -2.08616257e-07  1.78813934e-07 -1.22189522e-06 -3.27825546e-07
  1.19209290e-07 -4.91738319e-07]",1.8013773e-06,5.381249e-07,1.7191221e-06,0.0
8,6,0.75,0.01,45.0,False,42,default,6291456,6912870400,"[0.00147892 0.00152292 0.00161523 0.00157601 0.00147824 0.00889376
 0.00151015 0.00153072 0.00149337 0.00150423]","[0.00065   0.000825  0.000775  0.00055   0.0006875 0.003825  0.0006125
 0.0006625 0.0007125 0.0007   ]",0.005662741644055688,0.998361781297188,0.004349856,"[0.2647635  0.25819561 0.32663575 0.18960328 0.29255283 0.06367411
 0.38849145 0.21572331 0.28798351 0.19177216]",0.8283838,"[0.26476303 0.25819662 0.32663548 0.18960284 0.29255244 0.06367429
 0.38849017 0.2157229  0.28798339 0.19177163]",0.8283828,"[-4.76837158e-07  1.01327896e-06 -2.68220901e-07 -4.47034836e-07
 -3.87430191e-07  1.86264515e-07 -1.28149986e-06 -4.02331352e-07
 -1.19209290e-07 -5.36441803e-07]",1.953658e-06,1.0385611e-06,1.6547422e-06,0.0
8,6,0.75,0.01,60.0,False,42,default,6291456,6912870400,"[0.00068389 0.00070424 0.00074693 0.00072879 0.00068358 0.00977397
 0.00069833 0.00070785 0.00069057 0.00069559]","[0.000425  0.000475  0.000575  0.0005375 0.0003125 0.0059375 0.0003375
 0.0005375 0.0004375 0.000425 ]",0.003916432548773501,0.9992498410505576,0.0060952595,"[0.2647635  0.25819561 0.32663575 0.18960328 0.29255283 0.06367411
 0.38849145 0.21572331 0.28798351 0.19177216]",0.8283838,"[0.26476359 0.25819612 0.32663581 0.18960309 0.29255268 0.06367406
 0.38849083 0.21572299 0.28798363 0.1917716 ]",0.82838345,"[ 8.94069672e-08  5.06639481e-07  5.96046448e-08 -1.93715096e-07
 -1.49011612e-07 -5.21540642e-08 -6.25848770e-07 -3.12924385e-07
  1.19209290e-07 -5.66244125e-07]",1.0747705e-06,3.5562306e-07,1.0142306e-06,0.0
8,6,0.75,0.01,72.20500250453111,True,42,default,6291456,6912870400,[0.   0.   0.   0.   0.   0.01 0.   0.   0.   0.  ],[0.   0.   0.   0.   0.   0.01 0.   0.   0.   0.  ],2.2351741811588166e-10,0.99999999,0.01,"[0.2647635  0.25819561 0.32663575 0.18960328 0.29255283 0.06367411
 0.38849145 0.21572331 0.28798351 0.19177216]",0.8283838,"[0.2647635  0.25819635 0.32663587 0.18960325 0.2925525  0.06367403
 0.38849074 0.21572269 0.28798342 0.19177175]",0.8283834,"[ 0.00000000e+00  7.45058060e-07  1.19209290e-07 -2.98023224e-08
 -3.27825546e-07 -7.45058060e-08 -7.15255737e-07 -6.10947609e-07
 -8.94069672e-08 -4.17232513e-07]",1.3229345e-06,4.7130322e-07,1.2361347e-06,0.0
8,6,0.75,0.1,0.0,False,42,default,6291456,6912870400,"[0.0308013  0.03171766 0.03364029 0.03282349 0.03078719 0.03056122
 0.03145168 0.03188026 0.03110227 0.03132842]","[0.010375 0.01175  0.009    0.01075  0.008    0.010125 0.01025  0.009125
 0.010375 0.01025 ]",0.06847226840577555,0.9946268822477798,0.03177755,"[0.2647635  0.25819561 0.32663575 0.18960328 0.29255283 0.06367411
 0.38849145 0.21572331 0.28798351 0.19177216]",0.8283838,"[0.26476991 0.25818336 0.32662171 0.18960164 0.29256037 0.06367262
 0.38849145 0.21571724 0.28798535 0.1917648 ]",0.82837605,"[ 6.40749931e-06 -1.22487545e-05 -1.40368938e-05 -1.63912773e-06
  7.53998756e-06 -1.49011612e-06  0.00000000e+00 -6.06477261e-06
  1.84774399e-06 -7.36117363e-06]",2.3329456e-05,7.77265e-06,2.1996579e-05,0.0
8,6,0.75,0.1,15.0,False,42,default,6291456,6912870400,"[0.02719302 0.02800204 0.02969943 0.02897831 0.02718056 0.05416348
 0.02776721 0.02814559 0.02745873 0.02765839]","[0.009375 0.01075  0.008    0.010375 0.00725  0.019    0.00775  0.0095
 0.009125 0.008875]",0.06710476408147861,0.9942266412324386,0.03318132,"[0.2647635  0.25819561 0.32663575 0.18960328 0.29255283 0.06367411
 0.38849145 0.21572331 0.28798351 0.19177216]",0.8283838,"[0.2647599  0.25818348 0.32661989 0.18959945 0.29256132 0.06367255
 0.38849252 0.21571569 0.28798699 0.19176514]",0.8283727,"[-3.60608101e-06 -1.21295452e-05 -1.58548355e-05 -3.82959843e-06
  8.49366188e-06 -1.55717134e-06  1.07288361e-06 -7.61449337e-06
  3.48687172e-06 -7.01844692e-06]",2.4925626e-05,1.10737565e-05,2.233067e-05,0.0
8,6,0.75,0.1,30.0,False,42,default,6291456,6912870400,"[0.02173158 0.02237812 0.02373461 0.02315832 0.02172163 0.07407459
 0.02219045 0.02249284 0.02194393 0.02210349]","[0.008    0.009625 0.008125 0.008375 0.007875 0.026125 0.007375 0.007875
 0.008125 0.0085  ]",0.06413652685195625,0.9985568582168574,0.035944402,"[0.2647635  0.25819561 0.32663575 0.18960328 0.29255283 0.06367411
 0.38849145 0.21572331 0.28798351 0.19177216]",0.8283838,"[0.26475969 0.25818339 0.32661861 0.18960026 0.29255614 0.06367245
 0.3884874  0.21571611 0.28798676 0.19176543]",0.8283682,"[-3.81469727e-06 -1.22189522e-05 -1.71363354e-05 -3.02493572e-06
  3.30805779e-06 -1.66147947e-06 -4.05311584e-06 -7.19726086e-06
  3.24845314e-06 -6.73532486e-06]",2.4586745e-05,1.5641454e-05,1.8969791e-05,0.0
8,6,0.75,0.1,45.0,False,42,default,6291456,6912870400,"[0.01478917 0.01522916 0.01615231 0.01576012 0.0147824  0.08893765
 0.01510145 0.01530724 0.01493368 0.01504227]","[0.0065   0.00825  0.00775  0.0055   0.006875 0.03825  0.006125 0.006625
 0.007125 0.007   ]",0.0566274145982265,0.9983617831598706,0.043498565,"[0.2647635  0.25819561 0.32663575 0.18960328 0.29255283 0.06367411
 0.38849145 0.21572331 0.28798351 0.19177216]",0.8283838,"[0.26476362 0.25818369 0.32662007 0.1895988  0.29255262 0.06367298
 0.38848734 0.21571743 0.28798735 0.19176729]",0.82836956,"[ 1.19209290e-07 -1.19209290e-05 -1.56760216e-05 -4.48524952e-06
 -2.08616257e-07 -1.12503767e-06 -4.11272049e-06 -5.87105751e-06
  3.84449959e-06 -4.87267971e-06]",2.2342652e-05,1.4294554e-05,1.7171484e-05,0.0
8,6,0.75,0.1,60.0,False,42,default,6291456,6912870400,"[0.00683891 0.00704237 0.00746926 0.0072879  0.00683577 0.09773974
 0.00698331 0.00707847 0.00690573 0.00695595]","[0.00425  0.00475  0.00575  0.005375 0.003125 0.059375 0.003375 0.005375
 0.004375 0.00425 ]",0.039164325443516106,0.9992498884647,0.060952593,"[0.2647635  0.25819561 0.32663575 0.18960328 0.29255283 0.06367411
 0.38849145 0.21572331 0.28798351 0.19177216]",0.8283838,"[0.26475903 0.25818998 0.32662803 0.18960151 0.29254904 0.06367318
 0.38848445 0.21572188 0.28798351 0.19176726]",0.828371,"[-4.47034836e-06 -5.63263893e-06 -7.71880150e-06 -1.77323818e-06
 -3.78489494e-06 -9.31322575e-07 -7.00354576e-06 -1.43051147e-06
  0.00000000e+00 -4.90248203e-06]",1.4309369e-05,1.283404e-05,6.3281495e-06,0.0
8,6,0.75,0.1,72.20500250453111,True,42,default,6291456,6912870400,[0.  0.  0.  0.  0.  0.1 0.  0.  0.  0. ],[0.  0.  0.  0.  0.  0.1 0.  0.  0.  0. ],1.4901161138336505e-09,0.9999999999,0.1,"[0.2647635  0.25819561 0.32663575 0.18960328 0.29255283 0.06367411
 0.38849145 0.21572331 0.28798351 0.19177216]",0.8283838,"[0.26476154 0.258192   0.32662502 0.18960045 0.29254866 0.0636735
 0.38848671 0.21572272 0.28798196 0.1917665 ]",0.82837147,"[-1.96695328e-06 -3.60608101e-06 -1.07288361e-05 -2.83122063e-06
 -4.17232513e-06 -6.10947609e-07 -4.73856926e-06 -5.81145287e-07
 -1.54972076e-06 -5.66244125e-06]",1.46640605e-05,1.2374774e-05,7.867633e-06,0.0
8,6,0.75,1.0,0.0,False,42,default,6291456,6912870400,"[0.30801298 0.31717664 0.33640293 0.32823486 0.30787185 0.30561217
 0.3145168  0.31880263 0.31102269 0.31328422]","[0.10375 0.1175  0.09    0.1075  0.08    0.10125 0.1025  0.09125 0.10375
 0.1025 ]",0.6847226918554907,0.9946269749338115,0.31777546,"[0.2647635  0.25819561 0.32663575 0.18960328 0.29255283 0.06367411
 0.38849145 0.21572331 0.28798351 0.19177216]",0.8283838,"[0.26699334 0.26027998 0.32917944 0.19112387 0.29504013 0.06419866
 0.39179504 0.21745968 0.29038039 0.19332121]",0.8352093,"[0.00222984 0.00208437 0.00254369 0.00152059 0.0024873  0.00052455
 0.00330359 0.00173637 0.00239688 0.00154905]",0.0068289414,0.0068254727,0.00021765604,0.0
8,6,0.75,1.0,15.0,False,42,default,6291456,6912870400,"[0.2719302  0.28002036 0.29699435 0.28978315 0.27180561 0.54163482
 0.27767212 0.28145587 0.27458733 0.27658393]","[0.09375 0.1075  0.08    0.10375 0.0725  0.19    0.0775  0.095   0.09125
 0.08875]",0.6710476450279986,0.9942266072456254,0.33181322,"[0.2647635  0.25819561 0.32663575 0.18960328 0.29255283 0.06367411
 0.38849145 0.21572331 0.28798351 0.19177216]",0.8283838,"[0.2663368  0.25962791 0.32838714 0.19065791 0.29428783 0.06400774
 0.39078039 0.21693398 0.2896561  0.19285534]",0.83312446,"[0.00157329 0.0014323  0.00175139 0.00105463 0.001735   0.00033363
 0.00228894 0.00121067 0.0016726  0.00108318]",0.004743809,0.004740585,0.00017487042,0.019782341029446364
8,6,0.75,1.0,30.0,False,42,default,6291456,6912870400,"[0.21731583 0.22378116 0.2373461  0.23158319 0.21721625 0.74074595
 0.22190454 0.22492836 0.2194393  0.2210349 ]","[0.08       0.09625    0.08125    0.08375    0.07875    0.26124999
 0.07375    0.07875    0.08125    0.085     ]",0.6413652714879786,0.9985568499467867,0.35944402,"[0.2647635  0.25819561 0.32663575 0.18960328 0.29255283 0.06367411
 0.38849145 0.21572331 0.28798351 0.19177216]",0.8283838,"[0.26550996 0.25884569 0.3273859  0.19007728 0.29338065 0.06384443
 0.38961637 0.21627629 0.28877971 0.19227594]",0.8305997,"[0.00074646 0.00065008 0.00075015 0.00047399 0.00082782 0.00017033
 0.00112492 0.00055298 0.0007962  0.00050378]",0.002222713,0.0022159067,0.00017381286,0.0
8,6,0.75,1.0,45.0,False,42,default,6291456,6912870400,"[0.14789174 0.15229164 0.1615231  0.15760122 0.14782397 0.88937646
 0.15101453 0.15307236 0.14933684 0.15042271]","[0.065      0.0825     0.0775     0.055      0.06875    0.38249999
 0.06125    0.06625    0.07125    0.07      ]",0.5662741484559457,0.9983618626680534,0.4349856,"[0.2647635  0.25819561 0.32663575 0.18960328 0.29255283 0.06367411
 0.38849145 0.21572331 0.28798351 0.19177216]",0.8283838,"[0.26511252 0.25848082 0.32693985 0.18979807 0.29295957 0.06376636
 0.38903445 0.21598139 0.28834423 0.19199535]",0.82939845,"[3.49014997e-04 2.85208225e-04 3.04102898e-04 1.94787979e-04
 4.06742096e-04 9.22530890e-05 5.42998314e-04 2.58088112e-04
 3.60727310e-04 2.23189592e-04]",0.0010241681,0.0010146117,0.00013958379,0.0
8,6,0.75,1.0,60.0,False,42,default,6291456,6912870400,"[0.06838907 0.0704237  0.07469257 0.07287899 0.06835773 0.97739744
 0.06983313 0.07078473 0.06905732 0.06955946]","[0.0425  0.0475  0.0575  0.05375 0.03125 0.59375 0.03375 0.05375 0.04375
 0.0425 ]",0.3916432474405132,0.9992498145497825,0.609526,"[0.2647635  0.25819561 0.32663575 0.18960328 0.29255283 0.06367411
 0.38849145 0.21572331 0.28798351 0.19177216]",0.8283838,"[0.26483443 0.25820273 0.32660437 0.189611   0.29263321 0.06369683
 0.38859519 0.21574493 0.28804103 0.19178575]",0.8285057,"[ 7.09295273e-05  7.12275505e-06 -3.13818455e-05  7.71880150e-06
  8.03768635e-05  2.27242708e-05  1.03741884e-04  2.16215849e-05
  5.75184822e-05  1.35898590e-05]",0.00016681095,0.00012184058,0.00011393318,0.0
8,6,0.75,1.0,72.20500250453111,True,42,default,6291456,6912870400,[0. 0. 0. 0. 0. 1. 0. 0. 0. 0.],[0. 0. 0. 0. 0. 1. 0. 0. 0. 0.],0.0,0.9999999999989999,1.0,"[0.2647635  0.25819561 0.32663575 0.18960328 0.29255283 0.06367411
 0.38849145 0.21572331 0.28798351 0.19177216]",0.8283838,"[0.26477173 0.25817883 0.32659277 0.1895915  0.29258493 0.06368596
 0.38851508 0.21572387 0.28799409 0.1917551 ]",0.8283848,"[ 8.22544098e-06 -1.67787075e-05 -4.29749489e-05 -1.17868185e-05
  3.20971012e-05  1.18538737e-05  2.36332417e-05  5.66244125e-07
  1.05798244e-05 -1.70618296e-05]",6.6839995e-05,9.618875e-07,6.683308e-05,0.019782341029446364
8,6,0.75,2.0,0.0,False,42,default,6291456,6912870400,"[0.61602597 0.63435327 0.67280585 0.65646972 0.61574371 0.61122435
 0.6290336  0.63760526 0.62204538 0.62656844]","[0.2075     0.235      0.18000001 0.215      0.16       0.2025
 0.205      0.1825     0.2075     0.205     ]",1.3694453837109815,0.9946269749361588,0.6355509,"[0.2647635  0.25819561 0.32663575 0.18960328 0.29255283 0.06367411
 0.38849145 0.21572331 0.28798351 0.19177216]",0.8283838,"[0.27032971 0.26344374 0.33316278 0.19343504 0.29872397 0.06492218
 0.39673004 0.22007917 0.29394838 0.19566301]",0.84549713,"[0.00556621 0.00524813 0.00652704 0.00383176 0.00617114 0.00124808
 0.00823858 0.00435586 0.00596488 0.00389084]",0.017117737,0.017113233,0.0003926783,0.0
8,6,0.75,2.0,15.0,False,42,default,6291456,6912870400,"[0.5438604  0.56004072 0.5939887  0.57956629 0.54361121 1.08326964
 0.55534423 0.56291174 0.54917466 0.55316786]","[0.1875     0.215      0.16       0.2075     0.145      0.38
 0.155      0.19       0.1825     0.17749999]",1.3420952900559973,0.9942266072478726,0.66362643,"[0.2647635  0.25819561 0.32663575 0.18960328 0.29255283 0.06367411
 0.38849145 0.21572331 0.28798351 0.19177216]",0.8283838,"[0.26831755 0.26149383 0.33072871 0.19202089 0.29650319 0.06445702
 0.39374447 0.21848215 0.29177448 0.19423226]",0.8392397,"[0.00355405 0.00329822 0.00409296 0.00241761 0.00395036 0.00078291
 0.00525302 0.00275885 0.00379097 0.00246009]",0.010860659,0.010855859,0.00032291727,0.019782341029446364
8,6,0.75,2.0,30.0,False,42,default,6291456,6912870400,"[0.43463165 0.44756232 0.47469219 0.46316638 0.43443251 1.48149189
 0.44380907 0.44985673 0.4388786  0.4420698 ]","[0.16       0.1925     0.16249999 0.1675     0.1575     0.52249998
 0.14749999 0.1575     0.16249999 0.17      ]",1.2827305429759572,0.9985568499488702,0.71888804,"[0.2647635  0.25819561 0.32663575 0.18960328 0.29255283 0.06367411
 0.38849145 0.21572331 0.28798351 0.19177216]",0.8283838,"[0.26787919 0.26108745 0.33021656 0.19172145 0.29599082 0.06435285
 0.39306954 0.21814413 0.29127949 0.19392893]",0.83786666,"[0.00311568 0.00289184 0.00358081 0.00211817 0.003438   0.00067874
 0.00457808 0.00242083 0.00329599 0.00215676]",0.009486515,0.0094828,0.00026549931,0.019782341029446364
8,6,0.75,2.0,45.0,False,42,default,6291456,6912870400,"[0.29578347 0.30458329 0.3230462  0.31520245 0.29564794 1.77875292
 0.30202906 0.30614472 0.29867368 0.30084542]","[0.13       0.16500001 0.155      0.11       0.1375     0.76499999
 0.1225     0.13249999 0.1425     0.14      ]",1.1325482969118914,0.9983618626697746,0.8699712,"[0.2647635  0.25819561 0.32663575 0.18960328 0.29255283 0.06367411
 0.38849145 0.21572331 0.28798351 0.19177216]",0.8283838,"[0.26713192 0.2603519  0.3292596  0.19118223 0.29511681 0.06421845
 0.39192423 0.21753247 0.29045439 0.19337684]",0.83546776,"[0.00236842 0.00215629 0.00262386 0.00157894 0.00256398 0.00054435
 0.00343278 0.00180916 0.00247088 0.00160468]",0.007088321,0.0070838956,0.00025043072,0.0
8,6,0.75,2.0,60.0,False,42,default,6291456,6912870400,"[0.13677813 0.1408474  0.14938515 0.14575798 0.13671546 1.95479488
 0.13966626 0.14156945 0.13811464 0.13911891]",[0.085  0.095  0.115  0.1075 0.0625 1.1875 0.0675 0.1075 0.0875 0.085 ],0.7832864948810264,0.999249814551012,1.219052,"[0.2647635  0.25819561 0.32663575 0.18960328 0.29255283 0.06367411
 0.38849145 0.21572331 0.28798351 0.19177216]",0.8283838,"[0.26548234 0.25880373 0.32736263 0.19004758 0.29333943 0.06382418
 0.3895551  0.21626861 0.28871924 0.19224042]",0.83048576,"[0.00071883 0.00060812 0.00072688 0.00044429 0.0007866  0.00015008
 0.00106364 0.00054531 0.00073573 0.00046825]",0.0021077956,0.0021019303,0.00015713517,0.0
8,6,0.75,2.0,72.20500250453111,True,42,default,6291456,6912870400,[0. 0. 0. 0. 0. 2. 0. 0. 0. 0.],[0. 0. 0. 0. 0. 2. 0. 0. 0. 0.],0.0,0.99999999999975,2.0,"[0.2647635  0.25819561 0.32663575 0.18960328 0.29255283 0.06367411
 0.38849145 0.21572331 0.28798351 0.19177216]",0.8283838,"[0.26477394 0.25812706 0.32654142 0.18956345 0.29257718 0.06366745
 0.38851184 0.21570837 0.28797856 0.19174229]",0.8283246,"[ 1.04308128e-05 -6.85453415e-05 -9.43243504e-05 -3.98308039e-05
  2.43484974e-05 -6.66081905e-06  2.03847885e-05 -1.49309635e-05
 -4.94718552e-06 -2.98768282e-05]",0.00013222569,5.9217666e-05,0.000118223936,0.0
8,6,0.75,5.0,0.0,False,42,default,6291456,6912870400,"[1.54006492 1.58588319 1.68201463 1.6411743  1.53935927 1.52806087
 1.57258401 1.59401314 1.55511346 1.56642111]","[0.51875001 0.58749998 0.45000002 0.53750002 0.39999998 0.50625002
 0.51249999 0.45625001 0.51875001 0.51249999]",3.4236134504464246,0.9946268874492757,1.5888774,"[0.2647635  0.25819561 0.32663575 0.18960328 0.29255283 0.06367411
 0.38849145 0.21572331 0.28798351 0.19177216]",0.8283838,"[0.27719921 0.27007675 0.34179792 0.19829662 0.30623239 0.06647513
 0.40675116 0.22572654 0.3013587  0.20058373]",0.8669345,"[0.0124357  0.01188114 0.01516217 0.00869334 0.01367956 0.00280102
 0.0182597  0.01000324 0.01337519 0.00881156]",0.038552187,0.03855053,0.00035704227,0.019782341029446364
8,6,0.75,5.0,15.0,False,42,default,6291456,6912870400,"[1.35965101 1.40010181 1.48497174 1.44891573 1.35902803 2.70817409
 1.38836058 1.40727936 1.37293666 1.38291965]","[0.46875    0.53750002 0.39999998 0.51875001 0.36249998 0.94999999
 0.38749999 0.47499999 0.45625001 0.44374999]",3.3552382245034016,0.9942266799660671,1.659066,"[0.2647635  0.25819561 0.32663575 0.18960328 0.29255283 0.06367411
 0.38849145 0.21572331 0.28798351 0.19177216]",0.8283838,"[0.2747333  0.26758689 0.33851933 0.19653004 0.30354819 0.06591831
 0.40310818 0.22362991 0.29862317 0.198816  ]",0.85906774,"[0.0099698  0.00939128 0.01188359 0.00692676 0.01099536 0.0022442
 0.01461673 0.0079066  0.01063967 0.00704384]",0.030687267,0.0306838,0.00046145124,0.03426402009603798
8,6,0.75,5.0,30.0,False,42,default,6291456,6912870400,"[1.08657913 1.1189058  1.18673048 1.15791595 1.08608126 3.70372973
 1.10952268 1.12464181 1.09719649 1.1051745 ]","[0.39999998 0.48124999 0.40625    0.41875002 0.39375001 1.30624998
 0.36874998 0.39375001 0.40625    0.42500001]",3.206826323322358,0.9985568688407077,1.7972201,"[0.2647635  0.25819561 0.32663575 0.18960328 0.29255283 0.06367411
 0.38849145 0.21572331 0.28798351 0.19177216]",0.8283838,"[0.2742188  0.26718622 0.33796343 0.19619276 0.30298874 0.0658201
 0.40230957 0.22321074 0.29814553 0.19846137]",0.857545,"[0.00945529 0.00899062 0.01132768 0.00658947 0.01043591 0.00214599
 0.01381811 0.00748743 0.01016203 0.00668921]",0.029163316,0.029161118,0.00035811958,0.0
8,6,0.75,5.0,45.0,False,42,default,6291456,6912870400,"[0.73945868 0.76145821 0.80761551 0.78800611 0.73911986 4.4468823
 0.75507264 0.76536179 0.7466842  0.75211354]","[0.32499999 0.41250002 0.38749999 0.27500001 0.34375    1.9124999
 0.30625001 0.33124998 0.35624999 0.34999999]",2.8313707987010606,0.998361768317148,2.1749282,"[0.2647635  0.25819561 0.32663575 0.18960328 0.29255283 0.06367411
 0.38849145 0.21572331 0.28798351 0.19177216]",0.8283838,"[0.27324697 0.26621151 0.33678791 0.19548805 0.30190685 0.0655433
 0.40089163 0.22242582 0.29705614 0.19775322]",0.8544904,"[0.00848347 0.0080159  0.01015216 0.00588477 0.00935403 0.00186919
 0.01240018 0.00670251 0.00907263 0.00598106]",0.026109124,0.0261065,0.00037027305,0.0
8,6,0.75,5.0,60.0,False,42,default,6291456,6912870400,"[0.34194534 0.35211851 0.37346287 0.36439496 0.34178866 4.8869872
 0.34916565 0.35392363 0.34528661 0.34779728]","[0.21250001 0.2375     0.28749999 0.26875001 0.15625    2.96875
 0.16875    0.26875001 0.21875    0.21250001]",1.958216236604051,0.9992499125115161,3.0476296,"[0.2647635  0.25819561 0.32663575 0.18960328 0.29255283 0.06367411
 0.38849145 0.21572331 0.28798351 0.19177216]",0.8283838,"[0.26763421 0.26084054 0.32982281 0.19152538 0.29577541 0.06435844
 0.39264074 0.21789956 0.2910668  0.19371289]",0.8370469,"[0.00287071 0.00264493 0.00318706 0.0019221  0.00322258 0.00068434
 0.00414929 0.00217625 0.00308329 0.00194073]",0.008669923,0.008663024,0.00034583133,0.019782341029446364
8,6,0.75,5.0,72.20500250453111,True,42,default,6291456,6912870400,[0. 0. 0. 0. 0. 5. 0. 0. 0. 0.],[0. 0. 0. 0. 0. 5. 0. 0. 0. 0.],0.0,0.99999999999996,5.0,"[0.2647635  0.25819561 0.32663575 0.18960328 0.29255283 0.06367411
 0.38849145 0.21572331 0.28798351 0.19177216]",0.8283838,"[0.26265475 0.25599739 0.3236987  0.18800564 0.29019964 0.06318022
 0.38532767 0.21389803 0.28564018 0.19017126]",0.8214876,"[-0.00210875 -0.00219822 -0.00293705 -0.00159764 -0.00235319 -0.00049389
 -0.00316378 -0.00182527 -0.00234333 -0.00160091]",0.006901768,0.0068962504,0.0002759362,0.0
8,21,0.75,0.01,0.0,False,42,default,6291456,6912870400,"[0.00317296 0.0030965  0.00313608 0.00318947 0.00305015 0.00329636
 0.00317951 0.0032373  0.00306813 0.00318812]","[0.0010625 0.00115   0.000875  0.0010625 0.0007125 0.001125  0.001025
 0.0009125 0.001025  0.00105  ]",0.006844802530103863,0.9932301642698308,0.003186789,"[0.23818639 0.23236842 0.2937091  0.17045848 0.26298743 0.05703651
 0.34980214 0.19416709 0.25916198 0.17251721]",0.7452879,"[0.23818646 0.23236923 0.29370937 0.17045866 0.26298729 0.05703659
 0.34980261 0.19416787 0.2591621  0.17251746]",0.7452888,"[ 7.45058060e-08  8.04662704e-07  2.68220901e-07  1.78813934e-07
 -1.49011612e-07  7.82310963e-08  4.76837158e-07  7.74860382e-07
  1.19209290e-07  2.53319740e-07]",1.3005532e-06,9.004643e-07,9.3840424e-07,0.027976455118293345
8,21,0.75,0.01,15.0,False,42,default,6291456,6912870400,"[0.00280183 0.00273431 0.00276926 0.0028164  0.00541108 0.00291079
 0.00280761 0.00285864 0.00270925 0.00281521]","[0.000975  0.0010375 0.0007625 0.00095   0.0016625 0.00105   0.0008125
 0.00095   0.000875  0.000925 ]",0.006767725623003827,0.9963534285661598,0.0032498075,"[0.23818639 0.23236842 0.2937091  0.17045848 0.26298743 0.05703651
 0.34980214 0.19416709 0.25916198 0.17251721]",0.7452879,"[0.23818612 0.23236923 0.29370928 0.17045872 0.26298726 0.05703659
 0.34980276 0.19416782 0.25916198 0.17251749]",0.74528867,"[-2.68220901e-07  8.04662704e-07  1.78813934e-07  2.38418579e-07
 -1.78813934e-07  7.82310963e-08  6.25848770e-07  7.30156898e-07
  0.00000000e+00  2.83122063e-07]",1.3606289e-06,7.8255226e-07,1.1130691e-06,0.027976455118293345
8,21,0.75,0.01,30.0,False,42,default,6291456,6912870400,"[0.00223975 0.00218578 0.00221371 0.0022514  0.00740325 0.00232686
 0.00224437 0.00228517 0.00216575 0.00225045]","[0.0008125 0.00095   0.0007375 0.0008    0.0026125 0.0008875 0.0007375
 0.0008    0.0008125 0.00085  ]",0.00641419709231274,0.9983130346776521,0.0035952656,"[0.23818639 0.23236842 0.2937091  0.17045848 0.26298743 0.05703651
 0.34980214 0.19416709 0.25916198 0.17251721]",0.7452879,"[0.23818623 0.2323691  0.29370937 0.17045851 0.26298791 0.05703657
 0.34980246 0.19416699 0.25916219 0.17251758]",0.7452886,"[-1.63912773e-07  6.70552254e-07  2.68220901e-07  2.98023224e-08
  4.76837158e-07  6.33299351e-08  3.27825546e-07 -1.04308128e-07
  2.08616257e-07  3.72529030e-07]",1.03989e-06,7.2777334e-07,7.427767e-07,0.0
8,21,0.75,0.01,45.0,False,42,default,6291456,6912870400,"[0.00152504 0.00148829 0.00150731 0.00153297 0.0088909  0.00158435
 0.00152819 0.00155596 0.00147465 0.00153233]","[0.0006625 0.0008125 0.0007625 0.0005125 0.0039375 0.0006    0.0006125
 0.000675  0.0007125 0.0007125]",0.00558296108914336,0.9979696392208398,0.0044331844,"[0.23818639 0.23236842 0.2937091  0.17045848 0.26298743 0.05703651
 0.34980214 0.19416709 0.25916198 0.17251721]",0.7452879,"[0.23818621 0.23236892 0.29370946 0.17045775 0.26298761 0.05703652
 0.34980232 0.19416599 0.25916258 0.17251755]",0.74528813,"[-1.78813934e-07  4.91738319e-07  3.57627869e-07 -7.30156898e-07
  1.78813934e-07  1.11758709e-08  1.78813934e-07 -1.10268593e-06
  5.96046448e-07  3.42726707e-07]",1.639369e-06,2.1730773e-07,1.6249026e-06,0.027976455118293345
8,21,0.75,0.01,60.0,False,42,default,6291456,6912870400,"[0.0007064  0.00068938 0.00069819 0.00071008 0.00977265 0.00073388
 0.00070786 0.00072073 0.00068306 0.00070978]","[0.0004375 0.0004625 0.000575  0.0004875 0.005775  0.0005125 0.00035
 0.0005375 0.0004375 0.000425 ]",0.004064692662534379,0.9991820146018109,0.0059472937,"[0.23818639 0.23236842 0.2937091  0.17045848 0.26298743 0.05703651
 0.34980214 0.19416709 0.25916198 0.17251721]",0.7452879,"[0.2381862  0.23236872 0.29370907 0.17045774 0.26298758 0.05703651
 0.34980211 0.19416599 0.25916034 0.17251755]",0.745287,"[-1.93715096e-07  2.98023224e-07 -2.98023224e-08 -7.45058060e-07
  1.49011612e-07 -3.72529030e-09 -2.98023224e-08 -1.10268593e-06
 -1.63912773e-06  3.42726707e-07]",2.173837e-06,8.907587e-07,1.9829565e-06,0.0
8,21,0.75,0.01,72.24092614791743,True,42,default,6291456,6912870400,"[0.00000000e+00 0.00000000e+00 0.00000000e+00 0.00000000e+00
 1.00000000e-02 0.00000000e+00 1.38777878e-19 0.00000000e+00
 0.00000000e+00 0.00000000e+00]",[0.   0.   0.   0.   0.01 0.   0.   0.   0.   0.  ],2.2351741811588166e-10,0.99999999,0.01,"[0.23818639 0.23236842 0.2937091  0.17045848 0.26298743 0.05703651
 0.34980214 0.19416709 0.25916198 0.17251721]",0.7452879,"[0.23818612 0.23236832 0.29370907 0.17045772 0.26298735 0.05703648
 0.34980217 0.19416602 0.25916079 0.17251731]",0.7452869,"[-2.68220901e-07 -1.04308128e-07 -2.98023224e-08 -7.59959221e-07
 -8.94069672e-08 -3.35276127e-08  2.98023224e-08 -1.07288361e-06
 -1.19209290e-06  1.04308128e-07]",1.8039677e-06,9.938286e-07,1.5055246e-06,0.027976455118293345
8,21,0.75,0.1,0.0,False,42,default,6291456,6912870400,"[0.03172963 0.03096498 0.03136076 0.03189467 0.03050151 0.03296362
 0.03179509 0.03237298 0.03068125 0.03188123]","[0.010625 0.0115   0.00875  0.010625 0.007125 0.01125  0.01025  0.009125
 0.01025  0.0105  ]",0.06844802496791243,0.9932301897534173,0.03186789,"[0.23818639 0.23236842 0.2937091  0.17045848 0.26298743 0.05703651
 0.34980214 0.19416709 0.25916198 0.17251721]",0.7452879,"[0.23818199 0.23236941 0.29371333 0.17045726 0.26298901 0.05703637
 0.34980574 0.19416706 0.25916529 0.17251934]",0.745292,"[-4.39584255e-06  9.83476639e-07  4.23192978e-06 -1.22189522e-06
  1.57952309e-06 -1.45286322e-07  3.60608101e-06 -2.98023224e-08
  3.30805779e-06  2.13086605e-06]",8.4081785e-06,4.164623e-06,7.3043393e-06,0.0
8,21,0.75,0.1,15.0,False,42,default,6291456,6912870400,"[0.02801828 0.02734307 0.02769256 0.02816401 0.05411077 0.02910793
 0.02807609 0.02858638 0.02709253 0.02815215]","[0.00975  0.010375 0.007625 0.0095   0.016625 0.0105   0.008125 0.0095
 0.00875  0.00925 ]",0.06767725538818847,0.9963534419442188,0.032498077,"[0.23818639 0.23236842 0.2937091  0.17045848 0.26298743 0.05703651
 0.34980214 0.19416709 0.25916198 0.17251721]",0.7452879,"[0.23818137 0.23236871 0.29371396 0.17045382 0.26298794 0.05703653
 0.3498067  0.19416636 0.25916594 0.17251801]",0.74529094,"[-5.02169132e-06  2.83122063e-07  4.85777855e-06 -4.66406345e-06
  5.06639481e-07  2.23517418e-08  4.55975533e-06 -7.30156898e-07
  3.96370888e-06  8.04662704e-07]",1.0420614e-05,3.026012e-06,9.971582e-06,0.027976455118293345
8,21,0.75,0.1,30.0,False,42,default,6291456,6912870400,"[0.02239753 0.02185777 0.02213715 0.02251403 0.07403246 0.02326859
 0.02244374 0.02285166 0.02165749 0.02250454]","[0.008125 0.0095   0.007375 0.008    0.026125 0.008875 0.007375 0.008
 0.008125 0.0085  ]",0.06414196933536369,0.9983130547084045,0.035952657,"[0.23818639 0.23236842 0.2937091  0.17045848 0.26298743 0.05703651
 0.34980214 0.19416709 0.25916198 0.17251721]",0.7452879,"[0.23818076 0.23237123 0.2937122  0.1704531  0.26298821 0.05703609
 0.34980562 0.19416657 0.25916219 0.17251815]",0.74528897,"[-5.63263893e-06  2.80141830e-06  3.09944153e-06 -5.37931919e-06
  7.74860382e-07 -4.24683094e-07  3.48687172e-06 -5.21540642e-07
  2.08616257e-07  9.38773155e-07]",9.604896e-06,1.0958879e-06,9.542173e-06,0.027976455118293345
8,21,0.75,0.1,45.0,False,42,default,6291456,6912870400,"[0.01525043 0.01488291 0.01507313 0.01532975 0.08890896 0.01584352
 0.01528189 0.01555964 0.01474654 0.01532329]","[0.006625 0.008125 0.007625 0.005125 0.039375 0.006    0.006125 0.00675
 0.007125 0.007125]",0.05582960800646908,0.9979696219115404,0.04433185,"[0.23818639 0.23236842 0.2937091  0.17045848 0.26298743 0.05703651
 0.34980214 0.19416709 0.25916198 0.17251721]",0.7452879,"[0.23818141 0.23236716 0.29370958 0.17045455 0.26298717 0.05703524
 0.34980428 0.19416443 0.25916287 0.17251743]",0.7452857,"[-4.97698784e-06 -1.26659870e-06  4.76837158e-07 -3.93390656e-06
 -2.68220901e-07 -1.27404928e-06  2.14576721e-06 -2.66730785e-06
  8.94069672e-07  2.23517418e-07]",7.5060634e-06,2.2146216e-06,7.17192e-06,0.0
8,21,0.75,0.1,60.0,False,42,default,6291456,6912870400,"[0.00706403 0.00689379 0.00698191 0.00710077 0.09772647 0.00733875
 0.0070786  0.00720726 0.00683062 0.00709778]","[0.004375 0.004625 0.00575  0.004875 0.05775  0.005125 0.0035   0.005375
 0.004375 0.00425 ]",0.04064692378787895,0.9991820161514025,0.05947294,"[0.23818639 0.23236842 0.2937091  0.17045848 0.26298743 0.05703651
 0.34980214 0.19416709 0.25916198 0.17251721]",0.7452879,"[0.23818094 0.23236986 0.29370782 0.17045476 0.26297995 0.0570354
 0.34980443 0.19416496 0.25916111 0.17251572]",0.7452824,"[-5.45382500e-06  1.43051147e-06 -1.28149986e-06 -3.72529030e-06
 -7.48038292e-06 -1.11013651e-06  2.29477882e-06 -2.13086605e-06
 -8.64267349e-07 -1.49011612e-06]",1.08292725e-05,5.5021196e-06,9.327369e-06,0.027976455118293345
8,21,0.75,0.1,72.24092614791743,True,42,default,6291456,6912870400,"[0.00000000e+00 0.00000000e+00 0.00000000e+00 0.00000000e+00
 1.00000000e-01 0.00000000e+00 1.38777878e-18 0.00000000e+00
 0.00000000e+00 0.00000000e+00]",[0.  0.  0.  0.  0.1 0.  0.  0.  0.  0. ],1.4901161138336505e-09,0.9999999999,0.1,"[0.23818639 0.23236842 0.2937091  0.17045848 0.26298743 0.05703651
 0.34980214 0.19416709 0.25916198 0.17251721]",0.7452879,"[0.23817962 0.23236667 0.29370311 0.17045261 0.26297945 0.057035
 0.3498019  0.19416313 0.2591612  0.17251225]",0.745276,"[-6.76512718e-06 -1.75833702e-06 -5.99026680e-06 -5.87105751e-06
 -7.98702240e-06 -1.50874257e-06 -2.38418579e-07 -3.96370888e-06
 -7.74860382e-07 -4.96208668e-06]",1.5042297e-05,1.1910204e-05,9.187911e-06,0.0
8,21,0.75,1.0,0.0,False,42,default,6291456,6912870400,"[0.31729634 0.30964984 0.31360762 0.31894669 0.30501512 0.32963621
 0.31795093 0.32372985 0.30681254 0.31881229]","[0.10625 0.115   0.0875  0.10625 0.07125 0.1125  0.1025  0.09125 0.1025
 0.105  ]",0.6844802531031154,0.99323017994963,0.31867892,"[0.23818639 0.23236842 0.2937091  0.17045848 0.26298743 0.05703651
 0.34980214 0.19416709 0.25916198 0.17251721]",0.7452879,"[0.2367001  0.23093668 0.29192203 0.16945241 0.26129863 0.05663546
 0.34773239 0.19300474 0.25757828 0.17148145]",0.7407408,"[-0.00148629 -0.00143175 -0.00178707 -0.00100607 -0.00168881 -0.00040105
 -0.00206974 -0.00116235 -0.0015837  -0.00103576]",0.004549003,0.0045470987,0.00013162199,0.0
8,21,0.75,1.0,15.0,False,42,default,6291456,6912870400,"[0.28018283 0.27343072 0.27692557 0.28164013 0.54110766 0.29107933
 0.28076085 0.28586382 0.27092529 0.28152146]","[0.0975     0.10375    0.07625    0.095      0.16625001 0.105
 0.08125    0.095      0.0875     0.0925    ]",0.676772552561674,0.9963534460251783,0.32498077,"[0.23818639 0.23236842 0.2937091  0.17045848 0.26298743 0.05703651
 0.34980214 0.19416709 0.25916198 0.17251721]",0.7452879,"[0.23695868 0.23123373 0.29226285 0.16963831 0.26164186 0.05672916
 0.34810337 0.19321637 0.25786254 0.17165913]",0.7415904,"[-0.00122771 -0.00113469 -0.00144625 -0.00082017 -0.00134557 -0.00030736
 -0.00169876 -0.00095072 -0.00129944 -0.00085808]",0.003698469,0.003697499,8.469804e-05,0.0
8,21,0.75,1.0,30.0,False,42,default,6291456,6912870400,"[0.22397531 0.21857774 0.22137149 0.22514027 0.7403246  0.23268586
 0.22443738 0.22851664 0.21657493 0.2250454 ]","[0.08125    0.095      0.07375    0.08       0.26124999 0.08875
 0.07375    0.08       0.08125    0.085     ]",0.6414196971872371,0.9983129615178367,0.3595266,"[0.23818639 0.23236842 0.2937091  0.17045848 0.26298743 0.05703651
 0.34980214 0.19416709 0.25916198 0.17251721]",0.7452879,"[0.23712248 0.23133723 0.29241127 0.16973928 0.26179129 0.05675856
 0.34836626 0.19335456 0.25802261 0.17177092]",0.7420525,"[-0.00106391 -0.00103119 -0.00129783 -0.0007192  -0.00119615 -0.00027795
 -0.00143588 -0.00081253 -0.00113937 -0.00074629]",0.0032375886,0.0032353941,0.00011919394,0.027976455118293345
8,21,0.75,1.0,45.0,False,42,default,6291456,6912870400,"[0.15250425 0.14882906 0.15073132 0.15329747 0.88908964 0.15843525
 0.15281887 0.15559643 0.14746535 0.15323287]","[0.06625    0.08125    0.07625    0.05125    0.39375001 0.06
 0.06125    0.0675     0.07125    0.07125   ]",0.5582961012946525,0.9979696414951275,0.44331846,"[0.23818639 0.23236842 0.2937091  0.17045848 0.26298743 0.05703651
 0.34980214 0.19416709 0.25916198 0.17251721]",0.7452879,"[0.23765218 0.23186399 0.29311734 0.17012636 0.26239267 0.05685101
 0.3490749  0.1937668  0.25860533 0.17214587]",0.7437015,"[-0.00053421 -0.00050443 -0.00059175 -0.00033212 -0.00059476 -0.0001855
 -0.00072724 -0.00040029 -0.00055665 -0.00037134]",0.0015891237,0.0015863711,9.349402e-05,0.027976455118293345
8,21,0.75,1.0,60.0,False,42,default,6291456,6912870400,"[0.07064028 0.06893792 0.06981905 0.0710077  0.9772647  0.07338753
 0.07078601 0.07207258 0.06830625 0.07097778]","[0.04375    0.04625    0.0575     0.04875    0.57749999 0.05125
 0.035      0.05375    0.04375    0.0425    ]",0.4064692311496683,0.9991820024080336,0.5947294,"[0.23818639 0.23236842 0.2937091  0.17045848 0.26298743 0.05703651
 0.34980214 0.19416709 0.25916198 0.17251721]",0.7452879,"[0.23787449 0.2321362  0.2934972  0.1703164  0.26271415 0.05692198
 0.34950575 0.19401979 0.25886497 0.17234378]",0.7445737,"[-0.0003119  -0.00023222 -0.00021189 -0.00014208 -0.00027329 -0.00011453
 -0.00029638 -0.0001473  -0.00029701 -0.00017343]",0.00072933576,0.0007141919,0.00014785325,0.0
8,21,0.75,1.0,72.24092614791743,True,42,default,6291456,6912870400,"[0.00000000e+00 0.00000000e+00 0.00000000e+00 0.00000000e+00
 1.00000000e+00 0.00000000e+00 1.38777878e-17 0.00000000e+00
 0.00000000e+00 0.00000000e+00]",[0. 0. 0. 0. 1. 0. 0. 0. 0. 0.],1.3877787807814457e-17,0.9999999999989999,1.0,"[0.23818639 0.23236842 0.2937091  0.17045848 0.26298743 0.05703651
 0.34980214 0.19416709 0.25916198 0.17251721]",0.7452879,"[0.23789388 0.23214254 0.29353675 0.17032677 0.2627317  0.05692694
 0.34944597 0.19401163 0.25890103 0.17235008]",0.7445902,"[-0.00029251 -0.00022589 -0.00017235 -0.00013171 -0.00025573 -0.00010958
 -0.00035617 -0.00015546 -0.00026095 -0.00016713]",0.00071280875,0.0006976791,0.00014608297,0.0
8,21,0.75,2.0,0.0,False,42,default,6291456,6912870400,"[0.63459269 0.61929967 0.62721524 0.63789338 0.61003025 0.65927242
 0.63590187 0.6474597  0.61362508 0.63762458]","[0.21250001 0.23       0.175      0.21250001 0.1425     0.22499999
 0.205      0.1825     0.205      0.20999999]",1.3689605062062309,0.9932301799519674,0.63735783,"[0.23818639 0.23236842 0.2937091  0.17045848 0.26298743 0.05703651
 0.34980214 0.19416709 0.25916198 0.17251721]",0.7452879,"[0.23956354 0.23383093 0.29578882 0.17158711 0.26473048 0.05738814
 0.35196665 0.19550146 0.26079589 0.17363085]",0.7500933,"[0.00137715 0.0014625  0.00207973 0.00112863 0.00174305 0.00035163
 0.00216451 0.00133437 0.00163391 0.00111364]",0.00481372,0.004805316,0.0002843171,0.0
8,21,0.75,2.0,15.0,False,42,default,6291456,6912870400,"[0.56036565 0.54686143 0.55385113 0.56328027 1.08221532 0.58215865
 0.5615217  0.57172764 0.54185058 0.56304291]","[0.19499999 0.2075     0.1525     0.19       0.33250001 0.20999999
 0.16249999 0.19       0.175      0.185     ]",1.353545105123348,0.9963534460274776,0.64996153,"[0.23818639 0.23236842 0.2937091  0.17045848 0.26298743 0.05703651
 0.34980214 0.19416709 0.25916198 0.17251721]",0.7452879,"[0.23859158 0.23285373 0.2943674  0.17085209 0.26351774 0.05721605
 0.35067388 0.19457212 0.2596857  0.17289005]",0.7469021,"[0.00040519 0.0004853  0.0006583  0.00039361 0.0005303  0.00017954
 0.00087175 0.00040503 0.00052372 0.00037284]",0.001624417,0.0016142208,0.00018172033,0.0
8,21,0.75,2.0,30.0,False,42,default,6291456,6912870400,"[0.44795063 0.43715549 0.44274298 0.45028054 1.4806492  0.46537173
 0.44887476 0.45703328 0.43314987 0.4500908 ]","[0.16249999 0.19       0.14749999 0.16       0.52249998 0.17749999
 0.14749999 0.16       0.16249999 0.17      ]",1.2828393943744743,0.9983129615199191,0.7190532,"[0.23818639 0.23236842 0.2937091  0.17045848 0.26298743 0.05703651
 0.34980214 0.19416709 0.25916198 0.17251721]",0.7452879,"[0.23764713 0.2319594  0.29321027 0.17021452 0.26253852 0.05691702
 0.34930414 0.1938026  0.25874066 0.17225298]",0.7440317,"[-0.00053926 -0.00040902 -0.00049883 -0.00024396 -0.00044891 -0.00011949
 -0.000498   -0.0003645  -0.00042132 -0.00026423]",0.0012690276,0.0012561651,0.00018022335,0.0
8,21,0.75,2.0,45.0,False,42,default,6291456,6912870400,"[0.3050085  0.29765812 0.30146263 0.30659494 1.77817929 0.31687049
 0.30563774 0.31119286 0.2949307  0.30646574]","[0.13249999 0.16249999 0.1525     0.1025     0.78750002 0.12
 0.1225     0.13500001 0.1425     0.1425    ]",1.116592202589305,0.9979696414968158,0.8866369,"[0.23818639 0.23236842 0.2937091  0.17045848 0.26298743 0.05703651
 0.34980214 0.19416709 0.25916198 0.17251721]",0.7452879,"[0.23784971 0.23216906 0.29335067 0.17031002 0.26263839 0.05696716
 0.34948841 0.19391203 0.25892362 0.17235623]",0.7444806,"[-3.36676836e-04 -1.99362636e-04 -3.58432531e-04 -1.48460269e-04
 -3.49044800e-04 -6.93537295e-05 -3.13729048e-04 -2.55063176e-04
 -2.38358974e-04 -1.60977244e-04]",0.000822475,0.00080728746,0.00015732755,0.0
8,21,0.75,2.0,60.0,False,42,default,6291456,6912870400,"[0.14128056 0.13787584 0.1396381  0.1420154  1.95452939 0.14677505
 0.14157202 0.14414516 0.1366125  0.14195555]","[0.0875     0.0925     0.115      0.0975     1.15499997 0.1025
 0.07       0.1075     0.0875     0.085     ]",0.8129384622993366,0.9991820024092936,1.1894588,"[0.23818639 0.23236842 0.2937091  0.17045848 0.26298743 0.05703651
 0.34980214 0.19416709 0.25916198 0.17251721]",0.7452879,"[0.23613608 0.23055713 0.29138321 0.16912407 0.26083666 0.05657566
 0.34696946 0.19261177 0.25709632 0.17114668]",0.73928165,"[-0.00205031 -0.0018113  -0.00232589 -0.00133441 -0.00215077 -0.00046086
 -0.00283268 -0.00155532 -0.00206566 -0.00137053]",0.006008464,0.0060062767,0.00016210326,0.0
8,21,0.75,2.0,72.24092614791743,True,42,default,6291456,6912870400,"[0.00000000e+00 0.00000000e+00 0.00000000e+00 0.00000000e+00
 2.00000000e+00 0.00000000e+00 2.77555756e-17 0.00000000e+00
 0.00000000e+00 0.00000000e+00]",[0. 0. 0. 0. 2. 0. 0. 0. 0. 0.],2.7755575615628914e-17,0.99999999999975,2.0,"[0.23818639 0.23236842 0.2937091  0.17045848 0.26298743 0.05703651
 0.34980214 0.19416709 0.25916198 0.17251721]",0.7452879,"[0.23689267 0.23126419 0.29225901 0.16967373 0.26164925 0.05672588
 0.34804899 0.19323374 0.25789681 0.1716399 ]",0.7415742,"[-0.00129372 -0.00110424 -0.00145009 -0.00078475 -0.00133818 -0.00031063
 -0.00175315 -0.00093335 -0.00126517 -0.00087731]",0.0037167023,0.003713689,0.00014962976,0.0
8,21,0.75,5.0,0.0,False,42,default,6291456,6912870400,"[1.58648171 1.54824918 1.5680381  1.59473345 1.52507562 1.64818106
 1.58975467 1.61864925 1.5340627  1.59406145]","[0.53125    0.57499999 0.4375     0.53125    0.35624999 0.5625
 0.51249999 0.45625001 0.51249999 0.52499998]",3.422401283349554,0.9932301312155988,1.5933946,"[0.23818639 0.23236842 0.2937091  0.17045848 0.26298743 0.05703651
 0.34980214 0.19416709 0.25916198 0.17251721]",0.7452879,"[0.25331345 0.24731067 0.31282103 0.18144807 0.28000966 0.06045294
 0.37241736 0.20668527 0.27587694 0.18364501]",0.79335856,"[0.01512706 0.01494224 0.01911193 0.01098959 0.01702222 0.00341643
 0.02261522 0.01251818 0.01671496 0.0111278 ]",0.04807218,0.04807051,0.00040143187,0.044234660174789026
8,21,0.75,5.0,15.0,False,42,default,6291456,6912870400,"[1.40091413 1.36715358 1.38462783 1.40820067 2.70553829 1.45539663
 1.40380425 1.42931909 1.35462646 1.40760728]","[0.48749998 0.51875001 0.38125002 0.47499999 0.83125001 0.52499998
 0.40625    0.47499999 0.4375     0.46250001]",3.3838627566758617,0.9963533950267035,1.6249039,"[0.23818639 0.23236842 0.2937091  0.17045848 0.26298743 0.05703651
 0.34980214 0.19416709 0.25916198 0.17251721]",0.7452879,"[0.25112754 0.24512099 0.31010139 0.17981426 0.27740628 0.06004872
 0.36903921 0.20491071 0.27326974 0.18198243]",0.7862428,"[0.01294115 0.01275256 0.01639229 0.00935578 0.01441884 0.00301221
 0.01923707 0.01074362 0.01410776 0.00946522]",0.04095638,0.040954843,0.00035445846,0.03426402009603798
8,21,0.75,5.0,30.0,False,42,default,6291456,6912870400,"[1.11987656 1.09288872 1.10685746 1.12570135 3.701623   1.16342932
 1.1221869  1.1425832  1.08287467 1.125227  ]","[0.40625    0.47499999 0.36874998 0.39999998 1.30624998 0.44374999
 0.36874998 0.39999998 0.40625    0.42500001]",3.2070984642059055,0.9983130233868871,1.7976329,"[0.23818639 0.23236842 0.2937091  0.17045848 0.26298743 0.05703651
 0.34980214 0.19416709 0.25916198 0.17251721]",0.7452879,"[0.25064218 0.24472895 0.30916533 0.1793979  0.27703428 0.05990074
 0.36846194 0.20440955 0.27290475 0.18154743]",0.7847296,"[0.01245579 0.01236053 0.01545623 0.00893942 0.01404685 0.00286423
 0.0186598  0.01024246 0.01374277 0.00903022]",0.039443128,0.039441675,0.00033862182,0.027976455118293345
8,21,0.75,5.0,45.0,False,42,default,6291456,6912870400,"[0.76252126 0.7441453  0.75365658 0.76648734 4.44544822 0.79217623
 0.76409436 0.77798215 0.73732676 0.76616436]","[0.33124998 0.40625    0.38125002 0.25624999 1.96875    0.29999998
 0.30625001 0.33750001 0.35624999 0.35624999]",2.791480561503152,0.9979696035952903,2.2165923,"[0.23818639 0.23236842 0.2937091  0.17045848 0.26298743 0.05703651
 0.34980214 0.19416709 0.25916198 0.17251721]",0.7452879,"[0.25062111 0.24458146 0.30932814 0.17941372 0.27688175 0.05989607
 0.36834607 0.2044189  0.27271375 0.18157162]",0.7845777,"[0.01243472 0.01221304 0.01561904 0.00895524 0.01389432 0.00285956
 0.01854393 0.01025181 0.01355177 0.00905441]",0.03929084,0.039289787,0.0002878702,0.027976455118293345
8,21,0.75,5.0,60.0,False,42,default,6291456,6912870400,"[0.35320139 0.34468961 0.34909525 0.35503849 4.88632348 0.36693763
 0.35393005 0.36036291 0.34153125 0.35488888]","[0.21875    0.23125    0.28749999 0.24374999 2.88749981 0.25624999
 0.175      0.26875001 0.21875    0.21250001]",2.032346272792552,0.9991819632330426,2.973647,"[0.23818639 0.23236842 0.2937091  0.17045848 0.26298743 0.05703651
 0.34980214 0.19416709 0.25916198 0.17251721]",0.7452879,"[0.24642572 0.2405996  0.30421835 0.17651249 0.27246264 0.05896867
 0.36259618 0.20108293 0.26834321 0.17866179]",0.7719267,"[0.00823933 0.00823118 0.01050925 0.00605401 0.0094752  0.00193216
 0.01279405 0.00691584 0.00918123 0.00614458]",0.026642341,0.02663874,0.00043798232,0.027976455118293345
8,21,0.75,5.0,72.24092614791743,True,42,default,6291456,6912870400,"[0.0000000e+00 0.0000000e+00 0.0000000e+00 0.0000000e+00 5.0000000e+00
 0.0000000e+00 6.9388939e-17 0.0000000e+00 0.0000000e+00 0.0000000e+00]",[0. 0. 0. 0. 5. 0. 0. 0. 0. 0.],6.938893903907228e-17,0.99999999999996,5.0,"[0.23818639 0.23236842 0.2937091  0.17045848 0.26298743 0.05703651
 0.34980214 0.19416709 0.25916198 0.17251721]",0.7452879,"[0.24272402 0.23683645 0.29953912 0.17377774 0.26813668 0.05814554
 0.35658044 0.19799227 0.26414722 0.17586139]",0.75977534,"[0.00453763 0.00446802 0.00583002 0.00331926 0.00514925 0.00110903
 0.0067783  0.00382517 0.00498524 0.00334418]",0.01448855,0.014487417,0.00018109885,0.0
8,57,0.9,0.01,0.0,False,42,default,6291456,6912870400,"[0.00303245 0.00309769 0.00311524 0.00331221 0.00321059 0.00304503
 0.00307618 0.00314232 0.00325966 0.00331519]","[0.001025  0.00115   0.000875  0.0010875 0.0007625 0.00105   0.0009625
 0.0009125 0.001025  0.00115  ]",0.006847350135363995,0.9932853043172752,0.003183944,"[0.28567234 0.27956399 0.35393432 0.20495327 0.31622326 0.06814861
 0.42030182 0.23359138 0.3119857  0.20710647]",0.8961742,"[0.2856721  0.27956405 0.35393432 0.2049531  0.31622308 0.06814861
 0.42030171 0.23359118 0.31198561 0.20710647]",0.8961739,"[-2.38418579e-07  5.96046448e-08  0.00000000e+00 -1.63912773e-07
 -1.78813934e-07  0.00000000e+00 -1.19209290e-07 -1.93715096e-07
 -8.94069672e-08  0.00000000e+00]",4.2304603e-07,2.9551578e-07,3.027183e-07,0.0
8,57,0.9,0.01,15.0,False,42,default,6291456,6912870400,"[0.00539544 0.002737   0.00275251 0.00292654 0.00283676 0.00269048
 0.002718   0.00277643 0.00288011 0.00292918]","[0.001975  0.000775  0.000875  0.0008875 0.000925  0.0009125 0.000825
 0.0008875 0.00095   0.0009875]",0.006685400395719812,0.9969162781526657,0.0033299772,"[0.28567234 0.27956399 0.35393432 0.20495327 0.31622326 0.06814861
 0.42030182 0.23359138 0.3119857  0.20710647]",0.8961742,"[0.2856721  0.2795639  0.35393444 0.20495301 0.31622294 0.06814861
 0.42030168 0.23359117 0.31198579 0.20710647]",0.89617383,"[-2.38418579e-07 -8.94069672e-08  1.19209290e-07 -2.53319740e-07
 -3.27825546e-07  0.00000000e+00 -1.49011612e-07 -2.08616257e-07
  8.94069672e-08  0.00000000e+00]",5.6956753e-07,3.2355786e-07,4.6874032e-07,0.0
8,57,0.9,0.01,30.0,False,42,default,6291456,6912870400,"[0.00739074 0.00218979 0.0022022  0.00234144 0.0022696  0.00215257
 0.00217459 0.00222134 0.00230429 0.00234355]","[0.00275   0.0008    0.000775  0.0007375 0.0008875 0.0008375 0.0006875
 0.0008125 0.0008625 0.00085  ]",0.006342144437734651,0.9986916401155426,0.0036654214,"[0.28567234 0.27956399 0.35393432 0.20495327 0.31622326 0.06814861
 0.42030182 0.23359138 0.3119857  0.20710647]",0.8961742,"[0.28567231 0.27956393 0.35393396 0.204953   0.31622291 0.06814861
 0.42030096 0.23359142 0.3119857  0.20710659]",0.8961735,"[-2.98023224e-08 -5.96046448e-08 -3.57627869e-07 -2.68220901e-07
 -3.57627869e-07  0.00000000e+00 -8.64267349e-07  4.47034836e-08
  0.00000000e+00  1.19209290e-07]",1.0465878e-06,7.230052e-07,7.567097e-07,0.0
8,57,0.9,0.01,45.0,False,42,default,6291456,6912870400,"[0.00888237 0.00149335 0.00150181 0.00159677 0.00154778 0.00146797
 0.00148298 0.00151486 0.00157143 0.00159821]","[0.004075  0.000475  0.000675  0.000725  0.00075   0.00055   0.000575
 0.0006625 0.00075   0.0007625]",0.005476740730961709,0.9982564795028346,0.004537724,"[0.28567234 0.27956399 0.35393432 0.20495327 0.31622326 0.06814861
 0.42030182 0.23359138 0.3119857  0.20710647]",0.8961742,"[0.28567249 0.27956372 0.35393405 0.2049529  0.31622273 0.06814861
 0.42030159 0.23359142 0.31198579 0.2071065 ]",0.89617366,"[ 1.49011612e-07 -2.68220901e-07 -2.68220901e-07 -3.72529030e-07
 -5.36441803e-07  7.45058060e-09 -2.38418579e-07  4.47034836e-08
  8.94069672e-08  2.98023224e-08]",8.1265995e-07,4.7817394e-07,6.570889e-07,0.0
8,57,0.9,0.01,60.0,False,42,default,6291456,6912870400,"[0.00976869 0.00069514 0.00069908 0.00074328 0.00072048 0.00068332
 0.00069031 0.00070515 0.00073149 0.00074395]","[0.006     0.0005875 0.0002875 0.00045   0.000425  0.0004875 0.0003
 0.0005625 0.00045   0.00045  ]",0.0038644532737820963,0.9989033010901006,0.006153048,"[0.28567234 0.27956399 0.35393432 0.20495327 0.31622326 0.06814861
 0.42030182 0.23359138 0.3119857  0.20710647]",0.8961742,"[0.2856724  0.27956367 0.35393405 0.20495279 0.31622264 0.06814861
 0.42030147 0.23359141 0.31198588 0.2071065 ]",0.8961736,"[ 5.96046448e-08 -3.27825546e-07 -2.68220901e-07 -4.76837158e-07
 -6.25848770e-07  7.45058060e-09 -3.57627869e-07  2.98023224e-08
  1.78813934e-07  2.98023224e-08]",9.816971e-07,6.093385e-07,7.6969854e-07,0.019782341029446364
8,57,0.9,0.01,72.3474159995346,True,42,default,6291456,6912870400,[0.01 0.   0.   0.   0.   0.   0.   0.   0.   0.  ],[0.01 0.   0.   0.   0.   0.   0.   0.   0.   0.  ],2.2351741811588166e-10,0.99999999,0.01,"[0.28567234 0.27956399 0.35393432 0.20495327 0.31622326 0.06814861
 0.42030182 0.23359138 0.3119857  0.20710647]",0.8961742,"[0.28567231 0.27956358 0.3539339  0.20495273 0.31622291 0.06814861
 0.42030096 0.23359145 0.31198573 0.20710665]",0.8961733,"[-2.98023224e-08 -4.17232513e-07 -4.17232513e-07 -5.36441803e-07
 -3.57627869e-07  7.45058060e-09 -8.64267349e-07  7.45058060e-08
  2.98023224e-08  1.78813934e-07]",1.2450497e-06,8.869655e-07,8.7375116e-07,0.019782341029446364
8,57,0.9,0.1,0.0,False,42,default,6291456,6912870400,"[0.03032446 0.0309769  0.03115238 0.03312211 0.03210594 0.03045035
 0.03076183 0.03142319 0.03259662 0.03315195]","[0.01025  0.0115   0.00875  0.010875 0.007625 0.0105   0.009625 0.009125
 0.01025  0.0115  ]",0.06847350056337938,0.9932852866824748,0.03183944,"[0.28567234 0.27956399 0.35393432 0.20495327 0.31622326 0.06814861
 0.42030182 0.23359138 0.3119857  0.20710647]",0.8961742,"[0.2856887  0.27957094 0.35394791 0.20496128 0.31623703 0.06815026
 0.42031762 0.23359808 0.31199715 0.20711644]",0.8962092,"[1.63614750e-05 6.94394112e-06 1.35898590e-05 8.01682472e-06
 1.37686729e-05 1.65402889e-06 1.57952309e-05 6.70552254e-06
 1.14440918e-05 9.96887684e-06]",3.5804766e-05,3.5010064e-05,7.5017942e-06,0.0
8,57,0.9,0.1,15.0,False,42,default,6291456,6912870400,"[0.05395437 0.02737001 0.02752506 0.02926544 0.02836759 0.02690477
 0.02717999 0.02776434 0.02880114 0.0292918 ]","[0.01975  0.00775  0.00875  0.008875 0.00925  0.009125 0.00825  0.008875
 0.0095   0.009875]",0.06685400146645008,0.996916201819962,0.033299778,"[0.28567234 0.27956399 0.35393432 0.20495327 0.31622326 0.06814861
 0.42030182 0.23359138 0.3119857  0.20710647]",0.8961742,"[0.2856895  0.27957118 0.35394469 0.20495999 0.31623739 0.06815035
 0.42031971 0.2336046  0.31200081 0.20711716]",0.8962122,"[1.71661377e-05 7.18235970e-06 1.03712082e-05 6.72042370e-06
 1.41263008e-05 1.74343586e-06 1.78813934e-05 1.32173300e-05
 1.51097775e-05 1.06841326e-05]",3.9223447e-05,3.8023434e-05,9.627931e-06,0.0
8,57,0.9,0.1,30.0,False,42,default,6291456,6912870400,"[0.07390739 0.02189791 0.02202195 0.02341438 0.02269604 0.02152568
 0.02174587 0.0222134  0.02304291 0.02343547]","[0.0275   0.008    0.00775  0.007375 0.008875 0.008375 0.006875 0.008125
 0.008625 0.0085  ]",0.06342144229412418,0.9986916862641104,0.036654215,"[0.28567234 0.27956399 0.35393432 0.20495327 0.31622326 0.06814861
 0.42030182 0.23359138 0.3119857  0.20710647]",0.8961742,"[0.28568435 0.27957058 0.35394317 0.20496009 0.31623814 0.06815
 0.42031452 0.23359787 0.31200078 0.20711745]",0.8962059,"[1.20103359e-05 6.58631325e-06 8.85128975e-06 6.82473183e-06
 1.48713589e-05 1.39325857e-06 1.26957893e-05 6.49690628e-06
 1.50799751e-05 1.09821558e-05]",3.297051e-05,3.1728607e-05,8.96383e-06,0.019782341029446364
8,57,0.9,0.1,45.0,False,42,default,6291456,6912870400,"[0.08882374 0.01493349 0.01501809 0.01596767 0.01547779 0.01467965
 0.01482981 0.01514864 0.01571434 0.01598205]","[0.04075  0.00475  0.00675  0.00725  0.0075   0.0055   0.00575  0.006625
 0.0075   0.007625]",0.05476740712355102,0.9982565054356897,0.04537724,"[0.28567234 0.27956399 0.35393432 0.20495327 0.31622326 0.06814861
 0.42030182 0.23359138 0.3119857  0.20710647]",0.8961742,"[0.28568429 0.27957052 0.35394293 0.20496118 0.31623605 0.06815052
 0.42031902 0.23359887 0.31200024 0.20711638]",0.8962073,"[1.19507313e-05 6.52670860e-06 8.61287117e-06 7.91251659e-06
 1.27851963e-05 1.91479921e-06 1.71959400e-05 7.49528408e-06
 1.45435333e-05 9.90927219e-06]",3.392525e-05,3.308525e-05,7.5025932e-06,0.0
8,57,0.9,0.1,60.0,False,42,default,6291456,6912870400,"[0.09768689 0.00695139 0.00699076 0.00743278 0.00720475 0.00683323
 0.00690313 0.00705154 0.00731486 0.00743948]","[0.06     0.005875 0.002875 0.0045   0.00425  0.004875 0.003    0.005625
 0.0045   0.0045  ]",0.038644530847185624,0.9989033180154955,0.061530482,"[0.28567234 0.27956399 0.35393432 0.20495327 0.31622326 0.06814861
 0.42030182 0.23359138 0.3119857  0.20710647]",0.8961742,"[0.28568584 0.27956825 0.35394052 0.20495917 0.31623256 0.06814947
 0.42031178 0.23359643 0.31199983 0.20711288]",0.89619935,"[1.35004520e-05 4.26173210e-06 6.19888306e-06 5.90085983e-06
 9.29832458e-06 8.64267349e-07 9.95397568e-06 5.05149364e-06
 1.41263008e-05 6.40749931e-06]",2.6945952e-05,2.5161038e-05,9.643984e-06,0.0
8,57,0.9,0.1,72.3474159995346,True,42,default,6291456,6912870400,[0.1 0.  0.  0.  0.  0.  0.  0.  0.  0. ],[0.1 0.  0.  0.  0.  0.  0.  0.  0.  0. ],1.4901161138336505e-09,0.9999999999,0.1,"[0.28567234 0.27956399 0.35393432 0.20495327 0.31622326 0.06814861
 0.42030182 0.23359138 0.3119857  0.20710647]",0.8961742,"[0.28568098 0.27957311 0.35394907 0.20496017 0.31622994 0.06815387
 0.42030889 0.2335982  0.31199318 0.20711434]",0.89619946,"[8.64267349e-06 9.11951065e-06 1.47521496e-05 6.89923763e-06
 6.67572021e-06 5.26010990e-06 7.06315041e-06 6.82473183e-06
 7.48038292e-06 7.86781311e-06]",2.663915e-05,2.5273392e-05,8.420214e-06,0.0
8,57,0.9,1.0,0.0,False,42,default,6291456,6912870400,"[0.30324457 0.30976899 0.31152375 0.3312211  0.32105944 0.30450349
 0.30761833 0.31423193 0.32596624 0.33151949]","[0.1025  0.115   0.0875  0.10875 0.07625 0.105   0.09625 0.09125 0.1025
 0.115  ]",0.6847350118522216,0.9932853373188174,0.3183944,"[0.28567234 0.27956399 0.35393432 0.20495327 0.31622326 0.06814861
 0.42030182 0.23359138 0.3119857  0.20710647]",0.8961742,"[0.2854203  0.27915955 0.35329238 0.20466815 0.31578678 0.068054
 0.41979331 0.23320684 0.31158444 0.2068159 ]",0.8949422,"[-2.52038240e-04 -4.04447317e-04 -6.41942024e-04 -2.85118818e-04
 -4.36484814e-04 -9.46074724e-05 -5.08517027e-04 -3.84539366e-04
 -4.01258469e-04 -2.90572643e-04]",0.001253736,0.0012320224,0.00023232376,0.027976455118293345
8,57,0.9,1.0,15.0,False,42,default,6291456,6912870400,"[0.53954373 0.27370013 0.27525057 0.2926544  0.28367595 0.26904774
 0.27179989 0.27764342 0.2880114  0.29291804]","[0.19750001 0.0775     0.0875     0.08875    0.0925     0.09125
 0.0825     0.08875    0.095      0.09875   ]",0.668540024268268,0.9969161958763497,0.33299777,"[0.28567234 0.27956399 0.35393432 0.20495327 0.31622326 0.06814861
 0.42030182 0.23359138 0.3119857  0.20710647]",0.8961742,"[0.28537354 0.27910337 0.3532024  0.2046247  0.31568006 0.06804225
 0.41972446 0.23315059 0.31150422 0.20676482]",0.89473903,"[-0.0002988  -0.00046062 -0.00073192 -0.00032857 -0.00054321 -0.00010636
 -0.00057736 -0.00044079 -0.00048149 -0.00034165]",0.001458663,0.0014351596,0.0002607967,0.019782341029446364
8,57,0.9,1.0,30.0,False,42,default,6291456,6912870400,"[0.73907388 0.21897906 0.22021952 0.23414379 0.22696041 0.21525682
 0.21745873 0.22213397 0.23042907 0.23435472]","[0.27500001 0.08       0.0775     0.07375    0.08875    0.08375
 0.06875    0.08125    0.08625    0.085     ]",0.6342144350633948,0.998691714149218,0.36654213,"[0.28567234 0.27956399 0.35393432 0.20495327 0.31622326 0.06814861
 0.42030182 0.23359138 0.3119857  0.20710647]",0.8961742,"[0.2853736  0.27914244 0.35326004 0.20464976 0.31572902 0.06804058
 0.41975668 0.23318979 0.31151891 0.20677668]",0.8948301,"[-0.00029874 -0.00042155 -0.00067428 -0.00030351 -0.00049424 -0.00010803
 -0.00054514 -0.00040159 -0.00046679 -0.00032979]",0.0013619018,0.0013441216,0.000219348,0.019782341029446364
8,57,0.9,1.0,45.0,False,42,default,6291456,6912870400,"[0.88823737 0.14933493 0.15018087 0.15967667 0.15477789 0.14679651
 0.14829813 0.15148645 0.15714338 0.15982051]","[0.4075  0.0475  0.0675  0.0725  0.075   0.055   0.0575  0.06625 0.075
 0.07625]",0.5476740776000313,0.9982565569460123,0.45377237,"[0.28567234 0.27956399 0.35393432 0.20495327 0.31622326 0.06814861
 0.42030182 0.23359138 0.3119857  0.20710647]",0.8961742,"[0.28542891 0.27922103 0.35344344 0.20471273 0.31583935 0.06805643
 0.41983876 0.23329988 0.31161612 0.20682849]",0.8951122,"[-2.43425369e-04 -3.42965126e-04 -4.90874052e-04 -2.40534544e-04
 -3.83913517e-04 -9.21785831e-05 -4.63068485e-04 -2.91496515e-04
 -3.69578600e-04 -2.77981162e-04]",0.0010699749,0.0010619976,0.00013041156,0.0
8,57,0.9,1.0,60.0,False,42,default,6291456,6912870400,"[0.97686894 0.06951387 0.06990765 0.07432784 0.07204751 0.06833226
 0.06903125 0.07051538 0.07314862 0.0743948 ]","[0.60000002 0.05875    0.02875    0.045      0.0425     0.04875
 0.03       0.05625    0.045      0.045     ]",0.3864453090531217,0.9989033049560286,0.6153048,"[0.28567234 0.27956399 0.35393432 0.20495327 0.31622326 0.06814861
 0.42030182 0.23359138 0.3119857  0.20710647]",0.8961742,"[0.28541404 0.27922437 0.35350937 0.20472351 0.3158184  0.06805128
 0.41972658 0.23335405 0.31156516 0.20683654]",0.89507484,"[-2.58296728e-04 -3.39627266e-04 -4.24951315e-04 -2.29761004e-04
 -4.04864550e-04 -9.73269343e-05 -5.75244427e-04 -2.37330794e-04
 -4.20540571e-04 -2.69934535e-04]",0.0011071479,0.0010993553,0.0001311286,0.019782341029446364
8,57,0.9,1.0,72.3474159995346,True,42,default,6291456,6912870400,[1. 0. 0. 0. 0. 0. 0. 0. 0. 0.],[1. 0. 0. 0. 0. 0. 0. 0. 0. 0.],0.0,0.9999999999989999,1.0,"[0.28567234 0.27956399 0.35393432 0.20495327 0.31622326 0.06814861
 0.42030182 0.23359138 0.3119857  0.20710647]",0.8961742,"[0.28517678 0.27905574 0.35336101 0.20459123 0.31561953 0.06801601
 0.41948092 0.23319565 0.31140822 0.20672752]",0.8945486,"[-0.00049555 -0.00050825 -0.00057331 -0.00036204 -0.00060374 -0.00013259
 -0.0008209  -0.00039573 -0.00057748 -0.00037895]",0.0016288934,0.0016256156,0.00010328499,0.0
8,57,0.9,2.0,0.0,False,42,default,6291456,6912870400,"[0.60648913 0.61953797 0.6230475  0.6624422  0.64211889 0.60900698
 0.61523665 0.62846387 0.65193247 0.66303897]","[0.205      0.23       0.175      0.2175     0.1525     0.20999999
 0.1925     0.1825     0.205      0.23      ]",1.3694700237044433,0.993285337321157,0.6367888,"[0.28567234 0.27956399 0.35393432 0.20495327 0.31622326 0.06814861
 0.42030182 0.23359138 0.3119857  0.20710647]",0.8961742,"[0.28572968 0.27953199 0.35367262 0.20489733 0.31611297 0.06814731
 0.42024386 0.23349966 0.3120324  0.20706591]",0.89598316,"[ 5.73396683e-05 -3.20076942e-05 -2.61694193e-04 -5.59389591e-05
 -1.10298395e-04 -1.29640102e-06 -5.79655170e-05 -9.17166471e-05
  4.67002392e-05 -4.05609608e-05]",0.00032201057,0.0001910794,0.00025919007,0.019782341029446364
8,57,0.9,2.0,15.0,False,42,default,6291456,6912870400,"[1.07908746 0.54740026 0.55050114 0.58530881 0.5673519  0.53809548
 0.54359977 0.55528684 0.57602281 0.58583609]","[0.39500001 0.155      0.175      0.17749999 0.185      0.1825
 0.16500001 0.17749999 0.19       0.19750001]",1.337080048536536,0.9969161958785949,0.66599554,"[0.28567234 0.27956399 0.35393432 0.20495327 0.31622326 0.06814861
 0.42030182 0.23359138 0.3119857  0.20710647]",0.8961742,"[0.28577593 0.2795797  0.35373512 0.20492478 0.31617597 0.06813983
 0.42021963 0.233513   0.31207326 0.20708716]",0.8960766,"[ 1.03592873e-04  1.57058239e-05 -1.99198723e-04 -2.84910202e-05
 -4.72962856e-05 -8.77678394e-06 -8.21948051e-05 -7.83801079e-05
  8.75592232e-05 -1.93119049e-05]",0.00027335505,9.758196e-05,0.0002553444,0.0
8,57,0.9,2.0,30.0,False,42,default,6291456,6912870400,"[1.47814776 0.43795812 0.44043904 0.46828758 0.45392081 0.43051365
 0.43491747 0.44426793 0.46085814 0.46870945]","[0.55000001 0.16       0.155      0.14749999 0.17749999 0.1675
 0.1375     0.16249999 0.1725     0.17      ]",1.2684288701267896,0.9986917141512613,0.73308426,"[0.28567234 0.27956399 0.35393432 0.20495327 0.31622326 0.06814861
 0.42030182 0.23359138 0.3119857  0.20710647]",0.8961742,"[0.28554267 0.27938917 0.3535091  0.2047729  0.31581178 0.06810402
 0.419788   0.23333925 0.31181997 0.20694117]",0.895318,"[-1.29669905e-04 -1.74820423e-04 -4.25219536e-04 -1.80363655e-04
 -4.11480665e-04 -4.45842743e-05 -5.13821840e-04 -2.52127647e-04
 -1.65730715e-04 -1.65298581e-04]",0.00090243825,0.0008562351,0.00028505494,0.019782341029446364
8,57,0.9,2.0,45.0,False,42,default,6291456,6912870400,"[1.77647473 0.29866986 0.30036175 0.31935334 0.30955577 0.29359303
 0.29659626 0.3029729  0.31428676 0.31964103]","[0.815      0.095      0.13500001 0.145      0.15000001 0.11
 0.115      0.13249999 0.15000001 0.1525    ]",1.0953481552000626,0.9982565569476622,0.90754473,"[0.28567234 0.27956399 0.35393432 0.20495327 0.31622326 0.06814861
 0.42030182 0.23359138 0.3119857  0.20710647]",0.8961742,"[0.2855396  0.27934754 0.35351518 0.20476644 0.31592909 0.06809609
 0.42001507 0.23337211 0.31179935 0.20697287]",0.8954609,"[-1.32739544e-04 -2.16454268e-04 -4.19139862e-04 -1.86830759e-04
 -2.94178724e-04 -5.25191426e-05 -2.86757946e-04 -2.19270587e-04
 -1.86353922e-04 -1.33603811e-04]",0.0007397588,0.00071329024,0.00019611265,0.0
8,57,0.9,2.0,60.0,False,42,default,6291456,6912870400,"[1.95373789 0.13902774 0.1398153  0.14865569 0.14409502 0.13666453
 0.1380625  0.14103076 0.14629724 0.1487896 ]","[1.20000005 0.1175     0.0575     0.09       0.085      0.0975
 0.06       0.1125     0.09       0.09      ]",0.7728906181062434,0.9989033049572461,1.2306097,"[0.28567234 0.27956399 0.35393432 0.20495327 0.31622326 0.06814861
 0.42030182 0.23359138 0.3119857  0.20710647]",0.8961742,"[0.28531957 0.27909395 0.3532277  0.20460381 0.31566578 0.06804779
 0.41967255 0.233193   0.31143028 0.20676412]",0.8946803,"[-0.00035277 -0.00047004 -0.00070661 -0.00034946 -0.00055748 -0.00010081
 -0.00062928 -0.00039838 -0.00055543 -0.00034235]",0.0015060422,0.0014938993,0.00019086152,0.019782341029446364
8,57,0.9,2.0,72.3474159995346,True,42,default,6291456,6912870400,[2. 0. 0. 0. 0. 0. 0. 0. 0. 0.],[2. 0. 0. 0. 0. 0. 0. 0. 0. 0.],0.0,0.99999999999975,2.0,"[0.28567234 0.27956399 0.35393432 0.20495327 0.31622326 0.06814861
 0.42030182 0.23359138 0.3119857  0.20710647]",0.8961742,"[0.28486344 0.27877638 0.352997   0.20434006 0.31525147 0.0678781
 0.41892642 0.23295473 0.3110773  0.20653579]",0.89353764,"[-0.00080889 -0.00078762 -0.00093731 -0.00061321 -0.00097179 -0.0002705
 -0.00137541 -0.00063665 -0.0009084  -0.00057068]",0.0026447568,0.0026365826,0.00020777524,0.019782341029446364
8,57,0.9,5.0,0.0,False,42,default,6291456,6912870400,"[1.51622284 1.54884493 1.55761876 1.6561055  1.60529722 1.52251746
 1.53809163 1.57115967 1.62983118 1.65759743]","[0.51249999 0.57499999 0.4375     0.54374999 0.38125002 0.52499998
 0.48124999 0.45625001 0.51249999 0.57499999]",3.423675076549655,0.9932853067162326,1.591972,"[0.28567234 0.27956399 0.35393432 0.20495327 0.31622326 0.06814861
 0.42030182 0.23359138 0.3119857  0.20710647]",0.8961742,"[0.28883046 0.2825399  0.35774794 0.2070149  0.31939143 0.06886561
 0.42448345 0.23601134 0.31509528 0.20927502]",0.905435,"[0.00315812 0.00297591 0.00381362 0.00206164 0.00316817 0.00071701
 0.00418162 0.00241996 0.00310957 0.00216855]",0.009267658,0.009260765,0.00035739236,0.0
8,57,0.9,5.0,15.0,False,42,default,6291456,6912870400,"[2.69771865 1.36850064 1.37625286 1.46327201 1.41837974 1.34523869
 1.35899944 1.3882171  1.44005702 1.46459022]","[0.98750001 0.38749999 0.4375     0.44374999 0.46250001 0.45625001
 0.41250002 0.44374999 0.47499999 0.49375001]",3.342700126922616,0.9969162458227798,1.6649888,"[0.28567234 0.27956399 0.35393432 0.20495327 0.31622326 0.06814861
 0.42030182 0.23359138 0.3119857  0.20710647]",0.8961742,"[0.28849247 0.28217706 0.35694739 0.2067066  0.31894737 0.06881513
 0.42404822 0.23556425 0.31482998 0.20893148]",0.90417445,"[0.00282013 0.00261307 0.00301307 0.00175333 0.00272411 0.00066652
 0.00374639 0.00197287 0.00284427 0.001825  ]",0.0080092,0.008000217,0.0003792265,0.0
8,57,0.9,5.0,30.0,False,42,default,6291456,6912870400,"[3.6953694  1.09489529 1.10109761 1.17071896 1.13480203 1.07628412
 1.08729367 1.11066983 1.15214536 1.17177362]","[1.375      0.39999998 0.38749999 0.36874998 0.44374999 0.41875002
 0.34375    0.40625    0.43125001 0.42500001]",3.1710721974470713,0.9986917834202818,1.8327105,"[0.28567234 0.27956399 0.35393432 0.20495327 0.31622326 0.06814861
 0.42030182 0.23359138 0.3119857  0.20710647]",0.8961742,"[0.29097882 0.28472453 0.36038092 0.20866269 0.32193008 0.06931639
 0.42774567 0.23788826 0.31771263 0.21088949]",0.91245157,"[0.00530648 0.00516054 0.0064466  0.00370942 0.00570682 0.00116778
 0.00744385 0.00429688 0.00572693 0.00378302]",0.016279524,0.016277354,0.0002658131,0.019782341029446364
8,57,0.9,5.0,45.0,False,42,default,6291456,6912870400,"[4.44118683 0.74667464 0.75090437 0.79838334 0.77388943 0.73398257
 0.74149064 0.75743224 0.78571689 0.79910257]","[2.0374999  0.2375     0.33750001 0.36249998 0.375      0.27500001
 0.28749999 0.33124998 0.375      0.38125002]",2.7383704715263577,0.9982565459061914,2.2688618,"[0.28567234 0.27956399 0.35393432 0.20495327 0.31622326 0.06814861
 0.42030182 0.23359138 0.3119857  0.20710647]",0.8961742,"[0.28928712 0.28299284 0.35819781 0.2073735  0.31985667 0.06883301
 0.42501464 0.23635924 0.31562656 0.2094723 ]",0.9067136,"[0.00361478 0.00342885 0.00426349 0.00242023 0.00363341 0.0006844
 0.00471282 0.00276786 0.00364086 0.00236583]",0.01054767,0.010539351,0.00041878433,0.0
8,57,0.9,5.0,60.0,False,42,default,6291456,6912870400,"[4.88434472 0.34756935 0.34953824 0.37163921 0.36023755 0.34166132
 0.34515625 0.3525769  0.36574311 0.37197401]","[3.         0.29374999 0.14375    0.22500001 0.21250001 0.24374999
 0.14999999 0.28125    0.22500001 0.22500001]",1.9322266624317448,0.998903305564512,3.076524,"[0.28567234 0.27956399 0.35393432 0.20495327 0.31622326 0.06814861
 0.42030182 0.23359138 0.3119857  0.20710647]",0.8961742,"[0.28755704 0.28131202 0.35593957 0.2061106  0.31797892 0.06845552
 0.42243698 0.2349322  0.31369326 0.20830636]",0.90124243,"[0.0018847  0.00174803 0.00200525 0.00115733 0.00175565 0.00030692
 0.00213516 0.00134082 0.00170755 0.00119989]",0.005084959,0.00506817,0.00041287407,0.027976455118293345
8,57,0.9,5.0,72.3474159995346,True,42,default,6291456,6912870400,[5. 0. 0. 0. 0. 0. 0. 0. 0. 0.],[5. 0. 0. 0. 0. 0. 0. 0. 0. 0.],0.0,0.99999999999996,5.0,"[0.28567234 0.27956399 0.35393432 0.20495327 0.31622326 0.06814861
 0.42030182 0.23359138 0.3119857  0.20710647]",0.8961742,"[0.28488868 0.27847743 0.35234976 0.20408896 0.31501764 0.0678445
 0.41876471 0.23253113 0.31068107 0.20632739]",0.8926821,"[-0.00078365 -0.00108656 -0.00158456 -0.00086431 -0.00120562 -0.00030411
 -0.00153711 -0.00106025 -0.00130463 -0.00077908]",0.0035205767,0.003492256,0.00044565854,0.03426402009603798
8,32,0.9,0.01,0.0,False,42,default,6291456,6912870400,"[0.00330406 0.00318481 0.0033458  0.0031793  0.00281869 0.00269476
 0.00332357 0.00339271 0.00313597 0.00316862]","[0.001125  0.001125  0.0009375 0.00105   0.000675  0.0009625 0.0010375
 0.0010125 0.001025  0.00105  ]",0.006837935960326642,0.9949123716422468,0.0031858084,"[0.14425181 0.14117976 0.17823945 0.10406118 0.15925428 0.03556934
 0.21144585 0.11827549 0.15683119 0.10525336]",0.4520378,"[0.1442523  0.1411792  0.17824009 0.10406197 0.15925448 0.03556949
 0.21144629 0.11827558 0.15683138 0.10525341]",0.45203862,"[ 4.91738319e-07 -5.51342964e-07  6.40749931e-07  7.89761543e-07
  1.93715096e-07  1.49011612e-07  4.32133675e-07  8.94069672e-08
  1.93715096e-07  5.21540642e-08]",1.3692254e-06,8.0403396e-07,1.1082902e-06,0.0
8,32,0.9,0.01,15.0,False,42,default,6291456,6912870400,"[0.00295219 0.00284563 0.00298947 0.00284071 0.0025185  0.00509538
 0.00296961 0.00303139 0.002802   0.00283117]","[0.001025  0.001125  0.0008    0.001     0.0006    0.0017    0.000925
 0.0010125 0.0009    0.0009125]",0.0067543418346908395,0.9938355337619967,0.00327562,"[0.14425181 0.14117976 0.17823945 0.10406118 0.15925428 0.03556934
 0.21144585 0.11827549 0.15683119 0.10525336]",0.4520378,"[0.14425242 0.14117914 0.17824    0.10406171 0.15925442 0.03556941
 0.21144661 0.11827566 0.15683165 0.10525352]",0.4520388,"[ 6.10947609e-07 -6.10947609e-07  5.51342964e-07  5.28991222e-07
  1.34110451e-07  6.33299351e-08  7.59959221e-07  1.63912773e-07
  4.61935997e-07  1.56462193e-07]",1.4814154e-06,9.906181e-07,1.1014841e-06,0.0
8,32,0.9,0.01,30.0,False,42,default,6291456,6912870400,"[0.00239912 0.00231253 0.00242942 0.00230853 0.00204668 0.00714876
 0.00241328 0.00246348 0.00227707 0.00230078]","[0.0009    0.0009625 0.0008125 0.0007625 0.0007625 0.0025125 0.0007375
 0.000875  0.000825  0.00085  ]",0.006462463637672697,0.9981881052738096,0.00354749,"[0.14425181 0.14117976 0.17823945 0.10406118 0.15925428 0.03556934
 0.21144585 0.11827549 0.15683119 0.10525336]",0.4520378,"[0.14425252 0.14117894 0.17823972 0.10406167 0.15925469 0.0355694
 0.2114467  0.11827552 0.15683138 0.10525342]",0.45203862,"[ 7.15255737e-07 -8.19563866e-07  2.68220901e-07  4.91738319e-07
  4.02331352e-07  5.21540642e-08  8.49366188e-07  2.98023224e-08
  1.93715096e-07  5.96046448e-08]",1.5572426e-06,8.2327534e-07,1.3218253e-06,0.0
8,32,0.9,0.01,45.0,False,42,default,6291456,6912870400,"[0.00168256 0.00162183 0.00170381 0.00161903 0.00143539 0.00871497
 0.00169249 0.0017277  0.00159696 0.00161359]","[0.0007    0.0009    0.0007125 0.000625  0.0005875 0.00365   0.0006125
 0.000725  0.0007625 0.000725 ]",0.005786862012381039,0.9980044309332164,0.0042277356,"[0.14425181 0.14117976 0.17823945 0.10406118 0.15925428 0.03556934
 0.21144585 0.11827549 0.15683119 0.10525336]",0.4520378,"[0.144252   0.14117919 0.17823996 0.10406154 0.15925467 0.03556945
 0.21144709 0.11827539 0.15683192 0.10525346]",0.45203894,"[ 1.93715096e-07 -5.66244125e-07  5.06639481e-07  3.65078449e-07
  3.87430191e-07  1.04308128e-07  1.23679638e-06 -1.04308128e-07
  7.30156898e-07  9.68575478e-08]",1.7297867e-06,1.1405893e-06,1.3004682e-06,0.0
8,32,0.9,0.01,60.0,False,42,default,6291456,6912870400,"[0.00085133 0.00082061 0.00086209 0.00081919 0.00072627 0.00968727
 0.00085636 0.00087417 0.00080802 0.00081644]","[0.0005125 0.000525  0.0006    0.0005625 0.000275  0.0054875 0.0004875
 0.0005625 0.000525  0.0004625]",0.004314743846971453,0.9991729500974502,0.005696188,"[0.14425181 0.14117976 0.17823945 0.10406118 0.15925428 0.03556934
 0.21144585 0.11827549 0.15683119 0.10525336]",0.4520378,"[0.14425072 0.1411795  0.17823948 0.10406168 0.15925495 0.03556938
 0.21144655 0.11827602 0.1568314  0.10525357]",0.45203835,"[-1.08778477e-06 -2.53319740e-07  2.98023224e-08  4.99188900e-07
  6.70552254e-07  3.35276127e-08  7.00354576e-07  5.28991222e-07
  2.08616257e-07  2.08616257e-07]",1.67501e-06,5.262598e-07,1.5901915e-06,0.019782341029446364
8,32,0.9,0.01,74.36693140140366,True,42,default,6291456,6912870400,"[4.16333634e-19 2.77555756e-19 2.77555756e-19 4.16333634e-19
 4.16333634e-19 1.00000000e-02 4.16333634e-19 2.77555756e-19
 4.16333634e-19 2.77555756e-19]",[0.   0.   0.   0.   0.   0.01 0.   0.   0.   0.  ],2.2351741811588166e-10,0.99999999,0.01,"[0.14425181 0.14117976 0.17823945 0.10406118 0.15925428 0.03556934
 0.21144585 0.11827549 0.15683119 0.10525336]",0.4520378,"[0.14425227 0.1411797  0.17824045 0.10406207 0.15925521 0.03556922
 0.21144752 0.11827616 0.15683171 0.10525339]",0.45204,"[ 4.61935997e-07 -5.96046448e-08  9.98377800e-07  8.86619091e-07
  9.23871994e-07 -1.19209290e-07  1.66893005e-06  6.70552254e-07
  5.21540642e-07  2.98023224e-08]",2.5249556e-06,2.1866585e-06,1.2625073e-06,0.0
8,32,0.9,0.1,0.0,False,42,default,6291456,6912870400,"[0.03304064 0.03184809 0.03345798 0.03179305 0.02818691 0.02694757
 0.03323571 0.03392705 0.03135973 0.03168624]","[0.01125  0.01125  0.009375 0.0105   0.00675  0.009625 0.010375 0.010125
 0.01025  0.0105  ]",0.06837935919316966,0.9949124592459224,0.031858083,"[0.14425181 0.14117976 0.17823945 0.10406118 0.15925428 0.03556934
 0.21144585 0.11827549 0.15683119 0.10525336]",0.4520378,"[0.14429452 0.14120901 0.17828256 0.1040896  0.15929571 0.03558076
 0.21150371 0.11830589 0.1568716  0.10527869]",0.45215455,"[4.27067280e-05 2.92509794e-05 4.31090593e-05 2.84165144e-05
 4.14252281e-05 1.14142895e-05 5.78612089e-05 3.03983688e-05
 4.04119492e-05 2.53319740e-05]",0.00011721145,0.00011673388,1.0569994e-05,0.027976455118293345
8,32,0.9,0.1,15.0,False,42,default,6291456,6912870400,"[0.02952185 0.0284563  0.02989475 0.02840712 0.02518504 0.05095381
 0.02969614 0.03031386 0.02801996 0.02831169]","[0.01025  0.01125  0.008    0.01     0.006    0.017    0.00925  0.010125
 0.009    0.009125]",0.06754341741423425,0.9938355493219169,0.032756202,"[0.14425181 0.14117976 0.17823945 0.10406118 0.15925428 0.03556934
 0.21144585 0.11827549 0.15683119 0.10525336]",0.4520378,"[0.14428774 0.14120851 0.17828172 0.10408682 0.1592928  0.03558086
 0.21149154 0.11830647 0.15686862 0.10527663]",0.45214316,"[3.59266996e-05 2.87592411e-05 4.22745943e-05 2.56374478e-05
 3.85195017e-05 1.15148723e-05 4.56869602e-05 3.09795141e-05
 3.74317169e-05 2.32681632e-05]",0.00010567949,0.00010537503,8.016113e-06,0.0
8,32,0.9,0.1,30.0,False,42,default,6291456,6912870400,"[0.0239912  0.02312527 0.02429424 0.0230853  0.02046685 0.07148764
 0.02413284 0.02463483 0.02277067 0.02300775]","[0.009    0.009625 0.008125 0.007625 0.007625 0.025125 0.007375 0.00875
 0.00825  0.0085  ]",0.06462463475149144,0.9981881007792714,0.035474904,"[0.14425181 0.14117976 0.17823945 0.10406118 0.15925428 0.03556934
 0.21144585 0.11827549 0.15683119 0.10525336]",0.4520378,"[0.14428356 0.14120482 0.1782756  0.10408551 0.15928529 0.03557954
 0.21148913 0.1183061  0.15686299 0.10527526]",0.45213172,"[3.17543745e-05 2.50637531e-05 3.61502171e-05 2.43261456e-05
 3.10093164e-05 1.01923943e-05 4.32729721e-05 3.06069851e-05
 3.17990780e-05 2.18972564e-05]",9.4343006e-05,9.392271e-05,8.895271e-06,0.0
8,32,0.9,0.1,45.0,False,42,default,6291456,6912870400,"[0.01682559 0.01621829 0.01703811 0.01619026 0.01435387 0.0871497
 0.01692492 0.01727698 0.0159696  0.01613587]","[0.007    0.009    0.007125 0.00625  0.005875 0.0365   0.006125 0.00725
 0.007625 0.00725 ]",0.057868617782452,0.9980044434891576,0.04227736,"[0.14425181 0.14117976 0.17823945 0.10406118 0.15925428 0.03556934
 0.21144585 0.11827549 0.15683119 0.10525336]",0.4520378,"[0.14428073 0.1412048  0.17827424 0.10408396 0.15928899 0.0355775
 0.21148215 0.11830175 0.15686333 0.10527448]",0.4521266,"[2.89231539e-05 2.50488520e-05 3.47942114e-05 2.27838755e-05
 3.47048044e-05 8.15838575e-06 3.62992287e-05 2.62558460e-05
 3.21418047e-05 2.11149454e-05]",8.916646e-05,8.880298e-05,8.042968e-06,0.019782341029446364
8,32,0.9,0.1,60.0,False,42,default,6291456,6912870400,"[0.00851333 0.00820606 0.00862087 0.00819188 0.00726271 0.09687265
 0.00856359 0.00874173 0.00808023 0.00816436]","[0.005125 0.00525  0.006    0.005625 0.00275  0.054875 0.004875 0.005625
 0.00525  0.004625]",0.04314743837418742,0.9991729530331287,0.056961883,"[0.14425181 0.14117976 0.17823945 0.10406118 0.15925428 0.03556934
 0.21144585 0.11827549 0.15683119 0.10525336]",0.4520378,"[0.14428072 0.14120387 0.17827746 0.104083   0.15928593 0.03557441
 0.21147177 0.1183019  0.15686151 0.10527603]",0.45212096,"[2.89082527e-05 2.41100788e-05 3.80128622e-05 2.18227506e-05
 3.16500664e-05 5.07012010e-06 2.59131193e-05 2.64048576e-05
 3.03238630e-05 2.26646662e-05]",8.466141e-05,8.314457e-05,1.5954138e-05,0.019782341029446364
8,32,0.9,0.1,74.36693140140366,True,42,default,6291456,6912870400,"[4.16333634e-18 2.77555756e-18 2.77555756e-18 4.16333634e-18
 4.16333634e-18 1.00000000e-01 4.16333634e-18 2.77555756e-18
 4.16333634e-18 2.77555756e-18]",[0.  0.  0.  0.  0.  0.1 0.  0.  0.  0. ],1.4901161138336505e-09,0.9999999999,0.1,"[0.14425181 0.14117976 0.17823945 0.10406118 0.15925428 0.03556934
 0.21144585 0.11827549 0.15683119 0.10525336]",0.4520378,"[0.14427769 0.14120233 0.1782769  0.10408314 0.15927939 0.03557313
 0.21146643 0.11829829 0.15686114 0.10527498]",0.45211312,"[2.58833170e-05 2.25752592e-05 3.74466181e-05 2.19643116e-05
 2.51084566e-05 3.78489494e-06 2.05785036e-05 2.27987766e-05
 2.99513340e-05 2.16215849e-05]",7.756844e-05,7.5292504e-05,1.8652107e-05,0.019782341029446364
8,32,0.9,1.0,0.0,False,42,default,6291456,6912870400,"[0.33040643 0.31848086 0.33457983 0.31793046 0.28186909 0.26947567
 0.33235706 0.33927053 0.3135973  0.31686242]","[0.1125  0.1125  0.09375 0.105   0.0675  0.09625 0.10375 0.10125 0.1025
 0.105  ]",0.6837935939534234,0.9949124299819607,0.31858084,"[0.14425181 0.14117976 0.17823945 0.10406118 0.15925428 0.03556934
 0.21144585 0.11827549 0.15683119 0.10525336]",0.4520378,"[0.14432658 0.14121433 0.17837051 0.10410541 0.15939535 0.03557272
 0.2116379  0.11832289 0.15684149 0.10530669]",0.45230252,"[7.47740269e-05 3.45706940e-05 1.31055713e-04 4.42340970e-05
 1.41069293e-04 3.37883830e-06 1.92046165e-04 4.73931432e-05
 1.02967024e-05 5.33312559e-05]",0.00029649382,0.00026470431,0.00013356733,0.0
8,32,0.9,1.0,15.0,False,42,default,6291456,6912870400,"[0.29521855 0.28456303 0.29894748 0.28407125 0.25185037 0.50953811
 0.29696143 0.30313863 0.28019957 0.28311695]","[0.1025  0.1125  0.08    0.1     0.06    0.17    0.0925  0.10125 0.09
 0.09125]",0.6754341844512706,0.9938354732815599,0.32756203,"[0.14425181 0.14117976 0.17823945 0.10406118 0.15925428 0.03556934
 0.21144585 0.11827549 0.15683119 0.10525336]",0.4520378,"[0.1442747  0.14118379 0.17833798 0.10407555 0.15933752 0.03555245
 0.2115757  0.11830133 0.15681434 0.10527027]",0.45218214,"[ 2.28881836e-05  4.03821468e-06  9.85264778e-05  1.43721700e-05
  8.32378864e-05 -1.68904662e-05  1.29848719e-04  2.58386135e-05
 -1.68532133e-05  1.69053674e-05]",0.00018911948,0.00014430685,0.00012223629,0.0
8,32,0.9,1.0,30.0,False,42,default,6291456,6912870400,"[0.239912   0.2312527  0.24294235 0.23085305 0.20466846 0.71487638
 0.24132837 0.24634833 0.22770669 0.23007753]","[0.09    0.09625 0.08125 0.07625 0.07625 0.25125 0.07375 0.0875  0.0825
 0.085  ]",0.6462463555816003,0.9981881199790875,0.35474902,"[0.14425181 0.14117976 0.17823945 0.10406118 0.15925428 0.03556934
 0.21144585 0.11827549 0.15683119 0.10525336]",0.4520378,"[0.14437924 0.14128695 0.17844054 0.10416131 0.15944961 0.03556521
 0.21169968 0.11838321 0.15692125 0.10532367]",0.45247734,"[ 1.27434731e-04  1.07198954e-04  2.01091170e-04  1.00135803e-04
  1.95324421e-04 -4.13134694e-06  2.53826380e-04  1.07720494e-04
  9.00626183e-05  7.03111291e-05]",0.00045326728,0.0004395103,0.00011082374,0.019782341029446364
8,32,0.9,1.0,45.0,False,42,default,6291456,6912870400,"[0.16825585 0.16218288 0.17038111 0.1619026  0.14353874 0.87149699
 0.16924919 0.17276979 0.15969598 0.16135871]","[0.07       0.09       0.07125    0.0625     0.05875    0.36500001
 0.06125    0.0725     0.07625    0.0725    ]",0.578686198878766,0.9980043589412645,0.4227736,"[0.14425181 0.14117976 0.17823945 0.10406118 0.15925428 0.03556934
 0.21144585 0.11827549 0.15683119 0.10525336]",0.4520378,"[0.14433062 0.14124212 0.1783857  0.10412916 0.15938801 0.0355614
 0.21165366 0.11833746 0.15687688 0.10530271]",0.45234302,"[ 7.88122416e-05  6.23613596e-05  1.46254897e-04  6.79790974e-05
  1.33723021e-04 -7.94604421e-06  2.07811594e-04  6.19664788e-05
  4.56869602e-05  4.93526459e-05]",0.00032496988,0.00030519208,0.00011163879,0.0
8,32,0.9,1.0,60.0,False,42,default,6291456,6912870400,"[0.08513334 0.08206057 0.08620867 0.08191875 0.07262709 0.96872653
 0.08563594 0.08741729 0.08080226 0.08164356]","[0.05125    0.0525     0.06       0.05625    0.0275     0.54874998
 0.04875    0.05625    0.0525     0.04625   ]",0.4314743769903153,0.9991729779770503,0.5696188,"[0.14425181 0.14117976 0.17823945 0.10406118 0.15925428 0.03556934
 0.21144585 0.11827549 0.15683119 0.10525336]",0.4520378,"[0.14422931 0.14114332 0.1783002  0.10406561 0.15930994 0.03553887
 0.2115252  0.11829149 0.15677239 0.1052401 ]",0.45207927,"[-2.25007534e-05 -3.64333391e-05  6.07520342e-05  4.43309546e-06
  5.56558371e-05 -3.04728746e-05  7.93486834e-05  1.59963965e-05
 -5.87999821e-05 -1.32620335e-05]",0.00014055503,4.143949e-05,0.00013430744,0.019782341029446364
8,32,0.9,1.0,74.36693140140366,True,42,default,6291456,6912870400,"[4.16333634e-17 2.77555756e-17 2.77555756e-17 4.16333634e-17
 4.16333634e-17 1.00000000e+00 4.16333634e-17 2.77555756e-17
 4.16333634e-17 2.77555756e-17]",[0. 0. 0. 0. 0. 1. 0. 0. 0. 0.],1.0838898772828417e-16,0.9999999999989999,1.0,"[0.14425181 0.14117976 0.17823945 0.10406118 0.15925428 0.03556934
 0.21144585 0.11827549 0.15683119 0.10525336]",0.4520378,"[0.14426364 0.14117888 0.17826702 0.10407653 0.15931498 0.03554732
 0.21157257 0.11830045 0.15681551 0.10525449]",0.452136,"[ 1.18315220e-05 -8.79168510e-07  2.75671482e-05  1.53556466e-05
  6.06924295e-05 -2.20201910e-05  1.26719475e-04  2.49519944e-05
 -1.56760216e-05  1.12503767e-06]",0.00014910531,9.818161e-05,0.00011221747,0.019782341029446364
8,32,0.9,2.0,0.0,False,42,default,6291456,6912870400,"[0.66081287 0.63696172 0.66915966 0.63586092 0.56373818 0.53895134
 0.66471412 0.67854106 0.6271946  0.63372483]","[0.22499999 0.22499999 0.1875     0.20999999 0.13500001 0.1925
 0.2075     0.2025     0.205      0.20999999]",1.3675871879068469,0.9949124299843027,0.6371617,"[0.14425181 0.14117976 0.17823945 0.10406118 0.15925428 0.03556934
 0.21144585 0.11827549 0.15683119 0.10525336]",0.4520378,"[0.14363535 0.14060624 0.17748377 0.10364039 0.15858361 0.03545317
 0.21053123 0.11778805 0.15617292 0.10481258]",0.45013532,"[-0.00061646 -0.00057352 -0.00075568 -0.00042079 -0.00067067 -0.00011617
 -0.00091462 -0.00048745 -0.00065827 -0.00044078]",0.0019031826,0.0019024758,5.1861793e-05,0.0
8,32,0.9,2.0,15.0,False,42,default,6291456,6912870400,"[0.59043709 0.56912606 0.59789496 0.5681425  0.50370074 1.01907623
 0.59392287 0.60627725 0.56039913 0.5662339 ]","[0.205      0.22499999 0.16       0.2        0.12       0.34
 0.185      0.2025     0.18000001 0.1825    ]",1.3508683689025411,0.9938354732838353,0.65512407,"[0.14425181 0.14117976 0.17823945 0.10406118 0.15925428 0.03556934
 0.21144585 0.11827549 0.15683119 0.10525336]",0.4520378,"[0.1434083  0.14039528 0.1771934  0.10350255 0.15838185 0.0353936
 0.21023487 0.11757103 0.15596393 0.10466224]",0.44947207,"[-0.00084351 -0.00078447 -0.00104605 -0.00055863 -0.00087243 -0.00017574
 -0.00121099 -0.00070446 -0.00086726 -0.00059112]",0.0025670088,0.002565731,8.097644e-05,0.019782341029446364
8,32,0.9,2.0,30.0,False,42,default,6291456,6912870400,"[0.479824   0.4625054  0.48588471 0.4617061  0.40933693 1.42975275
 0.48265675 0.49269665 0.45541338 0.46015506]","[0.18000001 0.1925     0.16249999 0.1525     0.1525     0.5025
 0.14749999 0.175      0.16500001 0.17      ]",1.2924927111632005,0.9981881199811977,0.70949805,"[0.14425181 0.14117976 0.17823945 0.10406118 0.15925428 0.03556934
 0.21144585 0.11827549 0.15683119 0.10525336]",0.4520378,"[0.14335565 0.14036117 0.17713471 0.1034382  0.15833041 0.03536895
 0.21017323 0.1175478  0.15591592 0.10462099]",0.4493254,"[-0.00089616 -0.00081858 -0.00110474 -0.00062298 -0.00092387 -0.00020039
 -0.00127262 -0.00072769 -0.00091527 -0.00063238]",0.0027133273,0.0027123732,7.1930335e-05,0.0
8,32,0.9,2.0,45.0,False,42,default,6291456,6912870400,"[0.3365117  0.32436577 0.34076221 0.3238052  0.28707748 1.74299399
 0.33849837 0.34553959 0.31939197 0.32271741]","[0.14       0.18000001 0.1425     0.125      0.1175     0.73000002
 0.1225     0.145      0.1525     0.145     ]",1.157372397757532,0.9980043589430349,0.8455472,"[0.14425181 0.14117976 0.17823945 0.10406118 0.15925428 0.03556934
 0.21144585 0.11827549 0.15683119 0.10525336]",0.4520378,"[0.14380471 0.14079025 0.17777047 0.10378502 0.1588594  0.03544992
 0.21086423 0.11795886 0.15642206 0.10494922]",0.4508088,"[-0.00044709 -0.0003895  -0.00046898 -0.00027616 -0.00039488 -0.00011942
 -0.00058162 -0.00031663 -0.00040913 -0.00030414]",0.0012314352,0.0012289989,7.742484e-05,0.0
8,32,0.9,2.0,60.0,False,42,default,6291456,6912870400,"[0.17026668 0.16412114 0.17241734 0.1638375  0.14525418 1.93745307
 0.17127189 0.17483457 0.16160452 0.16328711]","[0.1025     0.105      0.12       0.1125     0.055      1.09749997
 0.0975     0.1125     0.105      0.0925    ]",0.8629487539806306,0.9991729779783658,1.1392376,"[0.14425181 0.14117976 0.17823945 0.10406118 0.15925428 0.03556934
 0.21144585 0.11827549 0.15683119 0.10525336]",0.4520378,"[0.14381596 0.1407993  0.17774604 0.10377133 0.15883808 0.0354839
 0.21090376 0.11792354 0.15641797 0.10496844]",0.4508099,"[-4.35844064e-04 -3.80456448e-04 -4.93407249e-04 -2.89849937e-04
 -4.16204333e-04 -8.54432583e-05 -5.42089343e-04 -3.51950526e-04
 -4.13224101e-04 -2.84925103e-04]",0.001229782,0.0012279011,6.799189e-05,0.0
8,32,0.9,2.0,74.36693140140366,True,42,default,6291456,6912870400,"[8.32667268e-17 5.55111512e-17 5.55111512e-17 8.32667268e-17
 8.32667268e-17 2.00000000e+00 8.32667268e-17 5.55111512e-17
 8.32667268e-17 5.55111512e-17]",[0. 0. 0. 0. 0. 2. 0. 0. 0. 0.],2.1677797545656835e-16,0.99999999999975,2.0,"[0.14425181 0.14117976 0.17823945 0.10406118 0.15925428 0.03556934
 0.21144585 0.11827549 0.15683119 0.10525336]",0.4520378,"[0.14406955 0.14099947 0.17804241 0.10395416 0.15908185 0.0355418
 0.21121554 0.11813212 0.15661074 0.10510629]",0.45150214,"[-1.82256103e-04 -1.80289149e-04 -1.97038054e-04 -1.07020140e-04
 -1.72436237e-04 -2.75485218e-05 -2.30312347e-04 -1.43371522e-04
 -2.20447779e-04 -1.47067010e-04]",0.0005388108,0.00053568516,5.7952006e-05,0.019782341029446364
8,32,0.9,5.0,0.0,False,42,default,6291456,6912870400,"[1.65203217 1.59240431 1.67289915 1.5896523  1.40934545 1.34737835
 1.66178531 1.69635265 1.56798651 1.58431208]","[0.5625     0.5625     0.46875    0.52499998 0.33750001 0.48124999
 0.51875001 0.50625002 0.51249999 0.52499998]",3.418967954541138,0.9949124211108369,1.5929042,"[0.14425181 0.14117976 0.17823945 0.10406118 0.15925428 0.03556934
 0.21144585 0.11827549 0.15683119 0.10525336]",0.4520378,"[0.14374834 0.14067993 0.17765385 0.10374434 0.15873331 0.0354552
 0.21062025 0.11791031 0.15627187 0.10486992]",0.45045963,"[-0.00050347 -0.00049983 -0.0005856  -0.00031684 -0.00052097 -0.00011414
 -0.0008256  -0.00036518 -0.00055932 -0.00038344]",0.0015830029,0.0015781975,0.00012324963,0.0
8,32,0.9,5.0,15.0,False,42,default,6291456,6912870400,"[1.47609273 1.42281516 1.4947374  1.42035624 1.25925185 2.54769057
 1.48480717 1.51569313 1.40099783 1.41558475]","[0.51249999 0.5625     0.39999998 0.5        0.29999998 0.85000002
 0.46250001 0.50625002 0.45000002 0.45625001]",3.377170916449652,0.9938354414041843,1.6378102,"[0.14425181 0.14117976 0.17823945 0.10406118 0.15925428 0.03556934
 0.21144585 0.11827549 0.15683119 0.10525336]",0.4520378,"[0.14330372 0.14037232 0.17713581 0.10344322 0.15832122 0.03534769
 0.21006861 0.11756529 0.15586179 0.10461918]",0.44924548,"[-0.00094809 -0.00080743 -0.00110364 -0.00061796 -0.00093307 -0.00022165
 -0.00137724 -0.0007102  -0.0009694  -0.00063419]",0.0027952732,0.0027923463,0.00012788748,0.019782341029446364
8,32,0.9,5.0,30.0,False,42,default,6291456,6912870400,"[1.19956001 1.15626351 1.21471177 1.15426525 1.02334232 3.57438188
 1.20664187 1.23174163 1.13853346 1.15038765]","[0.45000002 0.48124999 0.40625    0.38125002 0.38125002 1.25625002
 0.36874998 0.4375     0.41250002 0.42500001]",3.231231743027127,0.9981881060938786,1.7737452,"[0.14425181 0.14117976 0.17823945 0.10406118 0.15925428 0.03556934
 0.21144585 0.11827549 0.15683119 0.10525336]",0.4520378,"[0.14340249 0.14031979 0.17715484 0.10346794 0.15835926 0.03532986
 0.21012922 0.11758084 0.15593444 0.10462797]",0.44934544,"[-0.00084932 -0.00085996 -0.00108461 -0.00059324 -0.00089502 -0.00023948
 -0.00131664 -0.00069465 -0.00089675 -0.00062539]",0.0026942473,0.0026923737,0.00010046208,0.0
8,32,0.9,5.0,45.0,False,42,default,6291456,6912870400,"[0.84127925 0.81091441 0.85190553 0.80951299 0.7176937  4.35748497
 0.84624593 0.86384897 0.79847992 0.80679354]","[0.34999999 0.45000002 0.35624999 0.3125     0.29374999 1.82500005
 0.30625001 0.36249998 0.38125002 0.36249998]",2.8934309988589626,0.9980043569391444,2.113868,"[0.14425181 0.14117976 0.17823945 0.10406118 0.15925428 0.03556934
 0.21144585 0.11827549 0.15683119 0.10525336]",0.4520378,"[0.14345531 0.14048497 0.17733772 0.10356595 0.15853336 0.03537656
 0.21039884 0.11769493 0.15608299 0.10473789]",0.44980666,"[-0.0007965  -0.00069478 -0.00090173 -0.00049523 -0.00072092 -0.00019278
 -0.00104702 -0.00058056 -0.0007482  -0.00051547]",0.0022340987,0.00223114,0.00011494265,0.019782341029446364
8,32,0.9,5.0,60.0,False,42,default,6291456,6912870400,"[0.42566671 0.41030284 0.43104334 0.40959375 0.36313544 4.84363266
 0.42817972 0.43708643 0.40401129 0.40821778]","[0.25624999 0.26249999 0.29999998 0.28125    0.1375     2.74374986
 0.24374999 0.28125    0.26249999 0.23125   ]",2.157371943067811,0.9991729994018312,2.848094,"[0.14425181 0.14117976 0.17823945 0.10406118 0.15925428 0.03556934
 0.21144585 0.11827549 0.15683119 0.10525336]",0.4520378,"[0.14294814 0.13998912 0.17667094 0.10318128 0.15789376 0.03525297
 0.20960096 0.11723793 0.15545855 0.10434632]",0.44810283,"[-0.00130367 -0.00119063 -0.00156851 -0.0008799  -0.00136052 -0.00031637
 -0.0018449  -0.00103756 -0.00137264 -0.00090704]",0.003935703,0.0039349836,7.524708e-05,0.027976455118293345
8,32,0.9,5.0,74.36693140140366,True,42,default,6291456,6912870400,"[2.08166817e-16 1.38777878e-16 1.38777878e-16 2.08166817e-16
 2.08166817e-16 5.00000000e+00 2.08166817e-16 1.38777878e-16
 2.08166817e-16 1.38777878e-16]",[0. 0. 0. 0. 0. 5. 0. 0. 0. 0.],5.419449386414209e-16,0.99999999999996,5.0,"[0.14425181 0.14117976 0.17823945 0.10406118 0.15925428 0.03556934
 0.21144585 0.11827549 0.15683119 0.10525336]",0.4520378,"[0.14245428 0.13952172 0.17606056 0.10280655 0.15739116 0.03519544
 0.20895693 0.11685321 0.15492991 0.10399401]",0.44662338,"[-0.00179753 -0.00165804 -0.00217889 -0.00125463 -0.00186312 -0.0003739
 -0.00248893 -0.00142228 -0.00190128 -0.00125935]",0.0054158424,0.0054144473,0.00012289263,0.027976455118293345
14,29,0.1,0.01,0.0,False,42,default,6291456,6912870400,"[0.00297427 0.00311608 0.0032132  0.0031619  0.00317269 0.00345431
 0.00308689 0.00312292 0.00314321 0.00315627]","[0.0010125 0.0011625 0.0009    0.0010375 0.00075   0.0011375 0.001025
 0.0009    0.0010375 0.0010375]",0.006847039610940999,0.9935081293437853,0.003183208,"[0.4162192  0.41133612 0.5024119  0.34387398 0.46412635 0.18077087
 0.56071371 0.38105443 0.45935154 0.34161305]",1.3223085,"[0.41621763 0.41133505 0.50241035 0.34387404 0.46412539 0.18077002
 0.56071287 0.38105276 0.45934939 0.34161243]",1.322305,"[-1.57952309e-06 -1.07288361e-06 -1.54972076e-06  5.96046448e-08
 -9.53674316e-07 -8.49366188e-07 -8.34465027e-07 -1.66893005e-06
 -2.14576721e-06 -6.25848770e-07]",4.019918e-06,3.596982e-06,1.7948428e-06,0.0
14,29,0.1,0.01,15.0,False,42,default,6291456,6912870400,"[0.00534398 0.00275865 0.00284463 0.00279922 0.00280877 0.00305809
 0.00273282 0.00276472 0.00278268 0.00279423]","[0.0019625 0.000775  0.0009125 0.0008375 0.0009    0.0011    0.0007625
 0.00095   0.0009    0.0009   ]",0.006688517548095451,0.9956558019288775,0.0033331665,"[0.4162192  0.41133612 0.5024119  0.34387398 0.46412635 0.18077087
 0.56071371 0.38105443 0.45935154 0.34161305]",1.3223085,"[0.41621724 0.41133499 0.50241005 0.34387371 0.46412557 0.18076999
 0.56071317 0.38105288 0.45934933 0.34161261]",1.3223048,"[-1.96695328e-06 -1.13248825e-06 -1.84774399e-06 -2.68220901e-07
 -7.74860382e-07 -8.79168510e-07 -5.36441803e-07 -1.54972076e-06
 -2.20537186e-06 -4.47034836e-07]",4.214711e-06,3.6910546e-06,2.0346758e-06,0.0
14,29,0.1,0.01,30.0,False,42,default,6291456,6912870400,"[0.00734951 0.00221323 0.00228221 0.00224578 0.00225344 0.00245347
 0.00219251 0.0022181  0.00223251 0.00224178]","[0.00275   0.000775  0.000825  0.000675  0.0008625 0.000925  0.0007375
 0.0007875 0.0008125 0.00085  ]",0.006340577692702896,0.9987202587436316,0.0036668275,"[0.4162192  0.41133612 0.5024119  0.34387398 0.46412635 0.18077087
 0.56071371 0.38105443 0.45935154 0.34161305]",1.3223085,"[0.41621709 0.41133499 0.50240999 0.34387371 0.46412578 0.18076995
 0.56071317 0.38105294 0.45934945 0.3416127 ]",1.322305,"[-2.11596489e-06 -1.13248825e-06 -1.90734863e-06 -2.68220901e-07
 -5.66244125e-07 -9.23871994e-07 -5.36441803e-07 -1.49011612e-06
 -2.08616257e-06 -3.57627869e-07]",4.1990616e-06,3.6118072e-06,2.1417209e-06,0.019782341029446364
14,29,0.1,0.01,45.0,False,42,default,6291456,6912870400,"[0.00885419 0.00151699 0.00156426 0.00153929 0.00154455 0.00168165
 0.00150278 0.00152032 0.0015302  0.00153655]","[0.00405   0.000475  0.0007    0.0006875 0.00075   0.00065   0.0006
 0.000625  0.00075   0.0007125]",0.005498948127063338,0.9981513346309114,0.0045162556,"[0.4162192  0.41133612 0.5024119  0.34387398 0.46412635 0.18077087
 0.56071371 0.38105443 0.45935154 0.34161305]",1.3223085,"[0.41621709 0.41133493 0.50240993 0.34387365 0.46412569 0.18076997
 0.56071317 0.38105288 0.45934951 0.3416127 ]",1.3223048,"[-2.11596489e-06 -1.19209290e-06 -1.96695328e-06 -3.27825546e-07
 -6.55651093e-07 -9.08970833e-07 -5.36441803e-07 -1.54972076e-06
 -2.02655792e-06 -3.57627869e-07]",4.249131e-06,3.6943109e-06,2.0993284e-06,0.0
14,29,0.1,0.01,60.0,False,42,default,6291456,6912870400,"[0.00975547 0.00071736 0.00073971 0.0007279  0.00073039 0.00079522
 0.00071064 0.00071893 0.0007236  0.00072661]","[0.0059625 0.000525  0.0003875 0.0004125 0.000425  0.0005375 0.0003375
 0.0005375 0.00045   0.000425 ]",0.0038916295267159458,0.9995286787863992,0.006115784,"[0.4162192  0.41133612 0.5024119  0.34387398 0.46412635 0.18077087
 0.56071371 0.38105443 0.45935154 0.34161305]",1.3223085,"[0.41621724 0.41133499 0.50241005 0.34387359 0.4641256  0.18077004
 0.56071305 0.38105279 0.45934945 0.3416127 ]",1.3223048,"[-1.96695328e-06 -1.13248825e-06 -1.84774399e-06 -3.87430191e-07
 -7.45058060e-07 -8.34465027e-07 -6.55651093e-07 -1.63912773e-06
 -2.08616257e-06 -3.57627869e-07]",4.19091e-06,3.7172886e-06,1.9353274e-06,0.0
14,29,0.1,0.01,72.69688236761695,True,42,default,6291456,6912870400,[0.01 0.   0.   0.   0.   0.   0.   0.   0.   0.  ],[0.01 0.   0.   0.   0.   0.   0.   0.   0.   0.  ],2.2351741811588166e-10,0.99999999,0.01,"[0.4162192  0.41133612 0.5024119  0.34387398 0.46412635 0.18077087
 0.56071371 0.38105443 0.45935154 0.34161305]",1.3223085,"[0.41621649 0.41133523 0.50241035 0.3438732  0.46412563 0.18077095
 0.56071293 0.38105273 0.45935196 0.34161347]",1.3223058,"[-2.71201134e-06 -8.94069672e-07 -1.54972076e-06 -7.74860382e-07
 -7.15255737e-07  7.45058060e-08 -7.74860382e-07 -1.69873238e-06
  4.17232513e-07  4.17232513e-07]",3.9379966e-06,2.728337e-06,2.8397176e-06,0.019782341029446364
14,29,0.1,0.1,0.0,False,42,default,6291456,6912870400,"[0.02974268 0.03116077 0.03213195 0.03161896 0.03172689 0.0345431
 0.03086894 0.03122924 0.03143214 0.03156266]","[0.010125 0.011625 0.009    0.010375 0.0075   0.011375 0.01025  0.009
 0.010375 0.010375]",0.0684703960171765,0.9935081337808107,0.03183208,"[0.4162192  0.41133612 0.5024119  0.34387398 0.46412635 0.18077087
 0.56071371 0.38105443 0.45935154 0.34161305]",1.3223085,"[0.41615203 0.41125372 0.50232875 0.34377736 0.4640556  0.18071677
 0.56065208 0.3809478  0.45926538 0.34154585]",1.3220687,"[-6.71744347e-05 -8.24034214e-05 -8.31484795e-05 -9.66191292e-05
 -7.07507133e-05 -5.41061163e-05 -6.16312027e-05 -1.06632710e-04
 -8.61585140e-05 -6.72042370e-05]",0.0002501868,0.00023988175,7.10646e-05,0.0
14,29,0.1,0.1,15.0,False,42,default,6291456,6912870400,"[0.05343983 0.02758654 0.02844633 0.02799218 0.02808773 0.03058091
 0.02732819 0.02764716 0.02782678 0.02794233]","[0.019625 0.00775  0.009125 0.008375 0.009    0.011    0.007625 0.0095
 0.009    0.009   ]",0.0668851740636746,0.995655832631935,0.033331666,"[0.4162192  0.41133612 0.5024119  0.34387398 0.46412635 0.18077087
 0.56071371 0.38105443 0.45935154 0.34161305]",1.3223085,"[0.41613904 0.41124636 0.50231928 0.34376153 0.4640581  0.18072137
 0.56065589 0.38093749 0.45927262 0.34154239]",1.3220563,"[-8.01682472e-05 -8.97645950e-05 -9.26256180e-05 -1.12444162e-04
 -6.82473183e-05 -4.95016575e-05 -5.78165054e-05 -1.16944313e-04
 -7.89165497e-05 -7.06613064e-05]",0.00026656236,0.00025220105,8.631419e-05,0.0
14,29,0.1,0.1,30.0,False,42,default,6291456,6912870400,"[0.07349515 0.02213234 0.02282213 0.02245778 0.02253443 0.02453468
 0.02192506 0.02218097 0.02232508 0.02241778]","[0.0275   0.00775  0.00825  0.00675  0.008625 0.00925  0.007375 0.007875
 0.008125 0.0085  ]",0.06340577509856048,0.9987202345050731,0.03666828,"[0.4162192  0.41133612 0.5024119  0.34387398 0.46412635 0.18077087
 0.56071371 0.38105443 0.45935154 0.34161305]",1.3223085,"[0.41612971 0.41124058 0.50232106 0.34375617 0.46406156 0.18072529
 0.56066084 0.38093337 0.45928121 0.34154156]",1.3220563,"[-8.94963741e-05 -9.55462456e-05 -9.08374786e-05 -1.17808580e-04
 -6.47902489e-05 -4.55826521e-05 -5.28693199e-05 -1.21057034e-04
 -7.03334808e-05 -7.14957714e-05]",0.0002702831,0.00025222352,9.7140444e-05,0.0
14,29,0.1,0.1,45.0,False,42,default,6291456,6912870400,"[0.08854189 0.01516985 0.01564265 0.01539291 0.01544545 0.01681646
 0.01502778 0.01520318 0.01530196 0.0153655 ]","[0.0405   0.00475  0.007    0.006875 0.0075   0.0065   0.006    0.00625
 0.0075   0.007125]",0.05498948165255611,0.9981513682137488,0.045162555,"[0.4162192  0.41133612 0.5024119  0.34387398 0.46412635 0.18077087
 0.56071371 0.38105443 0.45935154 0.34161305]",1.3223085,"[0.41611335 0.41122931 0.50231338 0.3437393  0.46406588 0.18072906
 0.56066334 0.38092473 0.45928964 0.34153488]",1.3220422,"[-1.05857849e-04 -1.06811523e-04 -9.85264778e-05 -1.34676695e-04
 -6.04689121e-05 -4.18126583e-05 -5.03659248e-05 -1.29699707e-04
 -6.18994236e-05 -7.81714916e-05]",0.00029183165,0.00026637764,0.00011920011,0.019782341029446364
14,29,0.1,0.1,60.0,False,42,default,6291456,6912870400,"[0.09755465 0.00717356 0.00739714 0.00727905 0.00730389 0.00795222
 0.00710638 0.00718933 0.00723604 0.00726608]","[0.059625 0.00525  0.003875 0.004125 0.00425  0.005375 0.003375 0.005375
 0.0045   0.00425 ]",0.03891629425301616,0.9995286809782704,0.06115784,"[0.4162192  0.41133612 0.5024119  0.34387398 0.46412635 0.18077087
 0.56071371 0.38105443 0.45935154 0.34161305]",1.3223085,"[0.41609636 0.41122133 0.50232095 0.34373367 0.46407482 0.18072808
 0.56066728 0.38092354 0.45929506 0.34153035]",1.3220408,"[-1.22845173e-04 -1.14798546e-04 -9.09566879e-05 -1.40309334e-04
 -5.15282154e-05 -4.27961349e-05 -4.64320183e-05 -1.30891800e-04
 -5.64754009e-05 -8.27014446e-05]",0.0003000562,0.00026775565,0.00013542763,0.0
14,29,0.1,0.1,72.69688236761695,True,42,default,6291456,6912870400,[0.1 0.  0.  0.  0.  0.  0.  0.  0.  0. ],[0.1 0.  0.  0.  0.  0.  0.  0.  0.  0. ],1.4901161138336505e-09,0.9999999999,0.1,"[0.4162192  0.41133612 0.5024119  0.34387398 0.46412635 0.18077087
 0.56071371 0.38105443 0.45935154 0.34161305]",1.3223085,"[0.41604829 0.41119871 0.50232488 0.34370205 0.46408692 0.18073352
 0.56066716 0.3809053  0.4593128  0.34151849]",1.3220147,"[-1.70916319e-04 -1.37418509e-04 -8.70227814e-05 -1.71929598e-04
 -3.94284725e-05 -3.73572111e-05 -4.65512276e-05 -1.49130821e-04
 -3.87430191e-05 -9.45627689e-05]",0.00035075535,0.00029387206,0.00019149025,0.019782341029446364
14,29,0.1,1.0,0.0,False,42,default,6291456,6912870400,"[0.29742682 0.31160766 0.32131952 0.31618961 0.31726892 0.34543099
 0.30868938 0.31229237 0.31432136 0.31562658]","[0.10125 0.11625 0.09    0.10375 0.075   0.11375 0.1025  0.09    0.10375
 0.10375]",0.6847039625924082,0.993508196201857,0.31832078,"[0.4162192  0.41133612 0.5024119  0.34387398 0.46412635 0.18077087
 0.56071371 0.38105443 0.45935154 0.34161305]",1.3223085,"[0.41430238 0.40928337 0.49950349 0.34193724 0.46158165 0.17958371
 0.55802518 0.37908596 0.45646772 0.33984885]",1.3152378,"[-0.00191683 -0.00205275 -0.00290841 -0.00193673 -0.0025447  -0.00118716
 -0.00268853 -0.00196847 -0.00288382 -0.00176421]",0.0071073603,0.0070709856,0.00071815535,0.027976455118293345
14,29,0.1,1.0,15.0,False,42,default,6291456,6912870400,"[0.53439834 0.2758654  0.28446328 0.27992178 0.28087729 0.30580909
 0.27328185 0.27647157 0.27826782 0.27942333]","[0.19625001 0.0775     0.09125    0.08375    0.09       0.11
 0.07625    0.095      0.09       0.09      ]",0.6688517438832259,0.9956557567015412,0.33331668,"[0.4162192  0.41133612 0.5024119  0.34387398 0.46412635 0.18077087
 0.56071371 0.38105443 0.45935154 0.34161305]",1.3223085,"[0.4145585  0.40954199 0.4998928  0.3421447  0.4618848  0.17965043
 0.55839199 0.37932485 0.45683423 0.34007642]",1.3161267,"[-0.0016607  -0.00179413 -0.0025191  -0.00172928 -0.00224155 -0.00112045
 -0.00232172 -0.00172958 -0.00251731 -0.00153664]",0.0062187635,0.0061820266,0.00067495945,0.027976455118293345
14,29,0.1,1.0,30.0,False,42,default,6291456,6912870400,"[0.73495149 0.22132336 0.22822133 0.22457775 0.22534434 0.24534681
 0.21925061 0.22180968 0.2232508  0.22417785]","[0.27500001 0.0775     0.0825     0.0675     0.08625    0.0925
 0.07375    0.07875    0.08125    0.085     ]",0.6340577613956082,0.9987202466637815,0.36668277,"[0.4162192  0.41133612 0.5024119  0.34387398 0.46412635 0.18077087
 0.56071371 0.38105443 0.45935154 0.34161305]",1.3223085,"[0.41417077 0.4091962  0.49945676 0.34186316 0.46147397 0.17958127
 0.55787957 0.37901416 0.45643881 0.33979774]",1.3149884,"[-0.00204843 -0.00213993 -0.00295514 -0.00201082 -0.00265238 -0.0011896
 -0.00283414 -0.00204027 -0.00291273 -0.00181532]",0.0073468564,0.0073203607,0.00062340195,0.019782341029446364
14,29,0.1,1.0,45.0,False,42,default,6291456,6912870400,"[0.88541892 0.1516985  0.15642648 0.15392911 0.15445455 0.16816456
 0.15027781 0.15203184 0.1530196  0.15365501]","[0.405   0.0475  0.07    0.06875 0.075   0.065   0.06    0.0625  0.075
 0.07125]",0.5498948174968956,0.99815141564483,0.45162553,"[0.4162192  0.41133612 0.5024119  0.34387398 0.46412635 0.18077087
 0.56071371 0.38105443 0.45935154 0.34161305]",1.3223085,"[0.41361073 0.40864924 0.49872288 0.34142348 0.46088517 0.1794551
 0.55709255 0.37852824 0.455966   0.33940169]",1.3132845,"[-0.00260848 -0.00268689 -0.00368902 -0.0024505  -0.00324118 -0.00131577
 -0.00362116 -0.00252619 -0.00338554 -0.00221136]",0.00903993,0.00902421,0.0005328828,0.03426402009603798
14,29,0.1,1.0,60.0,False,42,default,6291456,6912870400,"[0.9755465  0.07173564 0.07397143 0.07279046 0.07303893 0.07952216
 0.07106382 0.07189327 0.07236037 0.07266085]","[0.59625 0.0525  0.03875 0.04125 0.0425  0.05375 0.03375 0.05375 0.045
 0.0425 ]",0.3891629433455236,0.999528691975715,0.6115784,"[0.4162192  0.41133612 0.5024119  0.34387398 0.46412635 0.18077087
 0.56071371 0.38105443 0.45935154 0.34161305]",1.3223085,"[0.41323233 0.40832305 0.49830961 0.34115303 0.46056446 0.17942724
 0.55661601 0.3782087  0.4556587  0.33916035]",1.3122569,"[-0.00298688 -0.00301307 -0.00410229 -0.00272095 -0.00356188 -0.00134364
 -0.0040977  -0.00284573 -0.00369284 -0.0024527 ]",0.010063147,0.01005177,0.00047837463,0.019782341029446364
14,29,0.1,1.0,72.69688236761695,True,42,default,6291456,6912870400,[1. 0. 0. 0. 0. 0. 0. 0. 0. 0.],[1. 0. 0. 0. 0. 0. 0. 0. 0. 0.],0.0,0.9999999999989999,1.0,"[0.4162192  0.41133612 0.5024119  0.34387398 0.46412635 0.18077087
 0.56071371 0.38105443 0.45935154 0.34161305]",1.3223085,"[0.41200212 0.4071669  0.49712488 0.34026697 0.45943275 0.17934105
 0.55502909 0.37730891 0.45469719 0.33837861]",1.3089522,"[-0.00421709 -0.00416923 -0.00528702 -0.003607   -0.0046936  -0.00142983
 -0.00568461 -0.00374553 -0.00465435 -0.00323445]",0.013366826,0.013356413,0.00052750675,0.019782341029446364
14,29,0.1,2.0,0.0,False,42,default,6291456,6912870400,"[0.59485365 0.62321532 0.64263904 0.63237922 0.63453784 0.69086197
 0.61737876 0.62458474 0.62864271 0.63125316]","[0.2025     0.2325     0.18000001 0.2075     0.15000001 0.22750001
 0.205      0.18000001 0.2075     0.2075    ]",1.3694079251848164,0.9935081962041977,0.63664156,"[0.4162192  0.41133612 0.5024119  0.34387398 0.46412635 0.18077087
 0.56071371 0.38105443 0.45935154 0.34161305]",1.3223085,"[0.40689692 0.40209287 0.4898971  0.33614632 0.45310837 0.17749536
 0.54741895 0.37264693 0.44828489 0.33417559]",1.291594,"[-0.00932229 -0.00924325 -0.0125148  -0.00772765 -0.01101798 -0.00327551
 -0.01329476 -0.0084075  -0.01106665 -0.00743747]",0.030757561,0.030715568,0.001606712,0.07401874722002606
14,29,0.1,2.0,15.0,False,42,default,6291456,6912870400,"[1.06879668 0.55173079 0.56892656 0.55984357 0.56175459 0.61161818
 0.5465637  0.55294314 0.55653565 0.55884666]","[0.39250001 0.155      0.1825     0.1675     0.18000001 0.22
 0.1525     0.19       0.18000001 0.18000001]",1.3377034877664518,0.9956557567037814,0.66663337,"[0.4162192  0.41133612 0.5024119  0.34387398 0.46412635 0.18077087
 0.56071371 0.38105443 0.45935154 0.34161305]",1.3223085,"[0.40697366 0.40222931 0.49015334 0.33620521 0.45326406 0.17756917
 0.54743963 0.37278765 0.44842038 0.33426818]",1.2919583,"[-0.00924554 -0.00910681 -0.01225856 -0.00766876 -0.01086229 -0.00320171
 -0.01327407 -0.00826678 -0.01093116 -0.00734487]",0.030392677,0.030351253,0.0015863063,0.07401874722002606
14,29,0.1,2.0,30.0,False,42,default,6291456,6912870400,"[1.46990299 0.44264672 0.45644267 0.4491555  0.45068869 0.49069363
 0.43850123 0.44361937 0.4465016  0.4483557 ]","[0.55000001 0.155      0.16500001 0.13500001 0.1725     0.185
 0.14749999 0.1575     0.16249999 0.17      ]",1.2681155227912164,0.9987202466658242,0.73336554,"[0.4162192  0.41133612 0.5024119  0.34387398 0.46412635 0.18077087
 0.56071371 0.38105443 0.45935154 0.34161305]",1.3223085,"[0.40544227 0.40070641 0.48799405 0.33501732 0.45149446 0.17719357
 0.54538262 0.37135711 0.44680119 0.33304435]",1.287038,"[-0.01077694 -0.01062971 -0.01441786 -0.00885665 -0.01263189 -0.00357731
 -0.01533109 -0.00969732 -0.01255035 -0.0085687 ]",0.035324555,0.035271995,0.0019263176,0.08622923312351063
14,29,0.1,2.0,45.0,False,42,default,6291456,6912870400,"[1.77083784 0.30339701 0.31285297 0.30785823 0.3089091  0.33632911
 0.30055562 0.30406368 0.3060392  0.30731003]","[0.81       0.095      0.14       0.1375     0.15000001 0.13
 0.12       0.125      0.15000001 0.1425    ]",1.0997896349937912,0.9981514156464876,0.90325105,"[0.4162192  0.41133612 0.5024119  0.34387398 0.46412635 0.18077087
 0.56071371 0.38105443 0.45935154 0.34161305]",1.3223085,"[0.40549091 0.4007096  0.48822379 0.3350431  0.45155567 0.17725509
 0.54545581 0.37143192 0.44686884 0.33318749]",1.2872912,"[-0.0107283  -0.01062652 -0.01418811 -0.00883088 -0.01257068 -0.00351578
 -0.01525789 -0.00962251 -0.0124827  -0.00842556]",0.035069834,0.035018723,0.0018926145,0.08392937202498843
14,29,0.1,2.0,60.0,False,42,default,6291456,6912870400,"[1.95109301 0.14347129 0.14794285 0.14558092 0.14607786 0.15904432
 0.14212765 0.14378655 0.14472074 0.14532169]",[1.1925 0.105  0.0775 0.0825 0.085  0.1075 0.0675 0.1075 0.09   0.085 ],0.7783258866910472,0.9995286919769407,1.2231568,"[0.4162192  0.41133612 0.5024119  0.34387398 0.46412635 0.18077087
 0.56071371 0.38105443 0.45935154 0.34161305]",1.3223085,"[0.4046784  0.40009686 0.48737076 0.33451009 0.45079845 0.1771412
 0.54445636 0.37085229 0.4462826  0.33259335]",1.285153,"[-0.0115408  -0.01123926 -0.01504114 -0.00936389 -0.0133279  -0.00362967
 -0.01625735 -0.01020214 -0.01306894 -0.0090197 ]",0.03721255,0.03715714,0.0020300099,0.09065408419654447
14,29,0.1,2.0,72.69688236761695,True,42,default,6291456,6912870400,[2. 0. 0. 0. 0. 0. 0. 0. 0. 0.],[2. 0. 0. 0. 0. 0. 0. 0. 0. 0.],0.0,0.99999999999975,2.0,"[0.4162192  0.41133612 0.5024119  0.34387398 0.46412635 0.18077087
 0.56071371 0.38105443 0.45935154 0.34161305]",1.3223085,"[0.40197563 0.39725688 0.48380688 0.33233231 0.44779322 0.17667252
 0.54028136 0.36831269 0.44356903 0.33048093]",1.2763904,"[-0.01424357 -0.01407924 -0.01860502 -0.01154166 -0.01633313 -0.00409836
 -0.02043235 -0.01274174 -0.01578251 -0.01113212]",0.046009496,0.045921285,0.002847693,0.12972151222939818
14,29,0.1,5.0,0.0,False,42,default,6291456,6912870400,"[1.48713412 1.5580383  1.6065976  1.58094806 1.58634461 1.72715493
 1.5434469  1.56146185 1.57160679 1.57813289]","[0.50625002 0.58125001 0.45000002 0.51875001 0.375      0.56875002
 0.51249999 0.45000002 0.51875001 0.51875001]",3.4235197887017703,0.9935081565197328,1.591604,"[0.4162192  0.41133612 0.5024119  0.34387398 0.46412635 0.18077087
 0.56071371 0.38105443 0.45935154 0.34161305]",1.3223085,"[0.3943893  0.3894791  0.47319764 0.32614687 0.43835887 0.17408486
 0.52892202 0.36138651 0.43397447 0.32423323]",1.2505232,"[-0.0218299  -0.02185702 -0.02921426 -0.01772711 -0.02576748 -0.00668602
 -0.03179169 -0.01966792 -0.02537706 -0.01737982]",0.0719323,0.07179326,0.0044702124,0.2036717727852554
14,29,0.1,5.0,15.0,False,42,default,6291456,6912870400,"[2.67199171 1.37932698 1.42231639 1.39960892 1.40438647 1.52904546
 1.36640925 1.38235784 1.39133912 1.39711666]","[0.98125005 0.38749999 0.45625001 0.41875002 0.45000002 0.55000001
 0.38125002 0.47499999 0.45000002 0.45000002]",3.3442587053647226,0.9956557654451345,1.6665834,"[0.4162192  0.41133612 0.5024119  0.34387398 0.46412635 0.18077087
 0.56071371 0.38105443 0.45935154 0.34161305]",1.3223085,"[0.39456263 0.38964218 0.47353035 0.32632351 0.43856755 0.17406206
 0.52905482 0.36159247 0.43421996 0.32436448]",1.2511057,"[-0.02165657 -0.02169394 -0.02888155 -0.01755047 -0.0255588  -0.00670882
 -0.03165889 -0.01946196 -0.02513158 -0.01724857]",0.071345784,0.07121065,0.004389113,0.201741189079591
14,29,0.1,5.0,30.0,False,42,default,6291456,6912870400,"[3.67475747 1.1066168  1.14110667 1.12288875 1.12672172 1.22673407
 1.09625307 1.10904842 1.11625399 1.12088924]","[1.375      0.38749999 0.41250002 0.33750001 0.43125001 0.46250001
 0.36874998 0.39375001 0.40625    0.42500001]",3.1702888238509703,0.9987202374887001,1.8334138,"[0.4162192  0.41133612 0.5024119  0.34387398 0.46412635 0.18077087
 0.56071371 0.38105443 0.45935154 0.34161305]",1.3223085,"[0.3939155  0.3890532  0.47260857 0.32580003 0.43786874 0.17402986
 0.52833754 0.36100596 0.43354642 0.32392353]",1.2491623,"[-0.0223037  -0.02228293 -0.02980334 -0.01807395 -0.0262576  -0.00674102
 -0.03237617 -0.02004847 -0.02580512 -0.01768953]",0.073299214,0.07315467,0.00460086,0.21028928664640814
14,29,0.1,5.0,45.0,False,42,default,6291456,6912870400,"[4.42709459 0.75849252 0.78213241 0.76964557 0.77227274 0.84082278
 0.75138905 0.76015919 0.765098   0.76827507]","[2.0250001  0.2375     0.34999999 0.34375    0.375      0.32499999
 0.29999998 0.3125     0.375      0.35624999]",2.7494740189172004,0.9981514200531701,2.2581277,"[0.4162192  0.41133612 0.5024119  0.34387398 0.46412635 0.18077087
 0.56071371 0.38105443 0.45935154 0.34161305]",1.3223085,"[0.3932111  0.38843578 0.47196147 0.32529905 0.43714517 0.17391053
 0.52734983 0.36050624 0.43290991 0.32344189]",1.2471942,"[-0.02300811 -0.02290034 -0.03045043 -0.01857492 -0.02698117 -0.00686035
 -0.03336388 -0.02054819 -0.02644163 -0.01817116]",0.07527172,0.07512327,0.004724929,0.216704816531638
14,29,0.1,5.0,60.0,False,42,default,6291456,6912870400,"[4.87773252 0.35867822 0.36985713 0.36395231 0.36519466 0.3976108
 0.35531912 0.35946636 0.36180184 0.36330423]","[2.98125005 0.26249999 0.19374999 0.20625001 0.21250001 0.26875001
 0.16875    0.26875001 0.22500001 0.21250001]",1.9458146581260276,0.9995287697222617,3.0578918,"[0.4162192  0.41133612 0.5024119  0.34387398 0.46412635 0.18077087
 0.56071371 0.38105443 0.45935154 0.34161305]",1.3223085,"[0.39256254 0.38792187 0.47122547 0.32492381 0.43671337 0.17387602
 0.52668744 0.36002293 0.43258888 0.32308069]",1.2456722,"[-0.02365667 -0.02341425 -0.03118643 -0.01895016 -0.02741298 -0.00689486
 -0.03402627 -0.0210315  -0.02676266 -0.01853237]",0.07680089,0.07664579,0.00487866,0.22293580089065076
14,29,0.1,5.0,72.69688236761695,True,42,default,6291456,6912870400,[5. 0. 0. 0. 0. 0. 0. 0. 0. 0.],[5. 0. 0. 0. 0. 0. 0. 0. 0. 0.],0.0,0.99999999999996,5.0,"[0.4162192  0.41133612 0.5024119  0.34387398 0.46412635 0.18077087
 0.56071371 0.38105443 0.45935154 0.34161305]",1.3223085,"[0.39093423 0.38647416 0.46979776 0.32373229 0.43537173 0.17387085
 0.52466482 0.35880703 0.43138772 0.32199356]",1.241481,"[-0.02528498 -0.02486196 -0.03261414 -0.02014169 -0.02875462 -0.00690003
 -0.03604889 -0.0222474  -0.02796382 -0.01961949]",0.08101003,0.08083879,0.005264411,0.24308965745644515
14,40,0.1,0.01,0.0,False,42,default,6291456,6912870400,"[0.00303058 0.00339258 0.00317751 0.0032452  0.00312085 0.00329893
 0.00298252 0.00315656 0.00311855 0.00307747]","[0.001025  0.001225  0.0008625 0.001075  0.0008    0.001075  0.0010125
 0.0008875 0.0010375 0.001    ]",0.006840924434215008,0.9947290630230812,0.0031836496,"[0.37006128 0.37308064 0.45378083 0.30779898 0.42007682 0.16536891
 0.50006622 0.34246987 0.41449034 0.30623314]",1.1889222,"[0.37006038 0.37308007 0.45377958 0.30779716 0.42007589 0.16536865
 0.50006592 0.34246808 0.4144887  0.30623263]",1.1889191,"[-8.94069672e-07 -5.66244125e-07 -1.25169754e-06 -1.81794167e-06
 -9.23871994e-07 -2.68220901e-07 -2.98023224e-07 -1.78813934e-06
 -1.63912773e-06 -5.06639481e-07]",3.6258539e-06,3.110458e-06,1.8632952e-06,0.0
14,40,0.1,0.01,15.0,False,42,default,6291456,6912870400,"[0.00268222 0.00300261 0.00281226 0.00287217 0.00276211 0.00291972
 0.00535129 0.00279372 0.00276008 0.00272372]","[0.0009125 0.0011875 0.0007125 0.001025  0.0007375 0.001     0.0017125
 0.000925  0.0009125 0.000875 ]",0.006752491589177766,0.994158702167093,0.0032759064,"[0.37006128 0.37308064 0.45378083 0.30779898 0.42007682 0.16536891
 0.50006622 0.34246987 0.41449034 0.30623314]",1.1889222,"[0.37006035 0.3730801  0.45377964 0.30779737 0.42007592 0.16536865
 0.50006586 0.34246835 0.41448867 0.30623257]",1.1889192,"[-9.23871994e-07 -5.36441803e-07 -1.19209290e-06 -1.60932541e-06
 -8.94069672e-07 -2.68220901e-07 -3.57627869e-07 -1.51991844e-06
 -1.66893005e-06 -5.66244125e-07]",3.4011227e-06,2.9966457e-06,1.6086491e-06,0.0
14,40,0.1,0.01,30.0,False,42,default,6291456,6912870400,"[0.00215107 0.00240801 0.00225536 0.00230341 0.00221514 0.00234154
 0.00735537 0.00224049 0.00221351 0.00218435]","[0.0007875 0.001075  0.0007125 0.0008375 0.0007875 0.00065   0.0027
 0.0007875 0.000825  0.0008375]",0.006371082756620802,0.9963927044308356,0.0036496148,"[0.37006128 0.37308064 0.45378083 0.30779898 0.42007682 0.16536891
 0.50006622 0.34246987 0.41449034 0.30623314]",1.1889222,"[0.37006047 0.37308004 0.45377973 0.3077974  0.42007607 0.16536874
 0.50006586 0.34246823 0.41448888 0.30623257]",1.1889194,"[-8.04662704e-07 -5.96046448e-07 -1.10268593e-06 -1.57952309e-06
 -7.45058060e-07 -1.78813934e-07 -3.57627869e-07 -1.63912773e-06
 -1.46031380e-06 -5.66244125e-07]",3.2509129e-06,2.8329287e-06,1.5946638e-06,0.0
14,40,0.1,0.01,45.0,False,42,default,6291456,6912870400,"[0.00147333 0.00164932 0.00154476 0.00157767 0.00151721 0.00160379
 0.0088582  0.00153457 0.0015161  0.00149613]","[0.0006375 0.000875  0.0007375 0.00055   0.0007    0.000725  0.0037
 0.0006625 0.0007125 0.0007   ]",0.005752671831681885,0.99808539664056,0.0042615286,"[0.37006128 0.37308064 0.45378083 0.30779898 0.42007682 0.16536891
 0.50006622 0.34246987 0.41449034 0.30623314]",1.1889222,"[0.37006077 0.3730801  0.45377961 0.30779752 0.42007604 0.16536872
 0.50006586 0.34246823 0.41448888 0.3062326 ]",1.1889194,"[-5.06639481e-07 -5.36441803e-07 -1.22189522e-06 -1.46031380e-06
 -7.74860382e-07 -1.93715096e-07 -3.57627869e-07 -1.63912773e-06
 -1.46031380e-06 -5.36441803e-07]",3.1690465e-06,2.7410258e-06,1.5904818e-06,0.0
14,40,0.1,0.01,60.0,False,42,default,6291456,6912870400,"[0.00069519 0.00077822 0.00072889 0.00074442 0.00071589 0.00075674
 0.00975736 0.00072408 0.00071536 0.00070594]","[0.000425  0.0005125 0.0005625 0.0005125 0.00035   0.0004    0.005825
 0.0005375 0.00045   0.000425 ]",0.004016695787137663,0.9993985947612176,0.0059922864,"[0.37006128 0.37308064 0.45378083 0.30779898 0.42007682 0.16536891
 0.50006622 0.34246987 0.41449034 0.30623314]",1.1889222,"[0.37006068 0.37308013 0.45377979 0.30779728 0.42007583 0.16536883
 0.50006551 0.34246826 0.41448876 0.30623266]",1.1889192,"[-5.96046448e-07 -5.06639481e-07 -1.04308128e-06 -1.69873238e-06
 -9.83476639e-07 -8.94069672e-08 -7.15255737e-07 -1.60932541e-06
 -1.57952309e-06 -4.76837158e-07]",3.3741178e-06,2.9802218e-06,1.5820717e-06,0.0
14,40,0.1,0.01,72.64736571889203,True,42,default,6291456,6912870400,[0.   0.   0.   0.   0.   0.   0.01 0.   0.   0.  ],[0.   0.   0.   0.   0.   0.   0.01 0.   0.   0.  ],2.2351741811588166e-10,0.99999999,0.01,"[0.37006128 0.37308064 0.45378083 0.30779898 0.42007682 0.16536891
 0.50006622 0.34246987 0.41449034 0.30623314]",1.1889222,"[0.37006044 0.37308016 0.45378083 0.30779767 0.42007574 0.16536869
 0.50006539 0.34246853 0.41448888 0.3062326 ]",1.1889197,"[-8.34465027e-07 -4.76837158e-07  0.00000000e+00 -1.31130219e-06
 -1.07288361e-06 -2.23517418e-07 -8.34465027e-07 -1.34110451e-06
 -1.46031380e-06 -5.36441803e-07]",2.9596347e-06,2.5435759e-06,1.5131625e-06,0.0
14,40,0.1,0.1,0.0,False,42,default,6291456,6912870400,"[0.03030585 0.03392579 0.03177511 0.03245203 0.03120845 0.03298931
 0.02982518 0.03156556 0.03118547 0.03077472]","[0.01025  0.01225  0.008625 0.01075  0.008    0.01075  0.010125 0.008875
 0.010375 0.01    ]",0.06840924376513986,0.9947290387988654,0.0318365,"[0.37006128 0.37308064 0.45378083 0.30779898 0.42007682 0.16536891
 0.50006622 0.34246987 0.41449034 0.30623314]",1.1889222,"[0.3697789  0.37281024 0.45344442 0.3075029  0.41988444 0.16523418
 0.49986684 0.34221968 0.41425684 0.30598524]",1.1881565,"[-0.00028238 -0.0002704  -0.00033641 -0.00029609 -0.00019237 -0.00013474
 -0.00019938 -0.00025019 -0.0002335  -0.0002479 ]",0.000791942,0.0007656875,0.00020222466,0.0
14,40,0.1,0.1,15.0,False,42,default,6291456,6912870400,"[0.02682224 0.03002608 0.02812262 0.02872172 0.02762109 0.02919725
 0.05351286 0.02793716 0.02760075 0.02723722]","[0.009125 0.011875 0.007125 0.01025  0.007375 0.01     0.017125 0.00925
 0.009125 0.00875 ]",0.06752491452241648,0.9941587034027279,0.032759067,"[0.37006128 0.37308064 0.45378083 0.30779898 0.42007682 0.16536891
 0.50006622 0.34246987 0.41449034 0.30623314]",1.1889222,"[0.36977986 0.37280726 0.45344904 0.307502   0.41988426 0.16523442
 0.49986532 0.34222019 0.41425657 0.30598634]",1.1881571,"[-0.00028142 -0.00027338 -0.00033179 -0.00029698 -0.00019255 -0.0001345
 -0.0002009  -0.00024968 -0.00023377 -0.00024679]",0.00079097296,0.000765127,0.0002005463,0.0
14,40,0.1,0.1,30.0,False,42,default,6291456,6912870400,"[0.02151075 0.02408014 0.02255361 0.02303408 0.02215141 0.02341544
 0.07355373 0.02240488 0.02213509 0.02184355]","[0.007875 0.01075  0.007125 0.008375 0.007875 0.0065   0.027    0.007875
 0.00825  0.008375]",0.06371082690551508,0.9963927493125474,0.036496148,"[0.37006128 0.37308064 0.45378083 0.30779898 0.42007682 0.16536891
 0.50006622 0.34246987 0.41449034 0.30623314]",1.1889222,"[0.36979523 0.3728255  0.45345876 0.30752015 0.41987279 0.16523984
 0.49985254 0.34223118 0.41425407 0.30599847]",1.1881727,"[-0.00026605 -0.00025514 -0.00032207 -0.00027883 -0.00020403 -0.00012907
 -0.00021368 -0.00023869 -0.00023627 -0.00023466]",0.00076757,0.0007494682,0.00016571402,0.0
14,40,0.1,0.1,45.0,False,42,default,6291456,6912870400,"[0.01473333 0.01649318 0.01544762 0.01577671 0.01517214 0.01603791
 0.08858203 0.01534575 0.01516096 0.01496128]","[0.006375 0.00875  0.007375 0.0055   0.007    0.00725  0.037    0.006625
 0.007125 0.007   ]",0.057526717551028686,0.998085503704821,0.042615283,"[0.37006128 0.37308064 0.45378083 0.30779898 0.42007682 0.16536891
 0.50006622 0.34246987 0.41449034 0.30623314]",1.1889222,"[0.36981201 0.3728449  0.45347255 0.30753866 0.41987982 0.16523474
 0.49985948 0.3422468  0.41425329 0.30601025]",1.1882061,"[-0.00024927 -0.00023574 -0.00030828 -0.00026032 -0.00019699 -0.00013417
 -0.00020674 -0.00022307 -0.00023705 -0.00022289]",0.00073190767,0.00071614265,0.00015109149,0.019782341029446364
14,40,0.1,0.1,60.0,False,42,default,6291456,6912870400,"[0.00695186 0.00778224 0.0072889  0.00744417 0.00715891 0.00756742
 0.09757361 0.00724083 0.00715364 0.00705942]","[0.00425  0.005125 0.005625 0.005125 0.0035   0.004    0.05825  0.005375
 0.0045   0.00425 ]",0.040166957782090514,0.9993985660938002,0.059922867,"[0.37006128 0.37308064 0.45378083 0.30779898 0.42007682 0.16536891
 0.50006622 0.34246987 0.41449034 0.30623314]",1.1889222,"[0.36983117 0.3728621  0.45349357 0.3075577  0.41986969 0.16523246
 0.49984279 0.34225762 0.41424611 0.30602199]",1.1882231,"[-0.0002301  -0.00021854 -0.00028726 -0.00024128 -0.00020713 -0.00013645
 -0.00022343 -0.00021225 -0.00024423 -0.00021115]",0.00070863793,0.0006991128,0.000115797666,0.0
14,40,0.1,0.1,72.64736571889203,True,42,default,6291456,6912870400,[0.  0.  0.  0.  0.  0.  0.1 0.  0.  0. ],[0.  0.  0.  0.  0.  0.  0.1 0.  0.  0. ],1.4901161138336505e-09,0.9999999999,0.1,"[0.37006128 0.37308064 0.45378083 0.30779898 0.42007682 0.16536891
 0.50006622 0.34246987 0.41449034 0.30623314]",1.1889222,"[0.36986166 0.3729012  0.45350686 0.30759078 0.41985255 0.16522831
 0.49982694 0.34227866 0.41423553 0.30605116]",1.1882551,"[-0.00019962 -0.00017944 -0.00027397 -0.0002082  -0.00022426 -0.00014061
 -0.00023928 -0.00019121 -0.00025481 -0.00018197]",0.0006725902,0.0006671304,8.55256e-05,0.0
14,40,0.1,1.0,0.0,False,42,default,6291456,6912870400,"[0.30305846 0.33925786 0.3177511  0.32452027 0.31208451 0.32989312
 0.29825183 0.31565562 0.31185466 0.3077472 ]","[0.1025  0.1225  0.08625 0.1075  0.08    0.1075  0.10125 0.08875 0.10375
 0.1    ]",0.6840924453695824,0.9947291314238776,0.31836495,"[0.37006128 0.37308064 0.45378083 0.30779898 0.42007682 0.16536891
 0.50006622 0.34246987 0.41449034 0.30623314]",1.1889222,"[0.3678526  0.370828   0.45050552 0.30565739 0.41802612 0.16433749
 0.49775305 0.34058669 0.41216761 0.30421337]",1.1820104,"[-0.00220868 -0.00225264 -0.00327531 -0.00214159 -0.0020507  -0.00103143
 -0.00231317 -0.00188318 -0.00232273 -0.00201976]",0.006993393,0.0069122845,0.0010620098,0.048456642643301504
14,40,0.1,1.0,15.0,False,42,default,6291456,6912870400,"[0.26822243 0.30026077 0.28122617 0.28721724 0.27621095 0.29197249
 0.53512862 0.27937156 0.27600752 0.2723722 ]","[0.09125 0.11875 0.07125 0.1025  0.07375 0.1     0.17125 0.0925  0.09125
 0.0875 ]",0.6752491573681112,0.9941588246293203,0.3275906,"[0.37006128 0.37308064 0.45378083 0.30779898 0.42007682 0.16536891
 0.50006622 0.34246987 0.41449034 0.30623314]",1.1889222,"[0.36793023 0.37088034 0.4506115  0.30570257 0.41810748 0.16435251
 0.49782547 0.34063822 0.41224468 0.30427417]",1.1822218,"[-0.00213104 -0.00220031 -0.00316933 -0.00209641 -0.00196934 -0.00101641
 -0.00224075 -0.00183165 -0.00224566 -0.00195897]",0.0067816013,0.0067008864,0.0010431883,0.048456642643301504
14,40,0.1,1.0,30.0,False,42,default,6291456,6912870400,"[0.21510748 0.24080141 0.22553615 0.23034083 0.22151407 0.23415441
 0.73553727 0.2240488  0.22135092 0.21843549]","[0.07875    0.1075     0.07125    0.08375    0.07875    0.065
 0.27000001 0.07875    0.0825     0.08375   ]",0.6371082691597155,0.9963926677585344,0.3649615,"[0.37006128 0.37308064 0.45378083 0.30779898 0.42007682 0.16536891
 0.50006622 0.34246987 0.41449034 0.30623314]",1.1889222,"[0.36796641 0.37094754 0.45064342 0.30574968 0.41815031 0.16438696
 0.49789768 0.34067985 0.41230288 0.30432293]",1.1823736,"[-0.00209486 -0.0021331  -0.00313741 -0.0020493  -0.00192651 -0.00098196
 -0.00216854 -0.00179002 -0.00218746 -0.00191021]",0.006633085,0.006549018,0.0010527045,0.05233915627441309
14,40,0.1,1.0,45.0,False,42,default,6291456,6912870400,"[0.14733331 0.16493182 0.15447621 0.15776707 0.15172137 0.1603791
 0.88582028 0.15345748 0.15160963 0.14961276]","[0.06375 0.0875  0.07375 0.055   0.07    0.0725  0.37    0.06625 0.07125
 0.07   ]",0.5752671767063393,0.9980855183487541,0.42615283,"[0.37006128 0.37308064 0.45378083 0.30779898 0.42007682 0.16536891
 0.50006622 0.34246987 0.41449034 0.30623314]",1.1889222,"[0.36801308 0.37100509 0.45071113 0.30579776 0.41817075 0.16438951
 0.49791622 0.34071189 0.41231501 0.30436176]",1.1824833,"[-0.00204819 -0.00207555 -0.0030697  -0.00200123 -0.00190607 -0.00097941
 -0.00215    -0.00175798 -0.00217533 -0.00187138]",0.006516933,0.00643931,0.0010028472,0.03956468264845247
14,40,0.1,1.0,60.0,False,42,default,6291456,6912870400,"[0.06951862 0.07782241 0.07288897 0.07444175 0.07158911 0.07567422
 0.97573609 0.07240828 0.07153638 0.07059417]","[0.0425     0.05125    0.05625    0.05125    0.035      0.04
 0.58249998 0.05375    0.045      0.0425    ]",0.4016695860005867,0.9993985277913394,0.5992287,"[0.37006128 0.37308064 0.45378083 0.30779898 0.42007682 0.16536891
 0.50006622 0.34246987 0.41449034 0.30623314]",1.1889222,"[0.36802298 0.37102273 0.45079905 0.30581853 0.41812822 0.1644067
 0.49786276 0.34070057 0.41227922 0.30438074]",1.1824847,"[-0.0020383  -0.00205791 -0.00298178 -0.00198045 -0.0019486  -0.00096221
 -0.00220346 -0.0017693  -0.00221112 -0.00185239]",0.006498606,0.006437734,0.0008873931,0.03426402009603798
14,40,0.1,1.0,72.64736571889203,True,42,default,6291456,6912870400,[0. 0. 0. 0. 0. 0. 1. 0. 0. 0.],[0. 0. 0. 0. 0. 0. 1. 0. 0. 0.],0.0,0.9999999999989999,1.0,"[0.37006128 0.37308064 0.45378083 0.30779898 0.42007682 0.16536891
 0.50006622 0.34246987 0.41449034 0.30623314]",1.1889222,"[0.36816323 0.37123901 0.45106113 0.30602202 0.41809449 0.16446388
 0.49778923 0.34080547 0.412296   0.30456626]",1.1827978,"[-0.00189805 -0.00184163 -0.0027197  -0.00177696 -0.00198233 -0.00090504
 -0.00227699 -0.0016644  -0.00219434 -0.00166687]",0.0061518955,0.006124542,0.00057950214,0.019782341029446364
14,40,0.1,2.0,0.0,False,42,default,6291456,6912870400,"[0.60611692 0.67851573 0.6355022  0.64904054 0.62416902 0.65978623
 0.59650366 0.63131123 0.62370933 0.6154944 ]","[0.205      0.245      0.1725     0.215      0.16       0.215
 0.2025     0.17749999 0.2075     0.2       ]",1.3681848907391647,0.9947291314262209,0.6367299,"[0.37006128 0.37308064 0.45378083 0.30779898 0.42007682 0.16536891
 0.50006622 0.34246987 0.41449034 0.30623314]",1.1889222,"[0.36632496 0.3692086  0.44832513 0.30433571 0.41631013 0.16385762
 0.49559611 0.33927578 0.41040078 0.3030017 ]",1.1769667,"[-0.00373632 -0.00387204 -0.0054557  -0.00346327 -0.00376669 -0.00151129
 -0.00447011 -0.00319409 -0.00408956 -0.00323144]",0.012022247,0.01195624,0.0012580648,0.0625572578997782
14,40,0.1,2.0,15.0,False,42,default,6291456,6912870400,"[0.53644485 0.60052155 0.56245235 0.57443447 0.5524219  0.58394497
 1.07025723 0.55874312 0.55201504 0.54474441]","[0.1825     0.2375     0.1425     0.205      0.14749999 0.2
 0.3425     0.185      0.1825     0.175     ]",1.3504983147362224,0.9941588246315961,0.6551812,"[0.37006128 0.37308064 0.45378083 0.30779898 0.42007682 0.16536891
 0.50006622 0.34246987 0.41449034 0.30623314]",1.1889222,"[0.36622557 0.3691386  0.44826961 0.30427897 0.41618419 0.16383068
 0.49546233 0.33924595 0.41028905 0.30291975]",1.1767046,"[-0.00383571 -0.00394204 -0.00551122 -0.00352001 -0.00389263 -0.00153823
 -0.00460389 -0.00322393 -0.00420129 -0.00331339]",0.012278196,0.012218197,0.0012123516,0.059347025446578223
14,40,0.1,2.0,30.0,False,42,default,6291456,6912870400,"[0.43021495 0.48160281 0.45107229 0.46068165 0.44302813 0.46830883
 1.47107454 0.44809759 0.44270185 0.43687099]","[0.1575     0.215      0.1425     0.1675     0.1575     0.13
 0.54000002 0.1575     0.16500001 0.1675    ]",1.274216538319431,0.9963926677605819,0.729923,"[0.37006128 0.37308064 0.45378083 0.30779898 0.42007682 0.16536891
 0.50006622 0.34246987 0.41449034 0.30623314]",1.1889222,"[0.36579701 0.36875772 0.44773266 0.30396208 0.41570932 0.16375376
 0.4948757  0.33884397 0.40987357 0.30261528]",1.1754004,"[-0.00426427 -0.00432292 -0.00604817 -0.0038369  -0.0043675  -0.00161515
 -0.00519052 -0.0036259  -0.00461677 -0.00361785]",0.01357754,0.0135223605,0.0012228559,0.05233915627441309
14,40,0.1,2.0,45.0,False,42,default,6291456,6912870400,"[0.29466662 0.32986364 0.30895241 0.31553414 0.30344273 0.32075821
 1.77164055 0.30691495 0.30321925 0.29922553]","[0.1275     0.175      0.14749999 0.11       0.14       0.145
 0.74000001 0.13249999 0.1425     0.14      ]",1.1505343534126786,0.9980855183505106,0.85230565,"[0.37006128 0.37308064 0.45378083 0.30779898 0.42007682 0.16536891
 0.50006622 0.34246987 0.41449034 0.30623314]",1.1889222,"[0.36610517 0.36901924 0.44810829 0.30419031 0.41603264 0.16382578
 0.49522233 0.33911335 0.41015124 0.30283058]",1.1762807,"[-0.00395611 -0.0040614  -0.00567254 -0.00360867 -0.00404418 -0.00154313
 -0.00484389 -0.00335652 -0.0043391  -0.00340256]",0.01269714,0.012642025,0.0011817561,0.059347025446578223
14,40,0.1,2.0,60.0,False,42,default,6291456,6912870400,"[0.13903724 0.15564481 0.14577793 0.14888349 0.14317821 0.15134845
 1.95147218 0.14481656 0.14307276 0.14118834]","[0.085      0.1025     0.1125     0.1025     0.07       0.08
 1.16499996 0.1075     0.09       0.085     ]",0.8033391720011734,0.9993985277925902,1.1984574,"[0.37006128 0.37308064 0.45378083 0.30779898 0.42007682 0.16536891
 0.50006622 0.34246987 0.41449034 0.30623314]",1.1889222,"[0.36572072 0.3686856  0.44775355 0.30395067 0.41560438 0.1637217
 0.49472365 0.33878833 0.40973967 0.30258763]",1.1751837,"[-0.00434056 -0.00439504 -0.00602728 -0.00384831 -0.00447243 -0.00164722
 -0.00534257 -0.00368154 -0.00475067 -0.00364551]",0.013782811,0.013739043,0.0010975396,0.048456642643301504
14,40,0.1,2.0,72.64736571889203,True,42,default,6291456,6912870400,[0. 0. 0. 0. 0. 0. 2. 0. 0. 0.],[0. 0. 0. 0. 0. 0. 2. 0. 0. 0.],0.0,0.99999999999975,2.0,"[0.37006128 0.37308064 0.45378083 0.30779898 0.42007682 0.16536891
 0.50006622 0.34246987 0.41449034 0.30623314]",1.1889222,"[0.36570239 0.36873934 0.44785714 0.30397654 0.4153015  0.16374281
 0.49435109 0.33868968 0.40954429 0.30258396]",1.1748825,"[-0.00435889 -0.0043413  -0.00592369 -0.00382245 -0.00477532 -0.0016261
 -0.00571513 -0.00378019 -0.00494605 -0.00364918]",0.01406159,0.014039904,0.00078064634,0.03956468264845247
14,40,0.1,5.0,0.0,False,42,default,6291456,6912870400,"[1.5152923  1.69628932 1.5887555  1.62260134 1.56042256 1.64946558
 1.49125916 1.57827808 1.55927332 1.53873601]","[0.51249999 0.61250001 0.43125001 0.53750002 0.39999998 0.53750002
 0.50625002 0.44374999 0.51875001 0.5       ]",3.420462208549861,0.9947290501869361,1.5918249,"[0.37006128 0.37308064 0.45378083 0.30779898 0.42007682 0.16536891
 0.50006622 0.34246987 0.41449034 0.30623314]",1.1889222,"[0.35816509 0.36122513 0.43755344 0.29804075 0.40706748 0.16181448
 0.48416394 0.3322973  0.40155691 0.29676181]",1.1511241,"[-0.01189619 -0.01185551 -0.01622739 -0.00975823 -0.01300934 -0.00355443
 -0.01590228 -0.01017258 -0.01293343 -0.00947133]",0.03789254,0.037801106,0.0026308845,0.13270400689029618
14,40,0.1,5.0,15.0,False,42,default,6291456,6912870400,"[1.34111213 1.50130386 1.40613087 1.43608619 1.38105474 1.45986243
 2.67564308 1.3968578  1.38003761 1.36186102]","[0.45625001 0.59375    0.35624999 0.51249999 0.36874998 0.5
 0.85624999 0.46250001 0.45625001 0.4375    ]",3.3762457995349826,0.9941587629327617,1.6379532,"[0.37006128 0.37308064 0.45378083 0.30779898 0.42007682 0.16536891
 0.50006622 0.34246987 0.41449034 0.30623314]",1.1889222,"[0.35695264 0.35997397 0.43619066 0.2970264  0.40565675 0.16150211
 0.4823021  0.33122957 0.40017721 0.29584232]",1.1472212,"[-0.01310864 -0.01310667 -0.01759017 -0.01077259 -0.01442006 -0.00386681
 -0.01776412 -0.0112403  -0.01431313 -0.01039082]",0.041793752,0.04170422,0.002734176,0.13562092827251515
14,40,0.1,5.0,30.0,False,42,default,6291456,6912870400,"[1.07553739 1.20400703 1.12768074 1.15170413 1.10757033 1.17077207
 3.67768635 1.12024398 1.10675462 1.09217746]","[0.39375001 0.53750002 0.35624999 0.41875002 0.39375001 0.32499999
 1.35000002 0.39375001 0.41250002 0.41875002]",3.185541351421985,0.9963927300164815,1.8248074,"[0.37006128 0.37308064 0.45378083 0.30779898 0.42007682 0.16536891
 0.50006622 0.34246987 0.41449034 0.30623314]",1.1889222,"[0.35644099 0.35939187 0.43555021 0.29660097 0.40506598 0.1613899
 0.48157364 0.33079329 0.39955148 0.29540971]",1.145539,"[-0.01362029 -0.01368877 -0.01823062 -0.01119801 -0.01501083 -0.00397901
 -0.01849258 -0.01167658 -0.01493886 -0.01082343]",0.043479163,0.0433867,0.0028341194,0.1412742076966625
14,40,0.1,5.0,45.0,False,42,default,6291456,6912870400,"[0.73666654 0.82465911 0.77238103 0.78883534 0.75860683 0.80189552
 4.42910138 0.76728738 0.75804813 0.74806381]","[0.31874999 0.4375     0.36874998 0.27500001 0.34999999 0.36249998
 1.85000002 0.33124998 0.35624999 0.34999999]",2.8763358865118422,0.9980854609550138,2.1307642,"[0.37006128 0.37308064 0.45378083 0.30779898 0.42007682 0.16536891
 0.50006622 0.34246987 0.41449034 0.30623314]",1.1889222,"[0.35688969 0.35993013 0.43602708 0.29702377 0.40563625 0.16153181
 0.48233211 0.33118007 0.40009439 0.29582986]",1.1470882,"[-0.01317158 -0.01315051 -0.01775375 -0.01077521 -0.01444057 -0.00383711
 -0.01773411 -0.01128981 -0.01439595 -0.01040328]",0.04193341,0.041837513,0.0028342782,0.13988230894202303
14,40,0.1,5.0,60.0,False,42,default,6291456,6912870400,"[0.3475931  0.38911203 0.36444483 0.37220873 0.35794553 0.37837112
 4.87868046 0.36204141 0.35768191 0.35297085]","[0.21250001 0.25624999 0.28125    0.25624999 0.175      0.19999999
 2.9124999  0.26875001 0.22500001 0.21250001]",2.0083479302996667,0.9993985477437779,2.9961433,"[0.37006128 0.37308064 0.45378083 0.30779898 0.42007682 0.16536891
 0.50006622 0.34246987 0.41449034 0.30623314]",1.1889222,"[0.35610795 0.35919863 0.43527043 0.29645199 0.40479594 0.16134042
 0.48116067 0.330558   0.39931411 0.29524866]",1.1447614,"[-0.01395333 -0.01388201 -0.0185104  -0.011347   -0.01528087 -0.0040285
 -0.01890555 -0.01191187 -0.01517624 -0.01098448]",0.04425854,0.04416436,0.002885804,0.14401765375946743
14,40,0.1,5.0,72.64736571889203,True,42,default,6291456,6912870400,[0. 0. 0. 0. 0. 0. 5. 0. 0. 0.],[0. 0. 0. 0. 0. 0. 5. 0. 0. 0.],0.0,0.99999999999996,5.0,"[0.37006128 0.37308064 0.45378083 0.30779898 0.42007682 0.16536891
 0.50006622 0.34246987 0.41449034 0.30623314]",1.1889222,"[0.35693419 0.36020043 0.43660468 0.29713947 0.40544963 0.16149056
 0.48199221 0.33118102 0.40011588 0.29584187]",1.1472328,"[-0.01312709 -0.01288021 -0.01717615 -0.01065952 -0.01462719 -0.00387836
 -0.01807401 -0.01128885 -0.01437446 -0.01039127]",0.04176809,0.04169222,0.0025164762,0.12666881248565126
14,50,0.25,0.01,0.0,False,42,default,6291456,6912870400,"[0.00285839 0.00315737 0.00314982 0.0028668  0.00337056 0.00406344
 0.00296422 0.00284011 0.00311821 0.00304507]","[0.00095   0.0012125 0.000875  0.00095   0.0007875 0.0014125 0.000975
 0.0008    0.0010375 0.001    ]",0.006826696181460582,0.9915981747187478,0.0032129618,"[0.47496793 0.4725484  0.57489485 0.39758402 0.53927362 0.22874275
 0.64443588 0.43788356 0.54189807 0.40182754]",1.5306115,"[0.4749653  0.47254342 0.57489014 0.39757934 0.53926796 0.22874056
 0.64442962 0.43787864 0.54189235 0.40182468]",1.530597,"[-2.62260437e-06 -4.97698784e-06 -4.70876694e-06 -4.67896461e-06
 -5.66244125e-06 -2.19047070e-06 -6.25848770e-06 -4.91738319e-06
 -5.72204590e-06 -2.86102295e-06]",1.4725883e-05,1.4475487e-05,2.7040576e-06,0.027976455118293345
14,50,0.25,0.01,15.0,False,42,default,6291456,6912870400,"[0.00254186 0.00280773 0.00280101 0.00254933 0.00299731 0.00361346
 0.00263597 0.00522495 0.00277291 0.00270786]","[0.0008375 0.0011375 0.000775  0.000825  0.0009    0.0011625 0.0009875
 0.001575  0.000925  0.000875 ]",0.00678175054468128,0.9948988496465948,0.0032426843,"[0.47496793 0.4725484  0.57489485 0.39758402 0.53927362 0.22874275
 0.64443588 0.43788356 0.54189807 0.40182754]",1.5306115,"[0.47496548 0.47254294 0.57489038 0.39757943 0.53926831 0.22874077
 0.64442962 0.4378784  0.54189223 0.40182468]",1.5305971,"[-2.44379044e-06 -5.45382500e-06 -4.47034836e-06 -4.58955765e-06
 -5.30481339e-06 -1.98185444e-06 -6.25848770e-06 -5.15580177e-06
 -5.84125519e-06 -2.86102295e-06]",1.472718e-05,1.4407673e-05,3.0510253e-06,0.027976455118293345
14,50,0.25,0.01,30.0,False,42,default,6291456,6912870400,"[0.0020521  0.00226674 0.00226132 0.00205814 0.00241979 0.00291723
 0.00212808 0.00725371 0.00223863 0.00218612]","[0.000725  0.001     0.0007125 0.0007125 0.001     0.0008    0.000825
 0.0025625 0.000825  0.0008375]",0.006449534574146202,0.9948504169152184,0.003579106,"[0.47496793 0.4725484  0.57489485 0.39758402 0.53927362 0.22874275
 0.64443588 0.43788356 0.54189807 0.40182754]",1.5306115,"[0.4749653  0.47254354 0.57489008 0.39757872 0.53926778 0.22874087
 0.64443016 0.43787858 0.54189253 0.40182498]",1.5305972,"[-2.62260437e-06 -4.85777855e-06 -4.76837158e-06 -5.30481339e-06
 -5.84125519e-06 -1.87754631e-06 -5.72204590e-06 -4.97698784e-06
 -5.54323196e-06 -2.56299973e-06]",1.4622193e-05,1.428952e-05,3.101314e-06,0.0
14,50,0.25,0.01,45.0,False,42,default,6291456,6912870400,"[0.0014225  0.00157128 0.00156752 0.00142668 0.00167738 0.00202219
 0.00147516 0.00878815 0.0015518  0.0015154 ]","[0.0006125 0.0008625 0.0007375 0.000525  0.0006875 0.000875  0.0004625
 0.0038125 0.000725  0.0007   ]",0.005664572153551024,0.9978215550381518,0.00435219,"[0.47496793 0.4725484  0.57489485 0.39758402 0.53927362 0.22874275
 0.64443588 0.43788356 0.54189807 0.40182754]",1.5306115,"[0.47496516 0.47254318 0.57488954 0.39757866 0.53926718 0.22874084
 0.64443064 0.43787828 0.54189253 0.40182471]",1.5305966,"[-2.77161598e-06 -5.21540642e-06 -5.30481339e-06 -5.36441803e-06
 -6.43730164e-06 -1.90734863e-06 -5.24520874e-06 -5.27501106e-06
 -5.54323196e-06 -2.83122063e-06]",1.51973145e-05,1.4832509e-05,3.3098438e-06,0.027976455118293345
14,50,0.25,0.01,60.0,False,42,default,6291456,6912870400,"[0.00069595 0.00076874 0.0007669  0.000698   0.00082065 0.00098935
 0.00072172 0.00972369 0.00075921 0.0007414 ]","[0.000425  0.0004875 0.0005625 0.0005    0.0003875 0.0005875 0.000425
 0.0057375 0.0004625 0.000425 ]",0.004092490756581934,0.9995589206499559,0.0059138876,"[0.47496793 0.4725484  0.57489485 0.39758402 0.53927362 0.22874275
 0.64443588 0.43788356 0.54189807 0.40182754]",1.5306115,"[0.47496557 0.47254327 0.57488954 0.39757836 0.53926694 0.22874087
 0.64443022 0.43787742 0.54189277 0.40182471]",1.5305963,"[-2.35438347e-06 -5.12599945e-06 -5.30481339e-06 -5.66244125e-06
 -6.67572021e-06 -1.87754631e-06 -5.66244125e-06 -6.13927841e-06
 -5.30481339e-06 -2.83122063e-06]",1.568517e-05,1.5170904e-05,3.98349e-06,0.0
14,50,0.25,0.01,73.50026290943397,True,42,default,6291456,6912870400,[0.   0.   0.   0.   0.   0.   0.   0.01 0.   0.  ],[0.   0.   0.   0.   0.   0.   0.   0.01 0.   0.  ],2.2351741811588166e-10,0.99999999,0.01,"[0.47496793 0.4725484  0.57489485 0.39758402 0.53927362 0.22874275
 0.64443588 0.43788356 0.54189807 0.40182754]",1.5306115,"[0.47496462 0.4725416  0.57488817 0.39757779 0.53926742 0.22874062
 0.6444295  0.43787301 0.54189175 0.40182385]",1.5305927,"[-3.30805779e-06 -6.79492950e-06 -6.67572021e-06 -6.22868538e-06
 -6.19888306e-06 -2.13086605e-06 -6.37769699e-06 -1.05500221e-05
 -6.31809235e-06 -3.69548798e-06]",1.9722975e-05,1.8662568e-05,6.3799907e-06,0.0
14,50,0.25,0.1,0.0,False,42,default,6291456,6912870400,"[0.02858394 0.0315737  0.03149818 0.02866799 0.03370558 0.04063436
 0.02964223 0.02840109 0.03118214 0.03045068]","[0.0095   0.012125 0.00875  0.0095   0.007875 0.014125 0.00975  0.008
 0.010375 0.01    ]",0.06826696093009119,0.9915982038969159,0.03212962,"[0.47496793 0.4725484  0.57489485 0.39758402 0.53927362 0.22874275
 0.64443588 0.43788356 0.54189807 0.40182754]",1.5306115,"[0.47432104 0.47170535 0.5740304  0.39672625 0.53827775 0.2282043
 0.64345807 0.43694314 0.54075325 0.4010697 ]",1.5278867,"[-0.00064689 -0.00084305 -0.00086445 -0.00085777 -0.00099587 -0.00053845
 -0.00097781 -0.00094041 -0.00114483 -0.00075784]",0.0027603225,0.0027248464,0.00044112583,0.027976455118293345
14,50,0.25,0.1,15.0,False,42,default,6291456,6912870400,"[0.02541859 0.02807727 0.02801012 0.02549334 0.02997307 0.03613457
 0.02635969 0.05224947 0.02772907 0.02707862]","[0.008375 0.011375 0.00775  0.00825  0.009    0.011625 0.009875 0.01575
 0.00925  0.00875 ]",0.06781750422902472,0.994898960808891,0.03242684,"[0.47496793 0.4725484  0.57489485 0.39758402 0.53927362 0.22874275
 0.64443588 0.43788356 0.54189807 0.40182754]",1.5306115,"[0.47431859 0.4716979  0.57402623 0.39672109 0.53827596 0.22821426
 0.64346617 0.43692097 0.5407595  0.40107298]",1.5278817,"[-0.00064933 -0.0008505  -0.00086862 -0.00086293 -0.00099766 -0.00052848
 -0.00096971 -0.00096259 -0.00113857 -0.00075457]",0.0027661086,0.0027298054,0.00044667415,0.03426402009603798
14,50,0.25,0.1,30.0,False,42,default,6291456,6912870400,"[0.02052101 0.02266742 0.02261321 0.02058136 0.02419795 0.02917227
 0.02128078 0.07253712 0.02238632 0.02186119]","[0.00725  0.01     0.007125 0.007125 0.01     0.008    0.00825  0.025625
 0.00825  0.008375]",0.06449534376257213,0.9948504349803571,0.03579106,"[0.47496793 0.4725484  0.57489485 0.39758402 0.53927362 0.22874275
 0.64443588 0.43788356 0.54189807 0.40182754]",1.5306115,"[0.47432035 0.47169667 0.57400477 0.39672229 0.53826314 0.22821753
 0.64346594 0.43689355 0.54075283 0.40107343]",1.5278599,"[-0.00064757 -0.00085172 -0.00089008 -0.00086173 -0.00101048 -0.00052522
 -0.00096995 -0.00099    -0.00114524 -0.00075412]",0.0027888536,0.0027516047,0.000454285,0.027976455118293345
14,50,0.25,0.1,45.0,False,42,default,6291456,6912870400,"[0.01422496 0.01571283 0.01567525 0.01426679 0.01677378 0.02022192
 0.01475163 0.08788149 0.01551797 0.01515396]","[0.006125 0.008625 0.007375 0.00525  0.006875 0.00875  0.004625 0.038125
 0.00725  0.007   ]",0.05664571884859678,0.9978214898106923,0.043521907,"[0.47496793 0.4725484  0.57489485 0.39758402 0.53927362 0.22874275
 0.64443588 0.43788356 0.54189807 0.40182754]",1.5306115,"[0.47432622 0.4717052  0.57402426 0.39673385 0.53829271 0.22822498
 0.64349443 0.43687868 0.54076296 0.40107948]",1.5278993,"[-0.0006417  -0.0008432  -0.00087059 -0.00085017 -0.00098091 -0.00051777
 -0.00094146 -0.00100487 -0.00113511 -0.00074807]",0.002752807,0.0027123806,0.0004700392,0.03426402009603798
14,50,0.25,0.1,60.0,False,42,default,6291456,6912870400,"[0.0069595  0.00768743 0.00766905 0.00697997 0.0082065  0.00989349
 0.00721717 0.09723688 0.0075921  0.00741401]","[0.00425  0.004875 0.005625 0.005    0.003875 0.005875 0.00425  0.057375
 0.004625 0.00425 ]",0.04092490741098608,0.9995589557234649,0.059138875,"[0.47496793 0.4725484  0.57489485 0.39758402 0.53927362 0.22874275
 0.64443588 0.43788356 0.54189807 0.40182754]",1.5306115,"[0.4743216  0.47170579 0.57403105 0.39673001 0.538297   0.22824436
 0.64349985 0.43684641 0.54076737 0.40108415]",1.5278996,"[-0.00064632 -0.0008426  -0.00086379 -0.00085402 -0.00097662 -0.00049838
 -0.00093603 -0.00103715 -0.0011307  -0.00074339]",0.0027546887,0.0027118274,0.00048404746,0.0
14,50,0.25,0.1,73.50026290943397,True,42,default,6291456,6912870400,[0.  0.  0.  0.  0.  0.  0.  0.1 0.  0. ],[0.  0.  0.  0.  0.  0.  0.  0.1 0.  0. ],1.4901161138336505e-09,0.9999999999,0.1,"[0.47496793 0.4725484  0.57489485 0.39758402 0.53927362 0.22874275
 0.64443588 0.43788356 0.54189807 0.40182754]",1.5306115,"[0.47430587 0.47167355 0.57396472 0.39670154 0.53827435 0.22826359
 0.64349067 0.43671125 0.5407216  0.40106246]",1.527783,"[-0.00066206 -0.00087485 -0.00093013 -0.00088248 -0.00099927 -0.00047916
 -0.00094521 -0.0011723  -0.00117648 -0.00076509]",0.00288321,0.0028285156,0.0005589255,0.03426402009603798
14,50,0.25,1.0,0.0,False,42,default,6291456,6912870400,"[0.28583938 0.31573697 0.31498179 0.28667995 0.33705579 0.40634359
 0.29642229 0.28401095 0.3118214  0.30450681]","[0.095   0.12125 0.0875  0.095   0.07875 0.14125 0.0975  0.08    0.10375
 0.1    ]",0.6826696132638089,0.9915982155084293,0.3212962,"[0.47496793 0.4725484  0.57489485 0.39758402 0.53927362 0.22874275
 0.64443588 0.43788356 0.54189807 0.40182754]",1.5306115,"[0.47283432 0.46925116 0.57115692 0.39439982 0.53553075 0.22619961
 0.64086729 0.43448138 0.53724581 0.3986367 ]",1.5200424,"[-0.00213361 -0.00329724 -0.00373793 -0.0031842  -0.00374287 -0.00254314
 -0.00356859 -0.00340217 -0.00465226 -0.00319085]",0.010777133,0.010570457,0.00210048,0.07661668268387072
14,50,0.25,1.0,15.0,False,42,default,6291456,6912870400,"[0.25418593 0.28077271 0.28010116 0.25493342 0.29973072 0.36134568
 0.2635969  0.52249465 0.27729074 0.27078616]","[0.08375 0.11375 0.0775  0.0825  0.09    0.11625 0.09875 0.1575  0.0925
 0.0875 ]",0.678175049673526,0.9948989839297957,0.3242684,"[0.47496793 0.4725484  0.57489485 0.39758402 0.53927362 0.22874275
 0.64443588 0.43788356 0.54189807 0.40182754]",1.5306115,"[0.47284639 0.46924263 0.57122058 0.39441186 0.53551465 0.22623038
 0.64082843 0.43445331 0.53728628 0.39868671]",1.5200726,"[-0.00212154 -0.00330576 -0.00367427 -0.00317216 -0.00375897 -0.00251237
 -0.00360745 -0.00343025 -0.00461179 -0.00314084]",0.010739991,0.010540314,0.0020613577,0.08156468806857739
14,50,0.25,1.0,30.0,False,42,default,6291456,6912870400,"[0.20521013 0.22667425 0.22613209 0.2058136  0.24197948 0.29172266
 0.21280783 0.72537121 0.22386318 0.21861188]","[0.0725     0.1        0.07125    0.07125    0.1        0.08
 0.0825     0.25624999 0.0825     0.08375   ]",0.644953447269165,0.9948504493118523,0.3579106,"[0.47496793 0.4725484  0.57489485 0.39758402 0.53927362 0.22874275
 0.64443588 0.43788356 0.54189807 0.40182754]",1.5306115,"[0.47292069 0.46947047 0.57148319 0.39456585 0.53575343 0.22639437
 0.64110053 0.43457612 0.53745353 0.39885843]",1.5206672,"[-0.00204724 -0.00307792 -0.00341165 -0.00301817 -0.00352019 -0.00234838
 -0.00333536 -0.00330743 -0.00444454 -0.00296912]",0.010146597,0.009945654,0.002009328,0.07661668268387072
14,50,0.25,1.0,45.0,False,42,default,6291456,6912870400,"[0.14224961 0.15712832 0.1567525  0.14266792 0.16773775 0.20221922
 0.14751625 0.87881492 0.15517971 0.15153956]","[0.06125    0.08625    0.07375    0.0525     0.06875    0.0875
 0.04625    0.38124999 0.0725     0.07      ]",0.5664572027535063,0.99782150869709,0.43521905,"[0.47496793 0.4725484  0.57489485 0.39758402 0.53927362 0.22874275
 0.64443588 0.43788356 0.54189807 0.40182754]",1.5306115,"[0.47297114 0.46941778 0.57136959 0.39455494 0.53575909 0.2264055
 0.64110774 0.43446323 0.53753036 0.39883807]",1.5206172,"[-0.00199679 -0.00313061 -0.00352526 -0.00302908 -0.00351453 -0.00233725
 -0.00332814 -0.00342032 -0.00436771 -0.00298947]",0.010197758,0.009995512,0.0020208894,0.07661668268387072
14,50,0.25,1.0,60.0,False,42,default,6291456,6912870400,"[0.069595   0.07687435 0.07669048 0.06979966 0.08206497 0.09893488
 0.07217169 0.97236885 0.075921   0.07414007]","[0.0425     0.04875    0.05625    0.05       0.03875    0.05875
 0.0425     0.57375002 0.04625    0.0425    ]",0.4092490824721499,0.9995589291341,0.59138876,"[0.47496793 0.4725484  0.57489485 0.39758402 0.53927362 0.22874275
 0.64443588 0.43788356 0.54189807 0.40182754]",1.5306115,"[0.47311676 0.4697198  0.57186687 0.39477807 0.5361014  0.22657511
 0.64146364 0.43467447 0.53777766 0.39911291]",1.5215163,"[-0.00185117 -0.0028286  -0.00302798 -0.00280595 -0.00317222 -0.00216764
 -0.00297225 -0.00320908 -0.00412041 -0.00271463]",0.009311869,0.009096413,0.001991526,0.07661668268387072
14,50,0.25,1.0,73.50026290943397,True,42,default,6291456,6912870400,[0. 0. 0. 0. 0. 0. 0. 1. 0. 0.],[0. 0. 0. 0. 0. 0. 0. 1. 0. 0.],0.0,0.9999999999989999,1.0,"[0.47496793 0.4725484  0.57489485 0.39758402 0.53927362 0.22874275
 0.64443588 0.43788356 0.54189807 0.40182754]",1.5306115,"[0.47319561 0.47007704 0.57218254 0.39504904 0.53651959 0.2270366
 0.64192075 0.43461657 0.53835839 0.39946067]",1.522529,"[-0.00177231 -0.00247136 -0.00271231 -0.00253499 -0.00275403 -0.00170615
 -0.00251514 -0.00326699 -0.00353968 -0.00236687]",0.008285994,0.008083607,0.0018201544,0.06852804325551864
14,50,0.25,2.0,0.0,False,42,default,6291456,6912870400,"[0.57167875 0.63147394 0.62996358 0.5733599  0.67411159 0.81268718
 0.59284457 0.56802189 0.6236428  0.60901363]","[0.19       0.24250001 0.175      0.19       0.1575     0.2825
 0.19499999 0.16       0.2075     0.2       ]",1.3653392265276179,0.9915982155107438,0.6425924,"[0.47496793 0.4725484  0.57489485 0.39758402 0.53927362 0.22874275
 0.64443588 0.43788356 0.54189807 0.40182754]",1.5306115,"[0.47310206 0.469266   0.5712893  0.39437059 0.53554446 0.2257906
 0.64114666 0.43452853 0.5369184  0.39852148]",1.5201019,"[-0.00186586 -0.0032824  -0.00360554 -0.00321344 -0.00372916 -0.00295214
 -0.00328922 -0.00335503 -0.00497967 -0.00330606]",0.01086305,0.010512009,0.0027392549,0.10467832346762979
14,50,0.25,2.0,15.0,False,42,default,6291456,6912870400,"[0.50837186 0.56154542 0.56020231 0.50986684 0.59946143 0.72269136
 0.52719381 1.0449893  0.55458149 0.54157232]","[0.1675     0.22750001 0.155      0.16500001 0.18000001 0.2325
 0.19750001 0.315      0.185      0.175     ]",1.356350099347052,0.9948989839320967,0.6485368,"[0.47496793 0.4725484  0.57489485 0.39758402 0.53927362 0.22874275
 0.64443588 0.43788356 0.54189807 0.40182754]",1.5306115,"[0.47405508 0.47006288 0.57222366 0.39501065 0.53648835 0.2260389
 0.64236194 0.43514737 0.53796089 0.39918885]",1.522764,"[-0.00091285 -0.00248551 -0.00267118 -0.00257337 -0.00278527 -0.00270385
 -0.00207394 -0.00273618 -0.00393718 -0.0026387 ]",0.008371922,0.007850384,0.0029086992,0.11364091540157657
14,50,0.25,2.0,30.0,False,42,default,6291456,6912870400,"[0.41042027 0.4533485  0.45226418 0.4116272  0.48395897 0.58344531
 0.42561566 1.45074242 0.44772636 0.43722376]","[0.145      0.2        0.1425     0.1425     0.2        0.16
 0.16500001 0.51249999 0.16500001 0.1675    ]",1.28990689453833,0.994850449313937,0.7158212,"[0.47496793 0.4725484  0.57489485 0.39758402 0.53927362 0.22874275
 0.64443588 0.43788356 0.54189807 0.40182754]",1.5306115,"[0.47333023 0.46950862 0.57134318 0.39453593 0.53570539 0.22601449
 0.64139217 0.43453515 0.53737867 0.39873219]",1.5207243,"[-0.0016377  -0.00303978 -0.00355166 -0.00304809 -0.00356823 -0.00272825
 -0.00304371 -0.00334841 -0.0045194  -0.00309536]",0.01022181,0.009889425,0.0025854683,0.10087055545943382
14,50,0.25,2.0,45.0,False,42,default,6291456,6912870400,"[0.28449921 0.31425663 0.31350499 0.28533584 0.3354755  0.40443844
 0.2950325  1.75762985 0.31035942 0.30307913]","[0.1225     0.1725     0.14749999 0.105      0.1375     0.175
 0.0925     0.76249999 0.145      0.14      ]",1.1329144055070126,0.9978215086988094,0.8704381,"[0.47496793 0.4725484  0.57489485 0.39758402 0.53927362 0.22874275
 0.64443588 0.43788356 0.54189807 0.40182754]",1.5306115,"[0.47355968 0.46975982 0.5718177  0.39474565 0.53610903 0.22610618
 0.64185363 0.43477535 0.53762609 0.39898989]",1.52168,"[-0.00140825 -0.00278857 -0.00307715 -0.00283837 -0.00316459 -0.00263657
 -0.00258225 -0.0031082  -0.00427198 -0.00283766]",0.009321037,0.008933794,0.0026587658,0.10087055545943382
14,50,0.25,2.0,60.0,False,42,default,6291456,6912870400,"[0.13919001 0.15374869 0.15338096 0.13959932 0.16412993 0.19786975
 0.14434337 1.9447377  0.151842   0.14828015]","[0.085      0.0975     0.1125     0.1        0.0775     0.1175
 0.085      1.14750004 0.0925     0.085     ]",0.8184981649442998,0.9995589291353676,1.1827775,"[0.47496793 0.4725484  0.57489485 0.39758402 0.53927362 0.22874275
 0.64443588 0.43788356 0.54189807 0.40182754]",1.5306115,"[0.47320119 0.46947458 0.57166755 0.39456895 0.53591853 0.22623526
 0.64151865 0.43451232 0.53734648 0.39883548]",1.5209745,"[-0.00176674 -0.00307381 -0.00322729 -0.00301507 -0.00335509 -0.00250749
 -0.00291723 -0.00337124 -0.00455159 -0.00299206]",0.009958152,0.009639035,0.002500757,0.09691329395132914
14,50,0.25,2.0,73.50026290943397,True,42,default,6291456,6912870400,[0. 0. 0. 0. 0. 0. 0. 2. 0. 0.],[0. 0. 0. 0. 0. 0. 0. 2. 0. 0.],0.0,0.99999999999975,2.0,"[0.47496793 0.4725484  0.57489485 0.39758402 0.53927362 0.22874275
 0.64443588 0.43788356 0.54189807 0.40182754]",1.5306115,"[0.47287229 0.46937802 0.57140285 0.39449081 0.53580892 0.22667055
 0.64121479 0.43400922 0.5374794  0.39888334]",1.5205365,"[-0.00209564 -0.00317037 -0.003492   -0.00309321 -0.0034647  -0.0020722
 -0.00322109 -0.00387433 -0.00441867 -0.0029442 ]",0.010299612,0.0100764325,0.002132479,0.08156468806857739
14,50,0.25,5.0,0.0,False,42,default,6291456,6912870400,"[1.42919688 1.57868485 1.57490896 1.43339974 1.68527897 2.03171794
 1.48211143 1.42005473 1.55910701 1.52253406]","[0.47499999 0.60625005 0.4375     0.47499999 0.39375001 0.70625001
 0.48749998 0.39999998 0.51875001 0.5       ]",3.4133480437937167,0.9915981380397441,1.6064811,"[0.47496793 0.4725484  0.57489485 0.39758402 0.53927362 0.22874275
 0.64443588 0.43788356 0.54189807 0.40182754]",1.5306115,"[0.47270232 0.46846688 0.57031816 0.39361638 0.53463554 0.22506529
 0.64024001 0.43382141 0.53595519 0.39782712]",1.5176355,"[-0.0022656  -0.00408152 -0.00457668 -0.00396764 -0.00463808 -0.00367746
 -0.00419587 -0.00406215 -0.00594288 -0.00400043]",0.013376957,0.012979388,0.0032370416,0.11869406681127799
14,50,0.25,5.0,15.0,False,42,default,6291456,6912870400,"[1.27092965 1.40386354 1.40050578 1.2746671  1.49865358 1.80672839
 1.31798452 2.61247326 1.38645372 1.35393081]","[0.41875002 0.56875002 0.38749999 0.41250002 0.45000002 0.58125001
 0.49375001 0.78750002 0.46250001 0.4375    ]",3.390875228282586,0.9948988865608676,1.6213422,"[0.47496793 0.4725484  0.57489485 0.39758402 0.53927362 0.22874275
 0.64443588 0.43788356 0.54189807 0.40182754]",1.5306115,"[0.4730095  0.46867001 0.57055557 0.39378834 0.53498083 0.22521497
 0.64076269 0.43400261 0.53619975 0.39797831]",1.5184699,"[-0.00195843 -0.00387838 -0.00433928 -0.00379568 -0.00429279 -0.00352778
 -0.0036732  -0.00388095 -0.00569832 -0.00384924]",0.012602727,0.012145322,0.0033645008,0.12972151222939818
14,50,0.25,5.0,30.0,False,42,default,6291456,6912870400,"[1.02605067 1.13337125 1.13066045 1.029068   1.20989742 1.45861329
 1.06403914 3.62685606 1.1193159  1.09305941]","[0.36249998 0.5        0.35624999 0.35624999 0.5        0.39999998
 0.41250002 1.28125    0.41250002 0.41875002]",3.224767222844134,0.9948505067929082,1.7895529,"[0.47496793 0.4725484  0.57489485 0.39758402 0.53927362 0.22874275
 0.64443588 0.43788356 0.54189807 0.40182754]",1.5306115,"[0.47086731 0.46674612 0.56788582 0.39232942 0.53262049 0.22488973
 0.63779992 0.43220711 0.53411031 0.39659816]",1.5120847,"[-0.00410062 -0.00580227 -0.00700903 -0.0052546  -0.00665313 -0.00385302
 -0.00663596 -0.00567645 -0.00778776 -0.00522938]",0.018723847,0.018529123,0.0026933453,0.10467832346762979
14,50,0.25,5.0,45.0,False,42,default,6291456,6912870400,"[0.71124803 0.78564158 0.78376248 0.71333961 0.83868875 1.01109609
 0.73758126 4.39407462 0.77589855 0.75769782]","[0.30625001 0.43125001 0.36874998 0.26249999 0.34375    0.4375
 0.23125    1.90625    0.36249998 0.34999999]",2.8322859902952624,0.9978215195598985,2.1760952,"[0.47496793 0.4725484  0.57489485 0.39758402 0.53927362 0.22874275
 0.64443588 0.43788356 0.54189807 0.40182754]",1.5306115,"[0.4712947  0.46729639 0.56866944 0.39275563 0.53340387 0.22501971
 0.63888717 0.43270287 0.53478277 0.39700976]",1.5140337,"[-0.00367323 -0.005252   -0.00622541 -0.00482839 -0.00586975 -0.00372304
 -0.00554872 -0.00518069 -0.0071153  -0.00481778]",0.01682042,0.016580414,0.002831323,0.10653118153060223
14,50,0.25,5.0,60.0,False,42,default,6291456,6912870400,"[0.34797501 0.38437173 0.38345239 0.34899831 0.41032483 0.49467438
 0.36085843 4.86184425 0.379605   0.37070037]","[0.21250001 0.24374999 0.28125    0.25       0.19374999 0.29374999
 0.21250001 2.8687501  0.23125    0.21250001]",2.046245413250056,0.9995589490809516,2.9569438,"[0.47496793 0.4725484  0.57489485 0.39758402 0.53927362 0.22874275
 0.64443588 0.43788356 0.54189807 0.40182754]",1.5306115,"[0.46912882 0.4651472  0.56614161 0.39105216 0.53083843 0.22470988
 0.63532704 0.43074191 0.5323934  0.39533606]",1.5070096,"[-0.00583911 -0.0074012  -0.00875324 -0.00653186 -0.00843519 -0.00403287
 -0.00910884 -0.00714165 -0.00950468 -0.00649148]",0.023707092,0.023603395,0.0022148935,0.08622923312351063
14,50,0.25,5.0,73.50026290943397,True,42,default,6291456,6912870400,[0. 0. 0. 0. 0. 0. 0. 5. 0. 0.],[0. 0. 0. 0. 0. 0. 0. 5. 0. 0.],0.0,0.99999999999996,5.0,"[0.47496793 0.4725484  0.57489485 0.39758402 0.53927362 0.22874275
 0.64443588 0.43788356 0.54189807 0.40182754]",1.5306115,"[0.46809903 0.46452636 0.56539589 0.3905507  0.53038353 0.22514698
 0.63445181 0.42978677 0.53190166 0.39504063]",1.5050993,"[-0.0068689  -0.00802204 -0.00949895 -0.00703332 -0.00889009 -0.00359577
 -0.00998408 -0.00809678 -0.00999641 -0.00678691]",0.025581751,0.025513329,0.0018697907,0.07912937001338383
14,34,0.25,0.01,0.0,False,42,default,6291456,6912870400,"[0.00322481 0.0031191  0.00321023 0.00327202 0.0030238  0.00318469
 0.00308567 0.00316191 0.00302065 0.00330624]","[0.0011125 0.001125  0.000875  0.001075  0.0007125 0.0011    0.0010125
 0.0009125 0.0009375 0.0011375]",0.006841586059384855,0.9933502459481169,0.0031894848,"[0.44363084 0.43869671 0.52835852 0.37499824 0.495462   0.21159697
 0.59163791 0.41100359 0.49368638 0.37569138]",1.4153216,"[0.44362861 0.43869472 0.52835655 0.37499648 0.49545905 0.21159534
 0.59163493 0.41100118 0.49368382 0.37569019]",1.4153146,"[-2.23517418e-06 -1.99675560e-06 -1.96695328e-06 -1.75833702e-06
 -2.95042992e-06 -1.62422657e-06 -2.98023224e-06 -2.41398811e-06
 -2.56299973e-06 -1.19209290e-06]",7.070079e-06,6.952662e-06,1.2831607e-06,0.0
14,34,0.25,0.01,15.0,False,42,default,6291456,6912870400,"[0.00285046 0.00275701 0.00283757 0.00289218 0.00267278 0.00281499
 0.00272747 0.00279486 0.00538501 0.00292243]","[0.000975  0.0010875 0.0007375 0.0010125 0.0007375 0.0009375 0.001
 0.000775  0.00175   0.0009875]",0.006748308729330807,0.9940320404164861,0.0032807677,"[0.44363084 0.43869671 0.52835852 0.37499824 0.495462   0.21159697
 0.59163791 0.41100359 0.49368638 0.37569138]",1.4153216,"[0.44362888 0.43869478 0.52835613 0.37499654 0.49545872 0.2115954
 0.59163505 0.41100109 0.49368319 0.37569013]",1.4153143,"[-1.96695328e-06 -1.93715096e-06 -2.38418579e-06 -1.69873238e-06
 -3.27825546e-06 -1.56462193e-06 -2.86102295e-06 -2.50339508e-06
 -3.18884850e-06 -1.25169754e-06]",7.454826e-06,7.3061883e-06,1.4812274e-06,0.027976455118293345
14,34,0.25,0.01,30.0,False,42,default,6291456,6912870400,"[0.00228185 0.00220705 0.00227153 0.00231525 0.00213962 0.00225346
 0.0021834  0.00223734 0.0073824  0.00233947]","[0.0008375 0.000975  0.00075   0.0008375 0.0007875 0.000575  0.0008875
 0.0009375 0.0025625 0.00085  ]",0.006447263244560323,0.9949566904568494,0.0035808082,"[0.44363084 0.43869671 0.52835852 0.37499824 0.495462   0.21159697
 0.59163791 0.41100359 0.49368638 0.37569138]",1.4153216,"[0.44362891 0.43869489 0.52835649 0.37499636 0.49545851 0.21159542
 0.59163499 0.41100103 0.49368319 0.37569019]",1.4153143,"[-1.93715096e-06 -1.81794167e-06 -2.02655792e-06 -1.87754631e-06
 -3.48687172e-06 -1.54972076e-06 -2.92062759e-06 -2.56299973e-06
 -3.18884850e-06 -1.19209290e-06]",7.4791956e-06,7.2709727e-06,1.7525147e-06,0.0
14,34,0.25,0.01,45.0,False,42,default,6291456,6912870400,"[0.00155774 0.00150667 0.0015507  0.00158054 0.00146064 0.00153836
 0.00149053 0.00152735 0.00887668 0.00159707]","[0.0006625 0.0008375 0.00075   0.0005375 0.0006625 0.0007375 0.0004875
 0.0007    0.003875  0.00075  ]",0.005628643807820386,0.9974945860441787,0.004390935,"[0.44363084 0.43869671 0.52835852 0.37499824 0.495462   0.21159697
 0.59163791 0.41100359 0.49368638 0.37569138]",1.4153216,"[0.44362903 0.43869543 0.52835679 0.37499654 0.49545878 0.21159561
 0.59163511 0.41100118 0.49368289 0.37569022]",1.4153148,"[-1.81794167e-06 -1.28149986e-06 -1.72853470e-06 -1.69873238e-06
 -3.21865082e-06 -1.35600567e-06 -2.80141830e-06 -2.41398811e-06
 -3.48687172e-06 -1.16229057e-06]",7.085451e-06,6.7887786e-06,2.0288173e-06,0.027976455118293345
14,34,0.25,0.01,60.0,False,42,default,6291456,6912870400,"[0.00072747 0.00070362 0.00072418 0.00073812 0.00068212 0.00071842
 0.00069608 0.00071328 0.00976604 0.00074584]","[0.0004375 0.000475  0.0005625 0.0005375 0.0003125 0.0004125 0.0004
 0.000475  0.0059375 0.00045  ]",0.003914408826487324,0.9994848618976085,0.0060936185,"[0.44363084 0.43869671 0.52835852 0.37499824 0.495462   0.21159697
 0.59163791 0.41100359 0.49368638 0.37569138]",1.4153216,"[0.44362888 0.43869528 0.52835667 0.37499633 0.49545845 0.21159562
 0.59163487 0.41100109 0.49368212 0.37569025]",1.4153141,"[-1.96695328e-06 -1.43051147e-06 -1.84774399e-06 -1.90734863e-06
 -3.54647636e-06 -1.34110451e-06 -3.03983688e-06 -2.50339508e-06
 -4.26173210e-06 -1.13248825e-06]",7.892778e-06,7.481985e-06,2.5131321e-06,0.0
14,34,0.25,0.01,72.41832048038422,True,42,default,6291456,6912870400,[0.   0.   0.   0.   0.   0.   0.   0.   0.01 0.  ],[0.   0.   0.   0.   0.   0.   0.   0.   0.01 0.  ],2.2351741811588166e-10,0.99999999,0.01,"[0.44363084 0.43869671 0.52835852 0.37499824 0.495462   0.21159697
 0.59163791 0.41100359 0.49368638 0.37569138]",1.4153216,"[0.44362938 0.4386957  0.52835697 0.37499642 0.49545813 0.21159565
 0.59163433 0.41100112 0.49368194 0.37569031]",1.4153141,"[-1.46031380e-06 -1.01327896e-06 -1.54972076e-06 -1.81794167e-06
 -3.87430191e-06 -1.31130219e-06 -3.57627869e-06 -2.47359276e-06
 -4.44054604e-06 -1.07288361e-06]",8.085387e-06,7.431357e-06,3.185657e-06,0.0
14,34,0.25,0.1,0.0,False,42,default,6291456,6912870400,"[0.03224812 0.03119096 0.03210229 0.03272016 0.03023799 0.03184685
 0.03085675 0.03161907 0.03020651 0.03306238]","[0.011125 0.01125  0.00875  0.01075  0.007125 0.011    0.010125 0.009125
 0.009375 0.011375]",0.06841585980169243,0.9933503153661842,0.031894848,"[0.44363084 0.43869671 0.52835852 0.37499824 0.495462   0.21159697
 0.59163791 0.41100359 0.49368638 0.37569138]",1.4153216,"[0.44311777 0.43811864 0.52779984 0.37444735 0.49492964 0.21124165
 0.59108394 0.41041046 0.49311733 0.37522548]",1.4136616,"[-0.00051308 -0.00057808 -0.00055867 -0.0005509  -0.00053236 -0.00035532
 -0.00055397 -0.00059313 -0.00056905 -0.0004659 ]",0.0016799497,0.0016599888,0.0002582005,0.027976455118293345
14,34,0.25,0.1,15.0,False,42,default,6291456,6912870400,"[0.02850458 0.02757014 0.02837569 0.02892183 0.02672781 0.0281499
 0.02727473 0.02794856 0.05385014 0.02922432]","[0.00975  0.010875 0.007375 0.010125 0.007375 0.009375 0.01     0.00775
 0.0175   0.009875]",0.06748308594749361,0.9940320838442528,0.032807678,"[0.44363084 0.43869671 0.52835852 0.37499824 0.495462   0.21159697
 0.59163791 0.41100359 0.49368638 0.37569138]",1.4153216,"[0.44314039 0.43813911 0.52782488 0.37446764 0.4949123  0.21123669
 0.59108245 0.4104248  0.4930999  0.3752436 ]",1.4136852,"[-0.00049046 -0.0005576  -0.00053364 -0.0005306  -0.0005497  -0.00036028
 -0.00055546 -0.00057879 -0.00058648 -0.00044778]",0.0016546141,0.0016363751,0.0002449986,0.027976455118293345
14,34,0.25,0.1,30.0,False,42,default,6291456,6912870400,"[0.02281851 0.02207047 0.02271532 0.02315253 0.02139616 0.02253458
 0.02183399 0.0223734  0.07382397 0.02339468]","[0.008375 0.00975  0.0075   0.008375 0.007875 0.00575  0.008875 0.009375
 0.025625 0.0085  ]",0.06447263057907572,0.9949567456518026,0.035808083,"[0.44363084 0.43869671 0.52835852 0.37499824 0.495462   0.21159697
 0.59163791 0.41100359 0.49368638 0.37569138]",1.4153216,"[0.44314948 0.43813872 0.5278191  0.37446895 0.49491861 0.21125618
 0.59109157 0.41041663 0.49310052 0.37525484]",1.4136958,"[-0.00048137 -0.00055799 -0.00053942 -0.00052929 -0.00054339 -0.00034079
 -0.00054634 -0.00058696 -0.00058585 -0.00043654]",0.0016438953,0.0016256896,0.00024397772,0.027976455118293345
14,34,0.25,0.1,45.0,False,42,default,6291456,6912870400,"[0.01557739 0.01506673 0.01550695 0.01580541 0.01460641 0.01538356
 0.0149053  0.01527353 0.08876682 0.01597072]","[0.006625 0.008375 0.0075   0.005375 0.006625 0.007375 0.004875 0.007
 0.03875  0.0075  ]",0.05628643470275671,0.9974946220182977,0.043909352,"[0.44363084 0.43869671 0.52835852 0.37499824 0.495462   0.21159697
 0.59163791 0.41100359 0.49368638 0.37569138]",1.4153216,"[0.4432168  0.43820491 0.52784914 0.37453702 0.49491999 0.21125072
 0.59110385 0.41047093 0.49306753 0.37528366]",1.4137834,"[-0.00041404 -0.0004918  -0.00050938 -0.00046122 -0.00054201 -0.00034624
 -0.00053406 -0.00053266 -0.00061885 -0.00040773]",0.0015547689,0.0015381128,0.00022696829,0.027976455118293345
14,34,0.25,0.1,60.0,False,42,default,6291456,6912870400,"[0.0072747  0.00703622 0.00724181 0.00738119 0.00682125 0.00718418
 0.00696083 0.0071328  0.09766036 0.00745839]","[0.004375 0.00475  0.005625 0.005375 0.003125 0.004125 0.004    0.00475
 0.059375 0.0045  ]",0.039144088171196655,0.9994848490111784,0.060936186,"[0.44363084 0.43869671 0.52835852 0.37499824 0.495462   0.21159697
 0.59163791 0.41100359 0.49368638 0.37569138]",1.4153216,"[0.44324037 0.43822038 0.5278461  0.37453929 0.49484429 0.21122132
 0.59103578 0.41046694 0.49294013 0.37527588]",1.4136881,"[-0.00039047 -0.00047633 -0.00051242 -0.00045896 -0.00061771 -0.00037564
 -0.00060213 -0.00053665 -0.00074625 -0.0004155 ]",0.0016599195,0.0016334786,0.00029509276,0.027976455118293345
14,34,0.25,0.1,72.41832048038422,True,42,default,6291456,6912870400,[0.  0.  0.  0.  0.  0.  0.  0.  0.1 0. ],[0.  0.  0.  0.  0.  0.  0.  0.  0.1 0. ],1.4901161138336505e-09,0.9999999999,0.1,"[0.44363084 0.43869671 0.52835852 0.37499824 0.495462   0.21159697
 0.59163791 0.41100359 0.49368638 0.37569138]",1.4153216,"[0.44332281 0.43831536 0.52789509 0.37457967 0.49479082 0.21122444
 0.59101057 0.41049108 0.49282205 0.37533551]",1.4137253,"[-0.00030804 -0.00038135 -0.00046343 -0.00041857 -0.00067118 -0.00037253
 -0.00062734 -0.00051251 -0.00086433 -0.00035587]",0.0016581513,0.0015963474,0.000448486,0.027976455118293345
14,34,0.25,1.0,0.0,False,42,default,6291456,6912870400,"[0.32248115 0.31190956 0.3210229  0.32720164 0.30237994 0.31846854
 0.3085675  0.31619069 0.30206509 0.33062382]","[0.11125 0.1125  0.0875  0.1075  0.07125 0.11    0.10125 0.09125 0.09375
 0.11375]",0.6841586043251505,0.9933502961315857,0.31894848,"[0.44363084 0.43869671 0.52835852 0.37499824 0.495462   0.21159697
 0.59163791 0.41100359 0.49368638 0.37569138]",1.4153216,"[0.43905973 0.43338642 0.52211565 0.37011826 0.48951924 0.20821647
 0.58524746 0.4057968  0.48737478 0.37124121]",1.3984679,"[-0.00457111 -0.0053103  -0.00624287 -0.00487998 -0.00594276 -0.00338049
 -0.00639045 -0.00520679 -0.0063116  -0.00445017]",0.016917888,0.016854368,0.0014646354,0.0625572578997782
14,34,0.25,1.0,15.0,False,42,default,6291456,6912870400,"[0.28504582 0.27570143 0.28375685 0.28921833 0.26727806 0.28149901
 0.27274734 0.27948559 0.53850138 0.29224324]","[0.0975  0.10875 0.07375 0.10125 0.07375 0.09375 0.1     0.0775  0.175
 0.09875]",0.674830867697301,0.9940320581616301,0.32807678,"[0.44363084 0.43869671 0.52835852 0.37499824 0.495462   0.21159697
 0.59163791 0.41100359 0.49368638 0.37569138]",1.4153216,"[0.43912989 0.43344846 0.52230579 0.37014493 0.48952556 0.20823447
 0.5852437  0.4058463  0.48728579 0.37130359]",1.3985904,"[-0.00450096 -0.00524825 -0.00605273 -0.00485331 -0.00593644 -0.00336249
 -0.00639421 -0.00515729 -0.00640059 -0.0043878 ]",0.016800132,0.016731873,0.0015128681,0.0625572578997782
14,34,0.25,1.0,30.0,False,42,default,6291456,6912870400,"[0.22818508 0.22070471 0.22715324 0.23152526 0.21396163 0.22534579
 0.21833989 0.22373401 0.73823969 0.23394677]","[0.08375    0.0975     0.075      0.08375    0.07875    0.0575
 0.08875    0.09375    0.25624999 0.085     ]",0.6447263125266112,0.9949567882130013,0.3580808,"[0.44363084 0.43869671 0.52835852 0.37499824 0.495462   0.21159697
 0.59163791 0.41100359 0.49368638 0.37569138]",1.4153216,"[0.4391236  0.43345281 0.52211791 0.37015423 0.48948798 0.20830902
 0.585244   0.40575346 0.48718727 0.37129927]",1.3984579,"[-0.00450724 -0.0052439  -0.00624061 -0.00484401 -0.00597402 -0.00328794
 -0.00639391 -0.00525013 -0.00649911 -0.00439212]",0.016932156,0.016864527,0.0015118121,0.0625572578997782
14,34,0.25,1.0,45.0,False,42,default,6291456,6912870400,"[0.15577391 0.15066733 0.15506951 0.15805414 0.14606406 0.15383563
 0.14905295 0.15273532 0.88766819 0.15970721]","[0.06625    0.08375    0.075      0.05375    0.06625    0.07375
 0.04875    0.07       0.38749999 0.075     ]",0.5628643619212383,0.9974946393699831,0.4390935,"[0.44363084 0.43869671 0.52835852 0.37499824 0.495462   0.21159697
 0.59163791 0.41100359 0.49368638 0.37569138]",1.4153216,"[0.43920085 0.43347615 0.52201051 0.37022451 0.48939377 0.20824897
 0.58520478 0.40576717 0.48698202 0.37129426]",1.3983407,"[-0.00443    -0.00522056 -0.00634801 -0.00477374 -0.00606823 -0.00334799
 -0.00643313 -0.00523642 -0.00670436 -0.00439712]",0.017061237,0.016981851,0.0016439281,0.07132624918176021
14,34,0.25,1.0,60.0,False,42,default,6291456,6912870400,"[0.07274701 0.07036221 0.07241805 0.07381188 0.06821247 0.07184182
 0.06960829 0.07132798 0.97660357 0.07458388]","[0.04375 0.0475  0.05625 0.05375 0.03125 0.04125 0.04    0.0475  0.59375
 0.045  ]",0.3914408749360473,0.9994848237412404,0.6093619,"[0.44363084 0.43869671 0.52835852 0.37499824 0.495462   0.21159697
 0.59163791 0.41100359 0.49368638 0.37569138]",1.4153216,"[0.43921039 0.43351123 0.52205223 0.37021017 0.4892267  0.20821995
 0.58494854 0.40575495 0.48666123 0.3713097 ]",1.3980851,"[-0.00442046 -0.00518548 -0.00630629 -0.00478807 -0.0062353  -0.00337702
 -0.00668937 -0.00524864 -0.00702515 -0.00438169]",0.017327888,0.017237497,0.0017675472,0.07401874722002606
14,34,0.25,1.0,72.41832048038422,True,42,default,6291456,6912870400,[0. 0. 0. 0. 0. 0. 0. 0. 1. 0.],[0. 0. 0. 0. 0. 0. 0. 0. 1. 0.],0.0,0.9999999999989999,1.0,"[0.44363084 0.43869671 0.52835852 0.37499824 0.495462   0.21159697
 0.59163791 0.41100359 0.49368638 0.37569138]",1.4153216,"[0.43979797 0.43412539 0.52248138 0.3706983  0.48932016 0.20838414
 0.58515185 0.40612054 0.48650163 0.37169752]",1.3990457,"[-0.00383288 -0.00457132 -0.00587714 -0.00429994 -0.00614184 -0.00321282
 -0.00648606 -0.00488305 -0.00718474 -0.00399387]",0.016436158,0.016277717,0.002276652,0.09487278508118449
14,34,0.25,2.0,0.0,False,42,default,6291456,6912870400,"[0.6449623  0.62381911 0.64204581 0.65440328 0.60475987 0.63693708
 0.61713499 0.63238139 0.60413018 0.66124764]","[0.2225     0.22499999 0.175      0.215      0.1425     0.22
 0.2025     0.1825     0.1875     0.22750001]",1.368317208650301,0.9933502961339213,0.63789696,"[0.44363084 0.43869671 0.52835852 0.37499824 0.495462   0.21159697
 0.59163791 0.41100359 0.49368638 0.37569138]",1.4153216,"[0.43843651 0.43237463 0.521119   0.36921895 0.48830798 0.20727667
 0.58399433 0.40499595 0.48604178 0.37037557]",1.3953336,"[-0.00519434 -0.00632209 -0.00723952 -0.0057793  -0.00715402 -0.00432029
 -0.00764358 -0.00600764 -0.00764459 -0.00531581]",0.02009526,0.019989355,0.0020603414,0.08392937202498843
14,34,0.25,2.0,15.0,False,42,default,6291456,6912870400,"[0.57009164 0.55140286 0.5675137  0.57843666 0.53455612 0.56299803
 0.54549467 0.55897118 1.07700276 0.58448648]","[0.19499999 0.2175     0.14749999 0.2025     0.14749999 0.1875
 0.2        0.155      0.34999999 0.19750001]",1.349661735394602,0.9940320581639023,0.65615356,"[0.44363084 0.43869671 0.52835852 0.37499824 0.495462   0.21159697
 0.59163791 0.41100359 0.49368638 0.37569138]",1.4153216,"[0.43715411 0.43129736 0.51951343 0.36826277 0.48698467 0.20705409
 0.58234048 0.40386665 0.48460689 0.36951631]",1.3915004,"[-0.00647673 -0.00739935 -0.00884509 -0.00673547 -0.00847733 -0.00454287
 -0.00929743 -0.00713694 -0.00907949 -0.00617507]",0.02389038,0.02382238,0.0018011848,0.07401874722002606
14,34,0.25,2.0,30.0,False,42,default,6291456,6912870400,"[0.45637017 0.44140942 0.45430648 0.46305053 0.42792325 0.45069159
 0.43667979 0.44746802 1.47647939 0.46789354]","[0.1675     0.19499999 0.15000001 0.1675     0.1575     0.115
 0.17749999 0.1875     0.51249999 0.17      ]",1.2894526250532223,0.994956788215085,0.7161616,"[0.44363084 0.43869671 0.52835852 0.37499824 0.495462   0.21159697
 0.59163791 0.41100359 0.49368638 0.37569138]",1.4153216,"[0.43741223 0.43143553 0.5196448  0.36840749 0.48706329 0.2071375
 0.58238959 0.40395236 0.48467201 0.36960351]",1.3918427,"[-0.00621861 -0.00726119 -0.00871372 -0.00659075 -0.00839871 -0.00445947
 -0.00924832 -0.00705123 -0.00901437 -0.00608787]",0.023553353,0.023479989,0.0018575287,0.07661668268387072
14,34,0.25,2.0,45.0,False,42,default,6291456,6912870400,"[0.31154783 0.30133465 0.31013902 0.31610828 0.29212812 0.30767126
 0.2981059  0.30547064 1.77533638 0.31941443]","[0.13249999 0.1675     0.15000001 0.1075     0.13249999 0.14749999
 0.0975     0.14       0.77499998 0.15000001]",1.1257287238424767,0.9974946393716867,0.878187,"[0.44363084 0.43869671 0.52835852 0.37499824 0.495462   0.21159697
 0.59163791 0.41100359 0.49368638 0.37569138]",1.4153216,"[0.4377726  0.43181181 0.52002603 0.36870942 0.48739484 0.20721468
 0.582847   0.4042618  0.48481786 0.3698433 ]",1.3928181,"[-0.00585824 -0.0068849  -0.00833249 -0.00628883 -0.00806716 -0.00438228
 -0.00879091 -0.00674179 -0.00886852 -0.00584808]",0.02259572,0.022504881,0.0020240494,0.08392937202498843
14,34,0.25,2.0,60.0,False,42,default,6291456,6912870400,"[0.14549402 0.14072443 0.1448361  0.14762377 0.13642494 0.14368365
 0.13921659 0.14265595 1.95320713 0.14916775]",[0.0875 0.095  0.1125 0.1075 0.0625 0.0825 0.08   0.095  1.1875 0.09  ],0.7828817498720946,0.9994848237424705,1.2187238,"[0.44363084 0.43869671 0.52835852 0.37499824 0.495462   0.21159697
 0.59163791 0.41100359 0.49368638 0.37569138]",1.4153216,"[0.43787831 0.43184641 0.52017027 0.36876768 0.48727837 0.20718502
 0.58279723 0.40429944 0.48450261 0.36994314]",1.3927932,"[-0.00575253 -0.0068503  -0.00818825 -0.00623056 -0.00818363 -0.00441195
 -0.00884068 -0.00670415 -0.00918376 -0.00574824]",0.022645304,0.02253028,0.002279493,0.09691329395132914
14,34,0.25,2.0,72.41832048038422,True,42,default,6291456,6912870400,[0. 0. 0. 0. 0. 0. 0. 0. 2. 0.],[0. 0. 0. 0. 0. 0. 0. 0. 2. 0.],0.0,0.99999999999975,2.0,"[0.44363084 0.43869671 0.52835852 0.37499824 0.495462   0.21159697
 0.59163791 0.41100359 0.49368638 0.37569138]",1.4153216,"[0.43824199 0.43234718 0.52025181 0.36916223 0.48717642 0.20738533
 0.58263797 0.40448385 0.48413607 0.37019613]",1.3931186,"[-0.00538886 -0.00634953 -0.00810671 -0.00583601 -0.00828558 -0.00421163
 -0.00899994 -0.00651973 -0.0095503  -0.00549525]",0.0223704,0.022205552,0.0027107485,0.11190583714844751
14,34,0.25,5.0,0.0,False,42,default,6291456,6912870400,"[1.61240575 1.55954779 1.60511451 1.6360082  1.51189968 1.5923427
 1.54283748 1.58095347 1.51032545 1.65311909]","[0.55624998 0.5625     0.4375     0.53750002 0.35624999 0.55000001
 0.50625002 0.45625001 0.46875    0.56875002]",3.420793003396574,0.9933503637162813,1.5947423,"[0.44363084 0.43869671 0.52835852 0.37499824 0.495462   0.21159697
 0.59163791 0.41100359 0.49368638 0.37569138]",1.4153216,"[0.44166046 0.43539974 0.52472717 0.37135339 0.49145871 0.20708629
 0.58846122 0.4074367  0.48899582 0.37246117]",1.4044325,"[-0.00197038 -0.00329697 -0.00363135 -0.00364485 -0.00400329 -0.00451067
 -0.00317669 -0.00356689 -0.00469056 -0.00323021]",0.0115258945,0.010894037,0.0037637998,0.1532333996180995
14,34,0.25,5.0,15.0,False,42,default,6291456,6912870400,"[1.42522909 1.37850716 1.41878426 1.44609164 1.3363903  1.40749506
 1.36373668 1.39742796 2.69250691 1.46121621]","[0.48749998 0.54374999 0.36874998 0.50625002 0.36874998 0.46875
 0.5        0.38749999 0.875      0.49375001]",3.3741543408794787,0.994032093003816,1.6403838,"[0.44363084 0.43869671 0.52835852 0.37499824 0.495462   0.21159697
 0.59163791 0.41100359 0.49368638 0.37569138]",1.4153216,"[0.44003177 0.43392441 0.52296895 0.37008369 0.48973307 0.20680486
 0.58624607 0.40613911 0.48698398 0.37126407]",1.3995025,"[-0.00359908 -0.00477231 -0.00538957 -0.00491455 -0.00572893 -0.00479211
 -0.00539184 -0.00486448 -0.00670239 -0.00442731]",0.016185543,0.015823124,0.0034059414,0.13988230894202303
14,34,0.25,5.0,30.0,False,42,default,6291456,6912870400,"[1.14092542 1.10352355 1.1357662  1.15762632 1.06980813 1.12672897
 1.09169947 1.11867004 3.69119846 1.16973386]","[0.41875002 0.48749998 0.375      0.41875002 0.39375001 0.28749999
 0.44374999 0.46875    1.28125    0.42500001]",3.223631537058582,0.9949567696595855,1.7904041,"[0.44363084 0.43869671 0.52835852 0.37499824 0.495462   0.21159697
 0.59163791 0.41100359 0.49368638 0.37569138]",1.4153216,"[0.44191828 0.43546528 0.52522117 0.37151101 0.49150032 0.20728515
 0.5884378  0.40760836 0.48883989 0.3725926 ]",1.4048247,"[-0.00171256 -0.00323144 -0.00313735 -0.00348723 -0.00396168 -0.00431181
 -0.00320011 -0.00339523 -0.00484648 -0.00309879]",0.0111590605,0.010501877,0.0037729526,0.15450506866003139
14,34,0.25,5.0,45.0,False,42,default,6291456,6912870400,"[0.77886957 0.75333663 0.77534755 0.79027069 0.7303203  0.76917815
 0.74526475 0.76367661 4.43834095 0.79853607]","[0.33124998 0.41875002 0.375      0.26875001 0.33124998 0.36874998
 0.24374999 0.34999999 1.9375     0.375     ]",2.8143217608918407,0.9974946748827277,2.1954675,"[0.44363084 0.43869671 0.52835852 0.37499824 0.495462   0.21159697
 0.59163791 0.41100359 0.49368638 0.37569138]",1.4153216,"[0.44190812 0.43559235 0.52486801 0.37147865 0.49141169 0.2072058
 0.58858263 0.4074688  0.48864499 0.37266427]",1.404649,"[-0.00172272 -0.00310436 -0.00349051 -0.00351959 -0.00405031 -0.00439116
 -0.00305527 -0.00353479 -0.00504139 -0.00302711]",0.011369779,0.010677922,0.0039056134,0.15949038294479406
14,34,0.25,5.0,60.0,False,42,default,6291456,6912870400,"[0.36373505 0.35181107 0.36209025 0.36905941 0.34106235 0.35920912
 0.34804147 0.35663988 4.88301783 0.37291938]","[0.21875    0.2375     0.28125    0.26875001 0.15625    0.20625001
 0.19999999 0.2375     2.96875    0.22500001]",1.9572043739871035,0.9994849023185471,3.0468092,"[0.44363084 0.43869671 0.52835852 0.37499824 0.495462   0.21159697
 0.59163791 0.41100359 0.49368638 0.37569138]",1.4153216,"[0.44085503 0.43451864 0.52368802 0.37070414 0.4902412  0.20708919
 0.58699489 0.40659514 0.48706755 0.3719115 ]",1.4012452,"[-0.00277582 -0.00417808 -0.0046705  -0.0042941  -0.0052208  -0.00450778
 -0.00464302 -0.00440845 -0.00661883 -0.00377989]",0.014562956,0.014081207,0.0037147326,0.15195108845669586
14,34,0.25,5.0,72.41832048038422,True,42,default,6291456,6912870400,[0. 0. 0. 0. 0. 0. 0. 0. 5. 0.],[0. 0. 0. 0. 0. 0. 0. 0. 5. 0.],0.0,0.99999999999996,5.0,"[0.44363084 0.43869671 0.52835852 0.37499824 0.495462   0.21159697
 0.59163791 0.41100359 0.49368638 0.37569138]",1.4153216,"[0.44087899 0.43457848 0.52350497 0.37079087 0.48951617 0.2071532
 0.58595181 0.40645441 0.48618117 0.37186527]",1.4001839,"[-0.00275186 -0.00411823 -0.00485355 -0.00420737 -0.00594583 -0.00444376
 -0.0056861  -0.00454918 -0.00750521 -0.00382611]",0.015648818,0.015143097,0.0039461427,0.16192549306284887
14,18,0.5,0.01,0.0,False,42,default,6291456,6912870400,"[0.00275335 0.0028824  0.00286649 0.00287769 0.00394925 0.00366339
 0.00313935 0.00300795 0.00333335 0.00292941]","[0.0009125 0.0011    0.00075   0.0009625 0.0010375 0.0012375 0.0010875
 0.0008375 0.0011375 0.0009375]",0.006840088463409104,0.9928957743734261,0.0031931568,"[0.63224226 0.62582475 0.76407731 0.52939314 0.72865111 0.28264222
 0.87338257 0.5858922  0.72312403 0.52912182]",2.043336,"[0.63224083 0.62582338 0.76407683 0.52939111 0.72865045 0.28264138
 0.8733812  0.58589005 0.72312248 0.52912015]",2.0433319,"[-1.43051147e-06 -1.37090683e-06 -4.76837158e-07 -2.02655792e-06
 -6.55651093e-07 -8.34465027e-07 -1.37090683e-06 -2.14576721e-06
 -1.54972076e-06 -1.66893005e-06]",4.5887837e-06,4.096919e-06,2.0669281e-06,0.0
14,18,0.5,0.01,15.0,False,42,default,6291456,6912870400,"[0.00514768 0.00257052 0.00255633 0.00256632 0.00352194 0.003267
 0.00279967 0.00268249 0.00297268 0.00261245]","[0.0018625 0.000775  0.0007875 0.0008625 0.0010375 0.0011625 0.0008
 0.0009125 0.00095   0.00085  ]",0.006706597157445758,0.9965513471815929,0.0033104473,"[0.63224226 0.62582475 0.76407731 0.52939314 0.72865111 0.28264222
 0.87338257 0.5858922  0.72312403 0.52912182]",2.043336,"[0.63224077 0.62582338 0.76407653 0.52939117 0.72865051 0.28264138
 0.87338126 0.58589005 0.72312248 0.52912015]",2.0433319,"[-1.49011612e-06 -1.37090683e-06 -7.74860382e-07 -1.96695328e-06
 -5.96046448e-07 -8.34465027e-07 -1.31130219e-06 -2.14576721e-06
 -1.54972076e-06 -1.66893005e-06]",4.5969055e-06,4.1646294e-06,1.9461265e-06,0.0
14,18,0.5,0.01,30.0,False,42,default,6291456,6912870400,"[0.00719121 0.00208347 0.00207197 0.00208006 0.00285461 0.00264798
 0.00226919 0.00217422 0.00240943 0.00211745]","[0.0026875 0.0007375 0.0007625 0.0005625 0.0010625 0.001     0.0007375
 0.000775  0.0008625 0.0008125]",0.006359243441040236,0.9979307160214678,0.0036526532,"[0.63224226 0.62582475 0.76407731 0.52939314 0.72865111 0.28264222
 0.87338257 0.5858922  0.72312403 0.52912182]",2.043336,"[0.63224036 0.62582344 0.76407671 0.52939135 0.72865093 0.28264141
 0.87338102 0.58589011 0.72312254 0.52912015]",2.043332,"[-1.90734863e-06 -1.31130219e-06 -5.96046448e-07 -1.78813934e-06
 -1.78813934e-07 -8.04662704e-07 -1.54972076e-06 -2.08616257e-06
 -1.49011612e-06 -1.66893005e-06]",4.6205137e-06,4.073096e-06,2.1815226e-06,0.0
14,18,0.5,0.01,45.0,False,42,default,6291456,6912870400,"[0.00874467 0.00145443 0.0014464  0.00145205 0.00199274 0.0018485
 0.00158408 0.00151778 0.00168197 0.00147815]","[0.00395   0.0005    0.0004625 0.000725  0.0009875 0.0006625 0.000625
 0.0006125 0.0007875 0.0006875]",0.005565798991422917,0.9971610199878691,0.0044569816,"[0.63224226 0.62582475 0.76407731 0.52939314 0.72865111 0.28264222
 0.87338257 0.5858922  0.72312403 0.52912182]",2.043336,"[0.63224006 0.62582356 0.76407671 0.52939051 0.72865093 0.28264141
 0.87338096 0.58588958 0.72312248 0.52911985]",2.0433314,"[-2.20537186e-06 -1.19209290e-06 -5.96046448e-07 -2.62260437e-06
 -1.78813934e-07 -8.04662704e-07 -1.60932541e-06 -2.62260437e-06
 -1.54972076e-06 -1.96695328e-06]",5.471385e-06,4.6225528e-06,2.9271255e-06,0.0
14,18,0.5,0.01,60.0,False,42,default,6291456,6912870400,"[0.00970219 0.00072627 0.00072226 0.00072508 0.00099508 0.00092305
 0.00079101 0.0007579  0.00083989 0.00073811]","[0.0057125 0.0004375 0.0005125 0.0003625 0.0005375 0.000575  0.0003625
 0.0005625 0.0005125 0.000425 ]",0.0041151014545280215,0.9994270960107746,0.0058931108,"[0.63224226 0.62582475 0.76407731 0.52939314 0.72865111 0.28264222
 0.87338257 0.5858922  0.72312403 0.52912182]",2.043336,"[0.63223922 0.62582284 0.76407623 0.52939004 0.72865069 0.28264114
 0.87338078 0.58588922 0.723122   0.52911961]",2.0433302,"[-3.03983688e-06 -1.90734863e-06 -1.07288361e-06 -3.09944153e-06
 -4.17232513e-07 -1.07288361e-06 -1.78813934e-06 -2.98023224e-06
 -2.02655792e-06 -2.20537186e-06]",6.783155e-06,5.9332465e-06,3.28752e-06,0.0
14,18,0.5,0.01,74.0180430523168,True,42,default,6291456,6912870400,[0.01 0.   0.   0.   0.   0.   0.   0.   0.   0.  ],[0.01 0.   0.   0.   0.   0.   0.   0.   0.   0.  ],2.2351741811588166e-10,0.99999999,0.01,"[0.63224226 0.62582475 0.76407731 0.52939314 0.72865111 0.28264222
 0.87338257 0.5858922  0.72312403 0.52912182]",2.043336,"[0.63223612 0.6258207  0.76407403 0.52938783 0.72864777 0.28264037
 0.8733784  0.5858863  0.72312117 0.52911776]",2.0433233,"[-6.13927841e-06 -4.05311584e-06 -3.27825546e-06 -5.30481339e-06
 -3.33786011e-06 -1.84774399e-06 -4.17232513e-06 -5.90085983e-06
 -2.86102295e-06 -4.05311584e-06]",1.3579529e-05,1.2724479e-05,4.7425015e-06,0.0
14,18,0.5,0.1,0.0,False,42,default,6291456,6912870400,"[0.02753346 0.02882403 0.02866491 0.0287769  0.03949248 0.03663385
 0.03139349 0.03007955 0.03333354 0.02929413]","[0.009125 0.011    0.0075   0.009625 0.010375 0.012375 0.010875 0.008375
 0.011375 0.009375]",0.06840088380983093,0.9928958313674163,0.031931568,"[0.63224226 0.62582475 0.76407731 0.52939314 0.72865111 0.28264222
 0.87338257 0.5858922  0.72312403 0.52912182]",2.043336,"[0.63189083 0.62550247 0.76377696 0.52910531 0.72839338 0.28251421
 0.87305927 0.58558178 0.72282922 0.52883655]",2.0424268,"[-0.00035143 -0.00032228 -0.00030035 -0.00028783 -0.00025773 -0.000128
 -0.0003233  -0.00031042 -0.0002948  -0.00028527]",0.0009232559,0.00090933405,0.00015972886,0.0
14,18,0.5,0.1,15.0,False,42,default,6291456,6912870400,"[0.05147681 0.02570524 0.02556334 0.0256632  0.03521935 0.03267003
 0.02799668 0.0268249  0.02972681 0.02612447]","[0.018625 0.00775  0.007875 0.008625 0.010375 0.011625 0.008    0.009125
 0.0095   0.0085  ]",0.06706597060329908,0.9965513364373149,0.033104476,"[0.63224226 0.62582475 0.76407731 0.52939314 0.72865111 0.28264222
 0.87338257 0.5858922  0.72312403 0.52912182]",2.043336,"[0.63187641 0.62549424 0.76377302 0.52909654 0.72839534 0.28251576
 0.87306142 0.58557564 0.72283095 0.52882802]",2.0424144,"[-0.00036585 -0.00033051 -0.00030428 -0.00029659 -0.00025576 -0.00012645
 -0.00032115 -0.00031656 -0.00029308 -0.00029379]",0.00093840185,0.00092158036,0.00017688375,0.0
14,18,0.5,0.1,30.0,False,42,default,6291456,6912870400,"[0.0719121  0.02083468 0.02071966 0.02080061 0.02854608 0.02647979
 0.02269194 0.02174219 0.02409425 0.02117447]","[0.026875 0.007375 0.007625 0.005625 0.010625 0.01     0.007375 0.00775
 0.008625 0.008125]",0.06359243334740669,0.9979306962859283,0.036526535,"[0.63224226 0.62582475 0.76407731 0.52939314 0.72865111 0.28264222
 0.87338257 0.5858922  0.72312403 0.52912182]",2.043336,"[0.63186389 0.62548512 0.76377344 0.52908707 0.72839552 0.28251728
 0.87306333 0.58556908 0.72282654 0.52882159]",2.0424013,"[-0.00037837 -0.00033963 -0.00030386 -0.00030607 -0.00025558 -0.00012493
 -0.00031924 -0.00032312 -0.00029749 -0.00030023]",0.00095415424,0.00093456433,0.00019235391,0.0
14,18,0.5,0.1,45.0,False,42,default,6291456,6912870400,"[0.0874467  0.01454426 0.01446398 0.01452048 0.01992744 0.01848501
 0.01584078 0.01517778 0.01681971 0.01478147]","[0.0395   0.005    0.004625 0.00725  0.009875 0.006625 0.00625  0.006125
 0.007875 0.006875]",0.055657986210128456,0.9971610219000338,0.04456982,"[0.63224226 0.62582475 0.76407731 0.52939314 0.72865111 0.28264222
 0.87338257 0.5858922  0.72312403 0.52912182]",2.043336,"[0.63183278 0.62546545 0.763776   0.52904963 0.72839355 0.28251663
 0.87305397 0.58555126 0.72282958 0.52880687]",2.0423646,"[-0.00040948 -0.0003593  -0.0003013  -0.0003435  -0.00025755 -0.00012559
 -0.0003286  -0.00034094 -0.00029445 -0.00031495]",0.0009988806,0.0009715939,0.00023187957,0.0
14,18,0.5,0.1,60.0,False,42,default,6291456,6912870400,"[0.09702195 0.00726269 0.00722259 0.00725081 0.00995078 0.0092305
 0.0079101  0.00757903 0.00839893 0.00738113]","[0.057125 0.004375 0.005125 0.003625 0.005375 0.00575  0.003625 0.005625
 0.005125 0.00425 ]",0.04115101542852051,0.9994270820833814,0.05893111,"[0.63224226 0.62582475 0.76407731 0.52939314 0.72865111 0.28264222
 0.87338257 0.5858922  0.72312403 0.52912182]",2.043336,"[0.63178986 0.62544096 0.76377797 0.5290243  0.72839719 0.28251889
 0.87305033 0.58553308 0.72284025 0.52879411]",2.0423331,"[-0.0004524  -0.00038379 -0.00029933 -0.00036883 -0.00025392 -0.00012332
 -0.00033224 -0.00035912 -0.00028378 -0.00032771]",0.0010414182,0.0010028871,0.00028065874,0.0
14,18,0.5,0.1,74.0180430523168,True,42,default,6291456,6912870400,[0.1 0.  0.  0.  0.  0.  0.  0.  0.  0. ],[0.1 0.  0.  0.  0.  0.  0.  0.  0.  0. ],1.4901161138336505e-09,0.9999999999,0.1,"[0.63224226 0.62582475 0.76407731 0.52939314 0.72865111 0.28264222
 0.87338257 0.5858922  0.72312403 0.52912182]",2.043336,"[0.63169652 0.62536353 0.7636686  0.52895147 0.72840852 0.28253573
 0.87307179 0.58545625 0.72287607 0.52873433]",2.0422115,"[-0.00054574 -0.00046122 -0.00040871 -0.00044167 -0.00024259 -0.00010648
 -0.00031078 -0.00043595 -0.00024796 -0.00038749]",0.0012004692,0.0011245465,0.0004201452,0.0
14,18,0.5,1.0,0.0,False,42,default,6291456,6912870400,"[0.27533463 0.28824033 0.28664914 0.28776898 0.39492482 0.36633851
 0.31393494 0.30079545 0.33333537 0.29294129]","[0.09125 0.11    0.075   0.09625 0.10375 0.12375 0.10875 0.08375 0.11375
 0.09375]",0.6840088426271952,0.9928958399859612,0.31931567,"[0.63224226 0.62582475 0.76407731 0.52939314 0.72865111 0.28264222
 0.87338257 0.5858922  0.72312403 0.52912182]",2.043336,"[0.62299752 0.6163497  0.75231999 0.52161199 0.71850067 0.27969792
 0.86091286 0.57751924 0.71302199 0.52139783]",2.013829,"[-0.00924474 -0.00947505 -0.01175731 -0.00778115 -0.01015043 -0.00294429
 -0.01246971 -0.00837296 -0.01010203 -0.00772399]",0.029547147,0.029507712,0.0015261628,0.03956468264845247
14,18,0.5,1.0,15.0,False,42,default,6291456,6912870400,"[0.51476812 0.25705239 0.25563338 0.25663205 0.35219351 0.32670027
 0.27996682 0.26824904 0.2972681  0.26124471]","[0.18625 0.0775  0.07875 0.08625 0.10375 0.11625 0.08    0.09125 0.095
 0.085  ]",0.6706597120764439,0.9965513856871626,0.33104473,"[0.63224226 0.62582475 0.76407731 0.52939314 0.72865111 0.28264222
 0.87338257 0.5858922  0.72312403 0.52912182]",2.043336,"[0.62314016 0.61648393 0.75255668 0.52174097 0.71867913 0.27971023
 0.86112946 0.57763201 0.71317214 0.52147913]",2.0143006,"[-0.00910211 -0.00934082 -0.01152062 -0.00765216 -0.00997198 -0.00293198
 -0.01225311 -0.00826019 -0.00995189 -0.00764269]",0.029072953,0.029036094,0.001463582,0.03956468264845247
14,18,0.5,1.0,30.0,False,42,default,6291456,6912870400,"[0.71912101 0.20834676 0.20719662 0.20800607 0.28546078 0.26479794
 0.22691942 0.2174219  0.24094251 0.21174473]","[0.26875001 0.07375    0.07625    0.05625    0.10625    0.1
 0.07375    0.0775     0.08625    0.08125   ]",0.6359243416383584,0.9979307754700887,0.3652653,"[0.63224226 0.62582475 0.76407731 0.52939314 0.72865111 0.28264222
 0.87338257 0.5858922  0.72312403 0.52912182]",2.043336,"[0.62260568 0.615964   0.75185531 0.52134883 0.71813256 0.27961558
 0.86060131 0.57717425 0.71270978 0.52112085]",2.0127907,"[-0.00963658 -0.00986075 -0.01222199 -0.0080443  -0.01051855 -0.00302663
 -0.01278126 -0.00871795 -0.01041424 -0.00800097]",0.030591207,0.030545985,0.0016628219,0.03956468264845247
14,18,0.5,1.0,45.0,False,42,default,6291456,6912870400,"[0.87446699 0.14544265 0.14463976 0.14520481 0.19927438 0.18485007
 0.15840785 0.15177782 0.16819707 0.1478147 ]","[0.39500001 0.05       0.04625    0.0725     0.09875    0.06625
 0.0625     0.06125    0.07875    0.06875   ]",0.5565798710901683,0.997161068681971,0.44569817,"[0.63224226 0.62582475 0.76407731 0.52939314 0.72865111 0.28264222
 0.87338257 0.5858922  0.72312403 0.52912182]",2.043336,"[0.62230891 0.61569196 0.75182194 0.52113003 0.71786797 0.27961794
 0.86005831 0.57703286 0.71239889 0.52096945]",2.0120306,"[-0.00993335 -0.01013279 -0.01225537 -0.00826311 -0.01078314 -0.00302428
 -0.01332426 -0.00885934 -0.01072514 -0.00815237]",0.031348903,0.03130618,0.0016360999,0.03956468264845247
14,18,0.5,1.0,60.0,False,42,default,6291456,6912870400,"[0.97021949 0.07262686 0.07222593 0.07250809 0.09950776 0.09230497
 0.07910103 0.07579033 0.08398929 0.07381134]","[0.57125002 0.04375    0.05125    0.03625    0.05375    0.0575
 0.03625    0.05625    0.05125    0.0425    ]",0.41151015471598473,0.9994271194247126,0.58931106,"[0.63224226 0.62582475 0.76407731 0.52939314 0.72865111 0.28264222
 0.87338257 0.5858922  0.72312403 0.52912182]",2.043336,"[0.62216687 0.6155901  0.75159198 0.52102828 0.71773374 0.27964506
 0.85989791 0.57681429 0.71243209 0.52088374]",2.0116575,"[-0.01007539 -0.01023465 -0.01248533 -0.00836486 -0.01091737 -0.00299716
 -0.01348466 -0.00907791 -0.01069194 -0.00823808]",0.031728778,0.03167947,0.0017682945,0.048456642643301504
14,18,0.5,1.0,74.0180430523168,True,42,default,6291456,6912870400,[1. 0. 0. 0. 0. 0. 0. 0. 0. 0.],[1. 0. 0. 0. 0. 0. 0. 0. 0. 0.],0.0,0.9999999999989999,1.0,"[0.63224226 0.62582475 0.76407731 0.52939314 0.72865111 0.28264222
 0.87338257 0.5858922  0.72312403 0.52912182]",2.043336,"[0.62110686 0.61483276 0.75090885 0.52040714 0.7171129  0.27964512
 0.85893893 0.57629055 0.71189404 0.52042896]",2.0095918,"[-0.0111354  -0.01099199 -0.01316845 -0.008986   -0.01153821 -0.0029971
 -0.01444364 -0.00960165 -0.01122999 -0.00869286]",0.033816844,0.03374542,0.0021968465,0.0625572578997782
14,18,0.5,2.0,0.0,False,42,default,6291456,6912870400,"[0.55066926 0.57648065 0.57329828 0.57553796 0.78984964 0.73267703
 0.62786988 0.6015909  0.66667074 0.58588258]","[0.1825     0.22       0.15000001 0.1925     0.2075     0.2475
 0.2175     0.1675     0.22750001 0.1875    ]",1.3680176852543904,0.9928958399882931,0.63863134,"[0.63224226 0.62582475 0.76407731 0.52939314 0.72865111 0.28264222
 0.87338257 0.5858922  0.72312403 0.52912182]",2.043336,"[0.62008035 0.61335164 0.74868506 0.51925212 0.71524829 0.27875304
 0.85701495 0.57495922 0.70996886 0.5190255 ]",2.0046525,"[-0.01216191 -0.01247311 -0.01539224 -0.01014102 -0.01340282 -0.00388917
 -0.01636761 -0.01093298 -0.01315516 -0.01009631]",0.03873546,0.038684614,0.0019841422,0.05595291190411357
14,18,0.5,2.0,15.0,False,42,default,6291456,6912870400,"[1.02953624 0.51410479 0.51126675 0.5132641  0.70438701 0.65340054
 0.55993364 0.53649808 0.59453621 0.52248942]",[0.3725 0.155  0.1575 0.1725 0.2075 0.2325 0.16   0.1825 0.19   0.17  ],1.3413194241528879,0.9965513856894203,0.66208947,"[0.63224226 0.62582475 0.76407731 0.52939314 0.72865111 0.28264222
 0.87338257 0.5858922  0.72312403 0.52912182]",2.043336,"[0.61989284 0.61319679 0.74849099 0.51913238 0.71509242 0.27875081
 0.85683596 0.57474828 0.70977294 0.51889026]",2.004146,"[-0.01234943 -0.01262796 -0.01558632 -0.01026076 -0.01355869 -0.00389141
 -0.01654661 -0.01114392 -0.01335108 -0.01023155]",0.03924391,0.039190896,0.0020392975,0.05595291190411357
14,18,0.5,2.0,30.0,False,42,default,6291456,6912870400,"[1.43824202 0.41669353 0.41439324 0.41601213 0.57092157 0.52959588
 0.45383885 0.4348438  0.48188501 0.42348946]","[0.53750002 0.14749999 0.1525     0.1125     0.21250001 0.2
 0.14749999 0.155      0.1725     0.16249999]",1.2718486832767169,0.9979307754721377,0.7305306,"[0.63224226 0.62582475 0.76407731 0.52939314 0.72865111 0.28264222
 0.87338257 0.5858922  0.72312403 0.52912182]",2.043336,"[0.62018943 0.6135667  0.74906456 0.51944274 0.71558827 0.27887318
 0.85745335 0.57508808 0.71028584 0.51917195]",2.0054557,"[-0.01205283 -0.01225805 -0.01501274 -0.0099504  -0.01306283 -0.00376904
 -0.01592922 -0.01080412 -0.01283818 -0.00994986]",0.037934873,0.037881415,0.002013292,0.05595291190411357
14,18,0.5,2.0,45.0,False,42,default,6291456,6912870400,"[1.74893398 0.2908853  0.28927951 0.29040963 0.39854876 0.36970014
 0.31681569 0.30355563 0.33639415 0.2956294 ]","[0.79000002 0.1        0.0925     0.145      0.19750001 0.13249999
 0.125      0.1225     0.1575     0.1375    ]",1.1131597421803365,0.9971610686836488,0.89139634,"[0.63224226 0.62582475 0.76407731 0.52939314 0.72865111 0.28264222
 0.87338257 0.5858922  0.72312403 0.52912182]",2.043336,"[0.61873448 0.61218578 0.74732977 0.51829123 0.71392059 0.27849886
 0.8552835  0.5738762  0.70867991 0.51814783]",2.0008807,"[-0.01350778 -0.01363897 -0.01674753 -0.0111019  -0.01473051 -0.00414336
 -0.01809907 -0.012016   -0.01444411 -0.01097399]",0.04251342,0.04245652,0.0021988924,0.05595291190411357
14,18,0.5,2.0,60.0,False,42,default,6291456,6912870400,"[1.94043899 0.14525371 0.14445186 0.14501619 0.19901552 0.18460994
 0.15820207 0.15158065 0.16797858 0.14762268]","[1.14250004 0.0875     0.1025     0.0725     0.1075     0.115
 0.0725     0.1125     0.1025     0.085     ]",0.8230203094319695,0.9994271194259845,1.1786221,"[0.63224226 0.62582475 0.76407731 0.52939314 0.72865111 0.28264222
 0.87338257 0.5858922  0.72312403 0.52912182]",2.043336,"[0.61852354 0.61197895 0.74722385 0.51815236 0.71389008 0.27857387
 0.85523003 0.57368064 0.70864332 0.51804841]",2.0005586,"[-0.01371872 -0.0138458  -0.01685345 -0.01124078 -0.01476103 -0.00406834
 -0.01815253 -0.01221156 -0.01448071 -0.01107341]",0.042844966,0.042778853,0.0023793767,0.06852804325551864
14,18,0.5,2.0,74.0180430523168,True,42,default,6291456,6912870400,[2. 0. 0. 0. 0. 0. 0. 0. 0. 0.],[2. 0. 0. 0. 0. 0. 0. 0. 0. 0.],0.0,0.99999999999975,2.0,"[0.63224226 0.62582475 0.76407731 0.52939314 0.72865111 0.28264222
 0.87338257 0.5858922  0.72312403 0.52912182]",2.043336,"[0.61737311 0.61112493 0.74642372 0.51744789 0.71309787 0.27858257
 0.85391086 0.57301623 0.70799583 0.51752609]",1.9980599,"[-0.01486915 -0.01469982 -0.01765358 -0.01194525 -0.01555324 -0.00405964
 -0.0194717  -0.01287597 -0.0151282  -0.01159573]",0.04536694,0.045278143,0.002837152,0.07401874722002606
14,18,0.5,5.0,0.0,False,42,default,6291456,6912870400,"[1.37667315 1.44120163 1.43324571 1.4388449  1.97462411 1.83169257
 1.56967469 1.50397726 1.66667686 1.46470645]","[0.45625001 0.55000001 0.375      0.48124999 0.51875001 0.61874998
 0.54374999 0.41875002 0.56875002 0.46875   ]",3.4200442146324592,0.9928958387236635,1.5965784,"[0.63224226 0.62582475 0.76407731 0.52939314 0.72865111 0.28264222
 0.87338257 0.5858922  0.72312403 0.52912182]",2.043336,"[0.61083621 0.60410583 0.73695534 0.51190549 0.70480824 0.27609393
 0.84388942 0.56668127 0.69987798 0.51172215]",1.9751363,"[-0.02140605 -0.02171892 -0.02712196 -0.01748765 -0.02384287 -0.00654829
 -0.02949315 -0.01921093 -0.02324605 -0.01739967]",0.06829894,0.06820308,0.0036175696,0.10467832346762979
14,18,0.5,5.0,15.0,False,42,default,6291456,6912870400,"[2.57384059 1.28526196 1.27816688 1.28316024 1.76096753 1.63350134
 1.3998341  1.3412452  1.48634052 1.30622354]","[0.93124998 0.38749999 0.39375001 0.43125001 0.51875001 0.58125001
 0.39999998 0.45625001 0.47499999 0.42500001]",3.3532985650141063,0.9965513465602214,1.6552237,"[0.63224226 0.62582475 0.76407731 0.52939314 0.72865111 0.28264222
 0.87338257 0.5858922  0.72312403 0.52912182]",2.043336,"[0.61033136 0.6038096  0.73650384 0.51164824 0.70434427 0.27611291
 0.84329808 0.56639129 0.69961524 0.51145053]",1.9739922,"[-0.02191091 -0.02201515 -0.02757347 -0.0177449  -0.02430683 -0.0065293
 -0.03008449 -0.01950091 -0.02350879 -0.01767129]",0.069452755,0.069347546,0.0038217662,0.11190583714844751
14,18,0.5,5.0,30.0,False,42,default,6291456,6912870400,"[3.59560505 1.04173382 1.0359831  1.04003033 1.42730392 1.32398969
 1.13459712 1.0871095  1.20471253 1.05872366]","[1.34375    0.36874998 0.38125002 0.28125    0.53125    0.5
 0.36874998 0.38749999 0.43125001 0.40625   ]",3.1796217534684312,0.9979307177250766,1.8263266,"[0.63224226 0.62582475 0.76407731 0.52939314 0.72865111 0.28264222
 0.87338257 0.5858922  0.72312403 0.52912182]",2.043336,"[0.60852772 0.60189801 0.73401064 0.51010281 0.70234329 0.27565238
 0.84047496 0.56468493 0.69754422 0.50993431]",1.9679184,"[-0.02371454 -0.02392673 -0.03006667 -0.01929033 -0.02630782 -0.00698984
 -0.03290761 -0.02120727 -0.02557981 -0.01918751]",0.07554532,0.07542253,0.0043055587,0.12511453444308365
14,18,0.5,5.0,45.0,False,42,default,6291456,6912870400,"[4.37233496 0.72721324 0.72319878 0.72602407 0.9963719  0.92425034
 0.79203923 0.75888908 0.84098537 0.7390735 ]","[1.97500002 0.25       0.23125    0.36249998 0.49375001 0.33124998
 0.3125     0.30625001 0.39375001 0.34375   ]",2.7828993827454895,0.99716106956059,2.2284908,"[0.63224226 0.62582475 0.76407731 0.52939314 0.72865111 0.28264222
 0.87338257 0.5858922  0.72312403 0.52912182]",2.043336,"[0.60489237 0.59856164 0.72990054 0.50733346 0.69835526 0.27496573
 0.83569497 0.56175983 0.693771   0.50733912]",1.9571128,"[-0.02734989 -0.0272631  -0.03417677 -0.02205968 -0.03029585 -0.00767648
 -0.0376876  -0.02413237 -0.02935302 -0.0217827 ]",0.08638029,0.086229905,0.005094939,0.14670980696444608
14,18,0.5,5.0,60.0,False,42,default,6291456,6912870400,"[4.85109747 0.36313428 0.36112966 0.36254047 0.49753879 0.46152485
 0.39550517 0.37895163 0.41994645 0.36905671]","[2.85625005 0.21875    0.25624999 0.18124999 0.26875001 0.28749999
 0.18124999 0.28125    0.25624999 0.21250001]",2.0575508317886735,0.9994271603402811,2.9465551,"[0.63224226 0.62582475 0.76407731 0.52939314 0.72865111 0.28264222
 0.87338257 0.5858922  0.72312403 0.52912182]",2.043336,"[0.60472614 0.59854996 0.72958672 0.50727803 0.6982708  0.27489132
 0.83584958 0.5615961  0.69393182 0.50742704]",1.9569848,"[-0.02751613 -0.02727479 -0.03449059 -0.02211511 -0.03038031 -0.0077509
 -0.03753299 -0.0242961  -0.02919221 -0.02169478]",0.08651383,0.086358234,0.005186736,0.14935344105781187
14,18,0.5,5.0,74.0180430523168,True,42,default,6291456,6912870400,[5. 0. 0. 0. 0. 0. 0. 0. 0. 0.],[5. 0. 0. 0. 0. 0. 0. 0. 0. 0.],0.0,0.99999999999996,5.0,"[0.63224226 0.62582475 0.76407731 0.52939314 0.72865111 0.28264222
 0.87338257 0.5858922  0.72312403 0.52912182]",2.043336,"[0.59543514 0.5897522  0.71839368 0.5001933  0.68854618 0.2729494
 0.82289582 0.55365473 0.68442631 0.50070935]",1.9287485,"[-0.03680712 -0.03607255 -0.04568362 -0.02919984 -0.04010493 -0.00969282
 -0.05048674 -0.03223747 -0.03869772 -0.02841246]",0.11485173,0.114602335,0.007564938,0.22381178101882981
14,25,0.5,0.01,0.0,False,42,default,6291456,6912870400,"[0.00297311 0.00302866 0.00342041 0.00309415 0.00316545 0.00320284
 0.00304313 0.00296899 0.00346694 0.0032158 ]","[0.0010125 0.00115   0.000925  0.001025  0.0007625 0.0011    0.00095
 0.00085   0.0011625 0.0010625]",0.00684809368754032,0.9926889935278197,0.0031860047,"[0.65636963 0.65560544 0.8157239  0.53781849 0.74646801 0.26446754
 0.91156149 0.59497648 0.74431825 0.54303849]",2.1157253,"[0.65636736 0.65560508 0.81572169 0.53781664 0.7464636  0.26446578
 0.91155779 0.59497619 0.74431556 0.54303706]",2.1157184,"[-2.26497650e-06 -3.57627869e-07 -2.20537186e-06 -1.84774399e-06
 -4.41074371e-06 -1.75833702e-06 -3.69548798e-06 -2.98023224e-07
 -2.68220901e-06 -1.43051147e-06]",7.68559e-06,6.896251e-06,3.392642e-06,0.027976455118293345
14,25,0.5,0.01,15.0,False,42,default,6291456,6912870400,"[0.00263255 0.00268174 0.00302862 0.00273973 0.00280286 0.00283597
 0.00269455 0.00533931 0.00306981 0.00284745]","[0.0009    0.0010375 0.00085   0.0009375 0.0007875 0.0009375 0.0009375
 0.0016    0.001075  0.0009375]",0.006786927249592524,0.9955648791200316,0.0032342407,"[0.65636963 0.65560544 0.8157239  0.53781849 0.74646801 0.26446754
 0.91156149 0.59497648 0.74431825 0.54303849]",2.1157253,"[0.65636617 0.6556049  0.81572223 0.5378167  0.74646395 0.26446593
 0.91156036 0.59497589 0.74431628 0.543037  ]",2.1157196,"[-3.45706940e-06 -5.36441803e-07 -1.66893005e-06 -1.78813934e-06
 -4.05311584e-06 -1.60932541e-06 -1.13248825e-06 -5.96046448e-07
 -1.96695328e-06 -1.49011612e-06]",6.7057213e-06,5.6979147e-06,3.5355997e-06,0.0
14,25,0.5,0.01,30.0,False,42,default,6291456,6912870400,"[0.00211259 0.00215206 0.00243043 0.0021986  0.00224926 0.00227583
 0.00216234 0.00734577 0.00246349 0.00228504]","[0.0007625 0.00095   0.0008    0.0007625 0.0009    0.0005875 0.000875
 0.002625  0.0008875 0.00085  ]",0.006414460759676649,0.9957892064691859,0.0036092761,"[0.65636963 0.65560544 0.8157239  0.53781849 0.74646801 0.26446754
 0.91156149 0.59497648 0.74431825 0.54303849]",2.1157253,"[0.65636706 0.65560496 0.81572217 0.53781682 0.74646366 0.26446584
 0.9115603  0.59497488 0.74431598 0.54303712]",2.1157193,"[-2.56299973e-06 -4.76837158e-07 -1.72853470e-06 -1.66893005e-06
 -4.35113907e-06 -1.69873238e-06 -1.19209290e-06 -1.60932541e-06
 -2.26497650e-06 -1.37090683e-06]",6.738555e-06,5.8959545e-06,3.262795e-06,0.0
14,25,0.5,0.01,45.0,False,42,default,6291456,6912870400,"[0.00144866 0.00147573 0.00166661 0.00150764 0.00154238 0.0015606
 0.00148277 0.00885162 0.00168928 0.00156691]","[0.0006375 0.0008125 0.0007875 0.0005125 0.0006875 0.00075   0.0004875
 0.0038    0.0008    0.000725 ]",0.005679606577319132,0.9975550825716679,0.0043391027,"[0.65636963 0.65560544 0.8157239  0.53781849 0.74646801 0.26446754
 0.91156149 0.59497648 0.74431825 0.54303849]",2.1157253,"[0.65636754 0.65560514 0.81572092 0.53781563 0.74646509 0.26446608
 0.91155976 0.59497392 0.74431515 0.5430367 ]",2.1157184,"[-2.08616257e-06 -2.98023224e-07 -2.98023224e-06 -2.86102295e-06
 -2.92062759e-06 -1.46031380e-06 -1.72853470e-06 -2.56299973e-06
 -3.09944153e-06 -1.78813934e-06]",7.384544e-06,6.8436993e-06,2.7740348e-06,0.0
14,25,0.5,0.01,60.0,False,42,default,6291456,6912870400,"[0.000686   0.00069882 0.00078921 0.00071393 0.00073039 0.00073901
 0.00070216 0.00975425 0.00079995 0.000742  ]","[0.000425  0.00045   0.0006    0.0005    0.00035   0.000425  0.0003875
 0.0059    0.000525  0.0004375]",0.00394683005378473,0.9995564646821481,0.006059986,"[0.65636963 0.65560544 0.8157239  0.53781849 0.74646801 0.26446754
 0.91156149 0.59497648 0.74431825 0.54303849]",2.1157253,"[0.6563676  0.65560603 0.81572038 0.53781545 0.74646467 0.26446632
 0.9115597  0.59497362 0.74431562 0.54303676]",2.1157184,"[-2.02655792e-06  5.96046448e-07 -3.51667404e-06 -3.03983688e-06
 -3.33786011e-06 -1.22189522e-06 -1.78813934e-06 -2.86102295e-06
 -2.62260437e-06 -1.72853470e-06]",7.742928e-06,6.844284e-06,3.6205931e-06,0.0
14,25,0.5,0.01,72.7285459044066,True,42,default,6291456,6912870400,"[2.77555756e-19 2.77555756e-19 4.16333634e-19 2.77555756e-19
 2.77555756e-19 4.16333634e-19 4.16333634e-19 1.00000000e-02
 4.16333634e-19 2.77555756e-19]",[0.   0.   0.   0.   0.   0.   0.   0.01 0.   0.  ],2.2351741811588166e-10,0.99999999,0.01,"[0.65636963 0.65560544 0.8157239  0.53781849 0.74646801 0.26446754
 0.91156149 0.59497648 0.74431825 0.54303849]",2.1157253,"[0.6563707  0.65560484 0.81571984 0.5378145  0.74646425 0.26446664
 0.91155845 0.59497178 0.74431598 0.5430373 ]",2.1157176,"[ 1.07288361e-06 -5.96046448e-07 -4.05311584e-06 -3.99351120e-06
 -3.75509262e-06 -8.94069672e-07 -3.03983688e-06 -4.70876694e-06
 -2.26497650e-06 -1.19209290e-06]",9.313786e-06,7.6030183e-06,5.379657e-06,0.0
14,25,0.5,0.1,0.0,False,42,default,6291456,6912870400,"[0.0297311  0.03028661 0.03420411 0.03094148 0.03165454 0.03202843
 0.03043125 0.02968992 0.03466938 0.03215803]","[0.010125 0.0115   0.00925  0.01025  0.007625 0.011    0.0095   0.0085
 0.011625 0.010625]",0.06848093673588974,0.9926890570301942,0.031860046,"[0.65636963 0.65560544 0.8157239  0.53781849 0.74646801 0.26446754
 0.91156149 0.59497648 0.74431825 0.54303849]",2.1157253,"[0.65619725 0.65542161 0.81561089 0.53755492 0.74611497 0.26417482
 0.91133946 0.59465146 0.74397409 0.54279292]",2.1149719,"[-0.00017238 -0.00018382 -0.00011301 -0.00026357 -0.00035304 -0.00029272
 -0.00022203 -0.00032502 -0.00034416 -0.00024557]",0.0008305128,0.00075332663,0.00034964315,0.027976455118293345
14,25,0.5,0.1,15.0,False,42,default,6291456,6912870400,"[0.02632552 0.0268174  0.03028617 0.02739726 0.02802864 0.02835971
 0.02694548 0.05339312 0.03069814 0.02847446]","[0.009    0.010375 0.0085   0.009375 0.007875 0.009375 0.009375 0.016
 0.01075  0.009375]",0.06786927110265108,0.9955649234500731,0.032342408,"[0.65636963 0.65560544 0.8157239  0.53781849 0.74646801 0.26446754
 0.91156149 0.59497648 0.74431825 0.54303849]",2.1157253,"[0.65620059 0.65542531 0.81561852 0.53755236 0.74612302 0.26418337
 0.91135639 0.59464186 0.74398845 0.54279995]",2.114992,"[-0.00016904 -0.00018013 -0.00010538 -0.00026613 -0.00034499 -0.00028417
 -0.0002051  -0.00033462 -0.00032979 -0.00023854]",0.0008138926,0.00073349447,0.00035271395,0.027976455118293345
14,25,0.5,0.1,30.0,False,42,default,6291456,6912870400,"[0.02112591 0.02152063 0.02430427 0.02198596 0.02249264 0.02275831
 0.02162341 0.07345766 0.02463488 0.0228504 ]","[0.007625 0.0095   0.008    0.007625 0.009    0.005875 0.00875  0.02625
 0.008875 0.0085  ]",0.06414460549018602,0.9957892790330061,0.036092762,"[0.65636963 0.65560544 0.8157239  0.53781849 0.74646801 0.26446754
 0.91156149 0.59497648 0.74431825 0.54303849]",2.1157253,"[0.65617919 0.65540797 0.81559777 0.53752279 0.74611199 0.26418868
 0.91135114 0.59460282 0.74398196 0.54279429]",2.114944,"[-0.00019044 -0.00019747 -0.00012612 -0.0002957  -0.00035602 -0.00027886
 -0.00021034 -0.00037366 -0.00033629 -0.0002442 ]",0.0008600639,0.0007812253,0.00035971796,0.0
14,25,0.5,0.1,45.0,False,42,default,6291456,6912870400,"[0.0144866  0.01475727 0.01666609 0.01507636 0.0154238  0.01560598
 0.01482775 0.08851619 0.01689279 0.01566913]","[0.006375 0.008125 0.007875 0.005125 0.006875 0.0075   0.004875 0.038
 0.008    0.00725 ]",0.05679606500475183,0.9975551229844258,0.043391027,"[0.65636963 0.65560544 0.8157239  0.53781849 0.74646801 0.26446754
 0.91156149 0.59497648 0.74431825 0.54303849]",2.1157253,"[0.65618765 0.65541553 0.81560123 0.53752708 0.74611741 0.26418504
 0.91135699 0.59459418 0.7439813  0.5427931 ]",2.1149526,"[-0.00018197 -0.0001899  -0.00012267 -0.00029141 -0.00035059 -0.0002825
 -0.0002045  -0.0003823  -0.00033695 -0.00024539]",0.0008564985,0.0007728212,0.00036923843,0.03956468264845247
14,25,0.5,0.1,60.0,False,42,default,6291456,6912870400,"[0.00686005 0.00698822 0.00789213 0.00713932 0.00730385 0.00739012
 0.0070216  0.09754249 0.00799949 0.00742003]","[0.00425  0.0045   0.006    0.005    0.0035   0.00425  0.003875 0.059
 0.00525  0.004375]",0.03946830132329468,0.9995564835049492,0.06059986,"[0.65636963 0.65560544 0.8157239  0.53781849 0.74646801 0.26446754
 0.91156149 0.59497648 0.74431825 0.54303849]",2.1157253,"[0.65613949 0.65539253 0.81558049 0.53748626 0.74610215 0.26419014
 0.9113369  0.59454048 0.7439782  0.54277134]",2.1148767,"[-0.00023013 -0.00021291 -0.00014341 -0.00033224 -0.00036585 -0.0002774
 -0.00022459 -0.00043601 -0.00034004 -0.00026715]",0.0009314396,0.00084844534,0.00038434367,0.0
14,25,0.5,0.1,72.7285459044066,True,42,default,6291456,6912870400,"[2.77555756e-18 2.77555756e-18 4.16333634e-18 2.77555756e-18
 2.77555756e-18 4.16333634e-18 4.16333634e-18 1.00000000e-01
 4.16333634e-18 2.77555756e-18]",[0.  0.  0.  0.  0.  0.  0.  0.1 0.  0. ],1.4901161138336505e-09,0.9999999999,0.1,"[0.65636963 0.65560544 0.8157239  0.53781849 0.74646801 0.26446754
 0.91156149 0.59497648 0.74431825 0.54303849]",2.1157253,"[0.65614903 0.65540522 0.81557882 0.53750068 0.74611336 0.26420292
 0.91135877 0.59449953 0.74397838 0.54278117]",2.1148927,"[-0.0002206  -0.00020021 -0.00014508 -0.00031781 -0.00035465 -0.00026461
 -0.00020272 -0.00047696 -0.00033987 -0.00025731]",0.0009256864,0.0008324812,0.0004048093,0.0
14,25,0.5,1.0,0.0,False,42,default,6291456,6912870400,"[0.297311   0.30286607 0.34204107 0.30941477 0.3165454  0.32028433
 0.3043125  0.29689916 0.34669376 0.32158033]","[0.10125 0.115   0.0925  0.1025  0.07625 0.11    0.095   0.085   0.11625
 0.10625]",0.6848093682712083,0.9926890081487479,0.31860048,"[0.65636963 0.65560544 0.8157239  0.53781849 0.74646801 0.26446754
 0.91156149 0.59497648 0.74431825 0.54303849]",2.1157253,"[0.65511203 0.65434641 0.81467444 0.536116   0.74405193 0.26278156
 0.90995061 0.59311229 0.74201322 0.54135573]",2.110584,"[-0.0012576  -0.00125903 -0.00104946 -0.00170249 -0.00241607 -0.00168598
 -0.00161088 -0.00186419 -0.00230503 -0.00168276]",0.0054828324,0.005141983,0.001903012,0.059347025446578223
14,25,0.5,1.0,15.0,False,42,default,6291456,6912870400,"[0.26325524 0.268174   0.30286167 0.27397258 0.28028643 0.28359707
 0.26945476 0.53393116 0.30698142 0.28474463]","[0.09    0.10375 0.085   0.09375 0.07875 0.09375 0.09375 0.16    0.1075
 0.09375]",0.6786927235486521,0.9955649085913532,0.32342407,"[0.65636963 0.65560544 0.8157239  0.53781849 0.74646801 0.26446754
 0.91156149 0.59497648 0.74431825 0.54303849]",2.1157253,"[0.65533966 0.6545918  0.8149544  0.53629035 0.74428737 0.26285076
 0.91025925 0.59326249 0.74231863 0.54154122]",2.111305,"[-0.00102997 -0.00101364 -0.0007695  -0.00152814 -0.00218064 -0.00161678
 -0.00130224 -0.00171399 -0.00199962 -0.00149727]",0.004822723,0.0044210786,0.0019268407,0.05233915627441309
14,25,0.5,1.0,30.0,False,42,default,6291456,6912870400,"[0.21125908 0.21520632 0.24304275 0.21985961 0.22492639 0.22758315
 0.21623411 0.73457663 0.24634879 0.22850405]","[0.07625    0.095      0.08       0.07625    0.09       0.05875
 0.0875     0.26249999 0.08875    0.085     ]",0.6414460620176194,0.9957892805295006,0.3609276,"[0.65636963 0.65560544 0.8157239  0.53781849 0.74646801 0.26446754
 0.91156149 0.59497648 0.74431825 0.54303849]",2.1157253,"[0.65513229 0.6544041  0.81475133 0.53615814 0.74415165 0.26288074
 0.91005945 0.59307975 0.74212331 0.54142475]",2.1107903,"[-0.00123733 -0.00120133 -0.00097257 -0.00166035 -0.00231636 -0.00158679
 -0.00150204 -0.00189674 -0.00219494 -0.00161374]",0.005275974,0.0049356935,0.0018640893,0.05233915627441309
14,25,0.5,1.0,45.0,False,42,default,6291456,6912870400,"[0.14486596 0.14757269 0.16666086 0.15076357 0.154238   0.15605981
 0.14827747 0.88516192 0.16892791 0.15669129]","[0.06375 0.08125 0.07875 0.05125 0.06875 0.075   0.04875 0.38    0.08
 0.0725 ]",0.5679606458204757,0.9975550986673544,0.43391028,"[0.65636963 0.65560544 0.8157239  0.53781849 0.74646801 0.26446754
 0.91156149 0.59497648 0.74431825 0.54303849]",2.1157253,"[0.65521473 0.65446401 0.81481802 0.53623289 0.7442261  0.2628977
 0.91016519 0.59313071 0.74219728 0.54146659]",2.1110044,"[-0.0011549  -0.00114143 -0.00090587 -0.0015856  -0.00224191 -0.00156984
 -0.0013963  -0.00184578 -0.00212097 -0.00157189]",0.005078174,0.004721805,0.0018687982,0.05233915627441309
14,25,0.5,1.0,60.0,False,42,default,6291456,6912870400,"[0.06860046 0.06988222 0.07892132 0.07139324 0.07303854 0.07390125
 0.07021597 0.97542489 0.07999486 0.07420028]","[0.0425     0.045      0.06       0.05       0.035      0.0425
 0.03875    0.58999997 0.0525     0.04375   ]",0.39468300686582236,0.999556432586275,0.60599864,"[0.65636963 0.65560544 0.8157239  0.53781849 0.74646801 0.26446754
 0.91156149 0.59497648 0.74431825 0.54303849]",2.1157253,"[0.65561938 0.65485245 0.81528789 0.53650254 0.74466377 0.26308692
 0.91064495 0.59337813 0.7426368  0.54177624]",2.1121883,"[-0.00075024 -0.00075299 -0.00043601 -0.00131595 -0.00180423 -0.00138062
 -0.00091654 -0.00159836 -0.00168145 -0.00126225]",0.0040035467,0.0035377394,0.0018742423,0.05233915627441309
14,25,0.5,1.0,72.7285459044066,True,42,default,6291456,6912870400,"[2.77555756e-17 2.77555756e-17 4.16333634e-17 2.77555756e-17
 2.77555756e-17 4.16333634e-17 4.16333634e-17 1.00000000e+00
 4.16333634e-17 2.77555756e-17]",[0. 0. 0. 0. 0. 0. 0. 1. 0. 0.],1.0385185452638061e-16,0.9999999999989999,1.0,"[0.65636963 0.65560544 0.8157239  0.53781849 0.74646801 0.26446754
 0.91156149 0.59497648 0.74431825 0.54303849]",2.1157253,"[0.65566337 0.65488636 0.8153314  0.53660589 0.74487352 0.26333332
 0.91084385 0.59334242 0.74281859 0.5419268 ]",2.1125383,"[-0.00070626 -0.00071907 -0.0003925  -0.0012126  -0.00159448 -0.00113422
 -0.00071764 -0.00163406 -0.00149965 -0.00111169]",0.0036247894,0.003187474,0.0017260086,0.03956468264845247
14,25,0.5,2.0,0.0,False,42,default,6291456,6912870400,"[0.59462199 0.60573214 0.68408213 0.61882953 0.63309081 0.64056866
 0.60862501 0.59379831 0.69338752 0.64316067]","[0.2025     0.23       0.185      0.205      0.1525     0.22
 0.19       0.17       0.2325     0.21250001]",1.3696187365424166,0.9926890081510846,0.63720095,"[0.65636963 0.65560544 0.8157239  0.53781849 0.74646801 0.26446754
 0.91156149 0.59497648 0.74431825 0.54303849]",2.1157253,"[0.65454763 0.65384763 0.81408757 0.53552914 0.74330038 0.26231125
 0.90928513 0.59251565 0.7412166  0.54073703]",2.108662,"[-0.00182199 -0.0017578  -0.00163633 -0.00228935 -0.00316763 -0.00215629
 -0.00227636 -0.00246084 -0.00310165 -0.00230145]",0.007427391,0.007064598,0.0022929413,0.06561060592844098
14,25,0.5,2.0,15.0,False,42,default,6291456,6912870400,"[0.52651048 0.53634801 0.60572333 0.54794515 0.56057285 0.56719415
 0.53890951 1.06786231 0.61396283 0.56948926]","[0.18000001 0.2075     0.17       0.1875     0.1575     0.1875
 0.1875     0.31999999 0.215      0.1875    ]",1.3573854470973041,0.9955649085936616,0.64684814,"[0.65636963 0.65560544 0.8157239  0.53781849 0.74646801 0.26446754
 0.91156149 0.59497648 0.74431825 0.54303849]",2.1157253,"[0.65486395 0.65412182 0.81448859 0.53576034 0.74363208 0.26241726
 0.9096483  0.59272933 0.74151611 0.54101157]",2.109581,"[-0.00150567 -0.00148362 -0.00123531 -0.00205815 -0.00283593 -0.00205028
 -0.00191319 -0.00224715 -0.00280213 -0.00202692]",0.0065686083,0.006145436,0.0023195308,0.06561060592844098
14,25,0.5,2.0,30.0,False,42,default,6291456,6912870400,"[0.42251816 0.43041265 0.48608549 0.43971921 0.44985279 0.4551663
 0.43246823 1.46915326 0.49269759 0.45700809]","[0.1525     0.19       0.16       0.1525     0.18000001 0.1175
 0.175      0.52499998 0.17749999 0.17      ]",1.282892124035239,0.9957892805315697,0.7218552,"[0.65636963 0.65560544 0.8157239  0.53781849 0.74646801 0.26446754
 0.91156149 0.59497648 0.74431825 0.54303849]",2.1157253,"[0.65482467 0.65413672 0.81445581 0.53575671 0.74357778 0.26245922
 0.90950501 0.59265161 0.74156255 0.54097992]",2.1094706,"[-0.00154495 -0.00146872 -0.00126809 -0.00206178 -0.00289023 -0.00200832
 -0.00205648 -0.00232488 -0.0027557  -0.00205857]",0.0066524837,0.0062558632,0.0022626761,0.06561060592844098
14,25,0.5,2.0,45.0,False,42,default,6291456,6912870400,"[0.28973192 0.29514538 0.33332172 0.30152714 0.308476   0.31211961
 0.29655494 1.77032384 0.33785581 0.31338258]","[0.1275     0.16249999 0.1575     0.1025     0.1375     0.15000001
 0.0975     0.75999999 0.16       0.145     ]",1.1359212916409513,0.9975550986690785,0.86782056,"[0.65636963 0.65560544 0.8157239  0.53781849 0.74646801 0.26446754
 0.91156149 0.59497648 0.74431825 0.54303849]",2.1157253,"[0.65518218 0.65446913 0.81483006 0.53598624 0.74404913 0.26258671
 0.91020745 0.59294444 0.74195415 0.54126716]",2.110666,"[-0.00118744 -0.0011363  -0.00089383 -0.00183225 -0.00241888 -0.00188082
 -0.00135404 -0.00203204 -0.0023641  -0.00177133]",0.005561917,0.005060574,0.0023077072,0.06561060592844098
14,25,0.5,2.0,60.0,False,42,default,6291456,6912870400,"[0.13720093 0.13976444 0.15784263 0.14278649 0.14607708 0.14780249
 0.14043193 1.95084978 0.15998973 0.14840056]","[0.085      0.09       0.12       0.1        0.07       0.085
 0.0775     1.17999995 0.105      0.0875    ]",0.7893660137316447,0.999556432587512,1.2119973,"[0.65636963 0.65560544 0.8157239  0.53781849 0.74646801 0.26446754
 0.91156149 0.59497648 0.74431825 0.54303849]",2.1157253,"[0.65430242 0.65362656 0.81369841 0.53534782 0.74310631 0.26250795
 0.90890855 0.59211648 0.74109828 0.54067379]",2.1079447,"[-0.00206721 -0.00197887 -0.00202549 -0.00247067 -0.0033617  -0.00195959
 -0.00265294 -0.00286001 -0.00321996 -0.0023647 ]",0.008044554,0.0077815535,0.0020401608,0.05233915627441309
14,25,0.5,2.0,72.7285459044066,True,42,default,6291456,6912870400,"[5.55111512e-17 5.55111512e-17 8.32667268e-17 5.55111512e-17
 5.55111512e-17 8.32667268e-17 8.32667268e-17 2.00000000e+00
 8.32667268e-17 5.55111512e-17]",[0. 0. 0. 0. 0. 0. 0. 2. 0. 0.],2.0770370905276122e-16,0.99999999999975,2.0,"[0.65636963 0.65560544 0.8157239  0.53781849 0.74646801 0.26446754
 0.91156149 0.59497648 0.74431825 0.54303849]",2.1157253,"[0.65385985 0.65322936 0.81325811 0.53509194 0.74276835 0.26267734
 0.90824348 0.59165853 0.74080622 0.54046685]",2.10678,"[-0.00250977 -0.00237608 -0.00246578 -0.00272655 -0.00369966 -0.0017902
 -0.00331801 -0.00331795 -0.00351202 -0.00257164]",0.009127808,0.008945995,0.0018127438,0.05233915627441309
14,25,0.5,5.0,0.0,False,42,default,6291456,6912870400,"[1.48655498 1.51433034 1.71020533 1.54707383 1.58272701 1.60142164
 1.52156252 1.48449578 1.73346881 1.60790167]","[0.50625002 0.57499999 0.46250001 0.51249999 0.38125002 0.55000001
 0.47499999 0.42500001 0.58125001 0.53125   ]",3.4240468334082292,0.9926890497286485,1.5930023,"[0.65636963 0.65560544 0.8157239  0.53781849 0.74646801 0.26446754
 0.91156149 0.59497648 0.74431825 0.54303849]",2.1157253,"[0.64673048 0.64624512 0.80444437 0.52930379 0.73431921 0.26003414
 0.89808536 0.58570862 0.73238468 0.5346055 ]",2.083706,"[-0.00963914 -0.00936031 -0.01127952 -0.0085147  -0.0121488  -0.00443339
 -0.01347613 -0.00926787 -0.01193357 -0.00843298]",0.032070693,0.032019902,0.0018041362,0.044234660174789026
14,25,0.5,5.0,15.0,False,42,default,6291456,6912870400,"[1.31627621 1.34087002 1.51430833 1.36986288 1.40143213 1.41798537
 1.34727378 2.66965578 1.53490708 1.42372314]","[0.45000002 0.51875001 0.42500001 0.46875    0.39375001 0.46875
 0.46875    0.79999995 0.53750002 0.46875   ]",3.393463617551755,0.9955648909203545,1.6171204,"[0.65636963 0.65560544 0.8157239  0.53781849 0.74646801 0.26446754
 0.91156149 0.59497648 0.74431825 0.54303849]",2.1157253,"[0.64621019 0.64574671 0.8036288  0.52888823 0.73377651 0.25989863
 0.89754742 0.58524364 0.731938   0.53430474]",2.0821648,"[-0.01015943 -0.00985873 -0.01209509 -0.00893027 -0.0126915  -0.0045689
 -0.01401407 -0.00973284 -0.01238024 -0.00873375]",0.03360163,0.03356112,0.0016493738,0.044234660174789026
14,25,0.5,5.0,30.0,False,42,default,6291456,6912870400,"[1.05629539 1.07603162 1.21521373 1.09929803 1.12463197 1.13791574
 1.08117056 3.67288316 1.23174397 1.14252023]","[0.38125002 0.47499999 0.39999998 0.38125002 0.45000002 0.29374999
 0.4375     1.3125     0.44374999 0.42500001]",3.2072302614856425,0.9957893242357173,1.804638,"[0.65636963 0.65560544 0.8157239  0.53781849 0.74646801 0.26446754
 0.91156149 0.59497648 0.74431825 0.54303849]",2.1157253,"[0.64479846 0.64433002 0.80195671 0.52778035 0.7321021  0.25977349
 0.89517409 0.58387852 0.73031741 0.53304106]",2.077454,"[-0.01157117 -0.01127541 -0.01376718 -0.01003814 -0.01436591 -0.00469404
 -0.0163874  -0.01109797 -0.01400083 -0.00999743]",0.038306963,0.038271714,0.0016429597,0.05233915627441309
14,25,0.5,5.0,45.0,False,42,default,6291456,6912870400,"[0.72432979 0.73786345 0.83330431 0.75381784 0.77119    0.78029903
 0.74138736 4.42580961 0.84463954 0.78345645]","[0.31874999 0.40625    0.39375001 0.25624999 0.34375    0.375
 0.24374999 1.89999998 0.39999998 0.36249998]",2.839803232394299,0.9975551109720899,2.1695514,"[0.65636963 0.65560544 0.8157239  0.53781849 0.74646801 0.26446754
 0.91156149 0.59497648 0.74431825 0.54303849]",2.1157253,"[0.64458299 0.6441015  0.80153042 0.5275625  0.73193306 0.25956085
 0.89506787 0.58357906 0.73022103 0.53295964]",2.0768259,"[-0.01178664 -0.01150393 -0.01419348 -0.01025599 -0.01453495 -0.00490668
 -0.01649362 -0.01139742 -0.01409721 -0.01007885]",0.038929436,0.038900115,0.0015107489,0.05233915627441309
14,25,0.5,5.0,60.0,False,42,default,6291456,6912870400,"[0.34300231 0.3494111  0.39460659 0.35696621 0.3651927  0.36950623
 0.35107983 4.87712446 0.39997432 0.37100141]","[0.21250001 0.22500001 0.29999998 0.25       0.175      0.21250001
 0.19374999 2.94999981 0.26249999 0.21875   ]",1.9734150936557033,0.9995565309034189,3.0299928,"[0.65636963 0.65560544 0.8157239  0.53781849 0.74646801 0.26446754
 0.91156149 0.59497648 0.74431825 0.54303849]",2.1157253,"[0.64238608 0.64191288 0.79908228 0.52598208 0.72931939 0.25916538
 0.8915289  0.5817799  0.72766066 0.53130066]",2.0697916,"[-0.01398355 -0.01369256 -0.01664162 -0.01183641 -0.01714861 -0.00530216
 -0.02003258 -0.01319659 -0.01665759 -0.01173782]",0.045966987,0.04593435,0.0017317855,0.05233915627441309
14,25,0.5,5.0,72.7285459044066,True,42,default,6291456,6912870400,"[1.38777878e-16 1.38777878e-16 2.08166817e-16 1.38777878e-16
 1.38777878e-16 2.08166817e-16 2.08166817e-16 5.00000000e+00
 2.08166817e-16 1.38777878e-16]",[0. 0. 0. 0. 0. 0. 0. 5. 0. 0.],5.192592726319031e-16,0.99999999999996,5.0,"[0.65636963 0.65560544 0.8157239  0.53781849 0.74646801 0.26446754
 0.91156149 0.59497648 0.74431825 0.54303849]",2.1157253,"[0.63938576 0.63909638 0.79543829 0.52373886 0.72638249 0.2588914
 0.88761854 0.57896751 0.72476047 0.52934819]",2.0609455,"[-0.01698387 -0.01650906 -0.02028561 -0.01407963 -0.02008551 -0.00557613
 -0.02394295 -0.01600897 -0.01955777 -0.01369029]",0.054815564,0.054780625,0.001956782,0.05233915627441309
14,32,0.75,0.01,0.0,False,42,default,6291456,6912870400,"[0.00250689 0.00252646 0.00247371 0.00259019 0.00396475 0.00433616
 0.00429783 0.00261858 0.00285028 0.00255543]","[0.000825  0.001025  0.0007125 0.0008375 0.00115   0.0014375 0.00135
 0.0009125 0.0009    0.00085  ]",0.006774546683836354,0.9963448660263474,0.003242973,"[0.49623242 0.48907712 0.59325284 0.41262403 0.58497763 0.24654083
 0.70377219 0.45943081 0.55567902 0.41017976]",1.6105995,"[0.49623105 0.48907557 0.59325045 0.41262299 0.58497322 0.24654078
 0.70377219 0.459429   0.55567712 0.41017598]",1.6105936,"[-1.37090683e-06 -1.54972076e-06 -2.38418579e-06 -1.04308128e-06
 -4.41074371e-06 -4.47034836e-08  0.00000000e+00 -1.81794167e-06
 -1.90734863e-06 -3.78489494e-06]",7.1957184e-06,5.7878033e-06,4.2754746e-06,0.027976455118293345
14,32,0.75,0.01,15.0,False,42,default,6291456,6912870400,"[0.00225582 0.00227343 0.00489717 0.00233078 0.00356767 0.00390188
 0.0038674  0.00235632 0.00256482 0.0022995 ]","[0.0007375 0.0009    0.0015125 0.0008875 0.00095   0.00145   0.0011625
 0.0007375 0.00085   0.0008125]",0.006758951025001382,0.9934281533539905,0.0032729476,"[0.49623242 0.48907712 0.59325284 0.41262403 0.58497763 0.24654083
 0.70377219 0.45943081 0.55567902 0.41017976]",1.6105995,"[0.49623093 0.48907542 0.59325016 0.41262296 0.58497298 0.24654077
 0.70377231 0.459429   0.55567712 0.41017598]",1.6105934,"[-1.49011612e-06 -1.69873238e-06 -2.68220901e-06 -1.07288361e-06
 -4.64916229e-06 -5.96046448e-08  1.19209290e-07 -1.81794167e-06
 -1.90734863e-06 -3.78489494e-06]",7.506814e-06,6.0239763e-06,4.47928e-06,0.044234660174789026
14,32,0.75,0.01,30.0,False,42,default,6291456,6912870400,"[0.00185102 0.00186547 0.0069869  0.00191252 0.00292746 0.0032017
 0.0031734  0.00193349 0.00210457 0.00188686]","[0.00065   0.000825  0.002525  0.0005125 0.0010875 0.0012    0.000975
 0.0007    0.0008125 0.0007125]",0.006417861073017921,0.9965133813703002,0.0036017357,"[0.49623242 0.48907712 0.59325284 0.41262403 0.58497763 0.24654083
 0.70377219 0.45943081 0.55567902 0.41017976]",1.6105995,"[0.49623093 0.48907548 0.5932501  0.41262263 0.58497292 0.24654081
 0.70377207 0.45942885 0.55567712 0.41017586]",1.610593,"[-1.49011612e-06 -1.63912773e-06 -2.74181366e-06 -1.40070915e-06
 -4.70876694e-06 -1.49011612e-08 -1.19209290e-07 -1.96695328e-06
 -1.90734863e-06 -3.90410423e-06]",7.702113e-06,6.3036705e-06,4.425638e-06,0.0
14,32,0.75,0.01,45.0,False,42,default,6291456,6912870400,"[0.00132007 0.00133038 0.00860048 0.00136394 0.00208775 0.00228333
 0.00226315 0.00137889 0.0015009  0.00134564]","[0.00055   0.00065   0.0035375 0.0006375 0.0009125 0.000925  0.0009875
 0.0005125 0.0006875 0.0006   ]",0.0058343112597181316,0.9991432967799206,0.0041718176,"[0.49623242 0.48907712 0.59325284 0.41262403 0.58497763 0.24654083
 0.70377219 0.45943081 0.55567902 0.41017976]",1.6105995,"[0.49623117 0.48907569 0.59324998 0.41262177 0.5849731  0.24654089
 0.70377111 0.45942864 0.55567694 0.4101764 ]",1.6105926,"[-1.25169754e-06 -1.43051147e-06 -2.86102295e-06 -2.26497650e-06
 -4.52995300e-06  5.96046448e-08 -1.07288361e-06 -2.17556953e-06
 -2.08616257e-06 -3.36766243e-06]",7.683106e-06,6.7571464e-06,3.656649e-06,0.027976455118293345
14,32,0.75,0.01,60.0,False,42,default,6291456,6912870400,"[0.00069917 0.00070463 0.00962796 0.0007224  0.00110576 0.00120935
 0.00119866 0.00073032 0.00079494 0.00071271]","[0.0003875 0.0004125 0.00555   0.0004    0.0005625 0.00065   0.0006625
 0.0005125 0.0004375 0.000425 ]",0.004250835160236171,0.9997275820140171,0.0057528527,"[0.49623242 0.48907712 0.59325284 0.41262403 0.58497763 0.24654083
 0.70377219 0.45943081 0.55567902 0.41017976]",1.6105995,"[0.4962315  0.48907548 0.59324968 0.41262162 0.58497286 0.24654104
 0.70377237 0.45942858 0.55567658 0.41017613]",1.6105927,"[-9.23871994e-07 -1.63912773e-06 -3.15904617e-06 -2.41398811e-06
 -4.76837158e-06  2.08616257e-07  1.78813934e-07 -2.23517418e-06
 -2.44379044e-06 -3.63588333e-06]",8.145417e-06,6.5929785e-06,4.78335e-06,0.0
14,32,0.75,0.01,75.67799521699794,True,42,default,6291456,6912870400,[0.   0.   0.01 0.   0.   0.   0.   0.   0.   0.  ],[0.   0.   0.01 0.   0.   0.   0.   0.   0.   0.  ],2.2351741811588166e-10,0.99999999,0.01,"[0.49623242 0.48907712 0.59325284 0.41262403 0.58497763 0.24654083
 0.70377219 0.45943081 0.55567902 0.41017976]",1.6105995,"[0.49623117 0.48907548 0.59324896 0.41262147 0.58497286 0.24654105
 0.70377231 0.4594284  0.55567497 0.41017583]",1.6105917,"[-1.25169754e-06 -1.63912773e-06 -3.87430191e-06 -2.56299973e-06
 -4.76837158e-06  2.23517418e-07  1.19209290e-07 -2.41398811e-06
 -4.05311584e-06 -3.93390656e-06]",9.293272e-06,7.7015275e-06,5.201093e-06,0.027976455118293345
14,32,0.75,0.1,0.0,False,42,default,6291456,6912870400,"[0.02506887 0.02526457 0.02473712 0.0259019  0.03964752 0.04336158
 0.04297833 0.02618579 0.02850284 0.02555432]","[0.00825  0.01025  0.007125 0.008375 0.0115   0.014375 0.0135   0.009125
 0.009    0.0085  ]",0.06774546554499335,0.9963448655015317,0.032429732,"[0.49623242 0.48907712 0.59325284 0.41262403 0.58497763 0.24654083
 0.70377219 0.45943081 0.55567902 0.41017976]",1.6105995,"[0.49610832 0.48897099 0.59313279 0.41250381 0.58492702 0.24649899
 0.70375013 0.4593347  0.55561328 0.41006562]",1.6103404,"[-1.24096870e-04 -1.06126070e-04 -1.20043755e-04 -1.20222569e-04
 -5.06043434e-05 -4.18424606e-05 -2.20537186e-05 -9.61124897e-05
 -6.57439232e-05 -1.14142895e-04]",0.0002948104,0.00025906842,0.0001407008,0.0
14,32,0.75,0.1,15.0,False,42,default,6291456,6912870400,"[0.02255817 0.02273427 0.04897173 0.02330777 0.03567674 0.03901882
 0.03867395 0.02356322 0.02564822 0.022995  ]","[0.007375 0.009    0.015125 0.008875 0.0095   0.0145   0.011625 0.007375
 0.0085   0.008125]",0.06758950947198078,0.9934281929746506,0.032729477,"[0.49623242 0.48907712 0.59325284 0.41262403 0.58497763 0.24654083
 0.70377219 0.45943081 0.55567902 0.41017976]",1.6105995,"[0.49609718 0.48896742 0.59312141 0.41249853 0.58492607 0.24649738
 0.70374489 0.45932889 0.55560935 0.41005802]",1.6103224,"[-1.35242939e-04 -1.09702349e-04 -1.31428242e-04 -1.25497580e-04
 -5.15580177e-05 -4.34517860e-05 -2.72989273e-05 -1.01923943e-04
 -6.96778297e-05 -1.21742487e-04]",0.00031417276,0.00027696847,0.00014830027,0.027976455118293345
14,32,0.75,0.1,30.0,False,42,default,6291456,6912870400,"[0.01851016 0.01865467 0.06986901 0.01912525 0.02927464 0.032017
 0.03173401 0.01933486 0.02104572 0.01886861]","[0.0065   0.00825  0.02525  0.005125 0.010875 0.012    0.00975  0.007
 0.008125 0.007125]",0.06417860830685725,0.9965134377261635,0.03601736,"[0.49623242 0.48907712 0.59325284 0.41262403 0.58497763 0.24654083
 0.70377219 0.45943081 0.55567902 0.41017976]",1.6105995,"[0.49610132 0.48896652 0.59310436 0.41250327 0.58492595 0.24649733
 0.70374948 0.45933387 0.55560917 0.41005549]",1.610321,"[-1.31100416e-04 -1.10596418e-04 -1.48475170e-04 -1.20759010e-04
 -5.16772270e-05 -4.34964895e-05 -2.27093697e-05 -9.69469547e-05
 -6.98566437e-05 -1.24275684e-04]",0.00031756543,0.00027836053,0.0001528502,0.027976455118293345
14,32,0.75,0.1,45.0,False,42,default,6291456,6912870400,"[0.01320072 0.01330378 0.08600483 0.01363938 0.02087752 0.02283327
 0.02263145 0.01378887 0.01500898 0.01345635]","[0.0055   0.0065   0.035375 0.006375 0.009125 0.00925  0.009875 0.005125
 0.006875 0.006   ]",0.05834311125801503,0.9991433083727642,0.041718177,"[0.49623242 0.48907712 0.59325284 0.41262403 0.58497763 0.24654083
 0.70377219 0.45943081 0.55567902 0.41017976]",1.6105995,"[0.49609011 0.48895696 0.59308714 0.41249794 0.58492142 0.24649662
 0.70375043 0.45932817 0.55560386 0.41005066]",1.6103009,"[-1.42306089e-04 -1.20162964e-04 -1.65700912e-04 -1.26093626e-04
 -5.62071800e-05 -4.42117453e-05 -2.17556953e-05 -1.02639198e-04
 -7.51614571e-05 -1.29103661e-04]",0.00034129986,0.00029845134,0.00016556682,0.03426402009603798
14,32,0.75,0.1,60.0,False,42,default,6291456,6912870400,"[0.00699167 0.00704626 0.09627956 0.007224   0.01105764 0.01209349
 0.0119866  0.00730318 0.0079494  0.00712707]","[0.003875 0.004125 0.0555   0.004    0.005625 0.0065   0.006625 0.005125
 0.004375 0.00425 ]",0.042508349584582265,0.9997276504863426,0.057528526,"[0.49623242 0.48907712 0.59325284 0.41262403 0.58497763 0.24654083
 0.70377219 0.45943081 0.55567902 0.41017976]",1.6105995,"[0.49607882 0.48893273 0.59305447 0.41248283 0.58492011 0.24649504
 0.70374852 0.45931822 0.55559838 0.41003665]",1.6102644,"[-1.53601170e-04 -1.44392252e-04 -1.98364258e-04 -1.41203403e-04
 -5.75184822e-05 -4.57912683e-05 -2.36630440e-05 -1.12593174e-04
 -8.06450844e-05 -1.43110752e-04]",0.00038646592,0.00033504132,0.0001926219,0.027976455118293345
14,32,0.75,0.1,75.67799521699794,True,42,default,6291456,6912870400,[0.  0.  0.1 0.  0.  0.  0.  0.  0.  0. ],[0.  0.  0.1 0.  0.  0.  0.  0.  0.  0. ],1.4901161138336505e-09,0.9999999999,0.1,"[0.49623242 0.48907712 0.59325284 0.41262403 0.58497763 0.24654083
 0.70377219 0.45943081 0.55567902 0.41017976]",1.6105995,"[0.49607274 0.48891094 0.59297925 0.41247019 0.58492124 0.24649689
 0.70374411 0.45931259 0.55559576 0.41001576]",1.6102159,"[-1.59680843e-04 -1.66177750e-04 -2.73585320e-04 -1.53839588e-04
 -5.63859940e-05 -4.39435244e-05 -2.80737877e-05 -1.18225813e-04
 -8.32676888e-05 -1.64002180e-04]",0.00045313867,0.0003835396,0.00024131307,0.027976455118293345
14,32,0.75,1.0,0.0,False,42,default,6291456,6912870400,"[0.25068869 0.25264573 0.24737115 0.259019   0.39647522 0.43361578
 0.42978326 0.26185786 0.28502844 0.25554324]","[0.0825     0.1025     0.07125    0.08375    0.115      0.14375
 0.13500001 0.09125    0.09       0.085     ]",0.6774546615927994,0.9963448918441042,0.3242973,"[0.49623242 0.48907712 0.59325284 0.41262403 0.58497763 0.24654083
 0.70377219 0.45943081 0.55567902 0.41017976]",1.6105995,"[0.48641506 0.47922388 0.58067179 0.40476751 0.57447129 0.24393782
 0.69054985 0.45088303 0.54517251 0.40246671]",1.5799183,"[-0.00981736 -0.00985324 -0.01258105 -0.00785652 -0.01050633 -0.00260301
 -0.01322234 -0.00854778 -0.01050651 -0.00771305]",0.030796202,0.030683324,0.00263427,0.09891171693842998
14,32,0.75,1.0,15.0,False,42,default,6291456,6912870400,"[0.22558167 0.22734271 0.48971734 0.23307768 0.35676736 0.39018821
 0.38673953 0.23563222 0.25648222 0.22995002]","[0.07375 0.09    0.15125 0.08875 0.095   0.145   0.11625 0.07375 0.085
 0.08125]",0.6758950986939483,0.993428180650497,0.32729477,"[0.49623242 0.48907712 0.59325284 0.41262403 0.58497763 0.24654083
 0.70377219 0.45943081 0.55567902 0.41017976]",1.6105995,"[0.48656595 0.47933891 0.58083993 0.40486386 0.5745737  0.24398607
 0.69069952 0.45102584 0.54528308 0.40257111]",1.5803018,"[-0.00966647 -0.00973821 -0.01241291 -0.00776017 -0.01040393 -0.00255476
 -0.01307267 -0.00840497 -0.01039594 -0.00760865]",0.030411312,0.030299831,0.0026014664,0.09891171693842998
14,32,0.75,1.0,30.0,False,42,default,6291456,6912870400,"[0.18510163 0.18654666 0.6986901  0.1912525  0.29274639 0.32016996
 0.31734013 0.19334863 0.21045715 0.18868609]","[0.065   0.0825  0.2525  0.05125 0.10875 0.12    0.0975  0.07    0.08125
 0.07125]",0.6417860971828073,0.9965134811069853,0.36017355,"[0.49623242 0.48907712 0.59325284 0.41262403 0.58497763 0.24654083
 0.70377219 0.45943081 0.55567902 0.41017976]",1.6105995,"[0.48649338 0.47918975 0.58071423 0.40475813 0.57443112 0.24396038
 0.690602   0.45093125 0.54512769 0.4024905 ]",1.5799612,"[-0.00973904 -0.00988737 -0.01253861 -0.00786591 -0.01054651 -0.00258045
 -0.01317018 -0.00849956 -0.01055133 -0.00768927]",0.030752845,0.03064033,0.002628187,0.09691329395132914
14,32,0.75,1.0,45.0,False,42,default,6291456,6912870400,"[0.13200722 0.13303776 0.86004829 0.13639378 0.20877524 0.22833265
 0.22631453 0.13788866 0.15008979 0.13456352]","[0.055      0.065      0.35374999 0.06375    0.09125    0.0925
 0.09875    0.05125    0.06875    0.06      ]",0.5834311149085981,0.999143338566361,0.41718176,"[0.49623242 0.48907712 0.59325284 0.41262403 0.58497763 0.24654083
 0.70377219 0.45943081 0.55567902 0.41017976]",1.6105995,"[0.48651636 0.47926471 0.58070213 0.40478113 0.57441252 0.24394459
 0.69054687 0.4509348  0.54521537 0.40247735]",1.579987,"[-0.00971606 -0.00981241 -0.01255071 -0.0078429  -0.0105651  -0.00259624
 -0.01322532 -0.00849602 -0.01046365 -0.00770241]",0.030724341,0.030614402,0.0025967825,0.09691329395132914
14,32,0.75,1.0,60.0,False,42,default,6291456,6912870400,"[0.06991674 0.07046255 0.9627956  0.07224005 0.1105764  0.12093485
 0.11986597 0.0730318  0.07949405 0.07127066]","[0.03875    0.04125    0.55500001 0.04       0.05625    0.065
 0.06625    0.05125    0.04375    0.0425    ]",0.4250834967628166,0.9997276489922754,0.57528526,"[0.49623242 0.48907712 0.59325284 0.41262403 0.58497763 0.24654083
 0.70377219 0.45943081 0.55567902 0.41017976]",1.6105995,"[0.4869101  0.47962552 0.58113903 0.40506977 0.57482654 0.24400634
 0.69092739 0.45123532 0.54558003 0.40275759]",1.5810616,"[-0.00932232 -0.0094516  -0.01211381 -0.00755426 -0.01015109 -0.00253449
 -0.0128448  -0.00819549 -0.01009899 -0.00742218]",0.029643737,0.029539641,0.0024820406,0.08846932694105811
14,32,0.75,1.0,75.67799521699794,True,42,default,6291456,6912870400,[0. 0. 1. 0. 0. 0. 0. 0. 0. 0.],[0. 0. 1. 0. 0. 0. 0. 0. 0. 0.],0.0,0.9999999999989999,1.0,"[0.49623242 0.48907712 0.59325284 0.41262403 0.58497763 0.24654083
 0.70377219 0.45943081 0.55567902 0.41017976]",1.6105995,"[0.48854443 0.48121494 0.58301091 0.40631342 0.57664728 0.24449779
 0.69342411 0.45264435 0.5473997  0.40401769]",1.5862337,"[-0.00768799 -0.00786218 -0.01024193 -0.00631061 -0.00833035 -0.00204304
 -0.01034808 -0.00678647 -0.00827932 -0.00616208]",0.024471736,0.024367178,0.0022596992,0.08622923312351063
14,32,0.75,2.0,0.0,False,42,default,6291456,6912870400,"[0.50137737 0.50529147 0.4947423  0.51803799 0.79295043 0.86723156
 0.85956653 0.52371571 0.57005688 0.51108648]","[0.16500001 0.205      0.1425     0.1675     0.23       0.28749999
 0.27000001 0.1825     0.18000001 0.17      ]",1.3549093231855989,0.9963448918464084,0.6485946,"[0.49623242 0.48907712 0.59325284 0.41262403 0.58497763 0.24654083
 0.70377219 0.45943081 0.55567902 0.41017976]",1.6105995,"[0.48023427 0.47307664 0.57273889 0.39981872 0.567173   0.24234031
 0.6812337  0.44541362 0.53824562 0.39760625]",1.5598068,"[-0.01599815 -0.01600048 -0.02051395 -0.01280531 -0.01780462 -0.00420052
 -0.02253848 -0.01401719 -0.0174334  -0.01257351]",0.050969455,0.05079821,0.0041744495,0.15576635622796445
14,32,0.75,2.0,15.0,False,42,default,6291456,6912870400,"[0.45116333 0.45468542 0.97943468 0.46615535 0.71353471 0.78037642
 0.77347906 0.47126444 0.51296443 0.45990005]","[0.14749999 0.18000001 0.30250001 0.17749999 0.19       0.28999999
 0.2325     0.14749999 0.17       0.16249999]",1.3517901973878965,0.9934281806527733,0.65458953,"[0.49623242 0.48907712 0.59325284 0.41262403 0.58497763 0.24654083
 0.70377219 0.45943081 0.55567902 0.41017976]",1.6105995,"[0.48027626 0.47312376 0.57284123 0.39989802 0.56727493 0.24235697
 0.68140841 0.44543764 0.53831583 0.39765993]",1.5600526,"[-0.01595616 -0.01595336 -0.02041161 -0.01272601 -0.0177027  -0.00418386
 -0.02236378 -0.01399317 -0.01736319 -0.01251984]",0.050722368,0.0505523,0.004150039,0.15195108845669586
14,32,0.75,2.0,30.0,False,42,default,6291456,6912870400,"[0.37020325 0.37309331 1.3973802  0.38250499 0.58549278 0.64033991
 0.63468027 0.38669727 0.42091431 0.37737219]","[0.13       0.16500001 0.505      0.1025     0.2175     0.23999999
 0.19499999 0.14       0.16249999 0.1425    ]",1.2835721943656146,0.9965134811090602,0.7203471,"[0.49623242 0.48907712 0.59325284 0.41262403 0.58497763 0.24654083
 0.70377219 0.45943081 0.55567902 0.41017976]",1.6105995,"[0.47919542 0.4720315  0.57151031 0.3990548  0.56614    0.24212022
 0.67992526 0.44460428 0.53717244 0.39691141]",1.5567632,"[-0.017037   -0.01704562 -0.02174252 -0.01356924 -0.01883763 -0.00442061
 -0.02384692 -0.01482654 -0.01850659 -0.01326835]",0.05402885,0.05384262,0.0044820704,0.1655109964311004
14,32,0.75,2.0,45.0,False,42,default,6291456,6912870400,"[0.26401444 0.26607551 1.72009657 0.27278756 0.41755048 0.4566653
 0.45262907 0.27577732 0.30017957 0.26912704]","[0.11       0.13       0.70749998 0.1275     0.1825     0.185
 0.19750001 0.1025     0.1375     0.12      ]",1.1668622298171962,0.9991433385681571,0.8343635,"[0.49623242 0.48907712 0.59325284 0.41262403 0.58497763 0.24654083
 0.70377219 0.45943081 0.55567902 0.41017976]",1.6105995,"[0.47832924 0.4710438  0.57001245 0.39830154 0.56477487 0.24191281
 0.67824191 0.44357118 0.5359773  0.39605626]",1.5532649,"[-0.01790318 -0.01803333 -0.02324039 -0.01432249 -0.02020276 -0.00462802
 -0.02553028 -0.01585963 -0.01970172 -0.0141235 ]",0.057545617,0.05734207,0.00483567,0.17913678902801208
14,32,0.75,2.0,60.0,False,42,default,6291456,6912870400,"[0.13983347 0.14092511 1.9255912  0.14448009 0.2211528  0.24186971
 0.23973194 0.1460636  0.15898809 0.14254133]","[0.0775     0.0825     1.11000001 0.08       0.1125     0.13
 0.13249999 0.1025     0.0875     0.085     ]",0.8501669935256332,0.9997276489935787,1.1505705,"[0.49623242 0.48907712 0.59325284 0.41262403 0.58497763 0.24654083
 0.70377219 0.45943081 0.55567902 0.41017976]",1.6105995,"[0.48009074 0.47287393 0.57251942 0.39978027 0.56711948 0.24235523
 0.68124634 0.44536752 0.53810441 0.39758575]",1.5595318,"[-0.01614168 -0.01620319 -0.02073342 -0.01284376 -0.01785815 -0.0041856
 -0.02252585 -0.0140633  -0.01757461 -0.01259401]",0.05125459,0.051073402,0.0043057576,0.15949038294479406
14,32,0.75,2.0,75.67799521699794,True,42,default,6291456,6912870400,[0. 0. 2. 0. 0. 0. 0. 0. 0. 0.],[0. 0. 2. 0. 0. 0. 0. 0. 0. 0.],0.0,0.99999999999975,2.0,"[0.49623242 0.48907712 0.59325284 0.41262403 0.58497763 0.24654083
 0.70377219 0.45943081 0.55567902 0.41017976]",1.6105995,"[0.48092425 0.47367722 0.57339233 0.40039957 0.56807286 0.24256137
 0.68234676 0.44605926 0.53902608 0.39819399]",1.5620413,"[-0.01530817 -0.0153999  -0.01986051 -0.01222447 -0.01690477 -0.00397946
 -0.02142543 -0.01337156 -0.01665294 -0.01198578]",0.04874227,0.048563596,0.0041695116,0.15576635622796445
14,32,0.75,5.0,0.0,False,42,default,6291456,6912870400,"[1.25344343 1.26322866 1.23685575 1.29509498 1.98237608 2.16807889
 2.14891632 1.30928928 1.42514219 1.27771619]","[0.41250002 0.51249999 0.35624999 0.41875002 0.57499999 0.71875
 0.67500001 0.45625001 0.45000002 0.42500001]",3.3872733152943924,0.9963448143859033,1.6214867,"[0.49623242 0.48907712 0.59325284 0.41262403 0.58497763 0.24654083
 0.70377219 0.45943081 0.55567902 0.41017976]",1.6105995,"[0.47663808 0.46955913 0.56828743 0.39694864 0.56278825 0.24143572
 0.67582959 0.442247   0.53409082 0.39491832]",1.5481447,"[-0.01959434 -0.01951799 -0.02496541 -0.0156754  -0.02218938 -0.00510511
 -0.0279426  -0.01718381 -0.02158821 -0.01526144]",0.06266853,0.062463038,0.0050707525,0.19077407530073984
14,32,0.75,5.0,15.0,False,42,default,6291456,6912870400,"[1.12790833 1.13671355 2.4485867  1.16538838 1.78383678 1.95094104
 1.93369765 1.17816109 1.28241108 1.14975012]","[0.36874998 0.45000002 0.75625002 0.44374999 0.47499999 0.72499996
 0.58125001 0.36874998 0.42500001 0.40625   ]",3.3794754925921873,0.9934281449009059,1.6364739,"[0.49623242 0.48907712 0.59325284 0.41262403 0.58497763 0.24654083
 0.70377219 0.45943081 0.55567902 0.41017976]",1.6105995,"[0.47625467 0.46920314 0.56747073 0.39669478 0.56247193 0.24129856
 0.67537993 0.44204676 0.53379285 0.39475992]",1.5470207,"[-0.01997775 -0.01987398 -0.02578211 -0.01592925 -0.0225057  -0.00524227
 -0.02839226 -0.01738405 -0.02188617 -0.01541984]",0.06380935,0.063587755,0.005313049,0.1988101655906956
14,32,0.75,5.0,30.0,False,42,default,6291456,6912870400,"[0.92550813 0.93273328 3.4934505  0.95626249 1.46373194 1.60084978
 1.58670067 0.96674317 1.05228577 0.94343047]","[0.32499999 0.41250002 1.26250005 0.25624999 0.54374999 0.59999996
 0.48749998 0.34999999 0.40625    0.35624999]",3.208930455118568,0.9965134159197204,1.8008679,"[0.49623242 0.48907712 0.59325284 0.41262403 0.58497763 0.24654083
 0.70377219 0.45943081 0.55567902 0.41017976]",1.6105995,"[0.47525734 0.46825764 0.56618583 0.39587152 0.56132334 0.24105594
 0.67399645 0.44100606 0.53276581 0.39400578]",1.5438409,"[-0.02097508 -0.02081949 -0.02706701 -0.01675251 -0.02365428 -0.00548489
 -0.02977574 -0.01842475 -0.02291322 -0.01617399]",0.06699972,0.06676847,0.005561817,0.20653381460469245
14,32,0.75,5.0,45.0,False,42,default,6291456,6912870400,"[0.66003609 0.66518878 4.30024143 0.68196889 1.04387619 1.14166326
 1.13157266 0.6894433  0.75044893 0.6728176 ]","[0.27500001 0.32499999 1.76874995 0.31874999 0.45625001 0.46250001
 0.49375001 0.25624999 0.34375    0.29999998]",2.9171555782088503,0.9991432939028476,2.085909,"[0.49623242 0.48907712 0.59325284 0.41262403 0.58497763 0.24654083
 0.70377219 0.45943081 0.55567902 0.41017976]",1.6105995,"[0.47481152 0.46788859 0.56565595 0.39551044 0.56099474 0.24089593
 0.67354882 0.4406341  0.53212088 0.3937296 ]",1.5425657,"[-0.0214209  -0.02118853 -0.02759689 -0.0171136  -0.02398288 -0.0056449
 -0.03022337 -0.01879671 -0.02355814 -0.01645017]",0.06827648,0.068043955,0.005629931,0.21028928664640814
14,32,0.75,5.0,60.0,False,42,default,6291456,6912870400,"[0.34958368 0.35231276 4.81397801 0.36120024 0.55288201 0.60467427
 0.59932985 0.36515901 0.39747023 0.35635332]","[0.19374999 0.20625001 2.7750001  0.19999999 0.28125    0.32499999
 0.33124998 0.25624999 0.21875    0.21250001]",2.125417426162174,0.9997276069065247,2.8764265,"[0.49623242 0.48907712 0.59325284 0.41262403 0.58497763 0.24654083
 0.70377219 0.45943081 0.55567902 0.41017976]",1.6105995,"[0.47380364 0.46670896 0.56432664 0.39469823 0.55955845 0.2406337
 0.67164826 0.43977782 0.53104448 0.39280045]",1.5389558,"[-0.02242878 -0.02236816 -0.02892619 -0.0179258  -0.02541918 -0.00590713
 -0.03212392 -0.01965299 -0.02463454 -0.01737931]",0.07189965,0.07165496,0.0059266086,0.22293580089065076
14,32,0.75,5.0,75.67799521699794,True,42,default,6291456,6912870400,[0. 0. 5. 0. 0. 0. 0. 0. 0. 0.],[0. 0. 5. 0. 0. 0. 0. 0. 0. 0.],0.0,0.99999999999996,5.0,"[0.49623242 0.48907712 0.59325284 0.41262403 0.58497763 0.24654083
 0.70377219 0.45943081 0.55567902 0.41017976]",1.6105995,"[0.47091866 0.46380669 0.56075841 0.39250183 0.55646175 0.24011311
 0.66770697 0.43742085 0.52784222 0.39068866]",1.530071,"[-0.02531376 -0.02527043 -0.03249443 -0.0201222  -0.02851588 -0.00642772
 -0.03606522 -0.02200997 -0.0278368  -0.01949111]",0.080836706,0.080543794,0.006875179,0.2579303869547666
14,16,0.75,0.01,0.0,False,42,default,6291456,6912870400,"[0.002954   0.00314483 0.00308596 0.00310656 0.00320179 0.00348787
 0.00323564 0.00314472 0.00314708 0.00308716]","[0.0009875 0.0011875 0.00085   0.0010375 0.0007125 0.0012125 0.001075
 0.000875  0.00105   0.0010125]",0.006846507084908033,0.9910366589631331,0.0031954558,"[0.63950652 0.63781357 0.76790917 0.54156005 0.7276482  0.31073666
 0.86725581 0.59806561 0.7259782  0.54042059]",2.0624475,"[0.63949865 0.6378054  0.767892   0.54155004 0.72762471 0.31073481
 0.86724281 0.59805095 0.72596502 0.54041553]",2.0624092,"[-7.86781311e-06 -8.16583633e-06 -1.71661377e-05 -1.00135803e-05
 -2.34842300e-05 -1.84774399e-06 -1.29938126e-05 -1.46627426e-05
 -1.31726265e-05 -5.06639481e-06]",4.076121e-05,3.8229562e-05,1.4141306e-05,0.0
14,16,0.75,0.01,15.0,False,42,default,6291456,6912870400,"[0.00532604 0.00278601 0.00273385 0.0027521  0.00283646 0.0030899
 0.00286645 0.0027859  0.002788   0.00273491]","[0.0019625 0.000775  0.000875  0.0008625 0.0008625 0.0011125 0.000825
 0.000925  0.0009125 0.0008875]",0.006689619297002696,0.9957422649385651,0.003331619,"[0.63950652 0.63781357 0.76790917 0.54156005 0.7276482  0.31073666
 0.86725581 0.59806561 0.7259782  0.54042059]",2.0624475,"[0.63949966 0.63780504 0.76789027 0.54154909 0.72762442 0.31073502
 0.86724323 0.59805113 0.72596526 0.54041564]",2.0624087,"[-6.85453415e-06 -8.52346420e-06 -1.88946724e-05 -1.09672546e-05
 -2.37822533e-05 -1.63912773e-06 -1.25765800e-05 -1.44839287e-05
 -1.29342079e-05 -4.94718552e-06]",4.153226e-05,3.8651233e-05,1.5199043e-05,0.0
14,16,0.75,0.01,30.0,False,42,default,6291456,6912870400,"[0.00733511 0.00223732 0.00219543 0.00221008 0.00227784 0.00248136
 0.00230192 0.00223723 0.00223892 0.00219629]","[0.0027375 0.0007875 0.0007875 0.0006625 0.0008875 0.0009375 0.00075
 0.0007875 0.0008125 0.00085  ]",0.006347532167446214,0.998472639570707,0.0036612838,"[0.63950652 0.63781357 0.76790917 0.54156005 0.7276482  0.31073666
 0.86725581 0.59806561 0.7259782  0.54042059]",2.0624475,"[0.63949913 0.63780528 0.76788855 0.54154843 0.72762436 0.31073484
 0.86724365 0.59805071 0.72596574 0.54041535]",2.0624082,"[-7.39097595e-06 -8.28504562e-06 -2.06232071e-05 -1.16229057e-05
 -2.38418579e-05 -1.81794167e-06 -1.21593475e-05 -1.49011612e-05
 -1.24573708e-05 -5.24520874e-06]",4.252069e-05,3.946334e-05,1.5832047e-05,0.027976455118293345
14,16,0.75,0.01,45.0,False,42,default,6291456,6912870400,"[0.00884431 0.00153616 0.0015074  0.00151746 0.00156398 0.00170372
 0.00158051 0.0015361  0.00153726 0.00150799]","[0.0040375 0.0004875 0.00065   0.0007    0.0007625 0.00065   0.000625
 0.0006625 0.000725  0.0007   ]",0.005509078177388317,0.9982050641560458,0.0045056213,"[0.63950652 0.63781357 0.76790917 0.54156005 0.7276482  0.31073666
 0.86725581 0.59806561 0.7259782  0.54042059]",2.0624475,"[0.63949752 0.63780409 0.76788688 0.54154742 0.72762412 0.31073496
 0.86724043 0.5980503  0.72596693 0.54041445]",2.0624049,"[-9.00030136e-06 -9.47713852e-06 -2.22921371e-05 -1.26361847e-05
 -2.40802765e-05 -1.69873238e-06 -1.53779984e-05 -1.53183937e-05
 -1.12652779e-05 -6.13927841e-06]",4.523177e-05,4.2573698e-05,1.5277203e-05,0.0
14,16,0.75,0.01,60.0,False,42,default,6291456,6912870400,"[0.00975078 0.00073031 0.00071664 0.00072142 0.00074354 0.00080997
 0.0007514  0.00073028 0.00073083 0.00071692]","[0.00595   0.0005375 0.00035   0.0004125 0.000425  0.0005375 0.000375
 0.0005375 0.00045   0.000425 ]",0.0039027677287914505,0.9995287536356879,0.0061046095,"[0.63950652 0.63781357 0.76790917 0.54156005 0.7276482  0.31073666
 0.86725581 0.59806561 0.7259782  0.54042059]",2.0624475,"[0.63949728 0.63780349 0.76788664 0.54154617 0.72762358 0.31073415
 0.86723888 0.59805077 0.72596377 0.54041255]",2.0624018,"[-9.23871994e-06 -1.00731850e-05 -2.25305557e-05 -1.38878822e-05
 -2.46167183e-05 -2.50339508e-06 -1.69277191e-05 -1.48415565e-05
 -1.44243240e-05 -8.04662704e-06]",4.7740978e-05,4.5685032e-05,1.3859242e-05,0.0
14,16,0.75,0.01,72.81844941194994,True,42,default,6291456,6912870400,"[1.00000000e-02 2.77555756e-19 2.77555756e-19 1.38777878e-19
 1.38777878e-19 1.38777878e-19 2.77555756e-19 1.38777878e-19
 2.77555756e-19 1.38777878e-19]",[0.01 0.   0.   0.   0.   0.   0.   0.   0.   0.  ],2.2351741811588166e-10,0.99999999,0.01,"[0.63950652 0.63781357 0.76790917 0.54156005 0.7276482  0.31073666
 0.86725581 0.59806561 0.7259782  0.54042059]",2.0624475,"[0.63948977 0.63779736 0.76788819 0.54154086 0.72761977 0.31073353
 0.86723429 0.59804791 0.7259602  0.54040921]",2.0623903,"[-1.67489052e-05 -1.62124634e-05 -2.09808350e-05 -1.91926956e-05
 -2.84314156e-05 -3.12924385e-06 -2.15172768e-05 -1.77025795e-05
 -1.80006027e-05 -1.13844872e-05]",5.8310077e-05,5.7061385e-05,1.2002622e-05,0.0
14,16,0.75,0.1,0.0,False,42,default,6291456,6912870400,"[0.02954004 0.03144833 0.0308596  0.03106556 0.0320179  0.03487873
 0.03235643 0.03144717 0.03147085 0.0308716 ]","[0.009875 0.011875 0.0085   0.010375 0.007125 0.012125 0.01075  0.00875
 0.0105   0.010125]",0.0684650701854698,0.9910367387076133,0.031954557,"[0.63950652 0.63781357 0.76790917 0.54156005 0.7276482  0.31073666
 0.86725581 0.59806561 0.7259782  0.54042059]",2.0624475,"[0.63914877 0.63741106 0.76743776 0.5412069  0.72722    0.31055433
 0.86683321 0.59768611 0.72555739 0.54011065]",2.061248,"[-0.00035775 -0.00040251 -0.00047141 -0.00035316 -0.0004282  -0.00018233
 -0.0004226  -0.0003795  -0.00042081 -0.00030994]",0.0012038702,0.0011992875,0.000104942155,0.0
14,16,0.75,0.1,15.0,False,42,default,6291456,6912870400,"[0.05326038 0.02786005 0.0273385  0.02752095 0.02836463 0.03089904
 0.02866454 0.02785902 0.02788    0.02734912]","[0.019625 0.00775  0.00875  0.008625 0.008625 0.011125 0.00825  0.00925
 0.009125 0.008875]",0.0668961911853601,0.9957422232220624,0.033316195,"[0.63950652 0.63781357 0.76790917 0.54156005 0.7276482  0.31073666
 0.86725581 0.59806561 0.7259782  0.54042059]",2.0624475,"[0.63912684 0.63739127 0.76742339 0.54118472 0.72721374 0.31054869
 0.86681944 0.59766436 0.72554874 0.54010081]",2.0612032,"[-0.00037968 -0.0004223  -0.00048578 -0.00037533 -0.00043446 -0.00018796
 -0.00043637 -0.00040126 -0.00042945 -0.00031978]",0.0012496167,0.0012441534,0.00011672435,0.0
14,16,0.75,0.1,30.0,False,42,default,6291456,6912870400,"[0.0733511  0.02237316 0.02195432 0.02210084 0.02277837 0.02481364
 0.0230192  0.02237233 0.02238918 0.02196285]","[0.027375 0.007875 0.007875 0.006625 0.008875 0.009375 0.0075   0.007875
 0.008125 0.0085  ]",0.06347531993607976,0.9984725871883591,0.036612842,"[0.63950652 0.63781357 0.76790917 0.54156005 0.7276482  0.31073666
 0.86725581 0.59806561 0.7259782  0.54042059]",2.0624475,"[0.63910365 0.63736945 0.76740879 0.54116601 0.7272054  0.31054905
 0.86680245 0.59765089 0.72554368 0.54009199]",2.061161,"[-0.00040287 -0.00044411 -0.00050038 -0.00039405 -0.0004428  -0.00018761
 -0.00045335 -0.00041473 -0.00043452 -0.0003286 ]",0.0012925854,0.001286475,0.00012553376,0.0
14,16,0.75,0.1,45.0,False,42,default,6291456,6912870400,"[0.08844308 0.01536157 0.015074   0.0151746  0.01563979 0.01703722
 0.01580515 0.015361   0.01537257 0.01507985]","[0.040375 0.004875 0.0065   0.007    0.007625 0.0065   0.00625  0.006625
 0.00725  0.007   ]",0.055090778850340645,0.9982050685821975,0.045056216,"[0.63950652 0.63781357 0.76790917 0.54156005 0.7276482  0.31073666
 0.86725581 0.59806561 0.7259782  0.54042059]",2.0624475,"[0.63905406 0.6373353  0.76739132 0.54113042 0.72719282 0.31055027
 0.86678833 0.59762031 0.72554505 0.5400759 ]",2.0610964,"[-0.00045246 -0.00047827 -0.00051785 -0.00042963 -0.00045538 -0.00018638
 -0.00046748 -0.00044531 -0.00043315 -0.00034469]",0.0013607272,0.001351054,0.00016196094,0.0
14,16,0.75,0.1,60.0,False,42,default,6291456,6912870400,"[0.0975078  0.00730312 0.0071664  0.00721423 0.00743539 0.00809975
 0.007514   0.00730285 0.00730835 0.00716918]","[0.05950001 0.005375   0.0035     0.004125   0.00425    0.005375
 0.00375    0.005375   0.0045     0.00425   ]",0.03902767355851227,0.9995287850564464,0.061046097,"[0.63950652 0.63781357 0.76790917 0.54156005 0.7276482  0.31073666
 0.86725581 0.59806561 0.7259782  0.54042059]",2.0624475,"[0.63897485 0.63727295 0.76739645 0.54106724 0.72717828 0.31054652
 0.86678004 0.59756571 0.72555    0.54004788]",2.0610073,"[-0.00053167 -0.00054061 -0.00051272 -0.00049281 -0.00046992 -0.00019014
 -0.00047576 -0.0004999  -0.0004282  -0.00037271]",0.0014615699,0.0014401904,0.00024907323,0.027976455118293345
14,16,0.75,0.1,72.81844941194994,True,42,default,6291456,6912870400,"[1.00000000e-01 2.77555756e-18 2.77555756e-18 1.38777878e-18
 1.38777878e-18 1.38777878e-18 2.77555756e-18 1.38777878e-18
 2.77555756e-18 1.38777878e-18]",[0.1 0.  0.  0.  0.  0.  0.  0.  0.  0. ],1.4901161138336505e-09,0.9999999999,0.1,"[0.63950652 0.63781357 0.76790917 0.54156005 0.7276482  0.31073666
 0.86725581 0.59806561 0.7259782  0.54042059]",2.0624475,"[0.63879061 0.6371389  0.76729649 0.54093021 0.72712648 0.31053764
 0.86672169 0.59745705 0.72552037 0.53996968]",2.060729,"[-0.00071591 -0.00067466 -0.00061268 -0.00062984 -0.00052172 -0.00019902
 -0.00053412 -0.00060856 -0.00045782 -0.00045091]",0.0017663882,0.0017185485,0.0004083117,0.027976455118293345
14,16,0.75,1.0,0.0,False,42,default,6291456,6912870400,"[0.29540043 0.31448331 0.30859604 0.31065556 0.32017901 0.34878732
 0.32356428 0.31447166 0.31470849 0.30871596]","[0.09875 0.11875 0.085   0.10375 0.07125 0.12125 0.1075  0.0875  0.105
 0.10125]",0.6846507051578755,0.9910367290191768,0.31954557,"[0.63950652 0.63781357 0.76790917 0.54156005 0.7276482  0.31073666
 0.86725581 0.59806561 0.7259782  0.54042059]",2.0624475,"[0.63567847 0.63356531 0.76289505 0.53804743 0.72315592 0.3088921
 0.86262935 0.59424669 0.72147059 0.53703356]",2.0497677,"[-0.00382805 -0.00424826 -0.00501412 -0.00351262 -0.00449228 -0.00184456
 -0.00462645 -0.00381893 -0.0045076  -0.00338703]",0.012709971,0.012679813,0.0008750246,0.027976455118293345
14,16,0.75,1.0,15.0,False,42,default,6291456,6912870400,"[0.53260377 0.27860053 0.273385   0.27520953 0.28364635 0.30899043
 0.28664536 0.27859021 0.27880002 0.27349124]","[0.19625001 0.0775     0.0875     0.08625    0.08625    0.11125
 0.0825     0.0925     0.09125    0.08875   ]",0.6689619180515521,0.9957422943236354,0.33316192,"[0.63950652 0.63781357 0.76790917 0.54156005 0.7276482  0.31073666
 0.86725581 0.59806561 0.7259782  0.54042059]",2.0624475,"[0.63551325 0.63347387 0.76289821 0.53798193 0.72312105 0.30888921
 0.86257488 0.59420764 0.72146869 0.53702587]",2.0496225,"[-0.00399327 -0.00433969 -0.00501096 -0.00357813 -0.00452715 -0.00184745
 -0.00468093 -0.00385797 -0.00450951 -0.00339472]",0.012855153,0.012824997,0.0008799769,0.027976455118293345
14,16,0.75,1.0,30.0,False,42,default,6291456,6912870400,"[0.73351104 0.22373159 0.21954323 0.22100843 0.22778366 0.24813636
 0.23019203 0.2237233  0.22389179 0.21962855]","[0.27375001 0.07875    0.07875    0.06625    0.08875    0.09375
 0.075      0.07875    0.08125    0.085     ]",0.634753209622712,0.9984725795344722,0.3661284,"[0.63950652 0.63781357 0.76790917 0.54156005 0.7276482  0.31073666
 0.86725581 0.59806561 0.7259782  0.54042059]",2.0624475,"[0.63540202 0.63335931 0.76283038 0.53789157 0.72307193 0.30890316
 0.86251122 0.59416759 0.72143894 0.5369482 ]",2.0494194,"[-0.0041045  -0.00445426 -0.00507879 -0.00366849 -0.00457627 -0.0018335
 -0.00474459 -0.00389802 -0.00453925 -0.00347239]",0.01306182,0.013028324,0.0009348238,0.03956468264845247
14,16,0.75,1.0,45.0,False,42,default,6291456,6912870400,"[0.88443075 0.15361571 0.15073995 0.15174597 0.15639789 0.1703722
 0.15805149 0.15361002 0.1537257  0.15079853]","[0.40375 0.04875 0.065   0.07    0.07625 0.065   0.0625  0.06625 0.0725
 0.07   ]",0.5509078027324574,0.9982050700687825,0.45056215,"[0.63950652 0.63781357 0.76790917 0.54156005 0.7276482  0.31073666
 0.86725581 0.59806561 0.7259782  0.54042059]",2.0624475,"[0.63506246 0.63323319 0.76265043 0.53768241 0.7229861  0.30890089
 0.8623544  0.59399664 0.72141725 0.53684819]",2.0489733,"[-0.00444406 -0.00458038 -0.00525874 -0.00387764 -0.0046621  -0.00183576
 -0.00490141 -0.00406897 -0.00456095 -0.0035724 ]",0.0135155395,0.013474518,0.0010522272,0.048456642643301504
14,16,0.75,1.0,60.0,False,42,default,6291456,6912870400,"[0.97507796 0.07303117 0.071664   0.07214227 0.07435386 0.08099745
 0.07514001 0.07302847 0.07308346 0.07169184]","[0.59500003 0.05375    0.035      0.04125    0.0425     0.05375
 0.0375     0.05375    0.045      0.0425    ]",0.3902767581768107,0.9995288091689593,0.61046094,"[0.63950652 0.63781357 0.76790917 0.54156005 0.7276482  0.31073666
 0.86725581 0.59806561 0.7259782  0.54042059]",2.0624475,"[0.63483572 0.6330691  0.76268005 0.53752464 0.72300583 0.30894712
 0.86227322 0.59387445 0.72147453 0.53682292]",2.0487797,"[-0.0046708  -0.00474447 -0.00522912 -0.00403541 -0.00464237 -0.00178954
 -0.00498259 -0.00419116 -0.00450367 -0.00359768]",0.013723225,0.013668069,0.0012291417,0.027976455118293345
14,16,0.75,1.0,72.81844941194994,True,42,default,6291456,6912870400,"[1.00000000e+00 2.77555756e-17 2.77555756e-17 1.38777878e-17
 1.38777878e-17 1.38777878e-17 2.77555756e-17 1.38777878e-17
 2.77555756e-17 1.38777878e-17]",[1. 0. 0. 0. 0. 0. 0. 0. 0. 0.],6.359601310784502e-17,0.9999999999989999,1.0,"[0.63950652 0.63781357 0.76790917 0.54156005 0.7276482  0.31073666
 0.86725581 0.59806561 0.7259782  0.54042059]",2.0624475,"[0.63403744 0.63255304 0.76230681 0.53700787 0.72273076 0.30903834
 0.8617875  0.59344733 0.72141922 0.53654134]",2.0475938,"[-0.00546908 -0.00526053 -0.00560236 -0.00455219 -0.00491744 -0.00169832
 -0.00546831 -0.00461829 -0.00455898 -0.00387925]",0.0149606895,0.014854507,0.0017792812,0.05595291190411357
14,16,0.75,2.0,0.0,False,42,default,6291456,6912870400,"[0.59080086 0.62896662 0.61719207 0.62131112 0.64035802 0.69757465
 0.64712856 0.62894332 0.62941697 0.61743192]","[0.19750001 0.2375     0.17       0.2075     0.1425     0.24250001
 0.215      0.175      0.20999999 0.2025    ]",1.369301410315751,0.9910367290215027,0.63909113,"[0.63950652 0.63781357 0.76790917 0.54156005 0.7276482  0.31073666
 0.86725581 0.59806561 0.7259782  0.54042059]",2.0624475,"[0.63056481 0.62839872 0.75640267 0.53385735 0.7171793  0.30726489
 0.85538882 0.58970338 0.71567875 0.53292722]",2.0332365,"[-0.00894171 -0.00941485 -0.0115065  -0.00770271 -0.0104689  -0.00347176
 -0.01186699 -0.00836223 -0.01029944 -0.00749338]",0.029239655,0.029211279,0.0012878283,0.03956468264845247
14,16,0.75,2.0,15.0,False,42,default,6291456,6912870400,"[1.06520754 0.55720107 0.54677    0.55041907 0.5672927  0.61798087
 0.57329072 0.55718043 0.55760003 0.54698249]","[0.39250001 0.155      0.175      0.1725     0.1725     0.2225
 0.16500001 0.185      0.1825     0.17749999]",1.3379238361031043,0.9957422943258768,0.66632384,"[0.63950652 0.63781357 0.76790917 0.54156005 0.7276482  0.31073666
 0.86725581 0.59806561 0.7259782  0.54042059]",2.0624475,"[0.63107461 0.62898803 0.75723642 0.53425622 0.71788824 0.3074792
 0.85629767 0.59021211 0.71651179 0.53338915]",2.0352185,"[-0.00843191 -0.00882554 -0.01067275 -0.00730383 -0.00975996 -0.00325745
 -0.01095814 -0.00785351 -0.00946641 -0.00703144]",0.027256578,0.027229428,0.0012162407,0.03956468264845247
14,16,0.75,2.0,30.0,False,42,default,6291456,6912870400,"[1.46702209 0.44746318 0.43908646 0.44201686 0.45556732 0.49627271
 0.46038406 0.44744661 0.44778357 0.4392571 ]","[0.54750001 0.1575     0.1575     0.13249999 0.17749999 0.1875
 0.15000001 0.1575     0.16249999 0.17      ]",1.269506419245424,0.9984725795365175,0.7322568,"[0.63950652 0.63781357 0.76790917 0.54156005 0.7276482  0.31073666
 0.86725581 0.59806561 0.7259782  0.54042059]",2.0624475,"[0.63106817 0.62906432 0.75746834 0.53429651 0.71810818 0.3074775
 0.85637587 0.59032595 0.7166642  0.53347838]",2.035557,"[-0.00843835 -0.00874925 -0.01044083 -0.00726354 -0.00954002 -0.00325915
 -0.01087993 -0.00773966 -0.009314   -0.00694221]",0.026914295,0.026890635,0.0011282779,0.03956468264845247
14,16,0.75,2.0,45.0,False,42,default,6291456,6912870400,"[1.7688615  0.30723142 0.30147991 0.30349194 0.31279578 0.34074439
 0.31610299 0.30722004 0.3074514  0.30159706]","[0.8075     0.0975     0.13       0.14       0.1525     0.13
 0.125      0.13249999 0.145      0.14      ]",1.1018156054649149,0.9982050700704439,0.9011243,"[0.63950652 0.63781357 0.76790917 0.54156005 0.7276482  0.31073666
 0.86725581 0.59806561 0.7259782  0.54042059]",2.0624475,"[0.62966287 0.62764692 0.75572079 0.53315419 0.71665287 0.30729914
 0.85470748 0.58907336 0.71525896 0.53243428]",2.0313594,"[-0.00984365 -0.01016665 -0.01218837 -0.00840586 -0.01099533 -0.00343752
 -0.01254833 -0.00899225 -0.01071924 -0.00798631]",0.031131838,0.03108865,0.0016392376,0.05595291190411357
14,16,0.75,2.0,60.0,False,42,default,6291456,6912870400,"[1.95015593 0.14606235 0.14332799 0.14428454 0.14870772 0.16199491
 0.15028002 0.14605693 0.14616693 0.14338369]","[1.19000006 0.1075     0.07       0.0825     0.085      0.1075
 0.075      0.1075     0.09       0.085     ]",0.7805535163536214,0.9995288091701872,1.2209219,"[0.63950652 0.63781357 0.76790917 0.54156005 0.7276482  0.31073666
 0.86725581 0.59806561 0.7259782  0.54042059]",2.0624475,"[0.62873077 0.62688708 0.75502032 0.53252965 0.7159133  0.30715799
 0.85377538 0.58840424 0.71466404 0.531982  ]",2.0292149,"[-0.01077574 -0.01092649 -0.01288885 -0.0090304  -0.0117349  -0.00357866
 -0.01348042 -0.00966138 -0.01131415 -0.00843859]",0.033286244,0.033233535,0.0018724588,0.05595291190411357
14,16,0.75,2.0,72.81844941194994,True,42,default,6291456,6912870400,"[2.00000000e+00 5.55111512e-17 5.55111512e-17 2.77555756e-17
 2.77555756e-17 2.77555756e-17 5.55111512e-17 2.77555756e-17
 5.55111512e-17 2.77555756e-17]",[2. 0. 0. 0. 0. 0. 0. 0. 0. 0.],1.2719202621569003e-16,0.99999999999975,2.0,"[0.63950652 0.63781357 0.76790917 0.54156005 0.7276482  0.31073666
 0.86725581 0.59806561 0.7259782  0.54042059]",2.0624475,"[0.62630761 0.6250034  0.75288332 0.53089309 0.71421379 0.30694354
 0.85126179 0.58671528 0.71315056 0.53063029]",2.0235908,"[-0.01319891 -0.01281017 -0.01502585 -0.01066697 -0.01343441 -0.00379312
 -0.01599401 -0.01135033 -0.01282763 -0.0097903 ]",0.038958695,0.038858384,0.002793913,0.07132624918176021
14,16,0.75,5.0,0.0,False,42,default,6291456,6912870400,"[1.47700216 1.57241655 1.54298018 1.5532778  1.60089505 1.74393662
 1.61782141 1.5723583  1.57354243 1.5435798 ]","[0.49375001 0.59375    0.42500001 0.51875001 0.35624999 0.60625005
 0.53750002 0.4375     0.52499998 0.50625002]",3.423253497752137,0.9910367102729727,1.5977279,"[0.63950652 0.63781357 0.76790917 0.54156005 0.7276482  0.31073666
 0.86725581 0.59806561 0.7259782  0.54042059]",2.0624475,"[0.61590058 0.61394578 0.73776823 0.52225655 0.70030099 0.30363649
 0.83416831 0.57692236 0.69932014 0.52151585]",1.9863628,"[-0.02360594 -0.02386779 -0.03014094 -0.0193035  -0.02734721 -0.00710016
 -0.03308749 -0.02114326 -0.02665806 -0.01890475]",0.076263726,0.07609132,0.005125181,0.15195108845669586
14,16,0.75,5.0,15.0,False,42,default,6291456,6912870400,"[2.66301886 1.39300267 1.36692501 1.37604766 1.41823175 1.54495217
 1.4332268  1.39295107 1.39400009 1.36745621]","[0.98125005 0.38749999 0.4375     0.43125001 0.43125001 0.55624998
 0.41250002 0.46250001 0.45625001 0.44374999]",3.344809580945084,0.9957422822478219,1.6658096,"[0.63950652 0.63781357 0.76790917 0.54156005 0.7276482  0.31073666
 0.86725581 0.59806561 0.7259782  0.54042059]",2.0624475,"[0.61694479 0.61496085 0.73905885 0.52303851 0.70161498 0.30391023
 0.83589941 0.57779938 0.70066547 0.5222984 ]",1.9898511,"[-0.02256173 -0.02285272 -0.02885032 -0.01852155 -0.02603322 -0.00682643
 -0.03135639 -0.02026623 -0.02531272 -0.0181222 ]",0.07276048,0.072602086,0.0047983313,0.13562092827251515
14,16,0.75,5.0,30.0,False,42,default,6291456,6912870400,"[3.66755522 1.11865795 1.09771616 1.10504215 1.1389183  1.24068179
 1.15096015 1.11861652 1.11945894 1.09814274]","[1.3687501  0.39375001 0.39375001 0.33124998 0.44374999 0.46875
 0.375      0.39375001 0.40625    0.42500001]",3.17376599191145,0.9984726593832415,1.830642,"[0.63950652 0.63781357 0.76790917 0.54156005 0.7276482  0.31073666
 0.86725581 0.59806561 0.7259782  0.54042059]",2.0624475,"[0.61602402 0.61419189 0.73832977 0.522407   0.70084482 0.30375808
 0.83491689 0.57715768 0.69981796 0.52179933]",1.987568,"[-0.0234825  -0.02362168 -0.0295794  -0.01915306 -0.02680337 -0.00697857
 -0.03233892 -0.02090794 -0.02616024 -0.01862127]",0.075049125,0.074885644,0.004950898,0.14401765375946743
14,16,0.75,5.0,45.0,False,42,default,6291456,6912870400,"[4.42215376 0.76807855 0.75369976 0.75872984 0.78198945 0.85186099
 0.79025747 0.7680501  0.76862851 0.75399266]","[2.01874995 0.24374999 0.32499999 0.34999999 0.38125002 0.32499999
 0.3125     0.33124998 0.36249998 0.34999999]",2.754539066797745,0.9982050594014288,2.2528107,"[0.63950652 0.63781357 0.76790917 0.54156005 0.7276482  0.31073666
 0.86725581 0.59806561 0.7259782  0.54042059]",2.0624475,"[0.61561126 0.6139307  0.73794204 0.52211726 0.70058817 0.30375895
 0.83464098 0.57691985 0.69971478 0.5216341 ]",1.9867841,"[-0.02389526 -0.02388287 -0.02996713 -0.0194428  -0.02706003 -0.00697771
 -0.03261483 -0.02114576 -0.02626342 -0.01878649]",0.07584147,0.075669855,0.0050992095,0.14935344105781187
14,16,0.75,5.0,60.0,False,42,default,6291456,6912870400,"[4.87538982 0.36515586 0.35831998 0.36071135 0.37176931 0.40498727
 0.37570005 0.36514234 0.36541732 0.35845922]","[2.97500014 0.26875001 0.175      0.20625001 0.21250001 0.26875001
 0.1875     0.26875001 0.22500001 0.21250001]",1.9513837898187258,0.9995287902016369,3.0523047,"[0.63950652 0.63781357 0.76790917 0.54156005 0.7276482  0.31073666
 0.86725581 0.59806561 0.7259782  0.54042059]",2.0624475,"[0.61590844 0.61430764 0.73895258 0.52227777 0.70128757 0.3037717
 0.83533585 0.57728767 0.70040941 0.52194941]",1.9883851,"[-0.02359807 -0.02350593 -0.02895659 -0.01928228 -0.02636063 -0.00696495
 -0.03191996 -0.02077794 -0.02556878 -0.01847118]",0.07422018,0.07406808,0.0047492012,0.13847642022149
14,16,0.75,5.0,72.81844941194994,True,42,default,6291456,6912870400,"[5.00000000e+00 1.38777878e-16 1.38777878e-16 6.93889390e-17
 6.93889390e-17 6.93889390e-17 1.38777878e-16 6.93889390e-17
 1.38777878e-16 6.93889390e-17]",[5. 0. 0. 0. 0. 0. 0. 0. 0. 0.],3.1798006553922506e-16,0.99999999999996,5.0,"[0.63950652 0.63781357 0.76790917 0.54156005 0.7276482  0.31073666
 0.86725581 0.59806561 0.7259782  0.54042059]",2.0624475,"[0.61279547 0.61177641 0.73616987 0.52008009 0.69911915 0.30348814
 0.83202803 0.57497942 0.69827616 0.52013272]",1.9809316,"[-0.02671105 -0.02603716 -0.03173929 -0.02147996 -0.02852905 -0.00724852
 -0.03522778 -0.02308619 -0.02770203 -0.02028787]",0.08172883,0.081524216,0.005779535,0.16785878907325083
14,20,0.9,0.01,0.0,False,42,default,6291456,6912870400,"[0.0031785  0.00327107 0.00308026 0.00327274 0.00311024 0.00320721
 0.00303854 0.00322486 0.00324275 0.00298174]","[0.0010625 0.0011875 0.0008625 0.001075  0.0007875 0.001025  0.001025
 0.0009125 0.0011    0.0009625]",0.006840646566106891,0.9950079185229416,0.0031826186,"[0.92219919 0.92044163 1.11821198 0.77255452 1.06481159 0.41239679
 1.27744317 0.85580587 1.06435966 0.77110177]",2.9900703,"[0.92219847 0.92044133 1.11821294 0.7725547  1.06481111 0.41239646
 1.27744234 0.85580587 1.06436074 0.77110142]",2.9900703,"[-7.15255737e-07 -2.98023224e-07  9.53674316e-07  1.78813934e-07
 -4.76837158e-07 -3.27825546e-07 -8.34465027e-07  0.00000000e+00
  1.07288361e-06 -3.57627869e-07]",1.9626589e-06,1.913396e-07,1.9533097e-06,0.0
14,20,0.9,0.01,15.0,False,42,default,6291456,6912870400,"[0.00281321 0.00289514 0.00272626 0.00289662 0.0027528  0.00283862
 0.00268933 0.00285425 0.00287008 0.00535059]","[0.000975  0.001125  0.0007    0.0010125 0.00075   0.00095   0.000975
 0.000825  0.0009375 0.00175  ]",0.006745521302733613,0.994431148491661,0.003281625,"[0.92219919 0.92044163 1.11821198 0.77255452 1.06481159 0.41239679
 1.27744317 0.85580587 1.06435966 0.77110177]",2.9900703,"[0.92219877 0.92044139 1.11821294 0.77255476 1.06481099 0.41239643
 1.27744234 0.85580552 1.06435895 0.77110136]",2.9900696,"[-4.17232513e-07 -2.38418579e-07  9.53674316e-07  2.38418579e-07
 -5.96046448e-07 -3.57627869e-07 -8.34465027e-07 -3.57627869e-07
 -7.15255737e-07 -4.17232513e-07]",1.7861514e-06,8.66482e-07,1.5619046e-06,0.0
14,20,0.9,0.01,30.0,False,42,default,6291456,6912870400,"[0.00225621 0.00232192 0.00218647 0.0023231  0.00220776 0.00227659
 0.00215685 0.00228912 0.00230181 0.00735482]","[0.000825  0.0010375 0.0007    0.000825  0.0008    0.0005875 0.0008875
 0.0009625 0.0006875 0.0026875]",0.0063833999904046946,0.9941813745071265,0.0036499572,"[0.92219919 0.92044163 1.11821198 0.77255452 1.06481159 0.41239679
 1.27744317 0.85580587 1.06435966 0.77110177]",2.9900703,"[0.92219812 0.92044258 1.11821258 0.7725547  1.06481099 0.41239625
 1.27744174 0.85580546 1.06436062 0.77110124]",2.9900699,"[-1.07288361e-06  9.53674316e-07  5.96046448e-07  1.78813934e-07
 -5.96046448e-07 -5.36441803e-07 -1.43051147e-06 -4.17232513e-07
  9.53674316e-07 -5.36441803e-07]",2.5511902e-06,5.8390975e-07,2.4834696e-06,0.0
14,20,0.9,0.01,45.0,False,42,default,6291456,6912870400,"[0.00154545 0.00159045 0.00149768 0.00159127 0.00151226 0.0015594
 0.00147739 0.00156799 0.00157668 0.00885782]","[0.0006625 0.0008625 0.000725  0.0005375 0.0007    0.0007    0.0005125
 0.0007    0.000675  0.003925 ]",0.0055897668704953316,0.997986363334929,0.0044262004,"[0.92219919 0.92044163 1.11821198 0.77255452 1.06481159 0.41239679
 1.27744317 0.85580587 1.06435966 0.77110177]",2.9900703,"[0.92219824 0.92044115 1.11821258 0.7725547  1.06481135 0.41239652
 1.27744138 0.85580593 1.06435966 0.77110082]",2.9900692,"[-9.53674316e-07 -4.76837158e-07  5.96046448e-07  1.78813934e-07
 -2.38418579e-07 -2.68220901e-07 -1.78813934e-06  5.96046448e-08
  0.00000000e+00 -9.53674316e-07]",2.400706e-06,1.2865348e-06,2.026874e-06,0.0
14,20,0.9,0.01,60.0,False,42,default,6291456,6912870400,"[0.00072936 0.00075061 0.00070682 0.00075099 0.0007137  0.00073595
 0.00069725 0.00074    0.00074411 0.00975718]","[0.0004375 0.0005125 0.000525  0.0005375 0.0003375 0.0004    0.0004125
 0.0005    0.0005125 0.005825 ]",0.004016127894191784,0.999445290077191,0.0059921565,"[0.92219919 0.92044163 1.11821198 0.77255452 1.06481159 0.41239679
 1.27744317 0.85580587 1.06435966 0.77110177]",2.9900703,"[0.92219949 0.92044371 1.11821246 0.77255535 1.0648129  0.41239771
 1.27744412 0.85580528 1.06436443 0.77110153]",2.9900742,"[ 2.98023224e-07  2.08616257e-06  4.76837158e-07  8.34465027e-07
  1.31130219e-06  9.23871994e-07  9.53674316e-07 -5.96046448e-07
  4.76837158e-06 -2.38418579e-07]",5.6565564e-06,3.5951584e-06,4.367089e-06,0.0
14,20,0.9,0.01,72.65205378128772,True,42,default,6291456,6912870400,"[5.55111512e-19 5.55111512e-19 5.55111512e-19 5.55111512e-19
 5.55111512e-19 5.55111512e-19 5.55111512e-19 4.16333634e-19
 5.55111512e-19 1.00000000e-02]",[0.   0.   0.   0.   0.   0.   0.   0.   0.   0.01],2.2351741811588166e-10,0.99999999,0.01,"[0.92219919 0.92044163 1.11821198 0.77255452 1.06481159 0.41239679
 1.27744317 0.85580587 1.06435966 0.77110177]",2.9900703,"[0.92219973 0.92044693 1.11821222 0.77255505 1.06481302 0.4123964
 1.2774303  0.8558048  1.06436336 0.77110356]",2.990069,"[ 5.36441803e-07  5.30481339e-06  2.38418579e-07  5.36441803e-07
  1.43051147e-06 -3.87430191e-07 -1.28746033e-05 -1.07288361e-06
  3.69548798e-06  1.78813934e-06]",1.4653684e-05,1.5486686e-06,1.45716185e-05,0.0
14,20,0.9,0.1,0.0,False,42,default,6291456,6912870400,"[0.03178501 0.0327107  0.03080256 0.0327274  0.03110244 0.03207212
 0.03038535 0.03224863 0.03242749 0.02981737]","[0.010625 0.011875 0.008625 0.01075  0.007875 0.01025  0.01025  0.009125
 0.011    0.009625]",0.06840646522101942,0.9950078321229937,0.03182619,"[0.92219919 0.92044163 1.11821198 0.77255452 1.06481159 0.41239679
 1.27744317 0.85580587 1.06435966 0.77110177]",2.9900703,"[0.92154509 0.91975731 1.11725557 0.77198923 1.06400716 0.41219851
 1.27639496 0.8551662  1.06358159 0.77057147]",2.987796,"[-0.0006541  -0.00068432 -0.00095642 -0.00056529 -0.00080442 -0.00019827
 -0.00104821 -0.00063968 -0.00077808 -0.0005303 ]",0.0022828477,0.0022745784,0.00019413316,0.0
14,20,0.9,0.1,15.0,False,42,default,6291456,6912870400,"[0.02813212 0.02895142 0.02726258 0.0289662  0.02752799 0.02838623
 0.02689331 0.02854246 0.02870076 0.05350595]","[0.00975  0.01125  0.007    0.010125 0.0075   0.0095   0.00975  0.00825
 0.009375 0.0175  ]",0.06745521147920426,0.9944312254131622,0.03281625,"[0.92219919 0.92044163 1.11821198 0.77255452 1.06481159 0.41239679
 1.27744317 0.85580587 1.06435966 0.77110177]",2.9900703,"[0.92153269 0.91975933 1.11726391 0.77198863 1.06399906 0.4121975
 1.27641094 0.85515511 1.06358099 0.77057451]",2.987797,"[-0.0006665  -0.00068229 -0.00094807 -0.00056589 -0.00081253 -0.00019929
 -0.00103223 -0.00065076 -0.00077868 -0.00052726]",0.0022808057,0.002273615,0.00018097374,0.0
14,20,0.9,0.1,30.0,False,42,default,6291456,6912870400,"[0.02256207 0.02321915 0.02186469 0.02323101 0.02207756 0.02276587
 0.02156854 0.02289116 0.02301812 0.07354818]","[0.00825  0.010375 0.007    0.00825  0.008    0.005875 0.008875 0.009625
 0.006875 0.026875]",0.06383399777209725,0.9941813962987126,0.036499575,"[0.92219919 0.92044163 1.11821198 0.77255452 1.06481159 0.41239679
 1.27744317 0.85580587 1.06435966 0.77110177]",2.9900703,"[0.92131001 0.91956037 1.1170454  0.77179778 1.06375194 0.41215056
 1.27608299 0.85500395 1.06338274 0.77042705]",2.9871495,"[-0.00088918 -0.00088125 -0.00116658 -0.00075674 -0.00105965 -0.00024623
 -0.00136018 -0.00080192 -0.00097692 -0.00067472]",0.0029303755,0.0029210157,0.00023402751,0.0
14,20,0.9,0.1,45.0,False,42,default,6291456,6912870400,"[0.01545445 0.01590454 0.01497677 0.01591266 0.01512257 0.01559405
 0.01477391 0.01567987 0.01576684 0.08857823]","[0.006625 0.008625 0.00725  0.005375 0.007    0.007    0.005125 0.007
 0.00675  0.03925 ]",0.055897665928607315,0.9979864694654176,0.044262003,"[0.92219919 0.92044163 1.11821198 0.77255452 1.06481159 0.41239679
 1.27744317 0.85580587 1.06435966 0.77110177]",2.9900703,"[0.92154586 0.91974342 1.11724699 0.77198446 1.06400812 0.4121947
 1.27640307 0.85515147 1.0635854  0.7705375 ]",2.9877791,"[-0.00065333 -0.00069821 -0.000965   -0.00057006 -0.00080347 -0.00020209
 -0.0010401  -0.0006544  -0.00077426 -0.00056428]",0.0022988843,0.0022913972,0.00018539047,0.0
14,20,0.9,0.1,60.0,False,42,default,6291456,6912870400,"[0.00729364 0.00750605 0.0070682  0.00750989 0.00713701 0.00735952
 0.00697246 0.00740003 0.00744107 0.09757182]","[0.004375 0.005125 0.00525  0.005375 0.003375 0.004    0.004125 0.005
 0.005125 0.05825 ]",0.04016127884602333,0.9994453393404285,0.059921563,"[0.92219919 0.92044163 1.11821198 0.77255452 1.06481159 0.41239679
 1.27744317 0.85580587 1.06435966 0.77110177]",2.9900703,"[0.92156768 0.91978753 1.11728013 0.77201569 1.06403494 0.41220647
 1.27643561 0.85517621 1.06361723 0.77055711]",2.9878683,"[-0.00063151 -0.0006541  -0.00093186 -0.00053883 -0.00077665 -0.00019032
 -0.00100756 -0.00062966 -0.00074244 -0.00054467]",0.0022100392,0.0022020822,0.00018737736,0.0
14,20,0.9,0.1,72.65205378128772,True,42,default,6291456,6912870400,"[5.55111512e-18 5.55111512e-18 5.55111512e-18 5.55111512e-18
 5.55111512e-18 5.55111512e-18 5.55111512e-18 4.16333634e-18
 5.55111512e-18 1.00000000e-01]",[0.  0.  0.  0.  0.  0.  0.  0.  0.  0.1],1.4901161138336505e-09,0.9999999999,0.1,"[0.92219919 0.92044163 1.11821198 0.77255452 1.06481159 0.41239679
 1.27744317 0.85580587 1.06435966 0.77110177]",2.9900703,"[0.92144543 0.91967326 1.11715007 0.77193743 1.06392872 0.41217738
 1.27630544 0.85509419 1.06352103 0.77045447]",2.987545,"[-0.00075376 -0.00076836 -0.00106192 -0.00061709 -0.00088286 -0.0002194
 -0.00113773 -0.00071168 -0.00083864 -0.00064731]",0.0025333436,0.0025254586,0.00019972974,0.0
14,20,0.9,1.0,0.0,False,42,default,6291456,6912870400,"[0.31785008 0.32710696 0.30802559 0.32727397 0.31102437 0.32072115
 0.30385351 0.32248631 0.32427486 0.29817373]","[0.10625 0.11875 0.08625 0.1075  0.07875 0.1025  0.1025  0.09125 0.11
 0.09625]",0.6840646569846898,0.9950079574020216,0.31826186,"[0.92219919 0.92044163 1.11821198 0.77255452 1.06481159 0.41239679
 1.27744317 0.85580587 1.06435966 0.77110177]",2.9900703,"[0.90057921 0.89903754 1.09089231 0.75538844 1.03980935 0.40620542
 1.24622118 0.83639145 1.04016781 0.75396204]",2.9204798,"[-0.02161998 -0.02140409 -0.02731967 -0.01716608 -0.02500224 -0.00619137
 -0.03122199 -0.01941442 -0.02419186 -0.01713973]",0.069719374,0.0695939,0.0041810707,0.07912937001338383
14,20,0.9,1.0,15.0,False,42,default,6291456,6912870400,"[0.28132116 0.2895142  0.27262576 0.28966201 0.2752799  0.28386228
 0.26893315 0.28542457 0.28700757 0.53505949]","[0.0975  0.1125  0.07    0.10125 0.075   0.095   0.0975  0.0825  0.09375
 0.175  ]",0.6745521220209222,0.9944312264357421,0.3281625,"[0.92219919 0.92044163 1.11821198 0.77255452 1.06481159 0.41239679
 1.27744317 0.85580587 1.06435966 0.77110177]",2.9900703,"[0.90086347 0.89935666 1.09146297 0.75574231 1.04028583 0.40644509
 1.24672198 0.83677042 1.04065585 0.75412232]",2.9217107,"[-0.02133572 -0.02108496 -0.02674901 -0.01681221 -0.02452576 -0.0059517
 -0.03072119 -0.01903546 -0.02370381 -0.01697946]",0.068492316,0.06836293,0.0042081117,0.07912937001338383
14,20,0.9,1.0,30.0,False,42,default,6291456,6912870400,"[0.22562067 0.23219152 0.21864692 0.23231007 0.22077556 0.22765866
 0.21568544 0.22891162 0.2301812  0.73548183]","[0.0825     0.10375    0.07       0.0825     0.08       0.05875
 0.08875    0.09625    0.06875    0.26875001]",0.6383399926920857,0.9941814369280743,0.36499572,"[0.92219919 0.92044163 1.11821198 0.77255452 1.06481159 0.41239679
 1.27744317 0.85580587 1.06435966 0.77110177]",2.9900703,"[0.89854348 0.89704424 1.0887239  0.75387084 1.03763747 0.40580639
 1.24323976 0.83475721 1.03808308 0.7522682 ]",2.914287,"[-0.02365571 -0.02339739 -0.02948809 -0.01868367 -0.02717412 -0.0065904
 -0.03420341 -0.02104867 -0.02627659 -0.01883358]",0.07593159,0.07578729,0.0046791495,0.08846932694105811
14,20,0.9,1.0,45.0,False,42,default,6291456,6912870400,"[0.15454451 0.15904537 0.14976766 0.15912658 0.15122573 0.15594048
 0.14773912 0.15679873 0.15766835 0.8857823 ]","[0.06625    0.08625    0.0725     0.05375    0.07       0.07
 0.05125    0.07       0.0675     0.39250001]",0.5589766606779655,0.9979864500061296,0.44262004,"[0.92219919 0.92044163 1.11821198 0.77255452 1.06481159 0.41239679
 1.27744317 0.85580587 1.06435966 0.77110177]",2.9900703,"[0.89971334 0.89809132 1.08987856 0.75471592 1.03889453 0.40600851
 1.24501157 0.83562982 1.03930652 0.75295538]",2.9177148,"[-0.02248585 -0.02235031 -0.02833343 -0.0178386  -0.02591705 -0.00638828
 -0.0324316  -0.02017605 -0.02505314 -0.0181464 ]",0.07248783,0.07235902,0.0043197544,0.08392937202498843
14,20,0.9,1.0,60.0,False,42,default,6291456,6912870400,"[0.07293639 0.07506055 0.07068199 0.07509887 0.07137011 0.07359521
 0.06972463 0.07400026 0.07441067 0.97571817]","[0.04375    0.05125    0.0525     0.05375    0.03375    0.04
 0.04125    0.05       0.05125    0.58249998]",0.40161279668743943,0.9994453256111792,0.5992156,"[0.92219919 0.92044163 1.11821198 0.77255452 1.06481159 0.41239679
 1.27744317 0.85580587 1.06435966 0.77110177]",2.9900703,"[0.89753145 0.89586043 1.08718872 0.75297892 1.03651798 0.40549287
 1.24197876 0.83373278 1.03689885 0.75102365]",2.9107897,"[-0.02466774 -0.02458119 -0.03102326 -0.0195756  -0.02829361 -0.00690392
 -0.03546441 -0.02207309 -0.02746081 -0.02007812]",0.0794276,0.07928474,0.004761884,0.09691329395132914
14,20,0.9,1.0,72.65205378128772,True,42,default,6291456,6912870400,"[5.55111512e-17 5.55111512e-17 5.55111512e-17 5.55111512e-17
 5.55111512e-17 5.55111512e-17 5.55111512e-17 4.16333634e-17
 5.55111512e-17 1.00000000e+00]",[0. 0. 0. 0. 0. 0. 0. 0. 0. 1.],1.6243534171511178e-16,0.9999999999989999,1.0,"[0.92219919 0.92044163 1.11821198 0.77255452 1.06481159 0.41239679
 1.27744317 0.85580587 1.06435966 0.77110177]",2.9900703,"[0.89665425 0.89503419 1.08656049 0.75230193 1.03579247 0.40531865
 1.24104869 0.83310407 1.0360502  0.75006413]",2.9084458,"[-0.02554494 -0.02540743 -0.0316515  -0.02025259 -0.02901912 -0.00707814
 -0.03639448 -0.0227018  -0.02830946 -0.02103764]",0.08176927,0.08162872,0.0047923047,0.09691329395132914
14,20,0.9,2.0,0.0,False,42,default,6291456,6912870400,"[0.63570015 0.65421392 0.61605119 0.65454794 0.62204874 0.6414423
 0.60770702 0.64497261 0.64854972 0.59634746]","[0.21250001 0.2375     0.1725     0.215      0.1575     0.205
 0.205      0.1825     0.22       0.1925    ]",1.3681293139693795,0.9950079574043663,0.6365237,"[0.92219919 0.92044163 1.11821198 0.77255452 1.06481159 0.41239679
 1.27744317 0.85580587 1.06435966 0.77110177]",2.9900703,"[0.8959474  0.89407599 1.0852443  0.75143039 1.03411579 0.40429479
 1.23944414 0.83167696 1.03447521 0.74975395]",2.9047418,"[-0.02625179 -0.02636564 -0.03296769 -0.02112412 -0.0306958  -0.008102
 -0.03799903 -0.02412891 -0.02988446 -0.02134782]",0.085441306,0.08533202,0.004320268,0.08156468806857739
14,20,0.9,2.0,15.0,False,42,default,6291456,6912870400,"[0.56264232 0.5790284  0.54525151 0.57932403 0.5505598  0.56772455
 0.5378663  0.57084914 0.57401515 1.07011899]","[0.19499999 0.22499999 0.14       0.2025     0.15000001 0.19
 0.19499999 0.16500001 0.1875     0.34999999]",1.3491042440418444,0.9944312264380147,0.656325,"[0.92219919 0.92044163 1.11821198 0.77255452 1.06481159 0.41239679
 1.27744317 0.85580587 1.06435966 0.77110177]",2.9900703,"[0.89514846 0.89344019 1.08443761 0.75097042 1.0333935  0.40412331
 1.23857081 0.83111131 1.03383756 0.74916428]",2.9026842,"[-0.02705073 -0.02700144 -0.03377438 -0.02158409 -0.03141809 -0.00827348
 -0.03887236 -0.02469456 -0.03052211 -0.02193749]",0.08750247,0.0873896,0.004443209,0.08392937202498843
14,20,0.9,2.0,30.0,False,42,default,6291456,6912870400,"[0.45124135 0.46438304 0.43729385 0.46462014 0.44155112 0.45531732
 0.43137088 0.45782325 0.4603624  1.47096367]","[0.16500001 0.2075     0.14       0.16500001 0.16       0.1175
 0.17749999 0.1925     0.1375     0.53750002]",1.2766799853841715,0.994181436930117,0.72999144,"[0.92219919 0.92044163 1.11821198 0.77255452 1.06481159 0.41239679
 1.27744317 0.85580587 1.06435966 0.77110177]",2.9900703,"[0.8945564  0.89262927 1.08367872 0.75028443 1.03260612 0.40400073
 1.23748982 0.83039141 1.03324831 0.74838167]",2.9004145,"[-0.02764279 -0.02781236 -0.03453326 -0.02227008 -0.03220546 -0.00839606
 -0.03995335 -0.02541447 -0.03111136 -0.0227201 ]",0.0897782,0.08965964,0.0046126167,0.08392937202498843
14,20,0.9,2.0,45.0,False,42,default,6291456,6912870400,"[0.30908902 0.31809075 0.29953533 0.31825315 0.30245145 0.31188095
 0.29547824 0.31359745 0.31533671 1.77156461]","[0.13249999 0.1725     0.145      0.1075     0.14       0.14
 0.1025     0.14       0.13500001 0.78500003]",1.117953321355931,0.9979864500078205,0.8852401,"[0.92219919 0.92044163 1.11821198 0.77255452 1.06481159 0.41239679
 1.27744317 0.85580587 1.06435966 0.77110177]",2.9900703,"[0.89460534 0.89252549 1.083498   0.75021946 1.03247213 0.40390804
 1.23728406 0.83035833 1.03282797 0.74803072]",2.8999152,"[-0.02759385 -0.02791613 -0.03471398 -0.02233505 -0.03233945 -0.00848874
 -0.04015911 -0.02544755 -0.03153169 -0.02307105]",0.09027401,0.090158865,0.0045584706,0.08846932694105811
14,20,0.9,2.0,60.0,False,42,default,6291456,6912870400,"[0.14587278 0.1501211  0.14136398 0.15019774 0.14274022 0.14719042
 0.13944926 0.14800051 0.14882135 1.95143635]","[0.0875     0.1025     0.105      0.1075     0.0675     0.08
 0.0825     0.1        0.1025     1.16499996]",0.8032255933748789,0.99944532561243,1.1984313,"[0.92219919 0.92044163 1.11821198 0.77255452 1.06481159 0.41239679
 1.27744317 0.85580587 1.06435966 0.77110177]",2.9900703,"[0.89053768 0.8885712  1.07896543 0.74725568 1.02842271 0.40294516
 1.23205233 0.82713008 1.02882004 0.74494684]",2.888028,"[-0.03166151 -0.03187042 -0.03924656 -0.02529883 -0.03638887 -0.00945163
 -0.04539084 -0.02867579 -0.03553963 -0.02615494]",0.10218492,0.10204748,0.00529845,0.10467832346762979
14,20,0.9,2.0,72.65205378128772,True,42,default,6291456,6912870400,"[1.11022302e-16 1.11022302e-16 1.11022302e-16 1.11022302e-16
 1.11022302e-16 1.11022302e-16 1.11022302e-16 8.32667268e-17
 1.11022302e-16 2.00000000e+00]",[0. 0. 0. 0. 0. 0. 0. 0. 0. 2.],3.2487068343022356e-16,0.99999999999975,2.0,"[0.92219919 0.92044163 1.11821198 0.77255452 1.06481159 0.41239679
 1.27744317 0.85580587 1.06435966 0.77110177]",2.9900703,"[0.89157408 0.88938987 1.07984114 0.74797362 1.02960455 0.40318134
 1.23331785 0.82792675 1.03008842 0.74515826]",2.8908405,"[-0.0306251  -0.03105175 -0.03837085 -0.0245809  -0.03520703 -0.00921544
 -0.04412532 -0.02787912 -0.03427124 -0.02594352]",0.099372946,0.09923467,0.0052410155,0.10467832346762979
14,20,0.9,5.0,0.0,False,42,default,6291456,6912870400,"[1.58925039 1.63553481 1.54012796 1.63636985 1.55512186 1.60360576
 1.51926755 1.61243153 1.62137429 1.49086866]","[0.53125    0.59375    0.43125001 0.53750002 0.39375001 0.51249999
 0.51249999 0.45625001 0.55000001 0.48124999]",3.4203232749031027,0.9950079634916998,1.5913093,"[0.92219919 0.92044163 1.11821198 0.77255452 1.06481159 0.41239679
 1.27744317 0.85580587 1.06435966 0.77110177]",2.9900703,"[0.88702315 0.88523173 1.0741148  0.74416912 1.02375329 0.40138975
 1.22632527 0.82344264 1.02423978 0.7426964 ]",2.875715,"[-0.03517604 -0.03520989 -0.04409719 -0.0283854  -0.0410583  -0.01100704
 -0.0511179  -0.03236324 -0.04011989 -0.02840537]",0.1145042,0.11436124,0.00572017,0.11190583714844751
14,20,0.9,5.0,15.0,False,42,default,6291456,6912870400,"[1.40660581 1.44757099 1.36312878 1.44831006 1.3763995  1.41931139
 1.34466574 1.42712285 1.43503787 2.67529747]","[0.48749998 0.5625     0.34999999 0.50625002 0.375      0.47499999
 0.48749998 0.41250002 0.46875    0.875     ]",3.3727605964182232,0.9944312715551096,1.6408124,"[0.92219919 0.92044163 1.11821198 0.77255452 1.06481159 0.41239679
 1.27744317 0.85580587 1.06435966 0.77110177]",2.9900703,"[0.88456625 0.88300848 1.07117939 0.74240595 1.02115345 0.40084797
 1.22302699 0.8213622  1.02162075 0.74053371]",2.8682253,"[-0.03763294 -0.03743315 -0.04703259 -0.03014857 -0.04365814 -0.01154882
 -0.05441618 -0.03444368 -0.04273891 -0.03056806]",0.12200982,0.12185188,0.0062065767,0.12354070345060089
14,20,0.9,5.0,30.0,False,42,default,6291456,6912870400,"[1.12810336 1.1609576  1.09323462 1.16155034 1.10387779 1.13829329
 1.07842719 1.14455812 1.15090599 3.67740917]","[0.41250002 0.51875001 0.34999999 0.41250002 0.39999998 0.29374999
 0.44374999 0.48124999 0.34375    1.34375   ]",3.191700007505811,0.994181413474226,1.8249786,"[0.92219919 0.92044163 1.11821198 0.77255452 1.06481159 0.41239679
 1.27744317 0.85580587 1.06435966 0.77110177]",2.9900703,"[0.88519824 0.88348281 1.07208645 0.74287432 1.02192223 0.40084735
 1.22421992 0.82194525 1.02236223 0.74092895]",2.8703415,"[-0.03700095 -0.03695881 -0.04612553 -0.02968019 -0.04288936 -0.01154944
 -0.05322325 -0.03386062 -0.04199743 -0.03017282]",0.119874224,0.11973461,0.005784031,0.11190583714844751
14,20,0.9,5.0,45.0,False,42,default,6291456,6912870400,"[0.77272254 0.79522687 0.74883832 0.79563288 0.75612863 0.77970239
 0.73869561 0.78399364 0.78834177 4.42891152]","[0.33124998 0.43125001 0.36249998 0.26875001 0.34999999 0.34999999
 0.25624999 0.34999999 0.33750001 1.9625001 ]",2.794883280975098,0.9979864601620048,2.2131002,"[0.92219919 0.92044163 1.11821198 0.77255452 1.06481159 0.41239679
 1.27744317 0.85580587 1.06435966 0.77110177]",2.9900703,"[0.88020742 0.87826687 1.06535411 0.7388612  1.01615095 0.39958015
 1.21685302 0.81748694 1.01662469 0.73667997]",2.8538532,"[-0.04199177 -0.04217476 -0.05285788 -0.03369331 -0.04866064 -0.01281664
 -0.06059015 -0.03831893 -0.04773498 -0.0344218 ]",0.13640504,0.13622566,0.006993198,0.13847642022149
14,20,0.9,5.0,60.0,False,42,default,6291456,6912870400,"[0.36468196 0.37530275 0.35340994 0.37549436 0.35685056 0.36797605
 0.34862314 0.37000128 0.37205336 4.87859087]","[0.21875    0.25624999 0.26249999 0.26875001 0.16875    0.19999999
 0.20625001 0.25       0.25624999 2.9124999 ]",2.0080639843054633,0.9994453651057914,2.996078,"[0.92219919 0.92044163 1.11821198 0.77255452 1.06481159 0.41239679
 1.27744317 0.85580587 1.06435966 0.77110177]",2.9900703,"[0.87880069 0.87674326 1.06336629 0.73757488 1.01447594 0.3992728
 1.21476483 0.8159647  1.01526177 0.73525304]",2.849056,"[-0.0433985  -0.04369837 -0.05484569 -0.03497964 -0.05033565 -0.01312399
 -0.06267834 -0.03984118 -0.0490979  -0.03584874]",0.14121667,0.14102416,0.00737173,0.1480375253231069
14,20,0.9,5.0,72.65205378128772,True,42,default,6291456,6912870400,"[2.77555756e-16 2.77555756e-16 2.77555756e-16 2.77555756e-16
 2.77555756e-16 2.77555756e-16 2.77555756e-16 2.08166817e-16
 2.77555756e-16 5.00000000e+00]",[0. 0. 0. 0. 0. 0. 0. 0. 0. 5.],8.121767085755589e-16,0.99999999999996,5.0,"[0.92219919 0.92044163 1.11821198 0.77255452 1.06481159 0.41239679
 1.27744317 0.85580587 1.06435966 0.77110177]",2.9900703,"[0.87579298 0.87356645 1.05957913 0.73527277 1.011132   0.39856565
 1.21013856 0.81358957 1.0119195  0.73243147]",2.8392797,"[-0.04640621 -0.04687518 -0.05863285 -0.03728175 -0.05367959 -0.01383114
 -0.06730461 -0.0422163  -0.05244017 -0.0386703 ]",0.15102598,0.15080282,0.008207212,0.1655109964311004
14,10,0.9,0.01,0.0,False,42,default,6291456,6912870400,"[0.00284838 0.00327065 0.00320692 0.00324638 0.00302839 0.00303239
 0.00323226 0.00336559 0.00317452 0.0031855 ]","[0.0009375 0.0012375 0.0009125 0.0010625 0.0007    0.001025  0.0010375
 0.001     0.0010375 0.00105  ]",0.006841790516490938,0.9934722644994076,0.0031887006,"[0.81506258 0.8067838  0.97767138 0.69619119 0.93264121 0.37571055
 1.10785949 0.76629448 0.92355275 0.69395256]",2.6297925,"[0.81506431 0.80678189 0.97767001 0.6961903  0.93263918 0.37571019
 1.10785854 0.76629186 0.92355072 0.69395238]",2.6297889,"[ 1.72853470e-06 -1.90734863e-06 -1.37090683e-06 -8.94069672e-07
 -2.02655792e-06 -3.57627869e-07 -9.53674316e-07 -2.62260437e-06
 -2.02655792e-06 -1.78813934e-07]",5.04637e-06,3.4904108e-06,3.644569e-06,0.0
14,10,0.9,0.01,15.0,False,42,default,6291456,6912870400,"[0.0052323  0.00290767 0.00285101 0.00288609 0.00269229 0.00269585
 0.00287354 0.00299208 0.00282221 0.00283197]","[0.0018875 0.00085   0.000925  0.00085   0.0008625 0.0009    0.0009
 0.000975  0.000925  0.000925 ]",0.006711891028871879,0.9976122508650468,0.0032998582,"[0.81506258 0.8067838  0.97767138 0.69619119 0.93264121 0.37571055
 1.10785949 0.76629448 0.92355275 0.69395256]",2.6297925,"[0.81506443 0.80678356 0.977669   0.69619    0.932639   0.37571004
 1.10785913 0.76629192 0.92355156 0.69395179]",2.6297894,"[ 1.84774399e-06 -2.38418579e-07 -2.38418579e-06 -1.19209290e-06
 -2.20537186e-06 -5.06639481e-07 -3.57627869e-07 -2.56299973e-06
 -1.19209290e-06 -7.74860382e-07]",4.9411674e-06,3.0775286e-06,3.8657413e-06,0.0
14,10,0.9,0.01,30.0,False,42,default,6291456,6912870400,"[0.00725965 0.00234653 0.00230081 0.00232912 0.00217272 0.00217559
 0.00231899 0.00241465 0.00227756 0.00228545]","[0.0027375 0.0007875 0.0008    0.0007    0.00085   0.00085   0.000725
 0.000875  0.000825  0.00085  ]",0.0063541681231177915,0.9978299330633684,0.003658338,"[0.81506258 0.8067838  0.97767138 0.69619119 0.93264121 0.37571055
 1.10785949 0.76629448 0.92355275 0.69395256]",2.6297925,"[0.81506515 0.80678248 0.9776696  0.6961897  0.93263918 0.37570998
 1.10785866 0.76629215 0.92355168 0.69395167]",2.6297894,"[ 2.56299973e-06 -1.31130219e-06 -1.78813934e-06 -1.49011612e-06
 -2.02655792e-06 -5.66244125e-07 -8.34465027e-07 -2.32458115e-06
 -1.07288361e-06 -8.94069672e-07]",5.117068e-06,3.108396e-06,4.0647587e-06,0.0
14,10,0.9,0.01,45.0,False,42,default,6291456,6912870400,"[0.00879226 0.00162549 0.00159381 0.00161342 0.00150508 0.00150707
 0.00160641 0.00167267 0.00157771 0.00158317]","[0.0039875 0.000525  0.0006625 0.0007125 0.00075   0.00055   0.000625
 0.0007    0.0007625 0.000725 ]",0.005547273704090428,0.9979410526677429,0.0044693397,"[0.81506258 0.8067838  0.97767138 0.69619119 0.93264121 0.37571055
 1.10785949 0.76629448 0.92355275 0.69395256]",2.6297925,"[0.81506491 0.80678177 0.97766906 0.69619048 0.93263918 0.37571028
 1.10785794 0.7662918  0.92355287 0.69395173]",2.629789,"[ 2.32458115e-06 -2.02655792e-06 -2.32458115e-06 -7.15255737e-07
 -2.02655792e-06 -2.68220901e-07 -1.54972076e-06 -2.68220901e-06
  1.19209290e-07 -8.34465027e-07]",5.469112e-06,3.3245929e-06,4.3426107e-06,0.019782341029446364
14,10,0.9,0.01,60.0,False,42,default,6291456,6912870400,"[0.0097257  0.00079366 0.0007782  0.00078778 0.00073488 0.00073585
 0.00078435 0.0008167  0.00077034 0.000773  ]","[0.0057875 0.0005625 0.00045   0.0004125 0.0004    0.0004625 0.0004125
 0.0005875 0.0004625 0.0004625]",0.004047251198383945,0.99962367683952,0.0059582926,"[0.81506258 0.8067838  0.97767138 0.69619119 0.93264121 0.37571055
 1.10785949 0.76629448 0.92355275 0.69395256]",2.6297925,"[0.81506503 0.80678022 0.97767001 0.69618982 0.93263859 0.37571019
 1.10785818 0.76629174 0.92355257 0.69395286]",2.6297889,"[ 2.44379044e-06 -3.57627869e-06 -1.37090683e-06 -1.37090683e-06
 -2.62260437e-06 -3.57627869e-07 -1.31130219e-06 -2.74181366e-06
 -1.78813934e-07  2.98023224e-07]",6.23574e-06,3.5290127e-06,5.1410625e-06,0.0
14,10,0.9,0.01,73.4508101998732,True,42,default,6291456,6912870400,"[1.00000000e-02 2.77555756e-19 1.38777878e-19 1.38777878e-19
 1.38777878e-19 1.38777878e-19 1.38777878e-19 1.38777878e-19
 2.77555756e-19 1.38777878e-19]",[0.01 0.   0.   0.   0.   0.   0.   0.   0.   0.  ],2.2351741811588166e-10,0.99999999,0.01,"[0.81506258 0.8067838  0.97767138 0.69619119 0.93264121 0.37571055
 1.10785949 0.76629448 0.92355275 0.69395256]",2.6297925,"[0.81506449 0.80678004 0.97766912 0.69618917 0.93264002 0.37571004
 1.10785735 0.76629233 0.92355305 0.69395167]",2.6297882,"[ 1.90734863e-06 -3.75509262e-06 -2.26497650e-06 -2.02655792e-06
 -1.19209290e-06 -5.06639481e-07 -2.14576721e-06 -2.14576721e-06
  2.98023224e-07 -8.94069672e-07]",6.224977e-06,4.0950217e-06,4.688404e-06,0.0
14,10,0.9,0.1,0.0,False,42,default,6291456,6912870400,"[0.02848384 0.03270651 0.03206921 0.0324638  0.03028387 0.03032387
 0.03232258 0.03365595 0.03174519 0.03185505]","[0.009375 0.012375 0.009125 0.010625 0.007    0.01025  0.010375 0.01
 0.010375 0.0105  ]",0.06841790472322594,0.9934722068415747,0.03188701,"[0.81506258 0.8067838  0.97767138 0.69619119 0.93264121 0.37571055
 1.10785949 0.76629448 0.92355275 0.69395256]",2.6297925,"[0.81510597 0.8068257  0.97775298 0.69622499 0.93270308 0.37570029
 1.10794699 0.76631767 0.9236303  0.69399834]",2.6299615,"[ 4.33921814e-05  4.19020653e-05  8.15987587e-05  3.37958336e-05
  6.18696213e-05 -1.02519989e-05  8.74996185e-05  2.31862068e-05
  7.75456429e-05  4.57763672e-05]",0.00017797393,0.00016899343,5.5820637e-05,0.019782341029446364
14,10,0.9,0.1,15.0,False,42,default,6291456,6912870400,"[0.05232304 0.02907668 0.02851012 0.02886091 0.02692292 0.02695848
 0.02873536 0.02992075 0.02822206 0.02831972]","[0.018875 0.0085   0.00925  0.0085   0.008625 0.009    0.009    0.00975
 0.00925  0.00925 ]",0.06711890881560405,0.9976123685184665,0.03299858,"[0.81506258 0.8067838  0.97767138 0.69619119 0.93264121 0.37571055
 1.10785949 0.76629448 0.92355275 0.69395256]",2.6297925,"[0.81510198 0.80683577 0.97775096 0.6962232  0.93270689 0.37570089
 1.10796475 0.76630932 0.92363364 0.69399428]",2.6299686,"[ 3.93986702e-05  5.19752502e-05  7.95722008e-05  3.20076942e-05
  6.56843185e-05 -9.65595245e-06  1.05261803e-04  1.48415565e-05
  8.08835030e-05  4.17232513e-05]",0.00018868192,0.00017621109,6.745753e-05,0.0
14,10,0.9,0.1,30.0,False,42,default,6291456,6912870400,"[0.07259651 0.02346534 0.02300811 0.0232912  0.02172721 0.02175591
 0.02318988 0.02414651 0.02277564 0.02285445]","[0.027375 0.007875 0.008    0.007    0.0085   0.0085   0.00725  0.00875
 0.00825  0.0085  ]",0.06354167945875615,0.9978299326516733,0.036583383,"[0.81506258 0.8067838  0.97767138 0.69619119 0.93264121 0.37571055
 1.10785949 0.76629448 0.92355275 0.69395256]",2.6297925,"[0.81508714 0.80683357 0.97774106 0.69621938 0.93269628 0.37570205
 1.1079396  0.76629269 0.92363507 0.69398952]",2.6299388,"[ 2.45571136e-05  4.97698784e-05  6.96778297e-05  2.81929970e-05
  5.50746918e-05 -8.49366188e-06  8.01086426e-05 -1.78813934e-06
  8.23140144e-05  3.69548798e-05]",0.000162472,0.00014645177,7.034936e-05,0.0
14,10,0.9,0.1,45.0,False,42,default,6291456,6912870400,"[0.08792264 0.01625486 0.01593813 0.01613424 0.01505083 0.01507071
 0.01606405 0.01672673 0.0157771  0.01583169]","[0.039875 0.00525  0.006625 0.007125 0.0075   0.0055   0.00625  0.007
 0.007625 0.00725 ]",0.05547273584751001,0.9979409766921851,0.044693403,"[0.81506258 0.8067838  0.97767138 0.69619119 0.93264121 0.37571055
 1.10785949 0.76629448 0.92355275 0.69395256]",2.6297925,"[0.81506032 0.80681509 0.97773767 0.69620007 0.93268561 0.37570575
 1.1079334  0.76629031 0.92363179 0.69398606]",2.6299098,"[-2.26497650e-06  3.12924385e-05  6.62803650e-05  8.88109207e-06
  4.44054604e-05 -4.79817390e-06  7.39097595e-05 -4.17232513e-06
  7.90357590e-05  3.34978104e-05]",0.00014247803,0.00011746901,8.062892e-05,0.0
14,10,0.9,0.1,60.0,False,42,default,6291456,6912870400,"[0.097257   0.00793665 0.007782   0.00787775 0.00734876 0.00735847
 0.00784348 0.00816704 0.00770337 0.00773003]","[0.057875 0.005625 0.0045   0.004125 0.004    0.004625 0.004125 0.005875
 0.004625 0.004625]",0.04047251002401742,0.9996237262176755,0.059582926,"[0.81506258 0.8067838  0.97767138 0.69619119 0.93264121 0.37571055
 1.10785949 0.76629448 0.92355275 0.69395256]",2.6297925,"[0.81504291 0.80681676 0.97775334 0.6961959  0.93271613 0.37571102
 1.10793221 0.76629692 0.92364949 0.69399136]",2.6299305,"[-1.96695328e-05  3.29613686e-05  8.19563866e-05  4.70876694e-06
  7.49230385e-05  4.76837158e-07  7.27176666e-05  2.44379044e-06
  9.67383385e-05  3.88026237e-05]",0.0001731584,0.000137929,0.00010468727,0.019782341029446364
14,10,0.9,0.1,73.4508101998732,True,42,default,6291456,6912870400,"[1.00000000e-01 2.77555756e-18 1.38777878e-18 1.38777878e-18
 1.38777878e-18 1.38777878e-18 1.38777878e-18 1.38777878e-18
 2.77555756e-18 1.38777878e-18]",[0.1 0.  0.  0.  0.  0.  0.  0.  0.  0. ],1.4901161138336505e-09,0.9999999999,0.1,"[0.81506258 0.8067838  0.97767138 0.69619119 0.93264121 0.37571055
 1.10785949 0.76629448 0.92355275 0.69395256]",2.6297925,"[0.81497681 0.80679548 0.97773576 0.69614333 0.9327234  0.37571096
 1.10793209 0.76628256 0.92366469 0.69397557]",2.6298823,"[-8.57710838e-05  1.16825104e-05  6.43730164e-05 -4.78625298e-05
  8.21948051e-05  4.17232513e-07  7.25984573e-05 -1.19209290e-05
  1.11937523e-04  2.30073929e-05]",0.0001978788,8.996371e-05,0.00017624573,0.0
14,10,0.9,1.0,0.0,False,42,default,6291456,6912870400,"[0.28483841 0.32706506 0.32069209 0.32463799 0.30283868 0.30323872
 0.32322576 0.33655946 0.31745194 0.31855046]","[0.09375 0.12375 0.09125 0.10625 0.07    0.1025  0.10375 0.1     0.10375
 0.105  ]",0.6841790520596236,0.9934722855335476,0.31887007,"[0.81506258 0.8067838  0.97767138 0.69619119 0.93264121 0.37571055
 1.10785949 0.76629448 0.92355275 0.69395256]",2.6297925,"[0.81093186 0.80262864 0.97308993 0.69257426 0.92740917 0.37377506
 1.10159624 0.76198351 0.91850913 0.69035929]",2.6158307,"[-0.00413072 -0.00415516 -0.00458145 -0.00361693 -0.00523204 -0.00193548
 -0.00626326 -0.00431097 -0.00504363 -0.00359327]",0.01398867,0.013961947,0.00086426653,0.019782341029446364
14,10,0.9,1.0,15.0,False,42,default,6291456,6912870400,"[0.52323038 0.29076685 0.28510116 0.28860914 0.26922915 0.26958479
 0.28735364 0.29920755 0.28222061 0.28319721]","[0.18875 0.085   0.0925  0.085   0.08625 0.09    0.09    0.0975  0.0925
 0.0925 ]",0.671189098215143,0.9976123603902477,0.3299858,"[0.81506258 0.8067838  0.97767138 0.69619119 0.93264121 0.37571055
 1.10785949 0.76629448 0.92355275 0.69395256]",2.6297925,"[0.8107909  0.80260348 0.97273678 0.69244045 0.92745298 0.37380239
 1.10180557 0.76195568 0.91856325 0.69032234]",2.6157212,"[-0.00427169 -0.00418031 -0.00493461 -0.00375074 -0.00518823 -0.00190815
 -0.00605392 -0.0043388  -0.0049895  -0.00363022]",0.014080069,0.0140713,0.00049688754,0.0
14,10,0.9,1.0,30.0,False,42,default,6291456,6912870400,"[0.72596507 0.23465336 0.23008106 0.23291205 0.2172721  0.21755911
 0.23189884 0.24146513 0.2277564  0.22854454]","[0.27375001 0.07875    0.08       0.07       0.085      0.085
 0.0725     0.0875     0.0825     0.085     ]",0.635416806267347,0.9978299211000639,0.36583382,"[0.81506258 0.8067838  0.97767138 0.69619119 0.93264121 0.37571055
 1.10785949 0.76629448 0.92355275 0.69395256]",2.6297925,"[0.81028652 0.80219924 0.97223175 0.69208121 0.92707753 0.37377375
 1.10136116 0.76159859 0.91818827 0.69001651]",2.614517,"[-0.00477606 -0.00458455 -0.00543964 -0.00410998 -0.00556368 -0.00193679
 -0.00649834 -0.00469589 -0.00536448 -0.00393605]",0.0152828675,0.015275396,0.00047784045,0.0
14,10,0.9,1.0,45.0,False,42,default,6291456,6912870400,"[0.87922644 0.16254862 0.15938131 0.16134239 0.15050831 0.15070713
 0.16064052 0.16726726 0.15777098 0.15831694]","[0.39875001 0.0525     0.06625    0.07125    0.075      0.055
 0.0625     0.07       0.07625    0.0725    ]",0.5547273596346864,0.9979410078110746,0.446934,"[0.81506258 0.8067838  0.97767138 0.69619119 0.93264121 0.37571055
 1.10785949 0.76629448 0.92355275 0.69395256]",2.6297925,"[0.80996317 0.80195236 0.97202432 0.69188464 0.92690927 0.3737368
 1.10104525 0.76139545 0.91802067 0.68988878]",2.6138623,"[-0.00509942 -0.00483143 -0.00564706 -0.00430655 -0.00573194 -0.00197375
 -0.00681424 -0.00489902 -0.00553209 -0.00406379]",0.015940076,0.015930302,0.0005580899,0.019782341029446364
14,10,0.9,1.0,60.0,False,42,default,6291456,6912870400,"[0.97256998 0.07936647 0.07781999 0.07877751 0.07348763 0.07358471
 0.07843482 0.08167041 0.07703373 0.0773003 ]","[0.57875001 0.05625    0.045      0.04125    0.04       0.04625
 0.04125    0.05875    0.04625    0.04625   ]",0.4047251229171588,0.9996237134364493,0.59582925,"[0.81506258 0.8067838  0.97767138 0.69619119 0.93264121 0.37571055
 1.10785949 0.76629448 0.92355275 0.69395256]",2.6297925,"[0.80876195 0.80093372 0.97060907 0.69102281 0.92576498 0.3735621
 1.09960949 0.76044941 0.9170565  0.68913436]",2.6105742,"[-0.00630063 -0.00585008 -0.00706232 -0.00516838 -0.00687623 -0.00214845
 -0.00825    -0.00584507 -0.00649625 -0.0048182 ]",0.01923673,0.01921837,0.00084025675,0.0
14,10,0.9,1.0,73.4508101998732,True,42,default,6291456,6912870400,"[1.00000000e+00 2.77555756e-17 1.38777878e-17 1.38777878e-17
 1.38777878e-17 1.38777878e-17 1.38777878e-17 1.38777878e-17
 2.77555756e-17 1.38777878e-17]",[1. 0. 0. 0. 0. 0. 0. 0. 0. 0.],5.374844106186573e-17,0.9999999999989999,1.0,"[0.81506258 0.8067838  0.97767138 0.69619119 0.93264121 0.37571055
 1.10785949 0.76629448 0.92355275 0.69395256]",2.6297925,"[0.80534172 0.79777223 0.96697652 0.68858808 0.92263561 0.37303239
 1.09536934 0.75789356 0.9141044  0.6869331 ]",2.6012158,"[-0.00972086 -0.00901157 -0.01069486 -0.00760311 -0.01000559 -0.00267816
 -0.01249015 -0.00840092 -0.00944835 -0.00701946]",0.028640857,0.028577447,0.0019048325,0.048456642643301504
14,10,0.9,2.0,0.0,False,42,default,6291456,6912870400,"[0.56967682 0.65413012 0.64138418 0.64927598 0.60567737 0.60647744
 0.64645153 0.67311893 0.63490388 0.63710092]","[0.1875     0.2475     0.1825     0.21250001 0.14       0.205
 0.2075     0.2        0.2075     0.20999999]",1.3683581041192472,0.9934722855358842,0.63774014,"[0.81506258 0.8067838  0.97767138 0.69619119 0.93264121 0.37571055
 1.10785949 0.76629448 0.92355275 0.69395256]",2.6297925,"[0.79811585 0.78953189 0.95634592 0.68206108 0.91205162 0.37002599
 1.0822407  0.75018817 0.90343904 0.6798892 ]",2.5732064,"[-0.01694673 -0.01725191 -0.02132547 -0.01413012 -0.02058959 -0.00568455
 -0.02561879 -0.01610631 -0.02011371 -0.01406336]",0.056688413,0.056588423,0.0033656256,0.08156468806857739
14,10,0.9,2.0,15.0,False,42,default,6291456,6912870400,"[1.04646077 0.5815337  0.57020232 0.57721827 0.53845831 0.53916959
 0.57470728 0.59841509 0.56444121 0.56639442]","[0.3775     0.17       0.185      0.17       0.1725     0.18000001
 0.18000001 0.19499999 0.185      0.185     ]",1.342378196430286,0.997612360392515,0.6599716,"[0.81506258 0.8067838  0.97767138 0.69619119 0.93264121 0.37571055
 1.10785949 0.76629448 0.92355275 0.69395256]",2.6297925,"[0.79991055 0.79169667 0.95888352 0.68378878 0.9147324  0.37046063
 1.08621478 0.75199276 0.9061057  0.68178034]",2.5804746,"[-0.01515204 -0.01508713 -0.01878786 -0.01240242 -0.01790881 -0.00524992
 -0.02164471 -0.01430172 -0.01744705 -0.01217222]",0.049375013,0.049318913,0.0023529972,0.05233915627441309
14,10,0.9,2.0,30.0,False,42,default,6291456,6912870400,"[1.45193015 0.46930671 0.46016211 0.4658241  0.4345442  0.43511822
 0.46379769 0.48293026 0.45551281 0.45708908]","[0.54750001 0.1575     0.16       0.14       0.17       0.17
 0.145      0.175      0.16500001 0.17      ]",1.270833612534694,0.9978299211021093,0.73166764,"[0.81506258 0.8067838  0.97767138 0.69619119 0.93264121 0.37571055
 1.10785949 0.76629448 0.92355275 0.69395256]",2.6297925,"[0.79889494 0.79067338 0.95747209 0.68301833 0.91359365 0.37034479
 1.08464146 0.75109375 0.90523094 0.68096733]",2.5772507,"[-0.01616764 -0.01611042 -0.0201993  -0.01317286 -0.01904756 -0.00536576
 -0.02321804 -0.01520073 -0.01832181 -0.01298523]",0.052616723,0.05254321,0.0027804163,0.06561060592844098
14,10,0.9,2.0,45.0,False,42,default,6291456,6912870400,"[1.75845288 0.32509725 0.31876262 0.32268478 0.30101663 0.30141426
 0.32128105 0.33453452 0.31554196 0.31663387]","[0.79750001 0.105      0.13249999 0.1425     0.15000001 0.11
 0.125      0.14       0.1525     0.145     ]",1.109454719269373,0.9979410078127492,0.893868,"[0.81506258 0.8067838  0.97767138 0.69619119 0.93264121 0.37571055
 1.10785949 0.76629448 0.92355275 0.69395256]",2.6297925,"[0.79641765 0.78803533 0.95444196 0.68093967 0.91065997 0.36984992
 1.0810113  0.74878329 0.90243363 0.67908514]",2.569205,"[-0.01864493 -0.01874846 -0.02322942 -0.01525152 -0.02198124 -0.00586063
 -0.0268482  -0.01751119 -0.02111912 -0.01486742]",0.06069102,0.06058981,0.0035035196,0.07661668268387072
14,10,0.9,2.0,60.0,False,42,default,6291456,6912870400,"[1.94513996 0.15873294 0.15563998 0.15755502 0.14697527 0.14716942
 0.15686964 0.16334082 0.15406745 0.15460059]","[1.15750003 0.1125     0.09       0.0825     0.08       0.0925
 0.0825     0.1175     0.0925     0.0925    ]",0.8094502458343176,0.9996237134377075,1.1916585,"[0.81506258 0.8067838  0.97767138 0.69619119 0.93264121 0.37571055
 1.10785949 0.76629448 0.92355275 0.69395256]",2.6297925,"[0.79479879 0.78646809 0.95251548 0.67975581 0.90912825 0.36951655
 1.07913148 0.74753773 0.90100825 0.6780445 ]",2.5646725,"[-0.02026379 -0.02031571 -0.0251559  -0.01643538 -0.02351296 -0.006194
 -0.02872801 -0.01875675 -0.0225445  -0.01590806]",0.06523765,0.06512285,0.0038683836,0.08622923312351063
14,10,0.9,2.0,73.4508101998732,True,42,default,6291456,6912870400,"[2.00000000e+00 5.55111512e-17 2.77555756e-17 2.77555756e-17
 2.77555756e-17 2.77555756e-17 2.77555756e-17 2.77555756e-17
 5.55111512e-17 2.77555756e-17]",[2. 0. 0. 0. 0. 0. 0. 0. 0. 0.],1.0749688212373146e-16,0.99999999999975,2.0,"[0.81506258 0.8067838  0.97767138 0.69619119 0.93264121 0.37571055
 1.10785949 0.76629448 0.92355275 0.69395256]",2.6297925,"[0.7909739  0.78305984 0.94843078 0.67697138 0.90576559 0.36907151
 1.07468891 0.74457145 0.89810598 0.67569131]",2.5545557,"[-0.02408868 -0.02372396 -0.02924061 -0.01921982 -0.02687562 -0.00663903
 -0.03317058 -0.02172303 -0.02544677 -0.01826125]",0.07541267,0.07524183,0.005073226,0.11364091540157657
14,10,0.9,5.0,0.0,False,42,default,6291456,6912870400,"[1.42419205 1.63532531 1.60346045 1.62318995 1.51419342 1.51619361
 1.61612882 1.68279731 1.58725969 1.59275229]","[0.46875    0.61874998 0.45625001 0.53125    0.34999999 0.51249999
 0.51875001 0.5        0.51875001 0.52499998]",3.4208952693822945,0.9934722794769562,1.5943503,"[0.81506258 0.8067838  0.97767138 0.69619119 0.93264121 0.37571055
 1.10785949 0.76629448 0.92355275 0.69395256]",2.6297925,"[0.78418559 0.77503419 0.93819785 0.67046511 0.89440453 0.36576557
 1.06133294 0.73666942 0.88685989 0.66812295]",2.526089,"[-0.03087699 -0.03174961 -0.03947353 -0.02572608 -0.03823668 -0.00994498
 -0.04652655 -0.02962506 -0.03669286 -0.02582961]",0.103914686,0.10371176,0.0064909314,0.14935344105781187
14,10,0.9,5.0,15.0,False,42,default,6291456,6912870400,"[2.61615192 1.45383425 1.4255058  1.44304569 1.34614577 1.34792397
 1.43676821 1.49603773 1.41110303 1.41598605]","[0.94375002 0.42500001 0.46250001 0.42500001 0.43125001 0.45000002
 0.45000002 0.48749998 0.46250001 0.46250001]",3.355945469648547,0.9976123376368691,1.649929,"[0.81506258 0.8067838  0.97767138 0.69619119 0.93264121 0.37571055
 1.10785949 0.76629448 0.92355275 0.69395256]",2.6297925,"[0.78607172 0.77727973 0.94096541 0.67207664 0.89722139 0.36630982
 1.06494522 0.73856986 0.88957417 0.66991633]",2.5333946,"[-0.02899086 -0.02950406 -0.03670597 -0.02411455 -0.03541982 -0.00940073
 -0.04291427 -0.02772462 -0.03397858 -0.02403623]",0.096567646,0.09640406,0.0056187194,0.1282042487280194
14,10,0.9,5.0,30.0,False,42,default,6291456,6912870400,"[3.62982536 1.17326678 1.15040529 1.16456024 1.08636051 1.08779555
 1.15949422 1.20732564 1.13878202 1.14272269]","[1.3687501  0.39375001 0.39999998 0.34999999 0.42500001 0.42500001
 0.36249998 0.4375     0.41250002 0.42500001]",3.177083984262934,0.997829915001071,1.8291692,"[0.81506258 0.8067838  0.97767138 0.69619119 0.93264121 0.37571055
 1.10785949 0.76629448 0.92355275 0.69395256]",2.6297925,"[0.78149652 0.77274442 0.9354834  0.66845274 0.892281   0.36523005
 1.05863631 0.73456961 0.88474411 0.66635537]",2.5192246,"[-0.03356606 -0.03403938 -0.04218799 -0.02773845 -0.04036021 -0.01048049
 -0.04922318 -0.03172487 -0.03880864 -0.02759719]",0.11077229,0.1105765,0.006582946,0.15195108845669586
14,10,0.9,5.0,45.0,False,42,default,6291456,6912870400,"[4.3961322  0.81274312 0.79690655 0.80671195 0.75254157 0.75353565
 0.80320262 0.83633631 0.78885491 0.79158468]","[1.9937501  0.26249999 0.33124998 0.35624999 0.375      0.27500001
 0.3125     0.34999999 0.38125002 0.36249998]",2.773636749508068,0.997941096465429,2.23467,"[0.81506258 0.8067838  0.97767138 0.69619119 0.93264121 0.37571055
 1.10785949 0.76629448 0.92355275 0.69395256]",2.6297925,"[0.779392   0.7707895  0.93289125 0.66665053 0.88972604 0.36473343
 1.05571473 0.73272634 0.88286036 0.66477621]",2.5127099,"[-0.03567058 -0.03599429 -0.04478014 -0.02954066 -0.04291517 -0.01097712
 -0.05214477 -0.03356814 -0.04069239 -0.02917635]",0.11730783,0.1170925,0.007104407,0.15949038294479406
14,10,0.9,5.0,60.0,False,42,default,6291456,6912870400,"[4.8628499  0.39683236 0.38909995 0.39388756 0.36743817 0.36792355
 0.39217409 0.40835204 0.38516863 0.38650148]","[2.89375019 0.28125    0.22500001 0.20625001 0.19999999 0.23125
 0.20625001 0.29374999 0.23125    0.23125   ]",2.0236254987246967,0.9996237522599544,2.9791462,"[0.81506258 0.8067838  0.97767138 0.69619119 0.93264121 0.37571055
 1.10785949 0.76629448 0.92355275 0.69395256]",2.6297925,"[0.77422255 0.76616043 0.9271934  0.66293561 0.88500392 0.36354619
 1.04937959 0.72841704 0.87794852 0.66131258]",2.498181,"[-0.04084003 -0.04062337 -0.05047798 -0.03325558 -0.04763728 -0.01216435
 -0.05847991 -0.03787744 -0.04560423 -0.03263998]",0.13186783,0.13162433,0.008010033,0.1834539611091176
14,10,0.9,5.0,73.4508101998732,True,42,default,6291456,6912870400,"[5.00000000e+00 1.38777878e-16 6.93889390e-17 6.93889390e-17
 6.93889390e-17 6.93889390e-17 6.93889390e-17 6.93889390e-17
 1.38777878e-16 6.93889390e-17]",[5. 0. 0. 0. 0. 0. 0. 0. 0. 0.],2.6874220530932863e-16,0.99999999999996,5.0,"[0.81506258 0.8067838  0.97767138 0.69619119 0.93264121 0.37571055
 1.10785949 0.76629448 0.92355275 0.69395256]",2.6297925,"[0.76439893 0.75722247 0.91630685 0.65562302 0.87572908 0.36184874
 1.03705621 0.72057217 0.86966854 0.65472466]",2.470766,"[-0.05066365 -0.04956132 -0.06136453 -0.04056817 -0.05691212 -0.01386181
 -0.07080328 -0.04572231 -0.05388421 -0.0392279 ]",0.15941024,0.15904965,0.010716109,0.24944602483378192
2,49,0.1,1.0,-1.0,False,42,default,6291456,6912870400,"[0.00313744 0.00329251 0.00339816 0.00321791 0.00302434 0.00305078
 0.00305076 0.00308689 0.00317947 0.00316458]","[0.0012125 0.00085   0.001125  0.000875  0.0010875 0.000875  0.001
 0.000925  0.0009375 0.0011125]",0.006850538640488672,0.9923708914845272,0.0031850236,"[0.00276148 0.00248619 0.00266481 0.00170371 0.00296685 0.00081116
 0.0040952  0.00200561 0.00261858 0.00187999]",0.008028412,"[0.00276327 0.00248537 0.00266372 0.00170304 0.0029674  0.00081019
 0.0040993  0.00200443 0.00261882 0.00188029]",0.008030317,"[ 1.78487971e-06 -8.24686140e-07 -1.09733082e-06 -6.68340363e-07
  5.50644472e-07 -9.74105205e-07  4.10480425e-06 -1.18697062e-06
  2.44705006e-07  2.95927748e-07]",5.0174276e-06,1.9039593e-06,4.642146e-06,0.027976455118293345
2,49,0.1,1.0,-2.0,False,42,default,6291456,6912870400,[1. 1. 1. 1. 1. 1. 1. 1. 1. 1.],"[0.33599201 0.37156764 0.26879361 0.33994487 0.23321797 0.3438977
 0.32413346 0.28855786 0.32808632 0.32808632]",2.1657506362321928,0.9925680196793187,1.0074877,"[0.00276148 0.00248619 0.00266481 0.00170371 0.00296685 0.00081116
 0.0040952  0.00200561 0.00261858 0.00187999]",0.008028412,"[0.002762   0.00248456 0.00266338 0.0017026  0.00296608 0.00080997
 0.00409659 0.0020039  0.00261781 0.00187934]",0.008026849,"[ 5.17116860e-07 -1.63679942e-06 -1.43004581e-06 -1.10350084e-06
 -7.66711310e-07 -1.18883327e-06  1.39325857e-06 -1.71875581e-06
 -7.67176971e-07 -6.57979399e-07]",3.75862e-06,1.5642803e-06,3.4176385e-06,0.027976455118293345
2,31,0.1,1.0,-1.0,False,42,default,6291456,6912870400,"[0.00303966 0.00316119 0.00335905 0.00315482 0.0031293  0.00321592
 0.00322336 0.00311965 0.00318691 0.00301958]","[0.0012125 0.00085   0.001125  0.000875  0.0010875 0.000875  0.001
 0.000925  0.0009375 0.0011125]",0.006853771491655972,0.9916753865240433,0.0031850236,"[0.00281202 0.00250043 0.00267356 0.00171938 0.00302245 0.0008064
 0.00420714 0.00201797 0.00265313 0.001899  ]",0.008152715,"[0.00282266 0.00251017 0.00268272 0.00172543 0.00303348 0.00080882
 0.00422305 0.00202522 0.00266309 0.0019059 ]",0.008182838,"[1.06459484e-05 9.74396244e-06 9.16304998e-06 6.04346860e-06
 1.10361725e-05 2.41387170e-06 1.59051269e-05 7.25057907e-06
 9.96189192e-06 6.90144952e-06]",3.0146362e-05,3.0121873e-05,1.214938e-06,0.0
2,31,0.1,1.0,-2.0,False,42,default,6291456,6912870400,[1. 1. 1. 1. 1. 1. 1. 1. 1. 1.],"[0.33599201 0.37156764 0.26879361 0.33994487 0.23321797 0.3438977
 0.32413346 0.28855786 0.32808632 0.32808632]",2.1657506362321928,0.9925680196793187,1.0074877,"[0.00281202 0.00250043 0.00267356 0.00171938 0.00302245 0.0008064
 0.00420714 0.00201797 0.00265313 0.001899  ]",0.008152715,"[0.00282188 0.00250938 0.00268224 0.00172483 0.00303274 0.00080852
 0.00422167 0.00202461 0.00266211 0.00190537]",0.00818043,"[9.86084342e-06 8.95024277e-06 8.68667848e-06 5.44299837e-06
 1.02976337e-05 2.12102896e-06 1.45253725e-05 6.63823448e-06
 8.98214057e-06 6.36628829e-06]",2.7734974e-05,2.7714948e-05,1.0537664e-06,0.0
2,48,0.25,1.0,-1.0,False,42,default,6291456,6912870400,"[0.00296171 0.00336769 0.00344767 0.0030755  0.00319598 0.00313739
 0.00293588 0.0031139  0.00320957 0.00314121]","[0.0012125 0.00085   0.001125  0.000875  0.0010875 0.000875  0.001
 0.000925  0.0009375 0.0011125]",0.006856855899686112,0.9910115112467683,0.0031850236,"[0.00314161 0.00272739 0.00289972 0.00187623 0.00336093 0.00086858
 0.00475366 0.00217856 0.00293883 0.00210719]",0.0090392325,"[0.00311319 0.0027026  0.00287426 0.0018596  0.00333052 0.00086203
 0.00471028 0.00215864 0.00291237 0.00208833]",0.008957698,"[-2.84260605e-05 -2.47871503e-05 -2.54644547e-05 -1.66357495e-05
 -3.04160640e-05 -6.55231997e-06 -4.33819368e-05 -1.99151691e-05
 -2.64653936e-05 -1.88616104e-05]",8.15505e-05,8.153452e-05,1.6137465e-06,0.0
2,48,0.25,1.0,-2.0,False,42,default,6291456,6912870400,[1. 1. 1. 1. 1. 1. 1. 1. 1. 1.],"[0.33599201 0.37156764 0.26879361 0.33994487 0.23321797 0.3438977
 0.32413346 0.28855786 0.32808632 0.32808632]",2.1657506362321928,0.9925680196793187,1.0074877,"[0.00314161 0.00272739 0.00289972 0.00187623 0.00336093 0.00086858
 0.00475366 0.00217856 0.00293883 0.00210719]",0.0090392325,"[0.00311409 0.00270329 0.00287497 0.00185986 0.00333078 0.00086223
 0.00471008 0.00215908 0.00291317 0.0020889 ]",0.008959021,"[-2.75226776e-05 -2.40930822e-05 -2.47505959e-05 -1.63714867e-05
 -3.01497057e-05 -6.34754542e-06 -4.35765833e-05 -1.94753520e-05
 -2.56658532e-05 -1.82893127e-05]",8.0245445e-05,8.0211576e-05,2.3310927e-06,0.0
2,28,0.25,1.0,-1.0,False,42,default,6291456,6912870400,"[0.00335778 0.00321289 0.00330376 0.00333296 0.00295572 0.0028722
 0.00310544 0.00315048 0.00310572 0.00319039]","[0.0012125 0.00085   0.001125  0.000875  0.0010875 0.000875  0.001
 0.000925  0.0009375 0.0011125]",0.006845257429998515,0.9935063678536776,0.0031850236,"[0.00270295 0.0024119  0.00256903 0.00166507 0.0028921  0.00078966
 0.00400876 0.00194889 0.00254996 0.00184595]",0.007826975,"[0.00269544 0.00240626 0.00256383 0.00166125 0.00288453 0.00078799
 0.00399585 0.0019448  0.00254325 0.00184082]",0.007806134,"[-7.50971958e-06 -5.63799404e-06 -5.20423055e-06 -3.82144935e-06
 -7.56373629e-06 -1.67120015e-06 -1.29113905e-05 -4.08443157e-06
 -6.71157613e-06 -5.12914266e-06]",2.1085856e-05,2.084144e-05,3.2012142e-06,0.0
2,28,0.25,1.0,-2.0,False,42,default,6291456,6912870400,[1. 1. 1. 1. 1. 1. 1. 1. 1. 1.],"[0.33599201 0.37156764 0.26879361 0.33994487 0.23321797 0.3438977
 0.32413346 0.28855786 0.32808632 0.32808632]",2.1657506362321928,0.9925680196793187,1.0074877,"[0.00270295 0.0024119  0.00256903 0.00166507 0.0028921  0.00078966
 0.00400876 0.00194889 0.00254996 0.00184595]",0.007826975,"[0.00269673 0.00240753 0.00256487 0.00166195 0.00288561 0.0007882
 0.00399804 0.00194572 0.00254455 0.00184169]",0.0078098606,"[-6.21750951e-06 -4.36953269e-06 -4.15719114e-06 -3.11620533e-06
 -6.48805872e-06 -1.46089587e-06 -1.07195228e-05 -3.17278318e-06
 -5.41633926e-06 -4.25870530e-06]",1.7361463e-05,1.7115055e-05,2.9146831e-06,0.027976455118293345
2,7,0.5,1.0,-1.0,False,42,default,6291456,6912870400,"[0.00298605 0.00325993 0.00318359 0.00305896 0.00314967 0.00329751
 0.00346165 0.00304697 0.00315489 0.00299159]","[0.0012125 0.00085   0.001125  0.000875  0.0010875 0.000875  0.001
 0.000925  0.0009375 0.0011125]",0.0068623626283236564,0.9898255229815655,0.0031850236,"[0.00257266 0.00229668 0.00246427 0.00158458 0.00276765 0.00077968
 0.00382181 0.00184633 0.0024434  0.00176272]",0.00747243,"[0.00258223 0.00230445 0.00247231 0.00158985 0.00277739 0.00078186
 0.00383638 0.00185241 0.00245232 0.00176917]",0.0074991076,"[9.56794247e-06 7.76979141e-06 8.03475268e-06 5.26604708e-06
 9.74442810e-06 2.18575587e-06 1.45744998e-05 6.07210677e-06
 8.91997479e-06 6.44614920e-06]",2.6727146e-05,2.6677719e-05,1.6247479e-06,0.0
2,7,0.5,1.0,-2.0,False,42,default,6291456,6912870400,[1. 1. 1. 1. 1. 1. 1. 1. 1. 1.],"[0.33599201 0.37156764 0.26879361 0.33994487 0.23321797 0.3438977
 0.32413346 0.28855786 0.32808632 0.32808632]",2.1657506362321928,0.9925680196793187,1.0074877,"[0.00257266 0.00229668 0.00246427 0.00158458 0.00276765 0.00077968
 0.00382181 0.00184633 0.0024434  0.00176272]",0.00747243,"[0.00258043 0.00230318 0.00247082 0.00158895 0.00277558 0.00078151
 0.00383365 0.00185158 0.00245078 0.00176805]",0.00749434,"[7.77048990e-06 6.50412403e-06 6.54370524e-06 4.37325798e-06
 7.93323852e-06 1.82742951e-06 1.18371099e-05 5.24939969e-06
 7.38189556e-06 5.32611739e-06]",2.1941709e-05,2.1910131e-05,1.1767733e-06,0.0
2,14,0.5,1.0,-1.0,False,42,default,6291456,6912870400,"[0.00333439 0.00316052 0.00339093 0.00330471 0.00283495 0.00269958
 0.00323234 0.00327536 0.00307645 0.00324164]","[0.0012125 0.00085   0.001125  0.000875  0.0010875 0.000875  0.001
 0.000925  0.0009375 0.0011125]",0.006846707069706759,0.9931947780888767,0.0031850236,"[0.00231054 0.00209355 0.00223433 0.00144442 0.00247734 0.00068298
 0.00339706 0.00170518 0.00219046 0.00160019]",0.0067238472,"[0.00231713 0.00209936 0.00224116 0.00144832 0.00248461 0.00068451
 0.00340679 0.00171024 0.00219632 0.00160441]",0.0067429785,"[6.58584759e-06 5.81517816e-06 6.83497638e-06 3.90445348e-06
 7.26967119e-06 1.52993016e-06 9.73325223e-06 5.05906064e-06
 5.85964881e-06 4.21900768e-06]",1.915218e-05,1.9131066e-05,8.9904853e-07,0.0
2,14,0.5,1.0,-2.0,False,42,default,6291456,6912870400,[1. 1. 1. 1. 1. 1. 1. 1. 1. 1.],"[0.33599201 0.37156764 0.26879361 0.33994487 0.23321797 0.3438977
 0.32413346 0.28855786 0.32808632 0.32808632]",2.1657506362321928,0.9925680196793187,1.0074877,"[0.00231054 0.00209355 0.00223433 0.00144442 0.00247734 0.00068298
 0.00339706 0.00170518 0.00219046 0.00160019]",0.0067238472,"[0.00231684 0.00209891 0.00224037 0.00144801 0.00248421 0.00068429
 0.00340616 0.00170957 0.00219585 0.00160403]",0.006741512,"[6.30086288e-06 5.36325388e-06 6.04335219e-06 3.59164551e-06
 6.86966814e-06 1.30722765e-06 9.10414383e-06 4.39817086e-06
 5.38863242e-06 3.84578016e-06]",1.7687433e-05,1.7664459e-05,9.0121995e-07,0.0
2,4,0.75,1.0,-1.0,False,42,default,6291456,6912870400,"[0.00315733 0.00326082 0.00334479 0.00307142 0.00317694 0.00298818
 0.00310101 0.00311125 0.00315949 0.00323673]","[0.0012125 0.00085   0.001125  0.000875  0.0010875 0.000875  0.001
 0.000925  0.0009375 0.0011125]",0.006842582569166979,0.994081137008687,0.0031850236,"[0.0042555  0.00365615 0.00387059 0.00250645 0.00452164 0.00113793
 0.00642988 0.00291694 0.00393921 0.00283595]",0.012161107,"[0.00420598 0.00361466 0.00382769 0.00247856 0.00446908 0.00112673
 0.00635208 0.00288429 0.00389466 0.00280384]",0.01202043,"[-4.95244749e-05 -4.14869282e-05 -4.29018401e-05 -2.78835651e-05
 -5.25582582e-05 -1.12006674e-05 -7.78003596e-05 -3.26528680e-05
 -4.45467886e-05 -3.21050175e-05]",0.00014076215,0.00014067748,4.880322e-06,0.03426402009603798
2,4,0.75,1.0,-2.0,False,42,default,6291456,6912870400,[1. 1. 1. 1. 1. 1. 1. 1. 1. 1.],"[0.33599201 0.37156764 0.26879361 0.33994487 0.23321797 0.3438977
 0.32413346 0.28855786 0.32808632 0.32808632]",2.1657506362321928,0.9925680196793187,1.0074877,"[0.0042555  0.00365615 0.00387059 0.00250645 0.00452164 0.00113793
 0.00642988 0.00291694 0.00393921 0.00283595]",0.012161107,"[0.00420305 0.0036126  0.00382494 0.00247691 0.00446632 0.00112603
 0.00634821 0.0028826  0.00389188 0.00280181]",0.012012644,"[-5.24516217e-05 -4.35418915e-05 -4.56536654e-05 -2.95403879e-05
 -5.53224236e-05 -1.19066099e-05 -8.16774555e-05 -3.43483407e-05
 -4.73284163e-05 -3.41427512e-05]",0.00014853626,0.00014846353,4.647319e-06,0.027976455118293345
2,0,0.75,1.0,-1.0,False,42,default,6291456,6912870400,"[0.00312754 0.00312561 0.00315272 0.00320095 0.00324082 0.00320669
 0.00329821 0.00314606 0.00315162 0.00296124]","[0.0012125 0.00085   0.001125  0.000875  0.0010875 0.000875  0.001
 0.000925  0.0009375 0.0011125]",0.006853911091993671,0.9916453459760625,0.0031850236,"[0.00297852 0.00266072 0.00283591 0.00184149 0.00320484 0.00088716
 0.00442906 0.00216096 0.00281267 0.0020359 ]",0.008647824,"[0.00294799 0.00264019 0.00281539 0.001827   0.00317405 0.00088229
 0.0043796  0.00214532 0.00278732 0.00201785]",0.008567553,"[-3.05266585e-05 -2.05207616e-05 -2.05161050e-05 -1.44812511e-05
 -3.07834707e-05 -4.86336648e-06 -4.94602136e-05 -1.56369060e-05
 -2.53475737e-05 -1.80578791e-05]",8.132824e-05,8.028093e-05,1.3009807e-05,0.09065408419654447
2,0,0.75,1.0,-2.0,False,42,default,6291456,6912870400,[1. 1. 1. 1. 1. 1. 1. 1. 1. 1.],"[0.33599201 0.37156764 0.26879361 0.33994487 0.23321797 0.3438977
 0.32413346 0.28855786 0.32808632 0.32808632]",2.1657506362321928,0.9925680196793187,1.0074877,"[0.00297852 0.00266072 0.00283591 0.00184149 0.00320484 0.00088716
 0.00442906 0.00216096 0.00281267 0.0020359 ]",0.008647824,"[0.00294854 0.00264051 0.00281583 0.00182722 0.00317439 0.00088227
 0.00437993 0.00214573 0.0027875  0.00201798]",0.008568507,"[-2.99832318e-05 -2.02048104e-05 -2.00753566e-05 -1.42683275e-05
 -3.04509886e-05 -4.89118975e-06 -4.91323881e-05 -1.52299181e-05
 -2.51706224e-05 -1.79193448e-05]",8.040911e-05,7.932654e-05,1.3150091e-05,0.08846932694105811
2,58,0.9,1.0,-1.0,False,42,default,6291456,6912870400,"[0.0030464  0.00331408 0.00351347 0.00309718 0.00314161 0.00303531
 0.0030054  0.0030796  0.00315064 0.00320526]","[0.0012125 0.00085   0.001125  0.000875  0.0010875 0.000875  0.001
 0.000925  0.0009375 0.0011125]",0.006848763765277748,0.9927525927666976,0.0031850236,"[0.00479515 0.0043587  0.00464855 0.00299681 0.00515691 0.00144665
 0.00710314 0.00350908 0.00457148 0.00331511]",0.01399731,"[0.00478589 0.00435715 0.00465024 0.00299419 0.00514995 0.00144624
 0.00708943 0.00350925 0.00456617 0.00331042]",0.013981297,"[-9.25548375e-06 -1.54925510e-06  1.69081613e-06 -2.61818059e-06
 -6.96768984e-06 -4.12692316e-07 -1.37039460e-05  1.70199201e-07
 -5.30388206e-06 -4.69665974e-06]",1.9609024e-05,1.6018048e-05,1.1310877e-05,0.048456642643301504
2,58,0.9,1.0,-2.0,False,42,default,6291456,6912870400,[1. 1. 1. 1. 1. 1. 1. 1. 1. 1.],"[0.33599201 0.37156764 0.26879361 0.33994487 0.23321797 0.3438977
 0.32413346 0.28855786 0.32808632 0.32808632]",2.1657506362321928,0.9925680196793187,1.0074877,"[0.00479515 0.0043587  0.00464855 0.00299681 0.00515691 0.00144665
 0.00710314 0.00350908 0.00457148 0.00331511]",0.01399731,"[0.00478588 0.0043573  0.00465093 0.00299456 0.00515009 0.00144654
 0.00708862 0.00350958 0.00456638 0.00331071]",0.013981541,"[-9.26665962e-06 -1.40257180e-06  2.38185748e-06 -2.24146061e-06
 -6.82380050e-06 -1.11758709e-07 -1.45174563e-05  4.94299456e-07
 -5.09340316e-06 -4.39863652e-06]",2.0035068e-05,1.5774185e-05,1.235229e-05,0.05233915627441309
2,57,0.9,1.0,-1.0,False,42,default,6291456,6912870400,"[0.00296293 0.00306375 0.00316117 0.00303895 0.0034779  0.00326378
 0.0032405  0.00308117 0.00329367 0.00300259]","[0.0012125 0.00085   0.001125  0.000875  0.0010875 0.000875  0.001
 0.000925  0.0009375 0.0011125]",0.006856129155692014,0.991167959528066,0.0031850236,"[0.00432039 0.00375306 0.00397184 0.0025831  0.0046116  0.00119676
 0.00651623 0.00301756 0.00403988 0.00290089]",0.012417766,"[0.00429778 0.00373862 0.00395858 0.00257269 0.00459012 0.00119242
 0.00647894 0.00300735 0.00402216 0.00288734]",0.012359752,"[-2.26176344e-05 -1.44406222e-05 -1.32638961e-05 -1.04121864e-05
 -2.14786269e-05 -4.33344394e-06 -3.72910872e-05 -1.02133490e-05
 -1.77221373e-05 -1.35491136e-05]",5.896723e-05,5.8017253e-05,1.0541952e-05,0.044234660174789026
2,57,0.9,1.0,-2.0,False,42,default,6291456,6912870400,[1. 1. 1. 1. 1. 1. 1. 1. 1. 1.],"[0.33599201 0.37156764 0.26879361 0.33994487 0.23321797 0.3438977
 0.32413346 0.28855786 0.32808632 0.32808632]",2.1657506362321928,0.9925680196793187,1.0074877,"[0.00432039 0.00375306 0.00397184 0.0025831  0.0046116  0.00119676
 0.00651623 0.00301756 0.00403988 0.00290089]",0.012417766,"[0.00429979 0.00374135 0.00396039 0.00257419 0.00459204 0.00119332
 0.00648287 0.00300876 0.00402423 0.00288877]",0.012366385,"[-2.06064433e-05 -1.17055606e-05 -1.14468858e-05 -8.91136006e-06
 -1.95624307e-05 -3.43727879e-06 -3.33613716e-05 -8.80123116e-06
 -1.56480819e-05 -1.21162739e-05]",5.2428066e-05,5.1384788e-05,1.0407009e-05,0.048456642643301504
8,45,0.1,1.0,-1.0,False,42,default,6291456,6912870400,"[0.00356207 0.00322544 0.00312949 0.00325983 0.00301769 0.00306674
 0.00297422 0.00314177 0.00300915 0.00319451]","[0.0012125 0.00085   0.001125  0.000875  0.0010875 0.000875  0.001
 0.000925  0.0009375 0.0011125]",0.006843690796428411,0.9938430304371128,0.0031850236,"[0.15663467 0.15263613 0.19280988 0.11225056 0.17220196 0.03777166
 0.22862071 0.12767825 0.16955107 0.11336009]",0.48872843,"[0.15657823 0.15258326 0.19274355 0.11221242 0.17218621 0.03775736
 0.22856274 0.12763369 0.16949977 0.11333066]",0.48858887,"[-5.64455986e-05 -5.28693199e-05 -6.63250685e-05 -3.81395221e-05
 -1.57505274e-05 -1.43088400e-05 -5.79655170e-05 -4.45544720e-05
 -5.13046980e-05 -2.94297934e-05]",0.00014536545,0.0001395639,4.0657575e-05,0.0
8,45,0.1,1.0,-2.0,False,42,default,6291456,6912870400,[1. 1. 1. 1. 1. 1. 1. 1. 1. 1.],"[0.33599201 0.37156764 0.26879361 0.33994487 0.23321797 0.3438977
 0.32413346 0.28855786 0.32808632 0.32808632]",2.1657506362321928,0.9925680196793187,1.0074877,"[0.15663467 0.15263613 0.19280988 0.11225056 0.17220196 0.03777166
 0.22862071 0.12767825 0.16955107 0.11336009]",0.48872843,"[0.15656175 0.15256406 0.19271809 0.11219568 0.17216009 0.03775863
 0.2285118  0.1276232  0.16948873 0.11331882]",0.48852146,"[-7.29262829e-05 -7.20620155e-05 -9.17911530e-05 -5.48809767e-05
 -4.18722630e-05 -1.30385160e-05 -1.08912587e-04 -5.50448895e-05
 -6.23464584e-05 -4.12687659e-05]",0.00021060409,0.0002069872,3.8863694e-05,0.0
8,33,0.1,1.0,-1.0,False,42,default,6291456,6912870400,"[0.00305791 0.00312469 0.00313019 0.00311719 0.00314895 0.00344249
 0.00318626 0.00312838 0.00315507 0.00311615]","[0.0012125 0.00085   0.001125  0.000875  0.0010875 0.000875  0.001
 0.000925  0.0009375 0.0011125]",0.006858309365306145,0.9906985697531825,0.0031850236,"[0.18679184 0.18238394 0.23061408 0.13389383 0.20646809 0.04536373
 0.27432641 0.15256937 0.20363086 0.13544782]",0.5850611,"[0.18670921 0.18229313 0.23053084 0.13383299 0.20640938 0.04534959
 0.27433449 0.15249895 0.20354289 0.13543448]",0.58488953,"[-8.26269388e-05 -9.08076763e-05 -8.32378864e-05 -6.08414412e-05
 -5.87105751e-05 -1.41374767e-05  8.07642937e-06 -7.04228878e-05
 -8.79764557e-05 -1.33365393e-05]",0.00020565165,0.0001715225,0.00011345765,0.0
8,33,0.1,1.0,-2.0,False,42,default,6291456,6912870400,[1. 1. 1. 1. 1. 1. 1. 1. 1. 1.],"[0.33599201 0.37156764 0.26879361 0.33994487 0.23321797 0.3438977
 0.32413346 0.28855786 0.32808632 0.32808632]",2.1657506362321928,0.9925680196793187,1.0074877,"[0.18679184 0.18238394 0.23061408 0.13389383 0.20646809 0.04536373
 0.27432641 0.15256937 0.20363086 0.13544782]",0.5850611,"[0.18665482 0.18224391 0.23048185 0.13380545 0.20636359 0.04532936
 0.2742424  0.15246604 0.20349996 0.13540028]",0.5847389,"[-1.37016177e-04 -1.40026212e-04 -1.32232904e-04 -8.83787870e-05
 -1.04501843e-04 -3.43658030e-05 -8.40127468e-05 -1.03324652e-04
 -1.30906701e-04 -4.75347042e-05]",0.00033601935,0.00032219145,9.5402895e-05,0.0
8,15,0.25,1.0,-1.0,False,42,default,6291456,6912870400,"[0.00302977 0.00310015 0.00300152 0.0030111  0.00363718 0.00356772
 0.00289513 0.00295665 0.00327208 0.00305712]","[0.0012125 0.00085   0.001125  0.000875  0.0010875 0.000875  0.001
 0.000925  0.0009375 0.0011125]",0.006866761387846162,0.9888774748417627,0.0031850236,"[0.31420356 0.30664694 0.38807011 0.22451352 0.34779322 0.07412631
 0.46283239 0.25591779 0.34252965 0.22723335]",0.98431957,"[0.31379667 0.30635694 0.38771212 0.22426216 0.34740824 0.07403523
 0.46220627 0.25564778 0.34216273 0.22698769]",0.98320895,"[-4.06891108e-04 -2.90006399e-04 -3.57985497e-04 -2.51352787e-04
 -3.84986401e-04 -9.10758972e-05 -6.26116991e-04 -2.70009041e-04
 -3.66926193e-04 -2.45660543e-04]",0.0011213458,0.0011105858,0.00015497094,0.0
8,15,0.25,1.0,-2.0,False,42,default,6291456,6912870400,[1. 1. 1. 1. 1. 1. 1. 1. 1. 1.],"[0.33599201 0.37156764 0.26879361 0.33994487 0.23321797 0.3438977
 0.32413346 0.28855786 0.32808632 0.32808632]",2.1657506362321928,0.9925680196793187,1.0074877,"[0.31420356 0.30664694 0.38807011 0.22451352 0.34779322 0.07412631
 0.46283239 0.25591779 0.34252965 0.22723335]",0.98431957,"[0.31374016 0.30629888 0.38767454 0.22423851 0.34735632 0.07402373
 0.46214017 0.25560182 0.34208146 0.22696032]",0.98305583,"[-0.0004634  -0.00034806 -0.00039557 -0.000275   -0.0004369  -0.00010258
 -0.00069222 -0.00031596 -0.0004482  -0.00027303]",0.00127429,0.0012637586,0.00016349184,0.0
8,52,0.25,1.0,-1.0,False,42,default,6291456,6912870400,"[0.00316408 0.0031591  0.00332174 0.0033376  0.00302689 0.00297972
 0.00312643 0.00324744 0.00315333 0.00308716]","[0.0012125 0.00085   0.001125  0.000875  0.0010875 0.000875  0.001
 0.000925  0.0009375 0.0011125]",0.0068517359256024275,0.9921133497651173,0.0031850236,"[0.25382349 0.24820843 0.31439897 0.1817728  0.28104231 0.06053024
 0.37358874 0.20738742 0.27680093 0.18388808]",0.7959788,"[0.25485331 0.24926384 0.31568518 0.18252067 0.28223714 0.0607899
 0.37517637 0.20825787 0.27798942 0.18467836]",0.7993245,"[0.00102982 0.0010554  0.00128621 0.00074787 0.00119483 0.00025966
 0.00158763 0.00087045 0.00118849 0.00079028]",0.0033464027,0.0033457351,6.684179e-05,0.0
8,52,0.25,1.0,-2.0,False,42,default,6291456,6912870400,[1. 1. 1. 1. 1. 1. 1. 1. 1. 1.],"[0.33599201 0.37156764 0.26879361 0.33994487 0.23321797 0.3438977
 0.32413346 0.28855786 0.32808632 0.32808632]",2.1657506362321928,0.9925680196793187,1.0074877,"[0.25382349 0.24820843 0.31439897 0.1817728  0.28104231 0.06053024
 0.37358874 0.20738742 0.27680093 0.18388808]",0.7959788,"[0.25491118 0.24931103 0.31575379 0.18254758 0.28228828 0.06080204
 0.37526476 0.20829001 0.27802736 0.18471093]",0.7994805,"[0.0010877  0.0011026  0.00135481 0.00077479 0.00124598 0.0002718
 0.00167602 0.00090259 0.00122643 0.00082286]",0.0035022686,0.0035017098,6.2568804e-05,0.027976455118293345
8,11,0.5,1.0,-1.0,False,42,default,6291456,6912870400,"[0.0033977  0.00338598 0.00301437 0.0032875  0.00304518 0.00290985
 0.00286317 0.00345788 0.00307439 0.00312245]","[0.0012125 0.00085   0.001125  0.000875  0.0010875 0.000875  0.001
 0.000925  0.0009375 0.0011125]",0.006860207252511674,0.9902898412789403,0.0031850236,"[0.34321555 0.33471677 0.42324093 0.24504529 0.37945911 0.08087883
 0.50495905 0.27954271 0.37336388 0.24805793]",1.0740596,"[0.33911365 0.33071509 0.41816783 0.2421187  0.37489828 0.07996361
 0.49887136 0.27620557 0.36888656 0.24506772]",1.0611771,"[-0.0041019  -0.00400168 -0.0050731  -0.00292659 -0.00456083 -0.00091522
 -0.00608769 -0.00333714 -0.00447732 -0.00299022]",0.012882678,0.0128824795,7.13639e-05,0.0
8,11,0.5,1.0,-2.0,False,42,default,6291456,6912870400,[1. 1. 1. 1. 1. 1. 1. 1. 1. 1.],"[0.33599201 0.37156764 0.26879361 0.33994487 0.23321797 0.3438977
 0.32413346 0.28855786 0.32808632 0.32808632]",2.1657506362321928,0.9925680196793187,1.0074877,"[0.34321555 0.33471677 0.42324093 0.24504529 0.37945911 0.08087883
 0.50495905 0.27954271 0.37336388 0.24805793]",1.0740596,"[0.33899808 0.33061868 0.41801962 0.2420277  0.37478444 0.07994267
 0.49869892 0.27610993 0.36873829 0.24497847]",1.0608112,"[-0.00421748 -0.00409809 -0.00522131 -0.00301759 -0.00467467 -0.00093617
 -0.00626013 -0.00343278 -0.00462559 -0.00307946]",0.013248796,0.01324853,8.4005536e-05,0.027976455118293345
8,55,0.5,1.0,-1.0,False,42,default,6291456,6912870400,"[0.00310918 0.00311236 0.00300311 0.00310462 0.00354578 0.00344446
 0.00293805 0.00312943 0.00310686 0.00307798]","[0.0012125 0.00085   0.001125  0.000875  0.0010875 0.000875  0.001
 0.000925  0.0009375 0.0011125]",0.006858879273989792,0.99057584625454,0.0031850236,"[0.2662051  0.2597945  0.32886189 0.1903363  0.294588   0.06314473
 0.39165613 0.21708407 0.28996077 0.19260986]",0.8337875,"[0.2661885  0.25982007 0.32894114 0.19033697 0.29463392 0.06314376
 0.39172593 0.21711507 0.28997213 0.19261898]",0.8338846,"[-1.65998936e-05  2.55703926e-05  7.92443752e-05  6.70552254e-07
  4.59253788e-05 -9.68575478e-07  6.97970390e-05  3.10093164e-05
  1.13546848e-05  9.11951065e-06]",0.00012395524,9.714351e-05,7.699374e-05,0.019782341029446364
8,55,0.5,1.0,-2.0,False,42,default,6291456,6912870400,[1. 1. 1. 1. 1. 1. 1. 1. 1. 1.],"[0.33599201 0.37156764 0.26879361 0.33994487 0.23321797 0.3438977
 0.32413346 0.28855786 0.32808632 0.32808632]",2.1657506362321928,0.9925680196793187,1.0074877,"[0.2662051  0.2597945  0.32886189 0.1903363  0.294588   0.06314473
 0.39165613 0.21708407 0.28996077 0.19260986]",0.8337875,"[0.26624143 0.25985518 0.32901761 0.19037072 0.29469126 0.06315752
 0.39177865 0.21717562 0.29000598 0.19264427]",0.8340298,"[3.63290310e-05 6.06775284e-05 1.55717134e-04 3.44216824e-05
 1.03265047e-04 1.27926469e-05 1.22517347e-04 9.15527344e-05
 4.52101231e-05 3.44067812e-05]",0.00026054124,0.00024229167,9.579396e-05,0.019782341029446364
8,6,0.75,1.0,-1.0,False,42,default,6291456,6912870400,"[0.00308013 0.00317177 0.00336403 0.00328235 0.00307872 0.00305612
 0.00314517 0.00318803 0.00311023 0.00313284]","[0.0012125 0.00085   0.001125  0.000875  0.0010875 0.000875  0.001
 0.000925  0.0009375 0.0011125]",0.006850913938172451,0.992290168011544,0.0031850236,"[0.2647635  0.25819561 0.32663575 0.18960328 0.29255283 0.06367411
 0.38849145 0.21572331 0.28798351 0.19177216]",0.8283838,"[0.26692632 0.26020545 0.32908607 0.19106343 0.29494986 0.06417134
 0.3916668  0.21740559 0.29028267 0.19325057]",0.83495545,"[0.00216281 0.00200984 0.00245032 0.00146015 0.00239703 0.00049723
 0.00317535 0.00168228 0.00229916 0.0014784 ]",0.0065750303,0.0065716333,0.00021132799,0.0
8,6,0.75,1.0,-2.0,False,42,default,6291456,6912870400,[1. 1. 1. 1. 1. 1. 1. 1. 1. 1.],"[0.33599201 0.37156764 0.26879361 0.33994487 0.23321797 0.3438977
 0.32413346 0.28855786 0.32808632 0.32808632]",2.1657506362321928,0.9925680196793187,1.0074877,"[0.2647635  0.25819561 0.32663575 0.18960328 0.29255283 0.06367411
 0.38849145 0.21572331 0.28798351 0.19177216]",0.8283838,"[0.26698703 0.26025242 0.32916337 0.19110823 0.29500589 0.0641888
 0.39176354 0.21745074 0.29035273 0.19329533]",0.8351432,"[0.00222352 0.00205681 0.00252762 0.00150494 0.00245306 0.00051469
 0.00327209 0.00172743 0.00236923 0.00152317]",0.0067627276,0.006759386,0.00021256415,0.0
8,21,0.75,1.0,-1.0,False,42,default,6291456,6912870400,"[0.00317296 0.0030965  0.00313608 0.00318947 0.00305015 0.00329636
 0.00317951 0.0032373  0.00306813 0.00318812]","[0.0012125 0.00085   0.001125  0.000875  0.0010875 0.000875  0.001
 0.000925  0.0009375 0.0011125]",0.006852088082767617,0.9920375905190364,0.0031850236,"[0.23818639 0.23236842 0.2937091  0.17045848 0.26298743 0.05703651
 0.34980214 0.19416709 0.25916198 0.17251721]",0.7452879,"[0.23683302 0.2310603  0.29205468 0.16954522 0.2614719  0.05667072
 0.3479405  0.19309455 0.25771427 0.17155148]",0.7411437,"[-0.00135337 -0.00130813 -0.00165442 -0.00091326 -0.00151554 -0.00036579
 -0.00186163 -0.00107254 -0.00144771 -0.00096573]",0.004145975,0.0041441615,0.00012262046,0.0
8,21,0.75,1.0,-2.0,False,42,default,6291456,6912870400,[1. 1. 1. 1. 1. 1. 1. 1. 1. 1.],"[0.33599201 0.37156764 0.26879361 0.33994487 0.23321797 0.3438977
 0.32413346 0.28855786 0.32808632 0.32808632]",2.1657506362321928,0.9925680196793187,1.0074877,"[0.23818639 0.23236842 0.2937091  0.17045848 0.26298743 0.05703651
 0.34980214 0.19416709 0.25916198 0.17251721]",0.7452879,"[0.23674437 0.23098595 0.29195762 0.16948467 0.26136565 0.05665879
 0.3477965  0.19303462 0.25764784 0.17150812]",0.7408854,"[-0.00144202 -0.00138247 -0.00175148 -0.00097381 -0.00162178 -0.00037773
 -0.00200564 -0.00113247 -0.00151414 -0.00100909]",0.004404024,0.0044025145,0.000115298324,0.0
8,57,0.9,1.0,-1.0,False,42,default,6291456,6912870400,"[0.00303245 0.00309769 0.00311524 0.00331221 0.00321059 0.00304503
 0.00307618 0.00314232 0.00325966 0.00331519]","[0.0012125 0.00085   0.001125  0.000875  0.0010875 0.000875  0.001
 0.000925  0.0009375 0.0011125]",0.006852246439601578,0.9920035220903137,0.0031850236,"[0.28567234 0.27956399 0.35393432 0.20495327 0.31622326 0.06814861
 0.42030182 0.23359138 0.3119857  0.20710647]",0.8961742,"[0.28549525 0.27928397 0.35340372 0.20473731 0.31587943 0.06808543
 0.41995391 0.23328212 0.31169263 0.20688352]",0.895248,"[-1.77085400e-04 -2.80022621e-04 -5.30600548e-04 -2.15962529e-04
 -3.43829393e-04 -6.31734729e-05 -3.47912312e-04 -3.09258699e-04
 -2.93076038e-04 -2.22951174e-04]",0.00095521874,0.0009262074,0.00023362954,0.0
8,57,0.9,1.0,-2.0,False,42,default,6291456,6912870400,[1. 1. 1. 1. 1. 1. 1. 1. 1. 1.],"[0.33599201 0.37156764 0.26879361 0.33994487 0.23321797 0.3438977
 0.32413346 0.28855786 0.32808632 0.32808632]",2.1657506362321928,0.9925680196793187,1.0074877,"[0.28567234 0.27956399 0.35393432 0.20495327 0.31622326 0.06814861
 0.42030182 0.23359138 0.3119857  0.20710647]",0.8961742,"[0.28545666 0.27920648 0.35334206 0.2046895  0.31579822 0.06805896
 0.41985559 0.23322825 0.31160316 0.20684172]",0.8950446,"[-2.15679407e-04 -3.57508659e-04 -5.92261553e-04 -2.63765454e-04
 -4.25040722e-04 -8.96453857e-05 -4.46230173e-04 -3.63126397e-04
 -3.82542610e-04 -2.64748931e-04]",0.0011535966,0.001129593,0.000234104,0.019782341029446364
8,32,0.9,1.0,-1.0,False,42,default,6291456,6912870400,"[0.00330406 0.00318481 0.0033458  0.0031793  0.00281869 0.00269476
 0.00332357 0.00339271 0.00313597 0.00316862]","[0.0012125 0.00085   0.001125  0.000875  0.0010875 0.000875  0.001
 0.000925  0.0009375 0.0011125]",0.006850237523218639,0.9924356561576404,0.0031850236,"[0.14425181 0.14117976 0.17823945 0.10406118 0.15925428 0.03556934
 0.21144585 0.11827549 0.15683119 0.10525336]",0.4520378,"[0.14430319 0.14123923 0.17838544 0.10410593 0.15935743 0.03555445
 0.21157651 0.11834624 0.15687531 0.10529996]",0.45228162,"[ 5.13792038e-05  5.94705343e-05  1.45986676e-04  4.47481871e-05
  1.03145838e-04 -1.48937106e-05  1.30653381e-04  7.07507133e-05
  4.41223383e-05  4.66033816e-05]",0.00025796625,0.00024378597,8.435035e-05,0.019782341029446364
8,32,0.9,1.0,-2.0,False,42,default,6291456,6912870400,[1. 1. 1. 1. 1. 1. 1. 1. 1. 1.],"[0.33599201 0.37156764 0.26879361 0.33994487 0.23321797 0.3438977
 0.32413346 0.28855786 0.32808632 0.32808632]",2.1657506362321928,0.9925680196793187,1.0074877,"[0.14425181 0.14117976 0.17823945 0.10406118 0.15925428 0.03556934
 0.21144585 0.11827549 0.15683119 0.10525336]",0.4520378,"[0.14442486 0.14129505 0.17846525 0.10417914 0.1594815  0.03559888
 0.21173452 0.11839201 0.15691245 0.10534993]",0.4525438,"[1.73047185e-04 1.15290284e-04 2.25797296e-04 1.17957592e-04
 2.27212906e-04 2.95341015e-05 2.88665295e-04 1.16519630e-04
 8.12560320e-05 9.65669751e-05]",0.00052293955,0.0005059774,0.00013210827,0.019782341029446364
14,29,0.1,1.0,-1.0,False,42,default,6291456,6912870400,"[0.00297427 0.00311608 0.0032132  0.0031619  0.00317269 0.00345431
 0.00308689 0.00312292 0.00314321 0.00315627]","[0.0012125 0.00085   0.001125  0.000875  0.0010875 0.000875  0.001
 0.000925  0.0009375 0.0011125]",0.0068599112652213195,0.9903535924648804,0.0031850236,"[0.4162192  0.41133612 0.5024119  0.34387398 0.46412635 0.18077087
 0.56071371 0.38105443 0.45935154 0.34161305]",1.3223085,"[0.41380662 0.40880367 0.49875596 0.34152955 0.46096319 0.17948304
 0.5573023  0.3785851  0.45594603 0.33946124]",1.3135793,"[-0.00241259 -0.00253245 -0.00365594 -0.00234443 -0.00316316 -0.00128783
 -0.00341141 -0.00246933 -0.00340551 -0.00215182]",0.0087591885,0.008729377,0.0007220565,0.019782341029446364
14,29,0.1,1.0,-2.0,False,42,default,6291456,6912870400,[1. 1. 1. 1. 1. 1. 1. 1. 1. 1.],"[0.33599201 0.37156764 0.26879361 0.33994487 0.23321797 0.3438977
 0.32413346 0.28855786 0.32808632 0.32808632]",2.1657506362321928,0.9925680196793187,1.0074877,"[0.4162192  0.41133612 0.5024119  0.34387398 0.46412635 0.18077087
 0.56071371 0.38105443 0.45935154 0.34161305]",1.3223085,"[0.4144001  0.40943027 0.49967417 0.34204876 0.46171188 0.17960836
 0.55818069 0.37918591 0.45663103 0.33994305]",1.3156329,"[-0.0018191  -0.00190586 -0.00273773 -0.00182521 -0.00241446 -0.00116251
 -0.00253302 -0.00186852 -0.0027205  -0.00167   ]",0.006711683,0.006675779,0.0006932961,0.027976455118293345
14,40,0.1,1.0,-1.0,False,42,default,6291456,6912870400,"[0.00303058 0.00339258 0.00317751 0.0032452  0.00312085 0.00329893
 0.00298252 0.00315656 0.00311855 0.00307747]","[0.0012125 0.00085   0.001125  0.000875  0.0010875 0.000875  0.001
 0.000925  0.0009375 0.0011125]",0.006865787360804407,0.9890874556030985,0.0031850236,"[0.37006128 0.37308064 0.45378083 0.30779898 0.42007682 0.16536891
 0.50006622 0.34246987 0.41449034 0.30623314]",1.1889222,"[0.36790988 0.37087125 0.45053795 0.30568793 0.41810316 0.16436952
 0.49785402 0.34060907 0.41222608 0.30424955]",1.1821724,"[-0.0021514  -0.0022094  -0.00324288 -0.00211105 -0.00197366 -0.00099939
 -0.0022122  -0.0018608  -0.00226426 -0.00198358]",0.0068406663,0.0067503066,0.0011081869,0.05233915627441309
14,40,0.1,1.0,-2.0,False,42,default,6291456,6912870400,[1. 1. 1. 1. 1. 1. 1. 1. 1. 1.],"[0.33599201 0.37156764 0.26879361 0.33994487 0.23321797 0.3438977
 0.32413346 0.28855786 0.32808632 0.32808632]",2.1657506362321928,0.9925680196793187,1.0074877,"[0.37006128 0.37308064 0.45378083 0.30779898 0.42007682 0.16536891
 0.50006622 0.34246987 0.41449034 0.30623314]",1.1889222,"[0.36785245 0.37082642 0.450519   0.30565917 0.41805291 0.16433537
 0.49774861 0.34058341 0.41216332 0.304221  ]",1.1820222,"[-0.00220883 -0.00225422 -0.00326183 -0.00213981 -0.00202391 -0.00103354
 -0.00231761 -0.00188646 -0.00232702 -0.00201213]",0.0069811833,0.0069003934,0.0010590062,0.048456642643301504
14,50,0.25,1.0,-1.0,False,42,default,6291456,6912870400,"[0.00285839 0.00315737 0.00314982 0.0028668  0.00337056 0.00406344
 0.00296422 0.00284011 0.00311821 0.00304507]","[0.0012125 0.00085   0.001125  0.000875  0.0010875 0.000875  0.001
 0.000925  0.0009375 0.0011125]",0.006891639871027681,0.9835040743345307,0.0031850236,"[0.47496793 0.4725484  0.57489485 0.39758402 0.53927362 0.22874275
 0.64443588 0.43788356 0.54189807 0.40182754]",1.5306115,"[0.47276145 0.46918276 0.57110405 0.39434788 0.53546137 0.22627777
 0.64078301 0.4344044  0.53721339 0.39860067]",1.5198741,"[-0.00220647 -0.00336564 -0.0037908  -0.00323614 -0.00381225 -0.00246498
 -0.00365287 -0.00347915 -0.00468469 -0.00322688]",0.010929556,0.010738746,0.0020333522,0.08156468806857739
14,50,0.25,1.0,-2.0,False,42,default,6291456,6912870400,[1. 1. 1. 1. 1. 1. 1. 1. 1. 1.],"[0.33599201 0.37156764 0.26879361 0.33994487 0.23321797 0.3438977
 0.32413346 0.28855786 0.32808632 0.32808632]",2.1657506362321928,0.9925680196793187,1.0074877,"[0.47496793 0.4725484  0.57489485 0.39758402 0.53927362 0.22874275
 0.64443588 0.43788356 0.54189807 0.40182754]",1.5306115,"[0.47286108 0.46928528 0.57131809 0.39444715 0.53563118 0.22626784
 0.64096451 0.43453193 0.53734595 0.39870486]",1.5202885,"[-0.00210685 -0.00326312 -0.00357676 -0.00313687 -0.00364244 -0.0024749
 -0.00347137 -0.00335163 -0.00455213 -0.00312269]",0.010529448,0.010324469,0.0020675082,0.08156468806857739
14,34,0.25,1.0,-1.0,False,42,default,6291456,6912870400,"[0.00322481 0.0031191  0.00321023 0.00327202 0.0030238  0.00318469
 0.00308567 0.00316191 0.00302065 0.00330624]","[0.0012125 0.00085   0.001125  0.000875  0.0010875 0.000875  0.001
 0.000925  0.0009375 0.0011125]",0.006847025607671399,0.9931263017726906,0.0031850236,"[0.44363084 0.43869671 0.52835852 0.37499824 0.495462   0.21159697
 0.59163791 0.41100359 0.49368638 0.37569138]",1.4153216,"[0.43903208 0.43339193 0.5220319  0.37007949 0.48945779 0.20823972
 0.5851652  0.40576497 0.48731184 0.37118328]",1.3983204,"[-0.00459877 -0.00530478 -0.00632662 -0.00491875 -0.00600421 -0.00335725
 -0.00647271 -0.00523862 -0.00637454 -0.00450811]",0.017062478,0.017001864,0.0014369198,0.059347025446578223
14,34,0.25,1.0,-2.0,False,42,default,6291456,6912870400,[1. 1. 1. 1. 1. 1. 1. 1. 1. 1.],"[0.33599201 0.37156764 0.26879361 0.33994487 0.23321797 0.3438977
 0.32413346 0.28855786 0.32808632 0.32808632]",2.1657506362321928,0.9925680196793187,1.0074877,"[0.44363084 0.43869671 0.52835852 0.37499824 0.495462   0.21159697
 0.59163791 0.41100359 0.49368638 0.37569138]",1.4153216,"[0.43898636 0.43333167 0.52203959 0.37002832 0.48938996 0.20818177
 0.58507895 0.40572065 0.48726964 0.37118846]",1.398182,"[-0.00464448 -0.00536504 -0.00631893 -0.00496992 -0.00607204 -0.0034152
 -0.00655895 -0.00528294 -0.00641674 -0.00450292]",0.017201668,0.017140236,0.0014524652,0.05595291190411357
14,18,0.5,1.0,-1.0,False,42,default,6291456,6912870400,"[0.00275335 0.0028824  0.00286649 0.00287769 0.00394925 0.00366339
 0.00313935 0.00300795 0.00333335 0.00292941]","[0.0012125 0.00085   0.001125  0.000875  0.0010875 0.000875  0.001
 0.000925  0.0009375 0.0011125]",0.006889842281017727,0.9838929796823818,0.0031850236,"[0.63224226 0.62582475 0.76407731 0.52939314 0.72865111 0.28264222
 0.87338257 0.5858922  0.72312403 0.52912182]",2.043336,"[0.62225544 0.61566222 0.75159717 0.52112019 0.71764266 0.27955809
 0.85988003 0.57698977 0.71226472 0.52086955]",2.0116677,"[-0.00998682 -0.01016253 -0.01248014 -0.00827295 -0.01100844 -0.00308412
 -0.01350254 -0.00890243 -0.01085931 -0.00825226]",0.031709667,0.031668965,0.0016062219,0.03956468264845247
14,18,0.5,1.0,-2.0,False,42,default,6291456,6912870400,[1. 1. 1. 1. 1. 1. 1. 1. 1. 1.],"[0.33599201 0.37156764 0.26879361 0.33994487 0.23321797 0.3438977
 0.32413346 0.28855786 0.32808632 0.32808632]",2.1657506362321928,0.9925680196793187,1.0074877,"[0.63224226 0.62582475 0.76407731 0.52939314 0.72865111 0.28264222
 0.87338257 0.5858922  0.72312403 0.52912182]",2.043336,"[0.62294203 0.61627185 0.75232834 0.52158374 0.71837801 0.27966779
 0.86077321 0.57748216 0.71298397 0.52133906]",2.0136368,"[-0.00930023 -0.0095529  -0.01174897 -0.0078094  -0.0102731  -0.00297442
 -0.01260936 -0.00841004 -0.01014006 -0.00778276]",0.02973681,0.02969983,0.0014826081,0.03956468264845247
14,25,0.5,1.0,-1.0,False,42,default,6291456,6912870400,"[0.00297311 0.00302866 0.00342041 0.00309415 0.00316545 0.00320284
 0.00304313 0.00296899 0.00346694 0.0032158 ]","[0.0012125 0.00085   0.001125  0.000875  0.0010875 0.000875  0.001
 0.000925  0.0009375 0.0011125]",0.006852064279475937,0.9920427114219141,0.0031850236,"[0.65636963 0.65560544 0.8157239  0.53781849 0.74646801 0.26446754
 0.91156149 0.59497648 0.74431825 0.54303849]",2.1157253,"[0.65527642 0.65452325 0.81492525 0.53624749 0.74426216 0.26283935
 0.91012967 0.59326231 0.74223745 0.54147494]",2.1111302,"[-0.00109321 -0.00108218 -0.00079864 -0.001571   -0.00220585 -0.00162819
 -0.00143182 -0.00171417 -0.0020808  -0.00156355]",0.0049751145,0.004595845,0.0019052492,0.059347025446578223
14,25,0.5,1.0,-2.0,False,42,default,6291456,6912870400,[1. 1. 1. 1. 1. 1. 1. 1. 1. 1.],"[0.33599201 0.37156764 0.26879361 0.33994487 0.23321797 0.3438977
 0.32413346 0.28855786 0.32808632 0.32808632]",2.1657506362321928,0.9925680196793187,1.0074877,"[0.65636963 0.65560544 0.8157239  0.53781849 0.74646801 0.26446754
 0.91156149 0.59497648 0.74431825 0.54303849]",2.1157253,"[0.65544212 0.65466958 0.81511223 0.5363574  0.74442905 0.26284435
 0.91039115 0.59340274 0.74239546 0.54158437]",2.1116223,"[-0.00092751 -0.00093585 -0.00061166 -0.00146109 -0.00203896 -0.00162318
 -0.00117034 -0.00157374 -0.00192279 -0.00145411]",0.004549173,0.0041037276,0.0019632615,0.05233915627441309
14,32,0.75,1.0,-1.0,False,42,default,6291456,6912870400,"[0.00250689 0.00252646 0.00247371 0.00259019 0.00396475 0.00433616
 0.00429783 0.00261858 0.00285028 0.00255543]","[0.0012125 0.00085   0.001125  0.000875  0.0010875 0.000875  0.001
 0.000925  0.0009375 0.0011125]",0.006999267508843344,0.9600341458351103,0.0031850236,"[0.49623242 0.48907712 0.59325284 0.41262403 0.58497763 0.24654083
 0.70377219 0.45943081 0.55567902 0.41017976]",1.6105995,"[0.48631099 0.47912753 0.58061129 0.40463254 0.57428646 0.24391156
 0.69035715 0.45081046 0.54505879 0.40238589]",1.5795641,"[-0.00992143 -0.00994959 -0.01264155 -0.00799149 -0.01069117 -0.00262927
 -0.01341504 -0.00862035 -0.01062024 -0.00779387]",0.03114681,0.031037388,0.002608435,0.09891171693842998
14,32,0.75,1.0,-2.0,False,42,default,6291456,6912870400,[1. 1. 1. 1. 1. 1. 1. 1. 1. 1.],"[0.33599201 0.37156764 0.26879361 0.33994487 0.23321797 0.3438977
 0.32413346 0.28855786 0.32808632 0.32808632]",2.1657506362321928,0.9925680196793187,1.0074877,"[0.49623242 0.48907712 0.59325284 0.41262403 0.58497763 0.24654083
 0.70377219 0.45943081 0.55567902 0.41017976]",1.6105995,"[0.48687625 0.47967774 0.58131945 0.40506923 0.57485449 0.2439903
 0.69103479 0.45126471 0.54561871 0.40278459]",1.5812165,"[-0.00935617 -0.00939938 -0.01193339 -0.0075548  -0.01012313 -0.00255053
 -0.01273739 -0.0081661  -0.01006031 -0.00739518]",0.029481776,0.02938466,0.0023909367,0.08846932694105811
14,16,0.75,1.0,-1.0,False,42,default,6291456,6912870400,"[0.002954   0.00314483 0.00308596 0.00310656 0.00320179 0.00348787
 0.00323564 0.00314472 0.00314708 0.00308716]","[0.0012125 0.00085   0.001125  0.000875  0.0010875 0.000875  0.001
 0.000925  0.0009375 0.0011125]",0.0068650140656016595,0.9892541413804657,0.0031850236,"[0.63950652 0.63781357 0.76790917 0.54156005 0.7276482  0.31073666
 0.86725581 0.59806561 0.7259782  0.54042059]",2.0624475,"[0.63541663 0.63330859 0.76255542 0.5378502  0.72282958 0.30882949
 0.86226249 0.59402227 0.72116619 0.5368135 ]",2.0489204,"[-0.00408989 -0.00450498 -0.00535375 -0.00370985 -0.00481862 -0.00190717
 -0.00499332 -0.00404334 -0.004812   -0.00360709]",0.01355553,0.013527355,0.0008735183,0.03956468264845247
14,16,0.75,1.0,-2.0,False,42,default,6291456,6912870400,[1. 1. 1. 1. 1. 1. 1. 1. 1. 1.],"[0.33599201 0.37156764 0.26879361 0.33994487 0.23321797 0.3438977
 0.32413346 0.28855786 0.32808632 0.32808632]",2.1657506362321928,0.9925680196793187,1.0074877,"[0.63950652 0.63781357 0.76790917 0.54156005 0.7276482  0.31073666
 0.86725581 0.59806561 0.7259782  0.54042059]",2.0624475,"[0.63551897 0.63345933 0.76269251 0.53794104 0.72304255 0.30886728
 0.86246717 0.59409827 0.72137851 0.53693014]",2.0493677,"[-0.00398755 -0.00435424 -0.00521666 -0.00361902 -0.00460565 -0.00186938
 -0.00478864 -0.00396734 -0.00459969 -0.00349045]",0.013110629,0.013079878,0.0008974441,0.0
14,20,0.9,1.0,-1.0,False,42,default,6291456,6912870400,"[0.0031785  0.00327107 0.00308026 0.00327274 0.00311024 0.00320721
 0.00303854 0.00322486 0.00324275 0.00298174]","[0.0012125 0.00085   0.001125  0.000875  0.0010875 0.000875  0.001
 0.000925  0.0009375 0.0011125]",0.0068616933775205126,0.9899697108511555,0.0031850236,"[0.92219919 0.92044163 1.11821198 0.77255452 1.06481159 0.41239679
 1.27744317 0.85580587 1.06435966 0.77110177]",2.9900703,"[0.90082896 0.8992939  1.09157097 0.75563627 1.04030609 0.40626329
 1.24680603 0.83681041 1.04042494 0.75418049]",2.9216557,"[-0.02137023 -0.02114773 -0.02664101 -0.01691824 -0.0245055  -0.0061335
 -0.03063715 -0.01899546 -0.02393472 -0.01692128]",0.06853237,0.06841761,0.003964741,0.07912937001338383
14,20,0.9,1.0,-2.0,False,42,default,6291456,6912870400,[1. 1. 1. 1. 1. 1. 1. 1. 1. 1.],"[0.33599201 0.37156764 0.26879361 0.33994487 0.23321797 0.3438977
 0.32413346 0.28855786 0.32808632 0.32808632]",2.1657506362321928,0.9925680196793187,1.0074877,"[0.92219919 0.92044163 1.11821198 0.77255452 1.06481159 0.41239679
 1.27744317 0.85580587 1.06435966 0.77110177]",2.9900703,"[0.89974904 0.8984043  1.09036458 0.75493813 1.03911781 0.4060688
 1.24515522 0.83608425 1.03940713 0.75346583]",2.918508,"[-0.02245015 -0.02203733 -0.02784741 -0.01761639 -0.02569377 -0.00632799
 -0.03228796 -0.01972163 -0.02495253 -0.01763594]",0.071699314,0.07156577,0.0043742196,0.08392937202498843
14,10,0.9,1.0,-1.0,False,42,default,6291456,6912870400,"[0.00284838 0.00327065 0.00320692 0.00324638 0.00302839 0.00303239
 0.00323226 0.00336559 0.00317452 0.0031855 ]","[0.0012125 0.00085   0.001125  0.000875  0.0010875 0.000875  0.001
 0.000925  0.0009375 0.0011125]",0.006867018642603782,0.9888220108854923,0.0031850236,"[0.81506258 0.8067838  0.97767138 0.69619119 0.93264121 0.37571055
 1.10785949 0.76629448 0.92355275 0.69395256]",2.6297925,"[0.81086802 0.80264199 0.97295541 0.69252485 0.92735791 0.37378192
 1.10156429 0.76188636 0.91848415 0.69032592]",2.6156754,"[-0.00419456 -0.00414181 -0.00471598 -0.00366634 -0.0052833  -0.00192863
 -0.0062952  -0.00440812 -0.0050686  -0.00362664]",0.014141026,0.014117278,0.00081921415,0.027976455118293345
14,10,0.9,1.0,-2.0,False,42,default,6291456,6912870400,[1. 1. 1. 1. 1. 1. 1. 1. 1. 1.],"[0.33599201 0.37156764 0.26879361 0.33994487 0.23321797 0.3438977
 0.32413346 0.28855786 0.32808632 0.32808632]",2.1657506362321928,0.9925680196793187,1.0074877,"[0.81506258 0.8067838  0.97767138 0.69619119 0.93264121 0.37571055
 1.10785949 0.76629448 0.92355275 0.69395256]",2.6297925,"[0.81127441 0.80306512 0.97345346 0.69283444 0.92795366 0.37384614
 1.10252547 0.76234156 0.91899908 0.69064921]",2.6172223,"[-0.00378817 -0.00371867 -0.00421792 -0.00335675 -0.00468755 -0.0018644
 -0.00533402 -0.00395292 -0.00455368 -0.00330335]",0.012586183,0.012570232,0.0006334737,0.0
2,49,0.1,0.01,0.0,False,100,default,6291456,6912870400,"[0.00313744 0.00329251 0.00339816 0.00321791 0.00302434 0.00305078
 0.00305076 0.00308689 0.00317947 0.00316458]","[0.0009    0.001025  0.0011125 0.0010375 0.001025  0.0010875 0.0009125
 0.0009125 0.000975  0.0010125]",0.0068388005247036684,0.9980971319184844,0.0031700255,"[0.00276148 0.00248619 0.00266481 0.00170371 0.00296685 0.00081116
 0.0040952  0.00200561 0.00261858 0.00187999]",0.008028412,"[0.00276148 0.00248619 0.00266482 0.00170371 0.00296685 0.00081116
 0.00409518 0.00200561 0.00261857 0.00187999]",0.008028406,"[-2.56113708e-09 -4.19095159e-09  3.49245965e-09  1.62981451e-09
  5.58793545e-09 -6.40284270e-10 -1.25728548e-08 -1.62981451e-09
 -1.62981451e-09 -1.62981451e-09]",1.538368e-08,6.407038e-09,1.3985974e-08,0.0
2,49,0.1,0.01,72.39617295717436,True,100,default,6291456,6912870400,[0.   0.   0.   0.   0.01 0.   0.   0.   0.   0.  ],[0.   0.   0.   0.   0.01 0.   0.   0.   0.   0.  ],2.2351741811588166e-10,0.99999999,0.01,"[0.00276148 0.00248619 0.00266481 0.00170371 0.00296685 0.00081116
 0.0040952  0.00200561 0.00261858 0.00187999]",0.008028412,"[0.00276149 0.00248619 0.00266481 0.00170371 0.00296685 0.00081116
 0.00409518 0.00200562 0.00261857 0.00187999]",0.008028397,"[ 1.62981451e-09 -3.49245965e-09  2.32830644e-10  3.49245965e-10
  9.31322575e-10  2.32830644e-10 -2.09547579e-08  1.62981451e-09
 -9.54605639e-09 -4.30736691e-09]",2.3819952e-08,1.4405688e-08,1.8970143e-08,0.027976455118293345
2,49,0.1,2.0,0.0,False,100,default,6291456,6912870400,"[0.62748778 0.65850292 0.67963208 0.64358107 0.60486712 0.61015565
 0.61015215 0.61737704 0.6358935  0.63291539]","[0.18000001 0.205      0.2225     0.2075     0.205      0.2175
 0.1825     0.1825     0.19499999 0.2025    ]",1.3677601053696398,0.9980971274002188,0.6340051,"[0.00276148 0.00248619 0.00266481 0.00170371 0.00296685 0.00081116
 0.0040952  0.00200561 0.00261858 0.00187999]",0.008028412,"[0.00276729 0.00248515 0.00266285 0.0017031  0.00297183 0.00080916
 0.00411037 0.00200292 0.00262128 0.00188187]",0.008039346,"[ 5.80609776e-06 -1.04634091e-06 -1.95740722e-06 -6.08968548e-07
  4.98560257e-06 -2.00211070e-06  1.51759014e-05 -2.69873999e-06
  2.70619057e-06  1.87079422e-06]",1.7784463e-05,1.0921839e-05,1.4035688e-05,0.10087055545943382
2,49,0.1,2.0,72.39617295717436,True,100,default,6291456,6912870400,[0. 0. 0. 0. 2. 0. 0. 0. 0. 0.],[0. 0. 0. 0. 2. 0. 0. 0. 0. 0.],0.0,0.99999999999975,2.0,"[0.00276148 0.00248619 0.00266481 0.00170371 0.00296685 0.00081116
 0.0040952  0.00200561 0.00261858 0.00187999]",0.008028412,"[0.00276153 0.00248222 0.00266012 0.00170089 0.00296583 0.00080858
 0.00409886 0.00200096 0.00261657 0.00187898]",0.008024223,"[ 4.21423465e-08 -3.96906398e-06 -4.69177030e-06 -2.81713437e-06
 -1.02026388e-06 -2.58203363e-06  3.66382301e-06 -4.65521589e-06
 -2.00420618e-06 -1.01723708e-06]",9.6725535e-06,4.1936323e-06,8.716176e-06,0.06561060592844098
2,31,0.1,0.01,0.0,False,100,default,6291456,6912870400,"[0.00303966 0.00316119 0.00335905 0.00315482 0.0031293  0.00321592
 0.00322336 0.00311965 0.00318691 0.00301958]","[0.0008625 0.001025  0.00105   0.0009875 0.0010625 0.001175  0.001
 0.0008625 0.0009875 0.0009875]",0.006839165625979711,0.9971098117573424,0.0031742617,"[0.00281202 0.00250043 0.00267356 0.00171938 0.00302245 0.0008064
 0.00420714 0.00201797 0.00265313 0.001899  ]",0.008152715,"[0.00281202 0.00250045 0.00267355 0.00171939 0.00302246 0.0008064
 0.00420716 0.002018   0.00265313 0.001899  ]",0.00815274,"[ 5.35510480e-09  1.81607902e-08 -1.39698386e-09  1.86264515e-09
  1.09430403e-08  2.32830644e-10  1.39698386e-08  2.98023224e-08
 -3.02679837e-09 -2.32830644e-09]",3.9769763e-08,2.4489989e-08,3.1334878e-08,0.0
2,31,0.1,0.01,72.42477289540113,True,100,default,6291456,6912870400,[0.   0.   0.   0.   0.   0.   0.   0.   0.   0.01],[0.   0.   0.   0.   0.   0.   0.   0.   0.   0.01],2.2351741811588166e-10,0.99999999,0.01,"[0.00281202 0.00250043 0.00267356 0.00171938 0.00302245 0.0008064
 0.00420714 0.00201797 0.00265313 0.001899  ]",0.008152715,"[0.00281202 0.00250043 0.00267355 0.00171938 0.00302245 0.0008064
 0.00420716 0.00201798 0.00265313 0.00189901]",0.008152732,"[ 4.42378223e-09  7.21774995e-09 -1.00117177e-08 -6.63567334e-09
  9.77888703e-09  1.16415322e-10  2.00234354e-08  6.05359674e-09
 -1.16415322e-09  9.08039510e-09]",2.8861141e-08,1.6261271e-08,2.3844004e-08,0.0
2,31,0.1,2.0,0.0,False,100,default,6291456,6912870400,"[0.60793209 0.63223894 0.67180973 0.63096449 0.62585978 0.64318362
 0.64467244 0.62393052 0.63738262 0.60391547]","[0.1725     0.205      0.20999999 0.19750001 0.21250001 0.235
 0.2        0.1725     0.19750001 0.19750001]",1.3678331138809852,0.9971097380783178,0.6348524,"[0.00281202 0.00250043 0.00267356 0.00171938 0.00302245 0.0008064
 0.00420714 0.00201797 0.00265313 0.001899  ]",0.008152715,"[0.00284292 0.00252985 0.00270356 0.00173814 0.0030569  0.00081404
 0.00425418 0.00204132 0.00268299 0.00191989]",0.008244356,"[3.09059396e-05 2.94216443e-05 3.00032552e-05 1.87524129e-05
 3.44549771e-05 7.63771823e-06 4.70345840e-05 2.33515166e-05
 2.98602972e-05 2.08863057e-05]",9.167093e-05,9.164067e-05,2.3554735e-06,0.0
2,31,0.1,2.0,72.42477289540113,True,100,default,6291456,6912870400,[0. 0. 0. 0. 0. 0. 0. 0. 0. 2.],[0. 0. 0. 0. 0. 0. 0. 0. 0. 2.],0.0,0.99999999999975,2.0,"[0.00281202 0.00250043 0.00267356 0.00171938 0.00302245 0.0008064
 0.00420714 0.00201797 0.00265313 0.001899  ]",0.008152715,"[0.0029024  0.00257359 0.00274721 0.00176816 0.00311809 0.00082503
 0.00435053 0.00207423 0.00273444 0.00195593]",0.008405734,"[9.03892796e-05 7.31633045e-05 7.36492220e-05 4.87746438e-05
 9.56405420e-05 1.86292455e-05 1.43388286e-04 5.62584028e-05
 8.13102815e-05 5.69305848e-05]",0.0002537678,0.0002529949,1.9791352e-05,0.1341703946898555
2,48,0.25,0.01,0.0,False,100,default,6291456,6912870400,"[0.00296171 0.00336769 0.00344767 0.0030755  0.00319598 0.00313739
 0.00293588 0.0031139  0.00320957 0.00314121]","[0.00085   0.00105   0.0010875 0.001     0.0011    0.001125  0.0008625
 0.0009375 0.000975  0.0010125]",0.006834638600411401,0.9978844446703525,0.0031751967,"[0.00314161 0.00272739 0.00289972 0.00187623 0.00336093 0.00086858
 0.00475366 0.00217856 0.00293883 0.00210719]",0.0090392325,"[0.00314161 0.00272738 0.00289971 0.00187623 0.00336095 0.00086858
 0.00475366 0.00217856 0.00293884 0.00210719]",0.0090392325,"[-4.42378223e-09 -2.32830644e-09 -9.77888703e-09 -1.16415322e-09
  1.44354999e-08  1.39698386e-09 -4.19095159e-09  6.28642738e-09
  3.25962901e-09 -3.49245965e-09]",2.0303046e-08,5.6032956e-10,2.0295314e-08,0.019782341029446364
2,48,0.25,0.01,72.9271191564849,True,100,default,6291456,6912870400,[0.   0.   0.   0.   0.   0.   0.01 0.   0.   0.  ],[0.   0.   0.   0.   0.   0.   0.01 0.   0.   0.  ],2.2351741811588166e-10,0.99999999,0.01,"[0.00314161 0.00272739 0.00289972 0.00187623 0.00336093 0.00086858
 0.00475366 0.00217856 0.00293883 0.00210719]",0.0090392325,"[0.00314161 0.00272738 0.00289972 0.00187624 0.00336094 0.00086858
 0.00475366 0.00217856 0.00293883 0.0021072 ]",0.009039232,"[-9.31322575e-10 -6.75208867e-09 -4.42378223e-09  6.28642738e-09
  3.95812094e-09 -6.98491931e-10 -1.86264515e-09  9.31322575e-10
  0.00000000e+00  3.25962901e-09]",1.1690324e-08,1.0658914e-09,1.1641631e-08,0.0
2,48,0.25,2.0,0.0,False,100,default,6291456,6912870400,"[0.59234212 0.67353843 0.68953328 0.61509978 0.63919653 0.6274785
 0.5871758  0.6227796  0.64191364 0.62824237]","[0.17       0.20999999 0.2175     0.2        0.22       0.22499999
 0.1725     0.1875     0.19499999 0.2025    ]",1.36692771793122,0.997884496947044,0.6350393,"[0.00314161 0.00272739 0.00289972 0.00187623 0.00336093 0.00086858
 0.00475366 0.00217856 0.00293883 0.00210719]",0.0090392325,"[0.0031086  0.0026963  0.00286758 0.0018553  0.00332419 0.00086031
 0.00470395 0.00215245 0.00290636 0.00208495]",0.008941087,"[-3.30123585e-05 -3.10884789e-05 -3.21439002e-05 -2.09372956e-05
 -3.67420726e-05 -8.26892210e-06 -4.97139990e-05 -2.61131208e-05
 -3.24693974e-05 -2.22411472e-05]",9.8227145e-05,9.814603e-05,3.990966e-06,0.03426402009603798
2,48,0.25,2.0,72.9271191564849,True,100,default,6291456,6912870400,[0. 0. 0. 0. 0. 0. 2. 0. 0. 0.],[0. 0. 0. 0. 0. 0. 2. 0. 0. 0.],0.0,0.99999999999975,2.0,"[0.00314161 0.00272739 0.00289972 0.00187623 0.00336093 0.00086858
 0.00475366 0.00217856 0.00293883 0.00210719]",0.0090392325,"[0.00312818 0.00271176 0.00288322 0.00186617 0.00334461 0.00086451
 0.00473558 0.00216483 0.00292368 0.00209722]",0.008995939,"[-1.34329312e-05 -1.56243332e-05 -1.65032689e-05 -1.00641046e-05
 -1.63232908e-05 -4.06836625e-06 -1.80844218e-05 -1.37276947e-05
 -1.51509885e-05 -9.97260213e-06]",4.3882912e-05,4.3295888e-05,7.153765e-06,0.044234660174789026
2,28,0.25,0.01,0.0,False,100,default,6291456,6912870400,"[0.00335778 0.00321289 0.00330376 0.00333296 0.00295572 0.0028722
 0.00310544 0.00315048 0.00310572 0.00319039]","[0.000975  0.0009875 0.001075  0.0010625 0.00105   0.0010125 0.0009125
 0.00095   0.00095   0.001025 ]",0.006843227876046582,0.9979152287543979,0.0031664253,"[0.00270295 0.0024119  0.00256903 0.00166507 0.0028921  0.00078966
 0.00400876 0.00194889 0.00254996 0.00184595]",0.007826975,"[0.00270293 0.00241189 0.00256904 0.00166507 0.00289212 0.00078966
 0.0040088  0.0019489  0.00254996 0.00184595]",0.007827,"[-1.65309757e-08 -5.82076609e-09  1.32713467e-08  1.16415322e-10
  2.02562660e-08 -9.89530236e-10  3.72529030e-08  1.19907781e-08
 -5.12227416e-09  4.65661287e-10]",4.9523774e-08,2.4769886e-08,4.2884224e-08,0.0
2,28,0.25,0.01,73.30838339149828,True,100,default,6291456,6912870400,[0.   0.   0.   0.   0.   0.01 0.   0.   0.   0.  ],[0.   0.   0.   0.   0.   0.01 0.   0.   0.   0.  ],2.2351741811588166e-10,0.99999999,0.01,"[0.00270295 0.0024119  0.00256903 0.00166507 0.0028921  0.00078966
 0.00400876 0.00194889 0.00254996 0.00184595]",0.007826975,"[0.00270294 0.0024119  0.00256904 0.00166506 0.0028921  0.00078966
 0.00400879 0.0019489  0.00254996 0.00184594]",0.007826982,"[-9.31322575e-09  6.98491931e-10  5.12227416e-09 -1.86264515e-09
 -1.39698386e-09 -1.80443749e-09  2.42143869e-08  9.08039510e-09
 -8.61473382e-09 -1.14087015e-08]",3.1548392e-08,6.7514616e-09,3.0817507e-08,0.0
2,28,0.25,2.0,0.0,False,100,default,6291456,6912870400,"[0.67155668 0.64257765 0.6607527  0.6665928  0.59114327 0.57444074
 0.62108825 0.63009554 0.62114381 0.63807708]","[0.19499999 0.19750001 0.215      0.21250001 0.20999999 0.2025
 0.1825     0.19       0.19       0.205     ]",1.3686455679132612,0.9979151920054421,0.6332851,"[0.00270295 0.0024119  0.00256903 0.00166507 0.0028921  0.00078966
 0.00400876 0.00194889 0.00254996 0.00184595]",0.007826975,"[0.002707   0.00241665 0.00257444 0.00166778 0.00289695 0.00079033
 0.00401378 0.0019529  0.00255458 0.00184812]",0.007839634,"[4.04776074e-06 4.74881381e-06 5.41261397e-06 2.71329191e-06
 4.85288911e-06 6.74743205e-07 5.01889735e-06 4.01015859e-06
 4.61237505e-06 2.16520857e-06]",1.2916369e-05,1.2658604e-05,2.5675643e-06,0.0
2,28,0.25,2.0,73.30838339149828,True,100,default,6291456,6912870400,[0. 0. 0. 0. 0. 2. 0. 0. 0. 0.],[0. 0. 0. 0. 0. 2. 0. 0. 0. 0.],0.0,0.99999999999975,2.0,"[0.00270295 0.0024119  0.00256903 0.00166507 0.0028921  0.00078966
 0.00400876 0.00194889 0.00254996 0.00184595]",0.007826975,"[0.0026897  0.00240214 0.00255863 0.00165833 0.00287792 0.00078673
 0.00398728 0.00194109 0.00253843 0.00183748]",0.0077903117,"[-1.32506248e-05 -9.76142474e-06 -1.03986822e-05 -6.73264731e-06
 -1.41735654e-05 -2.93017365e-06 -2.14846805e-05 -7.80413393e-06
 -1.15358271e-05 -8.46735202e-06]",3.6892667e-05,3.666448e-05,4.096922e-06,0.03426402009603798
2,7,0.5,0.01,0.0,False,100,default,6291456,6912870400,"[0.00298605 0.00325993 0.00318359 0.00305896 0.00314967 0.00329751
 0.00346165 0.00304697 0.00315489 0.00299159]","[0.00085   0.0010375 0.0009875 0.001025  0.001025  0.0012    0.0010875
 0.0008375 0.0009625 0.0009875]",0.00683496221770687,0.9971726532644456,0.0031781972,"[0.00257266 0.00229668 0.00246427 0.00158458 0.00276765 0.00077968
 0.00382181 0.00184633 0.0024434  0.00176272]",0.00747243,"[0.00257266 0.00229668 0.00246427 0.00158458 0.00276764 0.00077968
 0.0038218  0.00184634 0.0024434  0.00176272]",0.0074724266,"[-4.65661287e-10  2.32830644e-09 -1.62981451e-09  3.14321369e-09
 -3.49245965e-09  2.91038305e-10 -6.28642738e-09  3.49245965e-09
 -9.31322575e-10  4.65661287e-10]",9.124504e-09,3.1257916e-09,8.572397e-09,0.0
2,7,0.5,0.01,72.62615110004822,True,100,default,6291456,6912870400,"[1.00000000e-02 1.38777878e-19 1.38777878e-19 1.38777878e-19
 2.77555756e-19 2.77555756e-19 1.38777878e-19 1.38777878e-19
 1.38777878e-19 1.38777878e-19]",[0.01 0.   0.   0.   0.   0.   0.   0.   0.   0.  ],2.2351741811588166e-10,0.99999999,0.01,"[0.00257266 0.00229668 0.00246427 0.00158458 0.00276765 0.00077968
 0.00382181 0.00184633 0.0024434  0.00176272]",0.00747243,"[0.00257265 0.00229668 0.00246427 0.00158458 0.00276764 0.00077968
 0.00382179 0.00184633 0.0024434  0.00176272]",0.007472412,"[-8.38190317e-09  2.32830644e-10 -5.58793545e-09  2.32830644e-10
 -4.88944352e-09 -1.45519152e-09 -2.00234354e-08 -5.70435077e-09
  6.98491931e-10  2.32830644e-10]",2.3698812e-08,1.7937664e-08,1.5487863e-08,0.027976455118293345
2,7,0.5,2.0,0.0,False,100,default,6291456,6912870400,"[0.59721045 0.65198609 0.63671787 0.61179197 0.62993314 0.65950178
 0.69232919 0.60939364 0.63097722 0.59831749]","[0.17       0.2075     0.19750001 0.205      0.205      0.23999999
 0.2175     0.1675     0.1925     0.19750001]",1.3669924296292681,0.9971727210613714,0.6356394,"[0.00257266 0.00229668 0.00246427 0.00158458 0.00276765 0.00077968
 0.00382181 0.00184633 0.0024434  0.00176272]",0.00747243,"[0.002602   0.00232075 0.00249003 0.00160084 0.0027982  0.00078613
 0.00386662 0.00186532 0.00247077 0.00178181]",0.0075549227,"[2.93399207e-05 2.40670051e-05 2.57568900e-05 1.62632205e-05
 3.05492431e-05 6.44923421e-06 4.48133796e-05 1.89848943e-05
 2.73704063e-05 1.90830324e-05]",8.2612205e-05,8.249147e-05,4.464683e-06,0.03426402009603798
2,7,0.5,2.0,72.62615110004822,True,100,default,6291456,6912870400,"[2.00000000e+00 2.77555756e-17 2.77555756e-17 2.77555756e-17
 5.55111512e-17 5.55111512e-17 2.77555756e-17 2.77555756e-17
 2.77555756e-17 2.77555756e-17]",[2. 0. 0. 0. 0. 0. 0. 0. 0. 0.],1.0749688212373146e-16,0.99999999999975,2.0,"[0.00257266 0.00229668 0.00246427 0.00158458 0.00276765 0.00077968
 0.00382181 0.00184633 0.0024434  0.00176272]",0.00747243,"[0.0026333  0.0023442  0.00251376 0.0016171  0.00283066 0.00079219
 0.00391698 0.00188337 0.00249812 0.00180108]",0.0076405546,"[6.06363174e-05 4.75188717e-05 4.94879205e-05 3.25163128e-05
 6.30095601e-05 1.25140068e-05 9.51760449e-05 3.70326452e-05
 5.47256786e-05 3.83552397e-05]",0.00016871246,0.00016811126,1.4230115e-05,0.10467832346762979
2,14,0.5,0.01,0.0,False,100,default,6291456,6912870400,"[0.00333439 0.00316052 0.00339093 0.00330471 0.00283495 0.00269958
 0.00323234 0.00327536 0.00307645 0.00324164]","[0.0009625 0.0009875 0.0011125 0.0010375 0.0009875 0.0009375 0.001025
 0.0009625 0.0009375 0.00105  ]",0.006840863823093165,0.9983622774566596,0.0031667214,"[0.00231054 0.00209355 0.00223433 0.00144442 0.00247734 0.00068298
 0.00339706 0.00170518 0.00219046 0.00160019]",0.0067238472,"[0.00231055 0.00209354 0.00223433 0.00144442 0.00247735 0.00068298
 0.00339704 0.00170517 0.00219046 0.00160018]",0.006723844,"[ 4.19095159e-09 -2.56113708e-09  5.12227416e-09  3.37604433e-09
  5.82076609e-09 -7.56699592e-10 -1.35041773e-08 -3.37604433e-09
  3.49245965e-09 -8.26548785e-09]",1.9248086e-08,3.3703054e-09,1.8950722e-08,0.0
2,14,0.5,0.01,74.33823796516322,True,100,default,6291456,6912870400,[0.   0.   0.   0.   0.   0.01 0.   0.   0.   0.  ],[0.   0.   0.   0.   0.   0.01 0.   0.   0.   0.  ],2.2351741811588166e-10,0.99999999,0.01,"[0.00231054 0.00209355 0.00223433 0.00144442 0.00247734 0.00068298
 0.00339706 0.00170518 0.00219046 0.00160019]",0.0067238472,"[0.00231055 0.00209355 0.00223434 0.00144442 0.00247734 0.00068298
 0.00339705 0.00170518 0.00219046 0.00160019]",0.00672385,"[ 5.82076609e-09  1.16415322e-09  1.18743628e-08 -1.74622983e-09
 -1.16415322e-09 -5.82076609e-10 -7.45058060e-09  4.54019755e-09
 -4.65661287e-10 -1.16415322e-09]",1.6083442e-08,2.4037827e-09,1.5902796e-08,0.0
2,14,0.5,2.0,0.0,False,100,default,6291456,6912870400,"[0.66687735 0.63210479 0.67818576 0.66094276 0.56698982 0.53991581
 0.64646826 0.65507124 0.61529034 0.64832753]","[0.1925     0.19750001 0.2225     0.2075     0.19750001 0.1875
 0.205      0.1925     0.1875     0.20999999]",1.368172748341363,0.9983623259258454,0.6333443,"[0.00231054 0.00209355 0.00223433 0.00144442 0.00247734 0.00068298
 0.00339706 0.00170518 0.00219046 0.00160019]",0.0067238472,"[0.00233454 0.00211439 0.0022571  0.00145815 0.00250436 0.00068842
 0.00343527 0.00172228 0.0022125  0.00161561]",0.0067941057,"[2.39938963e-05 2.08495185e-05 2.27747951e-05 1.37300231e-05
 2.70192977e-05 5.44189243e-06 3.82128637e-05 1.71036227e-05
 2.20409129e-05 1.54247973e-05]",7.038291e-05,7.025705e-05,4.2074944e-06,0.03956468264845247
2,14,0.5,2.0,74.33823796516322,True,100,default,6291456,6912870400,[0. 0. 0. 0. 0. 2. 0. 0. 0. 0.],[0. 0. 0. 0. 0. 2. 0. 0. 0. 0.],0.0,0.99999999999975,2.0,"[0.00231054 0.00209355 0.00223433 0.00144442 0.00247734 0.00068298
 0.00339706 0.00170518 0.00219046 0.00160019]",0.0067238472,"[0.00232251 0.00210367 0.00224553 0.00145117 0.00249107 0.00068555
 0.00341729 0.00171361 0.00220188 0.00160764]",0.0067594643,"[1.19702891e-05 1.01285987e-05 1.11965928e-05 6.75150659e-06
 1.37332827e-05 2.56788917e-06 2.02350784e-05 8.43103044e-06
 1.14229042e-05 7.45593570e-06]",3.5758e-05,3.5615867e-05,3.1850109e-06,0.019782341029446364
2,4,0.75,0.01,0.0,False,100,default,6291456,6912870400,"[0.00315733 0.00326082 0.00334479 0.00307142 0.00317694 0.00298818
 0.00310101 0.00311125 0.00315949 0.00323673]","[0.0009125 0.0010125 0.00105   0.0010125 0.0011    0.00105   0.0009375
 0.000925  0.00095   0.00105  ]",0.006840593569707343,0.998102255357854,0.0031682013,"[0.0042555  0.00365615 0.00387059 0.00250645 0.00452164 0.00113793
 0.00642988 0.00291694 0.00393921 0.00283595]",0.012161107,"[0.00425554 0.00365613 0.00387061 0.00250645 0.00452164 0.00113794
 0.00642989 0.00291694 0.00393922 0.00283595]",0.012161131,"[ 3.44589353e-08 -1.44354999e-08  1.79279596e-08  7.91624188e-09
  4.19095159e-09  4.19095159e-09  9.31322575e-09 -4.65661287e-09
  8.84756446e-09  4.65661287e-09]",4.4982134e-08,2.4765207e-08,3.755099e-08,0.0
2,4,0.75,0.01,72.61339599753754,True,100,default,6291456,6912870400,[0.   0.   0.   0.   0.   0.01 0.   0.   0.   0.  ],[0.   0.   0.   0.   0.   0.01 0.   0.   0.   0.  ],2.2351741811588166e-10,0.99999999,0.01,"[0.0042555  0.00365615 0.00387059 0.00250645 0.00452164 0.00113793
 0.00642988 0.00291694 0.00393921 0.00283595]",0.012161107,"[0.00425551 0.00365612 0.00387061 0.00250645 0.00452162 0.00113793
 0.00642988 0.00291694 0.00393921 0.00283595]",0.012161098,"[ 1.35041773e-08 -2.30502337e-08  1.55996531e-08  1.39698386e-09
 -2.32830644e-08 -1.16415322e-09 -9.31322575e-10 -3.25962901e-09
 -3.25962901e-09  2.32830644e-10]",3.9046192e-08,7.9931475e-09,3.8219298e-08,0.0
2,4,0.75,2.0,0.0,False,100,default,6291456,6912870400,"[0.63146699 0.65216321 0.66895878 0.61428363 0.6353889  0.59763536
 0.62020141 0.6222493  0.63189802 0.6473455 ]","[0.1825     0.2025     0.20999999 0.2025     0.22       0.20999999
 0.1875     0.185      0.19       0.20999999]",1.3681187118218003,0.9981022460483542,0.6336403,"[0.0042555  0.00365615 0.00387059 0.00250645 0.00452164 0.00113793
 0.00642988 0.00291694 0.00393921 0.00283595]",0.012161107,"[0.00414976 0.00357274 0.0037849  0.00244971 0.00441161 0.00111531
 0.00626252 0.00285256 0.00384469 0.00276832]",0.011866725,"[-1.05736777e-04 -8.34113453e-05 -8.56877305e-05 -5.67357056e-05
 -1.10031571e-04 -2.26286938e-05 -1.67366583e-04 -6.43853564e-05
 -9.45210923e-05 -6.76326454e-05]",0.00029492966,0.00029439462,1.7756814e-05,0.08846932694105811
2,4,0.75,2.0,72.61339599753754,True,100,default,6291456,6912870400,[0. 0. 0. 0. 0. 2. 0. 0. 0. 0.],[0. 0. 0. 0. 0. 2. 0. 0. 0. 0.],0.0,0.99999999999975,2.0,"[0.0042555  0.00365615 0.00387059 0.00250645 0.00452164 0.00113793
 0.00642988 0.00291694 0.00393921 0.00283595]",0.012161107,"[0.00409914 0.00353624 0.00374791 0.00242486 0.00435938 0.0011061
 0.00618198 0.00282418 0.00380312 0.00273934]",0.011731279,"[-1.56360213e-04 -1.19904988e-04 -1.22682890e-04 -8.15866515e-05
 -1.62257813e-04 -3.18338862e-05 -2.47905031e-04 -9.27608926e-05
 -1.36093469e-04 -9.66107473e-05]",0.0004310345,0.00042986945,3.1670334e-05,0.1532333996180995
2,0,0.75,0.01,0.0,False,100,default,6291456,6912870400,"[0.00312754 0.00312561 0.00315272 0.00320095 0.00324082 0.00320669
 0.00329821 0.00314606 0.00315162 0.00296124]","[0.0009    0.0009875 0.000975  0.00105   0.001075  0.001175  0.001025
 0.0009    0.000925  0.0009875]",0.0068400884711563885,0.9972483651220723,0.0031726863,"[0.00297852 0.00266072 0.00283591 0.00184149 0.00320484 0.00088716
 0.00442906 0.00216096 0.00281267 0.0020359 ]",0.008647824,"[0.00297852 0.00266071 0.00283589 0.00184147 0.00320482 0.00088715
 0.00442905 0.00216094 0.00281268 0.0020359 ]",0.008647797,"[ 2.79396772e-09 -4.65661287e-09 -1.60653144e-08 -1.28056854e-08
 -1.55996531e-08 -4.42378223e-09 -1.67638063e-08 -1.97906047e-08
  8.84756446e-09 -5.12227416e-09]",3.8622527e-08,2.6559993e-08,2.804044e-08,0.0
2,0,0.75,0.01,72.77506120848895,True,100,default,6291456,6912870400,[0.   0.   0.   0.   0.   0.   0.   0.   0.   0.01],[0.   0.   0.   0.   0.   0.   0.   0.   0.   0.01],2.2351741811588166e-10,0.99999999,0.01,"[0.00297852 0.00266072 0.00283591 0.00184149 0.00320484 0.00088716
 0.00442906 0.00216096 0.00281267 0.0020359 ]",0.008647824,"[0.00297853 0.00266071 0.0028359  0.00184148 0.00320482 0.00088715
 0.00442908 0.00216096 0.00281271 0.00203591]",0.008647837,"[ 1.23400241e-08 -9.31322575e-10 -1.37370080e-08 -3.25962901e-09
 -1.51339918e-08 -2.21189111e-09  1.30385160e-08  3.02679837e-09
  3.74857336e-08  4.88944352e-09]",4.6847152e-08,1.3706552e-08,4.4797165e-08,0.0
2,0,0.75,2.0,0.0,False,100,default,6291456,6912870400,"[0.62550773 0.62512274 0.63054453 0.64019036 0.64816414 0.64133806
 0.65964182 0.62921113 0.63032454 0.59224764]","[0.18000001 0.19750001 0.19499999 0.20999999 0.215      0.235
 0.205      0.18000001 0.185      0.19750001]",1.368017683301314,0.9972484842651195,0.6345372,"[0.00297852 0.00266072 0.00283591 0.00184149 0.00320484 0.00088716
 0.00442906 0.00216096 0.00281267 0.0020359 ]",0.008647824,"[0.00293802 0.00263816 0.00281405 0.00182476 0.00316618 0.00088223
 0.00436114 0.00214539 0.0027809  0.0020133 ]",0.008547076,"[-4.04976308e-05 -2.25559343e-05 -2.18614005e-05 -1.67222461e-05
 -3.86626925e-05 -4.92343679e-06 -6.79260120e-05 -1.55677553e-05
 -3.17699742e-05 -2.26057600e-05]",0.00010393304,0.00010078556,2.5383977e-05,0.17017419378319848
2,0,0.75,2.0,72.77506120848895,True,100,default,6291456,6912870400,[0. 0. 0. 0. 0. 0. 0. 0. 0. 2.],[0. 0. 0. 0. 0. 0. 0. 0. 0. 2.],0.0,0.99999999999975,2.0,"[0.00297852 0.00266072 0.00283591 0.00184149 0.00320484 0.00088716
 0.00442906 0.00216096 0.00281267 0.0020359 ]",0.008647824,"[0.00297279 0.00266332 0.0028386  0.00184177 0.00320244 0.00088796
 0.00442083 0.00216355 0.00281122 0.00203428]",0.008642369,"[-5.73531725e-06  2.60584056e-06  2.68523581e-06  2.87778676e-07
 -2.39675865e-06  8.06408934e-07 -8.23754817e-06  2.59140506e-06
 -1.44401565e-06 -1.62515789e-06]",1.1518299e-05,5.4609177e-06,1.0141479e-05,0.07132624918176021
2,58,0.9,0.01,0.0,False,100,default,6291456,6912870400,"[0.0030464  0.00331408 0.00351347 0.00309718 0.00314161 0.00303531
 0.0030054  0.0030796  0.00315064 0.00320526]","[0.0008625 0.0010625 0.0011125 0.0009875 0.001125  0.00105   0.0008875
 0.000925  0.0009625 0.001025 ]",0.006836069449373263,0.9978400947505879,0.0031739662,"[0.00479515 0.0043587  0.00464855 0.00299681 0.00515691 0.00144665
 0.00710314 0.00350908 0.00457148 0.00331511]",0.01399731,"[0.00479514 0.00435871 0.00464855 0.00299682 0.0051569  0.00144666
 0.00710312 0.00350907 0.00457149 0.00331511]",0.013997301,"[-1.35041773e-08  1.02445483e-08  6.05359674e-09  1.16415322e-08
 -8.38190317e-09  3.14321369e-09 -1.53668225e-08 -1.04773790e-08
  6.98491931e-09 -1.86264515e-09]",3.0623426e-08,8.281129e-09,2.948249e-08,0.019782341029446364
2,58,0.9,0.01,72.50998188053615,True,100,default,6291456,6912870400,[0.   0.   0.   0.   0.   0.   0.01 0.   0.   0.  ],[0.   0.   0.   0.   0.   0.   0.01 0.   0.   0.  ],2.2351741811588166e-10,0.99999999,0.01,"[0.00479515 0.0043587  0.00464855 0.00299681 0.00515691 0.00144665
 0.00710314 0.00350908 0.00457148 0.00331511]",0.01399731,"[0.00479512 0.0043587  0.00464854 0.00299681 0.0051569  0.00144665
 0.00710312 0.00350908 0.00457148 0.0033151 ]",0.0139972875,"[-2.56113708e-08  6.51925802e-09 -2.32830644e-09  3.72529030e-09
 -1.62981451e-08  1.86264515e-09 -1.25728548e-08 -7.21774995e-09
  4.65661287e-09 -1.37370080e-08]",3.7515367e-08,2.2453897e-08,3.0053705e-08,0.0
2,58,0.9,2.0,0.0,False,100,default,6291456,6912870400,"[0.60927982 0.66281583 0.70269373 0.61943566 0.62832136 0.60706174
 0.60107928 0.61592021 0.63012705 0.64105263]","[0.1725     0.21250001 0.2225     0.19750001 0.22499999 0.20999999
 0.17749999 0.185      0.1925     0.205     ]",1.367213880683018,0.9978400732622592,0.6347933,"[0.00479515 0.0043587  0.00464855 0.00299681 0.00515691 0.00144665
 0.00710314 0.00350908 0.00457148 0.00331511]",0.01399731,"[0.00483716 0.00440123 0.00470054 0.00302429 0.00520685 0.00145887
 0.00717098 0.00354704 0.00461427 0.00334302]",0.014132288,"[4.20068391e-05 4.25288454e-05 5.19934110e-05 2.74840277e-05
 4.99384478e-05 1.22132478e-05 6.78445213e-05 3.79530247e-05
 4.27961349e-05 2.79031228e-05]",0.00013538235,0.00013497498,1.0494283e-05,0.044234660174789026
2,58,0.9,2.0,72.50998188053615,True,100,default,6291456,6912870400,[0. 0. 0. 0. 0. 0. 2. 0. 0. 0.],[0. 0. 0. 0. 0. 0. 2. 0. 0. 0.],0.0,0.99999999999975,2.0,"[0.00479515 0.0043587  0.00464855 0.00299681 0.00515691 0.00144665
 0.00710314 0.00350908 0.00457148 0.00331511]",0.01399731,"[0.00483978 0.004406   0.00470465 0.00302752 0.00521005 0.00146084
 0.00717348 0.0035515  0.00461665 0.00334524]",0.014141802,"[4.46294434e-05 4.73042019e-05 5.61047345e-05 3.07133887e-05
 5.31342812e-05 1.41886994e-05 7.03427941e-05 4.24168538e-05
 4.51668166e-05 3.01252585e-05]",0.00014505161,0.00014448623,1.27944895e-05,0.05233915627441309
2,57,0.9,0.01,0.0,False,100,default,6291456,6912870400,"[0.00296293 0.00306375 0.00316117 0.00303895 0.0034779  0.00326378
 0.0032405  0.00308117 0.00329367 0.00300259]","[0.00085   0.0009875 0.0009625 0.0009875 0.00115   0.0012    0.0009625
 0.000925  0.0009875 0.0009875]",0.006834729422938766,0.9974541208967453,0.0031771152,"[0.00432039 0.00375306 0.00397184 0.0025831  0.0046116  0.00119676
 0.00651623 0.00301756 0.00403988 0.00290089]",0.012417766,"[0.00432041 0.00375308 0.00397187 0.00258311 0.00461163 0.00119677
 0.00651625 0.0030176  0.00403989 0.00290091]",0.01241783,"[1.76951289e-08 2.16532499e-08 3.44589353e-08 1.18743628e-08
 2.88709998e-08 1.54832378e-08 1.76951289e-08 3.39932740e-08
 1.21071935e-08 1.60653144e-08]",7.111261e-08,6.364451e-08,3.1723488e-08,0.027976455118293345
2,57,0.9,0.01,72.76490420237334,True,100,default,6291456,6912870400,[0.01 0.   0.   0.   0.   0.   0.   0.   0.   0.  ],[0.01 0.   0.   0.   0.   0.   0.   0.   0.   0.  ],2.2351741811588166e-10,0.99999999,0.01,"[0.00432039 0.00375306 0.00397184 0.0025831  0.0046116  0.00119676
 0.00651623 0.00301756 0.00403988 0.00290089]",0.012417766,"[0.00432042 0.0037531  0.00397188 0.00258312 0.00461165 0.00119677
 0.00651628 0.0030176  0.0040399  0.00290091]",0.012417873,"[2.28174031e-08 4.26080078e-08 3.49245965e-08 2.23517418e-08
 4.93600965e-08 1.68802217e-08 5.72763383e-08 3.44589353e-08
 2.51457095e-08 1.93249434e-08]",1.1068208e-07,1.07718684e-07,2.5440258e-08,0.0
2,57,0.9,2.0,0.0,False,100,default,6291456,6912870400,"[0.59258628 0.61275077 0.63223305 0.60779063 0.69558079 0.65275572
 0.64809952 0.61623334 0.65873331 0.60051742]","[0.17       0.19750001 0.1925     0.19750001 0.23       0.23999999
 0.1925     0.185      0.19750001 0.19750001]",1.3669458587403134,0.9974540702903257,0.6354231,"[0.00432039 0.00375306 0.00397184 0.0025831  0.0046116  0.00119676
 0.00651623 0.00301756 0.00403988 0.00290089]",0.012417766,"[0.0043007  0.00374264 0.00396336 0.00257456 0.00459526 0.00119286
 0.00648655 0.0030105  0.00402577 0.00288949]",0.012372296,"[-1.96900219e-05 -1.04212668e-05 -8.47736374e-06 -8.53720121e-06
 -1.63381919e-05 -3.90142668e-06 -2.96812505e-05 -7.06012361e-06
 -1.41086057e-05 -1.13977585e-05]",4.6722485e-05,4.5474557e-05,1.0726347e-05,0.048456642643301504
2,57,0.9,2.0,72.76490420237334,True,100,default,6291456,6912870400,[2. 0. 0. 0. 0. 0. 0. 0. 0. 0.],[2. 0. 0. 0. 0. 0. 0. 0. 0. 0.],0.0,0.99999999999975,2.0,"[0.00432039 0.00375306 0.00397184 0.0025831  0.0046116  0.00119676
 0.00651623 0.00301756 0.00403988 0.00290089]",0.012417766,"[0.00444762 0.00385553 0.00407856 0.00265173 0.00474836 0.00122182
 0.00672108 0.00309691 0.00415586 0.0029809 ]",0.012777844,"[1.27229374e-04 1.02475984e-04 1.06723048e-04 6.86319545e-05
 1.36760063e-04 2.50653829e-05 2.04855110e-04 7.93451909e-05
 1.15979929e-04 8.00099224e-05]",0.0003608803,0.00036005554,2.4384517e-05,0.11014342980975618
8,45,0.1,0.01,0.0,False,100,default,6291456,6912870400,"[0.00356207 0.00322544 0.00312949 0.00325983 0.00301769 0.00306674
 0.00297422 0.00314177 0.00300915 0.00319451]","[0.0010875 0.0010125 0.0009875 0.0010125 0.0010875 0.00105   0.0008875
 0.0009    0.00095   0.001025 ]",0.006839513012916994,0.9981128487840563,0.003169237,"[0.15663467 0.15263613 0.19280988 0.11225056 0.17220196 0.03777166
 0.22862071 0.12767825 0.16955107 0.11336009]",0.48872843,"[0.15663487 0.15263627 0.19280997 0.11225051 0.17220175 0.03777166
 0.22862105 0.12767825 0.16955109 0.11336011]",0.48872867,"[ 1.93715096e-07  1.49011612e-07  8.94069672e-08 -5.21540642e-08
 -2.08616257e-07  0.00000000e+00  3.42726707e-07  0.00000000e+00
  1.49011612e-08  2.23517418e-08]",4.8181704e-07,2.2908812e-07,4.2387057e-07,0.0
8,45,0.1,0.01,72.69715518495107,True,100,default,6291456,6912870400,"[2.77555756e-19 2.77555756e-19 2.77555756e-19 4.16333634e-19
 2.77555756e-19 2.77555756e-19 1.00000000e-02 2.77555756e-19
 4.16333634e-19 2.77555756e-19]",[0.   0.   0.   0.   0.   0.   0.01 0.   0.   0.  ],2.2351741811588166e-10,0.99999999,0.01,"[0.15663467 0.15263613 0.19280988 0.11225056 0.17220196 0.03777166
 0.22862071 0.12767825 0.16955107 0.11336009]",0.48872843,"[0.15663512 0.15263616 0.19281    0.11225042 0.17220184 0.03777165
 0.22862089 0.12767823 0.16955107 0.11336014]",0.48872867,"[ 4.47034836e-07  2.98023224e-08  1.19209290e-07 -1.34110451e-07
 -1.19209290e-07 -1.49011612e-08  1.78813934e-07 -1.49011612e-08
  0.00000000e+00  5.21540642e-08]",5.3129486e-07,2.1750346e-07,4.8473333e-07,0.0
8,45,0.1,2.0,0.0,False,100,default,6291456,6912870400,"[0.71241475 0.64508717 0.62589757 0.65196642 0.60353867 0.61334801
 0.59484456 0.6283544  0.60183073 0.63890183]","[0.2175     0.2025     0.19750001 0.2025     0.2175     0.20999999
 0.17749999 0.18000001 0.19       0.205     ]",1.3679025998371686,0.9981129344261724,0.63384736,"[0.15663467 0.15263613 0.19280988 0.11225056 0.17220196 0.03777166
 0.22862071 0.12767825 0.16955107 0.11336009]",0.48872843,"[0.15711497 0.15311714 0.19338651 0.11259251 0.17282625 0.03788258
 0.22942582 0.12807138 0.17009299 0.11372678]",0.49031955,"[0.00048029 0.00048101 0.00057663 0.00034195 0.00062428 0.00011092
 0.00080511 0.00039314 0.00054191 0.00036669]",0.0015951191,0.0015911005,0.00011315725,0.0
8,45,0.1,2.0,72.69715518495107,True,100,default,6291456,6912870400,"[5.55111512e-17 5.55111512e-17 5.55111512e-17 8.32667268e-17
 5.55111512e-17 5.55111512e-17 2.00000000e+00 5.55111512e-17
 8.32667268e-17 5.55111512e-17]",[0. 0. 0. 0. 0. 0. 2. 0. 0. 0.],1.8824747269678055e-16,0.99999999999975,2.0,"[0.15663467 0.15263613 0.19280988 0.11225056 0.17220196 0.03777166
 0.22862071 0.12767825 0.16955107 0.11336009]",0.48872843,"[0.15757944 0.15354592 0.19392659 0.11290749 0.17329802 0.03799442
 0.23004723 0.12843718 0.17057969 0.11403142]",0.4916884,"[0.00094476 0.00090979 0.00111671 0.00065693 0.00109605 0.00022276
 0.00142652 0.00075893 0.00102861 0.00067133]",0.0029613348,0.002959914,9.171898e-05,0.019782341029446364
8,33,0.1,0.01,0.0,False,100,default,6291456,6912870400,"[0.00305791 0.00312469 0.00313019 0.00311719 0.00314895 0.00344249
 0.00318626 0.00312838 0.00315507 0.00311615]","[0.0008625 0.0010125 0.00095   0.001025  0.0010625 0.001225  0.0009625
 0.000925  0.0009625 0.0010125]",0.006834831514217442,0.9977270253871635,0.0031757378,"[0.18679184 0.18238394 0.23061408 0.13389383 0.20646809 0.04536373
 0.27432641 0.15256937 0.20363086 0.13544782]",0.5850611,"[0.18679075 0.18238425 0.23061253 0.13389377 0.20646803 0.04536376
 0.27432638 0.15256952 0.20363119 0.13544808]",0.5850604,"[-1.08778477e-06  3.12924385e-07 -1.54972076e-06 -5.96046448e-08
 -5.96046448e-08  2.98023224e-08 -2.98023224e-08  1.49011612e-07
  3.27825546e-07  2.68220901e-07]",1.9731524e-06,6.918854e-07,1.8478704e-06,0.0
8,33,0.1,0.01,72.19422347835044,True,100,default,6291456,6912870400,[0.01 0.   0.   0.   0.   0.   0.   0.   0.   0.  ],[0.01 0.   0.   0.   0.   0.   0.   0.   0.   0.  ],2.2351741638115818e-10,0.99999999,0.01,"[0.18679184 0.18238394 0.23061408 0.13389383 0.20646809 0.04536373
 0.27432641 0.15256937 0.20363086 0.13544782]",0.5850611,"[0.18679038 0.18238463 0.23059914 0.13389346 0.20646755 0.04536388
 0.27432892 0.1525701  0.20363098 0.13544708]",0.58505595,"[-1.46031380e-06  6.85453415e-07 -1.49458647e-05 -3.72529030e-07
 -5.36441803e-07  1.52736902e-07  2.50339508e-06  7.30156898e-07
  1.19209290e-07 -7.30156898e-07]",1.528982e-05,5.1698385e-06,1.43892785e-05,0.0
8,33,0.1,2.0,0.0,False,100,default,6291456,6912870400,"[0.61158259 0.62493861 0.62603869 0.62343869 0.62978991 0.68849734
 0.63725215 0.62567516 0.63101369 0.62323056]","[0.1725     0.2025     0.19       0.205      0.21250001 0.245
 0.1925     0.185      0.1925     0.2025    ]",1.3669662994271354,0.9977269506161444,0.63514763,"[0.18679184 0.18238394 0.23061408 0.13389383 0.20646809 0.04536373
 0.27432641 0.15256937 0.20363086 0.13544782]",0.5850611,"[0.18842468 0.18403971 0.23262331 0.1350555  0.2083845  0.04575717
 0.27693331 0.15386361 0.2054686  0.13669573]",0.59035164,"[0.00163284 0.00165577 0.00200923 0.00116166 0.00191641 0.00039345
 0.0026069  0.00129424 0.00183773 0.00124791]",0.0052940673,0.0052904855,0.00019471596,0.0
8,33,0.1,2.0,72.19422347835044,True,100,default,6291456,6912870400,[2. 0. 0. 0. 0. 0. 0. 0. 0. 0.],[2. 0. 0. 0. 0. 0. 0. 0. 0. 0.],2.220446049250313e-16,0.9999999999997501,2.0,"[0.18679184 0.18238394 0.23061408 0.13389383 0.20646809 0.04536373
 0.27432641 0.15256937 0.20363086 0.13544782]",0.5850611,"[0.19017877 0.18560751 0.23471685 0.13625525 0.21020079 0.04608525
 0.27937627 0.15521994 0.2072223  0.13788499]",0.59555143,"[0.00338693 0.00322357 0.00410277 0.00236142 0.0037327  0.00072153
 0.00504985 0.00265057 0.00359143 0.00243717]",0.010492382,0.010490303,0.00020885134,0.0
8,15,0.25,0.01,0.0,False,100,default,6291456,6912870400,"[0.00302977 0.00310015 0.00300152 0.0030111  0.00363718 0.00356772
 0.00289513 0.00295665 0.00327208 0.00305712]","[0.0008625 0.001     0.000925  0.0009625 0.0012    0.0013    0.0009125
 0.00085   0.001     0.0009875]",0.0068200611670374625,0.9975122501593869,0.0031915905,"[0.31420356 0.30664694 0.38807011 0.22451352 0.34779322 0.07412631
 0.46283239 0.25591779 0.34252965 0.22723335]",0.98431957,"[0.3142015  0.30664694 0.38806987 0.22451396 0.34779331 0.07412628
 0.46283165 0.25591755 0.34252927 0.22723174]",0.9843181,"[-2.05636024e-06  0.00000000e+00 -2.38418579e-07  4.47034836e-07
  8.94069672e-08 -2.98023224e-08 -7.45058060e-07 -2.38418579e-07
 -3.87430191e-07 -1.60932541e-06]",2.8011013e-06,1.5377515e-06,2.341258e-06,0.019782341029446364
8,15,0.25,0.01,73.17116824460231,True,100,default,6291456,6912870400,"[1.38777878e-19 2.77555756e-19 1.38777878e-19 1.38777878e-19
 1.38777878e-19 2.77555756e-19 1.00000000e-02 1.38777878e-19
 2.77555756e-19 1.38777878e-19]",[0.   0.   0.   0.   0.   0.   0.01 0.   0.   0.  ],2.2351741811588166e-10,0.99999999,0.01,"[0.31420356 0.30664694 0.38807011 0.22451352 0.34779322 0.07412631
 0.46283239 0.25591779 0.34252965 0.22723335]",0.98431957,"[0.31420168 0.30664665 0.3880699  0.22451365 0.34779325 0.0741263
 0.46283183 0.25591749 0.34252939 0.22723103]",0.9843179,"[-1.87754631e-06 -2.98023224e-07 -2.08616257e-07  1.34110451e-07
  2.98023224e-08 -1.49011612e-08 -5.66244125e-07 -2.98023224e-07
 -2.68220901e-07 -2.32458115e-06]",3.0921974e-06,1.7081331e-06,2.5775894e-06,0.0
8,15,0.25,2.0,0.0,False,100,default,6291456,6912870400,"[0.60595334 0.62002942 0.60030465 0.60221918 0.72743636 0.71354424
 0.57902698 0.59132996 0.65441537 0.61142339]","[0.1725     0.2        0.185      0.1925     0.23999999 0.25999999
 0.1825     0.17       0.2        0.19750001]",1.3640122228776412,0.9975122781560107,0.6383181,"[0.31420356 0.30664694 0.38807011 0.22451352 0.34779322 0.07412631
 0.46283239 0.25591779 0.34252965 0.22723335]",0.98431957,"[0.31302434 0.30559683 0.38693053 0.22371364 0.34652743 0.07387558
 0.46100101 0.25508472 0.34126002 0.22650398]",0.9808303,"[-0.00117922 -0.00105011 -0.00113958 -0.00079988 -0.00126579 -0.00025073
 -0.00183138 -0.00083306 -0.00126964 -0.00072937]",0.0035055333,0.0034893292,0.00033667276,0.0
8,15,0.25,2.0,73.17116824460231,True,100,default,6291456,6912870400,"[2.77555756e-17 5.55111512e-17 2.77555756e-17 2.77555756e-17
 2.77555756e-17 5.55111512e-17 2.00000000e+00 2.77555756e-17
 5.55111512e-17 2.77555756e-17]",[0. 0. 0. 0. 0. 0. 2. 0. 0. 0.],1.1775693440128312e-16,0.99999999999975,2.0,"[0.31420356 0.30664694 0.38807011 0.22451352 0.34779322 0.07412631
 0.46283239 0.25591779 0.34252965 0.22723335]",0.98431957,"[0.31201509 0.30452353 0.38553318 0.22296761 0.34532288 0.07363734
 0.4594712  0.25420091 0.34007618 0.22570564]",0.9774638,"[-0.00218847 -0.00212342 -0.00253692 -0.00154591 -0.00247034 -0.00048897
 -0.0033612  -0.00171688 -0.00245348 -0.00152771]",0.006860362,0.006855849,0.00024881415,0.019782341029446364
8,52,0.25,0.01,0.0,False,100,default,6291456,6912870400,"[0.00316408 0.0031591  0.00332174 0.0033376  0.00302689 0.00297972
 0.00312643 0.00324744 0.00315333 0.00308716]","[0.000925  0.0009625 0.0010625 0.0010875 0.00105   0.00105   0.0009375
 0.00095   0.000975  0.001    ]",0.006841672580622453,0.9981025747432091,0.0031671163,"[0.25382349 0.24820843 0.31439897 0.1817728  0.28104231 0.06053024
 0.37358874 0.20738742 0.27680093 0.18388808]",0.7959788,"[0.25382262 0.24820808 0.31439975 0.18177409 0.281041   0.06053011
 0.37359014 0.20738736 0.27680069 0.18388808]",0.7959791,"[-8.64267349e-07 -3.57627869e-07  7.74860382e-07  1.29640102e-06
 -1.31130219e-06 -1.22934580e-07  1.40070915e-06 -5.96046448e-08
 -2.38418579e-07  0.00000000e+00]",2.6292448e-06,3.0162724e-07,2.6118862e-06,0.0
8,52,0.25,0.01,72.66416607021378,True,100,default,6291456,6912870400,"[5.55111512e-19 4.16333634e-19 5.55111512e-19 5.55111512e-19
 5.55111512e-19 1.00000000e-02 5.55111512e-19 5.55111512e-19
 4.16333634e-19 5.55111512e-19]",[0.   0.   0.   0.   0.   0.01 0.   0.   0.   0.  ],2.2351741811588166e-10,0.99999999,0.01,"[0.25382349 0.24820843 0.31439897 0.1817728  0.28104231 0.06053024
 0.37358874 0.20738742 0.27680093 0.18388808]",0.7959788,"[0.25382313 0.24820904 0.3143988  0.18177383 0.28104228 0.06053006
 0.37358913 0.20738743 0.27680042 0.18388778]",0.79597896,"[-3.57627869e-07  6.10947609e-07 -1.78813934e-07  1.02818012e-06
 -2.98023224e-08 -1.82539225e-07  3.87430191e-07  1.49011612e-08
 -5.06639481e-07 -2.98023224e-07]",1.4561311e-06,1.5692387e-07,1.4476507e-06,0.027976455118293345
8,52,0.25,2.0,0.0,False,100,default,6291456,6912870400,"[0.63281678 0.63181942 0.6643474  0.66751912 0.60537782 0.59594388
 0.62528615 0.64948721 0.63066524 0.61743131]","[0.185      0.1925     0.21250001 0.2175     0.20999999 0.20999999
 0.1875     0.19       0.19499999 0.2       ]",1.3683345102485693,0.9981026063973116,0.63342327,"[0.25382349 0.24820843 0.31439897 0.1817728  0.28104231 0.06053024
 0.37358874 0.20738742 0.27680093 0.18388808]",0.7959788,"[0.25421229 0.24862242 0.31493449 0.18206887 0.2815541  0.06067502
 0.37422472 0.2077449  0.27729243 0.18422706]",0.79734355,"[0.0003888  0.00041398 0.00053552 0.00029607 0.0005118  0.00014479
 0.00063598 0.00035748 0.0004915  0.00033899]",0.0013669792,0.0013647861,7.740393e-05,0.0
8,52,0.25,2.0,72.66416607021378,True,100,default,6291456,6912870400,"[1.11022302e-16 8.32667268e-17 1.11022302e-16 1.11022302e-16
 1.11022302e-16 2.00000000e+00 1.11022302e-16 1.11022302e-16
 8.32667268e-17 1.11022302e-16]",[0. 0. 0. 0. 0. 2. 0. 0. 0. 0.],3.1646225226420963e-16,0.99999999999975,2.0,"[0.25382349 0.24820843 0.31439897 0.1817728  0.28104231 0.06053024
 0.37358874 0.20738742 0.27680093 0.18388808]",0.7959788,"[0.25522202 0.24961361 0.31617135 0.18277973 0.28262961 0.06083942
 0.37567586 0.20858561 0.27838057 0.18494734]",0.80046266,"[0.00139853 0.00140518 0.00177237 0.00100693 0.0015873  0.00030918
 0.00208712 0.00119819 0.00157964 0.00105926]",0.004484393,0.0044838903,6.7145105e-05,0.0
8,11,0.5,0.01,0.0,False,100,default,6291456,6912870400,"[0.0033977  0.00338598 0.00301437 0.0032875  0.00304518 0.00290985
 0.00286317 0.00345788 0.00307439 0.00312245]","[0.0009875 0.0011125 0.000925  0.00105   0.001075  0.0010125 0.0008625
 0.001     0.0009625 0.0010125]",0.006840108555569953,0.9978784242356653,0.0031697298,"[0.34321555 0.33471677 0.42324093 0.24504529 0.37945911 0.08087883
 0.50495905 0.27954271 0.37336388 0.24805793]",1.0740596,"[0.34321576 0.33471608 0.42323929 0.24504474 0.37945792 0.08087843
 0.50495535 0.27954191 0.37336445 0.24805644]",1.0740561,"[ 2.08616257e-07 -6.85453415e-07 -1.63912773e-06 -5.51342964e-07
 -1.19209290e-06 -4.02331352e-07 -3.69548798e-06 -8.04662704e-07
  5.66244125e-07 -1.49011612e-06]",4.6831865e-06,3.46424e-06,3.151392e-06,0.0
8,11,0.5,0.01,73.36238881246136,True,100,default,6291456,6912870400,[0.   0.   0.   0.   0.   0.   0.01 0.   0.   0.  ],[0.   0.   0.   0.   0.   0.   0.01 0.   0.   0.  ],2.2351741811588166e-10,0.99999999,0.01,"[0.34321555 0.33471677 0.42324093 0.24504529 0.37945911 0.08087883
 0.50495905 0.27954271 0.37336388 0.24805793]",1.0740596,"[0.34321442 0.33471596 0.42323926 0.24504445 0.37945703 0.08087845
 0.50495476 0.27954161 0.37336418 0.24805647]",1.0740548,"[-1.13248825e-06 -8.04662704e-07 -1.66893005e-06 -8.34465027e-07
 -2.08616257e-06 -3.79979610e-07 -4.29153442e-06 -1.10268593e-06
  2.98023224e-07 -1.46031380e-06]",5.6358363e-06,4.7646117e-06,3.0101703e-06,0.0
8,11,0.5,2.0,0.0,False,100,default,6291456,6912870400,"[0.6795397  0.67719592 0.6028743  0.65750034 0.60903671 0.58197039
 0.57263477 0.69157645 0.61487881 0.62448986]","[0.19750001 0.2225     0.185      0.20999999 0.215      0.2025
 0.1725     0.2        0.1925     0.2025    ]",1.3680217075193657,0.9978785020285368,0.63394594,"[0.34321555 0.33471677 0.42324093 0.24504529 0.37945911 0.08087883
 0.50495905 0.27954271 0.37336388 0.24805793]",1.0740596,"[0.33207369 0.32401803 0.40964243 0.23720992 0.36733872 0.07830173
 0.48877725 0.27066866 0.36145142 0.2401045 ]",1.0396476,"[-0.01114187 -0.01069874 -0.0135985  -0.00783537 -0.0121204  -0.0025771
 -0.0161818  -0.00887406 -0.01191247 -0.00795344]",0.034412578,0.03441207,0.0001854677,0.0
8,11,0.5,2.0,73.36238881246136,True,100,default,6291456,6912870400,[0. 0. 0. 0. 0. 0. 2. 0. 0. 0.],[0. 0. 0. 0. 0. 0. 2. 0. 0. 0.],0.0,0.99999999999975,2.0,"[0.34321555 0.33471677 0.42324093 0.24504529 0.37945911 0.08087883
 0.50495905 0.27954271 0.37336388 0.24805793]",1.0740596,"[0.33184233 0.32368448 0.40916875 0.23694912 0.36680928 0.07831619
 0.48804694 0.27026555 0.36094967 0.23980853]",1.0383465,"[-0.01137322 -0.01103228 -0.01407218 -0.00809617 -0.01264983 -0.00256264
 -0.0169121  -0.00927716 -0.01241422 -0.0082494 ]",0.035713747,0.0357131,0.00021430213,0.0
8,55,0.5,0.01,0.0,False,100,default,6291456,6912870400,"[0.00310918 0.00311236 0.00300311 0.00310462 0.00354578 0.00344446
 0.00293805 0.00312943 0.00310686 0.00307798]","[0.000875  0.0010125 0.0009125 0.00105   0.0011875 0.0012125 0.0009125
 0.0008625 0.0009875 0.0009875]",0.006829336721732184,0.9973005853393194,0.003183257,"[0.2662051  0.2597945  0.32886189 0.1903363  0.294588   0.06314473
 0.39165613 0.21708407 0.28996077 0.19260986]",0.8337875,"[0.26620528 0.25979432 0.32886168 0.19033618 0.29458803 0.0631447
 0.3916561  0.21708414 0.28996098 0.19261007]",0.8337875,"[ 1.78813934e-07 -1.78813934e-07 -2.08616257e-07 -1.19209290e-07
  2.98023224e-08 -2.98023224e-08 -2.98023224e-08  7.45058060e-08
  2.08616257e-07  2.08616257e-07]",4.657656e-07,2.6291957e-08,4.6502294e-07,0.0
8,55,0.5,0.01,72.91407930810487,True,100,default,6291456,6912870400,"[1.38777878e-19 1.38777878e-19 1.38777878e-19 1.38777878e-19
 2.77555756e-19 2.77555756e-19 1.00000000e-02 2.77555756e-19
 1.38777878e-19 1.38777878e-19]",[0.   0.   0.   0.   0.   0.   0.01 0.   0.   0.  ],2.2351741811588166e-10,0.99999999,0.01,"[0.2662051  0.2597945  0.32886189 0.1903363  0.294588   0.06314473
 0.39165613 0.21708407 0.28996077 0.19260986]",0.8337875,"[0.26620534 0.25979453 0.32886201 0.19033626 0.294588   0.06314473
 0.39165604 0.21708402 0.28996119 0.19261007]",0.83378774,"[ 2.38418579e-07  2.98023224e-08  1.19209290e-07 -4.47034836e-08
  0.00000000e+00  0.00000000e+00 -8.94069672e-08 -4.47034836e-08
  4.17232513e-07  2.08616257e-07]",5.4912346e-07,2.6187345e-07,4.826581e-07,0.019782341029446364
8,55,0.5,2.0,0.0,False,100,default,6291456,6912870400,"[0.62183583 0.62247128 0.60062228 0.62092328 0.70915551 0.68889285
 0.5876109  0.62588552 0.62137259 0.61559632]","[0.175      0.2025     0.1825     0.20999999 0.2375     0.24250001
 0.1825     0.1725     0.19750001 0.19750001]",1.3658673328936926,0.9973006608884838,0.6366514,"[0.2662051  0.2597945  0.32886189 0.1903363  0.294588   0.06314473
 0.39165613 0.21708407 0.28996077 0.19260986]",0.8337875,"[0.26655513 0.26020619 0.32936096 0.19059503 0.29503912 0.06320399
 0.39225417 0.2174077  0.29035825 0.19289197]",0.8350159,"[3.50028276e-04 4.11689281e-04 4.99069691e-04 2.58728862e-04
 4.51117754e-04 5.92619181e-05 5.98043203e-04 3.23638320e-04
 3.97473574e-04 2.82108784e-04]",0.0012308558,0.0012283862,7.793294e-05,0.019782341029446364
8,55,0.5,2.0,72.91407930810487,True,100,default,6291456,6912870400,"[2.77555756e-17 2.77555756e-17 2.77555756e-17 2.77555756e-17
 5.55111512e-17 5.55111512e-17 2.00000000e+00 5.55111512e-17
 2.77555756e-17 2.77555756e-17]",[0. 0. 0. 0. 0. 0. 2. 0. 0. 0.],1.1775693440128312e-16,0.99999999999975,2.0,"[0.2662051  0.2597945  0.32886189 0.1903363  0.294588   0.06314473
 0.39165613 0.21708407 0.28996077 0.19260986]",0.8337875,"[0.26791164 0.26145306 0.33103004 0.19152144 0.29643714 0.06351662
 0.39420557 0.21847846 0.29174522 0.19382174]",0.8391174,"[0.00170654 0.00165856 0.00216815 0.00118513 0.00184914 0.00037189
 0.00254944 0.00139439 0.00178444 0.00121188]",0.0053313235,0.0053299326,0.00012177429,0.0
8,6,0.75,0.01,0.0,False,100,default,6291456,6912870400,"[0.00308013 0.00317177 0.00336403 0.00328235 0.00307872 0.00305612
 0.00314517 0.00318803 0.00311023 0.00313284]","[0.0008625 0.001025  0.0010625 0.00105   0.0010875 0.0010625 0.00095
 0.000925  0.0009625 0.0010125]",0.0068406883109924715,0.9977533129559996,0.0031697298,"[0.2647635  0.25819561 0.32663575 0.18960328 0.29255283 0.06367411
 0.38849145 0.21572331 0.28798351 0.19177216]",0.8283838,"[0.26476517 0.2581965  0.32663506 0.18960321 0.29255256 0.06367463
 0.38849017 0.21572265 0.2879836  0.19177158]",0.82838345,"[ 1.66893005e-06  8.94069672e-07 -6.85453415e-07 -7.45058060e-08
 -2.68220901e-07  5.21540642e-07 -1.28149986e-06 -6.55651093e-07
  8.94069672e-08 -5.81145287e-07]",2.611872e-06,4.0507115e-07,2.5802701e-06,0.0
8,6,0.75,0.01,72.20500250453111,True,100,default,6291456,6912870400,[0.   0.   0.   0.   0.   0.01 0.   0.   0.   0.  ],[0.   0.   0.   0.   0.   0.01 0.   0.   0.   0.  ],2.2351741811588166e-10,0.99999999,0.01,"[0.2647635  0.25819561 0.32663575 0.18960328 0.29255283 0.06367411
 0.38849145 0.21572331 0.28798351 0.19177216]",0.8283838,"[0.26476362 0.25819674 0.32663628 0.18960316 0.2925525  0.06367404
 0.38849044 0.21572269 0.28798342 0.19177173]",0.8283835,"[ 1.19209290e-07  1.13248825e-06  5.36441803e-07 -1.19209290e-07
 -3.27825546e-07 -6.70552254e-08 -1.01327896e-06 -6.10947609e-07
 -8.94069672e-08 -4.32133675e-07]",1.8180791e-06,3.1103502e-07,1.7912757e-06,0.0
8,6,0.75,2.0,0.0,False,100,default,6291456,6912870400,"[0.61602597 0.63435327 0.67280585 0.65646972 0.61574371 0.61122435
 0.6290336  0.63760526 0.62204538 0.62656844]","[0.1725     0.205      0.21250001 0.20999999 0.2175     0.21250001
 0.19       0.185      0.1925     0.2025    ]",1.3681376626143782,0.9977533844310745,0.63394594,"[0.2647635  0.25819561 0.32663575 0.18960328 0.29255283 0.06367411
 0.38849145 0.21572331 0.28798351 0.19177216]",0.8283838,"[0.26931527 0.26245499 0.33195701 0.19274792 0.29760945 0.06466305
 0.39521274 0.21931042 0.29285628 0.19495967]",0.8423642,"[0.00455177 0.00425938 0.00532126 0.00314464 0.00505662 0.00098894
 0.00672129 0.00358711 0.00487277 0.00318751]",0.013984279,0.013980333,0.00033225157,0.019782341029446364
8,6,0.75,2.0,72.20500250453111,True,100,default,6291456,6912870400,[0. 0. 0. 0. 0. 2. 0. 0. 0. 0.],[0. 0. 0. 0. 0. 2. 0. 0. 0. 0.],0.0,0.99999999999975,2.0,"[0.2647635  0.25819561 0.32663575 0.18960328 0.29255283 0.06367411
 0.38849145 0.21572331 0.28798351 0.19177216]",0.8283838,"[0.26480955 0.25816324 0.32655072 0.18958555 0.29260081 0.06367693
 0.38856032 0.21571867 0.28801566 0.19175954]",0.8284074,"[ 4.60445881e-05 -3.23653221e-05 -8.50260258e-05 -1.77323818e-05
  4.79817390e-05  2.82377005e-06  6.88731670e-05 -4.63426113e-06
  3.21567059e-05 -1.26212835e-05]",0.00013776807,2.3556458e-05,0.00013573922,0.0
8,21,0.75,0.01,0.0,False,100,default,6291456,6912870400,"[0.00317296 0.0030965  0.00313608 0.00318947 0.00305015 0.00329636
 0.00317951 0.0032373  0.00306813 0.00318812]","[0.000925  0.0009625 0.000975  0.00105   0.0010125 0.0011875 0.0009625
 0.00095   0.0009625 0.0010125]",0.0068387161860314636,0.9980517930033338,0.0031703212,"[0.23818639 0.23236842 0.2937091  0.17045848 0.26298743 0.05703651
 0.34980214 0.19416709 0.25916198 0.17251721]",0.7452879,"[0.23818626 0.2323693  0.29370925 0.17045869 0.26298729 0.05703659
 0.34980267 0.19416781 0.25916269 0.17251749]",0.74528897,"[-1.34110451e-07  8.79168510e-07  1.49011612e-07  2.08616257e-07
 -1.49011612e-07  7.82310963e-08  5.36441803e-07  7.15255737e-07
  7.15255737e-07  2.83122063e-07]",1.508669e-06,1.0434709e-06,1.0896104e-06,0.0
8,21,0.75,0.01,72.24092614791743,True,100,default,6291456,6912870400,"[0.00000000e+00 0.00000000e+00 0.00000000e+00 0.00000000e+00
 1.00000000e-02 0.00000000e+00 1.38777878e-19 0.00000000e+00
 0.00000000e+00 0.00000000e+00]",[0.   0.   0.   0.   0.01 0.   0.   0.   0.   0.  ],2.2351741811588166e-10,0.99999999,0.01,"[0.23818639 0.23236842 0.2937091  0.17045848 0.26298743 0.05703651
 0.34980214 0.19416709 0.25916198 0.17251721]",0.7452879,"[0.23818618 0.23236841 0.29370925 0.17045772 0.2629877  0.05703647
 0.3498022  0.19416602 0.25916088 0.17251731]",0.7452872,"[-2.08616257e-07 -1.49011612e-08  1.49011612e-07 -7.59959221e-07
  2.68220901e-07 -3.72529030e-08  5.96046448e-08 -1.07288361e-06
 -1.10268593e-06  1.04308128e-07]",1.760183e-06,7.054479e-07,1.6126337e-06,0.027976455118293345
8,21,0.75,2.0,0.0,False,100,default,6291456,6912870400,"[0.63459269 0.61929967 0.62721524 0.63789338 0.61003025 0.65927242
 0.63590187 0.6474597  0.61362508 0.63762458]","[0.185      0.1925     0.19499999 0.20999999 0.2025     0.2375
 0.1925     0.19       0.1925     0.2025    ]",1.3677432249936752,0.9980518259586927,0.63406426,"[0.23818639 0.23236842 0.2937091  0.17045848 0.26298743 0.05703651
 0.34980214 0.19416709 0.25916198 0.17251721]",0.7452879,"[0.2381206  0.23241688 0.29376474 0.17051324 0.26299697 0.0570824
 0.34992665 0.19422702 0.25919932 0.1725942 ]",0.74542814,"[-6.57886267e-05  4.84585762e-05  5.56409359e-05  5.47617674e-05
  9.53674316e-06  4.58881259e-05  1.24514103e-04  5.99324703e-05
  3.73423100e-05  7.69942999e-05]",0.0002034356,0.00014027499,0.00014733966,0.0
8,21,0.75,2.0,72.24092614791743,True,100,default,6291456,6912870400,"[0.00000000e+00 0.00000000e+00 0.00000000e+00 0.00000000e+00
 2.00000000e+00 0.00000000e+00 2.77555756e-17 0.00000000e+00
 0.00000000e+00 0.00000000e+00]",[0. 0. 0. 0. 2. 0. 0. 0. 0. 0.],2.7755575615628914e-17,0.99999999999975,2.0,"[0.23818639 0.23236842 0.2937091  0.17045848 0.26298743 0.05703651
 0.34980214 0.19416709 0.25916198 0.17251721]",0.7452879,"[0.23678613 0.23111662 0.29210865 0.16955976 0.26144335 0.05673604
 0.34781262 0.1931075  0.25773033 0.17155458]",0.7411155,"[-0.00140026 -0.0012518  -0.00160044 -0.00089872 -0.00154409 -0.00030047
 -0.00198951 -0.00105959 -0.00143164 -0.00096263]",0.004174747,0.0041724113,0.00013963078,0.027976455118293345
8,57,0.9,0.01,0.0,False,100,default,6291456,6912870400,"[0.00303245 0.00309769 0.00311524 0.00331221 0.00321059 0.00304503
 0.00307618 0.00314232 0.00325966 0.00331519]","[0.0008625 0.001     0.00095   0.0011    0.001025  0.0011    0.000975
 0.00095   0.000975  0.0010625]",0.006838613457523186,0.9981162579706073,0.0031701243,"[0.28567234 0.27956399 0.35393432 0.20495327 0.31622326 0.06814861
 0.42030182 0.23359138 0.3119857  0.20710647]",0.8961742,"[0.2856721  0.27956381 0.35393405 0.20495313 0.31622258 0.06814861
 0.42030102 0.23359117 0.31198585 0.20710661]",0.8961733,"[-2.38418579e-07 -1.78813934e-07 -2.68220901e-07 -1.34110451e-07
 -6.85453415e-07  7.45058060e-09 -8.04662704e-07 -2.08616257e-07
  1.49011612e-07  1.34110451e-07]",1.1746662e-06,8.58577e-07,8.0167706e-07,0.019782341029446364
8,57,0.9,0.01,72.3474159995346,True,100,default,6291456,6912870400,[0.01 0.   0.   0.   0.   0.   0.   0.   0.   0.  ],[0.01 0.   0.   0.   0.   0.   0.   0.   0.   0.  ],2.2351741811588166e-10,0.99999999,0.01,"[0.28567234 0.27956399 0.35393432 0.20495327 0.31622326 0.06814861
 0.42030182 0.23359138 0.3119857  0.20710647]",0.8961742,"[0.28567231 0.27956361 0.35393405 0.20495273 0.31622276 0.06814861
 0.42030096 0.23359144 0.31198591 0.20710666]",0.89617336,"[-2.98023224e-08 -3.87430191e-07 -2.68220901e-07 -5.36441803e-07
 -5.06639481e-07  7.45058060e-09 -8.64267349e-07  5.96046448e-08
  2.08616257e-07  1.93715096e-07]",1.2645152e-06,8.095879e-07,9.713732e-07,0.0
8,57,0.9,2.0,0.0,False,100,default,6291456,6912870400,"[0.60648913 0.61953797 0.6230475  0.6624422  0.64211889 0.60900698
 0.61523665 0.62846387 0.65193247 0.66303897]","[0.1725     0.2        0.19       0.22       0.205      0.22
 0.19499999 0.19       0.19499999 0.21250001]",1.367722685665853,0.9981163804517701,0.6340248,"[0.28567234 0.27956399 0.35393432 0.20495327 0.31622326 0.06814861
 0.42030182 0.23359138 0.3119857  0.20710647]",0.8961742,"[0.28583357 0.27964449 0.35385105 0.20495453 0.31612471 0.06814747
 0.42015651 0.23359105 0.31212622 0.20714256]",0.8961723,"[ 1.61230564e-04  8.04960728e-05 -8.32676888e-05  1.26659870e-06
 -9.85562801e-05 -1.13993883e-06 -1.45316124e-04 -3.27825546e-07
  1.40517950e-04  3.60906124e-05]",0.0003021413,1.9318495e-06,0.00030213513,0.019782341029446364
8,57,0.9,2.0,72.3474159995346,True,100,default,6291456,6912870400,[2. 0. 0. 0. 0. 0. 0. 0. 0. 0.],[2. 0. 0. 0. 0. 0. 0. 0. 0. 0.],0.0,0.99999999999975,2.0,"[0.28567234 0.27956399 0.35393432 0.20495327 0.31622326 0.06814861
 0.42030182 0.23359138 0.3119857  0.20710647]",0.8961742,"[0.28514376 0.27903485 0.35333595 0.20454572 0.31556749 0.06797632
 0.41938862 0.23315644 0.3113299  0.20673336]",0.89441043,"[-0.00052857 -0.00052914 -0.00059837 -0.00040755 -0.00065577 -0.00017229
 -0.0009132  -0.00043494 -0.0006558  -0.00037311]",0.0017707717,0.0017637667,0.0001573509,0.0
8,32,0.9,0.01,0.0,False,100,default,6291456,6912870400,"[0.00330406 0.00318481 0.0033458  0.0031793  0.00281869 0.00269476
 0.00332357 0.00339271 0.00313597 0.00316862]","[0.0009375 0.0010125 0.0010875 0.001025  0.00095   0.0009625 0.0010375
 0.001     0.000975  0.0010125]",0.006842736566417865,0.9982870150000149,0.0031651915,"[0.14425181 0.14117976 0.17823945 0.10406118 0.15925428 0.03556934
 0.21144585 0.11827549 0.15683119 0.10525336]",0.4520378,"[0.14425234 0.14117929 0.17824002 0.10406175 0.15925467 0.0355694
 0.21144639 0.11827566 0.15683149 0.10525345]",0.45203874,"[ 5.36441803e-07 -4.61935997e-07  5.66244125e-07  5.73694706e-07
  3.87430191e-07  5.21540642e-08  5.36441803e-07  1.71363354e-07
  2.98023224e-07  8.94069672e-08]",1.3106035e-06,9.4282876e-07,9.1036003e-07,0.0
8,32,0.9,0.01,74.36693140140366,True,100,default,6291456,6912870400,"[4.16333634e-19 2.77555756e-19 2.77555756e-19 4.16333634e-19
 4.16333634e-19 1.00000000e-02 4.16333634e-19 2.77555756e-19
 4.16333634e-19 2.77555756e-19]",[0.   0.   0.   0.   0.   0.01 0.   0.   0.   0.  ],2.2351741811588166e-10,0.99999999,0.01,"[0.14425181 0.14117976 0.17823945 0.10406118 0.15925428 0.03556934
 0.21144585 0.11827549 0.15683119 0.10525336]",0.4520378,"[0.14425227 0.14117949 0.17824045 0.104062   0.15925513 0.03556922
 0.21144751 0.11827599 0.15683164 0.10525373]",0.4520399,"[ 4.61935997e-07 -2.68220901e-07  9.98377800e-07  8.19563866e-07
  8.49366188e-07 -1.19209290e-07  1.65402889e-06  4.91738319e-07
  4.47034836e-07  3.65078449e-07]",2.4495193e-06,2.078279e-06,1.2964956e-06,0.0
8,32,0.9,2.0,0.0,False,100,default,6291456,6912870400,"[0.66081287 0.63696172 0.66915966 0.63586092 0.56373818 0.53895134
 0.66471412 0.67854106 0.6271946  0.63372483]","[0.1875     0.2025     0.2175     0.205      0.19       0.1925
 0.2075     0.2        0.19499999 0.2025    ]",1.368547312119375,0.9982870779651323,0.6330383,"[0.14425181 0.14117976 0.17823945 0.10406118 0.15925428 0.03556934
 0.21144585 0.11827549 0.15683119 0.10525336]",0.4520378,"[0.14368051 0.14067271 0.17766809 0.10370257 0.15870611 0.03545884
 0.21065328 0.11788709 0.1562541  0.10486539]",0.45042455,"[-0.0005713  -0.00050704 -0.00057136 -0.0003586  -0.00054817 -0.0001105
 -0.00079258 -0.0003884  -0.00057709 -0.00038797]",0.0016167271,0.0016132388,0.000106142485,0.0
8,32,0.9,2.0,74.36693140140366,True,100,default,6291456,6912870400,"[8.32667268e-17 5.55111512e-17 5.55111512e-17 8.32667268e-17
 8.32667268e-17 2.00000000e+00 8.32667268e-17 5.55111512e-17
 8.32667268e-17 5.55111512e-17]",[0. 0. 0. 0. 0. 2. 0. 0. 0. 0.],2.1677797545656835e-16,0.99999999999975,2.0,"[0.14425181 0.14117976 0.17823945 0.10406118 0.15925428 0.03556934
 0.21144585 0.11827549 0.15683119 0.10525336]",0.4520378,"[0.14399499 0.14093012 0.17795327 0.10390148 0.15899338 0.03552504
 0.21111728 0.11807202 0.15653324 0.10505474]",0.45127633,"[-2.56821513e-04 -2.49639153e-04 -2.86176801e-04 -1.59703195e-04
 -2.60904431e-04 -4.43011522e-05 -3.28570604e-04 -2.03475356e-04
 -2.97948718e-04 -1.98625028e-04]",0.0007637403,0.00076148147,5.8695325e-05,0.019782341029446364
14,29,0.1,0.01,0.0,False,100,default,6291456,6912870400,"[0.00297427 0.00311608 0.0032132  0.0031619  0.00317269 0.00345431
 0.00308689 0.00312292 0.00314321 0.00315627]","[0.00085   0.0010125 0.0009625 0.0010375 0.0010625 0.00125   0.000925
 0.000925  0.0009625 0.0010125]",0.006832570191983177,0.9975608767557717,0.003178787,"[0.4162192  0.41133612 0.5024119  0.34387398 0.46412635 0.18077087
 0.56071371 0.38105443 0.45935154 0.34161305]",1.3223085,"[0.41621739 0.41133502 0.50241005 0.34387401 0.46412575 0.18077004
 0.56071305 0.38105294 0.45934942 0.34161231]",1.322305,"[-1.81794167e-06 -1.10268593e-06 -1.84774399e-06  2.98023224e-08
 -5.96046448e-07 -8.34465027e-07 -6.55651093e-07 -1.49011612e-06
 -2.11596489e-06 -7.45058060e-07]",4.082918e-06,3.5678104e-06,1.9851825e-06,0.0
14,29,0.1,0.01,72.69688236761695,True,100,default,6291456,6912870400,[0.01 0.   0.   0.   0.   0.   0.   0.   0.   0.  ],[0.01 0.   0.   0.   0.   0.   0.   0.   0.   0.  ],2.2351741811588166e-10,0.99999999,0.01,"[0.4162192  0.41133612 0.5024119  0.34387398 0.46412635 0.18077087
 0.56071371 0.38105443 0.45935154 0.34161305]",1.3223085,"[0.41621679 0.41133526 0.50241047 0.34387329 0.46412548 0.18077096
 0.56071264 0.38105267 0.45935193 0.3416135 ]",1.3223058,"[-2.41398811e-06 -8.64267349e-07 -1.43051147e-06 -6.85453415e-07
 -8.64267349e-07  8.94069672e-08 -1.07288361e-06 -1.75833702e-06
  3.87430191e-07  4.47034836e-07]",3.7997668e-06,2.7531835e-06,2.6188181e-06,0.019782341029446364
14,29,0.1,2.0,0.0,False,100,default,6291456,6912870400,"[0.59485365 0.62321532 0.64263904 0.63237922 0.63453784 0.69086197
 0.61737876 0.62458474 0.62864271 0.63125316]","[0.17       0.2025     0.1925     0.2075     0.21250001 0.25
 0.185      0.185      0.1925     0.2025    ]",1.3665140350287786,0.9975608256183287,0.63575745,"[0.4162192  0.41133612 0.5024119  0.34387398 0.46412635 0.18077087
 0.56071371 0.38105443 0.45935154 0.34161305]",1.3223085,"[0.40738741 0.40267381 0.49059448 0.33652255 0.4537012  0.1776561
 0.54809093 0.3730725  0.44885829 0.33462343]",1.2932442,"[-0.0088318  -0.00866231 -0.01181743 -0.00735143 -0.01042515 -0.00311477
 -0.01262277 -0.00798193 -0.01049325 -0.00698963]",0.029105425,0.029065123,0.0015310837,0.059347025446578223
14,29,0.1,2.0,72.69688236761695,True,100,default,6291456,6912870400,[2. 0. 0. 0. 0. 0. 0. 0. 0. 0.],[2. 0. 0. 0. 0. 0. 0. 0. 0. 0.],0.0,0.99999999999975,2.0,"[0.4162192  0.41133612 0.5024119  0.34387398 0.46412635 0.18077087
 0.56071371 0.38105443 0.45935154 0.34161305]",1.3223085,"[0.40138388 0.39680514 0.48336118 0.33196008 0.44720513 0.17651412
 0.53961641 0.36794895 0.44299871 0.33011255]",1.2748893,"[-0.01483533 -0.01453099 -0.01905072 -0.0119139  -0.01692122 -0.00425676
 -0.0210973  -0.01310548 -0.01635283 -0.01150051]",0.047508754,0.047422376,0.0028636174,0.1282042487280194
14,40,0.1,0.01,0.0,False,100,default,6291456,6912870400,"[0.00303058 0.00339258 0.00317751 0.0032452  0.00312085 0.00329893
 0.00298252 0.00315656 0.00311855 0.00307747]","[0.0008625 0.0010625 0.001025  0.0010375 0.0010875 0.0011625 0.0008875
 0.0009    0.0009875 0.0009875]",0.006835673556472548,0.9976615817044441,0.003175197,"[0.37006128 0.37308064 0.45378083 0.30779898 0.42007682 0.16536891
 0.50006622 0.34246987 0.41449034 0.30623314]",1.1889222,"[0.37006053 0.37308013 0.45377958 0.30779716 0.42007592 0.16536865
 0.50006598 0.34246841 0.41448873 0.30623269]",1.1889193,"[-7.45058060e-07 -5.06639481e-07 -1.25169754e-06 -1.81794167e-06
 -8.94069672e-07 -2.68220901e-07 -2.38418579e-07 -1.46031380e-06
 -1.60932541e-06 -4.47034836e-07]",3.3961574e-06,2.8896006e-06,1.7844031e-06,0.0
14,40,0.1,0.01,72.64736571889203,True,100,default,6291456,6912870400,[0.   0.   0.   0.   0.   0.   0.01 0.   0.   0.  ],[0.   0.   0.   0.   0.   0.   0.01 0.   0.   0.  ],2.2351741811588166e-10,0.99999999,0.01,"[0.37006128 0.37308064 0.45378083 0.30779898 0.42007682 0.16536891
 0.50006622 0.34246987 0.41449034 0.30623314]",1.1889222,"[0.37006018 0.37308022 0.45378086 0.30779758 0.42007574 0.16536869
 0.50006545 0.34246853 0.41448894 0.3062326 ]",1.1889197,"[-1.10268593e-06 -4.17232513e-07  2.98023224e-08 -1.40070915e-06
 -1.07288361e-06 -2.23517418e-07 -7.74860382e-07 -1.34110451e-06
 -1.40070915e-06 -5.36441803e-07]",3.033585e-06,2.57428e-06,1.6049058e-06,0.0
14,40,0.1,2.0,0.0,False,100,default,6291456,6912870400,"[0.60611692 0.67851573 0.6355022  0.64904054 0.62416902 0.65978623
 0.59650366 0.63131123 0.62370933 0.6154944 ]","[0.1725     0.21250001 0.205      0.2075     0.2175     0.2325
 0.17749999 0.18000001 0.19750001 0.19750001]",1.367134703889593,0.9976616218240406,0.6350394,"[0.37006128 0.37308064 0.45378083 0.30779898 0.42007682 0.16536891
 0.50006622 0.34246987 0.41449034 0.30623314]",1.1889222,"[0.36646551 0.36937585 0.44852129 0.30446607 0.41645151 0.16389595
 0.49574888 0.33940169 0.41053775 0.30310199]",1.1774008,"[-0.00359577 -0.00370479 -0.00525954 -0.00333291 -0.0036253  -0.00147296
 -0.00431734 -0.00306818 -0.00395259 -0.00313115]",0.011585285,0.011522003,0.0012092473,0.059347025446578223
14,40,0.1,2.0,72.64736571889203,True,100,default,6291456,6912870400,[0. 0. 0. 0. 0. 0. 2. 0. 0. 0.],[0. 0. 0. 0. 0. 0. 2. 0. 0. 0.],0.0,0.99999999999975,2.0,"[0.37006128 0.37308064 0.45378083 0.30779898 0.42007682 0.16536891
 0.50006622 0.34246987 0.41449034 0.30623314]",1.1889222,"[0.36531368 0.36841452 0.44741064 0.30371761 0.4149515  0.16367704
 0.49382436 0.33840978 0.40918642 0.30231798]",1.173794,"[-0.0047476  -0.00466612 -0.00637019 -0.00408137 -0.00512531 -0.00169188
 -0.00624186 -0.00406009 -0.00530392 -0.00391516]",0.015152085,0.015128523,0.0008446702,0.048456642643301504
14,50,0.25,0.01,0.0,False,100,default,6291456,6912870400,"[0.00285839 0.00315737 0.00314982 0.0028668  0.00337056 0.00406344
 0.00296422 0.00284011 0.00311821 0.00304507]","[0.0008125 0.0010375 0.00095   0.0009375 0.0010875 0.00145   0.0010375
 0.0007125 0.0009875 0.0009875]",0.006804104487995943,0.9959208037486583,0.0032151984,"[0.47496793 0.4725484  0.57489485 0.39758402 0.53927362 0.22874275
 0.64443588 0.43788356 0.54189807 0.40182754]",1.5306115,"[0.47496548 0.47254294 0.57489055 0.39757958 0.53926831 0.22874089
 0.64442992 0.43787917 0.54189241 0.40182519]",1.5305977,"[-2.44379044e-06 -5.45382500e-06 -4.29153442e-06 -4.44054604e-06
 -5.30481339e-06 -1.86264515e-06 -5.96046448e-06 -4.38094139e-06
 -5.66244125e-06 -2.35438347e-06]",1.4063736e-05,1.3740523e-05,2.997779e-06,0.0
14,50,0.25,0.01,73.50026290943397,True,100,default,6291456,6912870400,[0.   0.   0.   0.   0.   0.   0.   0.01 0.   0.  ],[0.   0.   0.   0.   0.   0.   0.   0.01 0.   0.  ],2.2351741811588166e-10,0.99999999,0.01,"[0.47496793 0.4725484  0.57489485 0.39758402 0.53927362 0.22874275
 0.64443588 0.43788356 0.54189807 0.40182754]",1.5306115,"[0.47496477 0.47254163 0.57488823 0.39757782 0.5392676  0.22874039
 0.64442968 0.43787247 0.54189199 0.4018237 ]",1.5305929,"[-3.15904617e-06 -6.76512718e-06 -6.61611557e-06 -6.19888306e-06
 -6.02006912e-06 -2.35438347e-06 -6.19888306e-06 -1.10864639e-05
 -6.07967377e-06 -3.84449959e-06]",1.9819396e-05,1.8580287e-05,6.8979125e-06,0.027976455118293345
14,50,0.25,2.0,0.0,False,100,default,6291456,6912870400,"[0.57167875 0.63147394 0.62996358 0.5733599  0.67411159 0.81268718
 0.59284457 0.56802189 0.6236428  0.60901363]","[0.16249999 0.2075     0.19       0.1875     0.2175     0.28999999
 0.2075     0.1425     0.19750001 0.19750001]",1.3608208852188521,0.9959209110554951,0.64303964,"[0.47496793 0.4725484  0.57489485 0.39758402 0.53927362 0.22874275
 0.64443588 0.43788356 0.54189807 0.40182754]",1.5306115,"[0.47390822 0.47000158 0.57225668 0.39492601 0.53632057 0.22597766
 0.64213246 0.43516803 0.53775656 0.39914829]",1.5224478,"[-0.00105971 -0.00254682 -0.00263816 -0.00265801 -0.00295305 -0.00276509
 -0.00230342 -0.00271553 -0.00414151 -0.00267926]",0.008660876,0.008166432,0.0028844671,0.11364091540157657
14,50,0.25,2.0,73.50026290943397,True,100,default,6291456,6912870400,[0. 0. 0. 0. 0. 0. 0. 2. 0. 0.],[0. 0. 0. 0. 0. 0. 0. 2. 0. 0.],0.0,0.99999999999975,2.0,"[0.47496793 0.4725484  0.57489485 0.39758402 0.53927362 0.22874275
 0.64443588 0.43788356 0.54189807 0.40182754]",1.5306115,"[0.47274286 0.46922311 0.57113588 0.39436921 0.53560382 0.22664928
 0.64095879 0.43377703 0.53735709 0.39877671]",1.5199957,"[-0.00222507 -0.00332528 -0.00375897 -0.00321481 -0.0036698  -0.00209346
 -0.0034771  -0.00410652 -0.00454098 -0.00305083]",0.0108261295,0.01061723,0.002116489,0.08156468806857739
14,34,0.25,0.01,0.0,False,100,default,6291456,6912870400,"[0.00322481 0.0031191  0.00321023 0.00327202 0.0030238  0.00318469
 0.00308567 0.00316191 0.00302065 0.00330624]","[0.0009375 0.000975  0.001025  0.001025  0.001025  0.0011625 0.000925
 0.0009375 0.000925  0.0010625]",0.006839612374421234,0.9978266512582459,0.0031704693,"[0.44363084 0.43869671 0.52835852 0.37499824 0.495462   0.21159697
 0.59163791 0.41100359 0.49368638 0.37569138]",1.4153216,"[0.44362867 0.43869448 0.52835602 0.37499642 0.49545875 0.21159522
 0.59163487 0.411001   0.4936834  0.37568998]",1.415314,"[-2.17556953e-06 -2.23517418e-06 -2.50339508e-06 -1.81794167e-06
 -3.24845314e-06 -1.74343586e-06 -3.03983688e-06 -2.59280205e-06
 -2.98023224e-06 -1.40070915e-06]",7.726579e-06,7.6238407e-06,1.2558106e-06,0.027976455118293345
14,34,0.25,0.01,72.41832048038422,True,100,default,6291456,6912870400,[0.   0.   0.   0.   0.   0.   0.   0.   0.01 0.  ],[0.   0.   0.   0.   0.   0.   0.   0.   0.01 0.  ],2.2351741811588166e-10,0.99999999,0.01,"[0.44363084 0.43869671 0.52835852 0.37499824 0.495462   0.21159697
 0.59163791 0.41100359 0.49368638 0.37569138]",1.4153216,"[0.4436295  0.43869564 0.52835685 0.37499642 0.49545813 0.21159574
 0.59163427 0.41100109 0.49368152 0.37569013]",1.4153138,"[-1.34110451e-06 -1.07288361e-06 -1.66893005e-06 -1.81794167e-06
 -3.87430191e-06 -1.22189522e-06 -3.63588333e-06 -2.50339508e-06
 -4.85777855e-06 -1.25169754e-06]",8.378217e-06,7.670175e-06,3.3708936e-06,0.0
14,34,0.25,2.0,0.0,False,100,default,6291456,6912870400,"[0.6449623  0.62381911 0.64204581 0.65440328 0.60475987 0.63693708
 0.61713499 0.63238139 0.60413018 0.66124764]","[0.1875     0.19499999 0.205      0.205      0.205      0.2325
 0.185      0.1875     0.185      0.21250001]",1.3679224717901233,0.997826751853474,0.6340938,"[0.44363084 0.43869671 0.52835852 0.37499824 0.495462   0.21159697
 0.59163791 0.41100359 0.49368638 0.37569138]",1.4153216,"[0.43738133 0.43147036 0.51984352 0.36843985 0.48729679 0.20705862
 0.58263654 0.40406516 0.48493794 0.36966571]",1.3922418,"[-0.00624952 -0.00722635 -0.008515   -0.00655839 -0.00816521 -0.00453834
 -0.00900137 -0.00693843 -0.00874844 -0.00602567]",0.023153227,0.023080911,0.0018284861,0.07401874722002606
14,34,0.25,2.0,72.41832048038422,True,100,default,6291456,6912870400,[0. 0. 0. 0. 0. 0. 0. 0. 2. 0.],[0. 0. 0. 0. 0. 0. 0. 0. 2. 0.],0.0,0.99999999999975,2.0,"[0.44363084 0.43869671 0.52835852 0.37499824 0.495462   0.21159697
 0.59163791 0.41100359 0.49368638 0.37569138]",1.4153216,"[0.43732518 0.43142569 0.51898921 0.36843777 0.486105   0.20719992
 0.58131105 0.40365821 0.48317841 0.36950067]",1.3901662,"[-0.00630566 -0.00727102 -0.00936931 -0.00656047 -0.00935701 -0.00439705
 -0.01032686 -0.00734538 -0.01050797 -0.00619072]",0.025291929,0.02515775,0.002601776,0.10467832346762979
14,18,0.5,0.01,0.0,False,100,default,6291456,6912870400,"[0.00275335 0.0028824  0.00286649 0.00287769 0.00394925 0.00366339
 0.00313935 0.00300795 0.00333335 0.00292941]","[0.0007375 0.0009125 0.0009    0.0009875 0.0012625 0.0013875 0.000975
 0.0008625 0.0009875 0.0009875]",0.006807625887173752,0.9955627988333302,0.003213351,"[0.63224226 0.62582475 0.76407731 0.52939314 0.72865111 0.28264222
 0.87338257 0.5858922  0.72312403 0.52912182]",2.043336,"[0.63224095 0.62582356 0.76407671 0.52939123 0.72865093 0.28264141
 0.87338114 0.58589041 0.7231226  0.52912033]",2.0433323,"[-1.31130219e-06 -1.19209290e-06 -5.96046448e-07 -1.90734863e-06
 -1.78813934e-07 -8.04662704e-07 -1.43051147e-06 -1.78813934e-06
 -1.43051147e-06 -1.49011612e-06]",4.1622015e-06,3.679239e-06,1.946054e-06,0.0
14,18,0.5,0.01,74.0180430523168,True,100,default,6291456,6912870400,[0.01 0.   0.   0.   0.   0.   0.   0.   0.   0.  ],[0.01 0.   0.   0.   0.   0.   0.   0.   0.   0.  ],2.2351741811588166e-10,0.99999999,0.01,"[0.63224226 0.62582475 0.76407731 0.52939314 0.72865111 0.28264222
 0.87338257 0.5858922  0.72312403 0.52912182]",2.043336,"[0.63223583 0.6258201  0.7640726  0.5293867  0.72864652 0.28263989
 0.8733778  0.58588535 0.72311956 0.52911669]",2.0433204,"[-6.43730164e-06 -4.64916229e-06 -4.70876694e-06 -6.43730164e-06
 -4.58955765e-06 -2.32458115e-06 -4.76837158e-06 -6.85453415e-06
 -4.47034836e-06 -5.12599945e-06]",1.640471e-05,1.5715459e-05,4.705207e-06,0.0
14,18,0.5,2.0,0.0,False,100,default,6291456,6912870400,"[0.55066926 0.57648065 0.57329828 0.57553796 0.78984964 0.73267703
 0.62786988 0.6015909  0.66667074 0.58588258]","[0.14749999 0.1825     0.18000001 0.19750001 0.2525     0.2775
 0.19499999 0.1725     0.19750001 0.19750001]",1.3615251547152385,0.9955628108889599,0.6426702,"[0.63224226 0.62582475 0.76407731 0.52939314 0.72865111 0.28264222
 0.87338257 0.5858922  0.72312403 0.52912182]",2.043336,"[0.62028676 0.61347008 0.74878502 0.51933831 0.71532482 0.27875465
 0.8570922  0.57497847 0.71007574 0.51908088]",2.0049305,"[-0.0119555  -0.01235467 -0.01529229 -0.01005483 -0.01332629 -0.00388756
 -0.01629037 -0.01091373 -0.01304829 -0.01004094]",0.03845507,0.038406555,0.0019311892,0.05595291190411357
14,18,0.5,2.0,74.0180430523168,True,100,default,6291456,6912870400,[2. 0. 0. 0. 0. 0. 0. 0. 0. 0.],[2. 0. 0. 0. 0. 0. 0. 0. 0. 0.],0.0,0.99999999999975,2.0,"[0.63224226 0.62582475 0.76407731 0.52939314 0.72865111 0.28264222
 0.87338257 0.5858922  0.72312403 0.52912182]",2.043336,"[0.61658144 0.61029863 0.74541658 0.516774   0.71219963 0.27832961
 0.85277796 0.5722999  0.70706147 0.51688445]",1.995469,"[-0.01566082 -0.01552612 -0.01866072 -0.01261914 -0.01645148 -0.0043126
 -0.02060461 -0.0135923  -0.01606256 -0.01223737]",0.047959317,0.04786913,0.0029399341,0.07912937001338383
14,25,0.5,0.01,0.0,False,100,default,6291456,6912870400,"[0.00297311 0.00302866 0.00342041 0.00309415 0.00316545 0.00320284
 0.00304313 0.00296899 0.00346694 0.0032158 ]","[0.00085   0.000975  0.00105   0.0010375 0.001025  0.001125  0.0009625
 0.0009125 0.0010375 0.001025 ]",0.006836130926786101,0.9984928599569495,0.0031708633,"[0.65636963 0.65560544 0.8157239  0.53781849 0.74646801 0.26446754
 0.91156149 0.59497648 0.74431825 0.54303849]",2.1157253,"[0.65636623 0.65560478 0.81572253 0.53781724 0.74646384 0.26446575
 0.91156048 0.59497553 0.74431634 0.54303706]",2.1157196,"[-3.39746475e-06 -6.55651093e-07 -1.37090683e-06 -1.25169754e-06
 -4.17232513e-06 -1.78813934e-06 -1.01327896e-06 -9.53674316e-07
 -1.90734863e-06 -1.43051147e-06]",6.606443e-06,5.5424484e-06,3.595324e-06,0.0
14,25,0.5,0.01,72.7285459044066,True,100,default,6291456,6912870400,"[2.77555756e-19 2.77555756e-19 4.16333634e-19 2.77555756e-19
 2.77555756e-19 4.16333634e-19 4.16333634e-19 1.00000000e-02
 4.16333634e-19 2.77555756e-19]",[0.   0.   0.   0.   0.   0.   0.   0.01 0.   0.  ],2.2351741811588166e-10,0.99999999,0.01,"[0.65636963 0.65560544 0.8157239  0.53781849 0.74646801 0.26446754
 0.91156149 0.59497648 0.74431825 0.54303849]",2.1157253,"[0.65637112 0.65560478 0.81572002 0.53781486 0.74646574 0.26446649
 0.91155899 0.59497213 0.74431676 0.54303706]",2.115719,"[ 1.49011612e-06 -6.55651093e-07 -3.87430191e-06 -3.63588333e-06
 -2.26497650e-06 -1.04308128e-06 -2.50339508e-06 -4.35113907e-06
 -1.49011612e-06 -1.43051147e-06]",8.158709e-06,6.281982e-06,5.205884e-06,0.027976455118293345
14,25,0.5,2.0,0.0,False,100,default,6291456,6912870400,"[0.59462199 0.60573214 0.68408213 0.61882953 0.63309081 0.64056866
 0.60862501 0.59379831 0.69338752 0.64316067]","[0.17       0.19499999 0.20999999 0.2075     0.205      0.22499999
 0.1925     0.1825     0.2075     0.205     ]",1.3672261809408293,0.9984928574653436,0.6341727,"[0.65636963 0.65560544 0.8157239  0.53781849 0.74646801 0.26446754
 0.91156149 0.59497648 0.74431825 0.54303849]",2.1157253,"[0.65468013 0.65398502 0.81424636 0.53564197 0.74342704 0.2623685
 0.90934032 0.59259814 0.74135607 0.5408771 ]",2.1090193,"[-0.00168949 -0.00162041 -0.00147754 -0.00217652 -0.00304097 -0.00209904
 -0.00222117 -0.00237834 -0.00296217 -0.00216138]",0.007077436,0.006707174,0.0022591837,0.06561060592844098
14,25,0.5,2.0,72.7285459044066,True,100,default,6291456,6912870400,"[5.55111512e-17 5.55111512e-17 8.32667268e-17 5.55111512e-17
 5.55111512e-17 8.32667268e-17 8.32667268e-17 2.00000000e+00
 8.32667268e-17 5.55111512e-17]",[0. 0. 0. 0. 0. 0. 0. 2. 0. 0.],2.0770370905276122e-16,0.99999999999975,2.0,"[0.65636963 0.65560544 0.8157239  0.53781849 0.74646801 0.26446754
 0.91156149 0.59497648 0.74431825 0.54303849]",2.1157253,"[0.65307194 0.65242535 0.81225783 0.53444296 0.74196875 0.26252851
 0.90716118 0.59097278 0.73995399 0.53990495]",2.1043317,"[-0.00329769 -0.00318009 -0.00346607 -0.00337553 -0.00449926 -0.00193903
 -0.00440031 -0.0040037  -0.00436425 -0.00313354]",0.011517674,0.011394111,0.0016825604,0.05233915627441309
14,32,0.75,0.01,0.0,False,100,default,6291456,6912870400,"[0.00250689 0.00252646 0.00247371 0.00259019 0.00396475 0.00433616
 0.00429783 0.00261858 0.00285028 0.00255543]","[0.0007    0.0008375 0.000825  0.00085   0.001275  0.0016    0.00145
 0.0007125 0.0008    0.00095  ]",0.006716369598941604,0.995366474808167,0.0033064801,"[0.49623242 0.48907712 0.59325284 0.41262403 0.58497763 0.24654083
 0.70377219 0.45943081 0.55567902 0.41017976]",1.6105995,"[0.49623084 0.48907557 0.5932501  0.41262308 0.58497304 0.24654078
 0.70377219 0.459429   0.55567724 0.41017604]",1.6105934,"[-1.57952309e-06 -1.54972076e-06 -2.74181366e-06 -9.53674316e-07
 -4.58955765e-06 -4.47034836e-08  0.00000000e+00 -1.81794167e-06
 -1.78813934e-06 -3.72529030e-06]",7.4006584e-06,5.96954e-06,4.3742793e-06,0.027976455118293345
14,32,0.75,0.01,75.67799521699794,True,100,default,6291456,6912870400,[0.   0.   0.01 0.   0.   0.   0.   0.   0.   0.  ],[0.   0.   0.01 0.   0.   0.   0.   0.   0.   0.  ],2.2351741811588166e-10,0.99999999,0.01,"[0.49623242 0.48907712 0.59325284 0.41262403 0.58497763 0.24654083
 0.70377219 0.45943081 0.55567902 0.41017976]",1.6105995,"[0.4962312  0.48907563 0.59324896 0.41262147 0.58497286 0.24654107
 0.70377243 0.4594284  0.55567646 0.41017595]",1.6105924,"[-1.22189522e-06 -1.49011612e-06 -3.87430191e-06 -2.56299973e-06
 -4.76837158e-06  2.38418579e-07  2.38418579e-07 -2.41398811e-06
 -2.56299973e-06 -3.81469727e-06]",8.66556e-06,7.0482547e-06,5.0412314e-06,0.027976455118293345
14,32,0.75,2.0,0.0,False,100,default,6291456,6912870400,"[0.50137737 0.50529147 0.4947423  0.51803799 0.79295043 0.86723156
 0.85956653 0.52371571 0.57005688 0.51108648]","[0.14       0.1675     0.16500001 0.17       0.255      0.31999999
 0.28999999 0.1425     0.16       0.19      ]",1.3432739083964582,0.9953664545635981,0.66129607,"[0.49623242 0.48907712 0.59325284 0.41262403 0.58497763 0.24654083
 0.70377219 0.45943081 0.55567902 0.41017976]",1.6105995,"[0.48001388 0.47286156 0.57243103 0.39967781 0.56697702 0.24232616
 0.68094331 0.4452309  0.53799117 0.39742219]",1.5591373,"[-0.01621854 -0.01621556 -0.02082181 -0.01294622 -0.0180006  -0.00421467
 -0.02282888 -0.01419991 -0.01768786 -0.01275757]",0.05164624,0.05146795,0.0042876024,0.15825877775862904
14,32,0.75,2.0,75.67799521699794,True,100,default,6291456,6912870400,[0. 0. 2. 0. 0. 0. 0. 0. 0. 0.],[0. 0. 2. 0. 0. 0. 0. 0. 0. 0.],0.0,0.99999999999975,2.0,"[0.49623242 0.48907712 0.59325284 0.41262403 0.58497763 0.24654083
 0.70377219 0.45943081 0.55567902 0.41017976]",1.6105995,"[0.48099363 0.47376564 0.57348937 0.40045932 0.56809562 0.24259016
 0.68238741 0.44613984 0.53915691 0.3982271 ]",1.5622476,"[-0.01523879 -0.01531148 -0.01976347 -0.01216471 -0.016882   -0.00395067
 -0.02138478 -0.01329097 -0.01652211 -0.01195267]",0.04853506,0.04835732,0.0041497736,0.15576635622796445
14,16,0.75,0.01,0.0,False,100,default,6291456,6912870400,"[0.002954   0.00314483 0.00308596 0.00310656 0.00320179 0.00348787
 0.00323564 0.00314472 0.00314708 0.00308716]","[0.00085   0.0010125 0.0009375 0.001025  0.001     0.0013125 0.0009625
 0.000925  0.000975  0.001    ]",0.0068316228959350465,0.9968309772774783,0.0031831588,"[0.63950652 0.63781357 0.76790917 0.54156005 0.7276482  0.31073666
 0.86725581 0.59806561 0.7259782  0.54042059]",2.0624475,"[0.63949907 0.63780576 0.76789218 0.54155016 0.72762448 0.31073502
 0.86724257 0.59805119 0.72596514 0.54041553]",2.0624096,"[-7.45058060e-06 -7.80820847e-06 -1.69873238e-05 -9.89437103e-06
 -2.37226486e-05 -1.63912773e-06 -1.32322311e-05 -1.44243240e-05
 -1.30534172e-05 -5.06639481e-06]",4.0590774e-05,3.793356e-05,1.4444929e-05,0.0
14,16,0.75,0.01,72.81844941194994,True,100,default,6291456,6912870400,"[1.00000000e-02 2.77555756e-19 2.77555756e-19 1.38777878e-19
 1.38777878e-19 1.38777878e-19 2.77555756e-19 1.38777878e-19
 2.77555756e-19 1.38777878e-19]",[0.01 0.   0.   0.   0.   0.   0.   0.   0.   0.  ],2.2351741811588166e-10,0.99999999,0.01,"[0.63950652 0.63781357 0.76790917 0.54156005 0.7276482  0.31073666
 0.86725581 0.59806561 0.7259782  0.54042059]",2.0624475,"[0.63949013 0.63779742 0.76788723 0.54154122 0.72761983 0.3107335
 0.86723441 0.59804803 0.72596037 0.54040945]",2.0623906,"[-1.63912773e-05 -1.61528587e-05 -2.19345093e-05 -1.88350677e-05
 -2.83718109e-05 -3.15904617e-06 -2.13980675e-05 -1.75833702e-05
 -1.78217888e-05 -1.11460686e-05]",5.8217815e-05,5.6966586e-05,1.2005046e-05,0.027976455118293345
14,16,0.75,2.0,0.0,False,100,default,6291456,6912870400,"[0.59080086 0.62896662 0.61719207 0.62131112 0.64035802 0.69757465
 0.64712856 0.62894332 0.62941697 0.61743192]","[0.17       0.2025     0.1875     0.205      0.2        0.26249999
 0.1925     0.185      0.19499999 0.2       ]",1.366324573165393,0.9968310738892173,0.6366317,"[0.63950652 0.63781357 0.76790917 0.54156005 0.7276482  0.31073666
 0.86725581 0.59806561 0.7259782  0.54042059]",2.0624475,"[0.63191628 0.62980062 0.75812811 0.5349344  0.71858329 0.30759567
 0.85715622 0.59087837 0.71721506 0.53395694]",2.037454,"[-0.00759023 -0.00801295 -0.00978106 -0.00662565 -0.00906491 -0.00314099
 -0.01009959 -0.00718725 -0.00876313 -0.00646365]",0.025013104,0.02499376,0.0009834951,0.027976455118293345
14,16,0.75,2.0,72.81844941194994,True,100,default,6291456,6912870400,"[2.00000000e+00 5.55111512e-17 5.55111512e-17 2.77555756e-17
 2.77555756e-17 2.77555756e-17 5.55111512e-17 2.77555756e-17
 5.55111512e-17 2.77555756e-17]",[2. 0. 0. 0. 0. 0. 0. 0. 0. 0.],1.2719202621569003e-16,0.99999999999975,2.0,"[0.63950652 0.63781357 0.76790917 0.54156005 0.7276482  0.31073666
 0.86725581 0.59806561 0.7259782  0.54042059]",2.0624475,"[0.62571555 0.62439758 0.75220889 0.53045905 0.71357119 0.30684298
 0.85026854 0.58626974 0.71249819 0.53019321]",2.0217223,"[-0.01379097 -0.01341599 -0.01570028 -0.01110101 -0.01407701 -0.00389367
 -0.01698726 -0.01179588 -0.01348001 -0.01022738]",0.040832017,0.040727276,0.0029226944,0.08622923312351063
14,20,0.9,0.01,0.0,False,100,default,6291456,6912870400,"[0.0031785  0.00327107 0.00308026 0.00327274 0.00311024 0.00320721
 0.00303854 0.00322486 0.00324275 0.00298174]","[0.000925  0.001     0.001     0.0010125 0.0011125 0.0011375 0.0009
 0.0009375 0.0009875 0.0009875]",0.0068421741635494105,0.997284497897111,0.00317042,"[0.92219919 0.92044163 1.11821198 0.77255452 1.06481159 0.41239679
 1.27744317 0.85580587 1.06435966 0.77110177]",2.9900703,"[0.92219889 0.9204427  1.11821258 0.7725547  1.06481099 0.41239646
 1.27744246 0.85580504 1.06435895 0.77110136]",2.9900696,"[-2.98023224e-07  1.07288361e-06  5.96046448e-07  1.78813934e-07
 -5.96046448e-07 -3.27825546e-07 -7.15255737e-07 -8.34465027e-07
 -7.15255737e-07 -4.17232513e-07]",1.995866e-06,6.5663625e-07,1.8847571e-06,0.0
14,20,0.9,0.01,72.65205378128772,True,100,default,6291456,6912870400,"[5.55111512e-19 5.55111512e-19 5.55111512e-19 5.55111512e-19
 5.55111512e-19 5.55111512e-19 5.55111512e-19 4.16333634e-19
 5.55111512e-19 1.00000000e-02]",[0.   0.   0.   0.   0.   0.   0.   0.   0.   0.01],2.2351741811588166e-10,0.99999999,0.01,"[0.92219919 0.92044163 1.11821198 0.77255452 1.06481159 0.41239679
 1.27744317 0.85580587 1.06435966 0.77110177]",2.9900703,"[0.92219937 0.92044717 1.11821258 0.77255452 1.06481314 0.41239649
 1.27743053 0.85580462 1.06436348 0.77110404]",2.9900692,"[ 1.78813934e-07  5.54323196e-06  5.96046448e-07  0.00000000e+00
  1.54972076e-06 -2.98023224e-07 -1.26361847e-05 -1.25169754e-06
  3.81469727e-06  2.26497650e-06]",1.4646743e-05,1.319566e-06,1.458718e-05,0.0
14,20,0.9,2.0,0.0,False,100,default,6291456,6912870400,"[0.63570015 0.65421392 0.61605119 0.65454794 0.62204874 0.6414423
 0.60770702 0.64497261 0.64854972 0.59634746]","[0.185      0.2        0.2        0.2025     0.2225     0.22750001
 0.18000001 0.1875     0.19750001 0.19750001]",1.3684348277094613,0.9972845430351901,0.634084,"[0.92219919 0.92044163 1.11821198 0.77255452 1.06481159 0.41239679
 1.27744317 0.85580587 1.06435966 0.77110177]",2.9900703,"[0.8956067  0.89401084 1.08511329 0.75133204 1.03389513 0.40447268
 1.23911107 0.83158445 1.03447425 0.74965757]",2.9042945,"[-0.02659249 -0.02643079 -0.0330987  -0.02122247 -0.03091645 -0.00792411
 -0.0383321  -0.02422142 -0.02988541 -0.0214442 ]",0.08590286,0.08577958,0.004600988,0.08846932694105811
14,20,0.9,2.0,72.65205378128772,True,100,default,6291456,6912870400,"[1.11022302e-16 1.11022302e-16 1.11022302e-16 1.11022302e-16
 1.11022302e-16 1.11022302e-16 1.11022302e-16 8.32667268e-17
 1.11022302e-16 2.00000000e+00]",[0. 0. 0. 0. 0. 0. 0. 0. 0. 2.],3.2487068343022356e-16,0.99999999999975,2.0,"[0.92219919 0.92044163 1.11821198 0.77255452 1.06481159 0.41239679
 1.27744317 0.85580587 1.06435966 0.77110177]",2.9900703,"[0.890333   0.88804096 1.07805932 0.74697536 1.02816141 0.40297449
 1.23147321 0.82675219 1.02856171 0.74414635]",2.886648,"[-0.03186619 -0.03240067 -0.04015267 -0.02557915 -0.03665018 -0.0094223
 -0.04596996 -0.02905369 -0.03579795 -0.02695543]",0.10358207,0.103428096,0.0056460234,0.1083523598284494
14,10,0.9,0.01,0.0,False,100,default,6291456,6912870400,"[0.00284838 0.00327065 0.00320692 0.00324638 0.00302839 0.00303239
 0.00323226 0.00336559 0.00317452 0.0031855 ]","[0.0007875 0.001075  0.000975  0.001075  0.0010125 0.0010625 0.001025
 0.0009875 0.0009875 0.0010125]",0.006836743736090527,0.9980962417437003,0.003172095,"[0.81506258 0.8067838  0.97767138 0.69619119 0.93264121 0.37571055
 1.10785949 0.76629448 0.92355275 0.69395256]",2.6297925,"[0.81506532 0.80678272 0.97767031 0.69618994 0.93263924 0.37571001
 1.10785878 0.76629382 0.92355138 0.69395173]",2.6297903,"[ 2.74181366e-06 -1.07288361e-06 -1.07288361e-06 -1.25169754e-06
 -1.96695328e-06 -5.36441803e-07 -7.15255737e-07 -6.55651093e-07
 -1.37090683e-06 -8.34465027e-07]",4.3658115e-06,2.1778148e-06,3.7838383e-06,0.0
14,10,0.9,0.01,73.4508101998732,True,100,default,6291456,6912870400,"[1.00000000e-02 2.77555756e-19 1.38777878e-19 1.38777878e-19
 1.38777878e-19 1.38777878e-19 1.38777878e-19 1.38777878e-19
 2.77555756e-19 1.38777878e-19]",[0.01 0.   0.   0.   0.   0.   0.   0.   0.   0.  ],2.2351741811588166e-10,0.99999999,0.01,"[0.81506258 0.8067838  0.97767138 0.69619119 0.93264121 0.37571055
 1.10785949 0.76629448 0.92355275 0.69395256]",2.6297925,"[0.81506437 0.80678022 0.97766924 0.6961894  0.93264043 0.37571013
 1.10785687 0.76629144 0.92355245 0.69395274]",2.6297882,"[ 1.78813934e-06 -3.57627869e-06 -2.14576721e-06 -1.78813934e-06
 -7.74860382e-07 -4.17232513e-07 -2.62260437e-06 -3.03983688e-06
 -2.98023224e-07  1.78813934e-07]",6.387716e-06,4.1965463e-06,4.815799e-06,0.0
14,10,0.9,2.0,0.0,False,100,default,6291456,6912870400,"[0.56967682 0.65413012 0.64138418 0.64927598 0.60567737 0.60647744
 0.64645153 0.67311893 0.63490388 0.63710092]","[0.1575     0.215      0.19499999 0.215      0.2025     0.21250001
 0.205      0.19750001 0.19750001 0.2025    ]",1.367348742241603,0.9980962217949878,0.634419,"[0.81506258 0.8067838  0.97767138 0.69619119 0.93264121 0.37571055
 1.10785949 0.76629448 0.92355275 0.69395256]",2.6297925,"[0.80248231 0.79391235 0.96192884 0.68561321 0.9170087  0.37104806
 1.0891701  0.75398749 0.90854222 0.68350589]",2.5875947,"[-0.01258028 -0.01287144 -0.01574254 -0.01057798 -0.01563251 -0.00466248
 -0.01868939 -0.01230699 -0.01501054 -0.01044667]",0.04224899,0.042198498,0.0020649391,0.05233915627441309
14,10,0.9,2.0,73.4508101998732,True,100,default,6291456,6912870400,"[2.00000000e+00 5.55111512e-17 2.77555756e-17 2.77555756e-17
 2.77555756e-17 2.77555756e-17 2.77555756e-17 2.77555756e-17
 5.55111512e-17 2.77555756e-17]",[2. 0. 0. 0. 0. 0. 0. 0. 0. 0.],1.0749688212373146e-16,0.99999999999975,2.0,"[0.81506258 0.8067838  0.97767138 0.69619119 0.93264121 0.37571055
 1.10785949 0.76629448 0.92355275 0.69395256]",2.6297925,"[0.790187   0.78259718 0.94789213 0.6765399  0.90535963 0.36883184
 1.07393062 0.74413913 0.89775455 0.67538261]",2.5530272,"[-0.02487558 -0.02418661 -0.02977926 -0.01965129 -0.02728158 -0.0068787
 -0.03392887 -0.02215534 -0.0257982  -0.01856995]",0.07694662,0.07677063,0.0052012247,0.12033130429241841
2,49,0.1,0.01,0.0,False,2024,default,6291456,6912870400,"[0.00313744 0.00329251 0.00339816 0.00321791 0.00302434 0.00305078
 0.00305076 0.00308689 0.00317947 0.00316458]","[0.0007    0.00115   0.0011375 0.001025  0.0011    0.000975  0.0009875
 0.0010625 0.001075  0.0007875]",0.006848158717810186,0.9911248162722619,0.0031933526,"[0.00276148 0.00248619 0.00266481 0.00170371 0.00296685 0.00081116
 0.0040952  0.00200561 0.00261858 0.00187999]",0.008028412,"[0.00276148 0.00248619 0.00266481 0.00170371 0.00296685 0.00081116
 0.00409517 0.00200561 0.00261857 0.00187999]",0.0080284,"[-2.32830644e-09 -5.82076609e-09  1.39698386e-09 -1.04773790e-09
  7.68341124e-09  2.91038305e-10 -2.18860805e-08  4.65661287e-10
 -2.09547579e-09 -2.56113708e-09]",2.432363e-08,1.1823988e-08,2.1256346e-08,0.0
2,49,0.1,0.01,72.39617295717436,True,2024,default,6291456,6912870400,[0.   0.   0.   0.   0.01 0.   0.   0.   0.   0.  ],[0.   0.   0.   0.   0.01 0.   0.   0.   0.   0.  ],2.2351741811588166e-10,0.99999999,0.01,"[0.00276148 0.00248619 0.00266481 0.00170371 0.00296685 0.00081116
 0.0040952  0.00200561 0.00261858 0.00187999]",0.008028412,"[0.00276149 0.00248619 0.00266481 0.00170371 0.00296685 0.00081116
 0.00409518 0.00200562 0.00261857 0.00187999]",0.008028399,"[ 1.86264515e-09 -4.65661287e-10  1.39698386e-09  1.16415322e-10
  4.65661287e-10 -1.16415322e-10 -2.04890966e-08  2.09547579e-09
 -7.91624188e-09 -5.23868948e-09]",2.2807601e-08,1.2591292e-08,1.9016994e-08,0.0
2,49,0.1,2.0,0.0,False,2024,default,6291456,6912870400,"[0.62748778 0.65850292 0.67963208 0.64358107 0.60486712 0.61015565
 0.61015215 0.61737704 0.6358935  0.63291539]","[0.14       0.23       0.22750001 0.205      0.22       0.19499999
 0.19750001 0.21250001 0.215      0.1575    ]",1.3696317395094266,0.9911248792357253,0.6386705,"[0.00276148 0.00248619 0.00266481 0.00170371 0.00296685 0.00081116
 0.0040952  0.00200561 0.00261858 0.00187999]",0.008028412,"[0.00277077 0.0024875  0.0026659  0.00170489 0.00297446 0.00080981
 0.0041147  0.00200511 0.0026239  0.00188375]",0.0080477465,"[ 9.28831287e-06  1.30175613e-06  1.09151006e-06  1.18010212e-06
  7.61263072e-06 -1.35443406e-06  1.95032917e-05 -5.08269295e-07
  5.31878322e-06  3.75474337e-06]",2.3944986e-05,1.9322497e-05,1.4142255e-05,0.09891171693842998
2,49,0.1,2.0,72.39617295717436,True,2024,default,6291456,6912870400,[0. 0. 0. 0. 2. 0. 0. 0. 0. 0.],[0. 0. 0. 0. 2. 0. 0. 0. 0. 0.],0.0,0.99999999999975,2.0,"[0.00276148 0.00248619 0.00266481 0.00170371 0.00296685 0.00081116
 0.0040952  0.00200561 0.00261858 0.00187999]",0.008028412,"[0.00276141 0.00248139 0.0026594  0.00170045 0.00296559 0.00080815
 0.00409971 0.00200028 0.00261639 0.00187878]",0.008023623,"[-7.35744834e-08 -4.80143353e-06 -5.41191548e-06 -3.25217843e-06
 -1.25309452e-06 -3.01346881e-06  4.51039523e-06 -5.32972626e-06
 -2.18767673e-06 -1.21351331e-06]",1.13394935e-05,4.794663e-06,1.0275959e-05,0.07132624918176021
2,31,0.1,0.01,0.0,False,2024,default,6291456,6912870400,"[0.00303966 0.00316119 0.00335905 0.00315482 0.0031293  0.00321592
 0.00322336 0.00311965 0.00318691 0.00301958]","[0.00065   0.001125  0.00115   0.00095   0.0011    0.0011    0.001025
 0.001075  0.0010625 0.0007625]",0.006842060918020196,0.9907172259476289,0.0032015133,"[0.00281202 0.00250043 0.00267356 0.00171938 0.00302245 0.0008064
 0.00420714 0.00201797 0.00265313 0.001899  ]",0.008152715,"[0.00281202 0.00250045 0.00267356 0.00171939 0.00302245 0.0008064
 0.00420716 0.002018   0.00265313 0.001899  ]",0.008152744,"[ 4.88944352e-09  2.25845724e-08  2.32830644e-09  2.09547579e-09
  9.31322575e-09 -5.82076609e-11  1.72294676e-08  3.05008143e-08
 -1.16415322e-09 -1.74622983e-09]",4.3151825e-08,2.8920631e-08,3.2026197e-08,0.0
2,31,0.1,0.01,72.42477289540113,True,2024,default,6291456,6912870400,[0.   0.   0.   0.   0.   0.   0.   0.   0.   0.01],[0.   0.   0.   0.   0.   0.   0.   0.   0.   0.01],2.2351741811588166e-10,0.99999999,0.01,"[0.00281202 0.00250043 0.00267356 0.00171938 0.00302245 0.0008064
 0.00420714 0.00201797 0.00265313 0.001899  ]",0.008152715,"[0.00281202 0.00250044 0.00267355 0.00171938 0.00302246 0.0008064
 0.00420716 0.00201798 0.00265313 0.00189901]",0.008152728,"[ 3.25962901e-09  1.16415322e-08 -1.02445483e-08 -7.21774995e-09
  1.09430403e-08 -1.16415322e-10  1.39698386e-08  6.05359674e-09
 -4.42378223e-09  6.40284270e-09]",2.6745644e-08,1.2617581e-08,2.3582327e-08,0.027976455118293345
2,31,0.1,2.0,0.0,False,2024,default,6291456,6912870400,"[0.60793209 0.63223894 0.67180973 0.63096449 0.62585978 0.64318362
 0.64467244 0.62393052 0.63738262 0.60391547]","[0.13       0.22499999 0.23       0.19       0.22       0.22
 0.205      0.215      0.21250001 0.1525    ]",1.3684121801638027,0.9907172700378806,0.64030266,"[0.00281202 0.00250043 0.00267356 0.00171938 0.00302245 0.0008064
 0.00420714 0.00201797 0.00265313 0.001899  ]",0.008152715,"[0.00284369 0.00252987 0.00270349 0.00173811 0.00305791 0.00081379
 0.00425742 0.00204114 0.00268333 0.00192068]",0.008246871,"[3.16714868e-05 2.94377096e-05 2.99296807e-05 1.87250553e-05
 3.54682561e-05 7.38428207e-06 5.02788462e-05 2.31724698e-05
 3.01997643e-05 2.16764165e-05]",9.420944e-05,9.415471e-05,3.2112105e-06,0.0
2,31,0.1,2.0,72.42477289540113,True,2024,default,6291456,6912870400,[0. 0. 0. 0. 0. 0. 0. 0. 0. 2.],[0. 0. 0. 0. 0. 0. 0. 0. 0. 2.],0.0,0.99999999999975,2.0,"[0.00281202 0.00250043 0.00267356 0.00171938 0.00302245 0.0008064
 0.00420714 0.00201797 0.00265313 0.001899  ]",0.008152715,"[0.0029106  0.00258014 0.00275373 0.00177266 0.00312724 0.00082686
 0.00436499 0.00207916 0.00274198 0.00196123]",0.008429612,"[9.85823572e-05 7.97156245e-05 8.01782589e-05 5.32725826e-05
 1.04798470e-04 2.04574317e-05 1.57851260e-04 6.11860305e-05
 8.88453797e-05 6.22328371e-05]",0.00027779126,0.00027686643,2.2649356e-05,0.15195108845669586
2,48,0.25,0.01,0.0,False,2024,default,6291456,6912870400,"[0.00296171 0.00336769 0.00344767 0.0030755  0.00319598 0.00313739
 0.00293588 0.0031139  0.00320957 0.00314121]","[0.0006125 0.0011875 0.001175  0.0009375 0.0011875 0.001     0.000975
 0.0010625 0.001075  0.0007875]",0.006838139404286164,0.9895796475274466,0.0032109674,"[0.00314161 0.00272739 0.00289972 0.00187623 0.00336093 0.00086858
 0.00475366 0.00217856 0.00293883 0.00210719]",0.0090392325,"[0.00314161 0.00272739 0.00289971 0.00187623 0.00336095 0.00086858
 0.00475366 0.00217856 0.00293883 0.00210719]",0.009039231,"[-8.14907253e-09  0.00000000e+00 -1.07102096e-08 -3.49245965e-10
  1.55996531e-08  9.31322575e-10 -3.25962901e-09  2.56113708e-09
  2.79396772e-09 -4.65661287e-09]",2.1728539e-08,1.7249024e-09,2.1659964e-08,0.0
2,48,0.25,0.01,72.9271191564849,True,2024,default,6291456,6912870400,[0.   0.   0.   0.   0.   0.   0.01 0.   0.   0.  ],[0.   0.   0.   0.   0.   0.   0.01 0.   0.   0.  ],2.2351741811588166e-10,0.99999999,0.01,"[0.00314161 0.00272739 0.00289972 0.00187623 0.00336093 0.00086858
 0.00475366 0.00217856 0.00293883 0.00210719]",0.0090392325,"[0.00314161 0.00272738 0.00289972 0.00187624 0.00336093 0.00086858
 0.00475365 0.00217856 0.00293884 0.0021072 ]",0.009039232,"[ 6.98491931e-10 -3.25962901e-09 -6.75208867e-09  9.31322575e-09
  1.62981451e-09 -6.40284270e-10 -1.11758709e-08  9.31322575e-10
  7.45058060e-09  9.54605639e-09]",2.046734e-08,1.4343808e-09,2.0417016e-08,0.0
2,48,0.25,2.0,0.0,False,2024,default,6291456,6912870400,"[0.59234212 0.67353843 0.68953328 0.61509978 0.63919653 0.6274785
 0.5871758  0.6227796  0.64191364 0.62824237]","[0.1225     0.2375     0.235      0.1875     0.2375     0.2
 0.19499999 0.21250001 0.215      0.1575    ]",1.3676278779996052,0.9895796601105643,0.6421935,"[0.00314161 0.00272739 0.00289972 0.00187623 0.00336093 0.00086858
 0.00475366 0.00217856 0.00293883 0.00210719]",0.0090392325,"[0.00311062 0.00269845 0.00287006 0.00185703 0.00332633 0.00086099
 0.00470711 0.00215472 0.00290883 0.0020866 ]",0.00894785,"[-3.09967436e-05 -2.89306045e-05 -2.96672806e-05 -1.92053849e-05
 -3.46065499e-05 -7.59173417e-06 -4.65479679e-05 -2.38423236e-05
 -3.00065149e-05 -2.05882825e-05]",9.144101e-05,9.138303e-05,3.255703e-06,0.0
2,48,0.25,2.0,72.9271191564849,True,2024,default,6291456,6912870400,[0. 0. 0. 0. 0. 0. 2. 0. 0. 0.],[0. 0. 0. 0. 0. 0. 2. 0. 0. 0.],0.0,0.99999999999975,2.0,"[0.00314161 0.00272739 0.00289972 0.00187623 0.00336093 0.00086858
 0.00475366 0.00217856 0.00293883 0.00210719]",0.0090392325,"[0.00311535 0.00270258 0.00287427 0.00185986 0.00333146 0.00086221
 0.0047146  0.00215807 0.00291275 0.00208968]",0.008961444,"[-2.62667891e-05 -2.48083379e-05 -2.54544429e-05 -1.63746299e-05
 -2.94730999e-05 -6.36908226e-06 -3.90582718e-05 -2.04858370e-05
 -2.60858797e-05 -1.75077002e-05]",7.786459e-05,7.7789584e-05,3.4168759e-06,0.03426402009603798
2,28,0.25,0.01,0.0,False,2024,default,6291456,6912870400,"[0.00335778 0.00321289 0.00330376 0.00333296 0.00295572 0.0028722
 0.00310544 0.00315048 0.00310572 0.00319039]","[0.0008125 0.0010875 0.001125  0.0010375 0.0010875 0.0009125 0.0010125
 0.001075  0.00105   0.0008   ]",0.006853503690223866,0.992428997617161,0.003181735,"[0.00270295 0.0024119  0.00256903 0.00166507 0.0028921  0.00078966
 0.00400876 0.00194889 0.00254996 0.00184595]",0.007826975,"[0.00270294 0.0024119  0.00256904 0.00166507 0.00289211 0.00078966
 0.00400879 0.0019489  0.00254996 0.00184595]",0.007826998,"[-6.51925802e-09 -3.02679837e-09  1.00117177e-08  0.00000000e+00
  1.37370080e-08 -8.14907253e-10  3.30619514e-08  1.32713467e-08
 -7.45058060e-09  2.32830644e-10]",4.081731e-08,2.2961247e-08,3.3746616e-08,0.0
2,28,0.25,0.01,73.30838339149828,True,2024,default,6291456,6912870400,[0.   0.   0.   0.   0.   0.01 0.   0.   0.   0.  ],[0.   0.   0.   0.   0.   0.01 0.   0.   0.   0.  ],2.2351741811588166e-10,0.99999999,0.01,"[0.00270295 0.0024119  0.00256903 0.00166507 0.0028921  0.00078966
 0.00400876 0.00194889 0.00254996 0.00184595]",0.007826975,"[0.00270294 0.0024119  0.00256903 0.00166507 0.0028921  0.00078966
 0.00400878 0.0019489  0.00254996 0.00184594]",0.00782698,"[-1.09430403e-08  9.31322575e-10  2.79396772e-09 -8.14907253e-10
 -6.98491931e-10 -1.51339918e-09  2.04890966e-08  8.84756446e-09
 -8.38190317e-09 -7.45058060e-09]",2.749029e-08,5.0498943e-09,2.7022482e-08,0.0
2,28,0.25,2.0,0.0,False,2024,default,6291456,6912870400,"[0.67155668 0.64257765 0.6607527  0.6665928  0.59114327 0.57444074
 0.62108825 0.63009554 0.62114381 0.63807708]","[0.16249999 0.2175     0.22499999 0.2075     0.2175     0.1825
 0.2025     0.215      0.20999999 0.16      ]",1.3707007393683777,0.9924290496978629,0.636347,"[0.00270295 0.0024119  0.00256903 0.00166507 0.0028921  0.00078966
 0.00400876 0.00194889 0.00254996 0.00184595]",0.007826975,"[0.00270427 0.00241419 0.00257194 0.0016663  0.0028942  0.00078954
 0.00401    0.00195092 0.0025516  0.00184641]",0.007831899,"[ 1.32573768e-06  2.28732824e-06  2.91108154e-06  1.23644713e-06
  2.09803693e-06 -1.12515409e-07  1.23679638e-06  2.02923547e-06
  1.63470395e-06  4.57046553e-07]",5.471351e-06,4.924178e-06,2.384986e-06,0.0
2,28,0.25,2.0,73.30838339149828,True,2024,default,6291456,6912870400,[0. 0. 0. 0. 0. 2. 0. 0. 0. 0.],[0. 0. 0. 0. 0. 2. 0. 0. 0. 0.],0.0,0.99999999999975,2.0,"[0.00270295 0.0024119  0.00256903 0.00166507 0.0028921  0.00078966
 0.00400876 0.00194889 0.00254996 0.00184595]",0.007826975,"[0.00268963 0.0024021  0.00255913 0.00165844 0.0028786  0.00078679
 0.00398763 0.00194131 0.00253841 0.0018376 ]",0.0077909743,"[-1.33165158e-05 -9.80030745e-06 -9.89856198e-06 -6.62961975e-06
 -1.35006849e-05 -2.86684372e-06 -2.11303122e-05 -7.57968519e-06
 -1.15579460e-05 -8.35501123e-06]",3.623714e-05,3.6001456e-05,4.126247e-06,0.027976455118293345
2,7,0.5,0.01,0.0,False,2024,default,6291456,6912870400,"[0.00298605 0.00325993 0.00318359 0.00305896 0.00314967 0.00329751
 0.00346165 0.00304697 0.00315489 0.00299159]","[0.0006125 0.001175  0.001075  0.000925  0.001075  0.0011125 0.0011625
 0.00105   0.0010625 0.00075  ]",0.00683636368757386,0.9901098443055545,0.0032102375,"[0.00257266 0.00229668 0.00246427 0.00158458 0.00276765 0.00077968
 0.00382181 0.00184633 0.0024434  0.00176272]",0.00747243,"[0.00257266 0.00229668 0.00246427 0.00158458 0.00276765 0.00077968
 0.0038218  0.00184634 0.0024434  0.00176272]",0.0074724257,"[-1.86264515e-09  2.79396772e-09 -5.12227416e-09  1.16415322e-09
 -9.31322575e-10 -1.45519152e-09 -4.65661287e-09  1.62981451e-09
 -6.98491931e-10  1.16415322e-10]",8.166723e-09,3.9015737e-09,7.1744757e-09,0.0
2,7,0.5,0.01,72.62615110004822,True,2024,default,6291456,6912870400,"[1.00000000e-02 1.38777878e-19 1.38777878e-19 1.38777878e-19
 2.77555756e-19 2.77555756e-19 1.38777878e-19 1.38777878e-19
 1.38777878e-19 1.38777878e-19]",[0.01 0.   0.   0.   0.   0.   0.   0.   0.   0.  ],2.2351741811588166e-10,0.99999999,0.01,"[0.00257266 0.00229668 0.00246427 0.00158458 0.00276765 0.00077968
 0.00382181 0.00184633 0.0024434  0.00176272]",0.00747243,"[0.00257265 0.00229667 0.00246427 0.00158457 0.00276764 0.00077968
 0.00382178 0.00184633 0.0024434  0.00176272]",0.0074723987,"[-8.14907253e-09 -7.21774995e-09 -5.35510480e-09 -9.42964107e-09
 -1.32713467e-08 -2.15368345e-09 -3.16649675e-08 -8.49831849e-09
  2.56113708e-09  4.65661287e-10]",3.8710894e-08,3.1277537e-08,2.2808969e-08,0.0
2,7,0.5,2.0,0.0,False,2024,default,6291456,6912870400,"[0.59721045 0.65198609 0.63671787 0.61179197 0.62993314 0.65950178
 0.69232919 0.60939364 0.63097722 0.59831749]","[0.1225     0.235      0.215      0.185      0.215      0.2225
 0.2325     0.20999999 0.21250001 0.15000001]",1.3672727368949256,0.990109832671945,0.6420475,"[0.00257266 0.00229668 0.00246427 0.00158458 0.00276765 0.00077968
 0.00382181 0.00184633 0.0024434  0.00176272]",0.00747243,"[0.00260246 0.00232037 0.00248981 0.00160098 0.00279854 0.00078586
 0.00386769 0.00186504 0.0024712  0.00178183]",0.00755564,"[2.97972001e-05 2.36935448e-05 2.55354680e-05 1.64031517e-05
 3.08880117e-05 6.17984915e-06 4.58792783e-05 1.87006081e-05
 2.77981162e-05 1.91048020e-05]",8.339658e-05,8.320805e-05,5.604503e-06,0.044234660174789026
2,7,0.5,2.0,72.62615110004822,True,2024,default,6291456,6912870400,"[2.00000000e+00 2.77555756e-17 2.77555756e-17 2.77555756e-17
 5.55111512e-17 5.55111512e-17 2.77555756e-17 2.77555756e-17
 2.77555756e-17 2.77555756e-17]",[2. 0. 0. 0. 0. 0. 0. 0. 0. 0.],1.0749688212373146e-16,0.99999999999975,2.0,"[0.00257266 0.00229668 0.00246427 0.00158458 0.00276765 0.00077968
 0.00382181 0.00184633 0.0024434  0.00176272]",0.00747243,"[0.0026287  0.00234003 0.00251005 0.00161437 0.00282526 0.00079098
 0.00390909 0.00188019 0.00249376 0.00179813]",0.0076268143,"[5.60339540e-05 4.33470123e-05 4.57756687e-05 2.97927763e-05
 5.76116145e-05 1.12991547e-05 8.72840174e-05 3.38556711e-05
 5.03654592e-05 3.54023650e-05]",0.00015492989,0.00015437296,1.3124903e-05,0.09891171693842998
2,14,0.5,0.01,0.0,False,2024,default,6291456,6912870400,"[0.00333439 0.00316052 0.00339093 0.00330471 0.00283495 0.00269958
 0.00323234 0.00327536 0.00307645 0.00324164]","[0.0008    0.0010875 0.00115   0.001025  0.0010375 0.000825  0.001075
 0.0011375 0.001025  0.0008375]",0.006848149655624051,0.9925525192421082,0.003186593,"[0.00231054 0.00209355 0.00223433 0.00144442 0.00247734 0.00068298
 0.00339706 0.00170518 0.00219046 0.00160019]",0.0067238472,"[0.00231054 0.00209354 0.00223434 0.00144442 0.00247734 0.00068298
 0.00339704 0.00170518 0.00219047 0.00160018]",0.0067238407,"[ 4.65661287e-10 -5.35510480e-09  5.82076609e-09  4.42378223e-09
  2.79396772e-09  2.32830644e-10 -1.88592821e-08  2.44472176e-09
  4.65661287e-09 -7.45058060e-09]",2.3001087e-08,6.7340675e-09,2.1993234e-08,0.0
2,14,0.5,0.01,74.33823796516322,True,2024,default,6291456,6912870400,[0.   0.   0.   0.   0.   0.01 0.   0.   0.   0.  ],[0.   0.   0.   0.   0.   0.01 0.   0.   0.   0.  ],2.2351741811588166e-10,0.99999999,0.01,"[0.00231054 0.00209355 0.00223433 0.00144442 0.00247734 0.00068298
 0.00339706 0.00170518 0.00219046 0.00160019]",0.0067238472,"[0.00231055 0.00209354 0.00223434 0.00144442 0.00247734 0.00068298
 0.00339705 0.00170518 0.00219046 0.00160019]",0.0067238477,"[ 4.65661287e-09 -1.86264515e-09  1.37370080e-08 -1.97906047e-09
 -1.39698386e-09 -2.32830644e-10 -9.77888703e-09  3.84170562e-09
 -3.02679837e-09  1.04773790e-09]",1.8450635e-08,8.146875e-11,1.8450455e-08,0.0
2,14,0.5,2.0,0.0,False,2024,default,6291456,6912870400,"[0.66687735 0.63210479 0.67818576 0.66094276 0.56698982 0.53991581
 0.64646826 0.65507124 0.61529034 0.64832753]","[0.16       0.2175     0.23       0.205      0.2075     0.16500001
 0.215      0.22750001 0.205      0.1675    ]",1.3696299305693544,0.9925525534703332,0.6373186,"[0.00231054 0.00209355 0.00223433 0.00144442 0.00247734 0.00068298
 0.00339706 0.00170518 0.00219046 0.00160019]",0.0067238472,"[0.0023307  0.00211103 0.00225387 0.00145592 0.00250009 0.00068755
 0.0034287  0.00171969 0.002209   0.00161313]",0.0067828153,"[2.01524235e-05 1.74876768e-05 1.95449684e-05 1.15024159e-05
 2.27487180e-05 4.56866110e-06 3.16458754e-05 1.45097729e-05
 1.85337849e-05 1.29415421e-05]",5.9055965e-05,5.8967144e-05,3.2377652e-06,0.019782341029446364
2,14,0.5,2.0,74.33823796516322,True,2024,default,6291456,6912870400,[0. 0. 0. 0. 0. 2. 0. 0. 0. 0.],[0. 0. 0. 0. 0. 2. 0. 0. 0. 0.],0.0,0.99999999999975,2.0,"[0.00231054 0.00209355 0.00223433 0.00144442 0.00247734 0.00068298
 0.00339706 0.00170518 0.00219046 0.00160019]",0.0067238472,"[0.00232334 0.00210449 0.00224643 0.00145167 0.00249178 0.00068574
 0.00341808 0.00171434 0.00220257 0.0016082 ]",0.006761626,"[1.27928797e-05 1.09430403e-05 1.20957848e-05 7.24685378e-06
 1.44368969e-05 2.75921775e-06 2.10229773e-05 9.16677527e-06
 1.21127814e-05 8.01042188e-06]",3.7883397e-05,3.777737e-05,2.8323652e-06,0.019782341029446364
2,4,0.75,0.01,0.0,False,2024,default,6291456,6912870400,"[0.00315733 0.00326082 0.00334479 0.00307142 0.00317694 0.00298818
 0.00310101 0.00311125 0.00315949 0.00323673]","[0.0007125 0.001125  0.001125  0.00095   0.0011625 0.0009375 0.0010375
 0.001075  0.0010375 0.0008375]",0.006847889220080063,0.9917084018952596,0.003190856,"[0.0042555  0.00365615 0.00387059 0.00250645 0.00452164 0.00113793
 0.00642988 0.00291694 0.00393921 0.00283595]",0.012161107,"[0.00425552 0.00365613 0.00387061 0.00250645 0.00452165 0.00113793
 0.00642989 0.00291694 0.0039392  0.00283596]",0.012161124,"[ 2.14204192e-08 -1.42026693e-08  1.79279596e-08  2.09547579e-09
  1.21071935e-08  5.82076609e-10  1.16415322e-08 -2.32830644e-09
 -1.21071935e-08  6.75208867e-09]",3.8293564e-08,1.7169182e-08,3.422888e-08,0.027976455118293345
2,4,0.75,0.01,72.61339599753754,True,2024,default,6291456,6912870400,[0.   0.   0.   0.   0.   0.01 0.   0.   0.   0.  ],[0.   0.   0.   0.   0.   0.01 0.   0.   0.   0.  ],2.2351741811588166e-10,0.99999999,0.01,"[0.0042555  0.00365615 0.00387059 0.00250645 0.00452164 0.00113793
 0.00642988 0.00291694 0.00393921 0.00283595]",0.012161107,"[0.00425552 0.00365613 0.00387061 0.00250645 0.00452163 0.00113793
 0.00642988 0.00291694 0.00393921 0.00283595]",0.012161105,"[ 1.49011612e-08 -1.32713467e-08  1.74622983e-08  4.88944352e-09
 -1.07102096e-08  4.65661287e-10 -6.98491931e-09 -9.08039510e-09
  0.00000000e+00  4.65661287e-09]",3.1541465e-08,9.338511e-10,3.1527634e-08,0.0
2,4,0.75,2.0,0.0,False,2024,default,6291456,6912870400,"[0.63146699 0.65216321 0.66895878 0.61428363 0.6353889  0.59763536
 0.62020141 0.6222493  0.63189802 0.6473455 ]","[0.1425     0.22499999 0.22499999 0.19       0.2325     0.1875
 0.2075     0.215      0.2075     0.1675    ]",1.3695778339961606,0.9917084420605361,0.6381712,"[0.0042555  0.00365615 0.00387059 0.00250645 0.00452164 0.00113793
 0.00642988 0.00291694 0.00393921 0.00283595]",0.012161107,"[0.00414401 0.00356766 0.00377942 0.00244629 0.00440577 0.00111399
 0.00625271 0.00284827 0.00383968 0.00276475]",0.011849775,"[-1.11488160e-04 -8.84844922e-05 -9.11697280e-05 -6.01520296e-05
 -1.15873292e-04 -2.39488436e-05 -1.77172013e-04 -6.86715357e-05
 -9.95351002e-05 -7.11968169e-05]",0.0003118836,0.0003113446,1.8328345e-05,0.08846932694105811
2,4,0.75,2.0,72.61339599753754,True,2024,default,6291456,6912870400,[0. 0. 0. 0. 0. 2. 0. 0. 0. 0.],[0. 0. 0. 0. 0. 2. 0. 0. 0. 0.],0.0,0.99999999999975,2.0,"[0.0042555  0.00365615 0.00387059 0.00250645 0.00452164 0.00113793
 0.00642988 0.00291694 0.00393921 0.00283595]",0.012161107,"[0.00409522 0.00353283 0.00374424 0.00242258 0.00435478 0.00110553
 0.00617411 0.00282151 0.00379929 0.00273685]",0.011718863,"[-1.60277355e-04 -1.23317353e-04 -1.26347644e-04 -8.38697888e-05
 -1.66862272e-04 -3.24079301e-05 -2.55776569e-04 -9.54326242e-05
 -1.39916083e-04 -9.91022680e-05]",0.0004435245,0.00044229068,3.305938e-05,0.16432452156180907
2,0,0.75,0.01,0.0,False,2024,default,6291456,6912870400,"[0.00312754 0.00312561 0.00315272 0.00320095 0.00324082 0.00320669
 0.00329821 0.00314606 0.00315162 0.00296124]","[0.0006875 0.0011    0.001075  0.00095   0.001175  0.0010875 0.0010375
 0.0010875 0.00105   0.00075  ]",0.006845001627898402,0.9907945846013883,0.003198144,"[0.00297852 0.00266072 0.00283591 0.00184149 0.00320484 0.00088716
 0.00442906 0.00216096 0.00281267 0.0020359 ]",0.008647824,"[0.00297852 0.00266071 0.00283589 0.00184147 0.00320482 0.00088715
 0.00442905 0.00216094 0.00281268 0.0020359 ]",0.008647798,"[ 2.32830644e-09 -3.25962901e-09 -1.58324838e-08 -1.28056854e-08
 -1.62981451e-08 -7.45058060e-09 -1.58324838e-08 -2.14204192e-08
  1.23400241e-08 -7.21774995e-09]",4.081316e-08,2.6071273e-08,3.1400678e-08,0.0
2,0,0.75,0.01,72.77506120848895,True,2024,default,6291456,6912870400,[0.   0.   0.   0.   0.   0.   0.   0.   0.   0.01],[0.   0.   0.   0.   0.   0.   0.   0.   0.   0.01],2.2351741811588166e-10,0.99999999,0.01,"[0.00297852 0.00266072 0.00283591 0.00184149 0.00320484 0.00088716
 0.00442906 0.00216096 0.00281267 0.0020359 ]",0.008647824,"[0.00297854 0.00266071 0.00283589 0.00184148 0.00320483 0.00088716
 0.00442907 0.00216096 0.00281271 0.00203591]",0.008647833,"[ 1.49011612e-08 -1.39698386e-09 -1.72294676e-08 -3.60887498e-09
 -1.14087015e-08 -1.28056854e-09  2.79396772e-09 -1.62981451e-09
  4.16766852e-08  4.42378223e-09]",4.932192e-08,9.544852e-09,4.8389538e-08,0.0
2,0,0.75,2.0,0.0,False,2024,default,6291456,6912870400,"[0.62550773 0.62512274 0.63054453 0.64019036 0.64816414 0.64133806
 0.65964182 0.62921113 0.63032454 0.59224764]","[0.1375     0.22       0.215      0.19       0.235      0.2175
 0.2075     0.2175     0.20999999 0.15000001]",1.3690003222027662,0.9907945856726696,0.6396288,"[0.00297852 0.00266072 0.00283591 0.00184149 0.00320484 0.00088716
 0.00442906 0.00216096 0.00281267 0.0020359 ]",0.008647824,"[0.00294319 0.00264246 0.00281833 0.00182756 0.0031713  0.00088355
 0.00436961 0.00214869 0.00278557 0.00201648]",0.008561636,"[-3.53313517e-05 -1.82520598e-05 -1.75840687e-05 -1.39285112e-05
 -3.35418154e-05 -3.60392733e-06 -5.94579615e-05 -1.22666825e-05
 -2.70989258e-05 -1.94248278e-05]",8.9554924e-05,8.622128e-05,2.420692e-05,0.16071255014426922
2,0,0.75,2.0,72.77506120848895,True,2024,default,6291456,6912870400,[0. 0. 0. 0. 0. 0. 0. 0. 0. 2.],[0. 0. 0. 0. 0. 0. 0. 0. 0. 2.],0.0,0.99999999999975,2.0,"[0.00297852 0.00266072 0.00283591 0.00184149 0.00320484 0.00088716
 0.00442906 0.00216096 0.00281267 0.0020359 ]",0.008647824,"[0.00297231 0.0026624  0.0028378  0.00184125 0.00320129 0.00088782
 0.00441875 0.00216285 0.00281061 0.00203394]",0.008639586,"[-6.21424988e-06  1.68615952e-06  1.88662671e-06 -2.32830644e-07
 -3.55159864e-06  6.65953849e-07 -1.03181228e-05  1.89151615e-06
 -2.05892138e-06 -1.96322799e-06]",1.3276515e-05,8.2440365e-06,1.0406811e-05,0.06561060592844098
2,58,0.9,0.01,0.0,False,2024,default,6291456,6912870400,"[0.0030464  0.00331408 0.00351347 0.00309718 0.00314161 0.00303531
 0.0030054  0.0030796  0.00315064 0.00320526]","[0.00065   0.001175  0.0012    0.00095   0.0011625 0.00095   0.0009875
 0.0010625 0.0010625 0.0008   ]",0.006843425971637601,0.9896810300787869,0.003205074,"[0.00479515 0.0043587  0.00464855 0.00299681 0.00515691 0.00144665
 0.00710314 0.00350908 0.00457148 0.00331511]",0.01399731,"[0.00479514 0.00435871 0.00464856 0.00299682 0.0051569  0.00144666
 0.00710312 0.00350907 0.00457148 0.00331511]",0.013997302,"[-1.02445483e-08  1.25728548e-08  8.84756446e-09  1.32713467e-08
 -1.07102096e-08  4.30736691e-09 -1.58324838e-08 -1.18743628e-08
  3.72529030e-09 -1.39698386e-09]",3.2529908e-08,7.4409128e-09,3.1667454e-08,0.019782341029446364
2,58,0.9,0.01,72.50998188053615,True,2024,default,6291456,6912870400,[0.   0.   0.   0.   0.   0.   0.01 0.   0.   0.  ],[0.   0.   0.   0.   0.   0.   0.01 0.   0.   0.  ],2.2351741811588166e-10,0.99999999,0.01,"[0.00479515 0.0043587  0.00464855 0.00299681 0.00515691 0.00144665
 0.00710314 0.00350908 0.00457148 0.00331511]",0.01399731,"[0.00479516 0.0043587  0.00464855 0.00299681 0.00515691 0.00144666
 0.00710312 0.00350908 0.00457148 0.00331511]",0.013997309,"[ 9.77888703e-09  5.12227416e-09  0.00000000e+00  3.95812094e-09
 -1.39698386e-09  2.67755240e-09 -1.16415322e-08 -4.88944352e-09
  6.05359674e-09 -7.21774995e-09]",1.9870223e-08,1.3112422e-09,1.9826912e-08,0.019782341029446364
2,58,0.9,2.0,0.0,False,2024,default,6291456,6912870400,"[0.60927982 0.66281583 0.70269373 0.61943566 0.62832136 0.60706174
 0.60107928 0.61592021 0.63012705 0.64105263]","[0.13       0.235      0.23999999 0.19       0.2325     0.19
 0.19750001 0.21250001 0.21250001 0.16      ]",1.3686851837486724,0.9896810541022493,0.6410148,"[0.00479515 0.0043587  0.00464855 0.00299681 0.00515691 0.00144665
 0.00710314 0.00350908 0.00457148 0.00331511]",0.01399731,"[0.00483711 0.00440102 0.00469982 0.00302372 0.00520653 0.00145851
 0.00717129 0.00354623 0.00461371 0.00334325]",0.014131516,"[4.19579446e-05 4.23211604e-05 5.12762927e-05 2.69119628e-05
 4.96185385e-05 1.18536409e-05 6.81527890e-05 3.71425413e-05
 4.22354788e-05 2.81366520e-05]",0.00013456392,0.00013420336,9.844035e-06,0.044234660174789026
2,58,0.9,2.0,72.50998188053615,True,2024,default,6291456,6912870400,[0. 0. 0. 0. 0. 0. 2. 0. 0. 0.],[0. 0. 0. 0. 0. 0. 2. 0. 0. 0.],0.0,0.99999999999975,2.0,"[0.00479515 0.0043587  0.00464855 0.00299681 0.00515691 0.00144665
 0.00710314 0.00350908 0.00457148 0.00331511]",0.01399731,"[0.00483142 0.0043974  0.00469506 0.00302192 0.00520056 0.00145822
 0.00716084 0.00354411 0.00460776 0.00333943]",0.014115562,"[3.62675637e-05 3.86969186e-05 4.65153717e-05 2.51187012e-05
 4.36422415e-05 1.15648145e-05 5.77070750e-05 3.50223854e-05
 3.62806022e-05 2.43182294e-05]",0.000118786105,0.00011824715,1.130258e-05,0.048456642643301504
2,57,0.9,0.01,0.0,False,2024,default,6291456,6912870400,"[0.00296293 0.00306375 0.00316117 0.00303895 0.0034779  0.00326378
 0.0032405  0.00308117 0.00329367 0.00300259]","[0.0006125 0.0011125 0.0010375 0.0009625 0.001175  0.0010875 0.0011125
 0.00105   0.0011    0.00075  ]",0.006836184626785258,0.990605014538576,0.0032080465,"[0.00432039 0.00375306 0.00397184 0.0025831  0.0046116  0.00119676
 0.00651623 0.00301756 0.00403988 0.00290089]",0.012417766,"[0.00432041 0.00375308 0.00397187 0.00258311 0.00461162 0.00119677
 0.00651623 0.0030176  0.00403989 0.00290091]",0.012417818,"[ 2.00234354e-08  1.81607902e-08  3.39932740e-08  1.25728548e-08
  2.18860805e-08  1.58324838e-08 -2.32830644e-09  3.70200723e-08
  1.72294676e-08  1.51339918e-08]",6.83801e-08,5.2512146e-08,4.3798554e-08,0.0
2,57,0.9,0.01,72.76490420237334,True,2024,default,6291456,6912870400,[0.01 0.   0.   0.   0.   0.   0.   0.   0.   0.  ],[0.01 0.   0.   0.   0.   0.   0.   0.   0.   0.  ],2.2351741811588166e-10,0.99999999,0.01,"[0.00432039 0.00375306 0.00397184 0.0025831  0.0046116  0.00119676
 0.00651623 0.00301756 0.00403988 0.00290089]",0.012417766,"[0.00432041 0.00375309 0.00397187 0.00258311 0.00461165 0.00119677
 0.00651628 0.00301759 0.00403989 0.00290091]",0.012417857,"[1.72294676e-08 3.30619514e-08 2.93366611e-08 1.39698386e-08
 5.54136932e-08 1.59488991e-08 5.02914190e-08 2.77068466e-08
 8.38190317e-09 1.49011612e-08]",9.6747016e-08,8.9723564e-08,3.618933e-08,0.027976455118293345
2,57,0.9,2.0,0.0,False,2024,default,6291456,6912870400,"[0.59258628 0.61275077 0.63223305 0.60779063 0.69558079 0.65275572
 0.64809952 0.61623334 0.65873331 0.60051742]","[0.1225     0.2225     0.2075     0.1925     0.235      0.2175
 0.2225     0.20999999 0.22       0.15000001]",1.3672369196508278,0.9906050512850785,0.6416093,"[0.00432039 0.00375306 0.00397184 0.0025831  0.0046116  0.00119676
 0.00651623 0.00301756 0.00403988 0.00290089]",0.012417766,"[0.00430379 0.00374585 0.00396688 0.00257671 0.00459864 0.00119409
 0.00648994 0.00301343 0.00402864 0.00289153]",0.012381193,"[-1.66003592e-05 -7.20284879e-06 -4.96208668e-06 -6.38444908e-06
 -1.29630789e-05 -2.66241841e-06 -2.62903050e-05 -4.13181260e-06
 -1.12378038e-05 -9.35560092e-06]",3.8600956e-05,3.657988e-05,1.2326647e-05,0.0625572578997782
2,57,0.9,2.0,72.76490420237334,True,2024,default,6291456,6912870400,[2. 0. 0. 0. 0. 0. 0. 0. 0. 0.],[2. 0. 0. 0. 0. 0. 0. 0. 0. 0.],0.0,0.99999999999975,2.0,"[0.00432039 0.00375306 0.00397184 0.0025831  0.0046116  0.00119676
 0.00651623 0.00301756 0.00403988 0.00290089]",0.012417766,"[0.00446371 0.00386773 0.00409195 0.00266013 0.00476636 0.00122464
 0.00674672 0.00310682 0.00416998 0.00299059]",0.0128228385,"[1.43320765e-04 1.14673981e-04 1.20106619e-04 7.70282932e-05
 1.54757872e-04 2.78867083e-05 2.30489764e-04 8.92600510e-05
 1.30098779e-04 8.97040591e-05]",0.0004060086,0.0004050428,2.7987047e-05,0.12194656246489412
8,45,0.1,0.01,0.0,False,2024,default,6291456,6912870400,"[0.00356207 0.00322544 0.00312949 0.00325983 0.00301769 0.00306674
 0.00297422 0.00314177 0.00300915 0.00319451]","[0.0009    0.0010375 0.0011125 0.001     0.0011375 0.0009625 0.00095
 0.001075  0.001025  0.0008   ]",0.006859394899741749,0.9921697721683079,0.0031769676,"[0.15663467 0.15263613 0.19280988 0.11225056 0.17220196 0.03777166
 0.22862071 0.12767825 0.16955107 0.11336009]",0.48872843,"[0.15663491 0.15263627 0.19280995 0.11225051 0.17220186 0.03777166
 0.22862105 0.12767826 0.16955109 0.11336012]",0.48872876,"[ 2.38418579e-07  1.49011612e-07  7.45058060e-08 -5.21540642e-08
 -1.04308128e-07  0.00000000e+00  3.42726707e-07  1.49011612e-08
  1.49011612e-08  2.98023224e-08]",4.6582517e-07,2.799103e-07,3.723484e-07,0.019782341029446364
8,45,0.1,0.01,72.69715518495107,True,2024,default,6291456,6912870400,"[2.77555756e-19 2.77555756e-19 2.77555756e-19 4.16333634e-19
 2.77555756e-19 2.77555756e-19 1.00000000e-02 2.77555756e-19
 4.16333634e-19 2.77555756e-19]",[0.   0.   0.   0.   0.   0.   0.01 0.   0.   0.  ],2.2351741811588166e-10,0.99999999,0.01,"[0.15663467 0.15263613 0.19280988 0.11225056 0.17220196 0.03777166
 0.22862071 0.12767825 0.16955107 0.11336009]",0.48872843,"[0.15663494 0.15263604 0.19280989 0.11225053 0.17220181 0.03777167
 0.22862093 0.1276782  0.16955106 0.11336011]",0.48872855,"[ 2.68220901e-07 -8.94069672e-08  1.49011612e-08 -2.98023224e-08
 -1.49011612e-07  7.45058060e-09  2.23517418e-07 -4.47034836e-08
 -1.49011612e-08  1.49011612e-08]",3.945995e-07,9.631276e-08,3.8266518e-07,0.019782341029446364
8,45,0.1,2.0,0.0,False,2024,default,6291456,6912870400,"[0.71241475 0.64508717 0.62589757 0.65196642 0.60353867 0.61334801
 0.59484456 0.6283544  0.60183073 0.63890183]","[0.18000001 0.2075     0.2225     0.2        0.22750001 0.1925
 0.19       0.215      0.205      0.16      ]",1.3718789807066816,0.9921697439402662,0.63539356,"[0.15663467 0.15263613 0.19280988 0.11225056 0.17220196 0.03777166
 0.22862071 0.12767825 0.16955107 0.11336009]",0.48872843,"[0.1571424  0.15309456 0.19331111 0.11257858 0.1727856  0.03788397
 0.22940959 0.12803593 0.17009974 0.11372134]",0.4902584,"[0.00050773 0.00045843 0.00050123 0.00032802 0.00058363 0.0001123
 0.00078888 0.00035769 0.00054866 0.00036125]",0.0015368223,0.001529908,0.0001456174,0.027976455118293345
8,45,0.1,2.0,72.69715518495107,True,2024,default,6291456,6912870400,"[5.55111512e-17 5.55111512e-17 5.55111512e-17 8.32667268e-17
 5.55111512e-17 5.55111512e-17 2.00000000e+00 5.55111512e-17
 8.32667268e-17 5.55111512e-17]",[0. 0. 0. 0. 0. 0. 2. 0. 0. 0.],1.8824747269678055e-16,0.99999999999975,2.0,"[0.15663467 0.15263613 0.19280988 0.11225056 0.17220196 0.03777166
 0.22862071 0.12767825 0.16955107 0.11336009]",0.48872843,"[0.15769212 0.15365602 0.19402084 0.11298379 0.17338514 0.0380205
 0.23017405 0.12850952 0.17069304 0.11410762]",0.49198154,"[0.00105745 0.0010199  0.00121096 0.00073323 0.00118318 0.00024883
 0.00155334 0.00083128 0.00114197 0.00074752]",0.003254387,0.0032530627,9.2849215e-05,0.019782341029446364
8,33,0.1,0.01,0.0,False,2024,default,6291456,6912870400,"[0.00305791 0.00312469 0.00313019 0.00311719 0.00314895 0.00344249
 0.00318626 0.00312838 0.00315507 0.00311615]","[0.0006625 0.0011125 0.00105   0.0009625 0.00105   0.0012    0.0010375
 0.0010875 0.0010625 0.000775 ]",0.006843490019761301,0.9908414119983125,0.0031994628,"[0.18679184 0.18238394 0.23061408 0.13389383 0.20646809 0.04536373
 0.27432641 0.15256937 0.20363086 0.13544782]",0.5850611,"[0.18679085 0.1823844  0.23061253 0.13389376 0.20646803 0.04536376
 0.27432641 0.15256947 0.20363118 0.13544808]",0.5850605,"[-9.83476639e-07  4.61935997e-07 -1.54972076e-06 -7.45058060e-08
 -5.96046448e-08  2.98023224e-08  0.00000000e+00  1.04308128e-07
  3.12924385e-07  2.68220901e-07]",1.9424165e-06,6.1841115e-07,1.8413444e-06,0.0
8,33,0.1,0.01,72.19422347835044,True,2024,default,6291456,6912870400,[0.01 0.   0.   0.   0.   0.   0.   0.   0.   0.  ],[0.01 0.   0.   0.   0.   0.   0.   0.   0.   0.  ],2.2351741638115818e-10,0.99999999,0.01,"[0.18679184 0.18238394 0.23061408 0.13389383 0.20646809 0.04536373
 0.27432641 0.15256937 0.20363086 0.13544782]",0.5850611,"[0.1867902  0.18238434 0.23059887 0.13389352 0.2064666  0.04536388
 0.27432835 0.1525702  0.20363124 0.13544744]",0.58505523,"[-1.63912773e-06  4.02331352e-07 -1.52140856e-05 -3.12924385e-07
 -1.49011612e-06  1.52736902e-07  1.93715096e-06  8.34465027e-07
  3.72529030e-07 -3.72529030e-07]",1.5536574e-05,5.8111623e-06,1.440887e-05,0.0
8,33,0.1,2.0,0.0,False,2024,default,6291456,6912870400,"[0.61158259 0.62493861 0.62603869 0.62343869 0.62978991 0.68849734
 0.63725215 0.62567516 0.63101369 0.62323056]","[0.13249999 0.2225     0.20999999 0.1925     0.20999999 0.23999999
 0.2075     0.2175     0.21250001 0.155     ]",1.3686979949623677,0.9908414215007896,0.6398926,"[0.18679184 0.18238394 0.23061408 0.13389383 0.20646809 0.04536373
 0.27432641 0.15256937 0.20363086 0.13544782]",0.5850611,"[0.18869655 0.18426158 0.23293826 0.13526015 0.20869631 0.0458215
 0.27739143 0.15410239 0.2057475  0.13689609]",0.5912141,"[0.00190471 0.00187764 0.00232418 0.00136632 0.00222822 0.00045777
 0.00306502 0.00153302 0.00211664 0.00144827]",0.0061578155,0.006152984,0.00024389391,0.0
8,33,0.1,2.0,72.19422347835044,True,2024,default,6291456,6912870400,[2. 0. 0. 0. 0. 0. 0. 0. 0. 0.],[2. 0. 0. 0. 0. 0. 0. 0. 0. 0.],2.220446049250313e-16,0.9999999999997501,2.0,"[0.18679184 0.18238394 0.23061408 0.13389383 0.20646809 0.04536373
 0.27432641 0.15256937 0.20363086 0.13544782]",0.5850611,"[0.18996082 0.18540722 0.23450284 0.13610718 0.21000499 0.04607573
 0.27907178 0.15510225 0.20702811 0.13774422]",0.59495765,"[0.00316899 0.00302328 0.00388876 0.00221334 0.00353689 0.000712
 0.00474536 0.00253288 0.00339724 0.0022964 ]",0.009897944,0.009896562,0.00016531725,0.0
8,15,0.25,0.01,0.0,False,2024,default,6291456,6912870400,"[0.00302977 0.00310015 0.00300152 0.0030111  0.00363718 0.00356772
 0.00289513 0.00295665 0.00327208 0.00305712]","[0.00065   0.0011125 0.000975  0.0009875 0.0012375 0.0012875 0.00085
 0.0010375 0.0011    0.0007625]",0.0068280705915840555,0.989941871813264,0.0032195204,"[0.31420356 0.30664694 0.38807011 0.22451352 0.34779322 0.07412631
 0.46283239 0.25591779 0.34252965 0.22723335]",0.98431957,"[0.31420171 0.30664694 0.38806987 0.22451396 0.34779331 0.07412628
 0.46283174 0.2559177  0.34252939 0.22723173]",0.98431826,"[-1.84774399e-06  0.00000000e+00 -2.38418579e-07  4.47034836e-07
  8.94069672e-08 -2.98023224e-08 -6.55651093e-07 -8.94069672e-08
 -2.68220901e-07 -1.62422657e-06]",2.6129771e-06,1.3523342e-06,2.235809e-06,0.0
8,15,0.25,0.01,73.17116824460231,True,2024,default,6291456,6912870400,"[1.38777878e-19 2.77555756e-19 1.38777878e-19 1.38777878e-19
 1.38777878e-19 2.77555756e-19 1.00000000e-02 1.38777878e-19
 2.77555756e-19 1.38777878e-19]",[0.   0.   0.   0.   0.   0.   0.01 0.   0.   0.  ],2.2351741811588166e-10,0.99999999,0.01,"[0.31420356 0.30664694 0.38807011 0.22451352 0.34779322 0.07412631
 0.46283239 0.25591779 0.34252965 0.22723335]",0.98431957,"[0.31420186 0.30664662 0.3880699  0.22451399 0.3477931  0.0741263
 0.46283183 0.25591743 0.34252936 0.22723103]",0.98431796,"[-1.69873238e-06 -3.27825546e-07 -2.08616257e-07  4.76837158e-07
 -1.19209290e-07 -1.49011612e-08 -5.66244125e-07 -3.57627869e-07
 -2.98023224e-07 -2.32458115e-06]",3.0363653e-06,1.6606845e-06,2.5419758e-06,0.0
8,15,0.25,2.0,0.0,False,2024,default,6291456,6912870400,"[0.60595334 0.62002942 0.60030465 0.60221918 0.72743636 0.71354424
 0.57902698 0.59132996 0.65441537 0.61142339]","[0.13       0.2225     0.19499999 0.19750001 0.2475     0.25749999
 0.17       0.2075     0.22       0.1525    ]",1.3656141013529928,0.9899419259426522,0.6439041,"[0.31420356 0.30664694 0.38807011 0.22451352 0.34779322 0.07412631
 0.46283239 0.25591779 0.34252965 0.22723335]",0.98431957,"[0.3127712  0.3052648  0.38642451 0.22344248 0.346145   0.07378904
 0.46050221 0.25482029 0.3409735  0.22624294]",0.97977984,"[-0.00143236 -0.00138214 -0.00164559 -0.00107104 -0.00164822 -0.00033727
 -0.00233018 -0.0010975  -0.00155616 -0.00099041]",0.0045479927,0.0045398143,0.00027263354,0.0
8,15,0.25,2.0,73.17116824460231,True,2024,default,6291456,6912870400,"[2.77555756e-17 5.55111512e-17 2.77555756e-17 2.77555756e-17
 2.77555756e-17 5.55111512e-17 2.00000000e+00 2.77555756e-17
 5.55111512e-17 2.77555756e-17]",[0. 0. 0. 0. 0. 0. 2. 0. 0. 0.],1.1775693440128312e-16,0.99999999999975,2.0,"[0.31420356 0.30664694 0.38807011 0.22451352 0.34779322 0.07412631
 0.46283239 0.25591779 0.34252965 0.22723335]",0.98431957,"[0.31273761 0.3052173  0.38638273 0.22345476 0.34610996 0.0738155
 0.46050677 0.25478709 0.34083968 0.22621563]",0.9796709,"[-0.00146595 -0.00142965 -0.00168738 -0.00105876 -0.00168326 -0.00031081
 -0.00232562 -0.0011307  -0.00168997 -0.00101772]",0.0046550883,0.004648756,0.00024273248,0.0
8,52,0.25,0.01,0.0,False,2024,default,6291456,6912870400,"[0.00316408 0.0031591  0.00332174 0.0033376  0.00302689 0.00297972
 0.00312643 0.00324744 0.00315333 0.00308716]","[0.000725  0.001075  0.0011375 0.0010375 0.0011    0.000925  0.0010625
 0.0011    0.001075  0.0007625]",0.006847149389981491,0.991485503037688,0.0031926674,"[0.25382349 0.24820843 0.31439897 0.1817728  0.28104231 0.06053024
 0.37358874 0.20738742 0.27680093 0.18388808]",0.7959788,"[0.25382259 0.24820814 0.31439972 0.18177424 0.28104091 0.06053011
 0.3735902  0.20738754 0.27680063 0.18388838]",0.7959792,"[-8.94069672e-07 -2.98023224e-07  7.45058060e-07  1.44541264e-06
 -1.40070915e-06 -1.22934580e-07  1.46031380e-06  1.19209290e-07
 -2.98023224e-07  2.98023224e-07]",2.7989229e-06,4.2408627e-07,2.7666078e-06,0.0
8,52,0.25,0.01,72.66416607021378,True,2024,default,6291456,6912870400,"[5.55111512e-19 4.16333634e-19 5.55111512e-19 5.55111512e-19
 5.55111512e-19 1.00000000e-02 5.55111512e-19 5.55111512e-19
 4.16333634e-19 5.55111512e-19]",[0.   0.   0.   0.   0.   0.01 0.   0.   0.   0.  ],2.2351741811588166e-10,0.99999999,0.01,"[0.25382349 0.24820843 0.31439897 0.1817728  0.28104231 0.06053024
 0.37358874 0.20738742 0.27680093 0.18388808]",0.7959788,"[0.25382313 0.24820903 0.3143988  0.18177347 0.28104228 0.06053006
 0.37358913 0.20738743 0.27680045 0.18388778]",0.79597884,"[-3.57627869e-07  5.96046448e-07 -1.78813934e-07  6.70552254e-07
 -2.98023224e-08 -1.82539225e-07  3.87430191e-07  1.49011612e-08
 -4.76837158e-07 -2.98023224e-07]",1.2105818e-06,8.097167e-08,1.2078708e-06,0.0
8,52,0.25,2.0,0.0,False,2024,default,6291456,6912870400,"[0.63281678 0.63181942 0.6643474  0.66751912 0.60537782 0.59594388
 0.62528615 0.64948721 0.63066524 0.61743131]","[0.145      0.215      0.22750001 0.2075     0.22       0.185
 0.21250001 0.22       0.215      0.1525    ]",1.36942988106678,0.99148553460212,0.6385335,"[0.25382349 0.24820843 0.31439897 0.1817728  0.28104231 0.06053024
 0.37358874 0.20738742 0.27680093 0.18388808]",0.7959788,"[0.25415295 0.24854214 0.3148492  0.18204136 0.28151464 0.0606476
 0.3741414  0.20768708 0.27720571 0.18416339]",0.7971446,"[0.00032946 0.00033371 0.00045022 0.00026856 0.00047234 0.00011736
 0.00055265 0.00029966 0.00040478 0.00027531]",0.0011689647,0.0011658029,8.5916865e-05,0.0
8,52,0.25,2.0,72.66416607021378,True,2024,default,6291456,6912870400,"[1.11022302e-16 8.32667268e-17 1.11022302e-16 1.11022302e-16
 1.11022302e-16 2.00000000e+00 1.11022302e-16 1.11022302e-16
 8.32667268e-17 1.11022302e-16]",[0. 0. 0. 0. 0. 2. 0. 0. 0. 0.],3.1646225226420963e-16,0.99999999999975,2.0,"[0.25382349 0.24820843 0.31439897 0.1817728  0.28104231 0.06053024
 0.37358874 0.20738742 0.27680093 0.18388808]",0.7959788,"[0.25530171 0.2496925  0.31626818 0.18284625 0.28272888 0.06089307
 0.3757748  0.20866925 0.27848619 0.18500276]",0.800723,"[0.00147822 0.00148407 0.0018692  0.00107345 0.00168657 0.00036283
 0.00218606 0.00128183 0.00168526 0.00111468]",0.0047449498,0.004744231,8.262573e-05,0.0
8,11,0.5,0.01,0.0,False,2024,default,6291456,6912870400,"[0.0033977  0.00338598 0.00301437 0.0032875  0.00304518 0.00290985
 0.00286317 0.00345788 0.00307439 0.00312245]","[0.0008125 0.001125  0.00105   0.00105   0.0011125 0.000925  0.000875
 0.001225  0.00105   0.000775 ]",0.006847090008144705,0.9914879349608638,0.0031927163,"[0.34321555 0.33471677 0.42324093 0.24504529 0.37945911 0.08087883
 0.50495905 0.27954271 0.37336388 0.24805793]",1.0740596,"[0.34321532 0.33471623 0.42323929 0.24504475 0.37945771 0.08087842
 0.50495517 0.27954182 0.37336448 0.24805635]",1.0740558,"[-2.38418579e-07 -5.36441803e-07 -1.63912773e-06 -5.36441803e-07
 -1.40070915e-06 -4.09781933e-07 -3.87430191e-06 -8.94069672e-07
  5.96046448e-07 -1.57952309e-06]",4.910068e-06,3.7491434e-06,3.1705983e-06,0.0
8,11,0.5,0.01,73.36238881246136,True,2024,default,6291456,6912870400,[0.   0.   0.   0.   0.   0.   0.01 0.   0.   0.  ],[0.   0.   0.   0.   0.   0.   0.01 0.   0.   0.  ],2.2351741811588166e-10,0.99999999,0.01,"[0.34321555 0.33471677 0.42324093 0.24504529 0.37945911 0.08087883
 0.50495905 0.27954271 0.37336388 0.24805793]",1.0740596,"[0.34321442 0.33471596 0.42323926 0.24504443 0.37945691 0.08087844
 0.50495511 0.27954185 0.37336421 0.24805681]",1.0740551,"[-1.13248825e-06 -8.04662704e-07 -1.66893005e-06 -8.64267349e-07
 -2.20537186e-06 -3.94880772e-07 -3.93390656e-06 -8.64267349e-07
  3.27825546e-07 -1.11758709e-06]",5.297258e-06,4.4949475e-06,2.8029256e-06,0.0
8,11,0.5,2.0,0.0,False,2024,default,6291456,6912870400,"[0.6795397  0.67719592 0.6028743  0.65750034 0.60903671 0.58197039
 0.57263477 0.69157645 0.61487881 0.62448986]","[0.16249999 0.22499999 0.20999999 0.20999999 0.2225     0.185
 0.175      0.245      0.20999999 0.155     ]",1.369417993044605,0.9914879906836502,0.63854325,"[0.34321555 0.33471677 0.42324093 0.24504529 0.37945911 0.08087883
 0.50495905 0.27954271 0.37336388 0.24805793]",1.0740596,"[0.33101964 0.3228578  0.4083049  0.23640512 0.36599267 0.07809391
 0.48702469 0.26972175 0.36013076 0.2392984 ]",1.0360316,"[-0.01219591 -0.01185897 -0.01493603 -0.00864017 -0.01346645 -0.00278492
 -0.01793435 -0.00982097 -0.01323313 -0.00875953]",0.038028296,0.038027998,0.00015027008,0.0
8,11,0.5,2.0,73.36238881246136,True,2024,default,6291456,6912870400,[0. 0. 0. 0. 0. 0. 2. 0. 0. 0.],[0. 0. 0. 0. 0. 0. 2. 0. 0. 0.],0.0,0.99999999999975,2.0,"[0.34321555 0.33471677 0.42324093 0.24504529 0.37945911 0.08087883
 0.50495905 0.27954271 0.37336388 0.24805793]",1.0740596,"[0.33186063 0.32368535 0.40930951 0.23693576 0.36689708 0.07831877
 0.48809573 0.27036133 0.36095995 0.23980351]",1.0384866,"[-0.01135492 -0.01103142 -0.01393142 -0.00810952 -0.01256204 -0.00256006
 -0.01686332 -0.00918138 -0.01240394 -0.00825442]",0.035573818,0.03557307,0.00023010436,0.0
8,55,0.5,0.01,0.0,False,2024,default,6291456,6912870400,"[0.00310918 0.00311236 0.00300311 0.00310462 0.00354578 0.00344446
 0.00293805 0.00312943 0.00310686 0.00307798]","[0.000675  0.0011125 0.001025  0.00095   0.00125   0.0012125 0.000875
 0.0010875 0.00105   0.0007625]",0.006837398038239298,0.9897071222140346,0.0032111134,"[0.2662051  0.2597945  0.32886189 0.1903363  0.294588   0.06314473
 0.39165613 0.21708407 0.28996077 0.19260986]",0.8337875,"[0.26620528 0.25979435 0.32886165 0.19033623 0.29458803 0.0631447
 0.3916561  0.21708402 0.28996101 0.19261007]",0.8337875,"[ 1.78813934e-07 -1.49011612e-07 -2.38418579e-07 -7.45058060e-08
  2.98023224e-08 -2.98023224e-08 -2.98023224e-08 -4.47034836e-08
  2.38418579e-07  2.08616257e-07]",4.7074465e-07,1.3355069e-08,4.7055516e-07,0.019782341029446364
8,55,0.5,0.01,72.91407930810487,True,2024,default,6291456,6912870400,"[1.38777878e-19 1.38777878e-19 1.38777878e-19 1.38777878e-19
 2.77555756e-19 2.77555756e-19 1.00000000e-02 2.77555756e-19
 1.38777878e-19 1.38777878e-19]",[0.   0.   0.   0.   0.   0.   0.01 0.   0.   0.  ],2.2351741811588166e-10,0.99999999,0.01,"[0.2662051  0.2597945  0.32886189 0.1903363  0.294588   0.06314473
 0.39165613 0.21708407 0.28996077 0.19260986]",0.8337875,"[0.26620534 0.25979435 0.32886186 0.1903363  0.29458794 0.06314473
 0.39165604 0.21708405 0.28996122 0.19261017]",0.8337877,"[ 2.38418579e-07 -1.49011612e-07 -2.98023224e-08  0.00000000e+00
 -5.96046448e-08  0.00000000e+00 -8.94069672e-08 -1.49011612e-08
  4.47034836e-07  3.12924385e-07]",6.240723e-07,1.7874996e-07,5.9792535e-07,0.0
8,55,0.5,2.0,0.0,False,2024,default,6291456,6912870400,"[0.62183583 0.62247128 0.60062228 0.62092328 0.70915551 0.68889285
 0.5876109  0.62588552 0.62137259 0.61559632]","[0.13500001 0.2225     0.205      0.19       0.25       0.24250001
 0.175      0.2175     0.20999999 0.1525    ]",1.3674796005492056,0.9897071263867544,0.6422227,"[0.2662051  0.2597945  0.32886189 0.1903363  0.294588   0.06314473
 0.39165613 0.21708407 0.28996077 0.19260986]",0.8337875,"[0.2664955  0.26014388 0.32930797 0.19055642 0.29494604 0.06320777
 0.39213425 0.21735977 0.29031023 0.19283608]",0.83481663,"[2.90393829e-04 3.49372625e-04 4.46081161e-04 2.20119953e-04
 3.58045101e-04 6.30393624e-05 4.78118658e-04 2.75701284e-04
 3.49462032e-04 2.26214528e-04]",0.0010314586,0.001029197,6.826494e-05,0.0
8,55,0.5,2.0,72.91407930810487,True,2024,default,6291456,6912870400,"[2.77555756e-17 2.77555756e-17 2.77555756e-17 2.77555756e-17
 5.55111512e-17 5.55111512e-17 2.00000000e+00 5.55111512e-17
 2.77555756e-17 2.77555756e-17]",[0. 0. 0. 0. 0. 0. 2. 0. 0. 0.],1.1775693440128312e-16,0.99999999999975,2.0,"[0.2662051  0.2597945  0.32886189 0.1903363  0.294588   0.06314473
 0.39165613 0.21708407 0.28996077 0.19260986]",0.8337875,"[0.26777366 0.26131648 0.33077112 0.19140498 0.2962532  0.06345298
 0.3939262  0.21829589 0.29159695 0.19366284]",0.83856523,"[0.00156856 0.00152197 0.00190923 0.00106868 0.0016652  0.00030825
 0.00227007 0.00121182 0.00163618 0.00105298]",0.004779069,0.0047777747,0.00011123331,0.0
8,6,0.75,0.01,0.0,False,2024,default,6291456,6912870400,"[0.00308013 0.00317177 0.00336403 0.00328235 0.00307872 0.00305612
 0.00314517 0.00318803 0.00311023 0.00313284]","[0.0006625 0.001125  0.00115   0.001     0.0011125 0.001     0.001025
 0.0010875 0.00105   0.0007875]",0.00684772718090784,0.9904570655169406,0.0031969713,"[0.2647635  0.25819561 0.32663575 0.18960328 0.29255283 0.06367411
 0.38849145 0.21572331 0.28798351 0.19177216]",0.8283838,"[0.26476461 0.25819659 0.32663503 0.18960313 0.2925528  0.06367459
 0.38849017 0.21572265 0.28798366 0.19177157]",0.8283833,"[ 1.10268593e-06  9.83476639e-07 -7.15255737e-07 -1.49011612e-07
 -2.98023224e-08  4.84287739e-07 -1.28149986e-06 -6.55651093e-07
  1.49011612e-07 -5.96046448e-07]",2.324211e-06,4.883801e-07,2.2723207e-06,0.0
8,6,0.75,0.01,72.20500250453111,True,2024,default,6291456,6912870400,[0.   0.   0.   0.   0.   0.01 0.   0.   0.   0.  ],[0.   0.   0.   0.   0.   0.01 0.   0.   0.   0.  ],2.2351741811588166e-10,0.99999999,0.01,"[0.2647635  0.25819561 0.32663575 0.18960328 0.29255283 0.06367411
 0.38849145 0.21572331 0.28798351 0.19177216]",0.8283838,"[0.26476353 0.25819641 0.32663587 0.18960327 0.2925525  0.06367404
 0.38849074 0.21572269 0.28798345 0.19177173]",0.82838345,"[ 2.98023224e-08  8.04662704e-07  1.19209290e-07 -1.49011612e-08
 -3.27825546e-07 -6.70552254e-08 -7.15255737e-07 -6.10947609e-07
 -5.96046448e-08 -4.32133675e-07]",1.3601136e-06,4.3230577e-07,1.2895816e-06,0.019782341029446364
8,6,0.75,2.0,0.0,False,2024,default,6291456,6912870400,"[0.61602597 0.63435327 0.67280585 0.65646972 0.61574371 0.61122435
 0.6290336  0.63760526 0.62204538 0.62656844]","[0.13249999 0.22499999 0.23       0.2        0.2225     0.2
 0.205      0.2175     0.20999999 0.1575    ]",1.3695454376401486,0.9904571370727863,0.6393942,"[0.2647635  0.25819561 0.32663575 0.18960328 0.29255283 0.06367411
 0.38849145 0.21572331 0.28798351 0.19177216]",0.8283838,"[0.2695888  0.26274368 0.33221298 0.19290522 0.29791313 0.06478397
 0.39560652 0.21948081 0.29316977 0.19512112]",0.8431705,"[0.00482529 0.00454807 0.00557724 0.00330193 0.00536031 0.00110986
 0.00711507 0.00375751 0.00518626 0.00334896]",0.014791798,0.014786621,0.00039132417,0.019782341029446364
8,6,0.75,2.0,72.20500250453111,True,2024,default,6291456,6912870400,[0. 0. 0. 0. 0. 2. 0. 0. 0. 0.],[0. 0. 0. 0. 0. 2. 0. 0. 0. 0.],0.0,0.99999999999975,2.0,"[0.2647635  0.25819561 0.32663575 0.18960328 0.29255283 0.06367411
 0.38849145 0.21572331 0.28798351 0.19177216]",0.8283838,"[0.26489064 0.25823826 0.32662362 0.18964139 0.29268697 0.06368537
 0.38870293 0.21578865 0.28811339 0.19181453]",0.8286611,"[ 1.27136707e-04  4.26471233e-05 -1.21295452e-05  3.81022692e-05
  1.34140253e-04  1.12652779e-05  2.11477280e-04  6.53415918e-05
  1.29878521e-04  4.23640013e-05]",0.0003245878,0.00027725694,0.00016877745,0.0
8,21,0.75,0.01,0.0,False,2024,default,6291456,6912870400,"[0.00317296 0.0030965  0.00313608 0.00318947 0.00305015 0.00329636
 0.00317951 0.0032373  0.00306813 0.00318812]","[0.00075   0.0010375 0.001075  0.00095   0.00105   0.0011125 0.0010875
 0.0011    0.0010375 0.0008   ]",0.006849412432133285,0.9925508961223785,0.0031853176,"[0.23818639 0.23236842 0.2937091  0.17045848 0.26298743 0.05703651
 0.34980214 0.19416709 0.25916198 0.17251721]",0.7452879,"[0.23818646 0.23236923 0.29370937 0.17045866 0.26298729 0.05703659
 0.34980282 0.19416785 0.25916258 0.17251746]",0.745289,"[ 7.45058060e-08  8.04662704e-07  2.68220901e-07  1.78813934e-07
 -1.49011612e-07  7.45058060e-08  6.85453415e-07  7.59959221e-07
  5.96046448e-07  2.53319740e-07]",1.5005107e-06,1.160024e-06,9.517755e-07,0.027976455118293345
8,21,0.75,0.01,72.24092614791743,True,2024,default,6291456,6912870400,"[0.00000000e+00 0.00000000e+00 0.00000000e+00 0.00000000e+00
 1.00000000e-02 0.00000000e+00 1.38777878e-19 0.00000000e+00
 0.00000000e+00 0.00000000e+00]",[0.   0.   0.   0.   0.01 0.   0.   0.   0.   0.  ],2.2351741811588166e-10,0.99999999,0.01,"[0.23818639 0.23236842 0.2937091  0.17045848 0.26298743 0.05703651
 0.34980214 0.19416709 0.25916198 0.17251721]",0.7452879,"[0.23818631 0.23236862 0.29370928 0.17045774 0.2629877  0.05703648
 0.34980217 0.19416603 0.25916088 0.17251731]",0.7452873,"[-7.45058060e-08  1.93715096e-07  1.78813934e-07 -7.45058060e-07
  2.68220901e-07 -3.35276127e-08  2.98023224e-08 -1.05798244e-06
 -1.10268593e-06  1.04308128e-07]",1.7464938e-06,5.9221213e-07,1.6430233e-06,0.0
8,21,0.75,2.0,0.0,False,2024,default,6291456,6912870400,"[0.63459269 0.61929967 0.62721524 0.63789338 0.61003025 0.65927242
 0.63590187 0.6474597  0.61362508 0.63762458]","[0.15000001 0.2075     0.215      0.19       0.20999999 0.2225
 0.2175     0.22       0.2075     0.16      ]",1.3698824840178814,0.9925508696674628,0.63706356,"[0.23818639 0.23236842 0.2937091  0.17045848 0.26298743 0.05703651
 0.34980214 0.19416709 0.25916198 0.17251721]",0.7452879,"[0.23854303 0.2328355  0.29434291 0.17083856 0.26350406 0.05715047
 0.35065955 0.19458306 0.25969857 0.17290577]",0.7468626,"[0.00035664 0.00046708 0.00063381 0.00038008 0.00051662 0.00011396
 0.00085741 0.00041597 0.00053659 0.00038856]",0.0015869818,0.0015746662,0.00019732701,0.0
8,21,0.75,2.0,72.24092614791743,True,2024,default,6291456,6912870400,"[0.00000000e+00 0.00000000e+00 0.00000000e+00 0.00000000e+00
 2.00000000e+00 0.00000000e+00 2.77555756e-17 0.00000000e+00
 0.00000000e+00 0.00000000e+00]",[0. 0. 0. 0. 2. 0. 0. 0. 0. 0.],2.7755575615628914e-17,0.99999999999975,2.0,"[0.23818639 0.23236842 0.2937091  0.17045848 0.26298743 0.05703651
 0.34980214 0.19416709 0.25916198 0.17251721]",0.7452879,"[0.23684539 0.23121117 0.29216853 0.16962501 0.2615802  0.05674611
 0.34806943 0.19316718 0.25783324 0.17166273]",0.7414484,"[-0.001341   -0.00115725 -0.00154057 -0.00083347 -0.00140724 -0.00029041
 -0.00173271 -0.00099991 -0.00132874 -0.00085448]",0.003842911,0.0038395128,0.0001615724,0.0
8,57,0.9,0.01,0.0,False,2024,default,6291456,6912870400,"[0.00303245 0.00309769 0.00311524 0.00331221 0.00321059 0.00304503
 0.00307618 0.00314232 0.00325966 0.00331519]","[0.00065   0.0011125 0.00105   0.001     0.0011375 0.0010125 0.0009875
 0.001075  0.0011125 0.0008625]",0.006849809935860442,0.9908839503580946,0.003192814,"[0.28567234 0.27956399 0.35393432 0.20495327 0.31622326 0.06814861
 0.42030182 0.23359138 0.3119857  0.20710647]",0.8961742,"[0.28567219 0.2795639  0.35393432 0.20495313 0.31622285 0.06814861
 0.42030105 0.23359117 0.31198531 0.20710656]",0.8961734,"[-1.49011612e-07 -8.94069672e-08  0.00000000e+00 -1.34110451e-07
 -4.17232513e-07  7.45058060e-09 -7.74860382e-07 -2.08616257e-07
 -3.87430191e-07  8.94069672e-08]",1.0121005e-06,7.847167e-07,6.391925e-07,0.0
8,57,0.9,0.01,72.3474159995346,True,2024,default,6291456,6912870400,[0.01 0.   0.   0.   0.   0.   0.   0.   0.   0.  ],[0.01 0.   0.   0.   0.   0.   0.   0.   0.   0.  ],2.2351741811588166e-10,0.99999999,0.01,"[0.28567234 0.27956399 0.35393432 0.20495327 0.31622326 0.06814861
 0.42030182 0.23359138 0.3119857  0.20710647]",0.8961742,"[0.28567225 0.2795637  0.3539339  0.20495275 0.31622291 0.06814861
 0.42030093 0.23359139 0.31198573 0.20710663]",0.8961733,"[-8.94069672e-08 -2.98023224e-07 -4.17232513e-07 -5.21540642e-07
 -3.57627869e-07  7.45058060e-09 -8.94069672e-07  1.49011612e-08
  2.98023224e-08  1.63912773e-07]",1.2240059e-06,8.9832713e-07,8.313837e-07,0.019782341029446364
8,57,0.9,2.0,0.0,False,2024,default,6291456,6912870400,"[0.60648913 0.61953797 0.6230475  0.6624422  0.64211889 0.60900698
 0.61523665 0.62846387 0.65193247 0.66303897]","[0.13       0.2225     0.20999999 0.2        0.22750001 0.2025
 0.19750001 0.215      0.2225     0.1725    ]",1.369961984008451,0.9908839164922336,0.63856286,"[0.28567234 0.27956399 0.35393432 0.20495327 0.31622326 0.06814861
 0.42030182 0.23359138 0.3119857  0.20710647]",0.8961742,"[0.28579903 0.2795597  0.35377097 0.20494083 0.31609181 0.06815816
 0.42011648 0.23354323 0.31207526 0.20710033]",0.89603055,"[ 1.26689672e-04 -4.29153442e-06 -1.63346529e-04 -1.24424696e-05
 -1.31458044e-04  9.55909491e-06 -1.85340643e-04 -4.81456518e-05
  8.95559788e-05 -6.13927841e-06]",0.00032404522,0.00014368573,0.00029044744,0.027976455118293345
8,57,0.9,2.0,72.3474159995346,True,2024,default,6291456,6912870400,[2. 0. 0. 0. 0. 0. 0. 0. 0. 0.],[2. 0. 0. 0. 0. 0. 0. 0. 0. 0.],0.0,0.99999999999975,2.0,"[0.28567234 0.27956399 0.35393432 0.20495327 0.31622326 0.06814861
 0.42030182 0.23359138 0.3119857  0.20710647]",0.8961742,"[0.28495118 0.27879453 0.35305208 0.20436895 0.31536824 0.0679642
 0.41910115 0.23297977 0.31109595 0.20655923]",0.89374775,"[-0.00072116 -0.00076947 -0.00088224 -0.00058432 -0.00085503 -0.0001844
 -0.00120068 -0.0006116  -0.00088975 -0.00054725]",0.002429775,0.0024264557,0.00012696156,0.027976455118293345
8,32,0.9,0.01,0.0,False,2024,default,6291456,6912870400,"[0.00330406 0.00318481 0.0033458  0.0031793  0.00281869 0.00269476
 0.00332357 0.00339271 0.00313597 0.00316862]","[0.0008    0.0010875 0.001125  0.0009875 0.0009875 0.0008875 0.001075
 0.0011875 0.001075  0.0007875]",0.0068454944356160325,0.9926773177065414,0.0031887006,"[0.14425181 0.14117976 0.17823945 0.10406118 0.15925428 0.03556934
 0.21144585 0.11827549 0.15683119 0.10525336]",0.4520378,"[0.14425229 0.1411792  0.17824015 0.10406179 0.15925448 0.03556939
 0.21144633 0.1182757  0.15683137 0.10525346]",0.45203865,"[ 4.76837158e-07 -5.51342964e-07  7.00354576e-07  6.10947609e-07
  1.93715096e-07  4.47034836e-08  4.76837158e-07  2.08616257e-07
  1.78813934e-07  9.68575478e-08]",1.321696e-06,8.307503e-07,1.0279758e-06,0.019782341029446364
8,32,0.9,0.01,74.36693140140366,True,2024,default,6291456,6912870400,"[4.16333634e-19 2.77555756e-19 2.77555756e-19 4.16333634e-19
 4.16333634e-19 1.00000000e-02 4.16333634e-19 2.77555756e-19
 4.16333634e-19 2.77555756e-19]",[0.   0.   0.   0.   0.   0.01 0.   0.   0.   0.  ],2.2351741811588166e-10,0.99999999,0.01,"[0.14425181 0.14117976 0.17823945 0.10406118 0.15925428 0.03556934
 0.21144585 0.11827549 0.15683119 0.10525336]",0.4520378,"[0.14425242 0.14117953 0.17824055 0.10406193 0.15925539 0.03556922
 0.21144789 0.11827601 0.15683167 0.10525358]",0.45204023,"[ 6.10947609e-07 -2.23517418e-07  1.10268593e-06  7.52508640e-07
  1.10268593e-06 -1.26659870e-07  2.04145908e-06  5.14090061e-07
  4.76837158e-07  2.23517418e-07]",2.8542142e-06,2.4185956e-06,1.5155639e-06,0.019782341029446364
8,32,0.9,2.0,0.0,False,2024,default,6291456,6912870400,"[0.66081287 0.63696172 0.66915966 0.63586092 0.56373818 0.53895134
 0.66471412 0.67854106 0.6271946  0.63372483]","[0.16       0.2175     0.22499999 0.19750001 0.19750001 0.17749999
 0.215      0.2375     0.215      0.1575    ]",1.369098877536567,0.9926772628154936,0.6377402,"[0.14425181 0.14117976 0.17823945 0.10406118 0.15925428 0.03556934
 0.21144585 0.11827549 0.15683119 0.10525336]",0.4520378,"[0.14385983 0.14084734 0.17787175 0.10383275 0.15890443 0.03550552
 0.21079406 0.11800659 0.15644903 0.10500193]",0.4509167,"[-3.91975045e-04 -3.32415104e-04 -3.67701054e-04 -2.28427351e-04
 -3.49849463e-04 -6.38216734e-05 -6.51791692e-04 -2.68898904e-04
 -3.82155180e-04 -2.51434743e-04]",0.0011333121,0.0011211203,0.0001657874,0.027976455118293345
8,32,0.9,2.0,74.36693140140366,True,2024,default,6291456,6912870400,"[8.32667268e-17 5.55111512e-17 5.55111512e-17 8.32667268e-17
 8.32667268e-17 2.00000000e+00 8.32667268e-17 5.55111512e-17
 8.32667268e-17 5.55111512e-17]",[0. 0. 0. 0. 0. 2. 0. 0. 0. 0.],2.1677797545656835e-16,0.99999999999975,2.0,"[0.14425181 0.14117976 0.17823945 0.10406118 0.15925428 0.03556934
 0.21144585 0.11827549 0.15683119 0.10525336]",0.4520378,"[0.1443166  0.1412532  0.17835358 0.10411505 0.15934588 0.03558232
 0.2115695  0.11832283 0.1568792  0.10527463]",0.45226395,"[6.47902489e-05 7.34478235e-05 1.14127994e-04 5.38751483e-05
 9.15974379e-05 1.29751861e-05 1.23649836e-04 4.73335385e-05
 4.80115414e-05 2.12714076e-05]",0.00023316489,0.00022614241,5.6793247e-05,0.019782341029446364
14,29,0.1,0.01,0.0,False,2024,default,6291456,6912870400,"[0.00297427 0.00311608 0.0032132  0.0031619  0.00317269 0.00345431
 0.00308689 0.00312292 0.00314321 0.00315627]","[0.0006125 0.00115   0.0010625 0.0009625 0.001075  0.001225  0.0009875
 0.001075  0.0010625 0.0007875]",0.006842384651342558,0.9893643972664921,0.003207657,"[0.4162192  0.41133612 0.5024119  0.34387398 0.46412635 0.18077087
 0.56071371 0.38105443 0.45935154 0.34161305]",1.3223085,"[0.41621768 0.41133505 0.50240999 0.34387404 0.46412557 0.18077008
 0.56071281 0.38105294 0.45934948 0.34161228]",1.322305,"[-1.51991844e-06 -1.07288361e-06 -1.90734863e-06  5.96046448e-08
 -7.74860382e-07 -7.89761543e-07 -8.94069672e-07 -1.49011612e-06
 -2.05636024e-06 -7.74860382e-07]",4.021906e-06,3.6243728e-06,1.7434587e-06,0.0
14,29,0.1,0.01,72.69688236761695,True,2024,default,6291456,6912870400,[0.01 0.   0.   0.   0.   0.   0.   0.   0.   0.  ],[0.01 0.   0.   0.   0.   0.   0.   0.   0.   0.  ],2.2351741811588166e-10,0.99999999,0.01,"[0.4162192  0.41133612 0.5024119  0.34387398 0.46412635 0.18077087
 0.56071371 0.38105443 0.45935154 0.34161305]",1.3223085,"[0.41621649 0.41133523 0.50241041 0.34387317 0.46412566 0.18077002
 0.56071335 0.3810527  0.45934945 0.3416127 ]",1.3223047,"[-2.71201134e-06 -8.94069672e-07 -1.49011612e-06 -8.04662704e-07
 -6.85453415e-07 -8.49366188e-07 -3.57627869e-07 -1.72853470e-06
 -2.08616257e-06 -3.57627869e-07]",4.45076e-06,3.730772e-06,2.4270569e-06,0.0
14,29,0.1,2.0,0.0,False,2024,default,6291456,6912870400,"[0.59485365 0.62321532 0.64263904 0.63237922 0.63453784 0.69086197
 0.61737876 0.62458474 0.62864271 0.63125316]","[0.1225     0.23       0.21250001 0.1925     0.215      0.245
 0.19750001 0.215      0.21250001 0.1575    ]",1.368476928687526,0.9893645164606132,0.64153135,"[0.4162192  0.41133612 0.5024119  0.34387398 0.46412635 0.18077087
 0.56071371 0.38105443 0.45935154 0.34161305]",1.3223085,"[0.40756208 0.40271276 0.49061802 0.33662063 0.45374295 0.17758943
 0.54823357 0.37315238 0.44895214 0.33466035]",1.293477,"[-0.00865713 -0.00862336 -0.01179388 -0.00725335 -0.0103834  -0.00318144
 -0.01248014 -0.00790206 -0.0103994  -0.0069527 ]",0.028872745,0.028832398,0.0015259373,0.06852804325551864
14,29,0.1,2.0,72.69688236761695,True,2024,default,6291456,6912870400,[2. 0. 0. 0. 0. 0. 0. 0. 0. 0.],[2. 0. 0. 0. 0. 0. 0. 0. 0. 0.],0.0,0.99999999999975,2.0,"[0.4162192  0.41133612 0.5024119  0.34387398 0.46412635 0.18077087
 0.56071371 0.38105443 0.45935154 0.34161305]",1.3223085,"[0.40172222 0.39715934 0.48380443 0.33227143 0.44766238 0.17666176
 0.54016638 0.36826509 0.44342437 0.33039704]",1.2760818,"[-0.01449698 -0.01417679 -0.01860747 -0.01160255 -0.01646397 -0.00410911
 -0.02054733 -0.01278934 -0.01592717 -0.01121601]",0.046316102,0.046229947,0.0028237281,0.12666881248565126
14,40,0.1,0.01,0.0,False,2024,default,6291456,6912870400,"[0.00303058 0.00339258 0.00317751 0.0032452  0.00312085 0.00329893
 0.00298252 0.00315656 0.00311855 0.00307747]","[0.00065   0.0012    0.0010875 0.000975  0.0011375 0.0011    0.00095
 0.0010875 0.00105   0.0007625]",0.006842193524177215,0.9900663958357346,0.003204489,"[0.37006128 0.37308064 0.45378083 0.30779898 0.42007682 0.16536891
 0.50006622 0.34246987 0.41449034 0.30623314]",1.1889222,"[0.37006062 0.37308016 0.45377979 0.30779749 0.42007607 0.16536863
 0.50006598 0.34246841 0.41448876 0.30623272]",1.1889197,"[-6.55651093e-07 -4.76837158e-07 -1.04308128e-06 -1.49011612e-06
 -7.45058060e-07 -2.83122063e-07 -2.38418579e-07 -1.46031380e-06
 -1.57952309e-06 -4.17232513e-07]",3.0756012e-06,2.6192831e-06,1.612042e-06,0.019782341029446364
14,40,0.1,0.01,72.64736571889203,True,2024,default,6291456,6912870400,[0.   0.   0.   0.   0.   0.   0.01 0.   0.   0.  ],[0.   0.   0.   0.   0.   0.   0.01 0.   0.   0.  ],2.2351741811588166e-10,0.99999999,0.01,"[0.37006128 0.37308064 0.45378083 0.30779898 0.42007682 0.16536891
 0.50006622 0.34246987 0.41449034 0.30623314]",1.1889222,"[0.37006044 0.37308016 0.45378071 0.30779767 0.42007568 0.16536862
 0.50006539 0.34246856 0.41448861 0.3062326 ]",1.1889194,"[-8.34465027e-07 -4.76837158e-07 -1.19209290e-07 -1.31130219e-06
 -1.13248825e-06 -2.98023224e-07 -8.34465027e-07 -1.31130219e-06
 -1.72853470e-06 -5.36441803e-07]",3.1177274e-06,2.7054223e-06,1.5494887e-06,0.0
14,40,0.1,2.0,0.0,False,2024,default,6291456,6912870400,"[0.60611692 0.67851573 0.6355022  0.64904054 0.62416902 0.65978623
 0.59650366 0.63131123 0.62370933 0.6154944 ]","[0.13       0.23999999 0.2175     0.19499999 0.22750001 0.22
 0.19       0.2175     0.20999999 0.1525    ]",1.3684386948901164,0.9900663924993784,0.6408978,"[0.37006128 0.37308064 0.45378083 0.30779898 0.42007682 0.16536891
 0.50006622 0.34246987 0.41449034 0.30623314]",1.1889222,"[0.36624479 0.3691183  0.4481602  0.30427811 0.41613153 0.16381456
 0.49537486 0.33917716 0.41027701 0.30289075]",1.1765732,"[-0.00381649 -0.00396234 -0.00562063 -0.00352088 -0.00394529 -0.00155436
 -0.00469136 -0.00329271 -0.00421333 -0.00334239]",0.012410061,0.012349682,0.0012227008,0.059347025446578223
14,40,0.1,2.0,72.64736571889203,True,2024,default,6291456,6912870400,[0. 0. 0. 0. 0. 0. 2. 0. 0. 0.],[0. 0. 0. 0. 0. 0. 2. 0. 0. 0.],0.0,0.99999999999975,2.0,"[0.37006128 0.37308064 0.45378083 0.30779898 0.42007682 0.16536891
 0.50006622 0.34246987 0.41449034 0.30623314]",1.1889222,"[0.36466458 0.36774531 0.44655788 0.30317205 0.41414067 0.16348049
 0.49285001 0.33779484 0.408454   0.30180234]",1.1716263,"[-0.00539669 -0.00533533 -0.00722295 -0.00462693 -0.00593615 -0.00188842
 -0.00721622 -0.00467503 -0.00603634 -0.0044308 ]",0.017319717,0.01729621,0.00090209435,0.03956468264845247
14,50,0.25,0.01,0.0,False,2024,default,6291456,6912870400,"[0.00285839 0.00315737 0.00314982 0.0028668  0.00337056 0.00406344
 0.00296422 0.00284011 0.00311821 0.00304507]","[0.0006    0.0011375 0.0010375 0.00095   0.0010875 0.0015375 0.00085
 0.0009875 0.00105   0.0007625]",0.006804311588228525,0.9887235954394891,0.0032497596,"[0.47496793 0.4725484  0.57489485 0.39758402 0.53927362 0.22874275
 0.64443588 0.43788356 0.54189807 0.40182754]",1.5306115,"[0.47496551 0.47254315 0.57489026 0.39757979 0.53926778 0.22874069
 0.64442992 0.43787909 0.54189211 0.40182471]",1.5305972,"[-2.41398811e-06 -5.24520874e-06 -4.58955765e-06 -4.23192978e-06
 -5.84125519e-06 -2.05636024e-06 -5.96046448e-06 -4.47034836e-06
 -5.96046448e-06 -2.83122063e-06]",1.4481568e-05,1.4198842e-05,2.8475743e-06,0.0
14,50,0.25,0.01,73.50026290943397,True,2024,default,6291456,6912870400,[0.   0.   0.   0.   0.   0.   0.   0.01 0.   0.  ],[0.   0.   0.   0.   0.   0.   0.   0.01 0.   0.  ],2.2351741811588166e-10,0.99999999,0.01,"[0.47496793 0.4725484  0.57489485 0.39758402 0.53927362 0.22874275
 0.64443588 0.43788356 0.54189807 0.40182754]",1.5306115,"[0.4749645  0.47254163 0.57488805 0.39757702 0.53926766 0.22874074
 0.64442968 0.43787259 0.54189187 0.40182382]",1.5305927,"[-3.42726707e-06 -6.76512718e-06 -6.79492950e-06 -7.00354576e-06
 -5.96046448e-06 -2.01165676e-06 -6.19888306e-06 -1.09672546e-05
 -6.19888306e-06 -3.72529030e-06]",2.008279e-05,1.8844286e-05,6.9434363e-06,0.0
14,50,0.25,2.0,0.0,False,2024,default,6291456,6912870400,"[0.57167875 0.63147394 0.62996358 0.5733599  0.67411159 0.81268718
 0.59284457 0.56802189 0.6236428  0.60901363]","[0.12       0.22750001 0.2075     0.19       0.2175     0.3075
 0.17       0.19750001 0.20999999 0.1525    ]",1.3608623046878103,0.9887236094730032,0.64995193,"[0.47496793 0.4725484  0.57489485 0.39758402 0.53927362 0.22874275
 0.64443588 0.43788356 0.54189807 0.40182754]",1.5306115,"[0.47372547 0.46986991 0.57197767 0.3948268  0.53611332 0.22593364
 0.64189154 0.43500191 0.53759509 0.39900187]",1.5218955,"[-0.00124246 -0.00267848 -0.00291717 -0.00275722 -0.0031603  -0.00280911
 -0.00254434 -0.00288165 -0.00430298 -0.00282568]",0.009164406,0.008718519,0.002823786,0.10653118153060223
14,50,0.25,2.0,73.50026290943397,True,2024,default,6291456,6912870400,[0. 0. 0. 0. 0. 0. 0. 2. 0. 0.],[0. 0. 0. 0. 0. 0. 0. 2. 0. 0.],0.0,0.99999999999975,2.0,"[0.47496793 0.4725484  0.57489485 0.39758402 0.53927362 0.22874275
 0.64443588 0.43788356 0.54189807 0.40182754]",1.5306115,"[0.47198346 0.46855339 0.57045156 0.3938632  0.53494567 0.22653364
 0.64007533 0.43332094 0.53661138 0.39826939]",1.5180159,"[-0.00298446 -0.003995   -0.00444329 -0.00372082 -0.00432795 -0.00220911
 -0.00436056 -0.00456262 -0.00528669 -0.00355816]",0.012747834,0.012596922,0.0019557024,0.07661668268387072
14,34,0.25,0.01,0.0,False,2024,default,6291456,6912870400,"[0.00322481 0.0031191  0.00321023 0.00327202 0.0030238  0.00318469
 0.00308567 0.00316191 0.00302065 0.00330624]","[0.0007625 0.0010625 0.0011    0.0009875 0.001075  0.0010625 0.0010125
 0.001075  0.0010125 0.00085  ]",0.006854571110060276,0.9926991439909438,0.0031793767,"[0.44363084 0.43869671 0.52835852 0.37499824 0.495462   0.21159697
 0.59163791 0.41100359 0.49368638 0.37569138]",1.4153216,"[0.44362867 0.43869382 0.52835584 0.37499613 0.49545857 0.21159504
 0.59163481 0.41100103 0.4936834  0.37568995]",1.4153134,"[-2.17556953e-06 -2.89082527e-06 -2.68220901e-06 -2.11596489e-06
 -3.42726707e-06 -1.92224979e-06 -3.09944153e-06 -2.56299973e-06
 -2.98023224e-06 -1.43051147e-06]",8.204047e-06,8.086287e-06,1.3850301e-06,0.0
14,34,0.25,0.01,72.41832048038422,True,2024,default,6291456,6912870400,[0.   0.   0.   0.   0.   0.   0.   0.   0.01 0.  ],[0.   0.   0.   0.   0.   0.   0.   0.   0.01 0.  ],2.2351741811588166e-10,0.99999999,0.01,"[0.44363084 0.43869671 0.52835852 0.37499824 0.495462   0.21159697
 0.59163791 0.41100359 0.49368638 0.37569138]",1.4153216,"[0.4436295  0.43869564 0.52835667 0.37499633 0.49545845 0.21159559
 0.59163421 0.411001   0.49368155 0.37569031]",1.4153138,"[-1.34110451e-06 -1.07288361e-06 -1.84774399e-06 -1.90734863e-06
 -3.54647636e-06 -1.37090683e-06 -3.69548798e-06 -2.59280205e-06
 -4.82797623e-06 -1.07288361e-06]",8.324563e-06,7.661151e-06,3.2565447e-06,0.0
14,34,0.25,2.0,0.0,False,2024,default,6291456,6912870400,"[0.6449623  0.62381911 0.64204581 0.65440328 0.60475987 0.63693708
 0.61713499 0.63238139 0.60413018 0.66124764]","[0.1525     0.21250001 0.22       0.19750001 0.215      0.21250001
 0.2025     0.215      0.2025     0.17      ]",1.3709142232432734,0.9926990763498263,0.6358754,"[0.44363084 0.43869671 0.52835852 0.37499824 0.495462   0.21159697
 0.59163791 0.41100359 0.49368638 0.37569138]",1.4153216,"[0.43816796 0.4321847  0.52075839 0.36900187 0.48807168 0.2072686
 0.58365077 0.40468916 0.48564413 0.37023136]",1.3945048,"[-0.00546288 -0.00651202 -0.00760013 -0.00599638 -0.00739032 -0.00432837
 -0.00798714 -0.00631443 -0.00804225 -0.00546002]",0.020915916,0.020818163,0.0020197784,0.08622923312351063
14,34,0.25,2.0,72.41832048038422,True,2024,default,6291456,6912870400,[0. 0. 0. 0. 0. 0. 0. 0. 2. 0.],[0. 0. 0. 0. 0. 0. 0. 0. 2. 0.],0.0,0.99999999999975,2.0,"[0.44363084 0.43869671 0.52835852 0.37499824 0.495462   0.21159697
 0.59163791 0.41100359 0.49368638 0.37569138]",1.4153216,"[0.43724015 0.43133897 0.51897478 0.36837861 0.48598418 0.20709491
 0.58116567 0.40357661 0.48297909 0.36940745]",1.389855,"[-0.00639069 -0.00735775 -0.00938374 -0.00661963 -0.00947782 -0.00450206
 -0.01047224 -0.00742698 -0.01070729 -0.00628394]",0.025610756,0.025469072,0.0026901683,0.11190583714844751
14,18,0.5,0.01,0.0,False,2024,default,6291456,6912870400,"[0.00275335 0.0028824  0.00286649 0.00287769 0.00394925 0.00366339
 0.00313935 0.00300795 0.00333335 0.00292941]","[0.0006    0.0009375 0.0010375 0.0008875 0.0013    0.001325  0.0010125
 0.00105   0.0011    0.00075  ]",0.006804921792881089,0.9921535649152222,0.0032324526,"[0.63224226 0.62582475 0.76407731 0.52939314 0.72865111 0.28264222
 0.87338257 0.5858922  0.72312403 0.52912182]",2.043336,"[0.63224113 0.62582338 0.76407677 0.52939129 0.72865045 0.28264138
 0.87338132 0.58589011 0.72312284 0.52912021]",2.0433323,"[-1.13248825e-06 -1.37090683e-06 -5.36441803e-07 -1.84774399e-06
 -6.55651093e-07 -8.34465027e-07 -1.25169754e-06 -2.08616257e-06
 -1.19209290e-06 -1.60932541e-06]",4.233189e-06,3.7706252e-06,1.92413e-06,0.0
14,18,0.5,0.01,74.0180430523168,True,2024,default,6291456,6912870400,[0.01 0.   0.   0.   0.   0.   0.   0.   0.   0.  ],[0.01 0.   0.   0.   0.   0.   0.   0.   0.   0.  ],2.2351741811588166e-10,0.99999999,0.01,"[0.63224226 0.62582475 0.76407731 0.52939314 0.72865111 0.28264222
 0.87338257 0.5858922  0.72312403 0.52912182]",2.043336,"[0.63223636 0.62582034 0.76407266 0.52938682 0.72864681 0.28264004
 0.87337804 0.58588564 0.72311985 0.52911699]",2.0433211,"[-5.90085983e-06 -4.41074371e-06 -4.64916229e-06 -6.31809235e-06
 -4.29153442e-06 -2.17556953e-06 -4.52995300e-06 -6.55651093e-06
 -4.17232513e-06 -4.82797623e-06]",1.5594362e-05,1.4926389e-05,4.515208e-06,0.0
14,18,0.5,2.0,0.0,False,2024,default,6291456,6912870400,"[0.55066926 0.57648065 0.57329828 0.57553796 0.78984964 0.73267703
 0.62786988 0.6015909  0.66667074 0.58588258]","[0.12       0.1875     0.2075     0.17749999 0.25999999 0.26499999
 0.2025     0.20999999 0.22       0.15000001]",1.3609843439585945,0.9921536127611118,0.6464905,"[0.63224226 0.62582475 0.76407731 0.52939314 0.72865111 0.28264222
 0.87338257 0.5858922  0.72312403 0.52912182]",2.043336,"[0.61962926 0.61297774 0.74801111 0.51892984 0.71468031 0.2786535
 0.85625845 0.57448971 0.70946437 0.51867837]",2.0031202,"[-0.012613   -0.01284701 -0.01606619 -0.0104633  -0.01397079 -0.00398871
 -0.01712412 -0.01140249 -0.01365966 -0.01044345]",0.04027075,0.040216923,0.0020814724,0.05595291190411357
14,18,0.5,2.0,74.0180430523168,True,2024,default,6291456,6912870400,[2. 0. 0. 0. 0. 0. 0. 0. 0. 0.],[2. 0. 0. 0. 0. 0. 0. 0. 0. 0.],0.0,0.99999999999975,2.0,"[0.63224226 0.62582475 0.76407731 0.52939314 0.72865111 0.28264222
 0.87338257 0.5858922  0.72312403 0.52912182]",2.043336,"[0.61660069 0.61039907 0.7454592  0.51681179 0.7123155  0.27847949
 0.85295922 0.57236183 0.70718157 0.51693636]",1.9957451,"[-0.01564157 -0.01542568 -0.01861811 -0.01258135 -0.01633561 -0.00416273
 -0.02042335 -0.01353037 -0.01594245 -0.01218545]",0.047692202,0.047593456,0.0030675808,0.08846932694105811
14,25,0.5,0.01,0.0,False,2024,default,6291456,6912870400,"[0.00297311 0.00302866 0.00342041 0.00309415 0.00316545 0.00320284
 0.00304313 0.00296899 0.00346694 0.0032158 ]","[0.0006125 0.0010875 0.0011625 0.0009375 0.001075  0.0011    0.0009875
 0.0010125 0.0012125 0.0008125]",0.006840587053453308,0.9899002747688562,0.0032069262,"[0.65636963 0.65560544 0.8157239  0.53781849 0.74646801 0.26446754
 0.91156149 0.59497648 0.74431825 0.54303849]",2.1157253,"[0.65636683 0.65560478 0.81572193 0.53781694 0.74646282 0.26446572
 0.91156042 0.59497523 0.7443161  0.543037  ]",2.115719,"[-2.80141830e-06 -6.55651093e-07 -1.96695328e-06 -1.54972076e-06
 -5.18560410e-06 -1.81794167e-06 -1.07288361e-06 -1.25169754e-06
 -2.14576721e-06 -1.49011612e-06]",7.3679275e-06,6.2329927e-06,3.9288857e-06,0.027976455118293345
14,25,0.5,0.01,72.7285459044066,True,2024,default,6291456,6912870400,"[2.77555756e-19 2.77555756e-19 4.16333634e-19 2.77555756e-19
 2.77555756e-19 4.16333634e-19 4.16333634e-19 1.00000000e-02
 4.16333634e-19 2.77555756e-19]",[0.   0.   0.   0.   0.   0.   0.   0.01 0.   0.  ],2.2351741811588166e-10,0.99999999,0.01,"[0.65636963 0.65560544 0.8157239  0.53781849 0.74646801 0.26446754
 0.91156149 0.59497648 0.74431825 0.54303849]",2.1157253,"[0.65637124 0.65560472 0.8157208  0.53781444 0.74646574 0.26446667
 0.9115594  0.59497195 0.74431586 0.54303706]",2.115719,"[ 1.60932541e-06 -7.15255737e-07 -3.09944153e-06 -4.05311584e-06
 -2.26497650e-06 -8.64267349e-07 -2.08616257e-06 -4.52995300e-06
 -2.38418579e-06 -1.43051147e-06]",8.2229035e-06,6.233485e-06,5.362816e-06,0.027976455118293345
14,25,0.5,2.0,0.0,False,2024,default,6291456,6912870400,"[0.59462199 0.60573214 0.68408213 0.61882953 0.63309081 0.64056866
 0.60862501 0.59379831 0.69338752 0.64316067]","[0.1225     0.2175     0.2325     0.1875     0.215      0.22
 0.19750001 0.2025     0.24250001 0.16249999]",1.3681174064435555,0.9899002745775748,0.64138526,"[0.65636963 0.65560544 0.8157239  0.53781849 0.74646801 0.26446754
 0.91156149 0.59497648 0.74431825 0.54303849]",2.1157253,"[0.65507734 0.65435779 0.81470108 0.53593785 0.74384469 0.26245043
 0.90992236 0.59292936 0.74178874 0.54117876]",2.1102397,"[-0.00129229 -0.00124764 -0.00102282 -0.00188065 -0.00262332 -0.00201711
 -0.00163913 -0.00204712 -0.0025295  -0.00185972]",0.00595773,0.005486751,0.0023216605,0.059347025446578223
14,25,0.5,2.0,72.7285459044066,True,2024,default,6291456,6912870400,"[5.55111512e-17 5.55111512e-17 8.32667268e-17 5.55111512e-17
 5.55111512e-17 8.32667268e-17 8.32667268e-17 2.00000000e+00
 8.32667268e-17 5.55111512e-17]",[0. 0. 0. 0. 0. 0. 0. 2. 0. 0.],2.0770370905276122e-16,0.99999999999975,2.0,"[0.65636963 0.65560544 0.8157239  0.53781849 0.74646801 0.26446754
 0.91156149 0.59497648 0.74431825 0.54303849]",2.1157253,"[0.65373296 0.65309495 0.81301212 0.53500324 0.74268824 0.26270303
 0.90827286 0.59147626 0.74071199 0.54042518]",2.1064742,"[-0.00263667 -0.00251049 -0.00271177 -0.00281525 -0.00377977 -0.00176451
 -0.00328863 -0.00350022 -0.00360626 -0.00261331]",0.00942524,0.009251894,0.0017993295,0.05233915627441309
14,32,0.75,0.01,0.0,False,2024,default,6291456,6912870400,"[0.00250689 0.00252646 0.00247371 0.00259019 0.00396475 0.00433616
 0.00429783 0.00261858 0.00285028 0.00255543]","[0.0006    0.0007375 0.0009    0.0009    0.0014125 0.001425  0.001475
 0.0008875 0.00095   0.0007125]",0.006717977818569575,0.9953343297145377,0.003305015,"[0.49623242 0.48907712 0.59325284 0.41262403 0.58497763 0.24654083
 0.70377219 0.45943081 0.55567902 0.41017976]",1.6105995,"[0.49623105 0.48907563 0.59325033 0.41262269 0.58497316 0.24654081
 0.70377213 0.45942891 0.55567712 0.41017625]",1.6105936,"[-1.37090683e-06 -1.49011612e-06 -2.50339508e-06 -1.34110451e-06
 -4.47034836e-06 -1.49011612e-08 -5.96046448e-08 -1.90734863e-06
 -1.90734863e-06 -3.51667404e-06]",7.1969525e-06,5.890291e-06,4.135285e-06,0.03426402009603798
14,32,0.75,0.01,75.67799521699794,True,2024,default,6291456,6912870400,[0.   0.   0.01 0.   0.   0.   0.   0.   0.   0.  ],[0.   0.   0.01 0.   0.   0.   0.   0.   0.   0.  ],2.2351741811588166e-10,0.99999999,0.01,"[0.49623242 0.48907712 0.59325284 0.41262403 0.58497763 0.24654083
 0.70377219 0.45943081 0.55567902 0.41017976]",1.6105995,"[0.49623147 0.48907536 0.5932489  0.41262147 0.58497286 0.24654102
 0.70377237 0.45942813 0.55567598 0.41017592]",1.610592,"[-9.53674316e-07 -1.75833702e-06 -3.93390656e-06 -2.56299973e-06
 -4.76837158e-06  1.93715096e-07  1.78813934e-07 -2.68220901e-06
 -3.03983688e-06 -3.84449959e-06]",8.948057e-06,7.350523e-06,5.1026977e-06,0.0
14,32,0.75,2.0,0.0,False,2024,default,6291456,6912870400,"[0.50137737 0.50529147 0.4947423  0.51803799 0.79295043 0.86723156
 0.85956653 0.52371571 0.57005688 0.51108648]","[0.12       0.14749999 0.18000001 0.18000001 0.2825     0.285
 0.29499999 0.17749999 0.19       0.1425    ]",1.3435955474958121,0.9953343703040093,0.661003,"[0.49623242 0.48907712 0.59325284 0.41262403 0.58497763 0.24654083
 0.70377219 0.45943081 0.55567902 0.41017976]",1.6105995,"[0.4802174  0.47310179 0.5727824  0.39983219 0.56722403 0.2423974
 0.68118834 0.44541007 0.53824729 0.39763907]",1.5598441,"[-0.01601502 -0.01597533 -0.02047044 -0.01279184 -0.0177536  -0.00414343
 -0.02258384 -0.01402074 -0.01743174 -0.0125407 ]",0.050935905,0.050760917,0.0042182985,0.15576635622796445
14,32,0.75,2.0,75.67799521699794,True,2024,default,6291456,6912870400,[0. 0. 2. 0. 0. 0. 0. 0. 0. 0.],[0. 0. 2. 0. 0. 0. 0. 0. 0. 0.],0.0,0.99999999999975,2.0,"[0.49623242 0.48907712 0.59325284 0.41262403 0.58497763 0.24654083
 0.70377219 0.45943081 0.55567902 0.41017976]",1.6105995,"[0.48023647 0.47297674 0.57263619 0.39989918 0.56724566 0.24240857
 0.68133712 0.44552538 0.53824377 0.39765659]",1.5598862,"[-0.01599595 -0.01610038 -0.02061665 -0.01272485 -0.01773196 -0.00413226
 -0.02243507 -0.01390544 -0.01743525 -0.01252317]",0.050902553,0.050718993,0.004318911,0.15825877775862904
14,16,0.75,0.01,0.0,False,2024,default,6291456,6912870400,"[0.002954   0.00314483 0.00308596 0.00310656 0.00320179 0.00348787
 0.00323564 0.00314472 0.00314708 0.00308716]","[0.0006125 0.00115   0.001     0.0009875 0.0010625 0.001175  0.0011125
 0.0010625 0.001075  0.0007625]",0.006838897025415767,0.9902098904526624,0.0032071697,"[0.63950652 0.63781357 0.76790917 0.54156005 0.7276482  0.31073666
 0.86725581 0.59806561 0.7259782  0.54042059]",2.0624475,"[0.63950026 0.63780618 0.76789057 0.5415504  0.72762454 0.31073496
 0.86724365 0.59805137 0.72596556 0.54041553]",2.06241,"[-6.25848770e-06 -7.39097595e-06 -1.85966492e-05 -9.65595245e-06
 -2.36630440e-05 -1.69873238e-06 -1.21593475e-05 -1.42455101e-05
 -1.26361847e-05 -5.06639481e-06]",4.0395782e-05,3.7309575e-05,1.5485943e-05,0.0
14,16,0.75,0.01,72.81844941194994,True,2024,default,6291456,6912870400,"[1.00000000e-02 2.77555756e-19 2.77555756e-19 1.38777878e-19
 1.38777878e-19 1.38777878e-19 2.77555756e-19 1.38777878e-19
 2.77555756e-19 1.38777878e-19]",[0.01 0.   0.   0.   0.   0.   0.   0.   0.   0.  ],2.2351741811588166e-10,0.99999999,0.01,"[0.63950652 0.63781357 0.76790917 0.54156005 0.7276482  0.31073666
 0.86725581 0.59806561 0.7259782  0.54042059]",2.0624475,"[0.63948959 0.63779736 0.76788813 0.54154104 0.72761965 0.31073353
 0.86723417 0.59804779 0.72596031 0.54040933]",2.0623903,"[-1.69277191e-05 -1.62124634e-05 -2.10404396e-05 -1.90138817e-05
 -2.85506248e-05 -3.12924385e-06 -2.16364861e-05 -1.78217888e-05
 -1.78813934e-05 -1.12652779e-05]",5.8403373e-05,5.7145622e-05,1.20553395e-05,0.0
14,16,0.75,2.0,0.0,False,2024,default,6291456,6912870400,"[0.59080086 0.62896662 0.61719207 0.62131112 0.64035802 0.69757465
 0.64712856 0.62894332 0.62941697 0.61743192]","[0.1225     0.23       0.2        0.19750001 0.21250001 0.235
 0.2225     0.21250001 0.215      0.1525    ]",1.3677794032460844,0.9902099034912486,0.64143395,"[0.63950652 0.63781357 0.76790917 0.54156005 0.7276482  0.31073666
 0.86725581 0.59806561 0.7259782  0.54042059]",2.0624475,"[0.63155657 0.62930745 0.75760359 0.53464937 0.71822411 0.30757177
 0.85677522 0.59053653 0.716694   0.53371918]",2.0362844,"[-0.00794995 -0.00850612 -0.01030558 -0.00691068 -0.00942409 -0.00316489
 -0.01048058 -0.00752908 -0.0092842  -0.00670141]",0.026191281,0.026163314,0.0012099693,0.03956468264845247
14,16,0.75,2.0,72.81844941194994,True,2024,default,6291456,6912870400,"[2.00000000e+00 5.55111512e-17 5.55111512e-17 2.77555756e-17
 2.77555756e-17 2.77555756e-17 5.55111512e-17 2.77555756e-17
 5.55111512e-17 2.77555756e-17]",[2. 0. 0. 0. 0. 0. 0. 0. 0. 0.],1.2719202621569003e-16,0.99999999999975,2.0,"[0.63950652 0.63781357 0.76790917 0.54156005 0.7276482  0.31073666
 0.86725581 0.59806561 0.7259782  0.54042059]",2.0624475,"[0.62521183 0.6239292  0.75149268 0.53006518 0.71296477 0.30671
 0.84959847 0.58582401 0.71198028 0.52979469]",2.0201197,"[-0.01429468 -0.01388437 -0.01641649 -0.01149487 -0.01468343 -0.00402665
 -0.01765734 -0.0122416  -0.01399791 -0.0106259 ]",0.04243882,0.042330123,0.0030354594,0.09065408419654447
14,20,0.9,0.01,0.0,False,2024,default,6291456,6912870400,"[0.0031785  0.00327107 0.00308026 0.00327274 0.00311024 0.00320721
 0.00303854 0.00322486 0.00324275 0.00298174]","[0.0007625 0.0011    0.0010375 0.001     0.0011125 0.001075  0.0009875
 0.0010875 0.0010875 0.00075  ]",0.006843019804153439,0.9933328912505768,0.0031881125,"[0.92219919 0.92044163 1.11821198 0.77255452 1.06481159 0.41239679
 1.27744317 0.85580587 1.06435966 0.77110177]",2.9900703,"[0.92219895 0.92044139 1.11821294 0.77255464 1.06481123 0.41239652
 1.27744257 0.85580558 1.06435859 0.77110118]",2.9900699,"[-2.38418579e-07 -2.38418579e-07  9.53674316e-07  1.19209290e-07
 -3.57627869e-07 -2.68220901e-07 -5.96046448e-07 -2.98023224e-07
 -1.07288361e-06 -5.96046448e-07]",1.7854054e-06,7.993945e-07,1.5964463e-06,0.0
14,20,0.9,0.01,72.65205378128772,True,2024,default,6291456,6912870400,"[5.55111512e-19 5.55111512e-19 5.55111512e-19 5.55111512e-19
 5.55111512e-19 5.55111512e-19 5.55111512e-19 4.16333634e-19
 5.55111512e-19 1.00000000e-02]",[0.   0.   0.   0.   0.   0.   0.   0.   0.   0.01],2.2351741811588166e-10,0.99999999,0.01,"[0.92219919 0.92044163 1.11821198 0.77255452 1.06481159 0.41239679
 1.27744317 0.85580587 1.06435966 0.77110177]",2.9900703,"[0.92219937 0.92044675 1.11821198 0.77255481 1.0648129  0.41239616
 1.27743018 0.8558045  1.06436348 0.77110368]",2.9900684,"[ 1.78813934e-07  5.12599945e-06  0.00000000e+00  2.98023224e-07
  1.31130219e-06 -6.25848770e-07 -1.29938126e-05 -1.37090683e-06
  3.81469727e-06  1.90734863e-06]",1.4745044e-05,2.0031644e-06,1.4608341e-05,0.0
14,20,0.9,2.0,0.0,False,2024,default,6291456,6912870400,"[0.63570015 0.65421392 0.61605119 0.65454794 0.62204874 0.6414423
 0.60770702 0.64497261 0.64854972 0.59634746]","[0.1525     0.22       0.2075     0.2        0.2225     0.215
 0.19750001 0.2175     0.2175     0.15000001]",1.3686039567726835,0.9933328789550756,0.63762254,"[0.92219919 0.92044163 1.11821198 0.77255452 1.06481159 0.41239679
 1.27744317 0.85580587 1.06435966 0.77110177]",2.9900703,"[0.89708489 0.89520389 1.08667624 0.75235981 1.03534329 0.40447763
 1.24089742 0.83272529 1.03569841 0.75065923]",2.908267,"[-0.0251143  -0.02523774 -0.03153574 -0.02019471 -0.0294683  -0.00791916
 -0.03654575 -0.02308059 -0.02866125 -0.02044255]",0.08190705,0.08180618,0.0040639183,0.07661668268387072
14,20,0.9,2.0,72.65205378128772,True,2024,default,6291456,6912870400,"[1.11022302e-16 1.11022302e-16 1.11022302e-16 1.11022302e-16
 1.11022302e-16 1.11022302e-16 1.11022302e-16 8.32667268e-17
 1.11022302e-16 2.00000000e+00]",[0. 0. 0. 0. 0. 0. 0. 0. 0. 2.],3.2487068343022356e-16,0.99999999999975,2.0,"[0.92219919 0.92044163 1.11821198 0.77255452 1.06481159 0.41239679
 1.27744317 0.85580587 1.06435966 0.77110177]",2.9900703,"[0.88989931 0.8877725  1.07777333 0.74659866 1.02765059 0.4028416
 1.23103166 0.82637066 1.02812707 0.74382508]",2.8854916,"[-0.03229988 -0.03266913 -0.04043865 -0.02595586 -0.03716099 -0.00955519
 -0.04641151 -0.02943522 -0.03623259 -0.02727669]",0.1047333,0.10458442,0.005582774,0.11190583714844751
14,10,0.9,0.01,0.0,False,2024,default,6291456,6912870400,"[0.00284838 0.00327065 0.00320692 0.00324638 0.00302839 0.00303239
 0.00323226 0.00336559 0.00317452 0.0031855 ]","[0.0006    0.0011625 0.0010625 0.0009875 0.001025  0.00105   0.0010625
 0.0011875 0.0010625 0.0008   ]",0.006837194581488949,0.9908783884691,0.0032057078,"[0.81506258 0.8067838  0.97767138 0.69619119 0.93264121 0.37571055
 1.10785949 0.76629448 0.92355275 0.69395256]",2.6297925,"[0.81506515 0.80678201 0.97766966 0.69619018 0.93263954 0.37571001
 1.10785866 0.76629192 0.92355055 0.69395173]",2.629789,"[ 2.56299973e-06 -1.78813934e-06 -1.72853470e-06 -1.01327896e-06
 -1.66893005e-06 -5.36441803e-07 -8.34465027e-07 -2.56299973e-06
 -2.20537186e-06 -8.34465027e-07]",5.4478774e-06,3.4266623e-06,4.2352517e-06,0.0
14,10,0.9,0.01,73.4508101998732,True,2024,default,6291456,6912870400,"[1.00000000e-02 2.77555756e-19 1.38777878e-19 1.38777878e-19
 1.38777878e-19 1.38777878e-19 1.38777878e-19 1.38777878e-19
 2.77555756e-19 1.38777878e-19]",[0.01 0.   0.   0.   0.   0.   0.   0.   0.   0.  ],2.2351741811588166e-10,0.99999999,0.01,"[0.81506258 0.8067838  0.97767138 0.69619119 0.93264121 0.37571055
 1.10785949 0.76629448 0.92355275 0.69395256]",2.6297925,"[0.81506431 0.80678034 0.97766876 0.69618934 0.93263978 0.37571013
 1.10785687 0.76629168 0.92355329 0.69395196]",2.6297882,"[ 1.72853470e-06 -3.45706940e-06 -2.62260437e-06 -1.84774399e-06
 -1.43051147e-06 -4.17232513e-07 -2.62260437e-06 -2.80141830e-06
  5.36441803e-07 -5.96046448e-07]",6.543765e-06,4.445966e-06,4.8014836e-06,0.019782341029446364
14,10,0.9,2.0,0.0,False,2024,default,6291456,6912870400,"[0.56967682 0.65413012 0.64138418 0.64927598 0.60567737 0.60647744
 0.64645153 0.67311893 0.63490388 0.63710092]","[0.12       0.2325     0.21250001 0.19750001 0.205      0.20999999
 0.21250001 0.2375     0.21250001 0.16      ]",1.367438914170419,0.9908784510511589,0.64114153,"[0.81506258 0.8067838  0.97767138 0.69619119 0.93264121 0.37571055
 1.10785949 0.76629448 0.92355275 0.69395256]",2.6297925,"[0.79902852 0.79025555 0.95740932 0.68273872 0.91271728 0.37008187
 1.08336425 0.7509594  0.90410411 0.68045169]",2.5756097,"[-0.01603407 -0.01652825 -0.02026206 -0.01345247 -0.01992393 -0.00562868
 -0.02449524 -0.01533508 -0.01944864 -0.01350087]",0.054278392,0.05418471,0.0031877242,0.06852804325551864
14,10,0.9,2.0,73.4508101998732,True,2024,default,6291456,6912870400,"[2.00000000e+00 5.55111512e-17 2.77555756e-17 2.77555756e-17
 2.77555756e-17 2.77555756e-17 2.77555756e-17 2.77555756e-17
 5.55111512e-17 2.77555756e-17]",[2. 0. 0. 0. 0. 0. 0. 0. 0. 0.],1.0749688212373146e-16,0.99999999999975,2.0,"[0.81506258 0.8067838  0.97767138 0.69619119 0.93264121 0.37571055
 1.10785949 0.76629448 0.92355275 0.69395256]",2.6297925,"[0.78998792 0.78213733 0.94745237 0.67628157 0.90479743 0.3687821
 1.07331967 0.74383396 0.89720482 0.6750769 ]",2.5517662,"[-0.02507466 -0.02464646 -0.03021902 -0.01990962 -0.02784377 -0.00692844
 -0.03453982 -0.02246052 -0.02634794 -0.01887566]",0.07821142,0.07803181,0.005297485,0.11364091540157657
