layer,pair,kl_10,kl_40,kl_70,kl_100,category
first,"(15, 21)",0.0015667828076066654,0.002170279919649495,0.002361914906323652,0.0035179922810699292,Stable
first,"(36, 53)",0.0018816726218971794,0.003693473818516406,0.0047346063000086504,0.005841649111615705,Stable
first,"(48, 54)",0.0019517156197588594,0.004543043499676484,0.0047370124688981274,0.005850347250320062,Stable
first,"(29, 59)",0.0014919468459996287,0.003316383101122471,0.0037446299153842144,0.004867265982493749,Stable
first,"(10, 27)",0.0029750378612949323,0.003462433176684892,0.004431824251747688,0.004244591840182097,Stable
first,"(25, 34)",0.0013614962872304072,0.0028832406589369983,0.003182964598557587,0.0036704143260351484,Stable
first,"(44, 47)",0.0017221367266103845,0.0030733451676967045,0.0037566063474118844,0.005383301314753284,Stable
first,"(2, 50)",0.0015117618759877011,0.0027587296937869555,0.0031736114444213615,0.0038353788060407393,Stable
first,"(2, 59)",0.0015277031374358128,0.0025802678945438208,0.0027768773028341923,0.0033443045002939952,Stable
first,"(25, 61)",0.0012985877161321659,0.003168026972228303,0.003438531390653741,0.004234119020272908,Stable
first,"(43, 60)",0.0015409590620466165,0.002439838091423457,0.0026275957908404642,0.0028405820259576474,Stable
first,"(55, 61)",0.0011290722608226203,0.002481718940114533,0.002833667919710591,0.0036494480847005187,Stable
first,"(5, 60)",0.0031892688996579075,0.004567788001702858,0.0043490243730426445,0.005083549432632512,Stable
first,"(28, 62)",0.0014593501420776464,0.0023355231461539205,0.0024486366455818737,0.003187654189399467,Stable
first,"(9, 58)",0.0011810928395834476,0.0016509627540943466,0.001883559795776514,0.0023880305815329682,Stable
first,"(6, 34)",0.002976606941811911,0.005819539420371112,0.00904446136210706,0.01321489926571407,Increasing Damage
first,"(48, 49)",0.0018030881069370096,0.002620152628941471,0.003014907688553388,0.003833143825814549,Stable
first,"(6, 43)",0.00297578031327876,0.005574738988904399,0.008918317677641634,0.012515494144780119,Stable
first,"(48, 58)",0.0014206704220223834,0.00206544738320347,0.0025137084715345323,0.003211634125823886,Stable
first,"(29, 54)",0.0017471768807533793,0.004924116014711591,0.005071620533010842,0.006770326615208832,Stable
first,"(21, 50)",0.0017294051005919582,0.0024940023925881065,0.00275535173059902,0.0032431524663066296,Stable
first,"(10, 22)",0.0025428206746783543,0.0026711279786561935,0.003113698233887082,0.00339065377441991,Stable
first,"(10, 31)",0.0022941043038674086,0.0021775631783527627,0.0027986032061502663,0.0034265390491755535,Stable
first,"(51, 59)",0.0015826944616816096,0.002666566535210114,0.002998022558037223,0.003871820877024948,Stable
first,"(13, 51)",0.001469249805799034,0.0027670094807634507,0.00339637948383598,0.004035506459258399,Stable
first,"(3, 28)",0.001606707843521216,0.002327109677482121,0.002620991391486064,0.003211541185194534,Stable
first,"(13, 60)",0.001728547139700545,0.003142307799157053,0.0036295813589615968,0.004156894001801235,Stable
first,"(35, 60)",0.0017037494975721133,0.0027996618837035784,0.003179714489511344,0.0036215744690109917,Stable
first,"(6, 38)",0.004904775111190859,0.0077436058461969,0.010592808716648071,0.014569021901568276,Stable
first,"(10, 17)",0.0031240588158509878,0.0036821756995148312,0.004687339231521994,0.005595177550191302,Stable
first,"(39, 62)",0.0012557345168565251,0.001975989951757523,0.0020967103920168256,0.0027093209304347907,Stable
first,"(2, 31)",0.0012856186262541216,0.0022597569263883696,0.0025723588448577444,0.0030515053469494743,Stable
first,"(12, 63)",0.001626287793809211,0.00239762011442187,0.0027024218681567045,0.002952210261741615,Stable
first,"(3, 5)",0.0031829886739560284,0.004271959536075805,0.004137755925508492,0.004813274475749593,Stable
first,"(32, 41)",0.0031917335968200586,0.005872118079302049,0.006699808775512486,0.010101215782209738,Stable
first,"(51, 54)",0.001869046468952925,0.004788285418395064,0.004833954904257342,0.006150574201439498,Stable
first,"(22, 27)",0.0017464030153761787,0.0038033417307569073,0.004256662952769214,0.0038227419790454733,Stable
first,"(13, 46)",0.003273322955112656,0.00417646812669434,0.004173664809378581,0.0050455949668515715,Stable
first,"(35, 46)",0.0032633522928446554,0.0038674673872739224,0.00415152576515793,0.004520628358539417,Stable
first,"(14, 23)",0.0012379094796899361,0.00404619849641087,0.004771549389160837,0.004951479891659668,Stable
first,"(1, 53)",0.001835006509456786,0.0032708064841535456,0.0040676654835823675,0.004970293800610001,Stable
first,"(28, 34)",0.0014242364673693359,0.0020832041808364755,0.0021702209586360465,0.002394986404256301,Stable
first,"(17, 43)",0.0023220738481899267,0.0035351422203780602,0.003895832447696627,0.004634995588359746,Stable
first,"(28, 43)",0.0012970603750071296,0.0018459113345135976,0.0019038166411422287,0.0021787857540663184,Stable
first,"(36, 56)",0.0018875192307162287,0.0030567335409734235,0.003658385334767749,0.003926681030335418,Stable
first,"(9, 39)",0.0011742150629704953,0.0014744140657778038,0.0017657948089462132,0.0019386529582403576,Stable
first,"(47, 56)",0.0017712944910146765,0.002997102832450388,0.003930754361783288,0.004947512200769919,Stable
first,"(28, 52)",0.001465241492406999,0.0017578884028645562,0.0018725945407788234,0.0020441410401675795,Stable
first,"(6, 24)",0.0030575481311431317,0.0059410351859680455,0.009236140643103912,0.014422896170431231,Increasing Damage
first,"(9, 57)",0.0024358117440661463,0.004865346814026603,0.004519268212773705,0.011741177264022786,Stable
first,"(6, 42)",0.0029522689803139542,0.006433539034753408,0.0097085972292236,0.014795566366096545,Increasing Damage
first,"(29, 44)",0.0014511262364482948,0.0036970109432959627,0.0037129318084724874,0.0052807732886507985,Stable
first,"(42, 63)",0.0011075383388990546,0.002249722918576073,0.0024417844435169044,0.0029924577421722026,Stable
first,"(10, 21)",0.0023079372838164776,0.002034452523555604,0.002467474532954204,0.0028882557199931646,Stable
first,"(31, 53)",0.0017240121638492179,0.0034565394725180614,0.004149306016543486,0.005409814346290436,Stable
first,"(2, 26)",0.0023436970325292957,0.004187929092392391,0.004529738390074808,0.005341714648753232,Stable
first,"(20, 62)",0.0013030261675431743,0.002131495729727765,0.002295963561151227,0.0028431987293775977,Stable
first,"(12, 58)",0.0015853819207088974,0.0024183896018443412,0.002709732900481657,0.0033478986678132402,Stable
first,"(13, 32)",0.0015941506144254828,0.003733060649582289,0.0038415537163212707,0.004701613576173931,Stable
first,"(13, 41)",0.0030882656554322603,0.005547589097785431,0.006338385626138335,0.00983967865662236,Stable
first,"(24, 41)",0.0031221121279932105,0.005160128002478348,0.005817606558962983,0.009004319719508592,Stable
first,"(3, 18)",0.0016537961317828241,0.0036222240305142446,0.004006650912575175,0.004444861581823539,Stable
first,"(16, 37)",0.0030008280055136287,0.003530292022597017,0.003328187227929309,0.004115366041421189,Stable
first,"(43, 54)",0.0017497247103075298,0.00439282714273773,0.004257179687099043,0.005213930539994717,Stable
first,"(32, 63)",0.001421016412053589,0.0032086382053205967,0.0028536985482593116,0.0035091431008905417,Stable
first,"(13, 59)",0.001782594142210848,0.0029486369657449525,0.003299262902364062,0.003982583718938794,Stable
first,"(28, 38)",0.004005181270773487,0.004006758134314282,0.0036351025410729146,0.0038007641286043133,Stable
first,"(6, 19)",0.00311632631476937,0.006083310272133137,0.009651129987773979,0.014843354157567438,Increasing Damage
first,"(10, 16)",0.004229585482462678,0.003295442260973826,0.003034003210453529,0.00354446632209878,Stable
first,"(39, 61)",0.0012181452080691107,0.002127330561255754,0.002368167686031455,0.0027514706762055722,Stable
first,"(12, 44)",0.0020112334291033963,0.002949491845641617,0.0031611267887431157,0.004380136311155192,Stable
first,"(12, 62)",0.0016874967112551402,0.002741655024638509,0.003237396222927401,0.0038624108651764354,Stable
first,"(23, 62)",0.00137909767247409,0.0026030642972402077,0.0025854553548082626,0.0031972930514154625,Stable
first,"(1, 34)",0.0016142177293647511,0.0018895562385146053,0.0020627909828748914,0.0022315993995401665,Stable
first,"(13, 45)",0.001519471660669532,0.0031645639447580526,0.003859311917123708,0.005425991670985671,Stable
first,"(16, 41)",0.004505940417326462,0.006318555439263516,0.006286046475110934,0.008942380178215947,Stable
first,"(1, 52)",0.0015754629943771903,0.0016701062491119275,0.001813364054038264,0.0018862181887717407,Stable
first,"(13, 54)",0.0018101221624171658,0.0042305944825043445,0.004725371294399097,0.005882828558916458,Stable
first,"(9, 11)",0.0013943388201266439,0.0014911139186472033,0.0016437927851322405,0.002032213596521007,Stable
first,"(9, 29)",0.0011063701384917953,0.002991901066167858,0.0030738959895785485,0.004363853559781388,Stable
first,"(28, 42)",0.0012714027600581924,0.0027439843617818715,0.00278497567378583,0.003528792573491275,Stable
first,"(9, 47)",0.0013357548158872549,0.0024051930248243153,0.003191198910556397,0.003946639248699261,Stable
first,"(6, 23)",0.0029435691770687243,0.006174682731284935,0.009455706820913503,0.013901499829594545,Increasing Damage
first,"(42, 44)",0.0014762410257545355,0.002997091150442164,0.003164787476124627,0.004532463588879964,Stable
first,"(6, 32)",0.002989717306773633,0.007016422798090082,0.009791607821467005,0.014725978525179937,Increasing Damage
first,"(19, 60)",0.0019616886048119497,0.0034315733580630955,0.003840644120455341,0.00512869520318947,Stable
first,"(31, 43)",0.0012846581476453347,0.0018325429803294018,0.002020562401565626,0.0024206168455422707,Stable
first,"(54, 63)",0.001823919300935459,0.004360901309896134,0.004289345661512169,0.005158240690772904,Stable
first,"(4, 44)",0.0020790739682209707,0.00292120834340426,0.0031706337010232355,0.004389369366608319,Stable
first,"(1, 38)",0.003959554513662142,0.003911332725373311,0.0035757936701328666,0.003685815561537204,Stable
first,"(13, 40)",0.00199859299903472,0.0029407747470462154,0.00334063512222901,0.004214549027174098,Stable
first,"(43, 53)",0.0016423628425639592,0.0030422910597592825,0.003662895068182201,0.004545193867291466,Stable
first,"(13, 49)",0.0018046126716131832,0.0028872024362563576,0.0034331857827328907,0.004304483883614908,Stable
first,"(5, 8)",0.0033559916602254837,0.004458572276137863,0.003877478718871876,0.00446572427290736,Stable
first,"(49, 51)",0.0016735756650714513,0.002670326194358699,0.0032142604206126355,0.004232855804455178,Stable
first,"(6, 9)",0.0029884908802317797,0.005706516127965981,0.008991755318639537,0.0129952214720033,Increasing Damage
first,"(30, 46)",0.003090692213286879,0.004529524406902588,0.004531846469318186,0.00528869365502288,Stable
first,"(42, 48)",0.0014103265156893208,0.0026752898952622905,0.003065234903514178,0.0038869094033499307,Stable
first,"(11, 51)",0.0013987802465889579,0.002054141460005996,0.002290525374270021,0.002815305768216029,Stable
first,"(23, 34)",0.0014106523952305482,0.0022914823089211747,0.0022138373568764322,0.0027907605202342352,Stable
first,"(4, 39)",0.0016176498030834024,0.0022579137290014008,0.0023497297431288255,0.0029270852739674696,Stable
first,"(1, 15)",0.0016752448740984928,0.0022640577512883326,0.0027258469438960955,0.0036905593708459095,Stable
first,"(13, 17)",0.0024611258086720774,0.004245063959037789,0.004850738720294678,0.0057645273395131764,Stable
first,"(4, 48)",0.0018620094837546296,0.0026920377687410183,0.0029819345552887073,0.0035816002655414013,Stable
first,"(53, 62)",0.0017339126186592647,0.00344011484062203,0.004462884208825945,0.0057186077553883505,Stable
first,"(4, 57)",0.0025917717560446922,0.0053195197457689926,0.004979892428029484,0.010429836317446501,Stable
first,"(13, 44)",0.0017485793633789178,0.0030751052111044515,0.003445880314033172,0.004391672988222533,Stable
first,"(24, 44)",0.0017272253952780286,0.0027084244410016272,0.0030500597496598953,0.003927116168287122,Stable
first,"(5, 12)",0.0034231785566924545,0.004547464357501546,0.004231306253067682,0.00486731285001331,Stable
first,"(15, 62)",0.0015241642079644952,0.0026571500524672593,0.0027897868289171275,0.0041156652057788325,Stable
first,"(5, 39)",0.003067587558344489,0.003796551595110301,0.003451509233984259,0.003996660996829909,Stable
first,"(50, 56)",0.0019940646305338866,0.002999806724667411,0.0035360981112040014,0.004159397698770799,Stable
first,"(0, 37)",0.0017665806635344125,0.0027321322834448158,0.0031673768175746113,0.004022144953537361,Stable
first,"(0, 55)",0.0015125207930439305,0.002264000106763317,0.0027123798364739353,0.0030823585592171104,Stable
first,"(39, 46)",0.003045595155790909,0.003454927866170036,0.003611064347378485,0.0038571235413850814,Stable
first,"(4, 25)",0.0016939698583069913,0.0033626662280147827,0.003600959916734181,0.004469052938850867,Stable
first,"(20, 51)",0.0012521823155611097,0.0021530301733148536,0.002369427074268666,0.0029340812688504266,Stable
first,"(1, 10)",0.002809654147142266,0.00217287813079084,0.0027214648713346705,0.0029963940900761335,Stable
first,"(4, 43)",0.0016255150855071108,0.0022016511621445038,0.0023169656791204095,0.002807078840707706,Stable
first,"(23, 56)",0.001667946037391593,0.0026558255505262133,0.0029340066710496805,0.003406075933585992,Stable
first,"(24, 30)",0.001289145200195888,0.003154691114451803,0.0031644747098244436,0.0040967211411568295,Stable
first,"(34, 62)",0.001436474202092004,0.00226472612107391,0.0023367255856388868,0.0029030158136727773,Stable
first,"(37, 58)",0.0014817492688170854,0.0024042854621425884,0.0029142776455504697,0.003916019211640553,Stable
first,"(5, 7)",0.0031157683847134812,0.00386647482606788,0.0033710525718439474,0.0038451972285768314,Stable
first,"(38, 59)",0.004158493289816153,0.004021093370873649,0.003874488325693757,0.004404927050354244,Stable
first,"(7, 53)",0.001669618643749214,0.0029613102907546543,0.00385368484337827,0.004885386148535909,Stable
first,"(7, 62)",0.0012532676539978391,0.0019270901134745943,0.0019925582711923205,0.0028766037741345687,Stable
first,"(8, 27)",0.001791048934803594,0.003499330464062062,0.004022989296212791,0.0038007803774723833,Stable
first,"(8, 36)",0.0018124194420376617,0.0028886236406492766,0.003414397437702986,0.003408012783648528,Stable
first,"(0, 32)",0.0016995297908102796,0.003458888696308515,0.0032273962810798963,0.0037740757477159135,Stable
first,"(19, 45)",0.0018551296860795294,0.0034901478234072403,0.0039058397551042846,0.006325935082256214,Stable
first,"(4, 11)",0.0017661680247818307,0.0022406896355929642,0.0024835410680406986,0.0029070973442796824,Stable
first,"(23, 33)",0.003920855762976168,0.002835048664335666,0.0030114140709932022,0.0034631949605242055,Stable
first,"(4, 29)",0.0015677819535796459,0.0034805194614160356,0.0036835305275174824,0.004932578815499485,Stable
first,"(1, 14)",0.001430568350629287,0.0037623352520689242,0.004596254499485502,0.005025210978061936,Stable
first,"(45, 48)",0.0015543940529961886,0.0030119617328378534,0.0032604535805984564,0.0047427493761044255,Stable
first,"(22, 55)",0.0013735376008162474,0.002590890827843549,0.0029148886482898615,0.003439054534063733,Stable
first,"(1, 32)",0.001644689289178293,0.003401913231038958,0.003335662866973554,0.0037688577229340915,Stable
first,"(37, 62)",0.0015064307688681042,0.002724303379143433,0.003284031885096635,0.004360518078917943,Stable
first,"(15, 43)",0.0013668841655888617,0.0020951360923737844,0.0021281109672291157,0.0030636382099512353,Stable
first,"(38, 45)",0.003950038352751887,0.004259711200034458,0.004151866143507744,0.005314365352147019,Stable
first,"(7, 48)",0.0013658947647521233,0.0018424329538789357,0.002308062771998636,0.0025281318078717416,Stable
first,"(8, 13)",0.0017920961555200135,0.002843842834295346,0.0031339916025076766,0.0035931689787104433,Stable
first,"(8, 22)",0.0018876418069481923,0.002860821844318966,0.002869828582325434,0.003121074197088704,Stable
first,"(27, 44)",0.001920997572726847,0.003693187154156645,0.004187680373055163,0.004551942839260735,Stable
first,"(27, 53)",0.0018772232769097175,0.00413840529970108,0.005450404526195371,0.00581357948859979,Stable
first,"(0, 36)",0.0018211749771800368,0.0027050048935176366,0.0031974451941709273,0.003283579712501979,Stable
first,"(30, 49)",0.0015731707176784254,0.003095532151491574,0.003435863486328492,0.004538006899222297,Stable
first,"(52, 55)",0.0012442237368170523,0.0019214775433533543,0.002160595899821922,0.002658984572787309,Stable
first,"(12, 37)",0.001790306916972012,0.0030281132491788857,0.0034853171471171257,0.004681935897376795,Stable
first,"(1, 18)",0.0016755882693456118,0.0031782671728825583,0.0035343344952770655,0.003946414878087916,Stable
first,"(45, 61)",0.0013870560429844827,0.0029751229727370244,0.003593931282635752,0.0049338531929073335,Stable
first,"(14, 55)",0.001125380075359404,0.003677044869840193,0.004914194635739352,0.005949415926086485,Stable
first,"(5, 6)",0.0041289396562114635,0.008070265693100015,0.010956334294062986,0.015192825866274797,Increasing Damage
first,"(7, 25)",0.0012296034898112416,0.0026689705975188327,0.0028557646127906383,0.003521417984565418,Stable
first,"(0, 4)",0.001925746237832063,0.002598934329224534,0.00271357393067098,0.0033596106603564963,Stable
first,"(7, 52)",0.0012937368202535738,0.0012902868743077567,0.0013839305584654618,0.0015607599793052657,Stable
first,"(19, 26)",0.002686521456374877,0.004592610076913394,0.005278026275459624,0.006883471109570162,Stable
first,"(11, 22)",0.0014698839531954867,0.002394311065119123,0.0024460239610384414,0.0025700721257062606,Stable
first,"(19, 35)",0.0018976027705755062,0.0031666084964602475,0.003691917273035032,0.004845184789039112,Stable
first,"(11, 31)",0.0014733951452452305,0.00189480070249568,0.002200580020461308,0.0025471613917682776,Stable
first,"(21, 63)",0.0013866201195900077,0.0015130019290483156,0.0015413388164857284,0.0016301582578436475,Stable
first,"(10, 53)",0.0024048407771556125,0.0033502920351479474,0.004605673348520001,0.005473472609062549,Stable
first,"(25, 51)",0.0013051950485258165,0.003306256936130926,0.003429400750627766,0.004361441548393299,Stable
first,"(22, 36)",0.0017071044594089307,0.0030719287347440744,0.0035046978548183747,0.003384001493942847,Stable
first,"(34, 38)",0.004088494740708835,0.003915464224089082,0.0034398253513251843,0.003683494572504708,Stable
first,"(22, 54)",0.0020311416232315967,0.004861356646521287,0.005020249176335715,0.005761634990515806,Stable
first,"(3, 50)",0.0018829080699051704,0.0026351926039435746,0.003489316101618137,0.004127261011243621,Stable
first,"(37, 61)",0.0014808597620199675,0.0029000218320341365,0.0033197785678942423,0.0043922878939316665,Stable
first,"(15, 24)",0.0015539127961033603,0.0026972113334767013,0.0028902130101659544,0.004177236819773144,Stable
first,"(15, 42)",0.0013176992663786013,0.0029592409997639133,0.0032608013673507564,0.004608103316491477,Stable
first,"(26, 42)",0.0022748458794761258,0.004814855199749907,0.004868154939646983,0.005970587088609641,Stable
first,"(26, 51)",0.002431758219060535,0.004315653927953016,0.004668208790131513,0.005680888443534319,Stable
first,"(7, 47)",0.0012833715429028227,0.0022594786176119747,0.0029040960767875543,0.003663141525842783,Stable
first,"(18, 47)",0.0014915994129456587,0.003821510114184227,0.004612531237655584,0.005517282285340236,Stable
first,"(8, 21)",0.001631762355823743,0.0021254643937361115,0.002320946137025372,0.002370136032515141,Stable
first,"(6, 60)",0.003035021123693112,0.006299572592698987,0.00946320354104244,0.014109504109155029,Increasing Damage
first,"(11, 26)",0.0024819277400286895,0.003927590119399796,0.004284762577374181,0.004788124857287234,Stable
first,"(29, 62)",0.0012170040565340704,0.0033251455873503366,0.0034923800763370116,0.004884911678665683,Stable
first,"(11, 35)",0.0016541063099411429,0.0019499729138793948,0.0024273060976242097,0.0026605081564072693,Stable
first,"(41, 45)",0.0030678982403153582,0.005368787985604917,0.006513582356390367,0.010417434902096364,Stable
first,"(33, 50)",0.0039272345864880135,0.002913219350921265,0.0035848954181530008,0.004324004092594407,Stable
first,"(2, 44)",0.0014720625147187606,0.0026630509199385786,0.0027914797413781693,0.003918362270120398,Stable
first,"(45, 51)",0.0013805269079778225,0.0028993155359903038,0.0033011775521274724,0.004940010991827247,Stable
first,"(7, 15)",0.001366710691669041,0.0020169723246588984,0.002307928368625894,0.003512610811127415,Stable
first,"(18, 24)",0.0015794629511895256,0.003289339819329727,0.003937812698570772,0.004162825797451598,Stable
first,"(59, 62)",0.001670365494710723,0.002656502617803542,0.0029808733048706415,0.003789859976072495,Stable
first,"(41, 49)",0.0033724940977834534,0.00521078945970412,0.0065389270356624556,0.009716066827831011,Stable
first,"(4, 9)",0.0016828510142099606,0.002333554072346908,0.002443522847893298,0.0031360468345709934,Stable
first,"(10, 43)",0.0025430464569279627,0.0019199617774628207,0.002209053191086438,0.0026780865197089452,Stable
first,"(41, 58)",0.0029150985468275633,0.005004345627764473,0.005858136655318925,0.008867884121700394,Stable
first,"(33, 54)",0.004373552147330602,0.004846379964589924,0.005073596629971456,0.006123598298680456,Stable
first,"(33, 63)",0.0038043912681143604,0.0022171536496885004,0.0026786633967035454,0.0029546396080010967,Stable
first,"(51, 62)",0.0013618126014735574,0.002545509298917464,0.0027693178728216204,0.003667116202357577,Stable
first,"(34, 37)",0.0014591009147764792,0.0024664001316004837,0.002793024294493489,0.0037236440980924347,Stable
first,"(37, 42)",0.0014433945307727803,0.0029426308104175077,0.0035038403206897354,0.004610935669617186,Stable
first,"(7, 10)",0.0024710447748571176,0.001826368178151036,0.0023236011796837408,0.0027570131200700242,Stable
first,"(36, 46)",0.0032828487512303766,0.004046316294892434,0.0045369724209448695,0.0046708132506075774,Stable
first,"(7, 19)",0.0017581243628251252,0.002688280274956858,0.003169392208593079,0.004185581462403143,Stable
first,"(0, 7)",0.0015658131866432973,0.0018546399962214466,0.002078937857963189,0.002372191786989231,Stable
first,"(10, 29)",0.0021962999056779286,0.0033032093394713426,0.0038664116824471376,0.004755354786717319,Stable
first,"(41, 44)",0.003383703990140743,0.005289699856032128,0.006288979661818589,0.010042120363396247,Stable
first,"(2, 25)",0.0011302160647630244,0.0030853272313324325,0.0033112782584778116,0.004094566344508111,Stable
first,"(10, 38)",0.00497850120795584,0.0038495321114709207,0.003959656244608301,0.004164583528701811,Stable
first,"(10, 47)",0.0023540342828575873,0.0026497795335630307,0.0037212164286619374,0.004822471125847283,Stable
first,"(33, 49)",0.004042836309829009,0.002880056445384138,0.0032734110349638317,0.004307856109251342,Stable
first,"(44, 49)",0.001979898259852716,0.002958653808394632,0.0034645032577679587,0.004872815846716687,Stable
first,"(2, 52)",0.0012794905406508183,0.0018774844480887172,0.0019321382760448954,0.002233048093433717,Stable
first,"(3, 17)",0.0025043342031025044,0.0039153427564439965,0.004643796357367142,0.005515955168688437,Stable
first,"(32, 53)",0.0018735831090130142,0.004467987228844843,0.005022692151106625,0.006210467389659299,Stable
first,"(2, 61)",0.0011982396832839407,0.0025381733399933008,0.0026745277911018133,0.003313456597818754,Stable
first,"(9, 60)",0.0015585751657903838,0.002431197502260339,0.0026391884635011704,0.0031371890423854128,Stable
first,"(6, 45)",0.00298706496650335,0.006403638800697296,0.009691369164762645,0.015005613474366797,Increasing Damage
first,"(29, 47)",0.0012380695648825486,0.003583905330510491,0.004429806492444909,0.005729237209191517,Stable
first,"(40, 47)",0.002072568339208257,0.002912585800494529,0.003884107122885051,0.0050027854033223,Stable
first,"(21, 43)",0.0012631017322515628,0.0014008571442525165,0.0014381462652819077,0.001635165542186109,Stable
first,"(6, 54)",0.003245137745475157,0.007436657319617715,0.010008494675643008,0.014849913506050038,Increasing Damage
first,"(2, 20)",0.0011154179131431016,0.0020491554522786407,0.0021048145719238533,0.002485452091815032,Stable
first,"(54, 58)",0.0017485256553668648,0.004413714258600878,0.00451264778507301,0.005643708611635683,Stable
first,"(2, 29)",0.0010449878831255443,0.0031571436247968456,0.0034318580815655415,0.004915775207632779,Stable
first,"(33, 44)",0.004196876022834196,0.0028815770984556817,0.003467726396071121,0.004413064000992742,Stable
first,"(51, 61)",0.0012567779510081467,0.0025956588017225285,0.0029504173718810645,0.00358987241927619,Stable
first,"(3, 21)",0.0017029887545690122,0.0020160514625878517,0.002529377907347188,0.0027837102517540083,Stable
first,"(7, 9)",0.0011781628896306519,0.0014672757365427904,0.0017069255186081614,0.001962549105689117,Stable
first,"(9, 37)",0.0014961261489543408,0.0023330494301825205,0.0028534072456358165,0.0038726567781002348,Stable
first,"(28, 59)",0.001664367802736699,0.002628308036654797,0.002769658308958767,0.0032649086060143094,Stable
first,"(21, 38)",0.0040033260742121865,0.003831489652121589,0.0035203205552916906,0.003712025132527419,Stable
first,"(10, 19)",0.002919562869361774,0.003029148642422416,0.003626908470478895,0.005001367464910017,Stable
first,"(2, 42)",0.0010388189583174566,0.0027425230024991066,0.0028513889612653757,0.003678073100443457,Stable
first,"(32, 43)",0.0014634190846772247,0.0030972601089809546,0.002878940864245692,0.0031131797081499356,Stable
first,"(24, 39)",0.0013318059683175524,0.0019320471316384708,0.0023229222233584297,0.002459392680212745,Stable
first,"(13, 48)",0.0016245561596838092,0.0027105222980311565,0.003360735096241304,0.004001371146677819,Stable
first,"(35, 48)",0.0017034908062667571,0.002411042796337446,0.0030353691485690763,0.003670714064280787,Stable
first,"(32, 61)",0.0014939084669012665,0.0036902016738981466,0.0036589631526331174,0.004335892862566675,Stable
first,"(1, 55)",0.0013200456612051234,0.0020588453325388256,0.0025396407251000097,0.003154154357475383,Stable
first,"(13, 57)",0.0024411934870039917,0.005388733935120208,0.005162526548753673,0.009597090397651494,Stable
first,"(17, 18)",0.0024353416829708797,0.004928219452031402,0.005285994872999476,0.006210490543781526,Stable
first,"(21, 24)",0.0015250917285311463,0.0020730834153073244,0.0022873568074677922,0.0025554556249137487,Stable
first,"(29, 37)",0.0013876749850059667,0.0034502775069491223,0.004056767135356383,0.005679093559678676,Stable
first,"(31, 46)",0.0033056451715286522,0.003665007154678208,0.00400703555070813,0.004597158707512926,Stable
first,"(12, 60)",0.001835606975971276,0.0029563451705742426,0.003337203461988688,0.004138965162311506,Stable
first,"(24, 43)",0.001334911339689706,0.0018799802019569107,0.0020781017197605716,0.002390168821778731,Stable
first,"(43, 56)",0.0016831400312448106,0.0022188719284638603,0.0024565159105474515,0.002832271749852993,Stable
first,"(24, 52)",0.0015251579617815262,0.0019288770798014225,0.0022184546949540994,0.0022436597537200506,Stable
first,"(35, 52)",0.001637167231628705,0.0018281876181359489,0.002202194801791526,0.0023256133817713496,Stable
first,"(16, 57)",0.0038269977019285257,0.005536938368280463,0.005774885887628657,0.00946902705551926,Stable
first,"(17, 31)",0.002407318141367534,0.003722647088590212,0.0042984694723374305,0.00546816632110422,Stable
first,"(9, 27)",0.0015309895050443832,0.003081148107053497,0.0037656761453470954,0.0032840992814001154,Stable
first,"(28, 40)",0.002026622044715459,0.002604955999122389,0.0028469114452852884,0.003477867036789531,Stable
first,"(6, 21)",0.0030589222249111582,0.005746968727523316,0.009151090750499153,0.013710302125645628,Increasing Damage
first,"(6, 30)",0.002949862553706258,0.006470943587640608,0.00968531817476773,0.014535163530130549,Increasing Damage
first,"(6, 39)",0.002898962279368055,0.005687306396376909,0.008911470821901281,0.013204673506247122,Increasing Damage
first,"(11, 63)",0.001328107750886337,0.001473700392383873,0.001540744508971736,0.0017818542800294404,Stable
first,"(20, 50)",0.0017218709684788166,0.002351774848128126,0.0028322091688284677,0.0034086845713555735,Stable
first,"(31, 59)",0.0016545024152064352,0.002589034481015426,0.0028142898748762055,0.003409835977983462,Stable
first,"(4, 51)",0.0016040067345613335,0.0027056801497930935,0.002923987908797797,0.0037440624896075262,Stable
first,"(32, 33)",0.003993552429552564,0.003870429482925084,0.0039557198784382595,0.004862797369748245,Stable
first,"(16, 25)",0.0030295265340503233,0.003906562141931301,0.0035314635425378288,0.0041119078621088935,Stable
first,"(51, 55)",0.0011810574863560007,0.002412736944916032,0.0028810485980935176,0.0036434608477502305,Stable
first,"(13, 38)",0.0037446526204922242,0.004255731149297714,0.003992641242874426,0.004518409332266634,Stable
first,"(24, 47)",0.0015894604467066083,0.0026082620901454415,0.0035633418144118694,0.004387923101111191,Stable
first,"(5, 15)",0.0031969501905351164,0.004672153774252696,0.004121217639213303,0.005511507265063183,Stable
first,"(5, 24)",0.0032556441461348094,0.004223905681761402,0.003962822868892659,0.00428516222460444,Stable
first,"(36, 39)",0.001502377176277882,0.002365544178983346,0.0027296119267857413,0.002879725606925902,Stable
first,"(17, 35)",0.00250613424929321,0.003913718340570535,0.004371734593570727,0.005382253336823538,Stable
first,"(6, 7)",0.002980403249421264,0.0056342302270355185,0.008875898140748044,0.012847247773699553,Stable
first,"(6, 25)",0.002947232527317099,0.006514885606873723,0.009726106902649028,0.014287094439883767,Increasing Damage
first,"(19, 62)",0.0017805235343995639,0.00299435059382304,0.0036713128574534597,0.005024558068214492,Stable
first,"(20, 27)",0.001552406599164126,0.0030015120275296704,0.0032392565077629873,0.0033484320206508033,Stable
first,"(39, 40)",0.0019524485743613318,0.002242727283037335,0.0024609196380815626,0.003152781719350343,Stable
first,"(31, 36)",0.001631696036224475,0.002648725274415899,0.0033343000583409776,0.0035096234082777128,Stable
first,"(10, 13)",0.002817157837951248,0.0026988295876927753,0.0033541810250042104,0.004160275980544577,Stable
first,"(20, 63)",0.0011859538112979177,0.0015262506119764095,0.0016685064699046804,0.0018145495603402223,Stable
first,"(43, 46)",0.003145671256396013,0.0033604590295469995,0.0035099974122129894,0.003665087859005897,Stable
first,"(1, 49)",0.0019167563740588812,0.0024081289288650554,0.0029637519530224653,0.0033777499473635884,Stable
first,"(35, 51)",0.001530579401960111,0.0025610455065325343,0.002818169814704775,0.0034069559250677547,Stable
first,"(17, 21)",0.002525031016643878,0.0038550701425750806,0.004164329633745076,0.004760872183758339,Stable
first,"(5, 28)",0.003164186786099361,0.004315092731252269,0.0038303431902959872,0.004206523907644774,Stable
first,"(9, 26)",0.0023702503239034045,0.004040011542785229,0.004375937510123384,0.004998960704862768,Stable
first,"(49, 62)",0.0017280144740008645,0.002719203648352948,0.0030348003242725123,0.0038007753340330973,Stable
first,"(27, 43)",0.0014571898031587576,0.002873605757678077,0.0035127401288827602,0.002940671661418847,Stable
first,"(6, 20)",0.002998806021425445,0.005863029210550682,0.00917172786906153,0.013951749526169505,Increasing Damage
first,"(30, 39)",0.0010619608115305544,0.002522398870721628,0.00277971882754026,0.0033187893723021686,Stable
first,"(27, 52)",0.0016213335525923642,0.003053301952635157,0.0029680670577037394,0.0032563519735429613,Stable
first,"(42, 50)",0.0016871911994239444,0.0030790484914956506,0.0036025202783382415,0.004424620086633236,Stable
first,"(11, 44)",0.0017360979278499753,0.002323144676360236,0.0025607909287553615,0.0032396188174019292,Stable
first,"(19, 57)",0.0026530411389673885,0.0052743553610486524,0.005352165923618511,0.01216321208929329,Stable
first,"(39, 53)",0.0016929580107446851,0.0029101653461778526,0.003785445287211264,0.004828442424453388,Stable
first,"(31, 49)",0.001669858818033688,0.0024133370361449705,0.0029851128094398457,0.003760367615970898,Stable
first,"(4, 32)",0.0017115202229817071,0.003686073295698347,0.003560575992440204,0.00434737726003184,Stable
first,"(23, 54)",0.0017316920958938282,0.004733543590958599,0.004933615135000895,0.0057939289618784,Stable
first,"(53, 55)",0.0015895138418699974,0.003232548864032109,0.004318876035383299,0.00588863497963455,Stable
first,"(34, 60)",0.001595813007868366,0.0025985400004215585,0.0028526061418339818,0.003197445285169371,Stable
first,"(1, 44)",0.0018246127735051898,0.0025505539054080767,0.0027776105769275502,0.003574043084585253,Stable
first,"(9, 12)",0.0016501377725001802,0.0023148764275878553,0.002605484282449944,0.0032277257432697013,Stable
first,"(15, 46)",0.003200196065330788,0.0041514549872991476,0.004362238101608732,0.005699721318021585,Stable
first,"(46, 61)",0.003219510996268375,0.003973291058840892,0.004099610412148451,0.004666637753147997,Stable
first,"(49, 57)",0.002546409088372653,0.005004456586417768,0.0051543615121429935,0.010374810046145141,Stable
first,"(18, 51)",0.0014393447778851332,0.003585949003114583,0.004001008597586769,0.004417139277947483,Stable
first,"(7, 60)",0.0015093872774140959,0.002347052024920335,0.00255899080584699,0.002911874136206746,Stable
first,"(27, 38)",0.00384482326814811,0.004946375940401222,0.004835522083438228,0.004671186902837191,Stable
first,"(19, 34)",0.001837139598991374,0.0029874049566152782,0.0033833538683152426,0.0044440908871110855,Stable
first,"(11, 39)",0.0013232089242344713,0.0014323847662443953,0.0016397691182436828,0.0018896318213568978,Stable
first,"(8, 52)",0.0016778156644862061,0.001996407798610397,0.0022419239388139656,0.002236162048217457,Stable
first,"(0, 48)",0.0017394609546729394,0.002339902275214595,0.0027080790965944156,0.003183458636414296,Stable
first,"(20, 26)",0.0023829605746866493,0.0039059787316469835,0.004181892560522453,0.005083020907029904,Stable
first,"(0, 57)",0.0025905187719059766,0.005105996749357944,0.004747629897622296,0.009630974850106645,Stable
first,"(11, 57)",0.0024701306499920078,0.004646234167146101,0.004316210989870468,0.009429118706029166,Stable
first,"(20, 35)",0.0015012200928748243,0.0020259246804677643,0.0023006680471763007,0.002628731651347387,Stable
first,"(12, 31)",0.0016985499149201186,0.0026365673941485947,0.0029075568286324924,0.003468850399215155,Stable
first,"(4, 27)",0.0018591301649705265,0.003511841279800174,0.004002967155095546,0.004064561778411643,Stable
first,"(1, 3)",0.0017230444035383323,0.002231224694518341,0.002671205876312909,0.0032364317031906517,Stable
first,"(1, 21)",0.0015408819219353386,0.0018683456397900408,0.001910953292385869,0.002109730871771389,Stable
first,"(13, 23)",0.0014823374908931903,0.0028412449894725527,0.0030543210729325615,0.0038192532667663524,Stable
first,"(37, 60)",0.0016460259623272252,0.003086168033703451,0.003658320836797908,0.004383912317476734,Stable
first,"(46, 47)",0.0032530828634238958,0.0041622775138949525,0.004773061015452464,0.005704685965940002,Stable
first,"(15, 50)",0.0018411652098923026,0.002927062128812242,0.0034842676985993937,0.004660101280478516,Stable
first,"(8, 20)",0.0015716598419579016,0.002165495503779836,0.0023152037629381246,0.002519176037960685,Stable
first,"(27, 33)",0.004087541031520763,0.0039220089537049295,0.004157841072752481,0.004393429129988983,Stable
first,"(19, 29)",0.0017032515318373303,0.003924647961706893,0.004328376572126478,0.005934936174035359,Stable
first,"(27, 42)",0.0014826791394019368,0.003743005307218422,0.0042780266088832345,0.00433656392759995,Stable
first,"(19, 38)",0.003961513588600026,0.004205050082239459,0.004319148663399192,0.005367848943439707,Stable
first,"(11, 43)",0.0013049411274983602,0.0013823624937103066,0.0014990221642922875,0.0017774517278365404,Stable
first,"(8, 56)",0.0019996494029553866,0.0027841334871757132,0.0030957084360677014,0.003591524678680724,Stable
first,"(30, 56)",0.0015491947330440803,0.0034719125343706026,0.0037444572229218312,0.004311568565448147,Stable
first,"(11, 61)",0.0014490028458865045,0.0021766644003419536,0.0023587482036610727,0.0027932308463475557,Stable
first,"(23, 26)",0.002402691690825285,0.004446845359849858,0.004593793092548098,0.005258127385424114,Stable
first,"(4, 22)",0.0018423054391547959,0.0030127394214781293,0.0030625876741017357,0.0035404390717313668,Stable
first,"(23, 35)",0.0015797186950087983,0.0024879264852930923,0.002698382257278074,0.0032192786446949948,Stable
first,"(4, 31)",0.0016510637713337344,0.002630741175291021,0.003049518526785406,0.0035405714425841275,Stable
first,"(23, 44)",0.0015897564110076714,0.002804758522207537,0.0028499840263314156,0.00368950916777174,Stable
first,"(14, 53)",0.0016832430861519017,0.005011670359838686,0.006452162882494631,0.0072323242613388655,Stable
first,"(37, 55)",0.0014207166595271727,0.0025500476681140373,0.003335005800423482,0.00440245584215382,Stable
first,"(14, 62)",0.0013203028520740077,0.003939031874795027,0.004526631420251891,0.0055221909725369535,Stable
first,"(46, 51)",0.0032851191085960137,0.0039547953369082475,0.004150949379355658,0.004820615776182762,Stable
first,"(38, 47)",0.003944444635914026,0.004169241105361324,0.004345792150172233,0.0053979526221183596,Stable
first,"(18, 59)",0.001712327988932368,0.003505196279198598,0.0038400113421869306,0.004312773746178198,Stable
first,"(8, 24)",0.0016878450898294346,0.0024679662340771572,0.0026793362817056914,0.0030819372032121657,Stable
first,"(27, 46)",0.0033603804905837347,0.004788316064279667,0.004982168592689955,0.0051741056689563955,Stable
first,"(30, 42)",0.0010091210793933948,0.00314669445219488,0.0032876852985806587,0.004540721008837558,Stable
first,"(19, 51)",0.0017284313390333512,0.0032967065275080745,0.003681294903327854,0.004905163964810107,Stable
first,"(0, 47)",0.0016453528033334155,0.002759499576487749,0.0034116775666242233,0.004346756806738759,Stable
first,"(41, 48)",0.0032660462775231046,0.0052444015003477095,0.00604962385520691,0.009344366559999729,Stable
first,"(41, 57)",0.004018250298529818,0.007985406868001022,0.00847730442537517,0.01808442651901354,Increasing Damage
first,"(25, 49)",0.001643724016545662,0.00323653179749327,0.0037795728793371232,0.004790810188146542,Stable
first,"(25, 58)",0.0011372246097926418,0.0029044349955090485,0.0030768092184012786,0.003867906747022032,Stable
first,"(22, 43)",0.0013651159339817468,0.0021390423683149565,0.0022375297003584325,0.0024391157308332185,Stable
first,"(22, 52)",0.0015613046162819453,0.002264969285022578,0.0023350253557738025,0.00244546044288105,Stable
first,"(14, 48)",0.001482788494290691,0.003681092670578747,0.004749810476720551,0.005689889678791839,Stable
first,"(37, 50)",0.0017190301933475195,0.0029864287658299717,0.0038635710511199504,0.004712480122768657,Stable
first,"(15, 40)",0.0018980534466775097,0.00279239626441759,0.0031756500838816116,0.004724327309773314,Stable
first,"(15, 58)",0.001289122214453992,0.002152321553821709,0.002535235834512798,0.004025416081231408,Stable
first,"(26, 58)",0.0023031300691834762,0.004127565711229213,0.004533544045947628,0.005455871149425978,Stable
first,"(27, 32)",0.001744563220799623,0.004613225422935753,0.004996204283628126,0.004849118718842065,Stable
first,"(18, 63)",0.0014048082744218646,0.0031677357868400285,0.0033484864400448494,0.0034970420753880384,Stable
first,"(0, 24)",0.0016954205481883005,0.002410031105199472,0.002610454906209582,0.0029730413013083993,Stable
first,"(11, 42)",0.0012996542172268495,0.0023163224777109303,0.0023751826431302344,0.0030584553922679723,Stable
first,"(41, 43)",0.002962497309656654,0.004871237317306575,0.005639207293252485,0.008670884863125339,Stable
first,"(41, 61)",0.002979010055279194,0.005249433612984493,0.006007777744673509,0.009321351501992056,Stable
first,"(25, 44)",0.0015424172586353002,0.003416301252009387,0.00363783703732854,0.0050032483834766325,Stable
first,"(52, 61)",0.0014522491193815616,0.002136644100514795,0.002294933762983533,0.002572251226577974,Stable
first,"(25, 53)",0.0016818425294386785,0.0039626950844943,0.004933909208759475,0.006241179479946478,Stable
first,"(22, 29)",0.0013927066936295885,0.0035007230122480267,0.0037409172439794125,0.004636796037069115,Stable
first,"(34, 40)",0.0019381853185671796,0.00238651815186457,0.002742216591477086,0.0038609291823129025,Stable
first,"(14, 34)",0.0013179762598289528,0.0035753298075593197,0.004388259396819153,0.005114713737360347,Stable
first,"(22, 47)",0.001575116643465752,0.0030891562479005903,0.003768749092711775,0.004498421579926178,Stable
first,"(45, 49)",0.0017330216112181052,0.0032282139266717985,0.0034850092309675635,0.005401152272859742,Stable
first,"(14, 52)",0.0014013835682560333,0.0035640014534945837,0.004290152767890169,0.0048152385967836515,Stable
first,"(15, 26)",0.0025307027477094535,0.004543544888480458,0.004675152713978069,0.006289088000447352,Stable
first,"(18, 31)",0.0014936521379022216,0.0032797810804469814,0.003589400243297388,0.004271144422831101,Stable
first,"(7, 40)",0.0018404398571470369,0.0022001085309561663,0.0024645534327661033,0.003537779724580927,Stable
first,"(18, 49)",0.001719294137654271,0.0035170668581170363,0.004255801465189945,0.0047116439121658174,Stable
first,"(6, 53)",0.003200400835574816,0.0066593582642697985,0.010074371767413907,0.014510027352868953,Increasing Damage
first,"(40, 55)",0.0018353080912511851,0.002532086442477501,0.0031319343013921567,0.004044966961335953,Stable
first,"(11, 28)",0.0014486798498999725,0.0018172975660454432,0.0018961390901682071,0.002253020383345206,Stable
first,"(25, 39)",0.0011982418431685316,0.0027848450302429416,0.0029081286836089727,0.00355673777805491,Stable
first,"(25, 57)",0.002378949947144414,0.005284575748286315,0.005489566583168786,0.009876453414595232,Stable
first,"(34, 35)",0.0016789430717690972,0.0021325852544250108,0.002386444513864926,0.0027278897702810844,Stable
first,"(22, 42)",0.0013640457866392088,0.002943157410273856,0.003061216029985242,0.0036006095481501276,Stable
first,"(34, 44)",0.0017451462773856094,0.0025252057711841313,0.002666725160110185,0.003321979484148307,Stable
first,"(14, 38)",0.0037378861562308964,0.005451344235903909,0.005827229045244465,0.006162684037849696,Stable
first,"(22, 51)",0.001559933345790448,0.0029604208834248134,0.0029972308934973005,0.0034351778449386882,Stable
first,"(37, 49)",0.0018106723718861266,0.0028374831118217667,0.0036969850542387605,0.004812692599818595,Stable
first,"(3, 56)",0.0019873425947681427,0.0026672463221453064,0.003336589672172878,0.0037508313669881643,Stable
middle,"(15, 21)",0.0024947367403966767,0.002436002364218251,0.002833123351646966,0.0036682473541932107,Stable
middle,"(55, 57)",0.0016373735991611065,0.0017451115797454898,0.0018685057283037644,0.002405638476154368,Stable
middle,"(18, 26)",0.005670071072631355,0.0064775290666251855,0.005877139121679271,0.0075297046057880585,Stable
middle,"(15, 39)",0.0019039440074127031,0.001829720527767933,0.0021172096011094934,0.0026868421294102642,Stable
middle,"(0, 5)",0.0023294033301172064,0.0021490055266985275,0.002234607725057562,0.002552978701745379,Stable
middle,"(21, 37)",0.0026783572920540217,0.003353458820174082,0.0034533637022259,0.0043369570667809365,Stable
middle,"(6, 57)",0.002333586111105497,0.0021198230800626963,0.0021751968724274683,0.00271579987083281,Stable
middle,"(33, 38)",0.0012198283596186329,0.0014367141639914243,0.0014494999285378516,0.0017224562639918378,Stable
middle,"(10, 54)",0.0016541290944237074,0.0014143239859857905,0.0013592127805896713,0.001628668625610147,Stable
middle,"(3, 15)",0.0018363460864191908,0.0018182703081890044,0.0020798614549692104,0.002663797663794255,Stable
middle,"(22, 28)",0.03735353458455894,0.014382948432895837,0.008659229183341556,0.028128598137442586,Decreasing Damage
middle,"(14, 24)",0.0022296835983475444,0.002324851375085483,0.002210219050525524,0.00268402088457084,Stable
middle,"(43, 60)",0.0004960463643093962,0.00048811760017583746,0.0005518606770675726,0.0006315617877656236,Stable
middle,"(22, 37)",0.038632458264021945,0.01833884442055556,0.010915774462471101,0.035182998154245616,Decreasing Damage
middle,"(14, 42)",0.0015516445084541486,0.0013975398345162358,0.0013542296008714288,0.001433943526740804,Stable
middle,"(7, 12)",0.0015158384416165693,0.0015413234787644832,0.001675493279590723,0.002134817228381451,Stable
middle,"(15, 25)",0.001816183839083313,0.001960697361090673,0.0021646312228140374,0.0028250593679776176,Stable
middle,"(55, 61)",0.0023848307366726436,0.003382279344412523,0.004011186953838937,0.005069156949085126,Stable
middle,"(36, 57)",0.0018980573214178067,0.0015891630043450595,0.0016466123868519582,0.001936120201880955,Stable
middle,"(28, 53)",0.0013761981512052316,0.0014548888037277967,0.0017541103286531994,0.0022702803792928623,Stable
middle,"(17, 62)",0.0014953548071233943,0.0014014668680320313,0.0014849571997526123,0.001873553145284628,Stable
middle,"(9, 58)",0.0024815192840494573,0.002592129734622674,0.0026656427731448725,0.002972137375575416,Stable
middle,"(48, 49)",0.002127668624459034,0.002552369667760635,0.002547119868580666,0.0028890587344302036,Stable
middle,"(40, 45)",0.0019315784841741354,0.002264654321807415,0.0025936646360910287,0.003471993924009563,Stable
middle,"(21, 41)",0.0025731995777345134,0.0019352858959353202,0.002109814568752272,0.0024279261376050167,Stable
middle,"(29, 63)",0.0015368877073240607,0.001470458583458441,0.0015265737158990517,0.0019108909903346742,Stable
middle,"(40, 63)",0.0018926751450749656,0.0016594070139493578,0.0018631208379489487,0.0022689167772468486,Stable
middle,"(25, 38)",0.0007931594654261465,0.0008593661582923205,0.0008165870899522359,0.0009151063052432745,Stable
middle,"(22, 32)",0.03538235341034929,0.01583014289527438,0.009113608892773566,0.03264771811175901,Decreasing Damage
middle,"(35, 60)",0.0008223783605088309,0.0008863409709796778,0.0008969273601845538,0.0011445521038688843,Stable
middle,"(36, 43)",0.0010503797058846007,0.0008815557173597491,0.0009294615325665658,0.0010364041445758388,Stable
middle,"(17, 39)",0.001351756666440494,0.001296188028058851,0.0013035133228953364,0.001565361696204857,Stable
middle,"(28, 48)",0.002057363513219141,0.0025282178047220474,0.00270315378358352,0.0032756278161655255,Stable
middle,"(36, 61)",0.0025653147137907934,0.0030286668807207036,0.003533837196089276,0.004422647368903146,Stable
middle,"(6, 38)",0.0016628705178329925,0.001627378622706778,0.0015695733280172107,0.0019542991828076753,Stable
middle,"(6, 56)",0.0022267559236879494,0.0023864798166114845,0.002632382155538105,0.003259919721955676,Stable
middle,"(21, 54)",0.0014945481587266118,0.001459435710172512,0.0016009374008976202,0.0019064855657128011,Stable
middle,"(2, 22)",0.035438149946943436,0.021089883180951396,0.012365002124994168,0.035692163741003015,Increasing Damage
middle,"(3, 5)",0.001609529705423079,0.0016392361018346723,0.0016731172846559642,0.0019047580602266384,Stable
middle,"(32, 41)",0.0020420374891761315,0.0017000990176255068,0.001746320795293393,0.0021145026278977215,Stable
middle,"(3, 14)",0.0013436501125202382,0.0012982629237566507,0.0012470717845173924,0.0013587637766670965,Stable
middle,"(43, 59)",0.0005394302055656809,0.0005705076407382458,0.0005847576387399944,0.0006457952646512212,Stable
middle,"(24, 55)",0.0018073048597365934,0.0021447726693331498,0.002188617061018901,0.002759858942958052,Stable
middle,"(16, 60)",0.0005643927789689853,0.0006071357469146579,0.0007099542950134795,0.0008829016325796225,Stable
middle,"(17, 25)",0.0013142876238032035,0.001320774055216347,0.0013895955657755997,0.001652897848285455,Stable
middle,"(17, 43)",0.0012538645546353627,0.0012138814509201892,0.0011942961999728545,0.0014631535870868212,Stable
middle,"(21, 22)",0.03542327600291911,0.019575301111089873,0.012739860975371439,0.031335673315635366,Decreasing Damage
middle,"(6, 33)",0.0019542312116198673,0.0022324908800735992,0.0023254895219299537,0.0029340886364032466,Stable
middle,"(21, 31)",0.0013277578970745008,0.0013627038581641034,0.0015721429068636021,0.001862262564042816,Stable
middle,"(40, 44)",0.001677218780786349,0.0020658046211736816,0.002485646159280438,0.00311277574878905,Stable
middle,"(10, 12)",0.0023552445567605637,0.0022065834938255003,0.002282739925876843,0.0029001396912920335,Stable
middle,"(10, 21)",0.001904059671748287,0.0017394581606221878,0.0018284703863342465,0.0021633943292924487,Stable
middle,"(2, 26)",0.00353808602534206,0.0035594582113977783,0.003851603196857978,0.005085631039963694,Stable
middle,"(10, 39)",0.001555627566996656,0.0013052219141557317,0.0012463179720088931,0.0015183762622552302,Stable
middle,"(12, 58)",0.0028955303509480136,0.0030931677349463733,0.003242208718957297,0.0039046474572962233,Stable
middle,"(23, 58)",0.0024972189150719417,0.0025847577607396813,0.0027441639060285243,0.003211391889046404,Stable
middle,"(32, 36)",0.0013117497429694044,0.0014279079745986346,0.0014529758153502036,0.0017388895827520655,Stable
middle,"(32, 54)",0.001036524222335937,0.0013085703146394438,0.001209986746760202,0.0014537150481810615,Stable
middle,"(35, 50)",0.0010808046770688843,0.001219517965588094,0.0011930695854561145,0.0014769041294203284,Stable
middle,"(24, 59)",0.0015442560983924207,0.0016572091556083203,0.001625077480301985,0.001973259613865081,Stable
middle,"(16, 55)",0.0009452715632993503,0.001270975768459856,0.001450042025196666,0.001862313112183732,Stable
middle,"(28, 29)",0.0010344631995833407,0.0012475479627671573,0.0013554867104943278,0.0017614138107642226,Stable
middle,"(9, 34)",0.0020256942774110115,0.0017874259297447302,0.0017505252219552586,0.0019018564895001326,Stable
middle,"(5, 45)",0.002563482285770724,0.0028757089276550563,0.003111828043837699,0.004125195598646399,Stable
middle,"(17, 47)",0.0013375633672358673,0.001255381300585776,0.0013013134825152063,0.0015940704645572886,Stable
middle,"(28, 47)",0.0011530490990655407,0.0012018617210692026,0.0013241115404533555,0.001692329946461342,Stable
middle,"(28, 56)",0.0017002888672383268,0.0020610602031053147,0.002251765013320291,0.0029344507554104125,Stable
middle,"(21, 26)",0.0037997120677006058,0.0038378287817138054,0.0039987201514575235,0.005143394970878981,Stable
middle,"(27, 60)",0.0004783481703382864,0.0006379952375767351,0.0006515108449275804,0.0007858817533935212,Stable
middle,"(20, 48)",0.002266679688779345,0.0026688911595307984,0.002592823052096518,0.002991504874885789,Stable
middle,"(31, 48)",0.0015968218592903114,0.0020463414253759824,0.0021987719921461773,0.0025187970515285103,Stable
middle,"(12, 44)",0.0023002897925509525,0.0027149428614397213,0.0031075240665390984,0.004082465352880941,Stable
middle,"(12, 62)",0.0018366083447639025,0.001811479204272463,0.0019790634766634193,0.0024895314085692914,Stable
middle,"(13, 27)",0.0006458196452597708,0.0007632031981650867,0.000801752576504188,0.0009619021242580929,Stable
middle,"(24, 27)",0.0015243106816248604,0.0017116508850397896,0.0017357075348957407,0.0020824123321409433,Stable
middle,"(1, 34)",0.0015681395468257152,0.0015568844881049876,0.0014940082506799991,0.0017569000445245857,Stable
middle,"(35, 54)",0.0010606007190686747,0.001107363667137495,0.001094560909462005,0.0013182674374126162,Stable
middle,"(1, 61)",0.002201492399086212,0.0029993064972559822,0.0034410878371626996,0.004316468642830445,Stable
middle,"(5, 22)",0.03882750005042732,0.0216781102134825,0.010716215725876893,0.03448503757315948,Decreasing Damage
middle,"(9, 47)",0.0013286902041094683,0.0012036056871442666,0.0011416278474628686,0.001325017847422983,Stable
middle,"(8, 51)",0.0005745453795065607,0.0007049876673807486,0.0008426829554812096,0.0010426869707076936,Stable
middle,"(8, 60)",0.0004006313239602447,0.0004351500748393741,0.0005243715973868348,0.0005642884962471282,Stable
middle,"(30, 60)",0.002504304616984448,0.001591424855348887,0.001586291277786941,0.0020402980340832196,Stable
middle,"(0, 56)",0.002036593419029675,0.002007320999094214,0.0022803822724422455,0.0027632747707976328,Stable
middle,"(31, 34)",0.0014952358450905634,0.001419142925635404,0.0014173442341259077,0.0015726910187188047,Stable
middle,"(23, 57)",0.002043092892363002,0.001754690606963712,0.0018625428437325814,0.0023427988719130367,Stable
middle,"(13, 22)",0.035347452900823535,0.017593150960577567,0.01057470479283176,0.03510614821774188,Decreasing Damage
middle,"(43, 44)",0.0012833353132341617,0.00167658873047858,0.0020311227144856627,0.002448549778600465,Stable
middle,"(43, 53)",0.0008627352511246723,0.0008934701439529575,0.0010858273048615077,0.0013332255677835417,Stable
middle,"(16, 36)",0.001121237291674239,0.0010005240421185914,0.0011132406617981488,0.0014079519528176596,Stable
middle,"(24, 49)",0.0019689814354555166,0.0020800521433701476,0.0020168623550324834,0.002419507692746431,Stable
middle,"(35, 49)",0.001357981338173754,0.0014643681662291185,0.0014090528692580209,0.0017618561329434154,Stable
middle,"(5, 8)",0.001480541122002728,0.001579462269697532,0.0015997811414622215,0.001829559262916665,Stable
middle,"(46, 55)",0.0009618665310803705,0.0012922065157011209,0.0013645110649193812,0.00169896118221988,Stable
middle,"(17, 28)",0.0016475631671521694,0.0016357532305596634,0.0017740462293166406,0.0022463074550623774,Stable
middle,"(7, 63)",0.0014714372730477243,0.0012843460721362557,0.001414576804902535,0.001693116491508535,Stable
middle,"(27, 41)",0.0018639391928471495,0.0014284656093247203,0.0013079425818237436,0.001572321491890347,Stable
middle,"(27, 50)",0.000851269936680746,0.0010854599756122518,0.0009940100975419002,0.0011785934659532603,Stable
middle,"(42, 48)",0.0018533265745032967,0.0020575130942355737,0.002183374986577249,0.00248487604443398,Stable
middle,"(11, 51)",0.0018798214169792858,0.001880395632103355,0.002083782702113171,0.0024231599461663543,Stable
middle,"(39, 42)",0.0009519167226500356,0.0006959674940684895,0.0007010625777942957,0.0007109235293995178,Stable
middle,"(23, 34)",0.0020101598274732237,0.0017677740640343804,0.0018266232599068147,0.002194197163626112,Stable
middle,"(12, 43)",0.001587196679753799,0.0015643403525896396,0.0017342940140593613,0.0021625960562396433,Stable
middle,"(4, 39)",0.0009028122290335227,0.0007022997350951318,0.0007289451838145444,0.0007344490272351911,Stable
middle,"(12, 52)",0.002248694541843921,0.0024705038522110697,0.002723022493686312,0.0037361087566966456,Stable
middle,"(12, 61)",0.0029912911617199006,0.0037193165475473884,0.004458279140593162,0.005660175044696323,Stable
middle,"(24, 26)",0.003927935827800782,0.003982814481692634,0.004066187664208867,0.005290073661032851,Stable
middle,"(53, 62)",0.0011278182484679143,0.0011341140893698694,0.001363574627584619,0.0017576250244751327,Stable
middle,"(34, 58)",0.0027628502754294118,0.002782394514889325,0.002852952235732937,0.003176713419625325,Stable
middle,"(24, 35)",0.0018058213865035908,0.0019241222889068198,0.001961030003576448,0.0024079845558489625,Stable
middle,"(16, 31)",0.0006940101196225063,0.0007600093817855942,0.0008828451942821509,0.0011078254619872835,Stable
middle,"(1, 51)",0.0008381891637320526,0.0010149002434207421,0.0011140671820630786,0.0014948508979282225,Stable
middle,"(49, 55)",0.0013705543749279502,0.0016476299762832106,0.001726825648082326,0.00215587768631631,Stable
middle,"(5, 39)",0.0016748576757210061,0.0017168783016746627,0.0016721774208478732,0.0019517751274271914,Stable
middle,"(18, 58)",0.004494545296640907,0.005589499548203786,0.004983242475950347,0.0056850390207048,Stable
middle,"(8, 41)",0.0017762642115151286,0.0011742980070347398,0.0011851040589476774,0.0012775580951288241,Stable
middle,"(30, 41)",0.003760745187111586,0.0023199410020927807,0.002278036789219201,0.0028570051396077487,Stable
middle,"(27, 54)",0.000745652781681038,0.0008606436014178072,0.000830398325009536,0.0009197409081168913,Stable
middle,"(0, 37)",0.002744694651627834,0.003231950893830762,0.003224990299833196,0.003937402611095722,Stable
middle,"(8, 50)",0.0007819267210847098,0.0008829198615771463,0.0008846696504732393,0.0009907020390096158,Stable
middle,"(19, 50)",0.0021692674367586387,0.0013006228832047263,0.001200938138011848,0.0014223496013569983,Stable
middle,"(42, 52)",0.0017755433114665156,0.0018020193810300137,0.0019260357882373525,0.0026233460114178007,Stable
middle,"(11, 46)",0.001918395412203233,0.0017203445789351324,0.0018450843813418386,0.002103205709975969,Stable
middle,"(8, 59)",0.00044697141720669,0.0005147301138518083,0.0005630956476327941,0.000605397121352266,Stable
middle,"(19, 59)",0.0018751118187679266,0.0009766786146782464,0.0009169656096868702,0.0010420297796159565,Stable
middle,"(23, 29)",0.001174073728937096,0.0011518697870508854,0.0012268928969205036,0.001657816951150742,Stable
middle,"(12, 38)",0.001765272490334158,0.001731771242454365,0.0017844295074215565,0.002270621033294896,Stable
middle,"(23, 38)",0.001364807651347577,0.0011486895532684604,0.0011691081492809664,0.001582644862216074,Stable
middle,"(1, 10)",0.001483667014520245,0.0014284018674888446,0.0013382843989250208,0.0017183995987096444,Stable
middle,"(4, 52)",0.0017097237187559682,0.0018155019468958072,0.001944395400410382,0.002582915830688701,Stable
middle,"(45, 53)",0.001889585982053327,0.0022229389951338454,0.002640807287287795,0.003688573586868498,Stable
middle,"(1, 28)",0.0012014252478647883,0.0014289476399534024,0.0014822007479637482,0.0019455431514913048,Stable
middle,"(24, 30)",0.003508710913746032,0.002686475150372172,0.002559535887520443,0.0033452367504549353,Stable
middle,"(16, 26)",0.0032020570099050905,0.0032165790430213758,0.003374258376936272,0.004475600396427356,Stable
middle,"(56, 62)",0.0015750290277813637,0.001740555598862915,0.0019504663682168868,0.002477384487304329,Stable
middle,"(5, 7)",0.0014656292914074246,0.0016092440818995305,0.0015868599655858397,0.0018026034847623239,Stable
middle,"(7, 62)",0.0007560409672257415,0.0007605313540057638,0.0007794563026445015,0.0009711421175952942,Stable
middle,"(19, 27)",0.0019188473502444192,0.0011117843736859474,0.0009680500309995718,0.0011277415394368546,Stable
middle,"(8, 36)",0.0009464014575547597,0.0007979860915382714,0.0008930899202823639,0.0010096833908250756,Stable
middle,"(0, 32)",0.001621405281783415,0.0016528311703383014,0.0016600989051720478,0.002002051893382231,Stable
middle,"(27, 58)",0.0019160360681570404,0.0022191284442754037,0.0023430822482067726,0.002586244013784172,Stable
middle,"(12, 15)",0.0026977391304275383,0.002692684245264189,0.0030294929735586373,0.0040289586217468025,Stable
middle,"(19, 63)",0.0027420316341514837,0.0017125727182867438,0.0017509271275410522,0.0020976165591676766,Stable
middle,"(30, 63)",0.0034008273200426785,0.0023523945598171027,0.002495171361251386,0.0031990814906550547,Stable
middle,"(4, 11)",0.0019827713531725857,0.001757225240082986,0.0018755338393271984,0.0020753195828307255,Stable
middle,"(20, 37)",0.0025156689886649025,0.003343286425648414,0.0031148471091641053,0.0038484651188517975,Stable
middle,"(31, 37)",0.0020266727042796513,0.002820383418267388,0.0027826992876072497,0.0033746535207399065,Stable
middle,"(12, 33)",0.0020562083567247317,0.002235055158426707,0.002417704823943418,0.0031445731117549594,Stable
middle,"(4, 29)",0.0007657087109521332,0.0007336599460215219,0.0007841380739303433,0.0008843481826959706,Stable
middle,"(4, 38)",0.0010122532393456866,0.0007785026047482065,0.0007613421365216187,0.0007843715108428248,Stable
middle,"(16, 21)",0.001381709108279756,0.0013688917961670688,0.0015953803750307493,0.0019831744798063816,Stable
middle,"(22, 55)",0.035741191459996526,0.01885748851147312,0.007526532935407526,0.025641538332285937,Decreasing Damage
middle,"(37, 53)",0.0022445764096039145,0.003077727252380185,0.0031228354321111065,0.004127732314434432,Stable
middle,"(16, 30)",0.0026862451339550193,0.001841336398970728,0.0017370278784736037,0.0023747873409096015,Stable
middle,"(46, 49)",0.0011727829301294566,0.001209327557355928,0.0011771446173789615,0.001379790999745211,Stable
middle,"(26, 43)",0.0031113765899314807,0.0031125107115046423,0.003221830572168107,0.004188794313564736,Stable
middle,"(46, 58)",0.002067605384226214,0.002168453259070927,0.002304145947744356,0.0025066679978411584,Stable
middle,"(19, 31)",0.0019473003125067454,0.001037304525022744,0.0010101071994705528,0.0011426087500745199,Stable
middle,"(8, 49)",0.0010409912967427886,0.0010655423909594448,0.001044951560133662,0.0012109742934206245,Stable
middle,"(19, 49)",0.00231517065843499,0.0014722805008261645,0.0013611472495816189,0.001587602095754004,Stable
middle,"(52, 55)",0.0017624403110686137,0.0021801317973980518,0.0023708562632768436,0.0033232662147609287,Stable
middle,"(1, 9)",0.0013147790806169225,0.001358580408659202,0.0013255877984064812,0.0016145287379668955,Stable
middle,"(14, 46)",0.0013705166358143036,0.0014054042003132862,0.0014044388396712115,0.0015005141674669879,Stable
middle,"(14, 55)",0.0016050048805477679,0.0019209309382862486,0.001972500344106855,0.0023810472407474487,Stable
middle,"(7, 25)",0.0005301204918529794,0.000652804336658139,0.0007212216409318979,0.0008002132465625347,Stable
middle,"(38, 40)",0.001095887668762252,0.0010338224838594495,0.001106815317158628,0.0012683502933213213,Stable
middle,"(26, 56)",0.003773113886196473,0.004027461105195598,0.004327511760447129,0.0055373726208239535,Stable
middle,"(11, 13)",0.0018474199919810033,0.0017162454840510862,0.0018774505813905897,0.0021897231598040196,Stable
middle,"(8, 44)",0.0012202250630160305,0.0016980255832165822,0.002006904465425585,0.002479584661290067,Stable
middle,"(19, 44)",0.0026042138835671138,0.0020922697682670597,0.002378967263085474,0.002989592853449687,Stable
middle,"(33, 46)",0.0011574768887966768,0.0013948903049022594,0.0015008914636196783,0.0017296527588341957,Stable
middle,"(52, 59)",0.0014619939995660091,0.0017399053953888902,0.001866465409357641,0.0025735221961937435,Stable
middle,"(4, 19)",0.0021223882531231286,0.00100078024176036,0.0009904349030320887,0.0010176689941972412,Stable
middle,"(33, 55)",0.0013848654244995441,0.001889855950689522,0.002062277659658252,0.002551924241671027,Stable
middle,"(10, 62)",0.0016912547709566287,0.001468861543835724,0.0014344691809107725,0.0017806074445957784,Stable
middle,"(2, 58)",0.0023971111880241895,0.0025105038389604743,0.0028047353843587536,0.003310527240684286,Stable
middle,"(22, 63)",0.03739367001535124,0.01649866550908408,0.009250859254777692,0.03334469993749787,Decreasing Damage
middle,"(26, 42)",0.0034204222400728112,0.0032257803187625785,0.003314335375766528,0.0042656464214109,Stable
middle,"(18, 38)",0.003401544611288964,0.0042896194286691615,0.003483214822030805,0.004149424683163486,Stable
middle,"(0, 8)",0.0012878453778464164,0.0010699148594488209,0.0011283853851418832,0.0012454672119505234,Stable
middle,"(33, 41)",0.0022405215388840933,0.0019624095804988673,0.002102406151985287,0.0022988110788022386,Stable
middle,"(33, 50)",0.0013611313369760456,0.0016429580667046096,0.0016818140032532232,0.0020748641641821,Stable
middle,"(10, 57)",0.002236681035173904,0.0019240358775818509,0.001840115320829186,0.00228901979871067,Stable
middle,"(2, 53)",0.001333785130497637,0.0013483868447072879,0.00170636064875856,0.0023143389031026647,Stable
middle,"(25, 55)",0.000947232416858273,0.0013326736897883744,0.0014217041899971788,0.0018050544595916587,Stable
middle,"(34, 42)",0.0016715340834388952,0.0013741894962303119,0.0013449662454274181,0.0014711135864361432,Stable
middle,"(37, 38)",0.002118846528272615,0.002817185300882991,0.002714861421485928,0.0034127398718271683,Stable
middle,"(22, 49)",0.03664260915100038,0.020626069135479697,0.012655230695852528,0.034147967435230256,Decreasing Damage
middle,"(14, 45)",0.002316507728124585,0.002650810441646047,0.0028120910143898995,0.003732684828335029,Stable
middle,"(37, 47)",0.0021003182363696646,0.002843260038084468,0.0027795712692465302,0.0035183598131560447,Stable
middle,"(26, 28)",0.00354670237238696,0.0036616715648823206,0.003835165200810961,0.005182440373161488,Stable
middle,"(59, 62)",0.0008145556944164457,0.0008668539863123957,0.0009045003353486652,0.0010644933674609034,Stable
middle,"(29, 39)",0.0006600731751801252,0.0007216910359783373,0.0007478116745051347,0.0008916667215622416,Stable
middle,"(19, 25)",0.00195764699794556,0.0010945884528476637,0.0010515029523134752,0.0012285098353953957,Stable
middle,"(40, 57)",0.0017997864587303044,0.0016746915215300059,0.001746446412168606,0.0020572523679194036,Stable
middle,"(11, 30)",0.00372541027061068,0.0027279747950421773,0.0028398482852481826,0.0034500830406182757,Stable
middle,"(4, 9)",0.0014139256896589772,0.001191088509817881,0.0011743428463725214,0.0012540866519461726,Stable
middle,"(2, 39)",0.0011534036290848054,0.001124192950846072,0.0013270821730205482,0.0017542362396127985,Stable
middle,"(25, 41)",0.0017155470216780133,0.0013566343540127657,0.0014181764227802012,0.0015396104992369901,Stable
middle,"(10, 61)",0.0029385575301147477,0.0033006854787079676,0.003697464810321492,0.004787103545222572,Stable
middle,"(25, 59)",0.0006149430945482421,0.000768803455100942,0.000790666874833229,0.0009101086635807783,Stable
middle,"(3, 40)",0.001021094839421145,0.0009589022872515346,0.0010873617263462833,0.0011898215819942958,Stable
middle,"(55, 59)",0.0008932251154079873,0.0012648164026397345,0.0013321265292654406,0.0016576587095068899,Stable
middle,"(36, 55)",0.0013466769854466821,0.0014655349187149746,0.0016571530740812064,0.0020156807116808776,Stable
middle,"(8, 11)",0.001689856751738326,0.001600331828299386,0.0016830588031779045,0.0019048632537632094,Stable
middle,"(0, 16)",0.0014502698138955338,0.0012186602551084562,0.0013553752815717043,0.001648875469323774,Stable
middle,"(11, 16)",0.0018412871230644391,0.001744949574618562,0.001945888552025294,0.0022478264778004915,Stable
middle,"(29, 52)",0.0014386507792514074,0.0018199743659667198,0.0019413281098942053,0.002649298384274201,Stable
middle,"(40, 52)",0.0017910481217956015,0.0021167224532298314,0.0022649310082210475,0.0029934513408933464,Stable
middle,"(2, 25)",0.0011135360769534946,0.001180559180207332,0.0013897189885587779,0.0018613974622644141,Stable
middle,"(2, 34)",0.0018953985640966947,0.0017531933358426164,0.001912115692389599,0.0023343425149109165,Stable
middle,"(10, 56)",0.0021355462482975716,0.0021241937656966167,0.002242539732422146,0.0028112107572192506,Stable
middle,"(51, 57)",0.0016105058211512752,0.0015008865656450576,0.0015633958853894805,0.001985776164829917,Stable
middle,"(2, 52)",0.001968862089502245,0.0021244083607835523,0.0025287615151087356,0.003426555406311845,Stable
middle,"(3, 17)",0.0013225503890890802,0.0012375021404343045,0.0012915374459913837,0.001482706391111015,Stable
middle,"(25, 54)",0.0008320402311823888,0.0009047784973319503,0.0009495530457162726,0.001050511254845397,Stable
middle,"(22, 30)",0.03775379072592158,0.020460056240486146,0.013871721206655517,0.034581605961076865,Decreasing Damage
middle,"(3, 26)",0.0032035797811812805,0.0031241767206081064,0.0032847416669786575,0.004233542522549194,Stable
middle,"(7, 14)",0.0012239464025207516,0.0012699624197553417,0.0012360713353734758,0.001355340419204475,Stable
middle,"(47, 50)",0.0009589520993512073,0.0010341158347782035,0.001013872378139697,0.0012092957432705035,Stable
middle,"(47, 59)",0.0006368416542926447,0.0006672092314467154,0.0007076423254544546,0.0008421832873448869,Stable
middle,"(6, 27)",0.0015270443226528686,0.0016185940085800083,0.0016269201639130693,0.0020919286944765855,Stable
middle,"(6, 36)",0.0020136347684331403,0.0017658202167744198,0.0018854829960725115,0.0022919168802913287,Stable
middle,"(48, 51)",0.001659681757679064,0.0020338180186415438,0.0022597432281336086,0.00261956876765027,Stable
middle,"(29, 56)",0.0012982866120795956,0.001579370881936693,0.0017914909401487897,0.0022382577352330064,Stable
middle,"(6, 63)",0.0023532995722176315,0.0021867759653970797,0.002306580729500287,0.002892107128820668,Stable
middle,"(54, 58)",0.0021592032383860693,0.0022538959296858436,0.0023669445148426825,0.0025153504657168283,Stable
middle,"(43, 48)",0.0015791091786326705,0.0019400425911550163,0.0020906389605832142,0.0023738530816425135,Stable
middle,"(22, 25)",0.038290819042430604,0.019931523868125148,0.009993269777854858,0.03174170417306129,Decreasing Damage
middle,"(51, 61)",0.0021763421615687475,0.0028505972758024528,0.0035013495969763836,0.004402246988769775,Stable
middle,"(13, 62)",0.0009310657016184386,0.0009106153449073688,0.0009959575017633377,0.0012094807412797164,Stable
middle,"(28, 50)",0.0013266403543217952,0.0014957310056488728,0.0015570337471397014,0.001993091022908778,Stable
middle,"(9, 55)",0.0015153713047596088,0.0016780895462215313,0.0017108421597861931,0.002164069305598242,Stable
middle,"(40, 42)",0.0011962074421102418,0.0010281859766640446,0.0011043023174248181,0.0012545800187723877,Stable
middle,"(10, 28)",0.0018857658821702524,0.0017768382243005055,0.001790442233567273,0.002300732777291806,Stable
middle,"(2, 24)",0.001945673745549638,0.002076360717611091,0.002227575020605393,0.0029230938972456097,Stable
middle,"(31, 60)",0.000545328374468192,0.0006042281320150697,0.0007027998032592841,0.0008289215137593045,Stable
middle,"(32, 34)",0.0017028143171948674,0.001816044736670504,0.0017167243133777708,0.002028029255606842,Stable
middle,"(43, 61)",0.0020714607183579307,0.0027151786955301803,0.0033044002742954165,0.004078255133371074,Stable
middle,"(13, 57)",0.001541166342220343,0.0013907796783732935,0.0014613453118470813,0.001750647799847778,Stable
middle,"(35, 57)",0.001678056365997064,0.0016128597559377962,0.0016382157163600014,0.002003749295321231,Stable
middle,"(17, 27)",0.0012477339739643328,0.0013540775084307968,0.0013131250653824747,0.0015646507333357343,Stable
middle,"(36, 40)",0.0013980971124719637,0.0012677865754821258,0.0013840427025893563,0.001593134093727776,Stable
middle,"(5, 34)",0.002335268226634418,0.0023115569697569277,0.0022507051205724344,0.00260139222375486,Stable
middle,"(17, 36)",0.001680360741669549,0.0015048224492576593,0.0015251738190906001,0.0018306042506840497,Stable
middle,"(28, 45)",0.0020771347277887347,0.002419498182412742,0.0028135064551605945,0.003910082334026016,Stable
middle,"(36, 58)",0.002434687924828638,0.002368762294106,0.0025643813492310305,0.0028238048913315824,Stable
middle,"(28, 54)",0.0012629684716731434,0.0013167458786740812,0.0014517242380341414,0.0017513300141830585,Stable
middle,"(9, 50)",0.00144143116388002,0.0014131099202042384,0.0013590872944001793,0.001580884649016523,Stable
middle,"(28, 63)",0.0019725610413971755,0.0019150221664045034,0.002007702307896339,0.002589156875914725,Stable
middle,"(21, 24)",0.002241771194439229,0.002285669369526255,0.0024154343420361157,0.0029087098695791437,Stable
middle,"(29, 37)",0.0019213113378511878,0.0028455536817525535,0.002789465394517025,0.0035963489123474546,Stable
middle,"(31, 46)",0.0006982623872215909,0.0007155856741642935,0.000803347339069364,0.0009037968592602503,Stable
middle,"(12, 51)",0.0016875823540750052,0.001754619054289715,0.001929176866535283,0.0025573352014193764,Stable
middle,"(24, 34)",0.002336840459550034,0.002277170368295478,0.0022216520730591696,0.002658610647562365,Stable
middle,"(3, 11)",0.0018144744881187583,0.001652159645663254,0.001787037902750029,0.001995673230612162,Stable
middle,"(1, 50)",0.0009672245171558409,0.001126771049670828,0.0011087590492275443,0.0013922407729635054,Stable
middle,"(1, 59)",0.0007261371616467739,0.0008955073432549017,0.0009181683714856669,0.0010831659468613366,Stable
middle,"(16, 57)",0.001538632705102282,0.0014292032768328984,0.0015206061532108013,0.001858416395098319,Stable
middle,"(17, 40)",0.001513386380534828,0.0015094020877429017,0.0016130162993314974,0.001943218517041232,Stable
middle,"(28, 40)",0.0013985056952346112,0.0015214271919818936,0.001696877145661999,0.0021064454081692542,Stable
middle,"(17, 49)",0.0017497511632893932,0.0016978661343488525,0.0017045316946206802,0.0020397932461220557,Stable
middle,"(6, 21)",0.002221217777009124,0.002165132880295897,0.002296811565517678,0.0029210139567800797,Stable
middle,"(58, 59)",0.001951505633211714,0.0021265525534567035,0.002240805742798711,0.0024570321249573414,Stable
middle,"(21, 28)",0.0017857233001278068,0.0018242422676962137,0.002126334302490691,0.0026182776217865225,Stable
middle,"(2, 14)",0.0017729983855597825,0.0018062991886106184,0.0019265966960014353,0.0024632011912447613,Stable
middle,"(4, 60)",0.0007363171442470375,0.0006035872327167634,0.0006956892001540667,0.0007107933195937367,Stable
middle,"(32, 42)",0.0011305447806991696,0.0012295322652630194,0.0011596558540010024,0.0013627779421889656,Stable
middle,"(35, 47)",0.000953428995478963,0.001022481256420917,0.0010387486820294756,0.001322652785004705,Stable
middle,"(9, 13)",0.0012658527761092,0.0011637797477045107,0.001179829676903494,0.0013557506272358574,Stable
middle,"(17, 26)",0.003739605681419245,0.0036326170557480697,0.0037766430210469932,0.004909325543493152,Stable
middle,"(46, 62)",0.000912144670894442,0.000924317589152717,0.0009706566624859496,0.0011299049915652697,Stable
middle,"(5, 42)",0.0018088232984573242,0.0017194443349028649,0.0016832171275174223,0.001959798719577529,Stable
middle,"(6, 25)",0.0015681098857335764,0.0016045398187210101,0.0016569707240768855,0.0021460739135333025,Stable
middle,"(58, 63)",0.002836809129192409,0.002722950785584317,0.0029680325943680064,0.003398376787751395,Stable
middle,"(8, 62)",0.0007342427020469557,0.0007773944295214132,0.000815431882727855,0.0010024953493728054,Stable
middle,"(12, 32)",0.0018076463310640637,0.0020678636158897967,0.002122280793592468,0.002800111486422481,Stable
middle,"(20, 45)",0.002255844461258437,0.0025279945875325816,0.002655053030199,0.0034801567671924306,Stable
middle,"(39, 58)",0.002103444076994821,0.0021467986847520182,0.0023025262353944622,0.002435187680476238,Stable
middle,"(1, 22)",0.0349214954194277,0.016472220388954736,0.005599871696269139,0.02541515503463616,Decreasing Damage
middle,"(32, 37)",0.0022556393597335796,0.0032756716448684485,0.002980716839024884,0.0038885517668397792,Stable
middle,"(1, 40)",0.0010425747533532996,0.0012394713206414134,0.0012940214600640205,0.0016055782492866786,Stable
middle,"(1, 58)",0.0020462973766494502,0.0022936797217351606,0.002401239657554544,0.0027798160985663496,Stable
middle,"(5, 19)",0.0028108769284325976,0.0020001914418268686,0.0019243678857354097,0.0022578347174440293,Stable
middle,"(9, 17)",0.0018533481353224838,0.001731379300783006,0.001648870367765044,0.0019681102135336165,Stable
middle,"(49, 53)",0.0013813101591470462,0.0014328238171291742,0.0015780267386956363,0.001999979296557521,Stable
middle,"(6, 11)",0.002707527887803131,0.0024990844975778677,0.0027115773331558915,0.0031876068197279105,Stable
middle,"(30, 48)",0.0035640660072590903,0.003088589917094225,0.00304665121630869,0.0038040043301119826,Stable
middle,"(42, 59)",0.0008555143726847649,0.0007010853746479991,0.00067489937989323,0.0007620033239063184,Stable
middle,"(20, 31)",0.0013095734727636924,0.001309032243163953,0.0012789463792572454,0.0014290819561469784,Stable
middle,"(23, 27)",0.0011923469467228233,0.0011894256894461684,0.0012365450004554585,0.0016340810228183996,Stable
middle,"(20, 49)",0.0017852192772676082,0.0017632284206912363,0.0016612621401031035,0.0018776773249358006,Stable
middle,"(1, 8)",0.0006410365181472665,0.0007836898234848448,0.000840575747697379,0.001028565128487551,Stable
middle,"(31, 58)",0.0020198733680759926,0.002127238218924563,0.002328654747196269,0.002504563895130132,Stable
middle,"(4, 41)",0.0019243938857177218,0.001327631449796976,0.0013584336798129644,0.001382464347330006,Stable
middle,"(45, 60)",0.0015223389749655252,0.0018566100464351167,0.002166635648187941,0.0028657209534313287,Stable
middle,"(35, 37)",0.0022158179091075593,0.0031127235236530944,0.0029801700808545577,0.0038893052738060594,Stable
middle,"(16, 33)",0.0011342431670088836,0.0013800324669382285,0.001486495962178653,0.0018704090872858365,Stable
middle,"(38, 39)",0.0008400952918565432,0.0007173439079816407,0.000727040213180293,0.0007641204314241119,Stable
middle,"(46, 52)",0.0015538599831307436,0.0018150398322230217,0.0019285297792597847,0.0026339693105379147,Stable
middle,"(38, 57)",0.0016282235777950907,0.001407086850541091,0.0014153732126533022,0.001660445710868135,Stable
middle,"(49, 57)",0.0018733373271985372,0.0017495018345282827,0.0017647241836957904,0.002113787129719308,Stable
middle,"(30, 43)",0.0025822688012005356,0.0016528262531012364,0.0015827281716232942,0.0020927818621744327,Stable
middle,"(0, 39)",0.0014967669738597587,0.0011637314244589353,0.001255920571892367,0.0013860237000984518,Stable
middle,"(19, 61)",0.0034110862706937584,0.0030667343609226973,0.003544618518324133,0.004413418129904817,Stable
middle,"(0, 57)",0.002222282476567102,0.0018600378980252517,0.001910124576202293,0.002215015498116404,Stable
middle,"(31, 35)",0.000891314641775704,0.0010357845492087775,0.0010272235402602758,0.0013216301688227497,Stable
middle,"(4, 18)",0.003482228633372703,0.004352716389129195,0.0034721228566820784,0.004194022224630021,Stable
middle,"(12, 31)",0.0016316693084206695,0.0017048701243085678,0.001851760360437291,0.0023150615745489,Stable
middle,"(12, 49)",0.002020873288116938,0.0020744501484968644,0.0021614167482933494,0.0027306999217792238,Stable
middle,"(13, 14)",0.0013615084385116267,0.0014107873540591181,0.0013904240936521775,0.0016133966401127705,Stable
middle,"(13, 23)",0.0012370632964547458,0.0010999500469366975,0.0012407257417003516,0.001634499920869034,Stable
middle,"(1, 30)",0.0024965466287000682,0.0017767608404196742,0.0016949660484911107,0.0023554006386028526,Stable
middle,"(16, 28)",0.001146223072918743,0.001279059380061743,0.0014452684059270172,0.0019200177821892409,Stable
middle,"(49, 52)",0.00196268785573204,0.0021359798759740126,0.0022271435544740986,0.003000704444240119,Stable
middle,"(0, 25)",0.0014340140400730885,0.0012596288318238078,0.0013210855120024314,0.00151978154864577,Stable
middle,"(19, 38)",0.0020309970193982834,0.001036646834934067,0.0009424166624862965,0.0010745286685138545,Stable
middle,"(27, 51)",0.0006711091824640424,0.0009202271025055624,0.0009522806729178511,0.0012454440271080184,Stable
middle,"(19, 47)",0.00199304697999419,0.0010079326859665468,0.0009456001844177741,0.0011081064284828202,Stable
middle,"(30, 47)",0.0027180595780594355,0.0017456921647606106,0.0016898062225277437,0.002240401347209885,Stable
middle,"(0, 43)",0.0013892001270573015,0.0010921470896459054,0.0011678139817043029,0.0012988645423645747,Stable
middle,"(4, 13)",0.0008390998980748607,0.0007186967152542552,0.0007941088650574539,0.0008758305619880351,Stable
middle,"(0, 61)",0.002868500685544642,0.003263159240310796,0.0038458073674952314,0.004879339159815624,Stable
middle,"(4, 22)",0.03473590913915248,0.021193100762705204,0.01090770040570579,0.032783837414918617,Decreasing Damage
middle,"(23, 35)",0.0014138056523749203,0.001371389277345135,0.0014376649675394131,0.001913957664286579,Stable
middle,"(1, 7)",0.0006317548185462055,0.0007735515710604406,0.0007889063412294866,0.0009778989702290452,Stable
middle,"(25, 63)",0.001655220660940045,0.0015058386918123132,0.0015543094505143695,0.001901118181432655,Stable
middle,"(4, 40)",0.001106242815727876,0.0010549872881154426,0.0011132266496983912,0.001210502430290486,Stable
middle,"(22, 48)",0.035101862039606,0.024380519894489982,0.012850986951556108,0.03387616268823499,Decreasing Damage
middle,"(1, 25)",0.0007795347728607668,0.0010114149210827283,0.0010025366671496962,0.0012832041060987234,Stable
middle,"(37, 55)",0.0022726273430672263,0.0032865547048577417,0.0032905502271565077,0.004312565117965485,Stable
middle,"(26, 27)",0.0031372180237291417,0.003229608021499193,0.003360524385027721,0.004375241265754346,Stable
middle,"(15, 36)",0.002236686136815662,0.0021255590191651148,0.002342172568150677,0.002974596562350063,Stable
middle,"(26, 45)",0.004136306065904953,0.0043897441619643665,0.004683021235813525,0.006373828458490565,Stable
middle,"(38, 47)",0.0008616097569678189,0.0007668822212348151,0.0007355567283733777,0.0008974210124602661,Stable
middle,"(15, 63)",0.0026391594433004422,0.00240143809527002,0.002791811552589841,0.0036610880340416717,Stable
middle,"(0, 11)",0.0024787601559432292,0.00219039817803884,0.002333122421312754,0.002597568362381376,Stable
middle,"(11, 20)",0.0024182281865467413,0.0022730978179729333,0.0023269038319453533,0.0025893492366611463,Stable
middle,"(19, 33)",0.0024055448254714667,0.001664531291902113,0.001701109831990156,0.00208319127533093,Stable
middle,"(8, 42)",0.0007597289830339967,0.0005625567748595327,0.0005858495465835233,0.0006069220264423252,Stable
middle,"(4, 8)",0.0006889026192587051,0.000553141266447641,0.0005989595075320824,0.0006117475357478216,Stable
middle,"(41, 57)",0.0026774242255639784,0.001971878567517064,0.0019971402035689856,0.002311990716495201,Stable
middle,"(25, 49)",0.0011419220357997814,0.0012745937423675447,0.001242457520460141,0.001475931983416206,Stable
middle,"(4, 26)",0.003292852477816068,0.003211148734811985,0.0032992222526286646,0.0042402435881553555,Stable
middle,"(10, 60)",0.0013738238210604292,0.0011949066749876956,0.0011573736475752542,0.0013954020263470248,Stable
middle,"(44, 62)",0.0015734587905213955,0.0020000490867178675,0.002319617444838476,0.0029287600877015703,Stable
middle,"(1, 2)",0.0011874681149862704,0.0013426535673093443,0.0014997644967161164,0.0020090669803364534,Stable
middle,"(4, 35)",0.0010820393809819378,0.0010172886407127182,0.0010170389275330001,0.0011963339503716687,Stable
middle,"(53, 58)",0.002192914772377227,0.0023947342513883836,0.0026541125534798593,0.0030721277712558778,Stable
middle,"(3, 39)",0.0007184199911460122,0.0005885322859798554,0.0006420356367210807,0.0006415847381046349,Stable
middle,"(22, 52)",0.037832047665747257,0.020439671951468067,0.01029910443034669,0.03756578982253651,Decreasing Damage
middle,"(45, 63)",0.0025474359566561517,0.002587288407861437,0.0029218390380075783,0.003881027986629874,Stable
middle,"(15, 22)",0.03304568380236977,0.01926545947165777,0.014361295745134077,0.03328959495719236,Increasing Damage
middle,"(15, 49)",0.0022600518257751643,0.0023080219243250184,0.0025040523975282535,0.003225174524853805,Stable
middle,"(7, 45)",0.001519744112002315,0.0018444797567132483,0.0020714183156570775,0.002829225137072567,Stable
middle,"(26, 58)",0.004487486544714538,0.004667821468872916,0.004743523958841619,0.0058621423344056515,Stable
middle,"(7, 54)",0.0006844715865456273,0.0006650500823158711,0.0006682553497203119,0.0007497952782561501,Stable
middle,"(8, 19)",0.0018226634623017702,0.0008706273291858801,0.0008046137461427317,0.0009102842185088017,Stable
middle,"(8, 28)",0.0009729682766030613,0.0010769333724612337,0.001222267932741519,0.0015436276352436369,Stable
middle,"(11, 24)",0.002714613484602471,0.00263875120468793,0.002772617603916955,0.003306197485917816,Stable
middle,"(41, 61)",0.0032252922589058137,0.0034118721036947358,0.004053544879472435,0.005009445996374341,Stable
middle,"(4, 21)",0.0015197069083348021,0.0013312909749971786,0.0015373819115684347,0.0017299599522269588,Stable
middle,"(2, 51)",0.0011391949788329755,0.00122676698762146,0.0015410844897845537,0.002172011812655505,Stable
middle,"(2, 60)",0.000987081842033198,0.0010151510837855607,0.0012336093731462993,0.0016546554559903359,Stable
middle,"(22, 38)",0.03749143748909562,0.01927676525644794,0.01360021484953479,0.03538781465603683,Decreasing Damage
middle,"(34, 40)",0.0017422724332870664,0.0016730468531890679,0.0017160365102767646,0.0019230978523408536,Stable
middle,"(37, 45)",0.0025745976081615655,0.0035346121620826888,0.0035929948535207397,0.0046426215737704725,Stable
middle,"(45, 58)",0.0029916558411376536,0.0034425298416743124,0.0037931547377893205,0.004730326465527047,Stable
middle,"(3, 52)",0.001527866619792949,0.0017328397584671408,0.001961634079806571,0.00263685457826224,Stable
middle,"(15, 26)",0.004249343835033282,0.0042706786532755725,0.004578527932266102,0.006181588763910956,Stable
middle,"(7, 22)",0.03664649794358264,0.01713149649813988,0.010735303299029775,0.029970486491209175,Decreasing Damage
middle,"(18, 49)",0.0037799394104403587,0.004730456098787944,0.00389883736442561,0.004674431197282156,Stable
middle,"(0, 10)",0.0022092046438810754,0.0017654452397535966,0.001732711447340564,0.0020665339125906326,Stable
middle,"(8, 23)",0.0011047154485321177,0.0009789351895989565,0.0010587549899987298,0.0014000460264704982,Stable
middle,"(48, 59)",0.0015626463793657187,0.0019919836336229216,0.002121842888823123,0.002368632505749215,Stable
middle,"(0, 19)",0.0027221743104780295,0.001478021237605649,0.0014635534593223558,0.001662613462589982,Stable
middle,"(0, 28)",0.0017856024967879654,0.0016257862465882394,0.001796765642182026,0.00225437588055174,Stable
middle,"(4, 7)",0.0006963756131625164,0.000573223452755046,0.0006506337309394852,0.0006622586075840568,Stable
middle,"(25, 39)",0.000706103109198585,0.0007493895846110588,0.0008445213502924732,0.0009325380309877537,Stable
middle,"(33, 61)",0.0025323402019329032,0.003354443824856084,0.004021808169626069,0.005234635849270345,Stable
middle,"(25, 57)",0.0015308885845323557,0.001463856753481628,0.0014894187700820712,0.0017426259961157568,Stable
middle,"(22, 33)",0.03679475973897347,0.023852678674570516,0.013292746428256475,0.03323684903913676,Decreasing Damage
middle,"(14, 38)",0.0014612993592936225,0.0014601321212613266,0.001357803047314423,0.001480151964501815,Stable
middle,"(3, 47)",0.0007228614808754922,0.000634865601336753,0.0006853244203057552,0.0007678899939598815,Stable
last,"(15, 21)",0.0050511449184197305,0.006117504754625052,0.007002599147142037,0.007574078413300244,Stable
last,"(26, 30)",0.0053045269330350584,0.005264886278880623,0.004787708469664465,0.005683512905733975,Stable
last,"(47, 62)",0.003201850567564662,0.004456121659241275,0.005393919982583996,0.006421137414490718,Stable
last,"(18, 44)",0.00040237816165476103,0.0003510832482595367,0.00037316384461991576,0.0003689950734066051,Stable
last,"(9, 63)",0.0002311546842194745,0.0011675010824766486,0.0016413825198183024,0.002673211361453358,Stable
last,"(29, 59)",0.010349469045626282,0.008044130664946157,0.008952819337751034,0.011296725511791518,Stable
last,"(10, 36)",0.0034493924414738513,0.004841526631015799,0.0056168943407106835,0.006206513693267419,Stable
last,"(2, 32)",0.0014947924815769914,0.0022930164852249246,0.0026683711133889997,0.003293304345532727,Stable
last,"(2, 41)",0.004185612174377856,0.005121954692082789,0.005790007025936001,0.00682866092171167,Stable
last,"(25, 43)",0.0023522700797582127,0.00281869529385219,0.003041893896055889,0.003823138091285099,Stable
last,"(2, 50)",0.0017285090874061234,0.0026416967864463575,0.0031558728282109635,0.003569531960953703,Stable
last,"(14, 15)",0.0034658831704547084,0.0032755073677694308,0.0038664529866074735,0.004436772385441259,Stable
last,"(22, 28)",0.0038849098666515368,0.0036304122564509303,0.0038690587873179143,0.004794283553571362,Stable
last,"(2, 59)",0.010869255740442271,0.009835505325191425,0.011152426230404756,0.013509389677606313,Stable
last,"(3, 24)",0.003459647052761194,0.004103714276563147,0.0049667608597661825,0.005866240806664398,Stable
last,"(3, 33)",0.003230804506398049,0.004460599795521884,0.004917655424116512,0.005818062319021828,Stable
last,"(47, 57)",0.0025267085290298142,0.003886064830604531,0.004837799638647908,0.005412920016562587,Stable
last,"(28, 53)",0.0049369620956168985,0.0051271993754232505,0.005280388694522565,0.006252297182909741,Stable
last,"(18, 30)",0.0006508647738705586,0.0006321147346396351,0.0006108587408308636,0.0006765295993667894,Stable
last,"(21, 32)",0.0034591913083115715,0.00446791777544516,0.004911974298624024,0.005217105198212834,Stable
last,"(6, 52)",0.004338205109106365,0.0053144749654182154,0.005376915358823283,0.007392784922828838,Stable
last,"(21, 59)",0.012424050902787871,0.01207919019481402,0.012759166417396503,0.014819187394197936,Stable
last,"(2, 27)",0.0038816387213556017,0.004631711069281602,0.005410008294527954,0.006378619063582832,Stable
last,"(33, 42)",0.0007515878240495928,0.0015559473760865096,0.0011660477500702805,0.0012176777787468054,Stable
last,"(44, 51)",0.0006332744069836999,0.0005535592920735301,0.0007993831389994717,0.0008306264250625675,Stable
last,"(3, 10)",0.00463481048291259,0.005978614066632725,0.007626086881297406,0.009025028896882295,Stable
last,"(2, 54)",0.006526243769570958,0.006666637124161441,0.00567111157474006,0.0066603515992947225,Stable
last,"(36, 43)",0.0037140862545812364,0.004830899373131278,0.005089171331090554,0.005690780445950612,Stable
last,"(5, 46)",0.001250182618286995,0.0017651269514420203,0.0022073077044406655,0.0025826872422662853,Stable
last,"(17, 48)",0.003359923835817565,0.004844384428501937,0.005707626526842698,0.007487297748896574,Stable
last,"(9, 44)",0.00035800435719384735,0.0007833617852214154,0.001054153699280718,0.0017317038146833573,Stable
last,"(29, 31)",0.002523336066847244,0.0026260922864090102,0.00299394935553149,0.004281350479308398,Stable
last,"(6, 38)",0.0035897450085028274,0.0035275973697110187,0.0033964667911967183,0.004643988454085233,Stable
last,"(40, 49)",0.009286058660979533,0.00994973377773572,0.010912630131476978,0.012711152573171503,Stable
last,"(6, 56)",0.007271249229506055,0.0064013483393178475,0.0063661125543294575,0.007456225973644539,Stable
last,"(21, 54)",0.0072103943225745905,0.008143315832170879,0.0076311137661732404,0.008370845245254372,Stable
last,"(2, 22)",0.002142084346152759,0.003206452824892054,0.003655508642152232,0.004307854024922029,Stable
last,"(12, 63)",0.00042504073369363336,0.0012761311893014864,0.001704217172449069,0.0025808304811295547,Stable
last,"(22, 27)",0.002960932241456999,0.0028982848791493402,0.0033192820346376957,0.003961887673736468,Stable
last,"(32, 59)",0.009257167947175625,0.007151098773648931,0.007812606695675113,0.009740767258894976,Stable
last,"(14, 23)",0.0028404538496681806,0.0027644006688015937,0.003307880848856058,0.0037601221691735015,Stable
last,"(16, 51)",0.00446058295591118,0.003672016314445486,0.004801597722727243,0.005209183624450818,Stable
last,"(16, 60)",0.00563688244973847,0.00582015058983028,0.007564536230820454,0.009469620946565924,Stable
last,"(17, 43)",0.0028784456799414385,0.004163318931966093,0.00480507960227697,0.00592601441163754,Stable
last,"(6, 15)",0.004159937783334465,0.0041429364659058875,0.004236652403325972,0.00566632005169269,Stable
last,"(58, 62)",0.002245108564516711,0.0015362998822867854,0.0019745667726319563,0.0027496289235019234,Stable
last,"(29, 35)",0.0029891494066592544,0.0033880067060398414,0.0032050613182895513,0.0042987504818413555,Stable
last,"(42, 63)",0.0007185105691369421,0.001435639312793208,0.0016394439635349486,0.0020102999561093563,Stable
last,"(31, 53)",0.0028351271267473203,0.0036845757088226154,0.003966886337803011,0.004878052576992445,Stable
last,"(25, 28)",0.0037092631550739398,0.003534829450756766,0.00364187425003286,0.004311253374404763,Stable
last,"(31, 62)",0.002114717389206267,0.0026008967283455255,0.002894135362326599,0.004018104108699909,Stable
last,"(24, 32)",0.00039330041096620065,0.0004923099669700661,0.0003853764199334861,0.000438634798048949,Stable
last,"(4, 63)",0.0007349953179591329,0.0013488656351769725,0.0015781439514992613,0.002037467346826828,Stable
last,"(35, 41)",0.004311366844482257,0.004970922785837446,0.004869468164423246,0.005498752781729907,Stable
last,"(14, 18)",0.0021575197453433,0.001918692501987327,0.0022473224564347927,0.0025337362900756007,Stable
last,"(43, 54)",0.005571099203931804,0.005208577494113492,0.004595318627652929,0.005511689170951925,Stable
last,"(1, 48)",0.002417183752242518,0.003092244595589459,0.0037106053681682646,0.005114588006737079,Stable
last,"(13, 50)",0.002873655347014224,0.0035289838298022073,0.004620548599567591,0.005421134798352552,Stable
last,"(35, 50)",0.0018958916062012739,0.002501723051168808,0.00250776289325243,0.002809062206293543,Stable
last,"(13, 59)",0.012117322133464632,0.01097538229875121,0.012399137230005304,0.015099708581212276,Stable
last,"(5, 27)",0.0030798886651388275,0.0029558635427133066,0.003379353651501424,0.003856987673983548,Stable
last,"(28, 29)",0.004261782812149732,0.00395012458241208,0.004382315245639239,0.0059329133138380724,Stable
last,"(36, 51)",0.002163394806037944,0.0030157314795292325,0.0032846846833547464,0.0032162454088518326,Stable
last,"(17, 47)",0.003166012792086935,0.0052183647280954325,0.006293173505095776,0.00715288868177444,Stable
last,"(17, 56)",0.0061636626762938684,0.006400631245013449,0.006928208580074054,0.00796602032045805,Stable
last,"(61, 62)",0.0019964067322016292,0.0024581104241330814,0.00309946172399679,0.0037122467064311226,Stable
last,"(6, 37)",0.0029164359463034885,0.003108815439400788,0.0027648235667984125,0.0037198570670105508,Stable
last,"(42, 58)",0.0020060454633658484,0.0013211660741035383,0.00156742696234108,0.0020074032494821386,Stable
last,"(6, 46)",0.0031460237787206023,0.003323414004868212,0.003450306863246292,0.004820324266986157,Stable
last,"(39, 43)",0.001998589290017866,0.0023642770380274576,0.0026948293879411646,0.003289001157807529,Stable
last,"(2, 12)",0.0017662810416937172,0.0028462360535084995,0.0033732187369880035,0.004398655010526954,Stable
last,"(10, 25)",0.002079474270291307,0.0028771545129886358,0.00348397337808226,0.0038582311493661025,Stable
last,"(23, 62)",0.0018778635931039457,0.002218401492083042,0.002714465630729855,0.0034199631310055534,Stable
last,"(16, 32)",0.003997208275958023,0.0033826752578006228,0.004236991410202208,0.004758299763452335,Stable
last,"(43, 58)",0.003331526331460719,0.0028645695570988844,0.003393386898060326,0.004344516115529956,Stable
last,"(13, 54)",0.006652426067930689,0.0064700819645600064,0.006397112855617828,0.007859005207597566,Stable
last,"(9, 11)",0.0009518659072842197,0.00147496131323082,0.0015849423518968456,0.0024996909300947882,Stable
last,"(16, 59)",0.013037410856978406,0.01065392452159715,0.012028227156125958,0.014012822770249815,Stable
last,"(36, 37)",0.002239356088605892,0.003335987424546516,0.0031907957080767268,0.003326413696825244,Stable
last,"(5, 31)",0.0019196146482905146,0.002308395270846357,0.0025148186826024176,0.0033348288353516943,Stable
last,"(28, 33)",0.0035446049216953713,0.0038512493264944016,0.0036379467163577357,0.004342509667599404,Stable
last,"(17, 42)",0.0015883359264655791,0.0026125023625555273,0.002851323851546874,0.003387901308628564,Stable
last,"(9, 47)",0.0018261601509763999,0.003307796171151073,0.004172263463486338,0.005422281999706563,Stable
last,"(42, 53)",0.002145083758472238,0.002917322135144582,0.002884681011610988,0.0032992301979717846,Stable
last,"(21, 30)",0.003881655565034666,0.004874791828102635,0.005445778276912454,0.00575841539118861,Stable
last,"(20, 34)",0.0016920087946877926,0.0016476844956427002,0.0021354467695628918,0.0025114960974472415,Stable
last,"(31, 34)",0.0020049217378667007,0.0021622278672377565,0.00259216998516052,0.003430489093009467,Stable
last,"(39, 47)",0.0020576136282117858,0.0029410495631761427,0.0035645701715155934,0.003806060725477483,Stable
last,"(4, 44)",0.0008286626238515057,0.0009200017229406721,0.0010364811667876734,0.0012462427342300418,Stable
last,"(24, 40)",0.003481582470030307,0.0040255758791479124,0.00422240529145278,0.005159258139721157,Stable
last,"(24, 49)",0.006089724289126986,0.005890521451431002,0.006882775902716225,0.007621574477045424,Stable
last,"(9, 24)",0.0004534887992994048,0.0009549461015208451,0.0012152603068293932,0.00204371694474416,Stable
last,"(27, 41)",0.004932041690876068,0.004851182487821413,0.005383712816357432,0.006552779842312561,Stable
last,"(6, 18)",0.0027965917707411503,0.0025225371906806666,0.0023626522358257502,0.003381654641176621,Stable
last,"(8, 46)",0.0006862529305635081,0.0011705605541840376,0.0017147804737048555,0.00215075022823364,Stable
last,"(23, 34)",0.0017612785993651547,0.0017503786985197413,0.0022106758256819708,0.0025551238960656313,Stable
last,"(31, 47)",0.0029173645960479068,0.004017685187069386,0.005033308312162694,0.006097998279768313,Stable
last,"(1, 24)",0.00038934331491896417,0.0005467167278417793,0.0006562309538743134,0.0007830960095709866,Stable
last,"(4, 57)",0.0012337595369346992,0.0018166059157797407,0.002833995298152276,0.00309859989264101,Stable
last,"(24, 35)",0.0020981062055192043,0.002427388131724775,0.0022016772036407045,0.002365230930125723,Stable
last,"(13, 44)",0.0028288392427293463,0.0034158238635467442,0.004193258963560499,0.005002566912073901,Stable
last,"(16, 40)",0.0073282729810738275,0.007584525061193567,0.008195073506464834,0.010009033197125745,Stable
last,"(16, 49)",0.010068454099936133,0.009299247935540517,0.011283656735837677,0.012401410337915137,Stable
last,"(5, 21)",0.004043470631417738,0.005458955708391326,0.006088345720161779,0.00651272378607507,Stable
last,"(38, 55)",0.004240998088320661,0.005501634636016265,0.006286652303891375,0.00781242392031949,Stable
last,"(49, 55)",0.009227143224467247,0.01055173875508785,0.012165126415580482,0.014377706215148242,Stable
last,"(6, 13)",0.005063437492989108,0.005298542571336687,0.0058204474514955565,0.007620911207158021,Stable
last,"(8, 41)",0.002549717983077679,0.0030381483084549504,0.0031446232386129346,0.003869846089910545,Stable
last,"(30, 41)",0.002919584403778128,0.003221816567374793,0.003285961240075686,0.003855435762365436,Stable
last,"(50, 56)",0.00463176943648039,0.004018199183973408,0.004352391795688234,0.0047475533426907905,Stable
last,"(19, 50)",0.0005001403336396848,0.0005215220823262132,0.0006390775790843398,0.0006351443167001719,Stable
last,"(31, 51)",0.001647025511815202,0.0018871193520460412,0.0023886096801848254,0.0031367840626131483,Stable
last,"(23, 47)",0.003096374454672689,0.0039317703667124445,0.0051118677225121,0.0058439941375217535,Stable
last,"(4, 43)",0.0024003811118984975,0.0029643991654208237,0.003303492508195636,0.004141631604911984,Stable
last,"(16, 26)",0.008893300228772704,0.008411088489275666,0.009120840810088536,0.010368264249124192,Stable
last,"(16, 35)",0.0057091122187439575,0.005438729063715273,0.006048810443699525,0.006591474949075458,Stable
last,"(5, 16)",0.0046627559038466115,0.003942708738976498,0.0049962830231865,0.005329999541921088,Stable
last,"(26, 48)",0.007576939955671235,0.007992581581170305,0.008268666274568619,0.011030065117433256,Stable
last,"(38, 50)",0.00124842084142532,0.0012956733795165105,0.001659412291610003,0.00194071795199358,Stable
last,"(49, 50)",0.005985233386410763,0.005611929140823606,0.006711173282528217,0.007459227351729666,Stable
last,"(38, 59)",0.010259276283322885,0.00818363771676587,0.008968302329667254,0.010732360024883111,Stable
last,"(18, 62)",0.0009739386107750338,0.001170562992668334,0.0013352839126723817,0.0019025630647456228,Stable
last,"(19, 45)",0.002743034483163319,0.0029672171921036115,0.0030213576987527893,0.0036695388975109267,Stable
last,"(30, 45)",0.002893171092420431,0.003077549234765268,0.0031215298667302996,0.0035802254952630483,Stable
last,"(1, 5)",0.0007336921591384425,0.000994034061018898,0.001131946051119164,0.0013979799589501714,Stable
last,"(1, 23)",0.0010331127353545933,0.001274879860072422,0.0017644095250265138,0.0022715426897757128,Stable
last,"(22, 55)",0.003512017319693443,0.004751595107642068,0.005367561226619845,0.006877238336567617,Stable
last,"(37, 53)",0.0020449138776609008,0.002788657776521863,0.0026530258542801356,0.0030979556735600683,Stable
last,"(14, 60)",0.0034536542283736247,0.004022063511923013,0.005148737025875198,0.00584347089779954,Stable
last,"(7, 39)",0.009598086567244726,0.010444729995512863,0.008033300274789594,0.006692224345836259,Stable
last,"(15, 52)",0.0034179303559632485,0.004697643709956426,0.0055095455863742124,0.007123619594324865,Stable
last,"(7, 48)",0.012877973667852826,0.014220051960935776,0.012943846641445985,0.013158966682461417,Stable
last,"(18, 48)",0.0025049998279897735,0.003027425936273875,0.0035249134020017537,0.005032098288256354,Stable
last,"(15, 61)",0.0029305495966710413,0.0032849315003595472,0.004001569875986848,0.004708217901799665,Stable
last,"(19, 22)",0.0008638998712911595,0.0009053658827371464,0.000881585814472259,0.0011381676145415366,Stable
last,"(11, 18)",0.0009125132565407766,0.0010375027085486805,0.0009585021833685021,0.0011996281881001933,Stable
last,"(8, 31)",0.0013319301380186122,0.0018272603884986285,0.00212298411890244,0.0028300027328877885,Stable
last,"(19, 49)",0.0061738459620712125,0.005921163259701284,0.0070008433403096395,0.007796274970533101,Stable
last,"(0, 45)",0.005229376411229688,0.0057232018031782355,0.006113649034331144,0.0073316934458486985,Stable
last,"(52, 55)",0.00474291626592153,0.00751285416892668,0.008236374286573563,0.010529739251002448,Stable
last,"(20, 32)",0.0010614469003111982,0.001099316611669488,0.001466124853322008,0.001841140879930697,Stable
last,"(33, 51)",0.0005711939863073836,0.001242021359440168,0.0009105738179627505,0.0009850203112543913,Stable
last,"(12, 28)",0.0036553431229576702,0.003747644092699333,0.004135632667292979,0.005388005295637362,Stable
last,"(12, 37)",0.00072954197167959,0.0012966792301018363,0.0014091244872748783,0.001988776495270554,Stable
last,"(23, 37)",0.0013454747622490748,0.0016474764594180365,0.0018993171842417913,0.0022875214083751404,Stable
last,"(2, 63)",0.001600645293984049,0.0035023086827111836,0.004268218491090601,0.005361654833483911,Stable
last,"(22, 41)",0.0031416303213903946,0.003312593140156392,0.003402804468799171,0.004187615491164882,Stable
last,"(1, 18)",0.00021666817775490508,0.0003228833909861606,0.0004651859174164113,0.0006066165891700732,Stable
last,"(53, 56)",0.0065745003770525745,0.006189671011200412,0.0062860598007370315,0.007022612305650144,Stable
last,"(3, 55)",0.00615885811788551,0.008148136802181752,0.009704920238507796,0.011995839939256014,Stable
last,"(15, 38)",0.0026778919397961003,0.002732464906419063,0.003303908613357908,0.003925155814721472,Stable
last,"(18, 34)",0.0009006507022362284,0.0007888462350242888,0.000959414118562806,0.0011581080379355604,Stable
last,"(38, 49)",0.007109211911380509,0.006684033986749927,0.007870994758678224,0.008745458167024057,Stable
last,"(0, 4)",0.0033733817490758113,0.0037999664030366693,0.004048309248484445,0.005085247653557504,Stable
last,"(11, 13)",0.0033332815678092614,0.003914425285974612,0.004637969341691993,0.00576531990639898,Stable
last,"(8, 26)",0.004961795504783218,0.004889187780550545,0.004573209666720663,0.00560139394015289,Stable
last,"(11, 22)",0.001340894070556481,0.0014131225962210087,0.0014411041692342335,0.001849367158992082,Stable
last,"(19, 35)",0.0019437526683154123,0.0024825781861721494,0.0021035656484453846,0.0022910527384385707,Stable
last,"(60, 63)",0.0018616601272791777,0.0030696036912991717,0.004081194311197061,0.004661362472411155,Stable
last,"(4, 19)",0.0008769874223784838,0.0009507935720352159,0.0009468499356209089,0.0012573861646369396,Stable
last,"(45, 47)",0.004899419453255769,0.005906142065582338,0.006768334706770478,0.007567551945145781,Stable
last,"(3, 50)",0.00318841914573014,0.0040222223108493035,0.005114931910778416,0.005962219549741689,Stable
last,"(37, 52)",0.0021952118658494467,0.003672900266684323,0.003754237972102276,0.004877792105239439,Stable
last,"(22, 63)",0.0006909820517602957,0.001241643784314147,0.001471111373745886,0.001888729495735233,Stable
last,"(3, 59)",0.011889975294311374,0.010886633605777213,0.012361616934238243,0.014758806772648975,Stable
last,"(37, 61)",0.0016295256031205695,0.0019912998925728773,0.0022587530225916556,0.0025013025809872158,Stable
last,"(7, 20)",0.010213295172335705,0.011094118515374115,0.009389123836281658,0.008165093963611909,Stable
last,"(8, 21)",0.0035191691526491355,0.004614868717333037,0.005136115544405789,0.0053765256955171535,Stable
last,"(11, 17)",0.0017335261942667151,0.0027275488502580534,0.0028288569465761805,0.0033770138423551456,Stable
last,"(29, 53)",0.0028310167187474635,0.0031525924116598235,0.0032546497495167287,0.004157102007803787,Stable
last,"(8, 30)",0.0006111280465732871,0.0007700627131038958,0.0007550376249666405,0.0008703138066116222,Stable
last,"(0, 35)",0.004466418626235749,0.005049213049691703,0.0053751436988332,0.006417489527667643,Stable
last,"(41, 45)",0.0050380873660985145,0.005500296553055679,0.0056608764374517576,0.00660132081262396,Stable
last,"(52, 54)",0.00499291289649227,0.005836743661838068,0.005441991430484346,0.0068226950823479585,Stable
last,"(44, 59)",0.009420049701839503,0.0073260212111366275,0.00788759392135465,0.009517104536134859,Stable
last,"(3, 27)",0.005328675297947345,0.006072323810512756,0.007255611556799769,0.008617613118202002,Stable
last,"(14, 36)",0.0037049878774888484,0.004348146512053639,0.0046593284625797505,0.004839493762982383,Stable
last,"(37, 38)",0.0014150546251926457,0.001662233380232665,0.0017121192329917977,0.001960848376619523,Stable
last,"(22, 49)",0.006482804378082304,0.00613566959625346,0.007084610003915245,0.008127032612188303,Stable
last,"(45, 51)",0.002823904572321927,0.0030679725074164686,0.003442090504675814,0.003877633459732538,Stable
last,"(26, 28)",0.008440468853208868,0.008076610261343736,0.007838212719488199,0.009267326965469764,Stable
last,"(47, 60)",0.003595704797798484,0.0054677754768109885,0.007132259435573767,0.007822560705560047,Stable
last,"(7, 33)",0.010223077469153912,0.011133146876371448,0.008290949827970918,0.006733421544143624,Stable
last,"(26, 46)",0.00537104489247068,0.005895061846339278,0.005938078909567719,0.007101112067183996,Stable
last,"(11, 30)",0.0011592953774078071,0.0012154139619980867,0.001050205152603679,0.0013021070858367499,Stable
last,"(10, 43)",0.0035757619746111077,0.004632197702555103,0.005627276022689615,0.006648016124937191,Stable
last,"(44, 45)",0.0026822349061085024,0.0029204761171214475,0.0030133426998943435,0.0035293853500560878,Stable
last,"(44, 54)",0.003950996478685585,0.0033490636956461125,0.0023194501066713755,0.0026921438822253584,Stable
last,"(33, 63)",0.00026427030087107164,0.0013979126334693849,0.001162633102719633,0.0012549054104423973,Stable
last,"(25, 59)",0.009718142364171138,0.00787285323134955,0.008401990236392832,0.010158807342976472,Stable
last,"(3, 40)",0.006235541166896923,0.007758118180340386,0.008658054252619665,0.010642973362889383,Stable
last,"(3, 49)",0.009284711959735695,0.009876364885729839,0.01205536086280641,0.013539358065511344,Stable
last,"(18, 19)",0.0003741075162064017,0.0003791013736911487,0.0002716140629169624,0.0003140770669223164,Stable
last,"(17, 51)",0.0013929416426439448,0.002059899920808065,0.0024687146504443736,0.0029727438386880725,Stable
last,"(18, 37)",0.0005472092744365854,0.0007990022765961897,0.0006574776955384798,0.0007512482741509379,Stable
last,"(0, 16)",0.006526269817045158,0.006097755608174362,0.007247118125404384,0.008440212476717933,Stable
last,"(40, 52)",0.005473439212301639,0.0073205209770995025,0.007732400027514461,0.01002338345839164,Stable
last,"(40, 61)",0.004419934689524372,0.005434408328588329,0.0061539985952548315,0.007254916082264279,Stable
last,"(21, 57)",0.004060449338223916,0.005064723104719407,0.005916116384061526,0.006114346137041341,Stable
last,"(10, 20)",0.0025365618983723853,0.003132688648931651,0.004079476696311806,0.0047717577596553306,Stable
last,"(3, 26)",0.008157236256642574,0.008907558940954787,0.009604414236346828,0.011424639434873755,Stable
last,"(43, 62)",0.0026637702420442893,0.003298751493103738,0.0036972581940378705,0.0047794937841036935,Stable
last,"(22, 39)",0.0006495260801991593,0.0007311443544926252,0.000806757297592361,0.0010525503170830878,Stable
last,"(15, 18)",0.0017240538798273274,0.0017460066089276256,0.0021950885022650737,0.0026812821881060317,Stable
last,"(7, 14)",0.012258932957560385,0.01397113641910803,0.011654677390095767,0.010684844761690992,Stable
last,"(36, 50)",0.0020912957564627327,0.0029715064534759886,0.0033674325192528335,0.00321887639404576,Stable
last,"(5, 53)",0.0022314345222748627,0.002928489901947738,0.0029285953988262923,0.0033842701953260817,Stable
last,"(28, 55)",0.006179151745386713,0.007092411471521662,0.007778919578326559,0.009617250878654445,Stable
last,"(29, 38)",0.0022713960097082942,0.0021142483885002545,0.0025264313402151035,0.0034327453528397636,Stable
last,"(21, 34)",0.004192655699674146,0.005238062912760821,0.005871911977790645,0.006256190348066854,Stable
last,"(54, 58)",0.005255626529000857,0.0035718756756850972,0.0028775137130712734,0.003498789515843459,Stable
last,"(10, 33)",0.0018653694624203305,0.003039679513941812,0.0032092707474580093,0.003575614796418541,Stable
last,"(33, 35)",0.0018856379286858252,0.002973461571932729,0.0023121622401236753,0.0024689503740248616,Stable
last,"(35, 53)",0.0035101012395274897,0.00437812712941054,0.0045434432463740205,0.00481843704652824,Stable
last,"(14, 30)",0.0023142113096681926,0.002126719096881922,0.002385353432230806,0.0026448136714464035,Stable
last,"(1, 60)",0.0018228058536108817,0.0026423727318523635,0.0036536023881576316,0.004115451832362608,Stable
last,"(17, 32)",0.001097521119386295,0.0019773374925782425,0.0020529841719394678,0.0024857279904611164,Stable
last,"(47, 54)",0.006932437261142248,0.006618256178930544,0.00616985699747233,0.006693900698241123,Stable
last,"(58, 60)",0.0033738745308883092,0.0033635324441920076,0.004973142963207331,0.005660651095083311,Stable
last,"(6, 31)",0.0035853974057533018,0.0037139867344987234,0.0035947867812554106,0.005293728536469972,Stable
last,"(29, 51)",0.0015895177116701418,0.0014572906864328272,0.0018065695713063374,0.0026313627229732307,Stable
last,"(21, 47)",0.005223088209547439,0.007211489007282121,0.008449396276108412,0.009007813755860886,Stable
last,"(39, 55)",0.003098633914518053,0.004293601897174772,0.004870379875172711,0.006145058857841459,Stable
last,"(2, 42)",0.002076833375815222,0.003021982542222607,0.003525658338010614,0.004205890929777588,Stable
last,"(32, 43)",0.0020374982118217333,0.0024029607221609057,0.002630280199510253,0.0032835255643181662,Stable
last,"(3, 16)",0.007064861522683105,0.00729892420754922,0.009011598633202235,0.010673580078971548,Stable
last,"(24, 48)",0.002646214487870513,0.0030975080790755223,0.0035778373915572913,0.004901571381460848,Stable
last,"(3, 25)",0.003498568783509303,0.004558899732046058,0.005618356613963218,0.006529198152273747,Stable
last,"(16, 44)",0.0040954200676617866,0.00346184864685403,0.004231231940218266,0.004704095697545364,Stable
last,"(43, 61)",0.0031106262958080595,0.0036251949304308795,0.004423100640453459,0.005101697220355524,Stable
last,"(17, 27)",0.00345279561654444,0.003945348770212785,0.004666965242265709,0.005530627434257094,Stable
last,"(5, 43)",0.002445169253507442,0.0030664205813515236,0.0032920863323615728,0.003900061576118484,Stable
last,"(36, 58)",0.0033429253703931273,0.003576248958593938,0.003948447797598554,0.004253945494809762,Stable
last,"(21, 33)",0.00354100597144406,0.005200693475309515,0.005256368115171026,0.005536767322424953,Stable
last,"(10, 23)",0.0026545811648271116,0.0033149097938104844,0.004268584067374402,0.004963565883820757,Stable
last,"(54, 57)",0.0041704799595008385,0.004336453914466979,0.0038136598292339333,0.0038994479878941162,Stable
last,"(12, 60)",0.002024704481175242,0.0030397716741930878,0.003911714321036406,0.004860713145381532,Stable
last,"(23, 60)",0.002655048448394154,0.0034583735527908928,0.004732627662398061,0.005425554236153544,Stable
last,"(51, 60)",0.002094845206217618,0.002650317389495107,0.0037718202044983605,0.004182042702640602,Stable
last,"(1, 41)",0.0025454576166171147,0.002998757171866791,0.0032024188608985923,0.004075647536271649,Stable
last,"(43, 56)",0.0065107709681104615,0.006274142130456146,0.0065820254674408005,0.007612392168169599,Stable
last,"(35, 52)",0.003438312522791345,0.005217449027363115,0.005207899149204731,0.006574021796311055,Stable
last,"(16, 48)",0.006390491104537396,0.0061347702269188235,0.007453350777853786,0.009055767377382338,Stable
last,"(24, 61)",0.0014828533001275286,0.0016532255788479428,0.0020986231613671427,0.0023040486719026554,Stable
last,"(5, 29)",0.0018206690314795505,0.001860640545596416,0.002071772481205158,0.002904542442336459,Stable
last,"(28, 31)",0.0047488329269365906,0.004731879926526505,0.005205847052602385,0.006598284669480158,Stable
last,"(9, 27)",0.0025821170543941607,0.002911035235503932,0.003541061731321566,0.004889537026744352,Stable
last,"(17, 40)",0.004253104072719416,0.005860920431217089,0.006246331218008032,0.007679081866078446,Stable
last,"(28, 40)",0.007658637702077152,0.00786973073848739,0.008083182186209775,0.00983815931472547,Stable
last,"(58, 59)",0.010980733845565922,0.00800183149549658,0.009040085669898185,0.011155885771704706,Stable
last,"(0, 63)",0.002970580355341213,0.0038174059013849787,0.004333345955617183,0.0051554670582122,Stable
last,"(39, 45)",0.002504566036374987,0.002825797119136281,0.003001876070871624,0.003525238953604019,Stable
last,"(20, 41)",0.0033455606594149034,0.003617336516064884,0.0040272378826923545,0.004935453714050795,Stable
last,"(10, 18)",0.0017835052681956804,0.002431347222846465,0.003093733887658157,0.0036792050278415555,Stable
last,"(31, 50)",0.0015029823577737728,0.0018288957041341124,0.002247748859117107,0.0027333469310020014,Stable
last,"(12, 46)",0.0009042433324131543,0.0016423108309754461,0.002248180108379848,0.003329539632517205,Stable
last,"(2, 23)",0.002646471840103882,0.0034435976851620947,0.004542228693634556,0.0052382261546695145,Stable
last,"(13, 29)",0.003848795443866261,0.004320517036304299,0.005308578870881685,0.007000063467706717,Stable
last,"(35, 38)",0.0027465764113488583,0.0032803748966025894,0.00322439047520645,0.0037227051761929597,Stable
last,"(1, 45)",0.0025127243539213,0.0029533034461372153,0.0032225712197922847,0.003937109203385969,Stable
last,"(24, 47)",0.0027350033936047176,0.003306774834510189,0.0037022682687778614,0.0039620850056880106,Stable
last,"(35, 56)",0.006510031002642499,0.006484132212592264,0.006257037486453591,0.006569869696079032,Stable
last,"(46, 62)",0.0014413541899073238,0.002023168177699845,0.002758656250736532,0.003603046440970316,Stable
last,"(17, 35)",0.0026784455590498067,0.003966738556496672,0.003950923624136044,0.004728189275084497,Stable
last,"(58, 63)",0.001584459992229083,0.0010651860333327529,0.0015643277313712022,0.001983423158293943,Stable
last,"(21, 23)",0.004341910212363238,0.005339350018328477,0.006184307763530171,0.006756885795709314,Stable
last,"(27, 57)",0.003024518676940742,0.003317196982068908,0.004348316729624046,0.005139065280708122,Stable
last,"(30, 53)",0.0021384911025666164,0.0025057253594108152,0.002651655449207915,0.003060334490201494,Stable
last,"(42, 55)",0.0036156875710461806,0.005119344096850337,0.005678482939863392,0.006915055727474063,Stable
last,"(4, 37)",0.0010355710216099709,0.0013754735189750145,0.0012819453282817285,0.0016472608115388884,Stable
last,"(4, 46)",0.0012507160189485576,0.0016656786859635948,0.0022914502940745854,0.0028367518807098893,Stable
last,"(1, 22)",0.0006750136110033274,0.0007782014992011362,0.0009727671681330826,0.0013740545078438531,Stable
last,"(53, 60)",0.003319850240128238,0.004333208561251803,0.005201947635121553,0.00594682942883603,Stable
last,"(4, 55)",0.0035356179169317983,0.00473547016749612,0.005437685410038209,0.006900422306949042,Stable
last,"(13, 33)",0.0028397643948956065,0.003998102586700804,0.004329615046829051,0.005298321492942757,Stable
last,"(24, 33)",0.0005054334234195543,0.001152687835659617,0.0006952138701160717,0.0005560327592625745,Stable
last,"(16, 38)",0.005119392226392109,0.004400612829254572,0.005456126123992896,0.0061501422600572075,Stable
last,"(16, 47)",0.005845032825307475,0.006138065744188419,0.007755848838570518,0.008152862535679182,Stable
last,"(5, 10)",0.002478145150102597,0.0031562986082679777,0.0037017146916192376,0.0042921782823194315,Stable
last,"(1, 58)",0.0014060267575302363,0.00069664199836137,0.001094000665920138,0.0015064688545396922,Stable
last,"(46, 48)",0.002958930627735735,0.003788129314866584,0.0046720925203441585,0.006281000015606395,Stable
last,"(38, 44)",0.0012258954827408957,0.0012052916884561788,0.0014079246288744153,0.0015934934728183009,Stable
last,"(46, 57)",0.0010762083319834372,0.0018969955153778572,0.0028933228361443996,0.003521292996874699,Stable
last,"(9, 17)",0.0011523653728774687,0.0023246625712490276,0.0028046416838591864,0.003945124218932998,Stable
last,"(5, 37)",0.0010201949285170758,0.0014053099873247653,0.0012353646335728965,0.001304819910431106,Stable
last,"(50, 54)",0.003921615403370391,0.0033467530970417415,0.0025152033962906497,0.0027424179809960895,Stable
last,"(50, 63)",0.00035154074361967784,0.0009281797521530365,0.001267410333201009,0.001450994210991086,Stable
last,"(11, 44)",0.0008966691007066658,0.0010123409983775317,0.0008948506266669102,0.0011089071281884639,Stable
last,"(8, 57)",0.0007837394054315196,0.0012114073093484044,0.002077145231632803,0.0020417855894599058,Stable
last,"(12, 18)",0.0004749272829105167,0.0007825891593866548,0.0009514643652563048,0.001784813733612196,Stable
last,"(20, 31)",0.0022468357159724324,0.0025882529624698526,0.0031250579309376357,0.003980112253684374,Stable
last,"(4, 23)",0.001578818441262281,0.0017354728479170487,0.002153029364624306,0.0027333356628042177,Stable
last,"(39, 53)",0.0017859275871916862,0.0021568863934567357,0.002373703880986705,0.0026881900566422577,Stable
last,"(23, 45)",0.0035740408195874965,0.003915123522096993,0.004403097118481262,0.005047410633390075,Stable
last,"(1, 8)",0.00019230969201880014,0.00046247069556105,0.0006757063399762874,0.0009211720283511616,Stable
last,"(23, 54)",0.005170070031455061,0.004901061710470063,0.004212579896576085,0.004627248704874485,Stable
last,"(1, 17)",0.00106139508500035,0.0021054783922854173,0.002529868174414377,0.0033324707133083236,Stable
last,"(53, 55)",0.004693245130995523,0.006114470807399896,0.006760683949192206,0.008513738669164786,Stable
last,"(4, 50)",0.0008529000867015699,0.0009882175716883445,0.0012354801676378983,0.0014996161270749498,Stable
last,"(1, 26)",0.005019521777619968,0.005237423667292804,0.0049078708463592136,0.006048844054339988,Stable
last,"(13, 28)",0.007628359051657581,0.0073996075347904176,0.008618200940250276,0.010596946576620005,Stable
last,"(34, 60)",0.002384464521241016,0.002866403956862602,0.00387968129867048,0.004351351867467524,Stable
last,"(35, 37)",0.0020916793701782183,0.0028412259065758562,0.0025259708003301643,0.002757012232793685,Stable
last,"(9, 12)",0.0004943253894456828,0.00121336098648445,0.0016988524305279256,0.0031071484977377947,Stable
last,"(15, 55)",0.004758432119443124,0.00603058103933961,0.006962443746176699,0.008577542381325094,Stable
last,"(38, 57)",0.001539609328732147,0.0020687980669302926,0.00295711463182604,0.0031306262241616338,Stable
last,"(49, 57)",0.006556728047579381,0.006585694812958898,0.008390336240744478,0.00948480602888178,Stable
last,"(18, 51)",0.0005786403355493297,0.00046848379121150957,0.0007450311464149021,0.0008528517808503137,Stable
last,"(18, 60)",0.0018429720446001116,0.002445411875948949,0.003352866927772067,0.003814343057836538,Stable
last,"(30, 34)",0.0013050266954271702,0.0012314572795239427,0.0012326043929982414,0.0015295246387513454,Stable
last,"(12, 13)",0.0030478678417535797,0.003816704173280353,0.00474178899156611,0.006349345584960186,Stable
last,"(12, 31)",0.0015787423788515484,0.002095612908193849,0.002551534214039011,0.003629009337099285,Stable
last,"(1, 21)",0.003598330563202127,0.004796992763219335,0.005539177640710613,0.005930559047936777,Stable
last,"(5, 18)",0.0008484598609869669,0.0009400765411970906,0.0009354765865620661,0.0011341139766181483,Stable
last,"(15, 50)",0.0018339116950598674,0.0019285354996245367,0.002588676766880913,0.0030000585306452763,Stable
last,"(15, 59)",0.010799140517132518,0.008815628215318548,0.009861749483062706,0.011912226184088034,Stable
last,"(26, 59)",0.014165296330961663,0.01229246003289077,0.01231658308894396,0.014878948621888249,Stable
last,"(7, 55)",0.01378817933892953,0.01621585275741719,0.014998508031603975,0.015334217141016161,Stable
last,"(19, 20)",0.0011914886143651357,0.001215386204836659,0.0015188827426546002,0.0018523545045526183,Stable
last,"(27, 42)",0.00291793901160103,0.0029046861550326417,0.003341462575892209,0.00374353717336061,Stable
last,"(0, 25)",0.003298390337883007,0.0037033694987311087,0.004018920819565097,0.004766647852316275,Stable
last,"(30, 38)",0.0015375196506651452,0.0014930540710565421,0.0015712377594599082,0.001905697551240011,Stable
last,"(0, 34)",0.003518588328846128,0.003776105452058914,0.004158807065069882,0.0049830552775389884,Stable
last,"(19, 47)",0.0022352999855047764,0.003044729511176901,0.0036889642993136185,0.004290069610589837,Stable
last,"(8, 56)",0.004828603749416766,0.0044727351609808435,0.004525066968367424,0.005001213901383233,Stable
last,"(0, 52)",0.004630092406900977,0.006212840056508644,0.006843128483956687,0.008583345865516769,Stable
last,"(11, 52)",0.002540943693953146,0.003873515278340087,0.004067109639184237,0.005093341973749958,Stable
last,"(12, 26)",0.005054327487690496,0.005380496558732205,0.0052424263133715315,0.007040642562573146,Stable
last,"(31, 39)",0.0013426334538303658,0.0016808403468492957,0.0019206874012107505,0.0026367875177230895,Stable
last,"(33, 58)",0.001556858176602456,0.0011767959392404476,0.0009451303433461167,0.0010815005225724818,Stable
last,"(45, 50)",0.0027492958572423744,0.003015496412490891,0.0033963734919288833,0.0037711113289475517,Stable
last,"(22, 57)",0.0012130590556412764,0.0015586129394435857,0.002075302871248854,0.0026617523807834003,Stable
last,"(14, 53)",0.0036634428988638365,0.003929517444432728,0.0039852781058037955,0.004876586134666144,Stable
last,"(14, 62)",0.002644361557303302,0.002673443539166574,0.003074288722878247,0.0037319684661695682,Stable
last,"(46, 51)",0.000938294856765324,0.0012449455321541846,0.0020226316015579233,0.0023514792858475592,Stable
last,"(18, 32)",0.00024086900543902404,0.00025387240120100074,0.0002169332951092255,0.0004284048167233271,Stable
last,"(38, 47)",0.0028750395467572114,0.003506807097073339,0.004493534475634036,0.005113654286154209,Stable
last,"(7, 41)",0.012249082350801037,0.013562547076010944,0.011420614895861428,0.010367315223699077,Stable
last,"(26, 63)",0.005059693917649373,0.005484197522225711,0.005229505160078705,0.0063710402502375535,Stable
last,"(27, 28)",0.005548281845024502,0.005336626956990412,0.0058691022547158345,0.007081779710874738,Stable
last,"(30, 33)",0.0006828521787416194,0.0011950149952050498,0.0007521390149016885,0.0007433232400298824,Stable
last,"(12, 21)",0.0036356760590957682,0.005238759141852748,0.005929189174636711,0.006891574274877755,Stable
last,"(4, 17)",0.001621160295208986,0.002671600259582106,0.003031770390942208,0.0036874365852278077,Stable
last,"(25, 49)",0.006640890639601113,0.006578661616982289,0.0074604724153505666,0.008360149882673378,Stable
last,"(10, 60)",0.0033300770577011744,0.004546981010301404,0.005974617541192357,0.006892145993854737,Stable
last,"(25, 58)",0.0018319887901767007,0.0009247039496138781,0.0011457664958665723,0.001372457431356803,Stable
last,"(14, 39)",0.0019199018638716872,0.00181724998224525,0.002141148590102421,0.002400203835565952,Stable
last,"(22, 61)",0.0018396339882150248,0.0019350406747243936,0.0024942905718726865,0.002899747930372145,Stable
last,"(37, 59)",0.00935902286542941,0.00758344959280837,0.008033945314143458,0.009596644850029978,Stable
last,"(38, 42)",0.001623824104936384,0.0018807618430514827,0.002120080004204847,0.0024394558511327017,Stable
last,"(26, 49)",0.011395200008301107,0.011551869846664564,0.011698793286099476,0.013400571283128711,Stable
last,"(18, 54)",0.003715556135835033,0.003059986273033198,0.0019429508014467934,0.0023758136725015497,Stable
last,"(48, 55)",0.005523145847933182,0.007090853507095579,0.008054742004247106,0.010584041992350357,Stable
last,"(8, 28)",0.0034563104912082045,0.0032632979966638305,0.0035984582619158208,0.004352730444071286,Stable
last,"(29, 60)",0.003263629503163561,0.003721320266188854,0.005024585303982237,0.006213514821259661,Stable
last,"(40, 60)",0.004735788127681922,0.006303913982978126,0.00730121920158107,0.0087970342472816,Stable
last,"(21, 56)",0.008847525932630074,0.009946019890804262,0.010738878235987421,0.011182504054897874,Stable
last,"(0, 33)",0.0030861967354096267,0.003809740557154732,0.0037892035003480847,0.004568344768041424,Stable
last,"(0, 42)",0.003415589237012274,0.0038823706015786398,0.004213113622374423,0.005127503201956629,Stable
last,"(12, 16)",0.004305132768939946,0.004008524242236917,0.005072561592086811,0.006014891041033757,Stable
last,"(33, 48)",0.0026102104497675092,0.0034921945376509152,0.0035595656965009942,0.004757712172138252,Stable
last,"(52, 61)",0.0030392930834882343,0.004300428926546199,0.004938833841938933,0.0061240123821163575,Stable
last,"(25, 44)",0.0006314831760700261,0.0007114846492165431,0.0006230924010484031,0.0006081093739682663,Stable
last,"(22, 29)",0.0017960985958592143,0.0016377310852183158,0.0018778907889353302,0.002821927352659713,Stable
last,"(2, 60)",0.003088249198662636,0.004744159952941888,0.006346166245469948,0.007241272186121329,Stable
last,"(14, 43)",0.0037424489839160743,0.0038469920134633646,0.004394925530314754,0.005304435964149354,Stable
last,"(15, 17)",0.002566936158598282,0.003590271930340895,0.004229918112992454,0.0051560886054792705,Stable
last,"(55, 62)",0.003865656551748137,0.005281526150657307,0.0059122725078460635,0.007526160198808237,Stable
last,"(7, 22)",0.009629744650782606,0.010446178313456638,0.008261026523484578,0.007198174554730754,Stable
last,"(18, 22)",0.0007690578265540887,0.0007312251145319526,0.0008317271465537084,0.0010820328129035825,Stable
last,"(26, 35)",0.006578355920663373,0.0071542429378817635,0.00645571614289237,0.0074369786457495965,Stable
last,"(18, 31)",0.0014232602608087515,0.0017404663677485835,0.0018723651431676932,0.0026652552207369444,Stable
last,"(18, 49)",0.006149897896855328,0.0057525314348149115,0.006806538741843999,0.0077000567786680504,Stable
last,"(8, 14)",0.0019659429059273484,0.0019177352310321629,0.002182864540439138,0.0024639467252196715,Stable
last,"(48, 50)",0.0025803070704531485,0.0030758462642362923,0.0036548360801281388,0.004957446790789925,Stable
last,"(8, 23)",0.0011039242949451346,0.0013041643913527421,0.0017258883986528773,0.0021253499442629607,Stable
last,"(11, 19)",0.0010139272715029974,0.00107438005139802,0.0009045876781518859,0.001205816097645388,Stable
last,"(41, 47)",0.004658594891579062,0.005752578587617914,0.006486307516437679,0.007339023966287412,Stable
last,"(10, 41)",0.00442376843751343,0.005290578035515686,0.005992874016925019,0.007056155413976378,Stable
last,"(33, 52)",0.002615535688068689,0.003971461417233018,0.003728618014235542,0.004974508993981877,Stable
last,"(3, 29)",0.0041751695961740505,0.004812809782566165,0.005925105137919385,0.00742351402268458,Stable
last,"(34, 44)",0.0009521452514585076,0.0009161783248621842,0.0010223594567477516,0.001124456786635519,Stable
last,"(3, 47)",0.0050688555114269465,0.006873031845170992,0.008755809502018383,0.009834204016229605,Stable
last,"(3, 56)",0.009070915313734986,0.009821526175505168,0.011425113246499764,0.013208794548112546,Stable
