q,n_train,n_test,test_train_spearman,test_train_pearson,test_train_rmse,test_train_mae,test_train_norm_stress,test_test_spearman,test_test_pearson,test_test_rmse,test_test_mae,test_test_norm_stress,layer,label,realization,repetition,fold,seed
1,51,13,0.0700013077422127,0.13785712776587897,0.004000106980472589,0.003066685107374151,0.664512725179184,0.19660086748694344,0.10845810803314665,0.0044360792444314385,0.0034487250341106576,0.7163585420705225,first,null_a,0,0,0,4201
2,51,13,0.046142012239742417,0.13482713351459205,0.0035040231016145343,0.002568331381545558,0.582101416715009,0.06308880992425296,-0.025824226832078124,0.003988044149089667,0.0028346543185710175,0.6440077678821785,first,null_a,0,0,0,4202
3,51,13,0.1539765163098018,0.2167657713194949,0.003163256073807143,0.002217357364978547,0.5254919241677004,0.07667016527776022,-0.003881692981166553,0.0036689466101541084,0.0025305720245498383,0.5924784251507309,first,null_a,0,0,0,4203
4,51,13,0.19118569395900503,0.24807458597473514,0.0030272509060979853,0.0020561418213098353,0.5028982372803095,0.06475802678334323,-0.03908049588553277,0.003607217965074068,0.0024873526559086876,0.5825101987604935,first,null_a,0,0,0,4204
5,51,13,0.21716216481076522,0.27556588685489547,0.0029527949034712157,0.0019841703381435877,0.49052932778538944,0.1163520024279518,0.066513017116316,0.0033780067198535967,0.0022707098179487826,0.5454961094250917,first,null_a,0,0,0,4205
6,51,13,0.23311484924812229,0.30112048063315955,0.002903486781031037,0.0019290217725527689,0.4823380781572806,0.05947217339622403,0.03310796982348098,0.003348611445838569,0.0022622231697495498,0.5407492249631872,first,null_a,0,0,0,4206
7,51,13,0.2573267739794875,0.3071560303830799,0.0028879785444893007,0.0018783035856563006,0.4797617919285919,0.0762402154807218,0.04148784858849388,0.0033374814325763174,0.0021968753530413818,0.538951899073714,first,null_a,0,0,0,4207
8,51,13,0.2514426751859868,0.33498620671004264,0.002855837765762964,0.0018666285470042537,0.47442244561483515,0.06746418138823203,-0.011990588144086513,0.003318353576296442,0.0022626862390271877,0.5358630445960157,first,null_a,0,0,0,4208
9,51,13,0.26147280266779405,0.3504465650023769,0.0028399123512310494,0.001831127656786554,0.4717768562188835,0.08721658088746696,0.016788639946419184,0.0032684564022467484,0.0021614807709926715,0.5278054187317919,first,null_a,0,0,0,4209
1,51,13,0.11357889350185527,0.14568609798509613,0.003767370434041844,0.0029164815754252277,0.6485764584926429,-0.07710011507479861,-0.07903260903815151,0.004683758169040877,0.0036799818154234654,0.7855974279859664,first,null_a,0,0,1,4211
2,51,13,0.10454509594199685,0.14491085103439008,0.0032796282828441393,0.0023757886626987862,0.5646085868379286,0.10304884988429291,0.1498295374672519,0.003381983708512593,0.002374511465967415,0.5672533907620596,first,null_a,0,0,1,4212
3,51,13,0.1808512775933195,0.23852758003115787,0.0029376770715990545,0.0020906802475753627,0.5057395402576943,-0.020599653511045916,0.06158826427620259,0.00324711485443542,0.002345372004346826,0.5446321065166908,first,null_a,0,0,1,4213
4,51,13,0.17993931680845676,0.2438952501836668,0.002842318148380101,0.001940785795789094,0.4893229032983532,0.22654560629244172,0.31917351738740146,0.0028091356196643254,0.0019295629925967055,0.47117072189146963,first,null_a,0,0,1,4214
5,51,13,0.2105574078243501,0.26709048552146825,0.0027576635011920905,0.001841030858382603,0.4747490746214532,0.1033270526941413,0.11412462396900666,0.003059772639698172,0.002087175815035552,0.513209570010944,first,null_a,0,0,1,4215
6,51,13,0.2390167359709648,0.3076839169574407,0.002692412159469566,0.0017922273228346487,0.4635156467259955,-0.017741751918967107,0.08898632901566665,0.002995462341445784,0.0020592795326794425,0.5024229317865303,first,null_a,0,0,1,4216
7,51,13,0.2021062884777205,0.30862020252653544,0.0026818924572022135,0.001787827052271211,0.46170461397505985,0.020321450701197535,0.07874214516716732,0.003011850060407219,0.0020382954729154515,0.5051716112447818,first,null_a,0,0,1,4217
8,51,13,0.26254300190742597,0.3613904624103439,0.0026204955732657647,0.001720773149846662,0.4511347551721749,-0.07646783596150684,0.052399410957449315,0.003035980780396887,0.0020301809663847365,0.5092190088420011,first,null_a,0,0,1,4218
9,51,13,0.2574766125787342,0.354524955726944,0.0026288357970312287,0.0017115504193476417,0.45257057702392667,-0.05003856902591079,0.006272109879161337,0.0030883115440050505,0.0021060875853344077,0.517996343582905,first,null_a,0,0,1,4219
1,51,13,0.08542550126961344,0.09444769395554167,0.004069351427049903,0.003068357638823627,0.6835034076504723,0.10944751451080564,0.03019407446357317,0.004058930616702795,0.0031267557603873466,0.705253218707554,first,null_a,0,0,2,4221
2,51,13,0.18565348323067665,0.21409346828269776,0.0033511244207115997,0.0023862725130892938,0.5628673271597009,0.13913934167098724,0.13161414211051742,0.003497346574301868,0.00280083246798693,0.607676051005243,first,null_a,0,0,2,4222
3,51,13,0.2134717871087911,0.2797056953200817,0.0030714450230304538,0.0021481154740272054,0.5158913348445623,0.11091440205364254,0.003185388795785559,0.003317997368896684,0.0022670462929163453,0.5765135068946966,first,null_a,0,0,2,4223
4,51,13,0.24238796033884683,0.2886292384038231,0.002988334719595579,0.0020011245172642106,0.501931819028111,0.08635668129339015,-0.022181966738905323,0.003359770279404905,0.0023473574534885336,0.5837716944255386,first,null_a,0,0,2,4224
5,51,13,0.21675366007234087,0.3121241904302201,0.0029258587377580846,0.0019537609180443486,0.4914381206469923,0.009724452762427444,-0.03770198425320682,0.003203257847087027,0.0022203896166366247,0.5565771185424954,first,null_a,0,0,2,4225
6,51,13,0.27258605857861595,0.3338945246594939,0.002886672531393011,0.0018822245169523798,0.48485625961494094,0.1735353254340596,0.12247827717564985,0.0028872713729758866,0.0019303711722300943,0.5016733768973717,first,null_a,0,0,2,4226
7,51,13,0.26201792858574596,0.34961877195203783,0.0028622783062825117,0.0018875238288511848,0.4807589147950303,0.09536033586666498,0.03836494363507249,0.0029933724649656482,0.002028031678785133,0.520108808221633,first,null_a,0,0,2,4227
8,51,13,0.3179433019634415,0.3746805053023348,0.002831878862812424,0.0018339622091080603,0.4756529111541635,0.12474866905246651,0.021785006611817714,0.002978281124968002,0.0019806374991129753,0.5174866357547884,first,null_a,0,0,2,4228
9,51,13,0.3277954678003067,0.4007358015051276,0.002804651853340905,0.001809311721770087,0.47107976133225044,0.06354405088582304,0.03718263171010397,0.0029367668650890784,0.0019805225335892992,0.5102733896644533,first,null_a,0,0,2,4229
1,51,13,0.10296299962464175,0.13873689730900432,0.003618446427477933,0.0027410777062898467,0.6505076662653965,0.20158322689968258,0.19625437298338982,0.003645356337312376,0.002750460122809827,0.6372778383157504,first,null_a,0,0,3,4231
2,51,13,0.14222038322117328,0.19552745378762473,0.0030245260753840627,0.002150751156395316,0.5437353953664203,0.11546681166934332,0.2349278423999393,0.0030536794278061778,0.002049058132474721,0.5338414258004647,first,null_a,0,0,3,4232
3,51,13,0.1840472167408132,0.24449565169287005,0.00275276684892477,0.0018775025608944664,0.4948797707957007,0.15621087772986506,0.11812805700310175,0.003103297976607308,0.0020036296571085397,0.5425156948140838,first,null_a,0,0,3,4233
4,51,13,0.1955245487424675,0.2450604409908524,0.0026714834926820203,0.0017843454176571726,0.48026702263556154,0.03370047673845142,0.05500518375897176,0.0031049459380876887,0.0021274748950476283,0.5428037899226731,first,null_a,0,0,3,4234
5,51,13,0.2373380413151011,0.2995365707512989,0.0025576429258180465,0.0016769447212371504,0.45980128880165505,0.012076531063872834,-0.0015125244815003124,0.003150851930682926,0.0020180153426686037,0.5508290332788276,first,null_a,0,0,3,4235
6,51,13,0.2809075154495578,0.3388485703778729,0.0024862242068327415,0.0016231458130467002,0.4469619597840975,0.17383881940843965,0.14644810029604508,0.0029381253649994046,0.0018165599351756233,0.5136403709405176,first,null_a,0,0,3,4236
7,51,13,0.2885234256323732,0.35561845902283257,0.0024613474016769747,0.0015926598949662682,0.442489722101337,0.10416166112368642,0.062656855117982,0.002926189346570696,0.0017809734888585749,0.5115537271892643,first,null_a,0,0,3,4237
8,51,13,0.26991309278892167,0.3694318693728125,0.0024418544087613523,0.0015876942470033149,0.43898536143600375,0.12960457264254732,0.0739856843201197,0.0028999049905354636,0.0017308596576213787,0.5069587202693088,first,null_a,0,0,3,4238
9,51,13,0.30263221825525777,0.3766464240434433,0.0024340274764575445,0.0015659664136187146,0.4375782715235199,0.18701551612944017,0.12609820901620936,0.0028519907223544575,0.0017423713416586538,0.49858239202443133,first,null_a,0,0,3,4239
1,52,12,0.1837710334609211,0.16968345391829504,0.0035158395833948877,0.002644434147731909,0.637631823163801,-0.021814006888633757,-0.08514775738116614,0.004161393454452902,0.003138078795705806,0.7061704036627653,first,null_a,0,0,4,4241
2,52,12,0.1430351401407581,0.1724108524330916,0.0029927809556424398,0.0021134865294724077,0.5427700359507154,-0.006575514038200607,0.040473184983944546,0.0037520791159911106,0.0026854767151410306,0.636711537352677,first,null_a,0,0,4,4242
3,52,12,0.17489359180145697,0.2223028542261241,0.002724123609672732,0.001890366944022882,0.4940464041541813,0.029287130779668095,0.025762127945545575,0.003480716068098122,0.0023979585793798552,0.5906624061741056,first,null_a,0,0,4,4243
4,52,12,0.14796641560686505,0.22989995598854135,0.002633505305138473,0.0017924895512051136,0.4776118901891275,-0.04122742928713079,-0.1535577897594637,0.0033316038297932647,0.0020065054264052765,0.5653587066639992,first,null_a,0,0,4,4244
5,52,12,0.1491281392764539,0.2594209067335724,0.002541711527454642,0.0017294860873321722,0.46096419269574046,-0.035549525101763915,-0.08798419043938344,0.0033158966750499643,0.002037896652168009,0.5626932706924016,first,null_a,0,0,4,4245
6,52,12,0.2354254105445117,0.300697659943638,0.002468843695446954,0.0016045421196674192,0.44774890016860214,0.04548585742615595,0.013671812787139024,0.0031663815275818482,0.0020495703397932705,0.5373211992464108,first,null_a,0,0,4,4246
7,52,12,0.23187588591184097,0.31239809111784833,0.0024491966843671747,0.0016108593678798504,0.44418572295378095,-0.027032668823713604,-0.03551097063074573,0.00306752080938759,0.0019535967399231828,0.5205449645457657,first,null_a,0,0,4,4247
8,52,12,0.228156216816891,0.3406515115105091,0.002414812315865374,0.0015868807561103086,0.4379497821333613,-0.006492015447239328,0.032025413994236585,0.0029830167235103825,0.0019528420060462158,0.5062049880239095,first,null_a,0,0,4,4248
9,52,12,0.24991050747005805,0.345267361749727,0.0024089249671664583,0.0015749404857203072,0.4368820539860873,-0.16167414674877364,-0.08480274083514444,0.0030576319149255766,0.001988206201881156,0.5188668620855077,first,null_a,0,0,4,4249
1,51,13,0.08791198203155612,0.12800008685427916,0.0039504964922623,0.0029888142848455462,0.6728845772419949,-0.15719723314660022,-0.1622976654761734,0.00428201985546769,0.0034755898022853257,0.7456554005426991,first,null_a,1,0,0,4201
2,51,13,0.13676340061068595,0.2402488342788977,0.0032667313856331354,0.0023091562807005073,0.5564194707400235,-0.07158664120689437,-0.10263324160365139,0.003535877841795656,0.0024568722276939914,0.6157249376197079,first,null_a,1,0,0,4202
3,51,13,0.16504674354895213,0.25349083149307294,0.0030729086543576003,0.0020981488161010186,0.5234058161652942,-0.23382946167756294,-0.1763676743809056,0.003326256842537626,0.0024501144029795484,0.5792222974079111,first,null_a,1,0,0,4203
4,51,13,0.2275885266538121,0.28556721444622873,0.0029551942157745596,0.0019678717894348005,0.5033556198427889,-0.2854740196512348,-0.2177863626769339,0.0033019997072279814,0.002421667407617124,0.5749982478808554,first,null_a,1,0,0,4204
5,51,13,0.2174895532973303,0.3184668064030385,0.0028725514834613687,0.001872679748270553,0.4892791562631845,-0.1352697934976416,-0.0544035135628959,0.00292560335954713,0.0021295655951175693,0.5094539536304683,first,null_a,1,0,0,4205
6,51,13,0.19555291884273704,0.302701402377278,0.002880809126241572,0.0018670087542260866,0.4906856732622646,-0.23170500385690257,-0.19592601367888995,0.003132285938371045,0.002169076220756187,0.5454449079697754,first,null_a,1,0,0,4206
7,51,13,0.249428809824471,0.3411642962291337,0.002827779647323135,0.0017859175439218316,0.4816532089699189,-0.14634732356251343,-0.07587900054044831,0.00303837934579495,0.002243809909412209,0.5290923546738074,first,null_a,1,0,0,4207
8,51,13,0.29848635427000064,0.37990044527389555,0.00278498688557243,0.001770423370754669,0.47436435566855806,-0.08709012506480861,-0.020631494418517,0.0027913713236689566,0.001966984038721467,0.48607927395666994,first,null_a,1,0,0,4208
9,51,13,0.28140290104657256,0.3876789839131681,0.0027794182753119326,0.0017725324144227841,0.47341585920278484,-0.2009509477863908,-0.0676818879656355,0.0028723038936136723,0.0020414957682265205,0.5001725780271822,first,null_a,1,0,0,4209
1,51,13,0.11110451841404798,0.14086746726150415,0.0039213218318911065,0.0029958794586704518,0.6616159631334905,0.08208247448753778,0.0026987205679914602,0.003760605029134455,0.0029286191045494346,0.7019913384199681,first,null_a,1,0,1,4211
2,51,13,0.17801369110568943,0.25348883866128663,0.00321681514839712,0.002342077199617784,0.5427497012156142,0.04616902085256515,0.042175518595178575,0.00310685868465481,0.0024777691612041766,0.5799566477802935,first,null_a,1,0,1,4212
3,51,13,0.16090437950349606,0.2630693790313926,0.0030185613870125382,0.00218135503775863,0.5092997935297561,0.14763717295362863,0.14018185161871166,0.0025572691214290244,0.0020141556948159215,0.47736488127422344,first,null_a,1,0,1,4213
4,51,13,0.2324896364723703,0.314640154548632,0.002860050690703861,0.0019689656364298884,0.4825554426447258,0.0402255971876225,0.025928311302841726,0.0025601154796996172,0.0018695217649167234,0.47789621036529156,first,null_a,1,0,1,4214
5,51,13,0.22144423821792616,0.31877476372123315,0.002826319265000915,0.0019390910268995728,0.4768641858030099,0.1553256869712566,0.03577853665967731,0.002424313657447354,0.001728977031957149,0.45254611318035043,first,null_a,1,0,1,4215
6,51,13,0.2984840484273082,0.37191661540436444,0.002736337307403419,0.0018535404439246233,0.46168218797351934,0.03127252494341101,-0.0485760141352868,0.0024833737257335294,0.0017672945068220745,0.4635708435261824,first,null_a,1,0,1,4216
7,51,13,0.27624263097968826,0.3652674834055276,0.0027399582454714164,0.0018228032445487573,0.4622931223803363,0.2158980260246083,0.11818083074912,0.0023101890585233665,0.0016681150844386167,0.4312424986490124,first,null_a,1,0,1,4217
8,51,13,0.3073828718381338,0.3902363795453238,0.002709021713166388,0.001781774328448358,0.4570734274676312,0.08678663109042856,0.02724331535773256,0.0023189151068327453,0.0016821071165822321,0.4328713882251208,first,null_a,1,0,1,4218
9,51,13,0.3200087605552008,0.41524843152414675,0.0026819814389460925,0.0017692643639570743,0.4525111196952475,0.11549210283387497,0.040207079256225894,0.0023285659812748646,0.0017084118298060903,0.4346729148981055,first,null_a,1,0,1,4219
1,51,13,0.09169813455679149,0.14512485419484886,0.0038101836936351007,0.002920072873400976,0.6545610765483977,-0.024089834216416493,-0.008820657262385621,0.0046029669163164385,0.0033079166128159817,0.7083711226173061,first,null_a,1,0,2,4221
2,51,13,0.1033910216744272,0.18624233783679373,0.0032388985382441927,0.00239414825714178,0.5564185573429697,0.04573907105552675,0.07594825411712856,0.003884709120092355,0.002674953925274915,0.5978352246432549,first,null_a,1,0,2,4222
3,51,13,0.15294843987506943,0.23374615366200252,0.002959938386087338,0.0021250139082644374,0.5084952884950865,0.2163279758216467,0.23481657452544988,0.0035715716024899624,0.0025750957722563816,0.5496450944706239,first,null_a,1,0,2,4223
4,51,13,0.18193893535619418,0.25699952749448285,0.0028441871247614292,0.0019872164340086922,0.48861008706716347,0.20922115858824716,0.22980146572448681,0.0034607660618228187,0.002286867974496895,0.5325927352723928,first,null_a,1,0,2,4224
5,51,13,0.21627985057480537,0.2891095492955314,0.0027521943530682005,0.0018919213627841042,0.47280641655784406,0.06685719343947191,0.17002529200448624,0.003509398385428151,0.0025282006925867657,0.5400769806067838,first,null_a,1,0,2,4225
6,51,13,0.23355806515422048,0.31346486261984896,0.0027063317705958074,0.001824803442861618,0.4649275677226639,-0.009066882484604003,0.10793448839169169,0.003515936570715465,0.002466861568374883,0.5410831711217399,first,null_a,1,0,2,4226
7,51,13,0.2327700845898391,0.3309538039762798,0.002680852348798619,0.0018097345253015248,0.4605503935225699,0.007599994941767093,0.0608590239315592,0.0035485333315278087,0.0023063333492320593,0.5460996321283305,first,null_a,1,0,2,4227
8,51,13,0.24828943530406566,0.35130309456187736,0.0026552132275263077,0.0017643560751491093,0.4561457841464409,-0.027099482795685324,0.0626249878165913,0.00351285802077779,0.0023215598218137737,0.5406093993317116,first,null_a,1,0,2,4228
9,51,13,0.29683664735084203,0.38500808632256356,0.0026210053996669515,0.0017386293243280336,0.45026913503175214,0.022091832218414497,0.10973511055365694,0.0034509648227922254,0.0022918331442016364,0.5310843788532904,first,null_a,1,0,2,4229
1,51,13,0.10392951829463826,0.1586043932825611,0.0037193603359618964,0.0028469505801566055,0.6492501295297575,0.1576524741081703,0.06671071365876313,0.004273467926082894,0.0033295331229612635,0.7049027179872329,first,null_a,1,0,3,4231
2,51,13,0.13981473048075335,0.19476841925437144,0.0031776006422776044,0.0022452828277732574,0.5546807628841989,0.18501751413143816,0.10305377307487533,0.0037645310231506435,0.002506554958562432,0.6209542685391092,first,null_a,1,0,3,4232
3,51,13,0.1737887284809289,0.2357139107861243,0.002927612955641995,0.001990705329039913,0.5110430071228876,0.03228417152467785,0.15920787787679816,0.003356134995982538,0.0021864324529878134,0.5535898997067312,first,null_a,1,0,3,4233
4,51,13,0.16729889304727485,0.26257815634904336,0.002801994123714642,0.0019093001815745129,0.48911503146760116,-0.04032676184574919,-0.06570871635654321,0.0035345432313116203,0.00233832650116444,0.5830180953010409,first,null_a,1,0,3,4234
5,51,13,0.24783259022062465,0.3045820869492959,0.0027004297901363165,0.0017459595036142894,0.47138599992049296,-0.05911809709278063,-0.1044862399197662,0.0035579623734430773,0.0023192005308390953,0.5868810509209101,first,null_a,1,0,3,4235
6,51,13,0.271569305478534,0.333354450346524,0.0026503492270428196,0.001687094971776104,0.4626439558219431,-0.16817359855334538,-0.15638164689631803,0.0035888674260468848,0.0023706807661027277,0.5919787972844661,first,null_a,1,0,3,4236
7,51,13,0.22791122110346757,0.31519238955421924,0.0026655689557196745,0.0016876006583568383,0.4653007058870858,0.04594140037178012,0.006527324627554779,0.0033044923107248556,0.0020467898122971504,0.5450715090619541,first,null_a,1,0,3,4237
8,51,13,0.2862843700264826,0.3453631494910979,0.0026284134438095542,0.001630375394744031,0.458814853820765,0.017893498906157133,-0.026596350270843512,0.0033343597775793857,0.002072740792855455,0.5499981070683769,first,null_a,1,0,3,4238
9,51,13,0.30068135181016065,0.3703848197852193,0.0026022244161933287,0.0016161476226167234,0.4542433070933099,-0.10132905069613929,-0.053265137752490185,0.003319576465071827,0.0021371507892840778,0.54755961979114,first,null_a,1,0,3,4239
1,52,12,0.12459306087171257,0.09399458042092587,0.0037200004954245727,0.0027734632833913094,0.6646053823534793,-0.15324078906168462,0.09775166388254447,0.003493307686933193,0.0026543258688273047,0.6421571490049979,first,null_a,1,0,4,4241
2,52,12,0.15521481664403014,0.17966920403505382,0.003077228395478466,0.0022340818958616606,0.5497694306442645,0.06911595866819749,0.18592638046616985,0.0028993840730119507,0.0021221605977700493,0.5329791638910563,first,null_a,1,0,4,4242
3,52,12,0.17674927768860355,0.1949697568849738,0.002856315888700215,0.0019860864537126323,0.5103017904612575,-0.01463312806596389,0.024461709234033346,0.0028898800724809054,0.0018590551788106456,0.5312320913649269,first,null_a,1,0,4,4243
4,52,12,0.17865316705766143,0.21577391014611136,0.002724060265807965,0.0018383152640621715,0.4866733530648616,0.029328880075148736,0.04830004948240054,0.0028573452623257473,0.001859897962952829,0.525251381159867,first,null_a,1,0,4,4244
5,52,12,0.23437782442276825,0.2375065406391272,0.0026536420153846123,0.0017715584223538315,0.4740926159641978,0.003861809831959086,0.015732148858602663,0.0028265309565717106,0.0018755209512310955,0.5195869426090928,first,null_a,1,0,4,4245
6,52,12,0.23559318434374615,0.2663652776814446,0.002595576871860855,0.0017120942140962708,0.46371885204656377,-0.06686149671224301,0.037655181706255994,0.0027222297939073557,0.001707879681287386,0.5004137854592142,first,null_a,1,0,4,4246
7,52,12,0.2383668107173725,0.26084327021253395,0.002586422601775061,0.0017002535811670944,0.46208337453035936,0.007493998538774659,0.04588825515125626,0.0026892805971329317,0.0016068939975785374,0.49435690065006527,first,null_a,1,0,4,4247
8,52,12,0.28748887516977406,0.30391161957986446,0.0025329987407832493,0.0016408802810335722,0.45253880979039957,-0.07471036426260308,-0.04219240292182325,0.0027384290662416854,0.0017249246813508359,0.5033916160628794,first,null_a,1,0,4,4248
9,52,12,0.28416732929991356,0.3019504323486348,0.0025343937946501554,0.0016406394101072673,0.4527880463993084,-0.05730090804717672,-0.087091454723673,0.002730228789980712,0.0016063677207749734,0.5018842005997363,first,null_a,1,0,4,4249
1,51,13,0.08299963122987225,0.16583657973047433,0.0037779778555122024,0.0029169758376419623,0.6499897965929351,0.05964921154794572,-0.03748281281882955,0.004403757908916905,0.003086085710198326,0.7360504291252473,first,null_a,2,0,0,4201
2,51,13,0.16524076374121657,0.2038165594552238,0.00321515764533668,0.002320673422384946,0.553158261861564,-0.08509212306680661,-0.09738108650276568,0.0040294560933646405,0.0027227359350754762,0.6734890854597043,first,null_a,2,0,0,4202
3,51,13,0.15158235160708175,0.2596785954769829,0.002923566176582578,0.0020657054166432535,0.5029908213120697,0.04809114935697214,0.12983943453361863,0.003472407219355273,0.0022597035040564234,0.5803831356689327,first,null_a,2,0,0,4203
4,51,13,0.20314766468369683,0.2945322989397853,0.002798207519372497,0.0019040014642435679,0.48142323907167645,0.0470795027757053,0.03684846085696345,0.003452960382277762,0.002197405760834353,0.5771327633569018,first,null_a,2,0,0,4204
5,51,13,0.21176048124913424,0.3141424298630798,0.002734494882321411,0.0018326670693661934,0.47046167032218994,0.03301761529609631,-0.004459828982130053,0.003472125163362585,0.0021632083814113754,0.5803359924247423,first,null_a,2,0,0,4205
6,51,13,0.2345753535392132,0.3395103266727696,0.002690344580295186,0.0017963381166632886,0.4628657428363598,0.14093501435273587,0.15164952441759746,0.0032013944313959352,0.001964917673415821,0.5350856685960977,first,null_a,2,0,0,4206
7,51,13,0.24374457818149053,0.34698515579990696,0.0026725526095523395,0.0017634875126937154,0.4598046874553027,0.16455696202531642,0.19764070778204113,0.003152656920907792,0.0019370187227842112,0.5269396110127196,first,null_a,2,0,0,4207
8,51,13,0.27103484408303463,0.38444690178881274,0.0026274553502805193,0.0017137271905070535,0.4520458388060919,0.005779031095486791,0.026591817118501487,0.0033679182832234253,0.00215451553470764,0.5629187046376631,first,null_a,2,0,0,4208
9,51,13,0.2973350387785095,0.3986804787143966,0.0026132181636210564,0.001687381335474643,0.4495963734003225,-0.04520795660036166,0.020962367172511147,0.0033356554055329066,0.0020807953407508337,0.5575262408691991,first,null_a,2,0,0,4209
1,51,13,0.10826380256847816,0.15776254979367577,0.003751118329877523,0.0029665460534245296,0.6454978090609669,-0.13575032562374334,-0.04227503262043704,0.0034981295845640985,0.002866284033775429,0.7201639292902794,first,null_a,2,0,1,4211
2,51,13,0.18394703611097887,0.2065982393139402,0.0031349748446213655,0.002303690930144929,0.5394709565801432,0.12454633973621315,0.08836975767246953,0.0025424390605364297,0.0019802708111227372,0.523414830570137,first,null_a,2,0,1,4212
3,51,13,0.21760393956518062,0.24963487663530592,0.0028642460732061603,0.002063453418375427,0.49288356225393215,-0.12780889996079867,-0.20423329040266344,0.002626950101967017,0.0019922064238407345,0.5408132151050112,first,null_a,2,0,1,4213
4,51,13,0.22231279974925605,0.27704218840324757,0.0027381324576572514,0.0019219703253680227,0.47118175085513375,-0.19275661047812948,-0.17703334320026076,0.0024955884528373097,0.001954725377173485,0.5137696425018854,first,null_a,2,0,1,4214
5,51,13,0.2507268757330315,0.3063230685135743,0.0026578579840396553,0.0018358188095878997,0.45736800458353255,0.04495504495504495,-0.03136389126856207,0.0021883990022887735,0.0016481960302868431,0.4505281997835413,first,null_a,2,0,1,4215
6,51,13,0.275615359415818,0.33732769480453206,0.002602013537965595,0.0017883996650438585,0.44775821240451424,-0.13835531557050543,-0.2273019832530697,0.0022821296221389557,0.0016991711588256824,0.4698246294481193,first,null_a,2,0,1,4216
7,51,13,0.27096970402697307,0.3332279933448306,0.0025975158347093007,0.0017579170196318173,0.4469842411931504,-0.18683847797771844,-0.25992804764665856,0.0022543192117951806,0.001611422192968084,0.4640992685361839,first,null_a,2,0,1,4217
8,51,13,0.30230832970849364,0.36963880286221784,0.0025507689016427766,0.0017111795478623897,0.43893996206859764,-0.018070537057878828,-0.22239266712788974,0.0021760223562969304,0.0015156215842888681,0.44798020555020834,first,null_a,2,0,1,4218
9,51,13,0.3110582203868446,0.3855141055345539,0.0025331878482822284,0.0016957751364770862,0.4359145892524891,0.004109814236396515,-0.07180353480427394,0.0020887020219702256,0.0015357019651478308,0.4300034686811261,first,null_a,2,0,1,4219
1,51,13,0.10169515672565724,0.19128705720789832,0.0037369856963651604,0.0028912801253163796,0.6424706187173598,0.1494834279644406,0.04534355321038809,0.005055753109395472,0.0033763653256661886,0.7606484782918,first,null_a,2,0,2,4221
2,51,13,0.20080921078745678,0.22430186458937315,0.003197194287939682,0.0022935224447396493,0.549668518755684,0.17166377925871595,0.11278393147229838,0.004351820236270539,0.002549160538172352,0.6547403262962055,first,null_a,2,0,2,4222
3,51,13,0.22241619208855487,0.26494991529439016,0.0029300865440895487,0.0020647178555381705,0.5037467809169464,0.07755535603636869,0.06266963925453903,0.00440808790834912,0.0025838240694751142,0.6632059135623355,first,null_a,2,0,2,4223
4,51,13,0.2168152178370767,0.29523985485382875,0.0028045346227624137,0.0019246331605338603,0.4821616245555891,0.16139556645885758,0.12009188265940188,0.004219164990398383,0.0024326685549720013,0.634782071071566,first,null_a,2,0,2,4224
5,51,13,0.23806594644219176,0.3133160271283806,0.0027439279495103126,0.0018515986887059723,0.47174199493256114,0.15621087772986506,0.07176647555963525,0.004230252810928466,0.002217167568414418,0.6364502565290613,first,null_a,2,0,2,4225
6,51,13,0.2629413774083086,0.3367089889964923,0.0026957315242237376,0.001807176227227712,0.4634559618326889,0.149685757280694,0.12905364051366572,0.0041136754042649885,0.0023066412438635833,0.6189109453595762,first,null_a,2,0,2,4226
7,51,13,0.26561500201020066,0.3451684600054477,0.002678093900458574,0.0017650377665869225,0.46042366361861475,0.15891703233475385,0.028407769793925473,0.004209553222362855,0.002219643053625985,0.6333359607549187,first,null_a,2,0,2,4227
8,51,13,0.3113932263894472,0.38021447106713346,0.002634730053117748,0.001729693874018706,0.4529684577134586,0.11190075747037771,-0.004708654424493119,0.0042241075548722275,0.002199789461478959,0.6355256900862885,first,null_a,2,0,2,4228
9,51,13,0.2940425012925072,0.39784273164412737,0.0026152539437339045,0.0017361496062086117,0.44962008309746376,0.12765715297360866,0.029246151137028754,0.0041746700628266156,0.002211001645478412,0.6280877174872755,first,null_a,2,0,2,4229
1,51,13,0.11061432096309118,0.16209521390913173,0.0037892438697212675,0.0029648892137039574,0.649866820312838,0.08013505481859912,0.09051472883341284,0.0040590537318726016,0.0031557070672627477,0.6925075469157038,first,null_a,2,0,3,4231
2,51,13,0.1094767993519923,0.17242145319195235,0.003282857416673712,0.0024373223389818283,0.563020007226691,-0.04915337826730231,-0.06696883079216184,0.003933982997094682,0.0029730609583379433,0.6711694633491077,first,null_a,2,0,3,4232
3,51,13,0.1502745682186031,0.21673779374814525,0.003013979388351306,0.002147455511490397,0.5169066095870927,0.059826249699667426,0.019302695948270727,0.0033596467374527026,0.002287687359468378,0.5731830309088752,first,null_a,2,0,3,4233
4,51,13,0.22004895633442162,0.29319662768769206,0.002804066030671908,0.0019402318718815647,0.4809058318629774,0.1609656166618192,0.09710559709269567,0.00324877760226228,0.0022370674499365625,0.5542678556214655,first,null_a,2,0,3,4234
5,51,13,0.26547397502410014,0.32851338415634423,0.002720532957820687,0.0018414413844327821,0.46657965642767163,0.03703891045663198,-0.05602764139911306,0.0033423326879388985,0.002269793688913453,0.5702291133832628,first,null_a,2,0,3,4235
6,51,13,0.25878933705869667,0.328790325570123,0.0027114454490565747,0.0018343235042218953,0.4650211211029096,0.1889629357983788,0.09245970516701005,0.003114152817398301,0.002058060299268952,0.5312997734824793,first,null_a,2,0,3,4236
7,51,13,0.2857970960546537,0.3769641710856757,0.0026455881386957957,0.00178277929764925,0.45372639256339664,0.14073268503648248,0.12238379115066252,0.0029990871746491303,0.0019165328667419283,0.5116686399084613,first,null_a,2,0,3,4237
8,51,13,0.2610871504774824,0.3773928578057334,0.002645025654867255,0.0017648527758713252,0.45362992488021275,0.08435867929538815,0.0235782397906729,0.0031149509435536935,0.001989389304650599,0.5314359402894521,first,null_a,2,0,3,4238
9,51,13,0.2850874729660532,0.38892325084375445,0.002633339664433128,0.0017547581628806826,0.4516257420651882,0.15353001428950794,0.07703435283256027,0.003015696263428711,0.0019371710251452868,0.5145022854049318,first,null_a,2,0,3,4239
1,52,12,0.11786077293493025,0.17192994958088914,0.0036235851458429383,0.0028394878828525514,0.6370983964796187,-0.005197787287339527,-0.03581913997427695,0.004234220020442291,0.003264476962295887,0.7417181878734044,first,null_a,2,0,4,4241
2,52,12,0.11351569329546857,0.20057309053090588,0.003054066300754655,0.0022873708190741847,0.5369656471810607,-0.3911282747103643,-0.13472825405758546,0.0037206398372048835,0.0028225958617394725,0.6517531503931956,first,null_a,2,0,4,4242
3,52,12,0.22859602420051858,0.30083433205178367,0.0026917823471620957,0.001973353834440835,0.4732689168395901,-0.3533869115958669,-0.18488369284035336,0.003749608750060432,0.0027909692853716342,0.6568277023636044,first,null_a,2,0,4,4243
4,52,12,0.2610709470304976,0.3381281033279023,0.0025540840775893866,0.0018199704189502354,0.44905882015028387,-0.20112723097797724,-0.08141579992309672,0.003311186383533294,0.0024024870882777168,0.5800282347748346,first,null_a,2,0,4,4244
5,52,12,0.22585509322138533,0.30355328153140304,0.002568199506087795,0.0017843261458467064,0.4515405934493812,-0.11858887381275443,-0.07444538512574646,0.003303182722306624,0.0023199243146264084,0.5786262147870357,first,null_a,2,0,4,4245
6,52,12,0.305466897147796,0.3602544436062827,0.0024732929748147764,0.001677400092680385,0.43485413612717655,-0.26170545872038414,-0.06011379957187245,0.003193121816426684,0.0023165647845072674,0.5593465894319869,first,null_a,2,0,4,4246
7,52,12,0.3200883071984196,0.37142293478205773,0.0024522144505985176,0.0016728956370559527,0.4311481119997343,-0.23936958563824237,-0.002428089294874847,0.0031366066209623737,0.0022903864982857444,0.5494466909466169,first,null_a,2,0,4,4247
8,52,12,0.2908027163847389,0.37193416891263686,0.002449339026044777,0.0016729364793835345,0.4306425551275609,-0.3008662978812233,-0.15017264560718446,0.003256577150669636,0.0022759339559636446,0.5704622081996359,first,null_a,2,0,4,4248
9,52,12,0.3308023212742314,0.40630765350347364,0.0024105681341946347,0.001616216069270015,0.42382586060165806,-0.22037365619455176,-0.04818998062199162,0.003123672379539578,0.0022468662726416876,0.5471809697362602,first,null_a,2,0,4,4249
1,51,13,0.1359345736900384,0.1307726320851468,0.0039011036871580305,0.002966734599820816,0.6626504889555834,-0.005677866437360108,-0.041977518484782345,0.0033715859109911773,0.002722967566470867,0.6873721937564983,first,null_a,3,0,0,4201
2,51,13,0.14653687956567144,0.18567193774214608,0.0033037194183984705,0.0024126597245810685,0.5611774163246225,0.00337637046497806,-0.11820162563720926,0.0028954249686936606,0.0022169692352579542,0.590296277517429,first,null_a,3,0,0,4202
3,51,13,0.18380304446998802,0.23353105919331435,0.003030892957361096,0.0021330078861121608,0.514834483066639,-0.12889642003566054,-0.12175300141935097,0.0027431460943434537,0.0021688089596015197,0.5592508684167306,first,null_a,3,0,0,4203
4,51,13,0.24076748821096747,0.27407375383384436,0.0028882368895859546,0.001969046292442203,0.49060259367214193,-0.11804651045157374,-0.18396575575487456,0.002579168152859479,0.0019216964649618718,0.525820346300099,first,null_a,3,0,0,4204
5,51,13,0.2457765197026846,0.288713531473697,0.002826192370990794,0.0018961836606987772,0.48006356833953195,-0.07517798657039163,-0.19548169814808442,0.0023987607756655377,0.0017610454294768546,0.4890403211411968,first,null_a,3,0,0,4205
6,51,13,0.24797468777654666,0.3043088403577143,0.002785796109440859,0.0018753629482557057,0.47320176598442887,-0.02378634024203644,-0.07527310804266794,0.0023606068452932433,0.0018506369115379366,0.4812618004352757,first,null_a,3,0,0,4206
7,51,13,0.26919021110483954,0.3355516122162654,0.002738588549603274,0.0018008842322960793,0.4651829807591726,0.027124773960216994,-0.04306193451725235,0.0022425271227017878,0.001700117393072778,0.457188643144146,first,null_a,3,0,0,4207
8,51,13,0.29451709312952756,0.35116745061862575,0.0027171854236174627,0.0017817859429098166,0.4615473963099912,-0.04523324776489333,-0.11198987095884215,0.002235361011915989,0.0015956098309669665,0.4557276733152358,first,null_a,3,0,0,4208
9,51,13,0.2954059954874658,0.36282536662723647,0.002703749708108475,0.0017572587536604863,0.45926517461954836,0.06609845850352178,-0.09510600606366983,0.002202539360239684,0.0015953821563201053,0.44903625529681696,first,null_a,3,0,0,4209
1,51,13,0.12896368182467263,0.1812635721392521,0.0036324186014330072,0.002804199498628969,0.6441186165683637,0.043943398373778114,0.11477010804219435,0.0032847072711810186,0.0027695269723634107,0.6558069291690101,first,null_a,3,0,1,4211
2,51,13,0.14262382334082677,0.1772683968177791,0.003149799830384511,0.0022392935080348454,0.5585382445773591,-0.07801059699793876,0.09737107210833267,0.0026002998595365157,0.0019752080405502507,0.5191618384880035,first,null_a,3,0,1,4212
3,51,13,0.16908900931609855,0.20647765416068836,0.002919914311023385,0.002001234428875682,0.5177737956117106,-0.11574501447919168,0.1625869226677706,0.0023387869781990073,0.00180673689528082,0.46694958774870776,first,null_a,3,0,1,4213
4,51,13,0.15579137921180694,0.22021700864570287,0.0028014552194799247,0.0018951727895933133,0.4967680375928475,0.008636932687565598,-0.03471820108723007,0.0024574013969983484,0.0015669538024746666,0.4906315025514214,first,null_a,3,0,1,4214
5,51,13,0.20788559495600203,0.2741893308677689,0.0026877753007739998,0.0017693537609834028,0.47660974638170317,-0.01842461336132222,0.040361018893892306,0.0023074158043593193,0.0015629426117402577,0.4606861884617339,first,null_a,3,0,1,4215
6,51,13,0.2589500048834454,0.3069877281715906,0.002626968592195222,0.0017229783603230887,0.4658271969826921,-0.00782761542255213,0.10667144479024268,0.0023304675824278335,0.0017584659345524212,0.4652885820812915,first,null_a,3,0,1,4216
7,51,13,0.2428015296960421,0.3003909034982481,0.0026286512832260803,0.0016997695992950806,0.4661255801642122,-0.09151607885785099,0.05819697102932023,0.0022856617547366196,0.0016146576964209676,0.45634289230100067,first,null_a,3,0,1,4217
8,51,13,0.27788385569179974,0.3332329020754417,0.002585805681707668,0.0016495504819327039,0.4585279840156869,-0.2091452850946522,-0.012574748881962283,0.00230874587305073,0.0016313599552101254,0.46095174279948287,first,null_a,3,0,1,4218
9,51,13,0.25861644003252554,0.3473982547930008,0.002570057998545197,0.0016402726905088007,0.4557355261506253,-0.14811770507973038,0.05799638071669519,0.0022109547946887343,0.0015586434009904036,0.44142730378375056,first,null_a,3,0,1,4219
1,51,13,0.12250497526736658,0.1441335219770541,0.0038779609999676037,0.003051398247679872,0.6572735615223751,-0.0026935090226229462,-0.05635878336593211,0.0048852910410286665,0.0037189417247825464,0.7495953642983852,first,null_a,3,0,2,4221
2,51,13,0.13919351175395075,0.20962601641073003,0.0032481836775230056,0.002374877588781488,0.5505329357933787,-0.15856295603131046,-0.15679861921196622,0.0045090676715856225,0.0034422655671647816,0.6918679348972002,first,null_a,3,0,2,4222
3,51,13,0.14559284286192628,0.24435452676066535,0.0030094437009858584,0.002142248711426524,0.5100690232739774,0.01683126999582696,-0.027263895016182,0.003966839075977641,0.0027581422118770874,0.6086687890849616,first,null_a,3,0,2,4223
4,51,13,0.16537479084771506,0.2513165818900499,0.0029231328566923336,0.002008147215412128,0.4954402438645708,-0.04209714336296615,0.007077975712124974,0.0037710199393241506,0.002592291170177761,0.5786224487863781,first,null_a,3,0,2,4224
5,51,13,0.18442714550015618,0.2753647229161007,0.002847457233062982,0.0019376579955878049,0.4826140223879478,-0.020043247891349154,0.043831571547451716,0.0036208607222127267,0.0025810644086272133,0.5555821320257011,first,null_a,3,0,2,4225
6,51,13,0.21419063356816143,0.32731603679039195,0.0027608705341732806,0.0018620788337017312,0.46793848852874326,-0.02201595872481948,0.08794029671963775,0.0035242430483711654,0.0024468851523782513,0.540757189189608,first,null_a,3,0,2,4226
7,51,13,0.2460479503281955,0.3338580655434935,0.0027455362768989055,0.0018246257830335552,0.46533949336295555,-0.016527776021446904,0.08576201948241387,0.003482878889139314,0.0023617592674051906,0.5344103038663198,first,null_a,3,0,2,4227
8,51,13,0.24520635892121476,0.3580070865242439,0.0027139107770371607,0.0018133035191182617,0.45997930409616616,-0.11602321728904007,-0.08554023616699169,0.003668882139640876,0.0024661759981535877,0.5629505020140732,first,null_a,3,0,2,4228
9,51,13,0.2594242261386045,0.3587714896539811,0.0027129442744813982,0.001777353633582248,0.45981549208850236,-0.03162660124685441,0.0016693036384043541,0.0035485968773844526,0.0023407455417283384,0.5444940223031233,first,null_a,3,0,2,4229
1,51,13,0.10993858552691717,0.13853250512051493,0.0037453309955253907,0.002852875780262547,0.6546444468596373,-0.043892816044714775,-0.007086745348757973,0.003803996262144057,0.002814340974472681,0.7031083538623565,first,null_a,3,0,3,4231
2,51,13,0.17992099359420427,0.24734818241404816,0.0030628271000942234,0.0022427297421134316,0.5353499477518466,-0.032764703650779596,0.030868043412919415,0.003149113333633552,0.0021915891044755023,0.5820636350702161,first,null_a,3,0,3,4232
3,51,13,0.17763367999482169,0.23679108090930867,0.002898644811365585,0.0020334779956908567,0.5066526113302279,0.11938694217175229,0.14719577994807823,0.002828730384964499,0.001979236082075463,0.5228459302880091,first,null_a,3,0,3,4233
4,51,13,0.2307728130605565,0.2896333741702518,0.0027290533536309934,0.0018606817277171854,0.47700980908566754,0.10069677158284752,0.07175173509818421,0.00283243193968992,0.0018968694549572368,0.5235301039491722,first,null_a,3,0,3,4234
5,51,13,0.21615648799075945,0.301457899754659,0.00267554604676479,0.001821460640138752,0.4676572948891323,0.05509680193224496,0.054556898277955866,0.0027724021646466273,0.001743135644140407,0.5124345524804578,first,null_a,3,0,3,4235
6,51,13,0.21246845730724018,0.2887175865668816,0.0026696802803024833,0.0018001081019442726,0.4666320206354783,-0.1664032170361284,-0.0684683466040121,0.0028695329734862245,0.0018577532386532109,0.5303876413917586,first,null_a,3,0,3,4236
7,51,13,0.2421120827310005,0.32240830948773486,0.002619103187336331,0.0017418732341237294,0.4577916769947822,-0.02194008523122447,-0.028126651764138363,0.0027609727197930203,0.0017242497159881463,0.510322000941816,first,null_a,3,0,3,4237
8,51,13,0.2650943344950937,0.35500051791235965,0.0025731129430543245,0.001697355820545919,0.44975306623784145,0.024266872368138192,0.03529298751330255,0.0027014065944542956,0.0016923815554548255,0.49931214776460386,first,null_a,3,0,3,4238
9,51,13,0.24148514057322915,0.3436791778278946,0.0025851457801707,0.0017113026952197976,0.4518562795473226,0.11078794623098422,0.11188226151048994,0.0025809437290649786,0.0016004624522506763,0.47704649839257046,first,null_a,3,0,3,4239
1,52,12,0.11811389060377823,0.18625014735483744,0.003894834259944969,0.002962359807988145,0.6489462748299565,0.1889781859931114,-0.0286241797263384,0.004870449393511034,0.0035381674175739924,0.7488828663026169,first,null_a,3,0,4,4241
2,52,12,0.20061528583775776,0.23370528644741692,0.0033475833122496327,0.002469954286913778,0.5577648688440007,-0.07917753887903142,-0.1576642465161632,0.004553011197885359,0.0035351935419638066,0.7000734019992183,first,null_a,3,0,4,4242
3,52,12,0.21652169403630078,0.2285092860692314,0.0031822567999601147,0.0022243508487016497,0.5302186326962197,-0.10168040914309573,-0.21995459389359479,0.004127452269693906,0.003072420077567393,0.6346392368584647,first,null_a,3,0,4,4243
4,52,12,0.22353564637609583,0.3034031317923029,0.00298493444876403,0.0020612380219391844,0.4973413403127444,-0.1393382736666319,-0.1877823646345761,0.003871691779248538,0.002804539187942328,0.5953133690182455,first,null_a,3,0,4,4244
5,52,12,0.24195485862452154,0.3255322909755867,0.002919263788983725,0.0019864358829159616,0.48639948061197846,0.02899488571130363,0.01646661340023559,0.003621933053516415,0.0025851058585846663,0.5569103356842872,first,null_a,3,0,4,4245
6,52,12,0.23105222867020622,0.3091666561113706,0.0029262140120673006,0.0019485745029088114,0.4875575071359074,-0.09767247677695441,-0.12081727308479591,0.00377334411762197,0.0026575658570003545,0.5801913807205762,first,null_a,3,0,4,4246
7,52,12,0.297222768242993,0.34236019348357355,0.0028772854849218365,0.0019003883929442627,0.47940517424962587,0.020561528024214595,-0.08647860653802714,0.0036874759969532855,0.0025857139587268964,0.5669882532194347,first,null_a,3,0,4,4247
8,52,12,0.27978743054698113,0.3451437333029391,0.0028711695793755924,0.0018857119259163607,0.4783861593553944,-0.058887381275440985,-0.1677101060687793,0.003698248062442277,0.0025748767043921807,0.5686445716877352,first,null_a,3,0,4,4248
9,52,12,0.31533063341153234,0.3958672040917672,0.002811758351875613,0.001837464076776988,0.4684872285675843,-0.009706711199248513,-0.0963183910310204,0.0035879276615585743,0.002445850797737325,0.5516816486902162,first,null_a,3,0,4,4249
1,51,13,0.10628394838667597,0.16028912118690683,0.003904312694308866,0.002943266198751143,0.6531826915672139,-0.02929981410994069,-0.058447024403473886,0.003910104266369336,0.0027712956416085276,0.7284898786512369,first,null_a,4,0,0,4201
2,51,13,0.164464600620634,0.1978720332425177,0.0033328324249253466,0.0024341174943576832,0.5575753338170014,0.026821279985836943,0.09401055958319653,0.003050372061889969,0.0024222321668017385,0.5683135338154813,first,null_a,4,0,0,4202
3,51,13,0.16088222694334361,0.21935325523983296,0.003104745602102588,0.002181314030238416,0.5194169237440714,0.1587905765120955,0.03744932860460816,0.002937708736856223,0.0021298517618609,0.5473232771903077,first,null_a,4,0,0,4203
4,51,13,0.18508809883764113,0.24546196938666287,0.0029877115718233292,0.0020669729101037097,0.49983739492861695,0.11384817713931637,0.11043113051553151,0.0026872094648623516,0.0020534727009765227,0.5006528633533684,first,null_a,4,0,0,4204
5,51,13,0.20369377881994544,0.2756202898720713,0.0028965623008659082,0.001991191163535404,0.484588327858466,-0.02105489447261599,-0.18610797336665677,0.0030090546834346124,0.0021525368708221497,0.5606157104413035,first,null_a,4,0,0,4205
6,51,13,0.19819718512606285,0.2703927977003292,0.002885906180733682,0.0019475661174324446,0.48280558303892923,0.13425814691637475,0.12543805214129897,0.0026262462967409322,0.001988809134043144,0.4892948411827206,first,null_a,4,0,0,4206
7,51,13,0.254166493042202,0.3219571973376715,0.002807412165842613,0.0018744671003115183,0.46967371171284394,0.1033270526941413,0.06963507270575539,0.0025767866168797137,0.0018741878568541692,0.4800800290637374,first,null_a,4,0,0,4207
8,51,13,0.2645535320321902,0.3309476296127182,0.0027922375896615,0.0018556661947833543,0.4671350394062382,0.19581684138646163,0.17128752393061153,0.002486304305375133,0.0018182590413046522,0.46322230772495065,first,null_a,4,0,0,4208
9,51,13,0.26687242744130685,0.3524087074835488,0.0027659186284520023,0.0018383010940636836,0.46273193666625234,0.14424815690638473,-0.019679993699715854,0.002720500039345306,0.001966063261511225,0.5068552162609128,first,null_a,4,0,0,4209
1,51,13,0.09178559187605502,0.14177218898011296,0.0038539193473081496,0.0029633615782363298,0.6567274487910181,-0.027984673554293807,0.04406706425261717,0.0037442865281159437,0.0028593438730820423,0.6969802944003023,first,null_a,4,0,1,4211
2,51,13,0.1819073123706978,0.23348619759902312,0.0032011578059185273,0.002337506287881455,0.5454935637214916,0.08104553674173925,0.11478974724949424,0.0029695231152576224,0.0021654370814223898,0.5527619426449704,first,null_a,4,0,1,4212
3,51,13,0.19915711567408098,0.25649713304868693,0.0029645119403933114,0.002103658251243756,0.5051679052092376,-0.07674603877135523,0.025749963912600746,0.003141857675998449,0.0024611985860945175,0.5848411630728277,first,null_a,4,0,1,4213
4,51,13,0.2457700139322309,0.28016974303309217,0.002850756531397165,0.0019500082969584576,0.48578340522264646,0.014605647517039922,0.059030249786467884,0.0028636914543862103,0.0021914138612873254,0.5330619059097621,first,null_a,4,0,1,4214
5,51,13,0.21816998277041397,0.28749977657907777,0.0028022831372082084,0.0018977087641242904,0.4775232924306677,0.07378697252114973,-0.019636341873557676,0.0028743205788827747,0.00210187785003292,0.53504046451237,first,null_a,4,0,1,4215
6,51,13,0.3125861294009272,0.3466528986275137,0.0027098765186771012,0.00180215445639616,0.46177673486927856,-0.05747417139822202,-0.01944691478446181,0.0028401117567892083,0.0020714016279156627,0.5286726626054313,first,null_a,4,0,1,4216
7,51,13,0.3280560692003156,0.35780261130343594,0.0026894215908762832,0.0017488392930808433,0.45829111118615234,-0.08177898051315771,-0.09820990667145017,0.002859901452127809,0.0020906588920766686,0.5323564158597878,first,null_a,4,0,1,4217
8,51,13,0.3226631560760684,0.36649274394296294,0.0026778099342575686,0.001755973787075403,0.4563124258686269,-0.02515206312674667,0.11482124020112978,0.0026078015221765345,0.0019420619071751583,0.48542926910530365,first,null_a,4,0,1,4218
9,51,13,0.31869298906882326,0.38721473790222394,0.002655490373409272,0.0017349254936562892,0.4525090592350528,-0.03496503496503497,0.056995257361254874,0.0026437285064396837,0.0019581872110403333,0.49211689834537803,first,null_a,4,0,1,4219
1,51,13,0.06253280678866441,0.11824995899707258,0.0038798518103699314,0.0029530856711249744,0.6657525506759358,-0.11205250445756774,-0.09105009610536463,0.0034361408483182753,0.0027184619994839415,0.736380617495076,first,null_a,4,0,2,4221
2,51,13,0.17310282263145071,0.18565516841291108,0.003250238711597904,0.0023228152052205187,0.5577158144979911,0.06827349865324547,0.1374688211276857,0.0023900814946426043,0.001867261248130561,0.5122053386577164,first,null_a,4,0,2,4222
3,51,13,0.2214463793575691,0.2535716007298051,0.002949485916192873,0.0020548673633574758,0.5061089618525736,-0.10906814704283059,-0.05639893341092417,0.0025933557309695105,0.0020084830856800895,0.5557679323565479,first,null_a,4,0,2,4223
4,51,13,0.21422678588751803,0.2740470445551768,0.0028441236382628597,0.001951503092929508,0.48802961019036545,-0.11706015503483858,-0.07668605809570746,0.002475999453536643,0.0018584254917790527,0.530617948156909,first,null_a,4,0,2,4224
5,51,13,0.22209176825688007,0.2904954347745521,0.0027822286759246226,0.0018603713007116188,0.4774089135594951,0.05142958307515269,0.021748230589103384,0.0022906644952843105,0.0016850869776594151,0.4908998233693085,first,null_a,4,0,2,4225
6,51,13,0.2943441549275941,0.3448135648764067,0.002689286553181694,0.0017715317894475657,0.4614607644276237,-0.0028705471743446422,0.04126621163712327,0.0023415111762823087,0.0017263471764563134,0.5017964984486221,first,null_a,4,0,2,4226
7,51,13,0.27927209651993984,0.3516824849924449,0.002676502699381301,0.0017678931516256153,0.45926715402932644,0.058232906334172156,-0.027498081108014986,0.002286908244736234,0.001649957325125644,0.490094841786725,first,null_a,4,0,2,4227
8,51,13,0.27802051804708955,0.3579431472149365,0.0026687563320147195,0.0017403054942016086,0.4579379373260002,0.08453571744710985,0.06275079957082427,0.0021690357801311174,0.0016036931170067782,0.4648342363275328,first,null_a,4,0,2,4228
9,51,13,0.29959023528324724,0.3835234962882017,0.002640728156683661,0.0017289038731411784,0.45312851930452547,-0.03175305706951276,-0.04615640540867381,0.0022207324335114754,0.0016027817181379046,0.4759130643555772,first,null_a,4,0,2,4229
1,51,13,0.0951284461436675,0.1187389092724507,0.0039000143007828334,0.0028592809369533266,0.6666210548166231,-0.07105552675172927,0.10944834955193805,0.004331785783961988,0.0031933824993597886,0.7092698675707101,first,null_a,4,0,3,4231
2,51,13,0.1822226363588899,0.19553419870842093,0.0032924864291872208,0.0023308732445448217,0.5627776226240095,-0.004033940742801502,0.0532957359742269,0.0038982679363569143,0.0027779772947023568,0.6382873301842104,first,null_a,4,0,3,4232
3,51,13,0.21055971366704254,0.2290752804201902,0.0030505442243240273,0.0020770559876699636,0.5214229620069478,0.05853640030855221,-0.026483192036684356,0.003699244168926538,0.0023675147984454337,0.6056999474721189,first,null_a,4,0,3,4233
4,51,13,0.2262031681290376,0.22831719446104312,0.0029623910577317486,0.001935161021824977,0.5063551308742837,0.11521390002402658,0.02653241378443689,0.0035390219251200503,0.002310791853166005,0.5794657763209845,first,null_a,4,0,3,4234
5,51,13,0.2594423022982828,0.27704312365810063,0.00285796928312583,0.0018486091577085782,0.48850654157048345,0.19862416064947708,0.11086693876231994,0.0033062121140584886,0.0020862706921365545,0.5413463973636604,first,null_a,4,0,3,4235
6,51,13,0.31639085219498925,0.3123582208064756,0.0027992301666218576,0.0017729943749650763,0.4784663907446224,0.03425688235814818,-0.006767063167070067,0.0033644235787225556,0.0021739929497462526,0.5508777176764614,first,null_a,4,0,3,4236
7,51,13,0.32957051374010476,0.35037662019753163,0.0027469641287207703,0.0017484839253377365,0.46953266931962273,0.016401320198788552,-0.0074068195028656105,0.0033803297815640726,0.0022295858719055947,0.5534821378730292,first,null_a,4,0,3,4237
8,51,13,0.33123154399391386,0.35332894118602376,0.002742068234844326,0.0017346986823237437,0.4686958247112504,0.09482922141149988,0.10660808881618589,0.003216515339580713,0.002197080557232571,0.5266597940715688,first,null_a,4,0,3,4238
9,51,13,0.37692733449690546,0.3866150589731385,0.002706725217358838,0.001685486475527878,0.46265471876149794,0.046953046953046945,0.04886895325827198,0.003259805987377367,0.002179003438659547,0.533748037479972,first,null_a,4,0,3,4239
1,52,12,0.10887023089270281,0.11577295579931227,0.0038175147621170155,0.0029304752270561405,0.6610163651783554,0.015760359043941137,-0.03214538519315996,0.004948938429818392,0.003885033895664231,0.8034080011509889,first,null_a,4,0,4,4241
2,52,12,0.12530411161871835,0.16866117184963034,0.0032422778552120167,0.0024019463773328363,0.5614120327754812,0.0692412065546394,-0.09873764206810286,0.004037647799859577,0.0027336288320546857,0.6554695707450757,first,null_a,4,0,4,4242
3,52,12,0.1723939745647611,0.2138914464237806,0.0029624209161741096,0.002095760290045244,0.5129538006165593,0.13353512159482311,0.2353886155346917,0.003254384074978358,0.0022243216353306796,0.5283149592046792,first,null_a,4,0,4,4243
4,52,12,0.15898066427954072,0.2223156702552899,0.0028647659354217045,0.0019773217812632804,0.4960444906489615,0.07821730508297674,0.13465463789907337,0.0032764813856630847,0.002213102428871204,0.5319022247283441,first,null_a,4,0,4,4244
5,52,12,0.17548714656130388,0.24136440741271084,0.0027915166711872364,0.0019082406247062018,0.4833611179802449,0.07901054169710887,0.16818418194429066,0.0032898025484088917,0.0022888809282681794,0.5340647751189759,first,null_a,4,0,4,4245
6,52,12,0.23035401901469318,0.3087011009014824,0.002688860395235342,0.001805618989139094,0.4655858158214035,0.051163761611522814,0.09015690647051665,0.0032905022761187753,0.0021507430744985624,0.534178368538801,first,null_a,4,0,4,4246
7,52,12,0.2872625262378071,0.3367040229618987,0.0026466448331956753,0.001741697804242276,0.45827603992994187,0.1507775806283269,0.22225934933280103,0.0031219326036652853,0.0019296951209345366,0.5068128586378211,first,null_a,4,0,4,4247
8,52,12,0.278234102975676,0.34777021786312134,0.0026329576699971546,0.0017479028874310448,0.45590605855963495,0.12197056674668616,0.15212561897183663,0.00317183974464569,0.0018886756821866275,0.5149147570442837,first,null_a,4,0,4,4248
9,52,12,0.269229830843314,0.33899478161670055,0.0026411195406499804,0.0017250753783408905,0.4573193157199019,0.09738023170858993,0.14027811158323453,0.0031650278026095022,0.0018691214838930182,0.5138089100403536,first,null_a,4,0,4,4249
1,51,13,0.06463227656013727,0.16265518564357256,0.003624997624875984,0.002834402709058109,0.6416388381363497,0.020650235840109256,-0.060712593429787014,0.004377929458947575,0.00309392976903924,0.7395217058223252,first,null_a,5,0,0,4201
2,51,13,0.1088673980689885,0.16692752620698148,0.0031346641955325347,0.0022449032695588404,0.554847892469425,0.05433806699629484,-0.05317170471283505,0.0037561244841346447,0.0023966076762394228,0.634486145068222,first,null_a,5,0,0,4202
3,51,13,0.11127988598596103,0.2111585637691603,0.002868192961769403,0.002026999243965358,0.5076814359577784,0.0012772038088493783,-0.04566006179743777,0.0034841259652080327,0.0022030044559214765,0.5885400395898325,first,null_a,5,0,0,4203
4,51,13,0.17207556971196564,0.2447629428724255,0.0027221642075341236,0.0018583513507357866,0.48183377206993544,0.1420478255921294,0.08752864081989727,0.0032709699747769027,0.002207694842436211,0.5525336390463731,first,null_a,5,0,0,4204
5,51,13,0.2047399314143561,0.2687057917987512,0.002652625028301644,0.0017874599783590341,0.4695250638209997,0.14321121916058624,0.04003489898745371,0.003123832605946164,0.0019520369948419452,0.5276791321365989,first,null_a,5,0,0,4205
6,51,13,0.21850338291828433,0.3016947941442581,0.0025918382539966128,0.0017500390524980592,0.45876556567085364,0.06129313724250433,-0.003948666882687366,0.0031507092443926452,0.00196732397573103,0.5322191453316699,first,null_a,5,0,0,4206
7,51,13,0.21200568291401858,0.3008392268831531,0.0025831200534314025,0.0017263376673303085,0.4572224098787192,0.13117262484351092,0.0391114771598899,0.003085636325488077,0.0018958671998012494,0.5212270001995022,first,null_a,5,0,0,4207
8,51,13,0.2504159163756501,0.3252991416193666,0.0025476455051452055,0.0016811657594851652,0.4509432752967907,0.0825882977781712,0.020172076281917625,0.003041307850019984,0.001834883891264226,0.513739015273736,first,null_a,5,0,0,4208
9,51,13,0.2727664907692999,0.35646238499762084,0.0025130355306390174,0.0016566079590207585,0.44481717367463064,0.13999924126506405,0.04904968712565721,0.0030133431481338896,0.0018078731215664852,0.5090152059397709,first,null_a,5,0,0,4209
1,51,13,0.09679351162218833,0.09927462156927717,0.003945718339907989,0.0028985342995279683,0.674561130816925,0.14986279543241565,0.14146935937838917,0.004728215829786465,0.003358304242960233,0.6939336005933691,first,null_a,5,0,1,4211
2,51,13,0.13624384484116284,0.14351595033698955,0.0033576617800269008,0.002382384975540768,0.5740268139079924,-0.04020030602309083,0.017893465361268377,0.00451093951882019,0.0033137702193938843,0.6620451804745944,first,null_a,5,0,1,4212
3,51,13,0.15303095610284914,0.2133903094340163,0.0030367687207793225,0.0021571039566701576,0.5191668451342464,-0.20689437145133344,-0.11816450192210276,0.004546474529480411,0.0034880123499742865,0.6672604538001533,first,null_a,5,0,1,4213
4,51,13,0.17201331195926958,0.22137392754834434,0.0029465957437066572,0.0019947479304244812,0.5037508472998231,-0.1569443215012835,-0.11408883708222574,0.004205140606864454,0.0028397663325631,0.6171647969070444,first,null_a,5,0,1,4214
5,51,13,0.14929660268666906,0.2368659778289003,0.0028893945965432284,0.0019278775376654715,0.49397172289443353,-0.10464219324978818,-0.17411068895784831,0.00419661576786067,0.0027272485729382973,0.6159136543117533,first,null_a,5,0,1,4215
6,51,13,0.18887058672002605,0.27412871542565154,0.0028141298138665565,0.0018503152372691884,0.4811044342186154,-0.13939225331630395,-0.16359854313211356,0.004141099200961999,0.0027575659428286,0.6077658005446133,first,null_a,5,0,1,4216
7,51,13,0.21283994503529832,0.27100878552472196,0.002811220481349202,0.0018163163786617685,0.4806070539031022,-0.13731837782470693,-0.08431762230384723,0.004030360128617439,0.0027751494398864083,0.5915132507531413,first,null_a,5,0,1,4217
8,51,13,0.24436896744199527,0.3100185112557625,0.0027636302483576803,0.001775582844767525,0.4724710141209646,0.04627018551069184,0.05853995837897455,0.003837851942720205,0.0026024402478956616,0.5632599088177335,first,null_a,5,0,1,4218
9,51,13,0.2612339008945517,0.3339362803366232,0.002737676463946728,0.0017461147439997954,0.46803394774849794,-0.10347879968133131,-0.002002493321944232,0.003921696239457565,0.002662095993470183,0.5755652639069918,first,null_a,5,0,1,4219
1,51,13,0.12637520869935154,0.1450986029248939,0.003803184953724553,0.0028521513496673903,0.6554032203001406,-0.07975568735062406,-0.16416304387210934,0.003853863102414446,0.002860887126885452,0.761855988884286,first,null_a,5,0,2,4221
2,51,13,0.1695265841427527,0.2025090516225433,0.0031996022412657797,0.0023276574594818253,0.551387754768925,-0.11577030564372336,-0.12153397773734362,0.0031921277430188885,0.0022734032992564566,0.631039965269915,first,null_a,5,0,2,4222
3,51,13,0.20761239377270946,0.22910281101696298,0.002965683221346913,0.0020530921129065863,0.5110764680948082,-0.2440723833128896,-0.03516537839584267,0.002947891619860163,0.0021681273121168664,0.5827578264949854,first,null_a,5,0,2,4223
4,51,13,0.19837238799492646,0.2512096428778537,0.0028451505696959634,0.0019414534269994585,0.49030506491443354,-0.12358527548400965,0.005431275763349552,0.0027651962984014625,0.0020065092782284052,0.5466414619289348,first,null_a,5,0,2,4224
5,51,13,0.235258953545999,0.26566618660005525,0.0027824771370452434,0.0018482294666478066,0.4795045463789575,-0.158057132740677,-0.14566754432847995,0.002912200484569721,0.0020547597891582125,0.5757021775400272,first,null_a,5,0,2,4225
6,51,13,0.25603768438712265,0.2903769377155996,0.00273376300630945,0.0017977583775513363,0.47110963565364716,-0.18982283539245562,-0.15248104840974858,0.0027806447213459514,0.001827292847790919,0.5496954037079521,first,null_a,5,0,2,4226
7,51,13,0.30444782232098544,0.3382017196878123,0.00266580374909293,0.0017430035537864305,0.4593982104742609,-0.169969271235094,-0.12893954782854677,0.0028373995380990454,0.0019382115600046635,0.5609150541969083,first,null_a,5,0,2,4227
8,51,13,0.30700689595197783,0.34131005040792667,0.0026591047962346626,0.001719891436692207,0.45824377929897775,-0.15858824719584214,-0.10408968621034487,0.0027944878507699246,0.0019189848627834628,0.5524320009290486,first,null_a,5,0,2,4228
9,51,13,0.3358883991901221,0.355388914136459,0.0026436728397266785,0.0017117148737981305,0.45558438878446716,-0.18208373904576436,-0.10094490701642361,0.002714990205110118,0.001795987374887323,0.5367164044383015,first,null_a,5,0,2,4229
1,51,13,0.16277734140619837,0.18173344650118928,0.0035460879408389856,0.0027481378641841213,0.6371587437536897,-0.024975024975024972,-0.02565178467241031,0.003845711520740662,0.003133054484861627,0.7083799506322609,first,null_a,5,0,3,4231
2,51,13,0.1043122058300597,0.16549369443580267,0.0030607871825185,0.002203438227855212,0.54996022339183,-0.135775616788275,-0.14009719355451514,0.0032550005995991625,0.002367337599543488,0.5995710160828588,first,null_a,5,0,3,4232
3,51,13,0.14297192323586153,0.1894235487118239,0.0028272581093224123,0.0019503327119271819,0.5079998734540959,-0.03835405101227885,-0.09170710949941026,0.003079539995285447,0.0021098705223807812,0.5672511778549205,first,null_a,5,0,3,4233
4,51,13,0.1997420585542399,0.24072483373827486,0.002676915378840254,0.0017927274341791334,0.4809863907416938,0.02206654105388282,-0.012491477699275463,0.0027054644429740124,0.001846154623459546,0.49834647196370097,first,null_a,5,0,3,4234
5,51,13,0.18909581814016327,0.24824364201432392,0.0026182353634595667,0.0017399660579290133,0.47044280425789103,-0.05269414130173624,-0.09058217479603912,0.002650190048392844,0.001737118648498281,0.48816493008426876,first,null_a,5,0,3,4235
6,51,13,0.24264131480467946,0.28711154335594696,0.0025493305071012675,0.001667893220907857,0.45806202508708604,0.12826414092236876,0.0664509151512951,0.002429142286644395,0.001570848105889713,0.4474479387784361,first,null_a,5,0,3,4236
7,51,13,0.22137003949414422,0.29678228839782494,0.0025248167949473398,0.001646084516275388,0.4536574174458438,0.12581089796279668,0.0891300064480291,0.002395410497356546,0.0015850400501377124,0.4412345441695075,first,null_a,5,0,3,4237
8,51,13,0.26449386835252314,0.3112620267946082,0.0025038656236742738,0.0016155041824319515,0.4498929248017734,0.0043880170462448935,0.03250652225946007,0.00244021579971736,0.0016448767258895353,0.4494876795654522,first,null_a,5,0,3,4238
9,51,13,0.25221624423354033,0.3202608586052905,0.002492022509087531,0.0016180130985941437,0.44776496177939135,0.11711073736390192,0.11715816422736194,0.0023504398669863587,0.0015847750867305464,0.4329509553590292,first,null_a,5,0,3,4239
1,52,12,0.12444528954191876,0.1533451777036079,0.003744974597795967,0.0028998606019187876,0.6483845216540753,-0.23803360818286198,-0.17562414622048786,0.005647166147418329,0.004133931151920563,0.7787735667660145,first,null_a,5,0,4,4241
2,52,12,0.10163348561550808,0.14891169067149893,0.0032560913109709027,0.00239942242503244,0.5637419298834138,-0.06477403193821106,-0.10042223474436777,0.004947754499986761,0.003158812537112352,0.6823210649112594,first,null_a,5,0,4,4242
3,52,12,0.18674364736387208,0.2162901448731443,0.002946634763167898,0.0020830993364284924,0.5101643072640082,-0.15478551299446822,-0.11399372595042237,0.004649063329116887,0.0030847644978048328,0.6411299997951407,first,null_a,5,0,4,4243
4,52,12,0.20411655759970368,0.22782239931826884,0.0028401030335231192,0.001930862470431025,0.4917199833405928,-0.19018891556204992,-0.07361493752461125,0.004514026988574393,0.0028357760182302185,0.6225077864899091,first,null_a,5,0,4,4244
5,52,12,0.22905741449561676,0.26746229926075205,0.002745362809743129,0.0018500842013719453,0.4753171765730539,-0.11345371046863585,-0.046497949931522155,0.004328075843597502,0.0027583904956171496,0.5968641569883969,first,null_a,5,0,4,4245
6,52,12,0.2057643165822941,0.2707175233220276,0.002720691635826358,0.0018226474761842053,0.4710457437820052,-0.10710781755557876,-0.09343172637286386,0.004339688826166696,0.002729106247187375,0.598465647651167,first,null_a,5,0,4,4246
7,52,12,0.25658792443511547,0.3192131257205158,0.0026496571251367726,0.0017604023496519434,0.45874721517209033,-0.09988518943742825,-0.003806066571505007,0.0041955073245197125,0.0026741157722735844,0.5785822690913501,first,null_a,5,0,4,4247
8,52,12,0.2722563279417212,0.3293556345906239,0.0026329835812520966,0.0017326867818445136,0.4558604485215751,-0.06581776432522701,-0.02710603644467573,0.004238976796644932,0.002626185625175845,0.5845769352599504,first,null_a,5,0,4,4248
9,52,12,0.2722506976169897,0.3407944929127089,0.002619967035602798,0.0017175076241808572,0.4536068346440935,-0.05842813902515396,0.0022233590100766342,0.004178129317292512,0.002509482665412268,0.576185751560553,first,null_a,5,0,4,4249
1,51,13,0.1345931908794698,0.17822675920620906,0.003653648192115294,0.0028165628369083216,0.6424421414517562,0.047205958598363656,0.06639376300739071,0.003958900995534945,0.002927678908551922,0.6560700794921549,first,null_a,6,0,0,4201
2,51,13,0.14526883078787514,0.16443787233623852,0.003174694193542479,0.0022558653722263775,0.5582248834344056,0.17366178125671794,0.17906448118711912,0.0034975671039129534,0.002369270954861991,0.5796177096828999,first,null_a,6,0,0,4202
3,51,13,0.12910289707722908,0.22011488485400685,0.0028849456392514078,0.002034915451272162,0.5072767154900978,0.11250774541913781,0.028515122082850182,0.0034468649493539748,0.002256924840937468,0.571215335738856,first,null_a,6,0,0,4203
4,51,13,0.11787974305665472,0.2261871160201112,0.002789071305190159,0.0019212653792225508,0.49041857555820967,0.012885848328886304,0.004698646278049462,0.0033049697413909352,0.0021583161799215416,0.5477004257997434,first,null_a,6,0,0,4204
5,51,13,0.16878023227412253,0.24827555071272486,0.002716768580470057,0.0018269550731741255,0.4777051683390306,0.12917462284550893,-0.0046119735889202824,0.0032294696756226342,0.0020073310783673246,0.5351885357054627,first,null_a,6,0,0,4205
6,51,13,0.16153778625595872,0.2750579060421305,0.002665915323431065,0.0017859059374020533,0.4687633453626339,0.10008978363408744,-0.04880524942139991,0.003187567172021346,0.0019321861340510758,0.5282444421553528,first,null_a,6,0,0,4206
7,51,13,0.1857465816293842,0.28999589025487227,0.002631196725461478,0.0017194747562972435,0.4626585730214112,-0.03678599881131526,-0.10044788110925879,0.003287379137337181,0.0021248694057897197,0.5447853064237151,first,null_a,6,0,0,4207
8,51,13,0.21546008232187813,0.3217388463264332,0.0025932551840483573,0.0016923655739250105,0.45598709185143194,0.026492494846925223,0.030514470275368258,0.003133574804137386,0.0020628073199782434,0.5192968132225881,first,null_a,6,0,0,4208
9,51,13,0.24265749687928895,0.34288899745495616,0.0025714164086056385,0.0016782532859128208,0.4521470533681478,0.0778082676816854,0.013009217838596598,0.0030548269790715405,0.0018843571992424645,0.506246703631807,first,null_a,6,0,0,4209
1,51,13,0.10449992613068229,0.13873462558243707,0.0037472398432708137,0.0028778226704619814,0.6591193592677325,-0.21463346779802475,-0.14238129612096134,0.004913618795833636,0.003408087231619116,0.7642235362996558,first,null_a,6,0,1,4211
2,51,13,0.12420565778033321,0.19572203361444596,0.0031571605825663394,0.0022750196905424393,0.5553275870567423,0.0559314103617901,0.09167743230948902,0.00405170577885833,0.0025984527030015873,0.6301687304253998,first,null_a,6,0,1,4212
3,51,13,0.17611161793899496,0.2497116724458202,0.0028678091450949376,0.0019276655875545656,0.5044322235235456,-0.023280516951403023,0.06356685962618032,0.003976452853000559,0.0023867826552777826,0.6184645141429552,first,null_a,6,0,1,4213
4,51,13,0.1930500089516107,0.2774794533512583,0.0027514943577339208,0.001832520639432505,0.48397307723846605,-0.07596201267087342,-0.06611086985442538,0.004000338806433828,0.002239566841106445,0.6221795373385152,first,null_a,6,0,1,4214
5,51,13,0.2132781786741503,0.3070377852645811,0.0026697431968418167,0.0017453965043105351,0.46959348718277216,0.04093374979450928,0.06875805482876238,0.0037712250641939622,0.002200243463444154,0.5865450850977626,first,null_a,6,0,1,4215
6,51,13,0.20818259572994166,0.3218854417923728,0.0026400435484474896,0.0017173733645376402,0.4643694785687254,-0.08691308691308691,-0.0599463534755511,0.003827689291035918,0.0021381661109164457,0.5953270628832951,first,null_a,6,0,1,4216
7,51,13,0.24422007588528297,0.3462698344979106,0.0026040230984045814,0.0016695732524032879,0.458033674898338,0.1351939200040466,0.12954626171925018,0.0035975126596218803,0.0019400230170867271,0.5595272976711599,first,null_a,6,0,1,4217
8,51,13,0.2617246748061815,0.36492383232402376,0.00258055314618838,0.001640703572623272,0.45390543637777286,0.011166049140732683,-0.018296635244749095,0.003734256471672248,0.0020446657410059855,0.5807952966662872,first,null_a,6,0,1,4218
9,51,13,0.2853162866775162,0.3738535811134842,0.002570898541319123,0.00162024345795823,0.4522072432432087,0.18264014466546108,0.11966396756808212,0.003624253780388888,0.0019146188168052021,0.5636863899260388,first,null_a,6,0,1,4219
1,51,13,0.09938136711107393,0.10972533333651509,0.00390189771164816,0.003019839180559879,0.6676668052849843,-0.11430341810088644,-0.11879294949190314,0.004929769093670324,0.00363262663020285,0.7783927510936802,first,null_a,6,0,2,4221
2,51,13,0.13209798085590574,0.18776353530509238,0.0032572436188422647,0.0023862645928679777,0.5573578811497601,-0.06351875972129135,-0.015744827331429147,0.004073399969121823,0.002840982237099686,0.6431751564877021,first,null_a,6,0,2,4222
3,51,13,0.19352299493389888,0.2263912001039527,0.0029998914284007183,0.0021251889217864368,0.5133214846260231,-0.014049241897343162,0.09833292066600596,0.003757940609537405,0.0025683439204170796,0.5933652619268298,first,null_a,6,0,2,4223
4,51,13,0.2364206041538438,0.25649585648955664,0.002866594906621701,0.0019609642602290145,0.49051266967782087,-0.17973166074431898,-0.04244729751232756,0.0038185313671354006,0.002677287120470004,0.6029323239131834,first,null_a,6,0,2,4224
5,51,13,0.192765402082143,0.2645909060078291,0.0028122971349393345,0.0018976198902700785,0.48122159583827984,-0.11827413093235878,0.055161246054179366,0.003635599890428528,0.0025301395102378375,0.5740481038392007,first,null_a,6,0,2,4225
6,51,13,0.2423490492434118,0.3015241488503283,0.00274785639113988,0.0018510490125943078,0.47019492401796803,-0.1273536589992286,0.021877400214934898,0.003644757280340844,0.002479112318328807,0.5754940226624246,first,null_a,6,0,2,4226
7,51,13,0.25541111281121254,0.3286339030901646,0.002702414184324547,0.0018116432763848867,0.4624191555863868,-0.013492836277646402,0.06497678592041928,0.003540601019073537,0.002334045997984239,0.5590481248503772,first,null_a,6,0,2,4227
8,51,13,0.29286475096157755,0.3576504442590428,0.0026644347361445644,0.0017840990181995577,0.45592036481667575,-0.10051973343112584,0.020606963914239145,0.0035707431895209227,0.002377053718116669,0.5638074647976783,first,null_a,6,0,2,4228
9,51,13,0.31467304056487877,0.37623064887279356,0.0026439489428425472,0.001738726962252987,0.45241497201079695,-0.10621024545075178,0.0737277859480614,0.003538439578714864,0.0022853537989770568,0.5587068412171797,first,null_a,6,0,2,4229
1,51,13,0.10722300282317494,0.12330852794493505,0.004095750262654911,0.003131537420769368,0.6685790633459379,0.14058093804929248,0.0024652437208791704,0.00431724773236223,0.003723686238780944,0.7638770788268245,first,null_a,6,0,3,4231
2,51,13,0.17491982667309885,0.17497954520512152,0.003506428331204961,0.0025736276578004007,0.5723797641526744,-0.06698364926213025,-0.009450684160540958,0.003723297624935633,0.0032135370374049535,0.6587858491461832,first,null_a,6,0,3,4232
3,51,13,0.20622419412033172,0.21569807450776057,0.0032467043171145104,0.0022991157280507013,0.5299831269230204,-0.11971572731066402,-0.07657286431679199,0.0033919331159794736,0.002768628880451496,0.600155497398956,first,null_a,6,0,3,4233
4,51,13,0.17825934570395977,0.23585300390438985,0.003140457509041058,0.0021749519078728074,0.5126396887566516,-0.1382288597478471,-0.08509394839917855,0.003221476362177606,0.0025578253503051986,0.5699955401223721,first,null_a,6,0,3,4234
5,51,13,0.2085209781450582,0.27447257006499615,0.0030491100373533616,0.0020808404445115465,0.4977283774843692,0.01844990452585389,-0.0005512638694481712,0.002851726443863546,0.0021190630029374363,0.5045734228366311,first,null_a,6,0,3,4235
6,51,13,0.22799509613140534,0.2781240646408252,0.0030262550722936566,0.0020425137883315478,0.4939975955390568,-0.1936165100722063,-0.05787441167998302,0.0028769235789616646,0.0022625864278384314,0.509031706249296,first,null_a,6,0,3,4236
7,51,13,0.25714959467403037,0.3025948679900601,0.002988946468029302,0.0019991549968211,0.4879074410876871,-0.03466154099065491,0.06388981970669126,0.0027230528478088194,0.002189019088909102,0.48180641552786896,first,null_a,6,0,3,4237
8,51,13,0.2869499350493524,0.337464891502594,0.002946616013031939,0.0019503424237564222,0.4809975334668061,-0.09864818725578219,-0.11347545991803752,0.0029206714500152457,0.00229978182983819,0.5167722849737457,first,null_a,6,0,3,4238
9,51,13,0.2921795862758219,0.3535918617833891,0.002929770011972197,0.0019386014204226258,0.4782476383591034,-0.003856902591079806,-0.05631064852985736,0.002808580434390278,0.0021935869743230927,0.49693933516720723,first,null_a,6,0,3,4239
1,52,12,0.1288488949252994,0.17439367451935678,0.0034964033166694957,0.0026464627339648117,0.6324621522876864,-0.10635633023692727,-0.16951317892965162,0.003268060895433465,0.0024966206961242222,0.6941374608555505,first,null_a,6,0,4,4241
2,52,12,0.16849299913569576,0.19120032989592725,0.002963611303007808,0.002117604307861345,0.5360857468325104,-0.08769439515708173,-0.14389360084627978,0.002749024403843716,0.002129689388643892,0.5838938993396335,first,null_a,6,0,4,4242
3,52,12,0.19513786887270035,0.21614869661987246,0.002730786566033946,0.0018401815666848165,0.49397022956645054,0.051163761611522814,0.024472398624690608,0.0022558667563204087,0.0017204569242455776,0.4791470148089153,first,null_a,6,0,4,4243
4,52,12,0.23601017409556735,0.25279670063143034,0.002588394123995083,0.0017174454515101573,0.46821295210019304,-0.03630101242041541,-0.05882600823305303,0.002152582992733051,0.001636231030431385,0.4572095014950379,first,null_a,6,0,4,4244
5,52,12,0.2462007161377948,0.2858961773015458,0.0025037479231748766,0.0016409093057105852,0.4529013551518414,-0.20542740841248305,-0.19584095223568967,0.0021103156937764527,0.001618717701865287,0.4482319100382961,first,null_a,6,0,4,4245
6,52,12,0.2611036424249908,0.26882638893280025,0.0025029033852247487,0.0016163318640488415,0.4527485872239882,0.0014403506940820377,-0.05978058169308484,0.0020790350176927487,0.0015102172032736521,0.44158788173976365,first,null_a,6,0,4,4246
7,52,12,0.28428813433757255,0.3144973596355922,0.002430936401483228,0.0015584864081558585,0.4397305257166642,-0.23736561945517173,-0.2521609062692271,0.0021753589529383177,0.0017413878377482862,0.4620471246885109,first,null_a,6,0,4,4247
8,52,12,0.28323452278059025,0.3067735361724211,0.002433364474767952,0.0015517005573441485,0.4401697383350276,-0.1931948648366559,-0.15369996743068512,0.002031733921205897,0.0016628900851844326,0.4315411096441319,first,null_a,6,0,4,4248
9,52,12,0.30045689591307567,0.3263611364285143,0.0024103217599646285,0.0015245671053369019,0.4360015564409137,-0.03329506314580942,-0.007307853975789308,0.0017762556949868402,0.0013678308350959772,0.3772774306841183,first,null_a,6,0,4,4249
1,51,13,0.18832809605086556,0.16036395931746256,0.003827608130002981,0.0028795763117151012,0.6551428384521393,-0.1625083776982511,-0.04491892211699604,0.0035745678463689843,0.002939441196011794,0.7115988362676559,first,null_a,7,0,0,4201
2,51,13,0.15019645779739646,0.21952364856291595,0.0032327776009905295,0.002340331073245558,0.553330179491437,0.056260195500701826,0.09759531295748858,0.002957007726042104,0.0021515892976765086,0.5886594819632421,first,null_a,7,0,0,4202
3,51,13,0.17333200692477502,0.23255486063644035,0.003025274393537474,0.0020951453440580816,0.5178134192324363,-0.08946749453078566,-0.05121528935352157,0.00280711422793319,0.002008160042006629,0.5588197801020116,first,null_a,7,0,0,4203
4,51,13,0.19644890343180213,0.26581661714617344,0.002894364883774699,0.0019607661406255156,0.4954066249908597,-0.04801527586337712,0.02798546463145906,0.0026211724632228895,0.0019179894450571412,0.5218038528436133,first,null_a,7,0,0,4204
5,51,13,0.2419633558773377,0.2960647210153525,0.0028146451412968602,0.001904305733451319,0.4817615974452723,0.18198257438763765,0.17872161131340655,0.002354830090190628,0.0016982938864108816,0.4687823602200938,first,null_a,7,0,0,4205
6,51,13,0.2392954547064143,0.3130273452521968,0.0027760589007829045,0.0018377018658281307,0.4751570814454878,0.16647909052972343,0.10839101119532525,0.0023646637365623583,0.0016605200470582798,0.4707399706544569,first,null_a,7,0,0,4206
7,51,13,0.27228036971881725,0.3465200295546216,0.002727235617701331,0.0017997913768576226,0.4668003680165743,0.24685441141137343,0.1701320850131585,0.002304789840412457,0.0016537564155714823,0.45882071309543215,first,null_a,7,0,0,4207
8,51,13,0.2740073635439353,0.3561010805586189,0.002714179081232507,0.0017656703228129459,0.464565579064307,-0.006563057195968588,0.009066963507353353,0.0024055436261389614,0.001709011121737385,0.47887804023369585,first,null_a,7,0,0,4208
9,51,13,0.280238697541461,0.36567232003384387,0.0027036613929026926,0.0017669273047805853,0.4627653456150317,0.0882282274687338,0.06573545951616416,0.002328624717864266,0.001629689296894229,0.4635655862622733,first,null_a,7,0,0,4209
1,51,13,0.10602635281731977,0.1558742190150137,0.0036209115082837143,0.0027698403160703335,0.648951634220287,0.0014036596315077329,-0.08512607933103836,0.0034096215497085272,0.0025559981091788793,0.6692295639788394,first,null_a,7,0,1,4211
2,51,13,0.15142036615793739,0.21576497602808528,0.002984499038719689,0.0021483444097739,0.5348917044990268,0.023533428596719738,0.11585458337355546,0.002753831122174554,0.0021663293971685565,0.5405131256639845,first,null_a,7,0,1,4212
3,51,13,0.17628785020191767,0.22749609377029273,0.002768306565180849,0.0019127056091442043,0.4961449804522806,0.09199661098395276,0.09404802345357659,0.0025958811855649874,0.0019837475381855054,0.5095112195384375,first,null_a,7,0,1,4213
4,51,13,0.22852642816896487,0.2675398868296068,0.002632868697019017,0.0018069949985815906,0.4718713615919862,0.04401927186737313,0.08362162912567375,0.0023638705017751194,0.0018066541784994923,0.4639729078849348,first,null_a,7,0,1,4214
5,51,13,0.22754558033366526,0.2903323744596594,0.0025611173939333247,0.0017181077527585779,0.45901185776584447,0.014985014985014986,-0.002217659139417013,0.0023175916439036244,0.0016299837537909556,0.45488944233802486,first,null_a,7,0,1,4215
6,51,13,0.23130933324417408,0.2898447414828729,0.00254571590701115,0.0017045926528730612,0.45625155277504253,-0.039441571087140706,-0.015144766849978451,0.0022579814379061537,0.0016782251034166513,0.44318934260942405,first,null_a,7,0,1,4216
7,51,13,0.23201545639297352,0.31028631817836994,0.002508730428700635,0.0016691595320666864,0.44962289406932227,-0.02702360930209031,0.0429425105541407,0.0021240987015524754,0.0015438318069599555,0.41691126923147825,first,null_a,7,0,1,4217
8,51,13,0.26147317324965536,0.34192315595252676,0.0024649139416873423,0.001634579721485946,0.44176995958362253,-0.01700830814754865,0.01675474933179674,0.0021270875985831906,0.0015691362256260357,0.41749792033849453,first,null_a,7,0,1,4218
9,51,13,0.2712994395319929,0.3484698724811651,0.002455620125233651,0.001616142669208078,0.4401042913224765,0.0858761491672884,0.09044546048443917,0.0020137590626207185,0.0014079636385596072,0.3952541593806226,first,null_a,7,0,1,4219
1,51,13,0.052949518680043405,0.1268971833615157,0.004039070648135139,0.0030551515947028966,0.672403218446582,-0.01599666156628182,-0.0521376670250079,0.004566532337721167,0.003649745412133125,0.7379121759556868,first,null_a,7,0,2,4221
2,51,13,0.1715355084127847,0.2305238723107492,0.0033731914494422783,0.0024106803496920987,0.5615511548649671,0.03542027592660504,-0.09543501989464559,0.003897251902356933,0.0029252331117048253,0.6297622394481426,first,null_a,7,0,2,4222
3,51,13,0.23360278203214901,0.2752714080035832,0.003120347605110534,0.002130240602530226,0.5194590427174445,-0.06619962316164847,-0.16523907905911508,0.003763980405915517,0.0027629115681490866,0.6082267169424524,first,null_a,7,0,2,4223
4,51,13,0.22150106076999002,0.28836756334811753,0.0030301124059061396,0.002035107222336516,0.5044371617829734,-0.20519986342771152,-0.21457931904630886,0.003601807791620243,0.002684359550219612,0.5820210234654702,first,null_a,7,0,2,4224
5,51,13,0.2533508423655113,0.3129542197090181,0.0029676189053638815,0.0019368107955730588,0.49403357279994603,-0.0518595328721911,-0.03821358737145614,0.003344417382423262,0.002510936046077781,0.5404289569094606,first,null_a,7,0,2,4225
6,51,13,0.2936329259842613,0.3497285170959838,0.0029076347913181183,0.0018899765658236865,0.484047733270583,-0.06743889022370035,-0.19847094553923084,0.003449154079301319,0.002476858216920892,0.5573535023150159,first,null_a,7,0,2,4226
7,51,13,0.2864388203111142,0.369603789539775,0.0028810560893436496,0.0018704091372623846,0.4796230508852881,-0.09541091819572832,-0.24694155325934464,0.003436021055304776,0.0024426253199486465,0.5552313190920666,first,null_a,7,0,2,4227
8,51,13,0.32550164843047047,0.37339174250772583,0.0028781927546335123,0.0018200697192990109,0.47914637799632165,-0.04169248473045941,-0.1489287916593864,0.0033352705697518668,0.0023549191739605005,0.5389509110001708,first,null_a,7,0,2,4228
9,51,13,0.319579009123396,0.40060303741312736,0.002851578510758694,0.0018224314939620323,0.47471577878256127,-0.13296829752525952,-0.26342962703624845,0.003449192197253897,0.0024508720510973605,0.5573596618468553,first,null_a,7,0,2,4229
1,51,13,0.18780985790573812,0.206466038032332,0.0035591844488651533,0.0028291854309495158,0.6246093255859987,-0.1264684682406201,-0.09138044552251962,0.005286899127419561,0.004313839721443164,0.8113669376605716,first,null_a,7,0,3,4231
2,51,13,0.1564511796279457,0.2052407137202781,0.003060270580336114,0.002281171021626003,0.5370538028462917,-0.0601044525095158,-0.009320668501080716,0.004127342362001629,0.0029062548958924093,0.6334127155114636,first,null_a,7,0,3,4232
3,51,13,0.1677910257590628,0.20473032793793278,0.0028604078744314644,0.002034062522320124,0.5019794447346462,-0.11769243414813034,-0.078325926744513,0.004173733239991802,0.0029406613005090033,0.6405322053490999,first,null_a,7,0,3,4233
4,51,13,0.1836033008467548,0.21839311188821436,0.0027494543257994227,0.0018802347247670885,0.4825079556398536,-0.23453761428444972,-0.19849659765482666,0.003964697150043394,0.0025737483311239697,0.6084519692647091,first,null_a,7,0,3,4234
5,51,13,0.1814106091492873,0.2540520114250663,0.0026432391034231966,0.001776111628439765,0.46386800613216933,0.15982751425789402,0.1416206175886769,0.0035899107662057234,0.0023788610314528272,0.5509344579215959,first,null_a,7,0,3,4235
6,51,13,0.198260801678917,0.2992354025546283,0.002564881156200324,0.001728867466849523,0.4501167928212697,0.03703891045663198,0.03039563482784983,0.003618275075068065,0.0023967650664956457,0.5552874561282647,first,null_a,7,0,3,4236
7,51,13,0.2269715902062955,0.3234098465727484,0.002521583132988568,0.0016691575074822662,0.442518324839054,0.12452104857168148,0.14023944547712555,0.0035267744673470594,0.002395880294140768,0.541245091011889,first,null_a,7,0,3,4237
8,51,13,0.23245784878382444,0.33046149823865945,0.0025102329689900807,0.0016572529586497216,0.44052645889834774,0.1139240506329114,0.09815046573374671,0.0035031790762910723,0.0024007828000102063,0.537623966469393,first,null_a,7,0,3,4238
9,51,13,0.24061118501702944,0.3656465146334344,0.002468904824276321,0.0016253148983452483,0.4332736893472747,0.044929753790513276,0.06719029435251653,0.003548255163098546,0.002383213131894091,0.5445416786544093,first,null_a,7,0,3,4239
1,52,12,0.04365694530188913,0.10779452344974638,0.004011308294232245,0.0030050982793807255,0.6785191551063838,0.22738753783529908,0.23323295473293873,0.0035739960285260906,0.002764945481374596,0.6022204325889778,first,null_a,7,0,4,4241
2,52,12,0.18091216199530807,0.21418821728248444,0.003345310474595533,0.0023432312964226055,0.5658645684388969,-0.09003235570399751,-0.05876879155289516,0.0035423068114470053,0.002513803754006522,0.5968807808754748,first,null_a,7,0,4,4242
3,52,12,0.22843205333991853,0.24056241036008436,0.003111737260612369,0.0021043130247294438,0.526355289125906,-0.29268343596701807,-0.24552331696828572,0.0035665250238240544,0.002526587803991175,0.600961563903164,first,null_a,7,0,4,4243
4,52,12,0.22342758365230275,0.2691730781037822,0.0029866944580348655,0.0019739545197349825,0.505204100901601,-0.019267299864314795,-0.03973049189078543,0.003299315144998247,0.0022874902599522265,0.5559365421812208,first,null_a,7,0,4,4244
5,52,12,0.22843694283244848,0.2869811479292987,0.002933690732739483,0.001896949965441312,0.4962384367673768,-0.12151132449639913,-0.04993684790160632,0.0030872593577274204,0.002141094918398863,0.5202050173211055,first,null_a,7,0,4,4245
6,52,12,0.2372541301395234,0.3276087961129858,0.0028650063491037895,0.0018244807903286398,0.48462036442412076,0.0008558605573530947,-0.06156287241363814,0.0030689615224854744,0.002012207089810423,0.5171218213223144,first,null_a,7,0,4,4246
7,52,12,0.24328904803062107,0.3421586222670473,0.002843992985699062,0.0017995318623908042,0.48106592070215093,-0.1114497442855652,-0.1739883957698618,0.0031581850299690264,0.002020654230733546,0.5321560348035224,first,null_a,7,0,4,4247
8,52,12,0.28246193357204596,0.3676689221928806,0.002813343060559416,0.0017892037943620781,0.4758814372906591,0.08293497547228892,-0.070524355150785,0.003015102123239936,0.0018060569243125058,0.5080464808760055,first,null_a,7,0,4,4248
9,52,12,0.29021469317199655,0.376407644110326,0.0028051038882004053,0.0017557999931193003,0.4744877682286601,0.07658908255923182,-0.09782078055959571,0.003001569982312731,0.0017796595628810827,0.5057663071718401,first,null_a,7,0,4,4249
1,51,13,0.10063541612966609,0.14369636378024767,0.0037576769978754413,0.0029174649234090582,0.652562318596551,0.14586679143641168,0.19621870744751152,0.004158874663883002,0.003253189522413143,0.6539193483176567,first,null_a,8,0,0,4201
2,51,13,0.09998681552089068,0.1511034762229993,0.0032552324560938643,0.00240510655203219,0.5653072470891952,-0.04432276584175318,-0.012517939783785209,0.0040672256132240365,0.002840744449127739,0.6395089386937977,first,null_a,8,0,0,4202
3,51,13,0.19074746032015308,0.2199422588387313,0.002947633341335472,0.002106419980866702,0.5118892466494361,-0.01683126999582696,0.002239672649109412,0.0037988916837825583,0.002640584594450176,0.5973175377853467,first,null_a,8,0,0,4203
4,51,13,0.23051785273999165,0.24615547881807232,0.0028168820993817196,0.0019511309599518731,0.48918284222538355,0.09543620936025998,0.055714070128382094,0.0036685252819004996,0.002475419938063105,0.5768194176324206,first,null_a,8,0,0,4204
5,51,13,0.23995517277102835,0.2546205415033238,0.0027583741694830865,0.0018635319664069225,0.47902229079626313,0.24283311625083773,0.12778214443713806,0.0035329713311787196,0.0022523565844439473,0.5555056348710261,first,null_a,8,0,0,4205
6,51,13,0.22685032758613016,0.27176194762615946,0.0027177103649820423,0.0018456886468947477,0.4719605698013077,0.06776767536261206,0.13542422964469183,0.0034624307637474245,0.002311602331519985,0.5444142109612797,first,null_a,8,0,0,4206
7,51,13,0.2632626718820436,0.30879345719356466,0.002659773266683872,0.0017961187305136274,0.461899149615489,-0.03291645063796963,-0.04700923388819349,0.0036147002211796117,0.002349509555957118,0.568356251157262,first,null_a,8,0,0,4207
8,51,13,0.27877514624395516,0.33085272434236346,0.0026293155050463586,0.0017736507955314691,0.4566098212446167,-0.0038316114265481353,-0.01612555942865022,0.003586981027687369,0.0023793296343220032,0.5639978324961392,first,null_a,8,0,0,4208
9,51,13,0.3065955912617126,0.3433576696935532,0.0026138992489271027,0.0017469338585436184,0.4539326172584977,0.17533099811580824,0.0827388706027595,0.0034403891793595314,0.0021650906635504634,0.5409485093800346,first,null_a,8,0,0,4209
1,51,13,0.11721038986364728,0.13577658321036365,0.0034849857264055983,0.0027312430119742193,0.63808734111923,0.07525386006398664,0.030241749528240963,0.005777163498177023,0.003990182957640917,0.7726005743915549,first,null_a,8,0,1,4211
2,51,13,0.17574877712103348,0.2116231408501958,0.00285094664054867,0.0021479990280977735,0.5219972488715958,-0.016881852324890298,0.013039455255939206,0.005089062433002455,0.003319391598304925,0.6805783772768175,first,null_a,8,0,1,4212
3,51,13,0.19041731305750947,0.21551114364943197,0.0026365412339079907,0.0018762490166994294,0.4827404522631221,-0.07821292631419213,-0.09949576589236983,0.005092149108384569,0.003138886198911235,0.6809911693284765,first,null_a,8,0,1,4213
4,51,13,0.252287478302432,0.292015267641658,0.0024251740084648824,0.001714263696929708,0.44403993482317067,-0.06895636009560059,-0.086337470122477,0.0049605185695352355,0.0030662663263847437,0.6633877502882232,first,null_a,8,0,1,4214
5,51,13,0.30310594540126845,0.31768070123584635,0.002351856476855253,0.0015908770101515479,0.43061577975483256,-0.10031740411487247,-0.06396616344482947,0.004840387522166734,0.0029773395488141693,0.6473221990486833,first,null_a,8,0,1,4215
6,51,13,0.2804534291421952,0.32108740612758374,0.0023237256053888667,0.0015583516925495838,0.4254651265279493,-0.050620265810139224,-0.001758540465310393,0.004760436591374811,0.0029524165361138046,0.6366300773747042,first,null_a,8,0,1,4216
7,51,13,0.29962515232973286,0.35383281292056135,0.002274485576745703,0.0015372324582870205,0.41644946866872556,-0.006436601373310233,-0.015326328399292205,0.004678327780662417,0.00283296097225878,0.6256493747619045,first,null_a,8,0,1,4217
8,51,13,0.30068555173792183,0.3579476010888479,0.002263374857487481,0.0015034124604160607,0.4144151391575074,-0.04242592850187787,-0.05500952098280366,0.004715672268349631,0.0027920212797951306,0.6306435856140995,first,null_a,8,0,1,4218
9,51,13,0.348889810859959,0.3994485399455158,0.0022154849627758553,0.0014916457722417538,0.4056466855734698,0.01336638045498805,0.03593897107020551,0.004613821909884876,0.0027479506453448412,0.6170227757691494,first,null_a,8,0,1,4219
1,51,13,0.1054233749532449,0.13511844343258594,0.003833462576025072,0.0028753898354311556,0.658928373313336,-0.08524387005399663,-0.11575110209283015,0.004871923153561498,0.0036559693749908693,0.789559165702147,first,null_a,8,0,2,4221
2,51,13,0.2153132907290465,0.2478556049495188,0.0031368777189286117,0.0022701242419647244,0.5391934032546974,-0.16766777526271195,-0.11224134550954702,0.004269406039012821,0.0030170756499447236,0.6919133500171124,first,null_a,8,0,2,4222
3,51,13,0.2371413858740453,0.24870473168497698,0.0029424716105298575,0.002012737938760043,0.5057772166534462,-0.11134435185068095,-0.05387664809856435,0.003809465734753273,0.0024286688006533745,0.6173739799454625,first,null_a,8,0,2,4223
4,51,13,0.2536878248047074,0.2820406839627835,0.0028152137199451213,0.001887493173768419,0.4839030407168613,-0.1429835986798012,-0.2507354986991034,0.0038904110565329605,0.002315312997564649,0.630492232987927,first,null_a,8,0,2,4224
5,51,13,0.2717288203819364,0.30225499701577463,0.002752141747727212,0.0018096405608493205,0.473061690049939,-0.21645443164430506,-0.2392768252650223,0.0038105700455732627,0.0022686208630495444,0.6175529480248481,first,null_a,8,0,2,4225
6,51,13,0.319336772113402,0.33885093995547044,0.002685505879602522,0.0017291406472817023,0.46160774643709884,-0.14649907054970346,-0.033383354023968595,0.003510643493037696,0.0022794219840122894,0.5689459090532277,first,null_a,8,0,2,4226
7,51,13,0.30428834859334536,0.3475315282346281,0.0026677760325133477,0.0017101283828298722,0.45856018849962776,-0.1473336789792486,-0.1462766452113561,0.003609465490831325,0.002188981577636501,0.5849613123491352,first,null_a,8,0,2,4227
8,51,13,0.3607515186032917,0.40431839549650767,0.0026015626788727896,0.0016537432617919569,0.44717887029429043,-0.1158208879727867,-0.047437405302256666,0.0034493825348928028,0.0021155474163010723,0.5590177657967732,first,null_a,8,0,2,4228
9,51,13,0.3708439450135575,0.41902513092725835,0.002587217749162791,0.0016246287639955202,0.44471314094082826,-0.2954134473121815,-0.16562684509905146,0.003520772738669542,0.0022112203360209995,0.5705874864094769,first,null_a,8,0,2,4229
1,51,13,0.10088914117735998,0.12467524386008613,0.0035382433615957698,0.0026993113595792603,0.6453380035230298,0.0356226052428584,0.04619648259219562,0.0031565664056622204,0.0024555169933537934,0.6551962744858798,first,null_a,8,0,3,4231
2,51,13,0.1642917859459876,0.236735893224651,0.0028404374526367136,0.0020592915230845826,0.5180656182987662,0.11222954260928943,0.11096723326173277,0.002622126245703521,0.0019464120519769796,0.5442645985000815,first,null_a,8,0,3,4232
3,51,13,0.16453690525934717,0.22551033440549376,0.002659131569788656,0.0018385459570002304,0.4849973512219146,-0.07930044638905397,-0.10589928099852029,0.0025771556209588597,0.0016846384109530398,0.5349302199357175,first,null_a,8,0,3,4233
4,51,13,0.22284775525390374,0.276118052637916,0.0025058843166947268,0.0017082905594590129,0.45704668015433103,-0.13585149028187005,-0.06385820534304502,0.002527828068292244,0.0017422460264782985,0.5246914907017315,first,null_a,8,0,3,4234
5,51,13,0.17706862500788512,0.27359338113010245,0.002462756979133978,0.0016453295132037526,0.4491807119112181,-0.09639727361246347,0.008334523171872561,0.002311344680125184,0.0015753544450799318,0.4797568715026204,first,null_a,8,0,3,4235
6,51,13,0.2082564238718623,0.3018244401943879,0.002413104073648085,0.0016233889110005366,0.4401245493975881,-0.10828412094234877,-0.09405679416166038,0.0023240969657909263,0.0015542465887269704,0.4824038140932741,first,null_a,8,0,3,4236
7,51,13,0.2702903862994733,0.33809494355262415,0.0023608522641750977,0.0015589585356069514,0.43059437440404125,-0.16425346805093638,-0.1000747047398538,0.002331222049591989,0.0016542074573085818,0.4838827401673405,first,null_a,8,0,3,4237
8,51,13,0.28421639971321905,0.361271547646676,0.0023346479947322987,0.001521454712091911,0.4258149940172809,-0.02889515547743396,0.016434938305547965,0.0021691433240054333,0.0014425839194893227,0.4502406862611588,first,null_a,8,0,3,4238
9,51,13,0.28536689168946294,0.3772341921971689,0.00231946604703364,0.0015171244804958856,0.42304596803003947,-0.036153719698023494,-0.009782250957979886,0.0021321790715333098,0.0014446124273540175,0.4425681594087387,first,null_a,8,0,3,4239
1,52,12,0.0892538338066428,0.1740710238000998,0.0037750057053986845,0.002921627867204063,0.644726593845151,0.1567894791775389,0.19938213384542802,0.004320867449078432,0.003358333649398461,0.6606228000627727,first,null_a,8,0,4,4241
2,52,12,0.23374303000370417,0.2196321029891834,0.0032208965638366766,0.002300915658841808,0.550091266818538,0.21845318860244234,0.15307243935614454,0.003920438541710295,0.0026777997596348535,0.5994007262247902,first,null_a,8,0,4,4242
3,52,12,0.17596009383874553,0.2523124191468248,0.0029637468366416364,0.0021002790065819898,0.5061731165795682,0.11871412169919633,-0.060142997980771634,0.004000656204044017,0.0024758824320473415,0.6116653044211651,first,null_a,8,0,4,4243
4,52,12,0.18988082479318436,0.2667491709768629,0.00285611727731496,0.0019592488361941454,0.48779125318728117,0.06001461225341824,0.06980615996912155,0.003725221609703535,0.002576810902876188,0.5695537666126698,first,null_a,8,0,4,4244
5,52,12,0.25714646252623785,0.3049520035629132,0.0027598865252479133,0.0018638613946041444,0.4713561720655185,0.21273353512159485,0.11989671636772982,0.0035620910927498164,0.0023374327625203003,0.5446125389180692,first,null_a,8,0,4,4245
6,52,12,0.29899474009136934,0.3492757204531281,0.00268127250466716,0.0017765694456309163,0.45792982157152656,0.13424485961799396,0.12070370951795173,0.00358925669962555,0.002387123367239347,0.5487659223511757,first,null_a,8,0,4,4246
7,52,12,0.2616683047289789,0.34015839818580523,0.0026861921992716573,0.0017527928031608813,0.45877004757186884,0.22667779981212824,0.09649136789319646,0.003631746061896218,0.002344175531720278,0.5552621738115432,first,null_a,8,0,4,4247
8,52,12,0.3249337449067786,0.37467620841718074,0.0026416705431699257,0.0017179879421503996,0.4511662721259763,0.15240580315207183,0.1064128183077996,0.003556481873903337,0.0024418069144908354,0.5437549384699655,first,null_a,8,0,4,4248
9,52,12,0.3041471292752192,0.38990897898040583,0.00262418036669362,0.0017281767586934799,0.4481791556060748,0.19724454649827786,0.21327725963900282,0.0034267090455834905,0.0023492367458321597,0.5239138092923029,first,null_a,8,0,4,4249
1,51,13,0.15119451710136464,0.1771881040678802,0.0037685597200492194,0.0029016783774092657,0.645855597597252,-0.1444504862226381,-0.05367216115152249,0.004576925504440568,0.0034784545107667928,0.777213490757786,first,null_a,9,0,0,4201
2,51,13,0.13741949520821184,0.20048465504502125,0.0032371537603541264,0.0023932747673265056,0.5547832678051338,-0.08463688210523652,-0.17405479289706888,0.0039584788492135125,0.002636265629755801,0.672194284460862,first,null_a,9,0,0,4202
3,51,13,0.16393948612319162,0.2275233879651869,0.0029915966834801245,0.0021072449984853403,0.5126997068667333,-0.03466154099065491,-0.09530035567535773,0.003607409861409093,0.0023915367627322256,0.6125788169939896,first,null_a,9,0,0,4203
4,51,13,0.2242375607610137,0.2805363644560939,0.002823257151229814,0.0019504082086815666,0.48384968529951594,-0.1310967513499159,-0.11371384058807404,0.0034908690322940777,0.0023088587442765688,0.5927888718606443,first,null_a,9,0,0,4204
5,51,13,0.24990027230355163,0.2812339701374279,0.002779042450255112,0.0018691269886968174,0.4762721718084396,-0.12254833773821114,-0.07662059914488932,0.003458208149632533,0.002296453032769663,0.5872426861951836,first,null_a,9,0,0,4205
6,51,13,0.2781563568871321,0.31734735413065485,0.002719144421619403,0.0018197852259064465,0.46600685031874656,-0.06230478382377116,-0.1018651429845508,0.0033734562632471215,0.00206991223238617,0.5728508615080645,first,null_a,9,0,0,4206
7,51,13,0.3004771200288296,0.34024068894196585,0.0026839697298958296,0.0017896382618352554,0.45997861321199024,0.01784291657709379,0.09912064831834796,0.0030512737295323405,0.0019692869333159104,0.5181406392318425,first,null_a,9,0,0,4207
8,51,13,0.2968886523387091,0.3747372664832176,0.0026412435424867137,0.0017432025160638764,0.4526562011097332,-0.16440521503812644,-0.1266187012502279,0.0033232859991954872,0.002127773478011966,0.564331385711926,first,null_a,9,0,0,4208
9,51,13,0.33925138840553115,0.4070799352605514,0.0026079363148188866,0.0017119802381561227,0.44694800990998457,0.06662957295868688,0.10254549716323598,0.003040314446171244,0.0019390399376991562,0.5162796295062052,first,null_a,9,0,0,4209
1,51,13,0.12775171443521757,0.12695697630273312,0.0037795219387102654,0.0028615984426417123,0.6616185827420492,0.0926541812617762,-0.04992467915691708,0.004087845004091525,0.00282870183920639,0.7097667869105765,first,null_a,9,0,1,4211
2,51,13,0.18509872218433132,0.22061364653011434,0.0031216824824013612,0.002255349890379244,0.5464614766813235,-0.07237066730737617,-0.05372568037501164,0.0037556359873612217,0.002688999087630368,0.6520858019046905,first,null_a,9,0,1,4212
3,51,13,0.13871809640168306,0.22522100507137982,0.0029357236905002207,0.0020610734231640685,0.5139087373822256,0.051910115201254436,0.004121197589907389,0.003309517935230303,0.0021755308640739024,0.5746269510610694,first,null_a,9,0,1,4213
4,51,13,0.11111987697341016,0.23684289874382264,0.002828331394017164,0.001956355593430382,0.49510933890042186,0.06000328785138911,0.07815342530000728,0.0031019739458610783,0.001945379181146349,0.5385913796708242,first,null_a,9,0,1,4214
5,51,13,0.1575801366804726,0.26949547469054036,0.0027465092701487743,0.0018579846623847528,0.4807860888945702,0.1653662792903299,0.09068137993581381,0.002997453878070358,0.0017521201602936508,0.5204437070929149,first,null_a,9,0,1,4215
6,51,13,0.19481945498772715,0.30610569856068337,0.0026793480392525,0.0017862328866343762,0.46902927966806585,0.09136433187066098,0.04996552120884759,0.0030207908446139805,0.0018218654344838215,0.5244956718184188,first,null_a,9,0,1,4216
7,51,13,0.21663816205890668,0.33285310872216733,0.0026402836436992417,0.0017463388296065372,0.4621909200975321,-0.04045321766840754,0.07306448999005148,0.002981063129584913,0.0018886399000062055,0.5175978044532772,first,null_a,9,0,1,4217
8,51,13,0.23832691842406192,0.345780412694239,0.002622428517183021,0.001734485135768314,0.459065317523474,-0.10785417114531037,-0.10971348964643773,0.003142714627107949,0.0019054046876593848,0.5456651269377085,first,null_a,9,0,1,4218
9,51,13,0.24861118271118676,0.37436100933012195,0.0025919259456827493,0.0017067585074368023,0.45372573530824695,-0.07439396046990983,-0.05455898879153552,0.0030645898672822065,0.0018954917089241269,0.5321004346110235,first,null_a,9,0,1,4219
1,51,13,0.06044503093370323,0.08192796842674704,0.003877713290682055,0.0028899246214202953,0.6730536696733912,-0.20064745381201074,-0.10929063362090355,0.003332955956281468,0.002765088606164049,0.6807747818255354,first,null_a,9,0,2,4221
2,51,13,0.18413693872700682,0.16982713087261098,0.0032192049474660815,0.0022763312286947913,0.5587565508077261,0.05545087823568835,0.028963205490990948,0.002599435006313658,0.0020581410670811903,0.5309490501840267,first,null_a,9,0,2,4222
3,51,13,0.20873336272733753,0.2170156611726744,0.002946101275729744,0.002052767160174194,0.5113540187780597,0.16291303633075785,0.12744432902096697,0.0023417732167811582,0.001848721227070022,0.47832019734149867,first,null_a,9,0,2,4223
4,51,13,0.2115245441307821,0.23100624356364802,0.0028368666421538413,0.0019234000544890136,0.4923941923359254,0.05977566737060408,0.12384865783472691,0.0020741603855867,0.0016345239802869303,0.42365878892211434,first,null_a,9,0,2,4224
5,51,13,0.2428183705828495,0.2710705477633698,0.0027374278690361635,0.0018256190930208908,0.4751346308011682,0.1594734379544506,0.1256401836718234,0.002091419310919326,0.0015658167261272035,0.42718402036290726,first,null_a,9,0,2,4225
6,51,13,0.24840588036003422,0.2883146621055055,0.002697174758564872,0.0017928971475233112,0.46814790906916876,0.20917057625918387,0.23038415742090104,0.0018522686682406581,0.001387158076911245,0.37833617216792276,first,null_a,9,0,2,4226
7,51,13,0.28213805310783946,0.3015528485203867,0.0026706753500056893,0.00174284130839293,0.46354841373830197,0.12988277545239568,0.09216715583463468,0.001991531773813854,0.0015052006116382324,0.4067814356387049,first,null_a,9,0,2,4227
8,51,13,0.28702380436703545,0.3290456898809796,0.0026352945045795165,0.0017230251864094927,0.4574073697607974,0.20310069677158285,0.1562529085921926,0.0019024460824057586,0.0014140967094714112,0.38858518794517505,first,null_a,9,0,2,4228
9,51,13,0.29540677782695074,0.35133144992129456,0.0026108386374411752,0.001679365556469089,0.4531625713735472,0.024949733810493303,-0.016372146135517247,0.001996459257549303,0.0014490684458075118,0.40778790158333494,first,null_a,9,0,2,4229
1,51,13,0.19632615848419172,0.16650767862849758,0.003707648756336901,0.002795099631108316,0.6454905130624804,-0.15648908053971342,-0.1692312561769302,0.004428662393501873,0.003163724206778838,0.7474421659987688,first,null_a,9,0,3,4231
2,51,13,0.1287370092528526,0.1611396386202209,0.003223574405642664,0.002337693859015675,0.5612146224576969,-0.10853703258766549,-0.19829644329609938,0.003871356121032473,0.0026959842942883955,0.6533834705266475,first,null_a,9,0,3,4232
3,51,13,0.17052073174929624,0.19331055019568968,0.002963771549093336,0.0020723920816057553,0.5159837254147934,-0.13076796621100417,-0.14937077259614082,0.0034877741774316296,0.0022875527898801673,0.5886448895989814,first,null_a,9,0,3,4233
4,51,13,0.16571164975962413,0.22831274526850615,0.0028228842628129623,0.0019342890782008538,0.49145567200906903,-0.06265886012721454,-0.06579500089037478,0.0033380897294942417,0.002170726695918714,0.5633820770290254,first,null_a,9,0,3,4234
5,51,13,0.2191379014163309,0.2786180405126797,0.002701269118555868,0.0018445327099165306,0.4702828406483558,-0.09333704270413129,-0.13746718948677322,0.0033201619147575443,0.0021014134040778245,0.5603563316712208,first,null_a,9,0,3,4235
6,51,13,0.2188955820548122,0.2909124439294098,0.002666561425085709,0.0018006419577118683,0.46424033545500987,-0.06928514523451232,-0.18394300642044809,0.0033633319002370097,0.0021017974284492902,0.5676422940196384,first,null_a,9,0,3,4236
7,51,13,0.28292973949083366,0.32819416668243195,0.002613816909830066,0.0017453089314954002,0.4550576737599378,-0.02340697277406138,-0.10726765612400428,0.0032557109620767128,0.0020586090718045557,0.5494786996929673,first,null_a,9,0,3,4237
8,51,13,0.2707814896172021,0.3278201515498841,0.002609657073269297,0.0017131946563614133,0.4543334587082078,-0.0388345831383806,-0.13554634544741284,0.003215634988164576,0.002050101626856524,0.5427149254234837,first,null_a,9,0,3,4238
9,51,13,0.27480613215805627,0.3620772862067436,0.002572427816452094,0.00170537119735226,0.447851956909312,0.04037734417481253,-0.012854785544410292,0.0030634335164931984,0.0019002772803329748,0.5170273052018167,first,null_a,9,0,3,4239
1,52,12,0.10423928880108657,0.11440015489653452,0.004096415765535541,0.0031352523887901475,0.6697534238067129,-0.04377413631144975,-0.1374118323339462,0.005045458750051145,0.004084694160946558,0.8613032003302207,first,null_a,9,0,4,4241
2,52,12,0.11051166810717374,0.1385118163819436,0.003595134439166264,0.002659647596179249,0.5877952184285287,-0.11474793862853565,-0.03254389467546473,0.003919756456941094,0.0030980684160002033,0.6691361376890037,first,null_a,9,0,4,4242
3,52,12,0.14414969749351775,0.19800044090086616,0.003283252051114553,0.0023117934220797296,0.536803251504649,-0.1288174512055109,-0.10100159131014268,0.0038002640583221664,0.002761494052620275,0.6487377575923329,first,null_a,9,0,4,4243
4,52,12,0.17770060501296456,0.23853802539305777,0.0031452842532947154,0.0021432233418793908,0.5142458720163812,-0.08364471349545978,0.03143428606715402,0.0033861659528591614,0.0025113954057363846,0.578047649684434,first,null_a,9,0,4,4244
5,52,12,0.2180702308927028,0.24205384156462512,0.003107900937783443,0.002054380079555667,0.5081337962433187,-0.07032668823713602,0.014574212703880964,0.0033653139386248723,0.002456377593885959,0.5744880315242138,first,null_a,9,0,4,4245
6,52,12,0.2533854056056304,0.28363188547388185,0.0030294900460093254,0.001980647974719946,0.49531381745325376,-0.0551299446821835,0.007325873135044084,0.003342696179321195,0.0023934516193567733,0.5706269854949784,first,null_a,9,0,4,4246
7,52,12,0.23960064205457465,0.28275866621776014,0.003023812069044453,0.001963690998227093,0.49438548284803296,-0.2073896253000731,-0.0911167487860461,0.0033548506413050073,0.002404996246710704,0.5727018566857979,first,null_a,9,0,4,4247
8,52,12,0.2465119150512409,0.2961712031486633,0.0030026678793455674,0.0019412121406227694,0.4909284623073955,-0.17816511846362598,0.07310774380966846,0.0032095006821568055,0.0023636405091995803,0.5478893686279094,first,null_a,9,0,4,4248
9,52,12,0.2737083590566737,0.33692417553046783,0.0029567324173505848,0.001921840683339976,0.4834181326176891,0.036092265943012215,0.052269066633470085,0.003159605410696454,0.002232368879051663,0.5393718166828637,first,null_a,9,0,4,4249
1,51,13,0.07850340268265031,0.1627563728786851,0.0037117027419895617,0.002783331785972782,0.6489263763854942,0.06764121953995372,-0.004329666291193495,0.004142066877238264,0.003277957507029281,0.7598449394983259,first,null_a,10,0,0,4201
2,51,13,0.1283672509068138,0.22186011251265603,0.0031488152709272625,0.0022304400067223494,0.5505153364126494,-0.026517786011456896,-0.01585098375325571,0.0031320822253109886,0.0022189500258863256,0.5745674561831349,first,null_a,10,0,0,4202
3,51,13,0.1700911450205409,0.24241574489631562,0.002930981723168683,0.0019727966974131877,0.5124309464093701,-0.06814704283058713,0.059790466760203914,0.002928848307140552,0.0021724537941406824,0.5372850392562533,first,null_a,10,0,0,4203
4,51,13,0.19126466907122133,0.2604920076799135,0.002827338880482445,0.0018711185562548592,0.49431080613471523,-0.007245918638323701,0.1357228473299345,0.0027014654067408377,0.0019026849784911455,0.4955725919882909,first,null_a,10,0,0,4204
5,51,13,0.23648735006463767,0.3156650279482884,0.00271685409447689,0.001781432156232454,0.4749944716079151,0.01159599893777109,0.12180281892582771,0.002590249304027529,0.0017901484076789636,0.47517046055438733,first,null_a,10,0,0,4205
6,51,13,0.2260606588154919,0.31149959851203,0.0027058342031094614,0.001725302420440824,0.47306783613349285,-0.07532973355758166,-0.0690730895848835,0.0026975216714880982,0.0016819141879151826,0.4948491301603367,first,null_a,10,0,0,4206
7,51,13,0.23559070666337478,0.33537971341051054,0.002668706475410282,0.0017095246998110154,0.46657670161275233,0.02102960330808432,0.10173898378630668,0.0025476402425701093,0.001752086294777941,0.4673540054645119,first,null_a,10,0,0,4207
8,51,13,0.24060739684689186,0.35077206141655026,0.0026487718948318543,0.0016873426354867959,0.46309148848046633,-0.012177695721999518,0.05852541216634966,0.002569575271231647,0.0016976589413119768,0.47137789523263973,first,null_a,10,0,0,4208
9,51,13,0.2544175828411045,0.36579563173707297,0.002632273042191846,0.0016623792859180296,0.4602069523517838,-0.10732305669014529,-0.09634642727862396,0.002654577971103549,0.001666129940885247,0.4869712869512265,first,null_a,10,0,0,4209
1,51,13,0.11628743515023307,0.17628332877233102,0.0037556150019798845,0.0028549610543977537,0.6464919444322629,0.08977098850516571,0.004335122467312777,0.003792975212123749,0.002825062402265184,0.6934925785482051,first,null_a,10,0,1,4211
2,51,13,0.1849593422287254,0.22995166602923311,0.003176686203708781,0.0022807203997062507,0.5468350828304188,0.06736301673010534,-0.02098318820299987,0.0032804055804543826,0.0022088517901882867,0.5997763753904041,first,null_a,10,0,1,4212
3,51,13,0.20510565453568314,0.23689678459214572,0.0029751579712592583,0.0020909647981359877,0.5121439926133425,0.06597200268086344,-0.022322317464182076,0.0031663526799609195,0.0020692313867918207,0.5789233943845443,first,null_a,10,0,1,4213
4,51,13,0.18101593946701763,0.25601219267894626,0.0028545768711714338,0.0019558071948055987,0.4913871499080964,-0.03559731407832673,-0.13037837446400324,0.003119553666463672,0.0020210990794041536,0.5703668479457538,first,null_a,10,0,1,4214
5,51,13,0.2552682329158056,0.31997702852040744,0.0027240978227649503,0.0018658371368817665,0.4689264733830774,0.05959862921888238,-0.0841208766332956,0.00302710554312191,0.001984588644603224,0.553463998901738,first,null_a,10,0,1,4215
6,51,13,0.2780784935204997,0.32972439419288496,0.002696588638290569,0.001812804020214645,0.4641910395989401,-0.06329113924050632,-0.15753430188029582,0.003031766525094186,0.00198171836241948,0.5543161944015105,first,null_a,10,0,1,4216
7,51,13,0.28928707132119674,0.3548392568597186,0.002656943985074225,0.0017776800833632614,0.45736660500416254,0.0023647238837112253,-0.1412902948240993,0.0030694353658891164,0.002046688063384585,0.5612034161925464,first,null_a,10,0,1,4217
8,51,13,0.2946931195136384,0.3490943954074579,0.0026613650148510533,0.0017446121481807968,0.4581276415149092,0.07057499462562754,-0.036925445114185954,0.0028202679543032094,0.001797363765614048,0.51564663264211,first,null_a,10,0,1,4218
9,51,13,0.3153754578950653,0.37490431751420844,0.0026316486711296973,0.0017323609989057754,0.45301226711585363,-0.015592002933775084,-0.20477078142801616,0.002970942808439831,0.0019155835202049492,0.543195426734828,first,null_a,10,0,1,4219
1,51,13,0.14219600716985312,0.16343766042240254,0.0038387707981712474,0.0029951845345991723,0.6450790863847231,0.15775363876629697,0.07794629057617426,0.00427756353585691,0.0035412221837094315,0.753340313093817,first,null_a,10,0,2,4221
2,51,13,0.18638579416434037,0.23381485058901247,0.0032017891962763355,0.0024067259298199556,0.538038699917785,0.18663614866146508,0.23921643554694008,0.0030903874082896118,0.0023960610735813768,0.544261563440624,first,null_a,10,0,2,4222
3,51,13,0.18796307291749872,0.21112529712158906,0.00305026008754976,0.0021819492115670723,0.5125752731707134,-0.06979096852514573,0.043758611003700626,0.003046017020461422,0.0023130618988100064,0.5364473015182967,first,null_a,10,0,2,4223
4,51,13,0.21063761820943736,0.2646681673999065,0.0028767855282835733,0.001990739121335747,0.4834240640764548,0.1603586287130591,0.25309409546666095,0.0026383147284667918,0.002056287682202542,0.4646450781905318,first,null_a,10,0,2,4224
5,51,13,0.22809498853090313,0.2964803944532213,0.002792460057234428,0.0019512773701752793,0.46925374740913567,-0.06637666131337017,0.06213639927753929,0.002869701789382249,0.0021587995382377698,0.5053956595564704,first,null_a,10,0,2,4225
6,51,13,0.2675782623597698,0.30320004211338036,0.0027697881833835,0.0018623370037093604,0.4654438946100694,0.07095436209360259,0.10039294797492074,0.0027345697245179986,0.0019591418758397525,0.4815969640606581,first,null_a,10,0,2,4226
7,51,13,0.27861316079481074,0.34250405381787424,0.0027119912353399094,0.0018101381159564781,0.4557315141633008,0.08582556683822506,0.08496945818183904,0.002767923957429898,0.0019254025861302321,0.48747112304257045,first,null_a,10,0,2,4227
8,51,13,0.3228189239850957,0.37448383066753144,0.0026737751759944996,0.0017851382698205677,0.44930956767472546,0.08268946243629788,0.05352264242987679,0.002787741797187189,0.0019739064441348956,0.49096132896995237,first,null_a,10,0,2,4228
9,51,13,0.3156892172042876,0.3767329190131563,0.0026726544328779275,0.0017788763417406787,0.4491212344858686,-0.06829878981777716,-0.016827709937524686,0.0028064222932423495,0.002030277667066653,0.4942512323527956,first,null_a,10,0,2,4229
1,51,13,0.16652363579346433,0.21027532640538096,0.003688601044618175,0.002796862510583516,0.6380451059533638,-0.08580027567369337,-0.1314776439102013,0.004351036114406025,0.0031151119187949787,0.7528151764307425,first,null_a,10,0,3,4231
2,51,13,0.15772569300043332,0.2223226861334306,0.0031679937269592875,0.0023329830514578617,0.5479917369015893,0.0057284487664234504,0.11313494320185913,0.0034942088164679305,0.002736033795935621,0.6045671323999706,first,null_a,10,0,3,4232
3,51,13,0.18417692039226333,0.26234260697303946,0.0029263448270412046,0.002088838075050255,0.5061919065358993,-0.10486981373057322,0.02579963397253939,0.0032805491885377356,0.002302759981728988,0.5675997972027645,first,null_a,10,0,3,4233
4,51,13,0.166046120477316,0.2394489357626234,0.0028824556906975585,0.00197543264556139,0.4986000720409648,-0.2551246222132298,-0.15780499328004174,0.0036321040021830334,0.002592362718717572,0.6284257228215389,first,null_a,10,0,3,4234
5,51,13,0.2074691432954412,0.29887925294692713,0.00275184357109331,0.0018589590816113295,0.476007109916943,-0.1724983876882611,0.03173350519405242,0.003206181286212829,0.002418755545386574,0.5547326814084035,first,null_a,10,0,3,4235
6,51,13,0.19043761270835552,0.2860849157234464,0.0027465622035184995,0.0018241981392267054,0.47509355198723263,-0.1514814299624426,0.0008837992383523218,0.003264805505000371,0.0023840073984546933,0.5648758290286993,first,null_a,10,0,3,4236
7,51,13,0.250727946302853,0.33800899302705867,0.0026702491034773022,0.0017454949973110816,0.4618931002678856,-0.03324523577688134,0.0388514790360604,0.003179628233214153,0.0022394543982804794,0.5501384788432286,first,null_a,10,0,3,4237
8,51,13,0.2593268042848486,0.3553342070715034,0.002644147358267534,0.0017156385060005507,0.4573780847954931,-0.07644254479697517,-0.0074632594554529755,0.003205779744138961,0.0022222506401853655,0.5546632066995675,first,null_a,10,0,3,4238
9,51,13,0.2621539321288379,0.3556499164489555,0.002642319696522548,0.0017075690249740148,0.45706194037715653,-0.021813629408566116,0.10470150016440956,0.0030311650490523726,0.0021600640729923406,0.52445141598292,first,null_a,10,0,3,4239
1,52,12,0.1632934930238301,0.21495277025825044,0.00372336627226371,0.0028492148427619103,0.6349409766759484,-0.028034651915248933,-0.0523604196346769,0.004717965211084234,0.003597931852583426,0.7619318420420501,first,null_a,10,0,4,4241
2,52,12,0.14228991233485616,0.2478937351644619,0.003190539338276936,0.002359418460382307,0.5440786684509972,-0.056591170024005856,-0.2381374708874163,0.004393595229638322,0.002816834822538903,0.7095474334233544,first,null_a,10,0,4,4242
3,52,12,0.2124133349796271,0.2817674806800021,0.0029548838095602905,0.002087141065821465,0.5038926269441367,0.0632293080054274,-0.05708247852892667,0.0039298449652201166,0.002617733462309447,0.634653686350885,first,null_a,10,0,4,4243
4,52,12,0.23784793184343747,0.3071438934819253,0.0028525268642343193,0.0019589593172153912,0.48643782554064047,-0.10643982882788854,-0.23653409164456377,0.003967190304968404,0.002557820371929946,0.6406848040537557,first,null_a,10,0,4,4244
5,52,12,0.19447378688727004,0.30978215336748693,0.0028155622442487135,0.0019030622413191984,0.48013429529411267,-0.07128692203319069,-0.13184032661679915,0.003800081210187093,0.002373007211999979,0.6136973773322597,first,null_a,10,0,4,4245
6,52,12,0.2316444993209038,0.3396929243709281,0.0027589219676960675,0.0018428750261673997,0.47047550003095734,0.06953345162300388,-0.03790895188068767,0.0036460921938984447,0.0023566196821048903,0.588828788950259,first,null_a,10,0,4,4246
7,52,12,0.2607555500679097,0.3866358600742368,0.0026979189890055755,0.0017755360545730337,0.46007273864849085,0.024527711094875275,-0.05285258328688447,0.0036137240349283077,0.0023203065039690716,0.5836014653299648,first,null_a,10,0,4,4247
8,52,12,0.2784728978886282,0.39746889192614965,0.002686603742274057,0.0017745112373990929,0.4581431638267606,0.031959085690428976,-0.07883315853375658,0.0035678952751824534,0.002285962473211589,0.576200310431742,first,null_a,10,0,4,4248
9,52,12,0.28040740832201505,0.40292033482902845,0.002682826277428056,0.0017715320138608414,0.4574989974882122,0.021563511115749924,-0.19067675641879117,0.0036704727824445585,0.002241714668725603,0.5927661530277573,first,null_a,10,0,4,4249
1,51,13,0.133277048811231,0.17853496110623862,0.0037699952254118922,0.002948989008459473,0.6472719485982477,0.09240126961645949,0.09387669330459959,0.004515801285829159,0.0034096650390444774,0.7169224196015842,first,null_a,11,0,0,4201
2,51,13,0.11118678758725349,0.1910124629651212,0.0032752954740813737,0.002380270065988288,0.5623367556154,0.012380025038252886,0.09232380522597103,0.0038681582434925486,0.0026821505533463383,0.6141034983157595,first,null_a,11,0,0,4202
3,51,13,0.10826162025307282,0.2046872485569152,0.003063464350058338,0.0021537038386587833,0.5259673874273628,0.11731306668015527,0.13980429358796148,0.003762181680007896,0.0024869320798049984,0.5972788044230283,first,null_a,11,0,0,4203
4,51,13,0.18526610165834556,0.2540388133773191,0.002911493006993314,0.001992974415947623,0.49987536834634566,-0.0008725451763426445,0.10925785419101074,0.0035418268084810916,0.002362731533971781,0.5622955671929636,first,null_a,11,0,0,4204
5,51,13,0.20833729306914742,0.28169300365841454,0.0028315638041234215,0.0018897705771353593,0.4861522923745856,0.07275003477535123,0.050978477640273884,0.00354048058105535,0.0023393625161408776,0.56208184197294,first,null_a,11,0,0,4205
6,51,13,0.19314076033186345,0.28812611418013023,0.0028019006011314887,0.0018602735893163355,0.48105940549960124,0.03772177189898709,-0.005105334869979298,0.003564337456522011,0.0023605006303257206,0.5658693268069968,first,null_a,11,0,0,4206
7,51,13,0.24318627601958184,0.3122114831804142,0.00276702230582506,0.0018043801500189313,0.4750711373939539,0.07760593836543203,0.05166713427454878,0.003459010986152779,0.002260331345077684,0.5491478408057943,first,null_a,11,0,0,4207
8,51,13,0.2542229038366422,0.32790434447914735,0.0027444859104796314,0.001780102042021766,0.47120185489956484,0.07874404076935722,0.04806476414456206,0.0034555240768200583,0.0022861965578720965,0.5485942638617445,first,null_a,11,0,0,4208
9,51,13,0.2521940504976255,0.3384403056549635,0.0027319087756612005,0.0017640055902466503,0.4690424817240142,0.03764589840539207,0.1496642396046246,0.0032842215323759015,0.0021455392281508247,0.5213985068136655,first,null_a,11,0,0,4209
1,51,13,0.17677133600360895,0.17709136300289574,0.00370071342586647,0.0028162455126199224,0.643958465156367,0.2753069715095032,0.28697541085416606,0.003922678516669286,0.0028967245405323414,0.6190647897699089,first,null_a,11,0,1,4211
2,51,13,0.19795626574046454,0.21615993629358968,0.003126506046699904,0.002256256353972625,0.544041054641667,0.11991805662691737,0.20363536973639734,0.0038393219756557833,0.0027124209603982532,0.6059097225577512,first,null_a,11,0,1,4212
3,51,13,0.23776985153502414,0.26037007668622913,0.0028598770028078636,0.001985455579062563,0.4976451276642552,-0.019259221790867358,0.12693047635873908,0.0036677303959514224,0.0023550671204733867,0.5788296789690244,first,null_a,11,0,1,4213
4,51,13,0.24585524776032672,0.28152197428875736,0.0027447587571407454,0.0018844898479621283,0.4776134850428236,-0.009876199749617471,0.02585737113195604,0.003730500570402913,0.0022781473514264772,0.5887358705382554,first,null_a,11,0,1,4214
5,51,13,0.26427753089705674,0.32117824481598023,0.0026488762352267618,0.0017959779992701703,0.46092903679144515,0.04882459312839059,0.1246641108485744,0.0035832972057235723,0.002225910000680232,0.5655046983630714,first,null_a,11,0,1,4215
6,51,13,0.3207973175802552,0.36472396032920773,0.002576105455995176,0.0016959588781178278,0.44826624615905974,0.0825882977781712,0.09796876921015128,0.003547599348754738,0.0020657298302311743,0.5598709748178617,first,null_a,11,0,1,4216
7,51,13,0.28928180082361404,0.35081823403692364,0.0025890576726893856,0.0017071868067107684,0.4505200520129467,0.0868372134194919,0.21556578067866639,0.0033515118937733276,0.002023462690122085,0.5289250692131233,first,null_a,11,0,1,4217
8,51,13,0.350757996374227,0.3913500860299225,0.00253852655244163,0.0016603211396598657,0.4417271683462635,0.03542027592660504,0.15039802539620736,0.003424481729202617,0.002028000271319811,0.5404409392079793,first,null_a,11,0,1,4218
9,51,13,0.3538701428453077,0.3993402340119303,0.002531122985169675,0.001635171821918667,0.44043887896297684,0.03645721367240354,0.08118110837667164,0.0034729754178897385,0.0020151195083434486,0.5480940606821679,first,null_a,11,0,1,4219
1,51,13,0.09832261473337951,0.16921397365311705,0.0035691208111341137,0.00268665194923566,0.6409906833383358,-0.008206982890527193,0.014048861715324512,0.004263264904626392,0.0032248631750163115,0.7177682256216237,first,null_a,11,0,2,4221
2,51,13,0.13335281221398285,0.23664765791394818,0.0029442273169761873,0.0020728416213875766,0.5287639112480148,0.11508744420136824,0.1439683333525879,0.0036291370167193474,0.002668723825471069,0.6110057186926495,first,null_a,11,0,2,4222
3,51,13,0.17949659501150694,0.25962221789238316,0.0027281667279155136,0.001878432430150413,0.48996084686519903,0.18595328721910998,0.11035708648322237,0.003400728507467906,0.0022686842682284594,0.5725505970734467,first,null_a,11,0,2,4223
4,51,13,0.22256248957223815,0.2924266461042203,0.002602028939547758,0.001764699634780195,0.46730732757036114,0.18241252418467604,0.18500622706582812,0.003096850172056447,0.0020057742149998488,0.5213892879611643,first,null_a,11,0,2,4224
5,51,13,0.24405627870259453,0.32383309204900723,0.0025218558037872567,0.0016746932180796423,0.45290875834396077,0.14131438182071093,0.08674804224641468,0.00319477864685306,0.002057026408673521,0.5378766395954294,first,null_a,11,0,2,4225
6,51,13,0.23790779033894732,0.3306991799442517,0.002496857512106703,0.0016452714894627815,0.4484192291532923,0.07636667130338017,0.027792761669944665,0.0032203617273293956,0.002022428070042475,0.542183836706148,first,null_a,11,0,2,4226
7,51,13,0.2813437726518162,0.37526137011834587,0.002434615544826583,0.0015767689035342154,0.43724098015293716,0.13554799630748998,0.17251056908306311,0.0030090084838797922,0.0019326859796533413,0.5066001594250171,first,null_a,11,0,2,4227
8,51,13,0.2919477255579439,0.3893051231508803,0.0024168123632226164,0.0015518333507230392,0.4340436455302694,0.1169589903767119,0.16288671599015955,0.002977791925603999,0.0018983834459129468,0.5013445034559696,first,null_a,11,0,2,4228
9,51,13,0.3060951410459269,0.4051887199787233,0.0024003203524292946,0.0015448740141337622,0.43108178858357915,0.14106147017539422,0.15175338593883067,0.0029486377984142315,0.0018292082919878988,0.49643608077741685,first,null_a,11,0,2,4229
1,51,13,0.15886325578729457,0.2065302595138029,0.0035012608902918936,0.002762370414559364,0.6211942656593702,0.043589322070334724,0.1699844371848703,0.004146014942647961,0.003317730369082393,0.6861955257714374,first,null_a,11,0,3,4231
2,51,13,0.14371028700659289,0.16217541293245233,0.0030748069456730588,0.0022665233701941946,0.545532738779277,-0.07062557695469088,-0.19416689689863803,0.00425420620643754,0.0026527898463437785,0.704101964162745,first,null_a,11,0,3,4232
3,51,13,0.18053681829613705,0.20558211239873897,0.002784760280576206,0.0020066350539212586,0.49407261319098716,-0.02183892057309779,0.08953222342102617,0.003656384364425069,0.0024010637430248055,0.6051581159441476,first,null_a,11,0,3,4233
4,51,13,0.23084396477792346,0.2535219994260437,0.0026174828905294253,0.001827233454739758,0.4643942319656272,-0.19649970282881674,-0.08661137160284825,0.0037743711889685607,0.00230878924284985,0.6246857906442332,first,null_a,11,0,3,4234
5,51,13,0.2753825104796433,0.2699941125086485,0.002556918528684882,0.0017363391980922528,0.4536488932262414,-0.016957725818485307,0.036712190822739306,0.003490623615392302,0.002159537121486652,0.5777235104474869,first,null_a,11,0,3,4235
6,51,13,0.3029322660356124,0.3092130326788548,0.002483164740679446,0.0016596629530364656,0.44056348439347837,-0.10256831775819118,0.05333216917246896,0.0034501896480311147,0.002098632449975534,0.5710313957599517,first,null_a,11,0,3,4236
7,51,13,0.28644318494192483,0.3199386486843625,0.0024599876021708022,0.0016696796163829105,0.4364513927821725,-0.03109548679168932,0.05939834190508574,0.0034389465724456716,0.002011411891356294,0.5691705852541136,first,null_a,11,0,3,4237
8,51,13,0.34172152238981485,0.36385263857549666,0.0024071584279163867,0.0016203732464356146,0.42707843225890607,-0.11938694217175229,0.06244067907758098,0.0034071389410093834,0.002044594197367322,0.5639061916909229,first,null_a,11,0,3,4238
9,51,13,0.3130757092154485,0.3574724394404699,0.0024131420396379943,0.0016254684309075207,0.4281400456050298,-0.08524387005399663,0.05566353905700658,0.0033738038772771722,0.0019308246663434182,0.5583889970110264,first,null_a,11,0,3,4239
1,52,12,0.15125669835782196,0.18019252887920617,0.003853697790715173,0.002962532198829616,0.6467671847661204,0.2000417492954807,0.06064877071773264,0.0038059127303998897,0.0030782154661310266,0.6954968630169625,first,null_a,11,0,4,4241
2,52,12,0.167857216940363,0.24988184491912108,0.0032345967453875674,0.0024007006372076317,0.5428632820945026,0.2930174303308632,0.05320216459107145,0.0031528684019214914,0.002358229126860318,0.5761587924826908,first,null_a,11,0,4,4242
3,52,12,0.20227959007284851,0.258139494702048,0.0030467342563816825,0.0021426062368798218,0.5113342676942988,-0.21411126187245597,-0.18373310307481233,0.0032091471481083688,0.0024195880762982757,0.5864432351907053,first,null_a,11,0,4,4243
4,52,12,0.27622466971231013,0.3389016996115847,0.002843243165016983,0.001962547021224149,0.4771823005618403,0.1554952510176391,0.020824106885645705,0.002832588711852651,0.002060343584982771,0.5176305141142273,first,null_a,11,0,4,4244
5,52,12,0.3162645264847512,0.35835110808257836,0.0027898462960972135,0.0018847314451463633,0.4682206890234961,0.2452979855964931,0.1716815362107816,0.002633168045030136,0.0019626822279766075,0.48118815244682317,first,null_a,11,0,4,4245
6,52,12,0.32305390788986293,0.36402967507808587,0.0027740591591837774,0.0018304094854501897,0.46557112939232287,0.19248512681348504,0.10824859351634446,0.002699421048018648,0.002003747893359218,0.4932953022970832,first,null_a,11,0,4,4246
7,52,12,0.32358923323867145,0.4054231220981077,0.002719014805646109,0.0018076972439811634,0.45633302004690324,0.15695647635946147,0.05279241197648882,0.002669659037862997,0.0019328080581420127,0.48785655838291064,first,null_a,11,0,4,4247
8,52,12,0.33279792566983585,0.4290318250406755,0.002694868903353433,0.0017703609576104411,0.4522806064697157,0.1269804822043628,0.03990860996613465,0.002672405562214229,0.0020131097025868627,0.4883584613969298,first,null_a,11,0,4,4248
9,52,12,0.3691924435115446,0.4486493572741097,0.002674243782462694,0.0017546882603299225,0.44881908662607256,0.2097275858469889,0.17463045033271268,0.002533297056275601,0.0019237583695700974,0.46293761327119604,first,null_a,11,0,4,4249
1,51,13,0.10752877403449837,0.1566526652962525,0.0037798416767195987,0.0029356868528466144,0.6544391066317634,-0.058005285853387115,0.05547962021100091,0.004289164735425777,0.0034830160735335913,0.7363378041549582,first,null_a,12,0,0,4201
2,51,13,0.20292564497302407,0.2478074892221305,0.0031459006639697347,0.002295664954556691,0.5446790093778187,-0.03878400080931726,0.12652574549659565,0.0035825933806109787,0.002624202808446829,0.6150379166533242,first,null_a,12,0,0,4202
3,51,13,0.26258084243303953,0.2763276492332021,0.002910590502708767,0.0020426358348260257,0.5039375749771451,-0.026795988821305274,-0.10986123851108927,0.003660720217608099,0.0024053049174482723,0.6284502584840982,first,null_a,12,0,0,4203
4,51,13,0.24715446659023343,0.317317051009367,0.0027822774936041906,0.0019264612552062738,0.4817215516011317,0.024620948671581582,0.0005366981331711021,0.003486159692621843,0.0021865586494958537,0.5984827656063136,first,null_a,12,0,0,4204
5,51,13,0.2373165887429089,0.31362852396312135,0.0027529649477403707,0.0018530160642690765,0.47664639820347154,0.061318428407035996,0.03789782211922071,0.0033713072765538155,0.002032661176388037,0.5787655989629047,first,null_a,12,0,0,4205
6,51,13,0.26227470063985486,0.3441045748860359,0.002698366747532272,0.0017925586463183453,0.4671933045493214,-0.0832711592205263,-0.0251073961008957,0.0033878202847877066,0.002273059615691415,0.5816004521273237,first,null_a,12,0,0,4206
7,51,13,0.31466048195735735,0.3654915509581945,0.0026679677608109106,0.001770698974833093,0.4619300455522662,-0.012253569215594532,-0.02041153215243397,0.003369026982286461,0.002229307274780865,0.5783741318644781,first,null_a,12,0,0,4207
8,51,13,0.287940253309996,0.37551124316817286,0.0026553595493474164,0.0017670423041052682,0.459747068763261,-0.04809114935697214,-0.0847922268139579,0.003386798961887438,0.002255917988395601,0.5814251176022807,first,null_a,12,0,0,4208
9,51,13,0.3305007565634576,0.39442961320385594,0.0026348534652228957,0.0017299016947579678,0.45619665990417513,0.0043880170462448935,0.003685955482944063,0.003310420931002106,0.002191861069252518,0.5683130002048588,first,null_a,12,0,0,4209
1,51,13,0.16034068331671752,0.21781545484047582,0.003724821015313014,0.002935103711381418,0.632691389402561,0.02378634024203644,0.05508848627702534,0.004125448658235258,0.0032005947023239743,0.7392541589697423,first,null_a,12,0,1,4211
2,51,13,0.14031814535142936,0.20924354773733256,0.0032705548492483775,0.002367601367783908,0.555530556550608,0.12871938188393883,0.05860287573695248,0.0031223178737853057,0.0021606294418467413,0.5594995029725378,first,null_a,12,0,1,4212
3,51,13,0.20400630285629673,0.26333393085017487,0.0029919264376347425,0.002088105792243492,0.508203236352903,0.053604623224876385,-0.03638950612909555,0.003079695601607963,0.002114750888240462,0.5518618629042406,first,null_a,12,0,1,4213
4,51,13,0.18199291678065488,0.2586737833486621,0.002920925371429087,0.001987148379273484,0.49614312311738307,-0.0014795331251027453,-0.07856129145332953,0.0029763092536143547,0.001987643561202512,0.5333356869494386,first,null_a,12,0,1,4214
5,51,13,0.22149364913276431,0.27600731676308793,0.0028564434952039024,0.0018490471432961626,0.48519034775113695,0.0547174344642699,-0.008289691438663767,0.002793501952055754,0.0018142182398025537,0.5005777812856603,first,null_a,12,0,1,4215
6,51,13,0.2477016101205412,0.3414802140574737,0.002752274643356508,0.001803972985205528,0.4674964141804097,-0.005197334311258362,-0.164181352030531,0.002984394355924915,0.0019172253928084783,0.534784485856885,first,null_a,12,0,1,4216
7,51,13,0.24197216749048384,0.3329102899096037,0.002757628265593834,0.001778980099849282,0.4684057708119754,0.08488979375055324,-0.010629300695989519,0.002737541361114475,0.0017802975851450753,0.49054999933540777,first,null_a,12,0,1,4217
8,51,13,0.2719938687642808,0.35494655417606247,0.002730319624968632,0.0017539088013463569,0.4637671742971836,0.14053035572022912,0.05783022008734072,0.002651779187525394,0.001726736957064574,0.47518196333247426,first,null_a,12,0,1,4218
9,51,13,0.2679878376680156,0.3749230260420984,0.0027082653778647465,0.001731225485330682,0.4600210796029632,0.07065086811922254,-0.10501410107292489,0.0028241392020235995,0.0017333074875039234,0.5060677816066954,first,null_a,12,0,1,4219
1,51,13,0.04095065447227248,0.1805184194368524,0.0034547936219521897,0.002642214275111325,0.6293549908195504,-0.09328646037506796,0.02038026559534562,0.0043173818325845815,0.003122761161980978,0.7105940867955157,first,null_a,12,0,2,4221
2,51,13,0.15330786310475458,0.20513698540938022,0.0029110056343318435,0.0020791638019985463,0.5302938828616172,0.07593672150634175,0.03576477475416937,0.0037656495403505423,0.0025187970366557563,0.6197849530291516,first,null_a,12,0,2,4222
3,51,13,0.200689018737113,0.24744038314391564,0.002654645980128915,0.001831652447491864,0.48359319811095514,0.07586084801274676,0.070338971841656,0.003486500615409689,0.002171107527780495,0.5738400764603938,first,null_a,12,0,2,4223
4,51,13,0.2572418695574907,0.27590285553540383,0.002523127818486043,0.001691761616708258,0.4596347159349396,0.12022155060129742,0.08749517447665844,0.0033118756562764166,0.002019962878758457,0.5450987076913666,first,null_a,12,0,2,4224
5,51,13,0.23992486740992758,0.2846906434060146,0.00246869872830973,0.0016223839984355255,0.44971944362154637,0.1174648136673453,0.07342336999648898,0.003275495730433095,0.0018771429409182277,0.5391109676246401,first,null_a,12,0,2,4225
6,51,13,0.2629544713007407,0.29558374272202226,0.00243108812083562,0.0015707807193520197,0.4428679711135559,0.1288205465420655,0.09450956293734351,0.0032409874682601163,0.0019324730171740607,0.5334312830388019,first,null_a,12,0,2,4226
7,51,13,0.27245561376344324,0.31545548523424144,0.0023940545721190917,0.0015171939026182787,0.43612162060381526,0.19968638955980728,0.05472626636850932,0.0032450726369926534,0.0018837777079839695,0.534103657375256,first,null_a,12,0,2,4227
8,51,13,0.28036877177477254,0.3473163773254078,0.0023513100612517672,0.0015015917452156054,0.4283349119930444,0.20689437145133344,0.1669185651224529,0.003099069254619656,0.00179340165402548,0.5100730888062751,first,null_a,12,0,2,4228
9,51,13,0.2980209034522253,0.37275593628277964,0.0023216129396953747,0.0014756946927806955,0.4229250283039778,0.18959521491167058,0.16115075051010877,0.0031067233814294523,0.0018138607860491635,0.5113328748204689,first,null_a,12,0,2,4229
1,51,13,0.1178311144813015,0.1460078446504754,0.003790135683681161,0.002866689854388021,0.6535025796115104,-0.03405455304189481,-0.13217675819757202,0.0045615108879117445,0.003291641935092541,0.7328853948060269,first,null_a,12,0,3,4231
2,51,13,0.21096467728990353,0.22287004073605893,0.003152882976714781,0.002250720312374998,0.5436262261975675,-0.14414699224825805,-0.15491626396416067,0.004135645972522127,0.002934911079524857,0.6644628514166284,first,null_a,12,0,3,4232
3,51,13,0.1903878312116561,0.23425407650343844,0.0029463761682792496,0.002043381371696896,0.5080199199112216,-0.0665284083005602,-0.08828073972556531,0.0037613555817389735,0.0024210878651193045,0.6043266448916905,first,null_a,12,0,3,4233
4,51,13,0.2392948370699788,0.2500365380964388,0.002832803719597913,0.0018868203260364916,0.48843753701511294,-0.09422223346273977,-0.1568695958410313,0.0037308481508229975,0.0024920277583598124,0.5994250999648497,first,null_a,12,0,3,4234
5,51,13,0.2715904286446273,0.2914484867520587,0.00273093752779946,0.0017926075036574412,0.4708735697402438,-0.18815361853336535,-0.25074593740331647,0.0037262703095836502,0.002480639926697333,0.5986895908174421,first,null_a,12,0,3,4235
6,51,13,0.2775149208610082,0.33062631832738854,0.0026609140623284747,0.001748208978828357,0.45879998738390404,-0.22755725287370857,-0.3560487032314685,0.003747539112951754,0.0023830521692636444,0.602106790893582,first,null_a,12,0,3,4236
7,51,13,0.26565609542104107,0.34058252266947764,0.002637867292104466,0.0016941297019926309,0.4548262183555416,-0.22806307616434196,-0.3859317486970976,0.003802817904437246,0.0025157057052207564,0.6109882821182563,first,null_a,12,0,3,4237
8,51,13,0.29405543048188976,0.35411999291548246,0.002619523170532753,0.001672525020667663,0.4516632891708592,-0.14260423121182614,-0.24982857954678525,0.0036787501265830107,0.002464217928120896,0.5910546538556625,first,null_a,12,0,3,4238
9,51,13,0.34496835477959187,0.38853476792485364,0.002581884394204714,0.0016171627168778385,0.4451735380177014,-0.27009699161597894,-0.34524047384426293,0.0036673297549251202,0.002387437926246703,0.5892197741859667,first,null_a,12,0,3,4239
1,52,12,0.1261148289912335,0.17049797844983508,0.003961519477344538,0.003053283147855057,0.6565611291345164,0.015551612566537943,-0.027783976057460535,0.0038602039351308495,0.0032282939510617377,0.7274589408937905,first,null_a,12,0,4,4241
2,52,12,0.18572322508951725,0.25732643663215016,0.003328438407040175,0.002435108168086422,0.5516376459281833,0.0032773196952301437,0.09519238845857039,0.002726144187569974,0.002110881326883709,0.513744350490175,first,null_a,12,0,4,4242
3,52,12,0.18545741449561678,0.22356965327272815,0.0032153418432500766,0.0022422862814957976,0.5328936240830516,-0.1890616845840727,-0.0763306943869397,0.0029599640350229856,0.002405573678802448,0.5578079133087415,first,null_a,12,0,4,4243
4,52,12,0.2076241511297691,0.24704547948414268,0.0030956925579289528,0.0021076030219911923,0.5130635890876835,-0.2128587830080368,-0.027839331660381356,0.0026717346554922614,0.0022453284735764064,0.5034908247063261,first,null_a,12,0,4,4244
5,52,12,0.26136071119891346,0.2971683204136669,0.0029842692421152748,0.002004159297898264,0.49459688244622624,-0.11558292453814843,-0.04384675014855084,0.002642650966701629,0.00202546976543796,0.4980099771136974,first,null_a,12,0,4,4245
6,52,12,0.29116078528213357,0.328525026499048,0.0029247210918837436,0.0019446630258718673,0.4847276893304339,-0.06711199248512684,0.036071529257605255,0.0025341090598618625,0.002020880558258584,0.4775551560940994,first,null_a,12,0,4,4246
7,52,12,0.2522713915298185,0.3288032185177967,0.0029184941431180554,0.0019358506604648508,0.48369566802243735,0.0030268239223463105,0.06219967871514503,0.0023659652987626633,0.0017830289085547324,0.4458683114551579,first,null_a,12,0,4,4247
8,52,12,0.293492282997901,0.35104243587065387,0.002888031314503062,0.0018994890817019849,0.4786469211296169,-0.19290261976829146,-0.08586367057959932,0.002453173103709639,0.001945084811994169,0.4623027015781887,first,null_a,12,0,4,4248
9,52,12,0.29423222620076556,0.3662979620937856,0.002869362287166923,0.0018925452175682837,0.4755528160172333,-0.11545767665170653,-0.006088327801732814,0.00238897990272212,0.0018553122888120119,0.45020543449393563,first,null_a,12,0,4,4249
1,51,13,0.03607832651160753,0.10451861516313615,0.0038919078004023343,0.0030077754750461394,0.6677480318432969,0.1624072130401244,0.20962101978379938,0.004094710387337489,0.0033087091468201354,0.648906814139674,first,null_a,13,0,0,4201
2,51,13,0.13006690402572132,0.15515972443049486,0.003306468775316723,0.002386018829122291,0.5673022410347986,0.11865349840033383,0.0910552864704854,0.003929758464014644,0.002895419392151647,0.6227661553569075,first,null_a,13,0,0,4202
3,51,13,0.18654115031574395,0.2053426373794135,0.003032149130647879,0.002082747400830734,0.5202362743629683,0.10901756471376724,0.08696791555185127,0.003680937641767783,0.002589461721374312,0.5833344222714298,first,null_a,13,0,0,4203
4,51,13,0.2029381624047831,0.23946042890231797,0.0028958574951422557,0.001966766823771552,0.49685224883282186,0.020624944675577586,-0.061866047143261695,0.0037184517446703508,0.002357952302172924,0.589279447608287,first,null_a,13,0,0,4204
5,51,13,0.2295936627537065,0.2793318492162714,0.0027942991187371222,0.001860186185964493,0.4794275282485578,0.09925517520454229,0.10074852304841792,0.003429251015248385,0.002233043519920633,0.5434485325437167,first,null_a,13,0,0,4205
6,51,13,0.27087973498620527,0.29526734608346683,0.002757850160236889,0.001798342108544722,0.47317385484479607,0.1172119020220286,0.09655427879655683,0.0033590003701715284,0.0021595616886027394,0.5323156029892724,first,null_a,13,0,0,4206
7,51,13,0.23349378978916854,0.31860195987578777,0.0027182432641456662,0.0017825032364396688,0.4663783632070954,0.21281250395174447,0.10746966086545978,0.0032995472548588457,0.002074796516963621,0.5228938055973164,first,null_a,13,0,0,4207
8,51,13,0.28345477163675137,0.3352265420861634,0.002695670422156299,0.0017449348334592485,0.46250546292668493,0.08807648048154378,0.08938812486652675,0.0032963840890011848,0.002090589905622215,0.5223925247532211,first,null_a,13,0,0,4208
9,51,13,0.2680011786150219,0.3406657576308376,0.0026884082093948324,0.0017257871876728162,0.46125946005945484,0.1446275243743598,0.13937422985472175,0.003233429433100799,0.0019879318679104957,0.512415822781353,first,null_a,13,0,0,4209
1,51,13,0.11321642326575511,0.15805545050612116,0.0037351483404035727,0.0028350894328202482,0.655449383679073,0.01989150090415913,-0.12711255317973497,0.0039035822899945124,0.0028428419335928224,0.721508015703776,first,null_a,13,0,1,4211
2,51,13,0.1418981828806662,0.18916506058367716,0.003177291112850749,0.002256029934037512,0.5575557680426704,0.15704548615941022,-0.009069533755104813,0.0032138463977696933,0.002120095940937048,0.5940225579911624,first,null_a,13,0,1,4212
3,51,13,0.17893112826694674,0.2153292484577197,0.0029555180456850437,0.00200786526955477,0.5186387005147248,0.042501801995472877,-0.03809540675489547,0.0030435921677708405,0.0020040050825367154,0.562554080442603,first,null_a,13,0,1,4213
4,51,13,0.23073250198920106,0.237589263863828,0.0028412271618427,0.0018685633945455266,0.4985827663060967,-0.1600804259032107,-0.13312040168751918,0.0030789748754808137,0.0020796676445892733,0.5690939469891554,first,null_a,13,0,1,4214
5,51,13,0.262063716033496,0.29103211993148814,0.002723617896792596,0.0017565442459321155,0.47794451762981777,-0.04270413131172624,-0.05732311625031305,0.002969021174888685,0.0019633000398679486,0.5487709537895871,first,null_a,13,0,1,4215
6,51,13,0.22319235520913744,0.26262278056233745,0.0027428803972754556,0.0017397149125551446,0.4813247298513875,-0.01844990452585389,-0.06251239870392372,0.0027711953014261654,0.0017393725155588414,0.5122063465101003,first,null_a,13,0,1,4216
7,51,13,0.2593441804565667,0.312525337208752,0.002672203489603014,0.00170751499401712,0.46892224102031765,-0.09518329771494327,-0.18791198821471783,0.0029111412893935524,0.0018405728791443792,0.538072882574387,first,null_a,13,0,1,4217
8,51,13,0.29449922284866104,0.34284858606973934,0.0026326995426159796,0.0016505874265717283,0.46199002967399533,0.013138759974203012,-0.09844761425825936,0.002752022653697407,0.0016635999789920918,0.5086626223124522,first,null_a,13,0,1,4218
9,51,13,0.31583164416630854,0.35566645833206145,0.0026183773035694763,0.0016440326417642508,0.4594767418737789,0.0173118021219287,-0.09025653212293386,0.0027587934307257683,0.0017382229466329552,0.509914080469496,first,null_a,13,0,1,4219
1,51,13,0.06556375465636108,0.1255907277967206,0.0040937882188866155,0.003127437237591275,0.6711832139596224,0.02166188242137609,-0.021196445847374987,0.0037062505374912424,0.002831494730153141,0.7278492333373577,first,null_a,13,0,2,4221
2,51,13,0.14422551932106767,0.18442633462571145,0.003509787760285135,0.0025484989773187205,0.5754353921867025,0.010710808179162609,0.05427487026123717,0.0028561473918524947,0.0023840479035105674,0.56090236437861,first,null_a,13,0,2,4222
3,51,13,0.18415176200145827,0.23250391406569543,0.0032376426272167744,0.002260834178492277,0.5308167565099481,0.004716802185156615,-0.025831448129352747,0.002852562900452179,0.0022864223671156545,0.5601984267221475,first,null_a,13,0,2,4223
4,51,13,0.21830516279825868,0.2628245786064376,0.003113695107766834,0.002123100541099698,0.510495359794082,-0.041464864249674376,-0.0006681986894879622,0.0026407359704453477,0.0021348590549811726,0.5185989538732232,first,null_a,13,0,2,4224
5,51,13,0.23488878344233657,0.29804600352884236,0.003028273877026729,0.002021120929753063,0.4964904105580604,-0.09480393024696823,-0.09446632848907982,0.0026212200419619366,0.001981970831585977,0.5147663328885306,first,null_a,13,0,2,4225
6,51,13,0.2641741797335203,0.33132785516229357,0.002970208616277079,0.0019911933684216205,0.4869705169422756,-0.021560717763249408,-0.10193010730301788,0.0025505494062105292,0.0018871827806104103,0.5008877330662035,first,null_a,13,0,2,4226
7,51,13,0.28029230838406044,0.3354521712346494,0.0029584409361476,0.0019430026657537762,0.4850411867112407,-0.09358995434944802,-0.15063315334285765,0.0025631637699273925,0.0019525049267026405,0.5033649954281193,first,null_a,13,0,2,4227
8,51,13,0.2882092957412897,0.3531400639445016,0.002936567166624757,0.0019312011816037657,0.48145494674356926,-0.13064151038834582,-0.20542961694787196,0.002610730771308954,0.001953408090648704,0.5127064053348447,first,null_a,13,0,2,4228
9,51,13,0.3243436212897138,0.3701323524366541,0.0029178672314526693,0.001894623469509924,0.47838906206205734,-0.14121321716258423,-0.20068807430308958,0.0025729272715980292,0.001969839655878781,0.5052823933842951,first,null_a,13,0,2,4229
1,51,13,0.09282420930595288,0.11759847515881747,0.0038223791937334094,0.002966944956456883,0.6653745610690478,-0.08741891020372032,-0.09908468987139832,0.004208405006959809,0.00328440006477914,0.7437350677893209,first,null_a,13,0,3,4231
2,51,13,0.09690748613241497,0.15396851718950896,0.0032179002533841163,0.002288330692214769,0.5601508537325837,0.10863819724579218,0.09010472072070154,0.003338359958151622,0.002386444959898736,0.5899753863221184,first,null_a,13,0,3,4232
3,51,13,0.12855299477084284,0.20515634873219846,0.002931183322289069,0.0020715963693485498,0.5102410612946183,-0.041540737743269385,-0.07522320627791548,0.0032759640400046443,0.0022781586557872593,0.5789483981078012,first,null_a,13,0,3,4233
4,51,13,0.19344677859776105,0.23336834256698546,0.0028124138186447164,0.0019219657767240873,0.48956644939705757,0.04078200280731926,-0.048229331251477096,0.0030323890084842323,0.0020780190965081625,0.5359023290436243,first,null_a,13,0,3,4234
5,51,13,0.1925302061275134,0.26242884603136046,0.0027318124921614133,0.0018668444230988187,0.4755359020567166,0.16202784557214936,0.1093267549636748,0.002764860661711911,0.0018628326807033201,0.48862308363040424,first,null_a,13,0,3,4235
6,51,13,0.23526117703716667,0.3073360227516781,0.0026545400384705383,0.0018048985135616495,0.46208482293783,0.1090428558782989,0.030037459061174433,0.002826818244830498,0.001958122419975825,0.49957260659802694,first,null_a,13,0,3,4236
7,51,13,0.21398067835586168,0.3057275456713636,0.002644362787808289,0.0017684266712590113,0.4603132342625395,0.11230541610288446,0.028242532932781436,0.0028464912435339886,0.0019356034916861713,0.5030493392319255,first,null_a,13,0,3,4237
8,51,13,0.24411907174020134,0.31622781219607393,0.00263067609451113,0.0017574135789472413,0.4579307449584919,0.14465281553889145,0.07929132325184464,0.0027261851095388883,0.0018949783057355752,0.4817881035442142,first,null_a,13,0,3,4238
9,51,13,0.24767715171769628,0.3314459271492759,0.0026121706249723586,0.0017298931856624042,0.4547094348666195,-0.0012266214797860366,-0.0005381288449713572,0.0028204156887020604,0.001948071021854316,0.4984411077265225,first,null_a,13,0,3,4239
1,52,12,0.11990902580565502,0.13480040287242542,0.0037489916153759595,0.0028144779961490184,0.6555254366649665,0.040475941968479284,-0.08469480022169446,0.004496440183257411,0.0031659076792984386,0.7351163576122038,first,null_a,13,0,4,4241
2,52,12,0.13364672181750833,0.17531706685147547,0.0031844428828593056,0.002275525314779431,0.5568119445131522,0.07007619246425219,0.01747880061790498,0.0037451415949477014,0.0024736107092641476,0.6122876621980193,first,null_a,13,0,4,4242
3,52,12,0.19734549944437585,0.21992878947132266,0.0029078157407252734,0.001990405994841339,0.5084426370446935,0.028034651915248933,0.1340467250404433,0.0034106032348701727,0.0023578257491101654,0.557594480321063,first,null_a,13,0,4,4243
4,52,12,0.21819528336831706,0.2765476605896421,0.00274491884051216,0.0018554587369486795,0.47995949474967875,-0.040225446195595455,0.027274167612900874,0.0034276498186409867,0.002283213237334992,0.5603814010985242,first,null_a,13,0,4,4244
5,52,12,0.23912334856155082,0.28896909035254986,0.002688237385087904,0.0017682096410842553,0.47004852678021175,-0.10276589082559232,0.09139155590758166,0.0033171470706774486,0.0021832428390192835,0.5423154702113381,first,null_a,13,0,4,4245
6,52,12,0.2754116804543771,0.30977071792453015,0.002636000644494338,0.0016877550716532942,0.4609147340965709,0.0395157081724246,0.13685162113970362,0.0032050937413702885,0.0020996630971018304,0.5239960370728042,first,null_a,13,0,4,4246
7,52,12,0.2843391529818496,0.3320520900332893,0.002601429581764826,0.0016856660940011454,0.45486985234789235,-0.10243189646174722,0.0750913550949292,0.0032665285022650853,0.002135811817791462,0.5340399153007234,first,null_a,13,0,4,4247
8,52,12,0.3030134090628473,0.36386023147465907,0.0025614528703515804,0.00164031026305688,0.44787977237595583,-0.10205615280242149,0.04771879648655355,0.0032660794884568343,0.0021519887573936583,0.5339665066970755,first,null_a,13,0,4,4248
9,52,12,0.3433960242005186,0.3786177400484089,0.002545399153927262,0.0016060388564005106,0.4450727190270004,-0.031708589917545146,0.14169494113877357,0.003156272708962938,0.0021062894706215655,0.5160143586660075,first,null_a,13,0,4,4249
1,51,13,0.09493590827884818,0.1221870970426654,0.0038687253849575476,0.0030264359824021593,0.6664634018669919,0.17376294591484465,0.08964614020724855,0.0044600331379020695,0.0036692659440872724,0.738663404789167,first,null_a,14,0,0,4201
2,51,13,0.12425074524012304,0.14521075973522446,0.003327787113844084,0.0023682543079194232,0.5732762343910859,0.1777842410753803,0.15274180676110605,0.0039041656992014743,0.002848740383455342,0.646601547357508,first,null_a,14,0,0,4202
3,51,13,0.17195735409821536,0.19390204240750175,0.003047178173843406,0.002090571170912003,0.5249358715743556,0.0007460893536842903,0.014278076756518055,0.0038021391604307906,0.0026792856912251826,0.6297040786219602,first,null_a,14,0,0,4203
4,51,13,0.1783858788217078,0.256310446563754,0.0028797752663154846,0.0019773898217532947,0.49609745578312764,-0.008788679674755622,-0.06749497111741029,0.0037001589420458192,0.0024304342262610286,0.6128142813930502,first,null_a,14,0,0,4204
5,51,13,0.16045976362147746,0.23950245482140897,0.002862787757314682,0.001912819275057371,0.4931710260391242,0.17168907042324763,0.039042177470068856,0.003449783735405325,0.0022331873532349398,0.5713475485474612,first,null_a,14,0,0,4205
6,51,13,0.1816722399433553,0.2762458622926064,0.002795684275007706,0.0018750525674183323,0.4816111424481829,0.11263420124179617,-0.013488444599613923,0.0034411102833641024,0.0022580109541401614,0.569911065584678,first,null_a,14,0,0,4206
7,51,13,0.2236777350958975,0.28742379196527246,0.002771273793522706,0.0018073950309190942,0.47740596091863824,0.11536564701121663,0.019628397731286627,0.0033627643454383184,0.002179828799065695,0.5569355392891755,first,null_a,14,0,0,4207
8,51,13,0.24923676606880008,0.3343302316384855,0.002714874606023288,0.0017721214664213295,0.46769010088123497,0.15562918094563663,0.1236155413079915,0.003213096088449544,0.0020983500317604906,0.5321477269842223,first,null_a,14,0,0,4208
9,51,13,0.25326387915539617,0.33736744344268055,0.0027106690196934094,0.001761621103718704,0.4669656066115836,0.11437929159448146,0.08834244543633304,0.0032400244254273385,0.002180091786706134,0.5366075541788435,first,null_a,14,0,0,4209
1,51,13,0.09966506811376961,0.12857490461619378,0.0039213326012520954,0.0029996552331709434,0.6676572110832524,0.015718458756433434,-0.02724192656766213,0.003909309138045094,0.003091080974371281,0.6888221334602386,first,null_a,14,0,1,4211
2,51,13,0.17552741622255857,0.19487602611081845,0.0033002979955923783,0.0023478785158788534,0.5619180976327486,-0.06291177177253127,-0.10158967260232071,0.003349966373116141,0.00230895133971965,0.5902656716741085,first,null_a,14,0,1,4212
3,51,13,0.1916787737133274,0.21793974119343013,0.0030752117708474167,0.0021592169117900842,0.5235942785773351,-0.056336068994296835,0.07585866624414016,0.0028380289886617673,0.002123445924952349,0.5000620605229433,first,null_a,14,0,1,4213
4,51,13,0.20430219188465248,0.24812362558421797,0.0029479981501428732,0.002013676373920606,0.5019345266898574,-0.02945156109713071,-0.00634953072290954,0.002794178201711246,0.0018914575782412785,0.49233553096118227,first,null_a,14,0,1,4214
5,51,13,0.2364306922156233,0.2574555086447286,0.002896476504559231,0.0019189960731144282,0.4931623051777595,0.05952275572528737,0.06330121213839096,0.0026998404030433667,0.001774106388434067,0.4757131658706471,first,null_a,14,0,1,4215
6,51,13,0.23317290707305713,0.28017951713327566,0.002850124111229809,0.0018858713081480883,0.48527021521643504,-0.0638222536956714,-0.04919940734451189,0.0027743989242151974,0.0019366823378345287,0.4888504128387655,first,null_a,14,0,1,4216
7,51,13,0.2655833378489419,0.29620991704137956,0.002822527326295552,0.0018468535562565355,0.48057150833852647,0.001555406618697758,0.0651761992366594,0.0025832906185719066,0.0017300818971980449,0.4551770382943796,first,null_a,14,0,1,4217
8,51,13,0.28966049431008606,0.3407108534881598,0.0027701747610555947,0.0018057961307476823,0.47165781208893953,-0.01463093868157159,-0.016991189150393663,0.0026359928061321447,0.0017772829975396054,0.4644631888625126,first,null_a,14,0,1,4218
9,51,13,0.2893041592625783,0.3635603700228891,0.0027479886940975943,0.001807126075960316,0.46788034940052714,-0.1978401345489953,-0.15344548863066487,0.002733683806252229,0.0018180812766436566,0.48167638964719933,first,null_a,14,0,1,4219
1,51,13,0.07070808970321003,0.11968544475206314,0.0037532453896285184,0.0028704352059138413,0.6604601092780187,0.12447046624261812,0.14427010300268003,0.0031683367298136534,0.002380774168907631,0.6162345805969106,first,null_a,14,0,2,4221
2,51,13,0.16235981917581604,0.22641114106124124,0.00305706005428846,0.002212725989648087,0.5379520942340147,0.04419631001909482,-0.09147005478181214,0.003057975458794153,0.0021113279653749203,0.5947695541933428,first,null_a,14,0,2,4222
3,51,13,0.1405213889144636,0.21927541006893098,0.00287007839330595,0.001993412470825717,0.505048855722952,0.11455632974620314,0.0440856054933444,0.0026478442318753873,0.0018057275093534934,0.5149999254693003,first,null_a,14,0,2,4223
4,51,13,0.22737799498083924,0.256265489067378,0.0027289364860476214,0.0018238029676714027,0.4802120572154154,-0.04404456303190481,-0.18009530325852283,0.0028804434454058245,0.001947386791235348,0.560239964966469,first,null_a,14,0,2,4224
5,51,13,0.24114078767256963,0.26551433604361324,0.002670789598075287,0.0017749282643483833,0.46997992582040804,-0.030842575146372612,-0.03683421509493434,0.0025895010213722513,0.0018541267880579993,0.5036522983320825,first,null_a,14,0,2,4225
6,51,13,0.23720541418452304,0.29663104202074564,0.0026164557530411314,0.0017401907499607627,0.46041877713348317,0.13269009471541116,0.06912710528906976,0.0023705967032430493,0.0016108201595766453,0.46107588610801453,first,null_a,14,0,2,4226
7,51,13,0.2617230689514493,0.33071236060986253,0.002566784229197545,0.001660736800074568,0.45167805899221936,0.09525917120853829,-0.017824394143830653,0.002437854739531704,0.0015500261336502123,0.4741574274082502,first,null_a,14,0,2,4227
8,51,13,0.29570064924295064,0.35885403257860865,0.00253348520956833,0.001636841294818065,0.4458184170397014,0.04012443252949582,-0.000737531748144506,0.0023701794523861225,0.001625287644605065,0.460994731726789,first,null_a,14,0,2,4228
9,51,13,0.30629616111779345,0.38027368315007926,0.002511779588395931,0.0016108653315446324,0.44199887010277994,0.019714462752437434,-0.02189096038376831,0.002382620253603866,0.0016006993108998527,0.46341444041765056,first,null_a,14,0,2,4229
1,51,13,0.1448694670686958,0.14167418709686855,0.0038451706392007537,0.0029051691876111176,0.6577449370461178,0.05039264532935418,0.04163265828812845,0.004595044099126649,0.0036211758095764444,0.7331473274287698,first,null_a,14,0,3,4231
2,51,13,0.09298187130004891,0.15201342781863722,0.00331270607171853,0.0023728457790198805,0.5666629263162427,0.22303013442253947,0.16708160585634224,0.003869127410990697,0.0029097044884362016,0.6173260494688979,first,null_a,14,0,3,4232
3,51,13,0.1611718572558199,0.23416888241180606,0.0029882470828635492,0.0020835212175994264,0.5111618114833194,-0.14333767498324457,-0.12386109846862407,0.003922296304785925,0.002725313438338349,0.6258092395204851,first,null_a,14,0,3,4233
4,51,13,0.2237966918733703,0.2668536619274466,0.0028612282525084212,0.0018979634199092826,0.4894342991269443,0.0235587197612514,-0.1566740541177906,0.0037511200479097197,0.002376711438557858,0.5984977681742355,first,null_a,14,0,3,4234
5,51,13,0.19985553895531818,0.2442628820350446,0.0028531265430799865,0.0018485218946348945,0.48804844168185585,-0.09267947242630785,-0.17603899196148046,0.0037058950845298595,0.0022952453025605686,0.5912820461224471,first,null_a,14,0,3,4235
6,51,13,0.2778997083603103,0.31206156719014105,0.0027515361474659944,0.0017584242189117008,0.4706706515556147,-0.017058890476611997,-0.13408217657914173,0.003616533810501477,0.0022471615200249755,0.5770242984673178,first,null_a,14,0,3,4236
7,51,13,0.2728350895894002,0.33627139511698606,0.002719651430571156,0.0017255444253483937,0.4652165344111313,-0.1294275344908256,-0.19562931088074642,0.0036243413566229296,0.0023768135850133635,0.5782700061143473,first,null_a,14,0,3,4237
8,51,13,0.2742422300924659,0.34221648499838353,0.0027112058290323896,0.001709197138930773,0.46377185167174917,-0.013644583264836427,-0.1470346144932551,0.0035752097403019393,0.0022209272274998173,0.5704309707490858,first,null_a,14,0,3,4238
9,51,13,0.3035936723064833,0.3663216738984786,0.002686974103153537,0.0016852134136016701,0.45962683536214327,-0.09346349852678965,-0.1266768678720765,0.0035558335856696933,0.002348068069039602,0.567339471368878,first,null_a,14,0,3,4239
1,52,12,0.11930430917397211,0.1125686724482419,0.003764745682518355,0.0029001509968358276,0.663684192512554,0.0965869950944578,-0.00043049501163886384,0.004562142524149639,0.003321092359147255,0.7105911135416181,first,null_a,14,0,4,4241
2,52,12,0.08811186566242747,0.10190127082489206,0.0032279943894415507,0.0022247054438806527,0.5690607096621924,0.08331071913161467,0.10230285709065874,0.0043605785241400945,0.0029785023909112223,0.6791958674574589,first,null_a,14,0,4,4242
3,52,12,0.15339261637239165,0.20032144491837278,0.0028816418861155706,0.002002590961313873,0.5080024866427723,0.20258845631979966,0.25345605986384384,0.003528883678201849,0.0023437159957590908,0.5496525742408048,first,null_a,14,0,4,4243
4,52,12,0.15869811087788616,0.20026318817502617,0.0027892210811072504,0.0018916687575763224,0.49170969225080796,0.18960442542532097,0.2448376317133467,0.0034478945687900116,0.002166215689053807,0.5370378562356,first,null_a,14,0,4,4244
5,52,12,0.17064615384615384,0.20587629549813824,0.0027268788247740952,0.0017938879713429018,0.4807194226434852,0.12839995825070452,0.22418600711880018,0.00353118794796042,0.0023315574991739983,0.5500114831536622,first,null_a,14,0,4,4245
6,52,12,0.2200238054080751,0.2575887678745544,0.0026429107438605223,0.0017187186003598863,0.46591675264196863,-0.06448178686984658,0.023696971727532327,0.003630854298812982,0.002332080738784558,0.5655353346905347,first,null_a,14,0,4,4246
7,52,12,0.2262413631312508,0.2750881508268675,0.0026091051281585853,0.0016939865471148224,0.45995718600677393,0.07512785721740947,0.12952901957580346,0.0035018525300913503,0.0022035715456605316,0.5454422512325976,first,null_a,14,0,4,4247
8,52,12,0.20709924682059516,0.2776583428948519,0.00259811203624953,0.0016834814463139054,0.45801922207981965,0.12414153011167937,0.08113980402228652,0.003537245077161493,0.002109100018670854,0.5509549307029381,first,null_a,14,0,4,4248
9,52,12,0.21228615878503518,0.2895123606918515,0.0025827917275204307,0.001673488165264352,0.4553184163454165,0.0053647844692620815,0.03177044558969538,0.0035261856643916552,0.002191486563717315,0.5492323364627022,first,null_a,14,0,4,4249
1,51,13,0.08955971251412122,0.17399918820229526,0.0037639049501282944,0.002893772979896633,0.6455573441745163,0.16352002427951795,0.09777329265776738,0.0037083420796606772,0.002836617668854876,0.6709351751160721,first,null_a,15,0,0,4201
2,51,13,0.19180559506141198,0.22971033001334804,0.0031838470244295747,0.002283102264999829,0.5460700672790992,0.24915590738375548,-0.007617340487787269,0.0033695017015390924,0.0022276534830448793,0.6096301704676866,first,null_a,15,0,0,4202
3,51,13,0.19650696125673695,0.2323596348679935,0.002988266988316767,0.0020835808126334456,0.5125256153443508,0.09442456277899315,-0.11799570693384565,0.0032796306510300076,0.0019789158399785593,0.5933701686350898,first,null_a,15,0,0,4203
4,51,13,0.21161640725661868,0.2648480851218744,0.002861247544539455,0.0019404001450310173,0.4907401728664236,0.14073268503648248,0.06278163119689648,0.0029470629072079093,0.0020920176346063213,0.5332000460719488,first,null_a,15,0,0,4204
5,51,13,0.20500172691147356,0.2654032936845185,0.002821857778246062,0.0018670096725435432,0.483984329333459,0.2032777349233045,0.10981661302108796,0.0028023348209126205,0.0019255282915045158,0.50701498497542,first,null_a,15,0,0,4205
6,51,13,0.25487327500319934,0.2995402139717641,0.0027561023631705373,0.001802193759016779,0.4727064432859376,0.16632734354253342,-0.034631007316718844,0.0029810520625270284,0.0018170765358680378,0.5393495650176678,first,null_a,15,0,0,4206
7,51,13,0.2776768651343902,0.32579616435176845,0.0027162758826228105,0.0017559185998141061,0.4658756977302263,0.14814299624426203,0.13630122054206878,0.0027139683815409466,0.0017756223300459696,0.4910272062860163,first,null_a,15,0,0,4207
8,51,13,0.27371740382536003,0.3554609867114932,0.002677427794862604,0.0017460306317517644,0.4592127589225174,0.11577030564372336,-0.037773903900236785,0.00282475660643117,0.0017707552675966882,0.5110716669832135,first,null_a,15,0,0,4208
9,51,13,0.27887186810975084,0.3535313954262101,0.0026790833512768497,0.001731956069091676,0.45949670780434954,0.20762781522275195,0.0267346668454855,0.002761094060969396,0.0016825580983659005,0.4995534628450347,first,null_a,15,0,0,4209
1,51,13,0.056694083685290025,0.12209876400744357,0.0036659436920984984,0.002791231454012836,0.650527108831167,0.2152657469113165,0.1433139344421212,0.00324368854492946,0.0024321714786250067,0.6389243165146758,first,null_a,15,0,1,4211
2,51,13,0.10915624604197983,0.13619246168431262,0.0031197077544380986,0.0022833031107959336,0.5535967369785395,0.019638589258842418,0.14573961601180385,0.0027935307130083765,0.0022471733116187264,0.5502546489124919,first,null_a,15,0,1,4212
3,51,13,0.16576612529323315,0.19690872180184396,0.0028201583969512264,0.002019150790725308,0.5004412621963772,-0.127783608796267,-0.005377785396027768,0.002771859447025899,0.0021785616559634687,0.545985959544178,first,null_a,15,0,1,4213
4,51,13,0.21633667312686927,0.2298649288590335,0.0026813213930915293,0.0018523685410504374,0.47580443132679834,0.15307477332793787,0.1357022313421906,0.0024335042238029883,0.0018328953950703906,0.4793385682356607,first,null_a,15,0,1,4214
5,51,13,0.22830786722233082,0.26078319093894253,0.002593444122388098,0.0017934354772040021,0.4602104801796782,-0.04642193249788186,-0.06808106779377199,0.0025373271063097455,0.0018682413148958309,0.49978904100004135,first,null_a,15,0,1,4215
6,51,13,0.24747604929430506,0.2939048047245471,0.0025285209540982755,0.0017364707319640577,0.44868976832183693,-0.021813629408566116,-0.09610821951188618,0.0025103518017799338,0.001815909871901328,0.49447559065770585,first,null_a,15,0,1,4216
7,51,13,0.27089439355760725,0.3149372113522999,0.0024910149017112835,0.0017012199988211921,0.4420342640718485,-0.004033940742801502,-0.06540859828989798,0.002475401125358014,0.001728005358414772,0.48759119447253313,first,null_a,15,0,1,4217
8,51,13,0.2798513571448924,0.345169178042457,0.0024512647902657073,0.0016740127247958844,0.4349805482359664,-0.1420478255921294,-0.1556755601360072,0.0025318432355531445,0.0018414942650878407,0.49870885764504774,first,null_a,15,0,1,4218
9,51,13,0.2912833546321827,0.3528910963117984,0.002440605176047628,0.0016380433871352716,0.4330889839892244,-0.0617483782040744,-0.18699953924189622,0.0024856136181452366,0.0017867906556844244,0.4896027963521856,first,null_a,15,0,1,4219
1,51,13,0.08718271810430742,0.1283366914261196,0.003912886985573458,0.0029537147736838102,0.6681757950435823,0.13797594810253036,0.08992383771136297,0.003747160094607034,0.0027602353668939373,0.660418091761841,first,null_a,15,0,2,4221
2,51,13,0.16423628101831939,0.21688584737508698,0.0032500017125414635,0.0023036345598255593,0.5549796061518856,0.018399322196790552,0.03742101030333023,0.003530985285897134,0.0026828736348693803,0.6223183706261886,first,null_a,15,0,2,4222
3,51,13,0.16135158945854366,0.23299545982171949,0.003055191471468759,0.0020780589439066857,0.5217132511073099,-0.018374031032258882,0.0659472675677112,0.0031466730311945803,0.0023100922715425212,0.5545852715636121,first,null_a,15,0,2,4223
4,51,13,0.1816132350758861,0.2597512132058105,0.0029325809515809522,0.001973287491181873,0.5007759273591936,0.11235599843194778,0.17004111444741743,0.0028409542135626378,0.002078089046576507,0.5007038698997883,first,null_a,15,0,2,4224
5,51,13,0.22757773860407243,0.280014910770641,0.0028677862237263515,0.0018855967221533647,0.4897113939447343,0.1280618116061154,0.17598543035548195,0.0028113519183654767,0.002050383536509696,0.49548661448174086,first,null_a,15,0,2,4225
6,51,13,0.2271441990021301,0.3008584772695708,0.0028291141006071144,0.001821028354561556,0.48310763137594837,0.18602916071270503,0.14969039141408338,0.0027566512283268875,0.0018920406254015843,0.48584589339663614,first,null_a,15,0,2,4226
7,51,13,0.25535671962912826,0.33679871488158397,0.0027771716608537595,0.0017786287155561846,0.47423779150920486,0.05507151076771329,0.1619441134269999,0.0027416532389700388,0.0019806939453267027,0.4832025733192341,first,null_a,15,0,2,4227
8,51,13,0.2683232554282419,0.34632942721572524,0.0027644920453460315,0.0017412098312257532,0.472072584028396,0.12290241404165456,0.13531280400019238,0.002754772172898578,0.0019301506576781995,0.48551471934243307,first,null_a,15,0,2,4228
9,51,13,0.26879364733750105,0.36078899818197996,0.0027490272692225113,0.0017380730144880747,0.46943177453923834,0.008459894535843903,0.08335459363159263,0.0027803328998402873,0.001955088367624083,0.49001966871334046,first,null_a,15,0,2,4229
1,51,13,0.13725170397657394,0.1642227968054912,0.00392817481521043,0.0030181672361422086,0.6569428177886185,-0.1852704257767549,-0.1154384606452759,0.004890883971166591,0.004072806695218403,0.7940688500384204,first,null_a,15,0,3,4231
2,51,13,0.08856066499185625,0.2245850668354244,0.003354648323859174,0.002422060452821905,0.5610269975848452,0.05031677183575918,0.0505299554212199,0.003686500968731095,0.0027361609590159175,0.5985289371335433,first,null_a,15,0,3,4232
3,51,13,0.1670355740469499,0.252887160166874,0.0031156972398961387,0.0021614422669645897,0.5210651308663672,0.20509869876958484,0.1598510271202013,0.0032289374641141302,0.0023495332215100473,0.5242403365303117,first,null_a,15,0,3,4233
4,51,13,0.1901233592899849,0.285979772962597,0.0029901504162269258,0.0020384878677968156,0.5000688442993079,0.0778841411752804,0.06022430019540926,0.003299380095040848,0.0024270961316915814,0.5356771850148438,first,null_a,15,0,3,4234
5,51,13,0.19686329630424473,0.29741203914228204,0.0029415177424356957,0.001968131617131303,0.49193557954915085,0.18547275509300826,0.16301755773195423,0.0031276076815639968,0.002193671969786774,0.5077887452886091,first,null_a,15,0,3,4235
6,51,13,0.20907310394261217,0.32376035470444287,0.0028881472828966564,0.0018880333773902821,0.48300997370786103,0.07373639019208639,0.06414312182213204,0.0031560711959927276,0.00222448765398794,0.5124099937794178,first,null_a,15,0,3,4236
7,51,13,0.2325849995380079,0.3380073488568011,0.002863316328791558,0.0018582575062499394,0.4788572774238212,0.1525436588727728,0.14327267905104646,0.0030663827654339366,0.002214210734531154,0.49784845657358173,first,null_a,15,0,3,4237
8,51,13,0.26975856015276534,0.3725709219622208,0.0028206901608199644,0.0018224531327740627,0.4717285328500414,0.05514738426130831,0.04673057134931899,0.0031147115996442913,0.002214856287529322,0.505694977168091,first,null_a,15,0,3,4238
9,51,13,0.2715755230186511,0.38206748174270005,0.0028108027966422993,0.001806588023875771,0.4700749829982817,0.013037595316076327,0.007221159464159166,0.00313691389860535,0.0022495826304147334,0.5092996740098383,first,null_a,15,0,3,4239
1,52,12,0.10418910976663785,0.16034388675669575,0.0038520454204907795,0.003038510851003747,0.6509944012609239,0.018933305500469684,0.1417431068018421,0.00398354993996803,0.0032737551055233645,0.7100998363994167,first,null_a,15,0,4,4241
2,52,12,0.1418523768366465,0.18641475136723,0.0033101832007053833,0.002396391874288646,0.5594198654419339,-0.09700448804926418,0.11390658353684553,0.003361963277637463,0.0025829415980839765,0.599297011311064,first,null_a,15,0,4,4242
3,52,12,0.13963383133720214,0.20929684514808788,0.003064975128299995,0.0021618734026031586,0.5179797823549716,-0.05279198413526772,0.1692356808113225,0.003165873587142941,0.0024431320250990238,0.564342445851069,first,null_a,15,0,4,4243
4,52,12,0.18957219409803677,0.2569638684645947,0.002909686974681957,0.0020125688743504767,0.4917361357848308,0.1486066172633337,0.2962293911415766,0.0027893200325555196,0.0019752499342528054,0.4972187442437803,first,null_a,15,0,4,4244
5,52,12,0.21459543153475738,0.2778785570233351,0.0028436255706554983,0.0019509711277482468,0.4805717803668251,0.17419893539296527,0.19273395473775656,0.002893153367011554,0.0021071050034856538,0.5157278717609887,first,null_a,15,0,4,4245
6,52,12,0.2106298555377207,0.30669823269787344,0.002790725747871779,0.0018926127015400525,0.4716317278231277,0.146143408829976,0.19326087367752923,0.0028341347365659466,0.0020235673781087414,0.5052073259022665,first,null_a,15,0,4,4246
7,52,12,0.23818525743919006,0.32056395238358437,0.0027638425880303578,0.0018463366184377195,0.4670884827066831,0.15223880597014927,0.19046144726936662,0.002806736318969498,0.0019082522266060421,0.5003233374633022,first,null_a,15,0,4,4247
8,52,12,0.26324716631682926,0.3367976832716938,0.002741696301314307,0.0018024645208904006,0.46334576758079765,0.036760254670702444,0.05168137847248939,0.002983779460539871,0.002005870911929683,0.5318827022909889,first,null_a,15,0,4,4248
9,52,12,0.28968707247808373,0.37452403147085456,0.0027011880225147897,0.0017603401930632655,0.4564998818695533,0.05329297568103538,0.0416642223581643,0.0029715894915817585,0.0019580432028450537,0.5297097422193651,first,null_a,15,0,4,4249
1,51,13,0.09900275597612661,0.1695461427821294,0.00391610504154357,0.0030431018827710415,0.65078954361539,-0.03342227392860304,-0.04760138308848211,0.004202018767601009,0.003366577991487364,0.8102495469408509,first,null_a,16,0,0,4201
2,51,13,0.20390105760769148,0.23723362327154673,0.0033378517480236788,0.0024732477613973176,0.5546937563492814,-0.09667547642231186,-0.22028117298987251,0.0034338716104580893,0.002603559815994532,0.6621324345524442,first,null_a,16,0,0,4202
3,51,13,0.20644835497064742,0.2772738357151249,0.003087235181724239,0.0021964777168161638,0.5130455781022082,-0.08175368934862605,-0.12419126141312699,0.0028957229890679633,0.0021737491797533615,0.5583645313650123,first,null_a,16,0,0,4203
4,51,13,0.2295500987971242,0.25785663702633704,0.0030374799683499307,0.0020761008206970095,0.5047771143452734,-0.20997989352419733,-0.13392158502266308,0.0027452463540630152,0.0020918735117936905,0.5293490433148362,first,null_a,16,0,0,4204
5,51,13,0.26962445069474217,0.2915013905246765,0.002955192215858967,0.0019853445076398694,0.49110230013047845,-0.08949278569531734,-0.0768109602620611,0.0026292169723207263,0.0019855941773599343,0.5069758081657247,first,null_a,16,0,0,4205
6,51,13,0.24547511312217193,0.3248791161955392,0.0028913821437711153,0.0019119216524652665,0.48049815972781196,-0.03187951289217112,-0.08134793746936685,0.0025818911661168215,0.0019692793365203996,0.49785026276574157,first,null_a,16,0,0,4206
7,51,13,0.2940898945949894,0.36054347244413887,0.0028402759273923827,0.0018792757613479035,0.47200518242505923,0.029906802058700787,0.06834652730049519,0.0023416418454646694,0.0017970744617881202,0.45152445748563125,first,null_a,16,0,0,4207
8,51,13,0.3189292967690367,0.3542295538883928,0.002846855677649516,0.0018588249921686318,0.4730986241538989,-0.15588209259095334,-0.14317709138209095,0.002558249069923604,0.0019418872362038926,0.4932915021345456,first,null_a,16,0,0,4208
9,51,13,0.3010943035309204,0.3674430251530667,0.0028309353438699136,0.0018619943221559855,0.47045293752273837,-0.05744888023369036,-0.03167924211083594,0.0023916779588531722,0.0018277897443333036,0.46117261482283933,first,null_a,16,0,0,4209
1,51,13,0.12268997796767307,0.14014307675913232,0.004008167604519308,0.003013088308374163,0.6682925479692784,0.18562450208019826,-0.029964523410914677,0.003941190981107079,0.002826722567893771,0.7381028021634476,first,null_a,16,0,1,4211
2,51,13,0.16269840746974445,0.19088583548796337,0.003426701437572608,0.002434463066999441,0.571343132523528,-0.010609643521035926,-0.06650096186036125,0.0034880009717818575,0.0024489791786053,0.6532297733254836,first,null_a,16,0,1,4212
3,51,13,0.2381164279268514,0.2560543055268019,0.0031282448997607304,0.0021560244433183502,0.5215806725187375,-0.029830928565105778,-0.07813886757017502,0.003220286134833235,0.0021963848217849344,0.6030923726565612,first,null_a,16,0,1,4213
4,51,13,0.2506749119209267,0.25089048187278573,0.003059888515860703,0.002046154388352956,0.5101834290713807,0.21296425093893445,0.1197019642719575,0.002706174873211962,0.0018673816001358473,0.5068100649365088,first,null_a,16,0,1,4214
5,51,13,0.28370137327755607,0.28866716585426294,0.0029664204113148012,0.0019378073691560336,0.4945992410073862,0.0989769723946939,0.08229599631547503,0.0027428007645526127,0.001809374729566796,0.5136693298541086,first,null_a,16,0,1,4215
6,51,13,0.2767344754611397,0.32115540753470906,0.0029025350653670142,0.0019027273569296914,0.48394746572403563,-0.03129781610794269,-0.013985586440923027,0.0029082632692698056,0.001989232298861989,0.5446570031158688,first,null_a,16,0,1,4216
7,51,13,0.285750320388607,0.33372930046653326,0.002878795992229847,0.0018658469315522665,0.47998938631254123,-0.05001327786137912,-0.07443318115408452,0.002855224465502253,0.0018963481720881072,0.5347239423045831,first,null_a,16,0,1,4217
8,51,13,0.3247825137407636,0.3676232220731783,0.0028357587790393255,0.001826705074601894,0.4728136761880042,0.13061621922381414,0.1265712901660068,0.0026645199771565043,0.0018393846631987937,0.4990089724114965,first,null_a,16,0,1,4218
9,51,13,0.3260283276068828,0.37225907635151,0.00283088827022693,0.001816335751142576,0.47200160317477174,0.02067552700464093,-0.10253600429603671,0.0028559691329109126,0.0018426763254991252,0.534863402966004,first,null_a,16,0,1,4219
1,51,13,0.12737347388213155,0.18659232268721715,0.0037182996014182203,0.002925530872756472,0.636441169784248,-0.2276837086963669,-0.18506558366809095,0.004960102781366854,0.004106455464901355,0.8469406966869619,first,null_a,16,0,2,4221
2,51,13,0.1725771316733352,0.2136268222972963,0.0031925374934386056,0.0023299693828613788,0.5464493221926365,-0.1890893916210372,-0.13503253949053537,0.004060832058868473,0.0030594463186223234,0.6933896503086276,first,null_a,16,0,2,4222
3,51,13,0.24909129210036413,0.2705815900410038,0.002908743195803685,0.002045629541312159,0.49787379194327824,-0.05636136015882851,-0.1628857402185842,0.0036770795337525957,0.0025136343899277423,0.6278636631863492,first,null_a,16,0,2,4223
4,51,13,0.24759788837514346,0.27439983249210503,0.002826268052144767,0.0019651606876204984,0.48375696905778914,-0.006006651576271829,-0.06516972776666816,0.0033991475841136797,0.0023110007859393255,0.5804066064610284,first,null_a,16,0,2,4224
5,51,13,0.25355363299515954,0.3025009877463476,0.0027401562705628426,0.0018753483732276276,0.4690176825889683,-0.14250306655369943,-0.23211844755132968,0.0036592125056085626,0.002431320338713525,0.624812856795627,first,null_a,16,0,2,4225
6,51,13,0.2866512460691558,0.3304070258590944,0.0026871817121882414,0.0017903727572993603,0.45995031483627946,-0.20932232324637384,-0.20273534114831354,0.0034639804875841785,0.0024807108453574365,0.5914768658596473,first,null_a,16,0,2,4226
7,51,13,0.27273803831750565,0.32182711104897765,0.002687543738189498,0.0017784006815377066,0.4600122808628052,-0.16918524513461222,-0.18800160141499667,0.003384998301620751,0.0022778513137364713,0.5779906074988295,first,null_a,16,0,2,4227
8,51,13,0.3094036135519645,0.3771283812432991,0.002619860949887172,0.0017243798962688322,0.44842738519034187,-0.1389117211902022,-0.15994308845601002,0.0033513642144895337,0.0022672112206985747,0.5722475657831712,first,null_a,16,0,2,4228
9,51,13,0.3292684895231566,0.3990577639619862,0.002595492968304713,0.001725744119195635,0.44425644998713615,-0.14354000429949795,-0.158353442051069,0.003369671903657122,0.0023504569638477116,0.5753736153232277,first,null_a,16,0,2,4229
1,51,13,0.07716514923002148,0.14481576784217542,0.003643994239762756,0.0028023890164877103,0.645160861224706,-0.12098028553724756,0.03383728091129543,0.0035387695586063636,0.002671847045387395,0.6563237356618888,first,null_a,16,0,3,4231
2,51,13,0.19523677133929765,0.2158717674223979,0.003001649769665028,0.0022516121988333943,0.5314352392110557,-0.22512930107866813,-0.15528812349469534,0.0032551712248568014,0.002441185492408222,0.6037257027152897,first,null_a,16,0,3,4232
3,51,13,0.16995962963554673,0.22146879260097058,0.002783589046344516,0.0019862448537014527,0.49282808596102673,-0.16908408047648552,-0.1275315882867848,0.003191316858251657,0.0023726100330757616,0.5918828472440459,first,null_a,16,0,3,4233
4,51,13,0.2318392241300508,0.2920903085753163,0.002587611541488653,0.0018374502282785335,0.45813071612607625,-0.3093741701336638,-0.21644138477456834,0.003125072140289372,0.0022843906857311453,0.5795966613139292,first,null_a,16,0,3,4234
5,51,13,0.2176312802713911,0.29196501441224193,0.0025523239478780165,0.001792206639370066,0.45188312823585286,-0.11321589802602461,0.042661452099672786,0.0025689584324367315,0.0018246233675515088,0.47645611482003153,first,null_a,16,0,3,4235
6,51,13,0.2621754670525549,0.3343203048085713,0.0024781524419893656,0.001717964001078583,0.43875123244543285,-0.16647909052972343,-0.06782993498352229,0.0026736390696495893,0.0018797475468329277,0.4958708819387096,first,null_a,16,0,3,4236
7,51,13,0.27015652389602424,0.358074545785922,0.002439218524851127,0.0016931446162935747,0.43185807129889026,-0.2516597326723909,-0.1545545886142095,0.0027211724518246363,0.0018798638134628215,0.5046867391006711,first,null_a,16,0,3,4237
8,51,13,0.3009937934949871,0.38209773149227105,0.002409035381370864,0.0016465921349719784,0.4265142146512291,-0.19945876907902224,-0.12408204379126431,0.002655622335140247,0.0018524890468383359,0.4925293785427505,first,null_a,16,0,3,4238
9,51,13,0.29079875708490754,0.3813987070385749,0.0024096394523422417,0.0016394615659474634,0.4266211640376694,-0.2275066705446452,-0.16101847846969708,0.002657601231659018,0.0018073234735852327,0.49289639785106604,first,null_a,16,0,3,4239
1,52,12,0.0800112606494629,0.11321211736070981,0.0038961595765500843,0.002970232492386785,0.6687102875239062,-0.03959920676338588,0.140308237692576,0.004048601911655034,0.0031222452899590187,0.7000994696194813,first,null_a,16,0,4,4241
2,52,12,0.18314221508828252,0.2233179282058831,0.003206911718028293,0.0023112436107211053,0.5504124805189217,0.18793445360609543,0.40197839015388503,0.003245215095530699,0.0022114441156468882,0.5611747997849986,first,null_a,16,0,4,4242
3,52,12,0.2613430793925176,0.27767852649219005,0.002919378666821062,0.0019962895401772185,0.5010622663996973,0.011084437950109594,0.18672157899938546,0.0034272767944461447,0.0023615411508985593,0.5926575935073926,first,null_a,16,0,4,4243
4,52,12,0.22928475120385233,0.27255344577929375,0.0028523662202546694,0.0018975145873409897,0.4895607065865923,-0.219997912535226,0.032400986231848145,0.00354541614224983,0.0024552209829150763,0.6130866938594055,first,null_a,16,0,4,4244
5,52,12,0.2752584269662921,0.31471286385580927,0.0027580788071809243,0.0017948704817674754,0.4733778573301306,-0.20864210416449225,0.1314553106933098,0.0034260632371941793,0.00247258713626315,0.5924477406231148,first,null_a,16,0,4,4245
6,52,12,0.28929122113841216,0.3372109486052557,0.0027108703904388984,0.001733050841885303,0.4652753262831191,-0.23565389834046555,0.11212521829766359,0.0033483573216757973,0.0022928878454008417,0.579010541454655,first,null_a,16,0,4,4246
7,52,12,0.290284775898259,0.3503388808830813,0.002689739567436794,0.00171518734621945,0.46164857577464374,-0.14351320321469577,0.17852008956027812,0.0032492807257132883,0.00217525746795802,0.5618778438472726,first,null_a,16,0,4,4247
8,52,12,0.3194067415730337,0.3724204490639999,0.002662358884683528,0.0016785691861701414,0.4569491419150198,-0.20154472393278366,0.06850532480266526,0.003385140883821861,0.002364560926730569,0.585371293366331,first,null_a,16,0,4,4248
9,52,12,0.31052470675392024,0.376377465164426,0.0026592431379485974,0.0016711261112767424,0.45641437637114757,-0.13207389625300076,0.13940190700485502,0.003285430429374926,0.002203295594662877,0.5681289865658383,first,null_a,16,0,4,4249
1,51,13,0.07474553790615977,0.1445680890722169,0.0038702316434835577,0.0030526193380483613,0.6593180807647214,-0.07474803677335322,-0.0685719281998021,0.004825675979556519,0.0041564210498308924,0.8263057173730766,first,null_a,17,0,0,4201
2,51,13,0.1268826587947393,0.17830671108700552,0.003324753507134031,0.0024344684196489076,0.5663924806749617,-0.1173889401737503,-0.015910332755981683,0.003706763676397112,0.0027931901113025705,0.6347131535008824,first,null_a,17,0,0,4202
3,51,13,0.13881893584371524,0.24365155280079948,0.0030273108052978706,0.002178653108777648,0.5157212626763473,-0.1182488397678271,-0.043596449663586154,0.0035731242388814845,0.0026531118854824453,0.6118299280722591,first,null_a,17,0,0,4203
4,51,13,0.22475382246954762,0.28489570899201533,0.00288297244152945,0.0019863687607993103,0.4911323228539086,-0.02924923178087735,0.05357221418041458,0.0032916927881191885,0.0024521450270410393,0.5636401163653288,first,null_a,17,0,0,4204
5,51,13,0.21619984606852993,0.3015418999616366,0.0028301357266937266,0.0019278752713688546,0.48213125918939725,-0.1290987493519139,-0.051917730630909084,0.003283449322392416,0.0022719922771830547,0.5622285788128993,first,null_a,17,0,0,4205
6,51,13,0.2279915961916043,0.3207487927667371,0.0027910425754266548,0.0018762247861990602,0.47547149723229354,-0.06807116933699212,0.02082688722009592,0.003127343344416901,0.0021761433856905305,0.535498383361787,first,null_a,17,0,0,4206
7,51,13,0.2634181927364967,0.3438236031387085,0.002757435984916897,0.0018235368967195592,0.46974640509388194,-0.08112141023533427,-0.011783288116656371,0.003200352118958906,0.0022698653468533497,0.5479997547920348,first,null_a,17,0,0,4207
8,51,13,0.27555849568799173,0.35599984784862737,0.002742253313062661,0.0017883193880840083,0.4671599423211252,-0.1252797835076316,-0.05957322676488938,0.0031725655451291628,0.0021847680465335575,0.5432418297015408,first,null_a,17,0,0,4208
9,51,13,0.29337969504571576,0.38700521919925035,0.002709552925546823,0.0017810408144361748,0.46158922751042225,-0.1527206970244945,-0.019990627918349674,0.0031187526833112433,0.002145913968209951,0.5340273951691086,first,null_a,17,0,0,4209
1,51,13,0.10421449574596728,0.10254938602908197,0.0036402077627839535,0.002715030919624677,0.6564296757430065,0.0579294123597921,0.07813898597282506,0.0035812696626263294,0.0026493237908696496,0.6835195821261963,first,null_a,17,0,1,4211
2,51,13,0.13546710525990716,0.17933636570470635,0.003021384486682522,0.0021927777541221704,0.5448388026542617,0.016932434653953637,0.02711542764258348,0.0030334992695445367,0.002078941995781768,0.5789723613213287,first,null_a,17,0,1,4212
3,51,13,0.16168816014011614,0.2058498329284211,0.0027689992635829656,0.0019165457264459275,0.49932679868148155,0.2405316202784557,0.25433721039709895,0.002544760318404049,0.0016906338212696664,0.4856918560472978,first,null_a,17,0,1,4213
4,51,13,0.21485698093051622,0.2506264300271611,0.0026103712859783094,0.001751521961205329,0.4707218072391364,-0.030058549045890816,0.012550438841094334,0.0028114863820957853,0.0019141671195224163,0.5365990774440361,first,null_a,17,0,1,4214
5,51,13,0.24672652689197275,0.265673164758912,0.0025560713255118124,0.0016872929676476141,0.4609300294713145,0.2139758975202013,0.195510587605405,0.0025126525438467196,0.0016385544277323207,0.47956378005306133,first,null_a,17,0,1,4215
6,51,13,0.2571894939877622,0.3054117094028035,0.0024846060749862207,0.0016263248118006486,0.4480428773397752,0.09055501460564751,0.13274656992702716,0.0025455420474991435,0.0016629011891880524,0.4858410565249918,first,null_a,17,0,1,4216
7,51,13,0.2510413762059763,0.30632915082331724,0.0024732988071245058,0.0016084263889641522,0.44600386565151706,0.32449828652360296,0.2829402925226156,0.0024006428529604203,0.0015169191095424056,0.4581856587940937,first,null_a,17,0,1,4217
8,51,13,0.25842447862837936,0.3238237418188022,0.0024496782296711144,0.001583925326857286,0.4417444252544299,0.02591079806269679,0.14462603690384448,0.0025152871903986133,0.0016678191863860909,0.4800666275568374,first,null_a,17,0,1,4218
9,51,13,0.2850182565095174,0.3431611987319237,0.0024275187462200923,0.0015628847121702183,0.43774846033036674,0.07520327773492329,0.17955121529917656,0.002466273187800404,0.0015643326427605064,0.47071183617547807,first,null_a,17,0,1,4219
1,51,13,0.12206937687730593,0.14170326711324227,0.003926075685916538,0.00290524520433382,0.6622782705715952,0.0802362194767258,0.0965367912750901,0.004340251544459604,0.0031499042472805895,0.7136910132314095,first,null_a,17,0,2,4221
2,51,13,0.18392665410860812,0.21936549219923526,0.0032800278550766206,0.0023542429286815135,0.5532983439619259,-0.19710669077757684,-0.14848460718102066,0.004204343853291527,0.0028897910624403897,0.6913429772196481,first,null_a,17,0,2,4222
3,51,13,0.22453106159515232,0.2574028718898433,0.003029480902436551,0.002098905447178152,0.5110343083788442,-0.03542027592660504,-0.06708651391120118,0.003880251131482256,0.002635571724114047,0.638050659795271,first,null_a,17,0,2,4223
4,51,13,0.2376030896974454,0.27525052522285,0.0029208657172123216,0.001963698121738195,0.49271232918568875,-0.10494568722416825,0.042702236290587614,0.003738444917999867,0.0027029645597905585,0.6147326978877529,first,null_a,17,0,2,4224
5,51,13,0.29557963367735957,0.3192939568379801,0.0028276799169673736,0.0018645613655698472,0.4769930879979971,-0.08666017526777019,0.06747893376428142,0.003492304382024217,0.0024772637785401906,0.5742584795807455,first,null_a,17,0,2,4225
6,51,13,0.3047230822923963,0.32257467531685585,0.0028069619052158486,0.0018289393846927396,0.47349822694839944,-0.17737958244287358,-0.10007314985586044,0.0037308192585821342,0.0024954240172037614,0.6134787695058032,first,null_a,17,0,2,4226
7,51,13,0.26671270665909247,0.3453206569383722,0.0027686915168805564,0.0017995947345289768,0.46704250662397484,-0.23681381909230007,-0.11098786763004158,0.00375985766498476,0.0025939138187339537,0.6182537115744421,first,null_a,17,0,2,4227
8,51,13,0.33958359445629294,0.36643688430176835,0.0027406492313238533,0.001774119239312411,0.4623121351622151,-0.07262357895269288,0.024422258414723848,0.003447876002820733,0.002305645728731839,0.5669528811274854,first,null_a,17,0,2,4228
9,51,13,0.36440883216808667,0.39237086989264347,0.00271078446059763,0.0017260750801400496,0.4572743339862138,-0.04396868953830979,-0.024045822822649488,0.003502044390630394,0.002313401047667043,0.5758600818242603,first,null_a,17,0,2,4229
1,51,13,0.14266429911523165,0.19124800962710387,0.0038422053396535314,0.002963298581533184,0.6383798932928026,0.012632936683569594,-0.016848182558085678,0.004393028799347681,0.0033404734342388606,0.7365077574676365,first,null_a,17,0,3,4231
2,51,13,0.14932834919945256,0.21012508695978543,0.0033197825452295025,0.0024752059104077135,0.5515796891714339,0.11099027554723756,0.06923688060103225,0.0035529151668102226,0.002563577879790723,0.595659555514116,first,null_a,17,0,3,4232
3,51,13,0.22168791637960295,0.25100558445974763,0.003051458240703865,0.002172630618806056,0.5069977822329599,0.08893638007562056,0.1268869405085752,0.00327943601017201,0.002405059060907383,0.5498097490207784,first,null_a,17,0,3,4233
4,51,13,0.20014805157116003,0.2750747222458056,0.00293447774939075,0.0020489564984967593,0.4875615504441247,0.00782761542255213,0.15279700111746897,0.0031787598615299222,0.00238769686346594,0.5329310150416448,first,null_a,17,0,3,4234
5,51,13,0.2640542759135131,0.32839107962517977,0.0028173949846533163,0.0019017573669076642,0.468108325993021,0.020119121384944167,-0.05451022060505085,0.0034805502177904252,0.002441862221670967,0.5835273003534521,first,null_a,17,0,3,4235
6,51,13,0.27578553884167306,0.35323441020619795,0.00277527329311916,0.0018783457476392734,0.4611098346137675,0.05676601879133524,-0.01693868633363025,0.003348980759432626,0.002334831608431808,0.5614691871126003,first,null_a,17,0,3,4236
7,51,13,0.33026712528779795,0.3930216424340669,0.0027217588824989024,0.0018062671668047049,0.4522184504420752,0.101506088847861,0.06478390073123975,0.0032427508570452156,0.0022817554270758334,0.5436593454846612,first,null_a,17,0,3,4237
8,51,13,0.29548530000578105,0.38198956120603067,0.0027365054512908243,0.0018220870874389385,0.4546685831600394,0.0032246234777880346,-0.025308844223891704,0.0032661430958676047,0.002260269016410298,0.5475811420728793,first,null_a,17,0,3,4238
9,51,13,0.33377254146522795,0.40825411923705823,0.0027097359249615405,0.0017900572529647048,0.45022084394495415,0.12730307667016527,0.140936480516046,0.0030817723912020516,0.0021357231151139288,0.5166707018189666,first,null_a,17,0,3,4239
1,52,12,0.09874261019878998,0.14748682027748233,0.0035875926218052,0.0026789718484695893,0.6389391514752749,-0.013798142156351114,-0.041682872444966323,0.00438227571937694,0.0033924783834717266,0.7409390769548735,first,null_a,17,0,4,4241
2,52,12,0.14039762933695518,0.15634272646552672,0.0031018040354781717,0.002144073395882743,0.5524217065297049,-0.053626970044880505,-0.035986360894103744,0.003753319153609036,0.0026379502018894045,0.6345974117729677,first,null_a,17,0,4,4242
3,52,12,0.24929443141128535,0.2578701647251149,0.0027511579132871514,0.0018753314618212237,0.4899727165247881,-0.01897505479595032,-0.0988644310505016,0.0034066099068550985,0.0022072164118494397,0.5759770862362382,first,null_a,17,0,4,4243
4,52,12,0.2366291147055192,0.27740958505387303,0.002632403058206926,0.0017442722324619265,0.4688228440790284,0.04252165744703059,0.014933283409218713,0.0032481341282825744,0.0020603539295058226,0.5491825838784711,first,null_a,17,0,4,4244
5,52,12,0.288934584516607,0.3306753381276013,0.00252155123430766,0.0016437347628900612,0.4490804770468304,-0.04419162926625614,-0.04119445882913797,0.003174524587311377,0.001919598592735256,0.5367369531526104,first,null_a,17,0,4,4245
6,52,12,0.29728949252994197,0.3324136898588564,0.002503885742673134,0.0016023290427686924,0.44593430761645675,0.0880701388164075,0.1687632245742882,0.002882041322919908,0.0018512593856584794,0.4872849574726638,first,null_a,17,0,4,4246
7,52,12,0.2950059019632053,0.34634616076605595,0.0024798452934719647,0.0015810181972876142,0.44165277795773245,0.0027345788539818393,0.010095440406570934,0.002997430933718046,0.0019122613850253917,0.5067946088934809,first,null_a,17,0,4,4247
8,52,12,0.3368371897765156,0.378902292834848,0.002441278069989432,0.001542392130226389,0.43478407472289105,0.15040183696900117,0.15392326968019157,0.0028977458194896755,0.001777914509036101,0.4899402160500723,first,null_a,17,0,4,4248
9,52,12,0.34957105815532785,0.41085047486812887,0.0024102532650698456,0.00153006001000689,0.42925865290952137,0.036050516647531575,0.066998267609635,0.0029523269678124564,0.001931928102834096,0.4991685960624482,first,null_a,17,0,4,4249
1,51,13,0.15003858992448857,0.17691812622560993,0.003990949139998163,0.003061261430798651,0.6546644669765158,-0.007321792131918713,-0.11266076262174524,0.005302796999916905,0.0037905892865027603,0.8096043129216874,first,null_a,18,0,0,4201
2,51,13,0.13962894544096194,0.22570765245279337,0.0034278708510674188,0.002567988681135419,0.5622986324449677,0.037266530937417004,0.06390155010566917,0.004194993012404599,0.0028073898736282747,0.6404703848878855,first,null_a,18,0,0,4202
3,51,13,0.15357015271102042,0.24111338682682365,0.0032283971551039965,0.002314473209161942,0.5295775086564072,-0.09295767523615625,-0.04745211638206836,0.0042386996273749995,0.0028977826561809106,0.6471432905231189,first,null_a,18,0,0,4203
4,51,13,0.19068376141577423,0.2510226612619948,0.003137444039017328,0.0021697144987854527,0.5146578063064144,-0.060787313951870904,-0.0007152109876667131,0.004054489057641465,0.0027017346473867903,0.6190189493981677,first,null_a,18,0,0,4204
5,51,13,0.19303201514345716,0.2703502992436424,0.0030752198136910864,0.002099329039375248,0.5044507132372581,-0.06925985406998064,-0.07510436145252954,0.003998241454167058,0.002487747296259581,0.6104313488611111,first,null_a,18,0,0,4205
6,51,13,0.2090863625380937,0.3154623125761608,0.0029949270604486497,0.002046369484488629,0.4912797078799809,-0.08122257489346096,-0.06008528810325312,0.003992824817073199,0.002676628989538064,0.609604364016549,first,null_a,18,0,0,4206
7,51,13,0.23221050597929713,0.3350994140514952,0.002963867652318501,0.0020141024151813063,0.48618480685397103,-0.20831067666510703,-0.18701182000049937,0.004137666603735708,0.002667666752952059,0.6317180778123228,first,null_a,18,0,0,4207
8,51,13,0.26021821836429115,0.3483235294192548,0.0029473192306157608,0.0019747580077333618,0.48347024866410343,-0.1690082069828905,-0.052455375973462684,0.0039385225124330065,0.0025416312111334826,0.6013137618986525,first,null_a,18,0,0,4208
9,51,13,0.20548047750049284,0.33421055507694203,0.0029635183801807368,0.0019944057855288957,0.48612751320028663,-0.18706609845850347,-0.09431044902139384,0.003981122527462917,0.0025743671470571015,0.6078177174336814,first,null_a,18,0,0,4209
1,51,13,0.13624388601692522,0.17444519631550548,0.0038661642906756576,0.0029188739971661853,0.6532780856533824,-0.008915135497413977,0.147890025034891,0.0031093587435036133,0.002514059743902193,0.6148677932054246,first,null_a,18,0,1,4211
2,51,13,0.1582676895604454,0.22712100509921457,0.003292881846312791,0.0024261706992218827,0.5564087263518885,0.2289229757584188,0.2341129213312105,0.0024259769773726557,0.0018403604853456563,0.47973078486385906,first,null_a,18,0,1,4212
3,51,13,0.11404582664707576,0.227301898904454,0.0031125843836770557,0.002222505496673194,0.5259432902288285,0.1211067413599059,0.17950058981615197,0.002314759208945837,0.0018416870658204442,0.4577377536703035,first,null_a,18,0,1,4213
4,51,13,0.18329757081119383,0.2645294090141562,0.002966152180246602,0.0020432657918607114,0.5012001747420483,0.09015035597314078,0.09063727745636548,0.002387553587730215,0.0018560915939583528,0.47213265716428754,first,null_a,18,0,1,4214
5,51,13,0.17908776086698366,0.2748431266537086,0.0029244279235592892,0.001979277766098837,0.49414989428714434,0.2065150039833584,0.18860267972747327,0.0020457847414861387,0.0014842276147212165,0.4045487359729775,first,null_a,18,0,1,4215
6,51,13,0.18615343933731393,0.3069951069891488,0.0028611527019584545,0.0019444741499657413,0.4834580786971082,0.05608315734898013,0.06758774445618958,0.0021452841985308726,0.0016267302760576176,0.42422450085731417,first,null_a,18,0,1,4216
7,51,13,0.22890858041947557,0.33896064463745895,0.002814462878937335,0.0018698170930349447,0.47556875069408083,0.22662147978603675,0.21087427898859884,0.0019681250920096445,0.0015193148863512675,0.38919173755827735,first,null_a,18,0,1,4217
8,51,13,0.2386997649522781,0.3505458802773161,0.002799677425569775,0.0018436506196582718,0.47307040557854285,0.23825541547060533,0.2192412174165345,0.0019384218314394972,0.0014512526406015057,0.3833179932320782,first,null_a,18,0,1,4218
9,51,13,0.25214122199451106,0.37197083976079043,0.0027771003598442037,0.0018158216055145597,0.46925548692326385,0.10997862896597072,0.15500008371772486,0.002000154792063606,0.0015769874602283656,0.3955255293828322,first,null_a,18,0,1,4219
1,51,13,0.11515934278871578,0.14807296471597545,0.00350467223452906,0.00272753170576427,0.6348187349456278,0.027453559099128718,0.05910884718064979,0.003504036616693074,0.0027465186061265082,0.662178811405192,first,null_a,18,0,2,4221
2,51,13,0.1540905319957908,0.17336176369705109,0.0029476574113901258,0.0021589192380335304,0.5339238661224563,0.008813970839287293,-0.09685310892399542,0.0032941423172551604,0.0022510536447810144,0.6225138270096544,first,null_a,18,0,2,4222
3,51,13,0.13141042797593291,0.18538539866295495,0.0027196395756540663,0.001966569988099375,0.4926218600173245,-0.011975366405746153,0.0021940977998863766,0.00275204067413742,0.0019371093075837421,0.5200696287982548,first,null_a,18,0,2,4223
4,51,13,0.1852687369071369,0.2332711035636672,0.0025483579314825827,0.0017892768006951027,0.46159676283389,-0.16958990376711894,-0.15788386776947883,0.0030021234381439697,0.002010977667048695,0.5673292683333766,first,null_a,18,0,2,4224
5,51,13,0.19119895255448663,0.2529384699052518,0.0024715621446118803,0.001714885789924172,0.4476863595185385,-0.07269945244628788,-0.16082800408139558,0.0027340547074829716,0.0017362150264275422,0.5166707128267499,first,null_a,18,0,2,4225
6,51,13,0.19753697295230052,0.25893528692342255,0.0024383423499227445,0.001678805342180607,0.44166909267345666,-0.013164051138734683,-0.03607733400761867,0.0026417723804698125,0.0017285097465711684,0.49923156812028036,first,null_a,18,0,2,4226
7,51,13,0.22204466318473437,0.30444737471756855,0.0023670228111865982,0.0016302585100782356,0.4287506294541794,-0.1611426548135409,-0.13142941851250148,0.0026824321496269187,0.0017726296401089552,0.5069152885141247,first,null_a,18,0,2,4227
8,51,13,0.2518024278217708,0.31513021896193066,0.0023474508052802323,0.0015852551728443496,0.4252054545566766,-0.24657620860152504,-0.19587537762803708,0.002612237050284337,0.0017022634786353606,0.4936500996665815,first,null_a,18,0,2,4228
9,51,13,0.26363140083402326,0.3428282997633051,0.002313422980073175,0.001558732268701985,0.41904182511992905,-0.18886177114025215,-0.10686278585463521,0.0025177102820016888,0.0016917057893621034,0.4757868094346288,first,null_a,18,0,2,4229
1,51,13,0.1558896657565725,0.1767879257084698,0.003730551069721314,0.002943212868497032,0.6435536516564587,0.21164911038328757,0.11503237976317128,0.0038898309809630065,0.0032499340698982325,0.7511672508314318,first,null_a,18,0,3,4231
2,51,13,0.1524687834192781,0.21671740501817377,0.00318550731269622,0.002298365099031105,0.5495286956672465,0.15183550626588602,0.14161883046296023,0.002930006153039464,0.0020725480301453914,0.5658149872498958,first,null_a,18,0,3,4232
3,51,13,0.12728012842884984,0.21916591720700868,0.0029765870013030676,0.002094623037475285,0.513488060707567,-0.04374106905752475,0.025563270298016333,0.0029470127768094737,0.0021216970665063777,0.569099145066974,first,null_a,18,0,3,4233
4,51,13,0.184160079505456,0.2754749676601608,0.0028128114696949116,0.0019711739484697135,0.4852353067715968,0.11723719318656027,0.11461500448229664,0.0025753048570551365,0.0016814094704058853,0.49731843851169577,first,null_a,18,0,3,4234
5,51,13,0.20860192969386807,0.28308650199383767,0.002760684427637814,0.0018639703338428275,0.4762429226334537,0.1360538195981234,0.12840532106390548,0.002586144636936787,0.0016967962947965888,0.49941171395044026,first,null_a,18,0,3,4235
6,51,13,0.2146841662558698,0.31961004779182245,0.0026931443909220375,0.0018178870704237484,0.46459165812879805,0.07768181185902703,0.10533256420839082,0.0026124120955881296,0.0018402480721417557,0.504484236329439,first,null_a,18,0,3,4236
7,51,13,0.21867022710738784,0.3130961401561398,0.002693363654237479,0.001791857345637427,0.46462948302509066,0.22287838743534943,0.22465780231285828,0.0024220484409983967,0.001690515968529261,0.46772301359862695,first,null_a,18,0,3,4237
8,51,13,0.23937512980659084,0.35318412427221757,0.0026417551845219684,0.0017443830378703468,0.4557265572854091,0.08612906081260512,0.0967757806295764,0.0025510037997965246,0.0016786889990975885,0.4926256489116887,first,null_a,18,0,3,4238
9,51,13,0.2811830636513052,0.37331686812254683,0.002618992538348763,0.0017000958327619228,0.4517997958519502,0.1355227051429583,0.10219972024783539,0.0025017469830409043,0.0016142179143431013,0.48311363982746186,first,null_a,18,0,3,4239
1,52,12,0.16120088899864182,0.17250928275804153,0.0037924991634733615,0.00291267521031844,0.6492050618834124,0.04774031938211043,-0.10256998735876302,0.004596764300985605,0.0035733474179727356,0.7552827995040498,first,null_a,18,0,4,4241
2,52,12,0.12455997036671194,0.18181769895440408,0.0032754698234461386,0.002382965799468204,0.5606992903012507,0.12217931322408936,0.08388652095787714,0.003856387488508106,0.0028619960518920305,0.6336333445829019,first,null_a,18,0,4,4242
3,52,12,0.1846489690085196,0.22694880177422852,0.0030188518652768835,0.002102833412932533,0.5167710861718428,-0.20271370420624155,-0.2272047952928245,0.003915983961312357,0.0028144923418348313,0.6434254913785317,first,null_a,18,0,4,4243
4,52,12,0.1878122731201383,0.2537004765005034,0.002896454031580349,0.001984579136982418,0.49581886185372864,-0.08168249660786975,-0.10780617788871015,0.0034749665631478776,0.002391072881750712,0.5709630301111047,first,null_a,18,0,4,4244
5,52,12,0.21608173848623288,0.26866094095599496,0.0028309624313320016,0.0018960408538314284,0.48460792242846257,-0.15866819747416766,-0.2118432026504372,0.0035758664914153897,0.002359182458013251,0.5875416439580894,first,null_a,18,0,4,4245
6,52,12,0.2112202000246944,0.26503252187361814,0.0028129289863148255,0.0018654849353887777,0.48152093327336815,-0.020185784364888843,-0.13822974605214366,0.0034354252252985587,0.002360257285376904,0.5644660921800985,first,null_a,18,0,4,4246
7,52,12,0.24170643289294977,0.3176808331325974,0.0027379625732397287,0.0017904212037799495,0.4686880827592964,0.03483978707859305,-0.1145604837092361,0.0034785223268943275,0.002201413110312439,0.571547268723517,first,null_a,18,0,4,4247
8,52,12,0.248851808865292,0.33410060115784707,0.0027133592628889353,0.0017789312098513764,0.4644764552993195,-0.005740528128587831,-0.22378516059501252,0.0035346832412461835,0.002211239898417165,0.580774927536757,first,null_a,18,0,4,4248
9,52,12,0.2536251389060378,0.330199331361666,0.0027163547141056264,0.0017689241508081727,0.4649892206312754,-0.11186723724037158,-0.06934248390100607,0.003272091599264785,0.0022188158449090115,0.5376291542284429,first,null_a,18,0,4,4249
1,51,13,0.17230878923000167,0.16576216172206437,0.003693650021850476,0.0028002388350611444,0.6481838703416365,-0.06276002478534123,-0.030888817759981757,0.004011539336737936,0.003122668638064677,0.7079874595619847,first,null_a,19,0,0,4201
2,51,13,0.17301330652406893,0.2157535335204986,0.003111865824639309,0.0022605008827671033,0.546088888299182,0.015389673617521719,-0.022093875906811798,0.0034317111686237,0.002305036260943389,0.6056549040847915,first,null_a,19,0,0,4202
3,51,13,0.204569628461214,0.2506310711962252,0.002872960953170153,0.002005418491215239,0.5041644278559133,-0.12844117907409044,-0.22582469818851136,0.0034906049061135852,0.0022523704719965305,0.6160489259525866,first,null_a,19,0,0,4203
4,51,13,0.20537687928238219,0.25862745074282134,0.0027802855257265165,0.0019048954146156005,0.48790118773012386,-0.1028718117325712,-0.13915304573467277,0.0033101839594978782,0.0021027184526285943,0.5842068431699474,first,null_a,19,0,0,4204
5,51,13,0.23513250277977568,0.2864813321466434,0.002702895628772384,0.0018235870753833864,0.4743203442186048,-0.034130426535489825,-0.13149748811319603,0.0031485315758668837,0.001923563413843044,0.5556771814087063,first,null_a,19,0,0,4205
6,51,13,0.247831725529615,0.30046719852049614,0.0026666389072231337,0.0017716159496445033,0.4679577971552211,-0.007574703777235423,-0.11140087084378898,0.0030826549027387316,0.0018627125468782346,0.544050757101891,first,null_a,19,0,0,4206
7,51,13,0.22157657711816764,0.3193072579917781,0.002630918053482765,0.00177641889536995,0.461689287390525,0.0030728764905980093,-0.008337950006055804,0.0029698192750864253,0.0018457203711580716,0.5241366536458846,first,null_a,19,0,0,4207
8,51,13,0.2647663695478555,0.3394313516266041,0.002602571117666188,0.0017062714300854912,0.4567147969918083,-0.006714804183158613,-0.17531725876779045,0.0031630796380566206,0.0018736225998618149,0.5582447358377343,first,null_a,19,0,0,4208
9,51,13,0.2585804524162184,0.34550999477549105,0.002594368358870182,0.0017319950618489746,0.45527532765594236,-0.04895104895104895,-0.0163507037592293,0.00291823735018236,0.001914233513019901,0.5150330769620665,first,null_a,19,0,0,4209
1,51,13,0.0788123856034382,0.14830610658055793,0.003927532020975053,0.002977966288429764,0.6614629728667972,0.060964352103592606,0.03372030803786984,0.004084321924551036,0.002918815518463673,0.6987219098757371,first,null_a,19,0,1,4211
2,51,13,0.15932903601116882,0.2234226319051809,0.0033038839064117153,0.0023785393459816754,0.5564300581308339,0.0017577359349511246,0.01307567398036175,0.0036909736527187416,0.0026759317811085367,0.631430187818056,first,null_a,19,0,1,4212
3,51,13,0.20101714838740065,0.25799136237906606,0.0030714192821477823,0.0021294041265614914,0.5172790746045914,0.15373234360576132,0.12045686713689056,0.003273529507365936,0.002348727417299016,0.5600162846303391,first,null_a,19,0,1,4213
4,51,13,0.21106728728971744,0.27551909260463925,0.002965367241448098,0.0019859105124786875,0.4994181131292504,-0.12302886986431288,-0.10619686384404357,0.003481008158895228,0.0024558147209508383,0.5955105190058346,first,null_a,19,0,1,4214
5,51,13,0.22163455259157774,0.31425988190599885,0.0028772451599373017,0.0019290365777091117,0.48457686073460526,-0.03160131008232274,0.015001378211896293,0.003241900561202018,0.002255818701431336,0.5546053894856233,first,null_a,19,0,1,4215
6,51,13,0.27406105673805936,0.3430999382699814,0.0028280655423716383,0.0018469868434982035,0.47629417943100133,-0.05269414130173624,-0.0757304368465764,0.0032409861651950264,0.002125283593462021,0.5544489599641041,first,null_a,19,0,1,4216
7,51,13,0.28490592902978534,0.36221403094170646,0.0028002312687449406,0.0018281344108855308,0.4716064158984884,-0.13339824732229794,-0.10594497150866043,0.003220963226355101,0.0021993623418602505,0.5510235526808387,first,null_a,19,0,1,4217
8,51,13,0.26329083610350135,0.36218417166718786,0.002799742570759499,0.0018268808197622365,0.47152411087320595,-0.08236067729738616,-0.05943226091975339,0.0031671404029880493,0.0021111065585652862,0.5418158588132539,first,null_a,19,0,1,4218
9,51,13,0.27271024467790916,0.3718169596948012,0.002789380871822033,0.0018155579156637336,0.469779025117947,0.03524323777488334,0.051525362889537366,0.00302413692160332,0.0020533483284173515,0.5173516594974762,first,null_a,19,0,1,4219
1,51,13,0.15242213128051843,0.1305317162070735,0.003860254595988503,0.0029176058319979074,0.6627328140359042,0.04953274573527737,-0.06810987950256252,0.003864138182210317,0.0027972193612718155,0.6905200253524858,first,null_a,19,0,2,4221
2,51,13,0.12149748671381674,0.16430483987334726,0.0033070751281389695,0.002364935384139534,0.5677623460839253,-0.045916109207248444,0.0015868804207280836,0.0032139144722206177,0.002406609557994904,0.5743252953674293,first,null_a,19,0,2,4222
3,51,13,0.15260441638050884,0.21074828400408138,0.0030264456931740095,0.0021027672973254483,0.5195835717282383,-0.08299295641067791,-0.06314149874981753,0.003342622041333194,0.0024415444845149858,0.5973252890777567,first,null_a,19,0,2,4223
4,51,13,0.1450294760812467,0.2342975623106946,0.0029075559784630363,0.0020073961212824084,0.499172452919596,-0.158057132740677,-0.19150513675280387,0.0030862829535328565,0.0021400266607851087,0.5515175914592743,first,null_a,19,0,2,4224
5,51,13,0.1962573537852796,0.2755298561329075,0.0028058764838120856,0.001882267544105877,0.481716003883877,-0.14161787579509097,-0.0669567794720116,0.003026610139432617,0.002306210649566189,0.540854082246521,first,null_a,19,0,2,4225
6,51,13,0.23418850725179288,0.3133186808045723,0.0027425326453508225,0.0018037541066407443,0.47084106305513124,-0.19776426105540026,-0.15345575074034112,0.0029550087443381947,0.0021070062149627544,0.5280589401412269,first,null_a,19,0,2,4226
7,51,13,0.24177098271556782,0.31448434295739713,0.002732940325561556,0.001768231139410694,0.46919424289625394,-0.1410108878463309,-0.10219421183417492,0.002871502033310727,0.00206421655771016,0.51313632260098,first,null_a,19,0,2,4227
8,51,13,0.25705279045671,0.33168326046199,0.002708325944688881,0.00174932615423773,0.4649684185378162,-0.14991337776147903,-0.09059776202102167,0.0028428127572441802,0.0020900155991268638,0.5080095598656255,first,null_a,19,0,2,4228
9,51,13,0.2617993676391119,0.3545050632548151,0.002683501111708863,0.0017327913629864389,0.4607064635268914,-0.16271070701450446,-0.08354663440919669,0.0027729104258585485,0.0019942276177454983,0.49551803979969594,first,null_a,19,0,2,4229
1,51,13,0.14597573627615956,0.18768658202563565,0.0037972765338325416,0.0028942309335016486,0.6444338279620911,0.16698491382035685,0.06581408519601978,0.003058547345706158,0.0023340637324473887,0.6550206289839413,first,null_a,19,0,3,4231
2,51,13,0.22180724373893707,0.28311536166697937,0.0031362218893914552,0.0022686825716539453,0.5322465876561222,0.09270476359083953,0.029951735454407095,0.0025861111440462436,0.002024762345920435,0.5538433631160448,first,null_a,19,0,3,4232
3,51,13,0.211030929091549,0.28604221165198845,0.002948081200464633,0.002054568761223508,0.5003173290729537,0.1137470124811897,0.06339587577386754,0.0024038062966014098,0.0018354348817003574,0.5148008300626398,first,null_a,19,0,3,4233
4,51,13,0.2596233521254023,0.3100633009742449,0.0028321891047864934,0.001914282329405025,0.48064934171859724,0.05977566737060408,0.039726221552867924,0.002386657061294053,0.0018924326850569696,0.5111281378895438,first,null_a,19,0,3,4234
5,51,13,0.2637716043048765,0.33286898131952875,0.002768351139564613,0.0018595192182561794,0.469815433803093,0.10691839805763856,0.061247906967479,0.0021579234091777004,0.0016616004711682204,0.4621423797029379,first,null_a,19,0,3,4235
6,51,13,0.29591365146166543,0.3506150528818843,0.0027255537879310693,0.0017949647973716527,0.4625523174895681,0.007347083296450384,-0.09602872423482499,0.002337563013112253,0.0017550807884479614,0.5006141223505802,first,null_a,19,0,3,4236
7,51,13,0.3199130680834642,0.38361292947123715,0.002676020918450655,0.001749837402099368,0.4541461199411918,0.05170778588500107,0.0078327160924236,0.002159986258516379,0.0016424240497650343,0.46258416095351007,first,null_a,19,0,3,4237
8,51,13,0.30690782706772735,0.40007656193312346,0.0026558071564900952,0.0017214432852371358,0.45071565289943266,0.007018298157538664,-0.10516488132851091,0.0022683223061789938,0.0017471444470147047,0.4857854843468599,first,null_a,19,0,3,4238
9,51,13,0.36684627259705244,0.42712174693042754,0.002625293689849985,0.001687646261974028,0.4455372283269581,0.008384021042248889,-0.0913506172544635,0.002274711975327693,0.001761860646882339,0.4871539003403727,first,null_a,19,0,3,4239
1,52,12,0.13560138288677617,0.1581681606028975,0.003725370355241201,0.002864338990708845,0.6472835831477449,-0.0881953867028494,-0.10101370126917579,0.005010440921520717,0.0038184455196817566,0.7400135777027272,first,null_a,19,0,4,4241
2,52,12,0.19559970366711943,0.23389379397313476,0.0031012049517463503,0.002235514826604317,0.5388347632116001,-0.08335246842709532,-0.043838090380809464,0.004328123425201365,0.003074998378913115,0.6392391709211376,first,null_a,19,0,4,4242
3,52,12,0.26649640696382265,0.2879484292911981,0.002817724556022624,0.001969910777211504,0.489580007630577,-0.11449744285565182,-0.04283883260887587,0.004123744834004182,0.0029522528407199948,0.6090536174246268,first,null_a,19,0,4,4243
4,52,12,0.19347247808371404,0.2919598574358591,0.002724983388912872,0.0018829785208116562,0.4734662177982055,0.013130153428660895,-0.02829422903373971,0.004019461039736475,0.002849817628965748,0.5936514951561063,first,null_a,19,0,4,4244
5,52,12,0.3031993579454254,0.31489031459326483,0.002654891048939343,0.0017500723566433584,0.4612876646228291,-0.015760359043941137,0.04732503559628178,0.0038226302863035543,0.0026779847879998724,0.5645807142944469,first,null_a,19,0,4,4245
6,52,12,0.3318755895789604,0.3650913433852737,0.002571985620652866,0.0017059269559150886,0.4468828356886614,-0.07809205719653482,-0.03704935236351349,0.0038988182229337588,0.0027555419455813925,0.5758332384627979,first,null_a,19,0,4,4246
7,52,12,0.3366812199036918,0.38538744670671093,0.0025388879435491968,0.0016551688978714686,0.4411321099925196,-0.10034443168771529,-0.07935651038916963,0.003918172289846553,0.002763037515149421,0.5786917238782666,first,null_a,19,0,4,4247
8,52,12,0.3448359056673664,0.40773831469973587,0.0025114347924161664,0.0016243040218940942,0.43636212141699887,-0.10819329923807537,-0.1128487482992956,0.003919697078344169,0.0027405750271135842,0.5789169264520588,first,null_a,19,0,4,4248
9,52,12,0.3142853191752068,0.39850154791135023,0.0025228435639477165,0.001638135634029373,0.43834439695260197,-0.08877987683957834,-0.04842229527958955,0.0038147285543709626,0.002586402633745878,0.5634136735072042,first,null_a,19,0,4,4249
1,51,13,0.14268682225724538,0.15499722408694888,0.003674850032665414,0.0028220528425152804,0.644925248985258,-0.015566711769243414,-0.11972261173532142,0.0045330705563902075,0.0031512237007491387,0.771543957846771,first,null_a,20,0,0,4201
2,51,13,0.19127315127826858,0.2411181724828655,0.0029991763538696915,0.002223037806939941,0.5263465283145657,0.031348398437006035,0.027818493713508006,0.003795179554611614,0.0026875178519201385,0.645952410817083,first,null_a,20,0,0,4202
3,51,13,0.20338846054200807,0.25773423216505864,0.0027868946980045732,0.001980890992987041,0.4890917291943647,0.1120777956220994,0.03895317341317521,0.0035368609348067326,0.0023914462324754245,0.6019857070496296,first,null_a,20,0,0,4203
4,51,13,0.2356752816792727,0.29128999869659467,0.0026555904872878045,0.0018493158416374273,0.466048230810322,0.0919460286548894,0.08529077006218508,0.0032993961157246855,0.002179820627753823,0.5615683907769643,first,null_a,20,0,0,4204
5,51,13,0.28057386824711317,0.3116310951713852,0.002588427014265866,0.0017682591687738862,0.4542612410892827,0.13521921116857824,0.107724536512635,0.0031921259181694013,0.0020657015567585014,0.5433106399320897,first,null_a,20,0,0,4205
6,51,13,0.30092214766847186,0.33224725070899397,0.0025456714171948206,0.0017251042003519324,0.44675776099037984,0.16126911063619923,0.21217106469304628,0.002958741394283807,0.001813305934563298,0.5035878037178952,first,null_a,20,0,0,4206
7,51,13,0.30411993972527196,0.35065714960609157,0.002513468170799716,0.0016848742714939142,0.44110618704453564,0.06875403077934723,0.1323781134259513,0.0030504105435223625,0.001879502948810974,0.5191902033135202,first,null_a,20,0,0,4207
8,51,13,0.3442151677344091,0.36951805629989254,0.002489509503697767,0.001661573981324754,0.43690151223910634,0.10196132980943107,-0.003640187797424658,0.0031856996427631784,0.0018443160611953313,0.5422168660983379,first,null_a,20,0,0,4208
9,51,13,0.36075135390024227,0.3828938734309123,0.0024747298664270392,0.0016526217816206729,0.43430772986376887,0.1935912189076746,0.1254431088667342,0.003051041292115593,0.0018200747894856638,0.5192975588598266,first,null_a,20,0,0,4209
1,51,13,0.11570730983427083,0.15297964029347053,0.0039011069139718605,0.002959750309060897,0.66143034869413,-0.005551410614701753,0.09365938042305999,0.003653400974524464,0.0029600968252565707,0.6752459989139707,first,null_a,20,0,1,4211
2,51,13,0.16132593695859018,0.1987218060691735,0.0033495861982066172,0.0024152523105016826,0.5679203405387185,0.13600323726906002,0.11283284381307108,0.002928391292310078,0.002234909395787827,0.541244861206146,first,null_a,20,0,1,4212
3,51,13,0.16867951635937742,0.22724155468155335,0.0031225050796373902,0.0021588011156663837,0.5294188724299722,-0.03375105906751476,-0.10158572303466304,0.00297910352325496,0.0021767076873721357,0.5506178348491473,first,null_a,20,0,1,4213
4,51,13,0.21487003364718593,0.2815487952044986,0.002964332845594226,0.0020298450351277416,0.502600864560923,0.11126847835708595,0.14583064299938292,0.002625332358166779,0.0020062937529238514,0.4852314824003796,first,null_a,20,0,1,4214
5,51,13,0.22304391658581116,0.27904733633224654,0.0029318619178570946,0.0019385536318419327,0.4970954381449815,0.16405113873468302,0.11382525804473398,0.0025642482596833025,0.0018578467861978258,0.4739415108407692,first,null_a,20,0,1,4215
6,51,13,0.2338168136449229,0.30850379184354215,0.002878732659697675,0.0018914520201934592,0.48808740413689367,0.016198990882535184,-0.008104264388316698,0.002603310908643636,0.001920797648761176,0.48116133083900503,first,null_a,20,0,1,4216
7,51,13,0.30983542377188755,0.35899514079730566,0.002805106206102357,0.0018332495085312272,0.4756040828774203,0.10502156071776324,0.052206417212383005,0.0025567914628946216,0.0018643582113047781,0.4725632957936439,first,null_a,20,0,1,4217
8,51,13,0.3052850902729179,0.3559714425873649,0.0028080006345381665,0.0018145165841435826,0.47609483149102816,0.035142073116756656,-0.040438824410453926,0.0026516405734091017,0.0019513624592745026,0.4900939426681738,first,null_a,20,0,1,4218
9,51,13,0.30413686296360404,0.3639801552667201,0.0027986548614163994,0.0017981581641005522,0.4745102612367223,0.05959862921888238,0.04958901342535851,0.0024946288666856226,0.0018194460818015828,0.46107398907233754,first,null_a,20,0,1,4219
1,51,13,0.11592912366613174,0.1855853733180612,0.0037527989240228065,0.0028583322368476525,0.6468088730040706,0.109649843827059,0.1051898298882023,0.0034949001025906907,0.002772414043983599,0.6525084185883978,first,null_a,20,0,2,4221
2,51,13,0.17531367284012128,0.21263293293142618,0.0031856347855566936,0.002287632773615074,0.5490560211629305,-0.03607784620442848,0.044406909623744446,0.0031650212252680413,0.0024409490387756207,0.5909190345576614,first,null_a,20,0,2,4222
3,51,13,0.18738323583187308,0.2391350180242722,0.0029598479767330163,0.0020766059027834674,0.510140823650062,0.1625083776982511,0.11900985682667116,0.0028087094286380933,0.0019465456991195952,0.524394544552624,first,null_a,20,0,2,4223
4,51,13,0.2847317143792185,0.3099888577912834,0.002772090314877283,0.0018729803581288976,0.4777800912683213,0.10097497439269591,0.04928403226490539,0.002727013344879226,0.0018146504480053428,0.5091416386458577,first,null_a,20,0,2,4224
5,51,13,0.23472613918099433,0.3039725599322367,0.002750350554258896,0.0018606557537366407,0.47403316254934696,-0.004413308210776565,-0.056729571060206783,0.0027910622825335746,0.0019316836956279721,0.5210997690056143,first,null_a,20,0,2,4225
6,51,13,0.2921496926723448,0.3430488165160848,0.00267900375958778,0.0017895675140536175,0.46173627673479617,0.12082853855005753,0.07100844236043811,0.0026686671923158763,0.0017414032002135938,0.49824823550921093,first,null_a,20,0,2,4226
7,51,13,0.30680126419472636,0.3539345796638173,0.0026608693890171043,0.001754253283492325,0.45861075041992416,-0.021383679611527713,-0.05152438375128858,0.00270354436544294,0.001728024223397509,0.5047599092091557,first,null_a,20,0,2,4227
8,51,13,0.2807712648518916,0.3603389684022679,0.002651333074673839,0.0017590590019194833,0.4569671311219395,-0.016603649515041917,-0.04222902505440804,0.0026071463099707525,0.0016542544038241104,0.48676210072114573,first,null_a,20,0,2,4228
9,51,13,0.34620543938408965,0.39866793161346303,0.0026084278150636064,0.0016981642067142669,0.4495722498143384,0.027327103276470362,-0.05851559189447758,0.00265086047529723,0.0016881451044017959,0.494923667589952,first,null_a,20,0,2,4229
1,51,13,0.12240285937670106,0.17663520738074187,0.0037312818564738427,0.0028700104673463622,0.6439794845994299,0.15782951225989197,0.012716144545950053,0.004343655599991634,0.0031199694003643664,0.7086459282904399,first,null_a,20,0,3,4231
2,51,13,0.16094996107243423,0.2025065336743384,0.0031678184757815415,0.0023356912377615014,0.5467317098543208,-0.07024620948671581,-0.015625315648808574,0.003840703792380738,0.0028250888524854498,0.6265918283773473,first,null_a,20,0,3,4232
3,51,13,0.13180530353701442,0.22893194226266791,0.0029202176461062593,0.002087445291038753,0.5039984453050262,0.06478331794787491,-0.10045008744138252,0.0039426759282567515,0.0025862938605647184,0.6432280780118155,first,null_a,20,0,3,4233
4,51,13,0.2489428534770378,0.29730679897091866,0.0027403409139397446,0.0018810918843206457,0.4729536382580747,0.13939225331630395,-0.004063415758225636,0.0036211837556931895,0.002437563663649521,0.5907782200937857,first,null_a,20,0,3,4234
5,51,13,0.2775990841192825,0.31306357305109656,0.002682038106955984,0.0018091325350273796,0.46289119509877286,0.014251571213596527,-0.141887209683465,0.003619505338242134,0.0023462740290062316,0.5905043945877615,first,null_a,20,0,3,4235
6,51,13,0.2984173436922767,0.3407855332284545,0.0026327265340047113,0.0017638257046056383,0.4543805431149644,0.004716802185156615,-0.14416221413004243,0.0035578689938043895,0.002272889035708061,0.5804487298337239,first,null_a,20,0,3,4236
7,51,13,0.2943631781298067,0.35735243288020446,0.002602974425771221,0.0017270987195319239,0.44924564629855074,0.005298498969385045,-0.08179320504390951,0.0034320977935269944,0.002202949575027384,0.5599297805475628,first,null_a,20,0,3,4237
8,51,13,0.27928337867882785,0.35814087245747694,0.0025993977704713723,0.0017293911498072443,0.448628353709788,0.004059231907333173,-0.12978226393658135,0.0034642590476774036,0.0021590516337176473,0.5651767300990984,first,null_a,20,0,3,4238
9,51,13,0.2962377870630037,0.37157082946460823,0.002581967558533251,0.0017147816260349189,0.44562008488096844,0.08079262509642256,-0.0650607247798839,0.0033299181823303096,0.00206016025921481,0.5432596823406584,first,null_a,20,0,3,4239
1,52,12,0.15699627114458575,0.16036709201832144,0.0038655294317221094,0.002905175604237397,0.6553738866409251,-0.33551821313015345,-0.2731034674404641,0.0048069702263430335,0.0035927073109934446,0.8142168714034541,first,null_a,20,0,4,4241
2,52,12,0.18064190640819855,0.19519160850675632,0.003325154656765837,0.002350051681638289,0.5637570660316888,0.04665483769961383,0.14703005076512016,0.003620593399391089,0.0026167856543793276,0.6132653400100004,first,null_a,20,0,4,4242
3,52,12,0.24079723422644772,0.2666902432427185,0.0030176968901209217,0.002070851405347355,0.5116297196841414,-0.030957102598893647,-0.09232259875265666,0.003702770731060887,0.002552344730478658,0.6271847459438645,first,null_a,20,0,4,4243
4,52,12,0.2595048277565131,0.27507709301201716,0.00292404854792421,0.0019317693462222768,0.4957522883808709,0.13340987370838117,0.17663995352511352,0.0032387446137933248,0.0022881950522699993,0.5485868192538719,first,null_a,20,0,4,4244
5,52,12,0.26433757253981977,0.29301060444676175,0.002862755200154987,0.0018783403099101755,0.48536042349863817,0.12159482308736043,0.052911913354445936,0.0034027735897708858,0.002373997925902075,0.5763704653659398,first,null_a,20,0,4,4245
6,52,12,0.3328135819236943,0.34316351417307545,0.0027774931380089426,0.0017961178491939839,0.47090482820731505,0.18864419162926627,0.14051874974941184,0.003210752158219552,0.002205788406496816,0.5438453857672916,first,null_a,20,0,4,4246
7,52,12,0.29509045561180397,0.3508552945023676,0.0027603112389431445,0.001799917532781852,0.46799175558181244,0.18417701701283792,0.1664368983309309,0.0031584510417267753,0.002197782359545774,0.5349864893238965,first,null_a,20,0,4,4247
8,52,12,0.3320942338560316,0.36387451600064613,0.002742109547541308,0.0017506797011851356,0.46490578419078726,0.1387955328253836,0.12435050417811358,0.00319469691171654,0.0022940146669822134,0.5411259071847835,first,null_a,20,0,4,4248
9,52,12,0.3383659217187307,0.375765876674747,0.0027281661799346945,0.0017421219096528167,0.4625417822648885,0.19077340569877885,0.17057499911087734,0.003115631751446591,0.0021176858644346274,0.5277336487765208,first,null_a,20,0,4,4249
1,51,13,0.1398889292045353,0.170895702661735,0.0037472390406498024,0.0029007651970773206,0.6463905510648851,0.13999924126506405,0.00761437606055479,0.004178842277701903,0.0030179385786727147,0.6984795233646077,first,null_a,21,0,0,4201
2,51,13,0.11620022488554373,0.1816290377810641,0.0032227716494130348,0.002365790182233578,0.5559210714401452,-0.1138987594683797,-0.09316878848564467,0.003703797854343579,0.0026444526450806827,0.619077435332989,first,null_a,21,0,0,4202
3,51,13,0.18884213426823174,0.258442913723406,0.0028950084151451805,0.0020600003449971383,0.4993826293181106,-0.0009231275054059864,0.03477829485724299,0.0033231566503656557,0.002258128443353494,0.5554545299780537,first,null_a,21,0,0,4203
4,51,13,0.23837459995688068,0.29449089910628534,0.0027579737713866724,0.0018932170275898744,0.47574445253430925,0.08359994435943802,0.038517446882471884,0.003210344492471712,0.00213951736297563,0.536598354741206,first,null_a,21,0,0,4204
5,51,13,0.24417667663175013,0.2956194793228817,0.002719043519550879,0.0018352286877191372,0.46902906911087283,0.06665486412321854,0.07103590302878426,0.003103252542569039,0.0020343006125409725,0.518698293156364,first,null_a,21,0,0,4205
6,51,13,0.269648456164201,0.3355562248703949,0.002649625794412221,0.0017714544482847587,0.45705466312308,-0.0621783280011128,-0.028560907653177016,0.003139909353257126,0.001996638662837047,0.5248253565763221,first,null_a,21,0,0,4206
7,51,13,0.29990049465266844,0.362313688747839,0.0026087173114109946,0.0017175040922829193,0.4499980391437874,-0.15337826730231793,-0.09269270813967788,0.0031754691409181,0.0020446068165668007,0.5307690562629355,first,null_a,21,0,0,4207
8,51,13,0.28434231519453157,0.36529446014331796,0.0026030591847392114,0.0017100340946258415,0.4490220246494639,-0.0643533681508365,-0.07045254009815871,0.003168601896542564,0.002004707224073172,0.529621219312054,first,null_a,21,0,0,4208
9,51,13,0.32524668810990565,0.39125273401102173,0.002573566289168734,0.0016670142211994803,0.4439345645719253,0.020296159536665866,-0.025742480073697567,0.0030706843398680176,0.0019017671347787179,0.5132546268996032,first,null_a,21,0,0,4209
1,51,13,0.1482662615850066,0.1414371770470063,0.003693441516716939,0.002719576327213322,0.6517432842272859,0.045587324068336724,0.019769480309622656,0.003964533209005341,0.003045886048924774,0.6785870373139722,first,null_a,21,0,1,4211
2,51,13,0.16142718815824603,0.19501415477350706,0.003100705916381328,0.00222152784027213,0.5471493858014754,0.1623313395465294,0.19821030843906817,0.003205249869455612,0.0023819830672716273,0.5486247429645255,first,null_a,21,0,1,4212
3,51,13,0.20190868599413028,0.220275853122001,0.0028653491836706175,0.0019980896687786195,0.5056184263297709,0.057904121195260436,0.07821542680460312,0.003114245604541452,0.0022001952548641483,0.5330480505128737,first,null_a,21,0,1,4213
4,51,13,0.20584290656083065,0.23005676623356486,0.002764270244514225,0.0018881392459386432,0.48778207519930683,0.08678663109042856,0.12177843561278691,0.0029537067949943385,0.001995801694711211,0.505569517883349,first,null_a,21,0,1,4214
5,51,13,0.1892995558123459,0.25104673659120924,0.002696846044546827,0.0018223171597754762,0.4758844265363303,0.17821419087241872,0.1421513558953209,0.002816754235918763,0.0019292266417535275,0.48212811219539475,first,null_a,21,0,1,4215
6,51,13,0.19609928003355986,0.2674418885837329,0.002649812608595756,0.0017748743010734763,0.46758492433046006,0.12935166099723064,0.0980239781835987,0.0028254982456456406,0.0018938797495650862,0.48362477557087813,first,null_a,21,0,1,4216
7,51,13,0.24393250436092498,0.2989324728401055,0.0025944150385720454,0.0016968265042078448,0.4578094902097223,0.14746013480190692,0.0706680258794617,0.0028812442789593654,0.0019562439841593012,0.4931665131712696,first,null_a,21,0,1,4217
8,51,13,0.24164976127116497,0.30503342646204945,0.002581090494160038,0.001677626053505889,0.4554582461744213,0.14629674123345007,0.14710043137431011,0.0027645938443552143,0.0018885778529158105,0.4732001088945659,first,null_a,21,0,1,4218
9,51,13,0.280494110795412,0.33884485285355226,0.0025429935940939363,0.0016489986113271782,0.44873568168935246,0.1879259980525803,0.25170278210649955,0.0026814807645948306,0.0018659578086562413,0.4589741065928248,first,null_a,21,0,1,4219
1,51,13,0.1166459113373838,0.09518263508681689,0.003907123854876979,0.002912174253118475,0.6722428366543659,0.03701361929210031,-0.024782586837144047,0.0041226816010096765,0.0033026491512796394,0.7451813789650974,first,null_a,21,0,2,4221
2,51,13,0.1233667839736686,0.177086287913173,0.00327128781087036,0.0023553180278195695,0.5628436361819871,-0.10471806674338319,-0.1762682694942089,0.0037207359466036823,0.002745631055404849,0.6725290506975126,first,null_a,21,0,2,4222
3,51,13,0.1583478999455327,0.2291223787631154,0.0029923831886261845,0.00205340451503277,0.5148565128202829,0.09032739412486247,0.08369034496695289,0.002976076367453824,0.0020491426304881347,0.5379306252662206,first,null_a,21,0,2,4223
4,51,13,0.20552914725160842,0.23936853404784286,0.0028867868092921516,0.0018829988871608032,0.4966880563749277,0.03311877995422299,0.01768003731454521,0.0029625832999653342,0.002027691459469373,0.5354917314561627,first,null_a,21,0,2,4224
5,51,13,0.23938641196547888,0.2898897484441857,0.002782683332748521,0.001824552388631772,0.4787764623286021,0.12376231363573136,0.06403443828351832,0.0028671817057699493,0.001957490634976757,0.518247738735363,first,null_a,21,0,2,4225
6,51,13,0.26301174678619055,0.30998212925608304,0.002739334940977982,0.0017630933939785812,0.47131812547248786,0.07201659100393276,-0.0004903010613480745,0.002870247382085202,0.0018887462752467132,0.518801864696364,first,null_a,21,0,2,4226
7,51,13,0.28450664766213074,0.3396878865789193,0.002697586264207587,0.001717893754134146,0.46413502866237144,0.04852109915401054,0.06425935871077788,0.0027072914734907224,0.0018595583890483834,0.48934732019620064,first,null_a,21,0,2,4227
8,51,13,0.28095651460677223,0.3461760261946625,0.0026869343435849797,0.0017033466481326857,0.462302305257348,0.18317125912062618,0.15909051638397856,0.0026103212441514687,0.0017379691460763453,0.47181979413163866,first,null_a,21,0,2,4228
9,51,13,0.262896207596994,0.3490812229468255,0.002683108662973618,0.0016998421435310042,0.4616440751930245,0.22434527497818635,0.23936497578116706,0.0025155825877664073,0.0017528718602567357,0.4546956284941491,first,null_a,21,0,2,4229
1,51,13,0.0779773411426735,0.10772301454081101,0.003815696416198664,0.0029049773417255944,0.666940561677648,0.07054970346109586,0.0034830477135226958,0.004087484246988007,0.002974116683476182,0.6859681672040742,first,null_a,21,0,3,4231
2,51,13,0.15121078152749887,0.22226201738386303,0.003113724608690162,0.0022530621142910537,0.5442438320337301,0.07133372956157766,0.05178270438227695,0.003726085972290783,0.002738082956109301,0.6253177286592777,first,null_a,21,0,3,4232
3,51,13,0.15458221177419276,0.22711485068543064,0.0029349862224167995,0.0020636311915986894,0.5130023844100556,0.14361587779309298,0.02312031725827075,0.0033603238625684612,0.002207751229426741,0.5639349443161207,first,null_a,21,0,3,4233
4,51,13,0.1986169720233753,0.2614979710642374,0.0027788315333206457,0.0018608701063128014,0.48570831153458793,0.048799301963858926,-0.029251072910372485,0.003476988382141712,0.002410942197371323,0.5835137712506533,first,null_a,21,0,3,4234
5,51,13,0.21956382350223572,0.30176874349635063,0.0026877410707318167,0.0017954932825931299,0.4697867292974471,0.08117199256439762,0.031040564452740952,0.003251366015277539,0.0022045176419597866,0.5456494634940892,first,null_a,21,0,3,4235
6,51,13,0.23692854835837998,0.319903460360829,0.0026474363649886218,0.0017456107466926473,0.4627419227524342,0.2024178353292277,0.05909981456229704,0.0031071814056873354,0.0020029579971647263,0.5214521708800542,first,null_a,21,0,3,4236
7,51,13,0.25852700627666847,0.32391686623072113,0.002634973628339597,0.0017363264277022103,0.4605635773931297,0.11185017514131437,-0.013308806490231313,0.0031805056604030622,0.0021116078928338925,0.5337575650001699,first,null_a,21,0,3,4237
8,51,13,0.27100145053975655,0.34818967141018337,0.0026005667928799547,0.0016963206490132542,0.4545496518435009,0.16749073711099027,0.009683677712140999,0.003142726288857056,0.002030165926307244,0.5274173702271547,first,null_a,21,0,3,4238
9,51,13,0.297667780114182,0.35190854216741707,0.0025947692718679936,0.0016683292692433033,0.4535363107654108,0.2591964997028288,0.06708104238400371,0.003055104811120815,0.0019794904476866087,0.5127125931910762,first,null_a,21,0,3,4239
1,52,12,0.14584496851463144,0.19689897188236816,0.0036619970341036415,0.0028219811290943583,0.6375814921020827,-0.15499425947187145,-0.053218457350965226,0.005502270421712348,0.0038164980593693525,0.7974044315240092,first,null_a,21,0,4,4241
2,52,12,0.17976737868872703,0.1910072633207445,0.003183575243626885,0.002324813361569146,0.5542846253417893,0.042939150401836976,0.04029301116251065,0.004693085267812705,0.0029292943088741643,0.6801350539418353,first,null_a,21,0,4,4242
3,52,12,0.19312581800222248,0.20219651669655614,0.0029652185979781235,0.0020815456591390283,0.5162670751781474,0.19795428452144873,0.21479334362934388,0.00426167443844307,0.0026290374010151116,0.6176137889401531,first,null_a,21,0,4,4243
4,52,12,0.23088499814791952,0.246528029901257,0.002817205963098796,0.0019266506835607178,0.4904969514676509,-0.0008141112618724561,0.07109568455422607,0.004358531914828092,0.0026572312506681042,0.6316506455422707,first,null_a,21,0,4,4244
5,52,12,0.2500537350290159,0.2901243290268117,0.0027148206349978912,0.0018399255731640397,0.4726708883518147,-0.026239432209581467,0.06764433227972518,0.0043193567350829475,0.0025823392560780957,0.6259732688340561,first,null_a,21,0,4,4245
6,52,12,0.26706146437831835,0.2903266656513948,0.0026978202299229996,0.0017972508550205268,0.4697109887306392,0.057384406638137986,0.1346982390890695,0.0042307199495949755,0.002462512690999775,0.6131277777681777,first,null_a,21,0,4,4246
7,52,12,0.3119654278305964,0.33885468938029106,0.002630437519985811,0.001750349563400382,0.4579791472399073,0.04097693351424696,0.08810923910662753,0.0042587002123990435,0.002463288884373374,0.61718275577637,first,null_a,21,0,4,4247
8,52,12,0.3110907025558711,0.35885869523637137,0.00260383970120965,0.001718363435259211,0.4533482650125227,0.14121699196326062,0.20851294744815843,0.0041106633226764885,0.002358790975488325,0.5957288353314604,first,null_a,21,0,4,4248
9,52,12,0.309661143351031,0.3599570556476729,0.0026020694401941535,0.0017090311430158873,0.45304004912672075,0.210980064711408,0.2119716429294776,0.004158277842320725,0.0022801428014869573,0.6026292648013345,first,null_a,21,0,4,4249
1,51,13,0.12356294530557603,0.1015640258693735,0.003702070628467578,0.002808366849106161,0.6608059347066405,0.026011962720823477,-0.0696130217172305,0.003936605248264887,0.002619194886346852,0.7234697840249188,first,null_a,22,0,0,4201
2,51,13,0.12880964329766467,0.1769672188747827,0.0030437543510439674,0.002164295879913869,0.5432989104779927,0.09280592824896622,-0.01692443480743907,0.0034420269789012217,0.0021361358615507517,0.6325761304441694,first,null_a,22,0,0,4202
3,51,13,0.17479020537317344,0.21955423460716447,0.002781488210883132,0.0019205363618260462,0.49648537305971235,0.06746418138823203,0.0638522817603387,0.003120192910829112,0.0020011321966066802,0.5734294268668634,first,null_a,22,0,0,4203
4,51,13,0.1922395875967404,0.24422846673313653,0.0026588621340867752,0.0018017063446538768,0.474597071233778,0.06387283602473476,0.03770891399346803,0.0030722756448931183,0.0019634421597346107,0.5646231859939544,first,null_a,22,0,0,4204
5,51,13,0.23141149031060196,0.2824101071689947,0.0025585775426652836,0.0017052190781490775,0.45669664203575827,0.17937758444087556,0.0019092223226310108,0.0030764126135327478,0.0018196782220020493,0.5653834785860425,first,null_a,22,0,0,4205
6,51,13,0.2522120443057791,0.2925218178250161,0.00252358277332651,0.0016536661245249529,0.45045020495135185,0.13635731357250344,0.008707945804886442,0.002969453544269277,0.0018548032614615945,0.5457265280259993,first,null_a,22,0,0,4206
7,51,13,0.2608626602210677,0.32161117539519196,0.002482553684351489,0.0016296525231919462,0.4431266640978044,0.1043639904399398,0.0519522554597117,0.0028950341082484305,0.0018076794421390157,0.5320497151606532,first,null_a,22,0,0,4207
8,51,13,0.28553159473892337,0.3364795805639145,0.002460444170836971,0.0016004881040917879,0.439180197590244,-0.07856700261763552,-0.05255557488481876,0.002983270568524993,0.0019050549085610606,0.5482658223986204,first,null_a,22,0,0,4208
9,51,13,0.2970739020935898,0.3364174355384911,0.002459333196665471,0.0015919082888120458,0.43898189280367733,0.22077922077922077,0.15645846666968574,0.002759466066531319,0.00164102625978294,0.507135004216499,first,null_a,22,0,0,4209
1,51,13,0.10512954471300741,0.15777534439434718,0.00385103261646102,0.0029160920198219066,0.659987399999166,-0.16379822708936634,-0.15057304250130205,0.004079324407559728,0.0030997925981453,0.7688681722530408,first,null_a,22,0,1,4211
2,51,13,0.1557691031243674,0.18866783951050126,0.0032993971444825855,0.002288698399294241,0.565448480920124,-0.011545416608707747,0.12226181614506876,0.0030380542104482323,0.0023150345380184797,0.5726103037219128,first,null_a,22,0,1,4212
3,51,13,0.14037793255838352,0.25212539413017104,0.002999532400023958,0.002071114302579998,0.5140578611157832,0.05438864932535818,0.07225765181575043,0.003026616003679817,0.0022401733112152886,0.5704544386194497,first,null_a,22,0,1,4213
4,51,13,0.21798024485743547,0.3039703384208162,0.0028561368593066714,0.0019207905978012398,0.48948282903608953,0.08165252469049937,0.022986156505213417,0.0029649585454634077,0.0019706100883535396,0.558833284607583,first,null_a,22,0,1,4214
5,51,13,0.2576533389508053,0.3395406686889388,0.0027718774678685376,0.0018203513053207548,0.47504251075806103,-0.007321792131918713,-0.010926344263744746,0.002953447830713305,0.0020400226549536138,0.5566637532521368,first,null_a,22,0,1,4215
6,51,13,0.2787506878411103,0.3352400155023769,0.0027636979776236564,0.0017847380331234724,0.4736407151781008,-0.02087785632089429,-0.0012082048991804446,0.0029383323197859634,0.002062798881451632,0.5538147924688662,first,null_a,22,0,1,4216
7,51,13,0.253308184275701,0.3643077608878852,0.002721560659515838,0.0017620120457970778,0.46641924971918874,-0.09065617926377419,-0.04002465152131737,0.002924984220545143,0.0020820174116334403,0.5512989521872445,first,null_a,22,0,1,4217
8,51,13,0.29737242637073696,0.3786293689510166,0.002703124567235042,0.0017418407768392912,0.4632596845265863,0.03461095866159157,-0.03013047492115416,0.002886258798927043,0.0019565249643732296,0.5440000121754967,first,null_a,22,0,1,4218
9,51,13,0.3064372292796564,0.4044201601442887,0.0026743081444411594,0.0017222377386916822,0.4583211452174883,-0.06139430190063101,-0.06010533878509962,0.0029091382781037973,0.0020304301040573744,0.5483123201900623,first,null_a,22,0,1,4219
1,51,13,0.12521285810354646,0.14837816890314637,0.003983312310255026,0.003062214052488611,0.6584191034127095,0.04508150077770331,0.009318620794217556,0.004406611499653124,0.003609659893358435,0.7866296384247393,first,null_a,22,0,2,4221
2,51,13,0.17784231758272578,0.19009733335628845,0.0034078363676682466,0.0024904242197447083,0.5632961693715892,-0.05565320755194172,-0.08055340121264691,0.003777416243550382,0.00289803789542752,0.6743112194205632,first,null_a,22,0,2,4222
3,51,13,0.18512853343628366,0.24118455958939738,0.003131814738967655,0.0022387957641768473,0.517671347832069,-0.08086849859001757,-0.301286971804917,0.003804410590348938,0.0027315617306422437,0.6791300134674927,first,null_a,22,0,2,4223
4,51,13,0.20498678010973503,0.2563279405991614,0.0030231415454077685,0.002097912397659807,0.4997082806418604,-0.05236535616282451,-0.03483012605071456,0.0034252809606309443,0.002696248485143907,0.6114511169810094,first,null_a,22,0,2,4224
5,51,13,0.2179772802025452,0.28780107178382996,0.002938387136960994,0.002007421747006978,0.4856988539955658,-0.09184486399676273,-0.14049134755531326,0.0034187793902473954,0.0025246818906963,0.6102905136556637,first,null_a,22,0,2,4225
6,51,13,0.24407015493451156,0.311990745928977,0.0028905900322995994,0.001952696994946408,0.4777982616378293,0.011115466811669344,-0.13286329412921866,0.0033464103542979657,0.0024625667932782406,0.5973718280428004,first,null_a,22,0,2,4226
7,51,13,0.26725511497672827,0.3426445190686981,0.002843344315386302,0.0019124433309836576,0.46998881057117353,-0.0062595632215885376,-0.13254966458620118,0.003268994217580846,0.00234559122444983,0.5835521782645475,first,null_a,22,0,2,4227
8,51,13,0.2623059942192523,0.33766858225494056,0.0028473216958479516,0.001900168722481103,0.47064624917340125,0.04576436222005841,-0.08268216476185092,0.00320502664827877,0.0023153122304530754,0.5721332487957339,first,null_a,22,0,2,4228
9,51,13,0.2791247284664351,0.38033781928943944,0.002799306131118026,0.0018734219364628158,0.46270954659601576,0.01915805713274068,-0.08373228309186892,0.003179756286854559,0.0023647782275485127,0.5676222054982809,first,null_a,22,0,2,4229
1,51,13,0.10291280637031865,0.16024530150384136,0.003842012388793008,0.002969048249301063,0.6503044054871322,-0.17452168085079475,-0.0674517814075141,0.004767956038260625,0.0035973449591374207,0.7835872233917489,first,null_a,22,0,3,4231
2,51,13,0.18123215339519685,0.21435684300178587,0.003248491641457267,0.002318001674088481,0.5498442513589719,0.08456100861164151,0.06156998120796494,0.003947299086073315,0.002467022483208834,0.6487167888991985,first,null_a,22,0,3,4232
3,51,13,0.20759666463148596,0.2666988119667264,0.0029588196150087116,0.0021176031238460185,0.5008139578868938,0.08628080779979513,0.1663544441718901,0.003556746231884017,0.0021554768618433306,0.5845315858171758,first,null_a,22,0,3,4233
4,51,13,0.25975799686833617,0.3099012317749566,0.0028054655125432566,0.0019457238085436523,0.4748570274189678,-0.0825882977781712,0.06148899889328701,0.003542760172023655,0.0022777146901977632,0.5822330541771547,first,null_a,22,0,3,4234
5,51,13,0.2805832151451701,0.3218790984440475,0.0027542245869579735,0.0018683566700135113,0.4661839164871687,0.12512803652044158,0.18240260968940997,0.003336354882284722,0.002117446363292113,0.5483114855674529,first,null_a,22,0,3,4235
6,51,13,0.29601679674639003,0.3581244621603965,0.002691321002721713,0.001814455028560423,0.45553676759480866,-0.11556797632747,0.06164999867607301,0.0034786507767212644,0.0021908284229713803,0.5716970293784339,first,null_a,22,0,3,4236
7,51,13,0.3321361754930756,0.3923757494629499,0.0026402655831714423,0.0017781151312821013,0.44689505567467475,-0.023811631406568116,0.06525589543344709,0.0035049352030903365,0.0021797531421281833,0.5760167295836606,first,null_a,22,0,3,4237
8,51,13,0.3376531511893289,0.42195468088514443,0.002605388021882572,0.0017230639821856147,0.4409916307338912,-0.0035281174521680845,0.15698433998953623,0.003333677262854614,0.0021066138016041683,0.5478714336127576,first,null_a,22,0,3,4238
9,51,13,0.37399125558569807,0.428020160898714,0.002601636413820453,0.001709615797934822,0.44035662829153216,-0.016198990882535184,0.011078928029905084,0.003466349568306321,0.002100398225967158,0.5696753937616457,first,null_a,22,0,3,4239
1,52,12,0.09888914680824794,0.08208545614049687,0.0037625912658415103,0.002880664020329516,0.6669962713674401,-0.08452144870055318,-0.154754678260181,0.005056990834084593,0.003830327958386189,0.7880935507688788,first,null_a,22,0,4,4241
2,52,12,0.08956157550314853,0.1686446530321495,0.00308161940487925,0.0022765744562981325,0.5462800787021732,0.2292245068364472,0.09733679401633367,0.004096559531974877,0.0027977687017647487,0.6384176387526691,first,null_a,22,0,4,4242
3,52,12,0.20606583528830721,0.2511120025600896,0.0027432500973291396,0.0019764870202049036,0.4862971970827874,0.015468113975576665,-0.04321743016069576,0.0037445581135949727,0.002428476696144446,0.5835608955256634,first,null_a,22,0,4,4243
4,52,12,0.24292460797629337,0.2729346117685114,0.0026268373077877783,0.0018315010699121255,0.4656606487368419,0.11412169919632607,0.04248379722370134,0.0035231200801486154,0.0022595943125536494,0.5490514625882379,first,null_a,22,0,4,4244
5,52,12,0.2678431411285344,0.29368820679622587,0.0025504341929135873,0.0017386682607758981,0.45211663368408117,0.10702431896461749,0.03547742775375477,0.003472914798168276,0.0021373782674355274,0.5412273513249631,first,null_a,22,0,4,4245
6,52,12,0.2443596493394246,0.309709629352384,0.00251010166596482,0.0017007460725246737,0.44496686821955145,0.10514560066798874,0.06946333742996136,0.0034288990511106296,0.002052687391221262,0.5343678319929127,first,null_a,22,0,4,4246
7,52,12,0.28579725892085445,0.32688133904579497,0.0024785089314270396,0.0016375328371087887,0.4393664097455461,0.10589708798664026,0.09795225224708809,0.0033328087936262485,0.001998604935966404,0.5193928963642485,first,null_a,22,0,4,4247
8,52,12,0.24695256204469687,0.31848507437036744,0.0024820357463800026,0.0016533334137413486,0.4399916098422945,0.24613297150610586,0.11169790442501182,0.0032952487453799906,0.0019231063672432462,0.5135394485806513,first,null_a,22,0,4,4248
9,52,12,0.31144353623904186,0.35891405604278925,0.002435107986484795,0.0016043139130595258,0.4316727044225401,0.17687089030372613,0.15489802521598597,0.0032344761393360323,0.0019805338083903543,0.5040685002522802,first,null_a,22,0,4,4249
1,51,13,0.11742907433756844,0.16644233614654957,0.0037287694369273995,0.0028669516679031303,0.6498864087495554,0.0335487297512614,-0.011472913772695725,0.004200312511138204,0.003455079396873442,0.7320964960198243,first,null_a,23,0,0,4201
2,51,13,0.1746744191294027,0.21365227073852003,0.003153380830076348,0.0022122268555747667,0.5496020544425823,0.08304353873974127,0.08947403292288697,0.003314126325638815,0.0025366618019069874,0.577638036201683,first,null_a,23,0,0,4202
3,51,13,0.21217244475159733,0.26106136173911537,0.002893634130497086,0.002029784482824297,0.5043308590443449,-0.02543026593659505,0.007198348923001587,0.003022413086163017,0.002278887011942719,0.5267936669085629,first,null_a,23,0,0,4203
4,51,13,0.21181763320729705,0.27586311552418125,0.0027869389889934914,0.0019006923847926993,0.48573498619254035,-0.18994929121511397,-0.11691444159364779,0.0029526178093757425,0.002071362641713364,0.5146286488440257,first,null_a,23,0,0,4204
5,51,13,0.28637190969727083,0.33510078688796807,0.0026700505758271865,0.0017692276701793369,0.4653625302544546,-0.05418632000910482,-0.057266381014915914,0.002844600402034333,0.0020258191777301755,0.4958016769903617,first,null_a,23,0,0,4205
6,51,13,0.2959969912046924,0.33957138912013557,0.0026458202662290736,0.0017676602281491518,0.46113943489981574,0.11690840804764854,0.15093109369826482,0.002594482566962776,0.0018277141287135284,0.452207208682971,first,null_a,23,0,0,4206
7,51,13,0.310266945761474,0.35140769774208136,0.002624625440299692,0.0017070257594947597,0.45744539332918216,0.023280516951403023,-0.008096454300353825,0.0026631516588699897,0.001815110189861625,0.46417593754226993,first,null_a,23,0,0,4207
8,51,13,0.31877706997557287,0.37612819609486003,0.002592070996378276,0.0016952940376114695,0.45177148642590054,-0.0927300547553712,-0.0583189535377471,0.0027301567860131114,0.0019135013626227892,0.47585464446390074,first,null_a,23,0,0,4208
9,51,13,0.33075472866572575,0.3833372161721814,0.0025837683077110643,0.0016681539921901925,0.45032441263596246,-0.0008472540118109737,0.0049838853785541155,0.0026414429641983426,0.0018146829854331476,0.4603922049604363,first,null_a,23,0,0,4209
1,51,13,0.07996707750744333,0.12928778437138005,0.003916105561221925,0.0029828013095878443,0.6666781640496274,-0.1525436588727728,-0.14791410376036604,0.004503855588235261,0.003117658259077817,0.78459699484613,first,null_a,23,0,1,4211
2,51,13,0.16665235122661773,0.192020043540847,0.0032960574242758426,0.0024049996293770155,0.5611211132757908,-0.0011254568216593531,-0.0033979398340835258,0.0037626962196264345,0.002496858899856931,0.6554828609845704,first,null_a,23,0,1,4212
3,51,13,0.19348190152305847,0.20759313957858047,0.003078597319132289,0.0021373064215086794,0.5241006853571147,-0.15674199218503015,-0.20977363927418538,0.0037849805847912288,0.0023411090828023085,0.6593649228308746,first,null_a,23,0,1,4213
4,51,13,0.22950678189511606,0.2977687185456885,0.00286467702103618,0.0019654457336616203,0.48768287450955344,-0.12742953249282363,-0.2658368215267336,0.0038112208923273515,0.002254805113565476,0.6639361321055367,first,null_a,23,0,1,4214
5,51,13,0.24284307604026856,0.3087797319860609,0.0028170949615205143,0.0019117891952308923,0.4795825004047997,-0.11814767510970042,-0.19223198524898324,0.003640256018402788,0.002190351718586235,0.6341530887380163,first,null_a,23,0,1,4215
6,51,13,0.2395059863793872,0.33380235179382217,0.0027625303242457384,0.0018350507479713563,0.4702934116323738,-0.1250268718623149,-0.12684045681573164,0.0034667727263692836,0.0020860093719663434,0.6039313227602056,first,null_a,23,0,1,4216
7,51,13,0.28060462654159996,0.3524993478174984,0.0027341923423696807,0.0018169752701503452,0.4654691510411687,-0.1224977554091478,-0.20287507229615945,0.003504818046637983,0.002048009073414222,0.6105590317011301,first,null_a,23,0,1,4217
8,51,13,0.2907011293523398,0.37357890622140866,0.002707683451380428,0.001789287888513354,0.46095627504755216,-0.139847494277874,-0.18365616033116633,0.003374477078417023,0.0018882486252758256,0.5878529013716783,first,null_a,23,0,1,4218
9,51,13,0.2889242716789977,0.3694780644769549,0.0027126877244006246,0.0017916016108678633,0.46180820293799113,-0.16498691182235484,-0.21832929322129077,0.0034788240425049077,0.002034125495672194,0.6060307298656755,first,null_a,23,0,1,4219
1,51,13,0.09783418784020444,0.13852284638603593,0.00380768429956008,0.002935578752361275,0.6582285809238819,0.05216302684657115,0.03063112468900944,0.00440316838072212,0.003282928439276629,0.6859250749438118,first,null_a,23,0,2,4221
2,51,13,0.12760636399406872,0.16640462729523964,0.0032682091761558145,0.0023536034366777245,0.5649703386470336,0.0034775351231047433,-0.09571420530771517,0.0041286810469898455,0.0027777204479146997,0.643165468977855,first,null_a,23,0,2,4222
3,51,13,0.14855329782445387,0.2087665737166522,0.002995245357423198,0.0021246968645395404,0.5177834993734381,0.11513802653043159,0.004106015849840697,0.0038577273114061353,0.002660706347777638,0.6009563265339128,first,null_a,23,0,2,4223
4,51,13,0.18292657719228406,0.2140601843398608,0.002888416910578907,0.0019681696952239675,0.49931622860292185,0.17022218288041072,-0.044257212730598475,0.003690774906562271,0.0024455255293437286,0.5749484996913253,first,null_a,23,0,2,4224
5,51,13,0.18248360834076005,0.24579334046929655,0.002806033198893037,0.0019047460998733385,0.48507468193885156,0.12576031563373335,0.08563753217851724,0.003396424439565168,0.002205478997313329,0.5290946170601956,first,null_a,23,0,2,4225
6,51,13,0.2239814063433403,0.25892426882824926,0.0027622315999531544,0.0018250298229056446,0.47750276629560173,0.2356757166883749,0.1284205038395639,0.003380316469405727,0.0022168737432377776,0.5265853192810825,first,null_a,23,0,2,4226
7,51,13,0.23593711835215256,0.287397196097742,0.0027171191927762876,0.0017897444951839253,0.4697042532304508,0.12120790601803261,0.05090410578143974,0.0034315594604457157,0.002353842620499874,0.5345679466598894,first,null_a,23,0,2,4227
8,51,13,0.25050769714996196,0.3188287481634059,0.002675767019360107,0.001757530630592848,0.46255576604389614,0.004742093349688286,-0.0665933652422173,0.00351145610468345,0.0023146514371344545,0.5470142369099886,first,null_a,23,0,2,4228
9,51,13,0.26372927562116516,0.3326667973826287,0.002658630555697463,0.0017435558313122351,0.45959341169114176,0.1628624540016945,0.00950926970351791,0.0034108830126583327,0.0022079101162014287,0.5313469719498997,first,null_a,23,0,2,4229
1,51,13,0.14814438132840585,0.15463107644006663,0.0037694077852734576,0.0029089526549748645,0.6531599179397475,0.01109017564713767,0.050442004305587165,0.004553673327295489,0.0035660084541715062,0.7270566797723422,first,null_a,23,0,3,4231
2,51,13,0.176576698174909,0.23847194128836638,0.0031241306921092086,0.002308361535121091,0.5413468276006814,-0.05034206300029084,-0.044377747812494456,0.0041562298584104105,0.0027640162471116634,0.6635993546382161,first,null_a,23,0,3,4232
3,51,13,0.10860996720268175,0.185706387988209,0.0030186219021183553,0.002137585607606122,0.5230643502095152,-0.13003452243958571,-0.038031146707790724,0.0038694297350742534,0.0026089676310340365,0.6178077638841801,first,null_a,23,0,3,4233
4,51,13,0.18127876435819418,0.27046172373399635,0.0028051698098375756,0.0019671016064709526,0.4860775451143305,-0.14852236371223712,-0.10911940952799429,0.0038502322951087433,0.002423371868614763,0.6147426281227305,first,null_a,23,0,3,4234
5,51,13,0.20393836284839428,0.2802683205220752,0.0027555429058592636,0.0018626732595807593,0.4774782355207343,-0.058460526814957184,-0.0905941304432075,0.003702079819925551,0.002230494088117465,0.5910880444570374,first,null_a,23,0,3,4235
6,51,13,0.17588531594903623,0.29046014539758197,0.0027214682423204847,0.0018421883369079217,0.47157380551245426,0.027124773960216994,-0.06836764421046088,0.003650914716206534,0.002089309776579214,0.58291883077911,first,null_a,23,0,3,4236
7,51,13,0.21378171707211338,0.3116280063400271,0.0026868440914882873,0.0017939809549528318,0.4655741607924944,0.040149723694027493,-0.09153139422763945,0.003708513617577762,0.0021397083809150236,0.5921152888865631,first,null_a,23,0,3,4237
8,51,13,0.2446946677223034,0.3419741941857974,0.0026487421761935193,0.0017532519565729803,0.4589718918725579,0.06736301673010534,-0.10501832027012803,0.0036868890892728105,0.0021506305080451226,0.5886626350352648,first,null_a,23,0,3,4238
9,51,13,0.2555688983325957,0.3343933489023535,0.0026558680233311344,0.0017253794846186954,0.46020665287396484,0.04940628991261903,-0.00869975575798784,0.0035630768986618746,0.002128807300291785,0.5688943131221971,first,null_a,23,0,3,4239
1,52,12,0.07897187307074949,0.13184301491241285,0.0037003935412511834,0.002810790884573841,0.649169300224891,0.11011376683018476,0.02477692478403434,0.0037244027400798866,0.002798795561038784,0.7038817150093308,first,null_a,23,0,4,4241
2,52,12,0.13149880232127426,0.19813730036980992,0.003091847639229292,0.002228589047869702,0.5424105695746636,-0.10714956685105942,-0.2576778332965909,0.0035203882434637792,0.0023390514712933116,0.6653246405502377,first,null_a,23,0,4,4242
3,52,12,0.15056762563279416,0.2151749059127544,0.002848807732167058,0.0019689890862721326,0.4997734704025128,-0.1557874960860036,-0.22741025444563995,0.003466445775731005,0.0023423003157326005,0.6551299544893079,first,null_a,23,0,4,4243
4,52,12,0.18066077293493027,0.25064424451947337,0.0027155673976520314,0.001853834144306632,0.47639878504685623,0.03809623212608288,-0.09442432342362429,0.003063248960574452,0.0020022966238757204,0.5789290477816174,first,null_a,23,0,4,4244
5,52,12,0.17771186566242744,0.284833164358523,0.002629553906632436,0.0018100277551694366,0.4613092230441589,-0.03838847719444735,-0.010362734646874735,0.002848815132397766,0.0019572268681931544,0.5384028047121624,first,null_a,23,0,4,4245
6,52,12,0.2675755525373503,0.31689884351527364,0.0025616980387549136,0.0016978036722037077,0.4494050983138715,-0.039640956058866514,-0.13907730523071338,0.0029576451174207503,0.0019448273071191193,0.5589707834857938,first,null_a,23,0,4,4246
7,52,12,0.25034522780590196,0.37068654011344837,0.0024894375147202948,0.0016612459841679622,0.4367282537300448,0.11896461747208019,0.026191400571805842,0.0028384050190160747,0.0017962101998521803,0.5364353782623609,first,null_a,23,0,4,4247
8,52,12,0.23939464131374247,0.3347275389943507,0.0025269785322311854,0.0016527867030783415,0.44331416838901233,-0.02135476463834673,-0.06214812886136635,0.0028187482352108775,0.0018559158525844706,0.532720406584493,first,null_a,23,0,4,4248
9,52,12,0.2891615755031485,0.3898804349264196,0.002467320299746645,0.0016024908833156214,0.4328481753526209,0.09946769648262187,0.04160945610706891,0.0026920188799636033,0.0017051447611860456,0.5087695929537511,first,null_a,23,0,4,4249
1,51,13,0.11549229000320017,0.1469365863099555,0.0036649888456625006,0.0027905942732161363,0.6413465193213685,-0.11453103858167149,-0.14343898929498425,0.005120825999086089,0.0039671271564820166,0.7976574930909279,first,null_a,24,0,0,4201
2,51,13,0.058696131603007004,0.14185025022786443,0.0031926269308377676,0.0023456639234405705,0.5586866033733687,0.14738426130831195,0.05925009929150474,0.003930655255387645,0.0027992259279180135,0.6122677509012704,first,null_a,24,0,0,4202
3,51,13,0.19099579134297712,0.2181957482237869,0.0028503540664874213,0.002017173454968735,0.49879132962129574,0.03873341848025392,-0.06561304538006094,0.003992312353345779,0.0027830857845920023,0.6218719136276204,first,null_a,24,0,0,4203
4,51,13,0.1819114299469343,0.22803203642178793,0.002745942353910004,0.0018783373132664765,0.48052003569439566,0.01101430215354266,-0.04342889883456061,0.0037716093628325717,0.0026609320516682473,0.5874935937702663,first,null_a,24,0,0,4204
5,51,13,0.24011357592884694,0.2828711050109153,0.0026191164687332283,0.0017898115112603525,0.4583264238054423,0.13453634972622314,0.06321781773933238,0.003536956179288027,0.002495393002929531,0.5509422893195095,first,null_a,24,0,0,4205
6,51,13,0.2208148255144129,0.28320157775139804,0.0026032451367008318,0.0017614490165186122,0.45554905558288467,0.05620961317163849,0.0838750899803957,0.0034139755878893935,0.0023874194347881603,0.5317859285583001,first,null_a,24,0,0,4206
7,51,13,0.25008741614350116,0.2805182988769931,0.002586715826154088,0.00172036507990848,0.4526565458830305,0.18314596795609453,0.1348619654618835,0.0033097158616388653,0.0022353548322476633,0.5155456673414213,first,null_a,24,0,0,4207
8,51,13,0.25671214337466336,0.32414419297534586,0.0025349712891798142,0.0016964298626480885,0.44360162646039103,0.037468860253670376,-0.0489300836052342,0.0034482984495319666,0.002238735515408418,0.5371323097433682,first,null_a,24,0,0,4208
9,51,13,0.27039723740281074,0.3219541407166684,0.002533855795396319,0.0016737519931027196,0.4434064231226739,0.012101822228404505,-0.02096831234006908,0.003439538763605685,0.002286029991198669,0.5357678366842429,first,null_a,24,0,0,4209
1,51,13,0.08332487857679435,0.1264118061641474,0.003980110546258213,0.0030836056272947974,0.6641737181186324,0.10347879968133131,0.07312637700149059,0.0043581110125206395,0.003589122486747487,0.7508776707190894,first,null_a,24,0,1,4211
2,51,13,0.20040972354099038,0.22395758878994565,0.0033482545197303978,0.0024603736354862193,0.5587338913657854,-0.15216429140479773,-0.1956006431113241,0.00402036584570362,0.002784769460904333,0.6926861048256099,first,null_a,24,0,1,4212
3,51,13,0.1563081762052516,0.20701514092326767,0.0031977360036318397,0.002246221061192451,0.5336163873866905,-0.053908117199256436,-0.052550451038995215,0.00332142537728027,0.002150436416440069,0.5722626485636524,first,null_a,24,0,1,4213
4,51,13,0.20322388101983468,0.24949142630328497,0.003042947115880089,0.0020881926443638713,0.507786272894474,-0.05008915135497413,-0.07999614031936124,0.003231228309815502,0.0021621383733952627,0.5567222082836638,first,null_a,24,0,1,4214
5,51,13,0.2036288034669333,0.2657204107474934,0.0029862570376395937,0.0020185689403644383,0.4983262190573203,-0.10808179162609544,-0.10967972144622905,0.0032981153295244627,0.002145296397743408,0.5682464602855324,first,null_a,24,0,1,4215
6,51,13,0.22591073786472046,0.2877024234473399,0.0029353563307023484,0.001937944187171283,0.48983225604085096,-0.14131438182071093,-0.048764889780855414,0.0031441042428837543,0.002070930267568458,0.5417112284684784,first,null_a,24,0,1,4216
7,51,13,0.23765892403121253,0.30815778722239506,0.002901822803815779,0.0019148733323904345,0.4842364096503977,-0.14260423121182614,-0.1199820945829059,0.0031549775503939962,0.002116078897637976,0.5435846373359547,first,null_a,24,0,1,4217
8,51,13,0.24825472413639185,0.3253156236569097,0.0028777070524675947,0.001894672579805189,0.4802121374469017,0.010179693723997522,-0.021609273677432456,0.003068359676772501,0.0019969450460304264,0.528660871741023,first,null_a,24,0,1,4218
9,51,13,0.2898155210553907,0.3517140256335087,0.002846744471202341,0.0018472965130015685,0.47504531293725916,-0.24091098774643077,-0.1398186216968586,0.003109538976038284,0.0021539207509186525,0.5357558301360024,first,null_a,24,0,1,4219
1,51,13,0.13606777728128958,0.14799367433415703,0.0037568225593312614,0.0027927928741535274,0.6550992934091375,-0.05717067742384197,-0.11257339167201519,0.0038322895278853656,0.0027436977262287605,0.7070516694772125,first,null_a,24,0,2,4221
2,51,13,0.18976261843590406,0.21415744684797228,0.003123140205196484,0.0022127520335401864,0.5446003662217362,0.11359526549399968,0.22862308486541177,0.002928327744068251,0.002186140752634835,0.5402720763017022,first,null_a,24,0,2,4222
3,51,13,0.18147891973905106,0.2315718472481625,0.0029154412578145713,0.0019742186908768594,0.508382676532412,0.17940287560540724,0.19168436914996814,0.0027367346525499618,0.0018706506833457588,0.5049234383053824,first,null_a,24,0,2,4223
4,51,13,0.19229097494817204,0.2499322146252104,0.002803166616527399,0.0018659478032132632,0.4888046855537581,0.21959053604623224,0.1944922551477802,0.002678137420531493,0.0018426197899467922,0.4941123368935683,first,null_a,24,0,2,4224
5,51,13,0.24378682451367714,0.26814656499135314,0.002734385737529335,0.0017714091367423766,0.4768109582695736,-0.01812111938694217,0.09769835889674043,0.002707692644255686,0.0018581802578453081,0.49956523133797476,first,null_a,24,0,2,4225
6,51,13,0.23834804159015524,0.30032377049539194,0.0026754498309214097,0.0017231805079880739,0.46653395685001453,0.058662856131210556,0.07123898694746761,0.0026831186402416114,0.0017210459090395785,0.4950313644582772,first,null_a,24,0,2,4226
7,51,13,0.252780063947606,0.32209894479585943,0.0026380663276753136,0.001686793555711868,0.46001517504041134,0.17234664070107106,0.19935497367307006,0.0025506962055618786,0.0016260309128919121,0.4705996238929431,first,null_a,24,0,2,4227
8,51,13,0.2834436130051504,0.3521443735906761,0.002601517637200228,0.0016391632961724623,0.4536419644543037,0.09424752462727147,0.08401063773263157,0.002643271050569718,0.0017478826414124714,0.4876795439350243,first,null_a,24,0,2,4228
9,51,13,0.30011184984088857,0.3637247103869864,0.002589786627439018,0.0016287117197439705,0.451596359136465,0.24108802589815245,0.26055446651998976,0.0024618072717703236,0.0015979362157229145,0.45419974894141557,first,null_a,24,0,2,4229
1,51,13,0.11780542080558565,0.17586131914348213,0.0035817982751128463,0.0027074636882103856,0.6380343999375824,-0.17884646998571047,-0.16324605727104483,0.004318869110686643,0.0031076287777880756,0.7608371108666799,first,null_a,24,0,3,4231
2,51,13,0.16979990885333243,0.20353201203836746,0.00304527371778707,0.0021605036555984313,0.5424619813668174,-0.26906005387018045,-0.22377202199379936,0.0038059266006358196,0.0025225261175257077,0.6704741738603013,first,null_a,24,0,3,4232
3,51,13,0.1865760673622296,0.23129100553602133,0.0028012204626071515,0.0019388283632459677,0.49898818405570916,0.024848569152366617,0.026266311453230044,0.0034335603436349226,0.002313333116628239,0.6048759675011928,first,null_a,24,0,3,4233
4,51,13,0.26378490407612043,0.2912509633818949,0.0026335979217841834,0.0017700009120001309,0.46912917496714573,0.14407111875466305,0.05635197908666776,0.0031595860018334403,0.0020588150973906306,0.556611053393921,first,null_a,24,0,3,4234
5,51,13,0.24143222971859,0.2987639162058431,0.002583201014036069,0.0017158882621253655,0.4601518517557304,0.1681483073888137,0.05953134503011469,0.0030874328157986003,0.0019155427039733912,0.5439001283356143,first,null_a,24,0,3,4235
6,51,13,0.2674144651770813,0.3234011811388582,0.0025345736858408477,0.0016480844177506884,0.45148974803504327,0.037595316076328725,0.03269800886432273,0.0030807508286685337,0.001917614547354965,0.542722990605205,first,null_a,24,0,3,4236
7,51,13,0.30141057456164694,0.3500658821824098,0.0024912655967192134,0.0015869612131994642,0.4437751732508744,-0.06119197258437764,-0.029038977038542572,0.0031205582460144803,0.002004416159845682,0.5497356968549989,first,null_a,24,0,3,4237
8,51,13,0.3078795338837819,0.35191786862533125,0.002485201062540012,0.0015642933203696024,0.4426948830924886,-0.001884191757609479,-0.07540320696434061,0.00309071557589068,0.0018544599571678057,0.5444784384534055,first,null_a,24,0,3,4238
9,51,13,0.29959229407136545,0.3787242615796166,0.0024542517629869563,0.0015655494578143186,0.4371818094205213,-0.08714070739387195,0.009851610353938067,0.0030351966714806384,0.0019858974245397223,0.5346979052287939,first,null_a,24,0,3,4239
1,52,12,0.12248746758859119,0.16540141899631955,0.003713705337661224,0.0028581421707312613,0.6508507018896806,-0.00820373656194552,0.07338004127448587,0.004745080902671641,0.003735850398808263,0.7040765956952912,first,null_a,24,0,4,4241
2,52,12,0.2177628349178911,0.2545461497438454,0.003069732661787768,0.0022312481554439523,0.5379903562290932,-0.05262498695334517,-0.04676922915669988,0.004447401547928578,0.0030339143611114038,0.659906839479278,first,null_a,24,0,4,4242
3,52,12,0.1945369551796518,0.23441165389964289,0.002925711019083353,0.002009414074928627,0.5127496387465086,0.07508610792192884,0.09800221154426622,0.004043991158545856,0.002616759439061346,0.6000486791126592,first,null_a,24,0,4,4243
4,52,12,0.18287319422150883,0.25882959163152364,0.002803199732031,0.001895221194309129,0.4912787491853977,0.017388581567686048,-0.00891967765405118,0.00409559671198331,0.002489180725449888,0.6077059273510943,first,null_a,24,0,4,4244
5,52,12,0.23636967526855168,0.28865142427704493,0.002724098852628018,0.0017944715306096187,0.4774158122535343,0.1828410395574575,0.01670594676780887,0.003968976398638228,0.002286444305006803,0.5889179654607751,first,null_a,24,0,4,4245
6,52,12,0.23271653290529698,0.3138502549198271,0.002676578144174394,0.0017748927329064158,0.46908750302078994,0.016177851998747522,-0.07331882287834281,0.00405091522732816,0.0023984264229434346,0.6010760746147803,first,null_a,24,0,4,4246
7,52,12,0.2844905296950241,0.32990771891714443,0.0026480283809784634,0.0017169847219204583,0.4640839737352495,0.00916397035800021,0.016141941127877528,0.0038822371785319333,0.002420784868501162,0.5760475727196693,first,null_a,24,0,4,4247
8,52,12,0.3165463390542042,0.3601856649978791,0.002610383768177666,0.001669493496493475,0.45748651366880433,-0.12806596388685942,-0.07216156677316314,0.004031815054248122,0.0025507950328808324,0.5982419849300685,first,null_a,24,0,4,4248
9,52,12,0.29536392147178664,0.362586491252909,0.0026079525324813357,0.0016663927103754005,0.4570604240048322,-0.0865671641791045,-0.0544984383724693,0.003942526729109121,0.002449885128748572,0.584993355183038,first,null_a,24,0,4,4249
1,51,13,0.1467578287065227,0.17205712897506992,0.003792246103896472,0.0028336946654229232,0.655353820727071,0.021788338244034446,-0.022368013581935443,0.004257262748152256,0.0031427072803710833,0.7189862106283765,first,null_a,25,0,0,4201
2,51,13,0.17206511106832492,0.1960419609956184,0.003294223498089285,0.002255156848893548,0.5692884629991428,-0.0792751552245223,-0.016800375370343658,0.003793555036276788,0.002701012807981946,0.6406731089187864,first,null_a,25,0,0,4202
3,51,13,0.2225633542632478,0.2605899240561171,0.0029939627971872365,0.0020098787444444697,0.5173991625267498,0.10585616914730837,0.06676935693727877,0.003332714217604726,0.0024353115397364794,0.5628441813846067,first,null_a,25,0,0,4203
4,51,13,0.2284600528400323,0.2795978271867942,0.0029066043595431207,0.0018893953546562144,0.5023023876038368,0.009724452762427444,0.03684743755705726,0.003156196684390374,0.002129840620209777,0.5330330844842945,first,null_a,25,0,0,4204
5,51,13,0.3023098943874636,0.30890676687558327,0.002832916668276678,0.001817073827290813,0.4895681112175017,0.0643533681508365,0.1896886484298647,0.002931110782975208,0.001972378432288691,0.4950195370717929,first,null_a,25,0,0,4205
6,51,13,0.32248704734043276,0.32646602415932857,0.002794802512384828,0.0017806137957340376,0.4829814454254671,-0.011393669621517721,0.0772946191087222,0.002993582597798409,0.002014783510318568,0.5055700659134309,first,null_a,25,0,0,4206
7,51,13,0.29965751647895184,0.33488742578876274,0.002776839268598811,0.0017414539638914634,0.4798771425597533,-0.006588348360500259,0.02104521896002816,0.0029954984662057824,0.0019142471698260083,0.5058936266255053,first,null_a,25,0,0,4207
8,51,13,0.30174039241819156,0.3452716869587837,0.0027603327284670704,0.0017184111927165738,0.47702457871079684,0.12350940199041464,0.15006426105614215,0.0028537067566302044,0.0018397722904632697,0.4819471873293845,first,null_a,25,0,0,4208
9,51,13,0.34866305593661434,0.37834731465632276,0.002722736901007482,0.0016689335594230964,0.47052748741080946,-0.034712123319718256,0.04305740044413771,0.002959746653815332,0.0019879856013910783,0.4998556952986537,first,null_a,25,0,0,4209
1,51,13,0.0961045587662951,0.09819139199780878,0.0036103257795337966,0.0027658555822088456,0.6519382180562864,0.05383224370566142,0.1108923888369781,0.004657345444565442,0.003206296807734043,0.7523364940972389,first,null_a,25,0,1,4211
2,51,13,0.15575045050401604,0.19545873942287717,0.0029153859081830053,0.0021440040729736576,0.5264487500550903,0.0036292821102947683,-0.036428779973836395,0.004327086497077473,0.002817727622770934,0.6989872500579606,first,null_a,25,0,1,4212
3,51,13,0.20452622920768113,0.23809239297810303,0.00265161199048536,0.0018889248676007575,0.4788175088944285,0.09644785594152683,0.15198487019516455,0.003757670748854252,0.0022709627473119125,0.607005185854006,first,null_a,25,0,1,4213
4,51,13,0.237453168746674,0.2912041376104342,0.002490368641345378,0.0017585026268462055,0.4497008285362028,0.07087848860000757,-0.06785650916911228,0.003881613764017051,0.002191132070195101,0.6270266454183225,first,null_a,25,0,1,4214
5,51,13,0.23761206601364102,0.3232388704404759,0.0023994783830606965,0.0016759046938775058,0.43328822849863985,0.16647909052972343,0.24851988241001988,0.003460423536709424,0.0020283239570808476,0.5589885789419791,first,null_a,25,0,1,4215
6,51,13,0.2600491918597823,0.33852808862596784,0.0023600134259004132,0.0016300854954825604,0.42616180406553367,0.017590004931777082,0.0780997697097696,0.0036601370900781424,0.002247720498755844,0.5912498308404074,first,null_a,25,0,1,4216
7,51,13,0.2991592074028091,0.3550325988328076,0.0023317987236819602,0.0015721169512346305,0.4210669057625716,0.10198662097396273,0.1543486357004019,0.003524078909003467,0.0020870990517869764,0.5692713162205799,first,null_a,25,0,1,4217
8,51,13,0.28601557464976307,0.3575733060686434,0.002325621801330287,0.0015698974029703977,0.41995150178051266,0.09298296640068791,0.06673214242524778,0.003602433963403254,0.0021079358268501604,0.5819286051469834,first,null_a,25,0,1,4218
9,51,13,0.3017555862745043,0.3760336458917037,0.0023026245548379183,0.0015579607711919438,0.41579875080623024,0.1329935886897912,0.1463104917033089,0.003533816835501084,0.002007124479558534,0.5708443576812563,first,null_a,25,0,1,4219
1,51,13,0.18014276625030282,0.15718057431467602,0.003740391286533599,0.002839866018726823,0.6491380472885865,0.02237003502826287,0.04555081464757182,0.004026648665906547,0.0031339530211197644,0.7134378753464425,first,null_a,25,0,2,4221
2,51,13,0.15719518447812106,0.2140012279690472,0.0031484530596586923,0.002283987489538947,0.5464082537259596,0.11713602852843359,0.07754658910402347,0.0032351713091530424,0.0022464461953059013,0.5732046514826191,first,null_a,25,0,2,4222
3,51,13,0.2255188269585292,0.2804815999777071,0.00284286308114945,0.0019813545266212118,0.493373673457677,-0.1453103858167149,-0.03798607390475378,0.0033763722644476707,0.002437382952525273,0.5982225057581194,first,null_a,25,0,2,4223
4,51,13,0.23528625307644704,0.2862610316405999,0.0027511271248608802,0.001854819879203815,0.477453066502542,-0.01286055716435463,-0.011010766270513846,0.0030790755866802718,0.0021211453027938157,0.5455477561754719,first,null_a,25,0,2,4224
5,51,13,0.2462840109738348,0.3065101202796863,0.002685361031102251,0.0017606851556173154,0.4660394815565031,-0.1336005766385513,-0.09596292163823314,0.003295553215409072,0.002306115253155888,0.5839030616204134,first,null_a,25,0,2,4225
6,51,13,0.2789224731216976,0.3376439150165289,0.002630272888814447,0.0017235806577385378,0.4564790355031168,-0.1531506468215329,-0.07202882566990218,0.0030979387752881372,0.002108173819538638,0.5488899184347723,first,null_a,25,0,2,4226
7,51,13,0.2980873611326826,0.3490914799966783,0.0026039225746524175,0.0016673107862670955,0.451905986811082,0.05863756496667889,0.0471386681571714,0.002891690529228701,0.0018473192447033475,0.512347045522008,first,null_a,25,0,2,4227
8,51,13,0.3228280650043407,0.3721731884058408,0.002572637698180024,0.001643330297235656,0.4464765538808778,-0.01103959331807433,0.04348057321987299,0.00288155661529154,0.0018770854379343356,0.5105515280512419,first,null_a,25,0,2,4228
9,51,13,0.3375304062417185,0.3855331706181997,0.0025562700474631725,0.0016296636879216814,0.44363597811991645,-0.08711541622934027,-0.07319261405104063,0.002994727844208781,0.001934505344297432,0.5306031014086818,first,null_a,25,0,2,4229
1,51,13,0.09061381203066836,0.15199365450990832,0.003931112618292072,0.003028704633628116,0.6558712100630878,-0.005956069247208487,0.07200360117444692,0.004350894236161849,0.003288115282937144,0.6900419290260356,first,null_a,25,0,3,4231
2,51,13,0.1855924607508515,0.18989982725348475,0.0033743370709230646,0.002446809297750789,0.5629781572700331,0.018626942677575586,0.16226871103137872,0.0035181024718663662,0.0026565797192359616,0.5579630495315091,first,null_a,25,0,3,4232
3,51,13,0.23853279723588752,0.26326573292242406,0.0030427680849649708,0.0021263522321728,0.5076588181527001,0.12323119918056627,0.1496769112543087,0.0034660961277162934,0.002668840171347879,0.549714961646347,first,null_a,25,0,3,4233
4,51,13,0.22445398056800478,0.2647598532474278,0.002972495397495819,0.0020398407685492106,0.4959344446635473,0.2802134574286473,0.2880496355427619,0.003083775377533327,0.0022722849231425132,0.4890797603191683,first,null_a,25,0,3,4234
5,51,13,0.24415324762296436,0.31418426904220476,0.0028652914315142144,0.001919955318448913,0.47804841551120386,0.16569506442924165,0.20334764243664033,0.003131797402441081,0.0022865131606954504,0.4966959442354923,first,null_a,25,0,3,4235
6,51,13,0.2913233362974392,0.3323314940712871,0.0028278145565353748,0.0018697013146706338,0.47179573192554924,0.23941880903906218,0.22820625605697134,0.0030716732772301425,0.002250050230291652,0.4871603947393139,first,null_a,25,0,3,4236
7,51,13,0.32290765775299246,0.3563674806155662,0.0027904553119567463,0.0018346949851549465,0.4655626739269531,0.09692838806762856,0.05976902962759981,0.0032265598524397867,0.0022798111268965138,0.5117250532524066,first,null_a,25,0,3,4237
8,51,13,0.3351851171689258,0.37610848568771316,0.002766927946208144,0.0017820815415132444,0.4616373420065878,0.026745406492241934,0.06234183328480119,0.003233484156583946,0.0022368235578618004,0.5128232321391941,first,null_a,25,0,3,4238
9,51,13,0.3167597458500184,0.38981081267816375,0.002751783265371229,0.0017970159032648092,0.45911058657854253,0.03891045663197562,0.09128099449303724,0.0031707932490834196,0.002230120908774237,0.5028805968104584,first,null_a,25,0,3,4239
1,52,12,0.029931991603901722,0.09987031457113126,0.0036449973762372775,0.0027489845640276014,0.6587115827949394,-0.2407473123891035,-0.23966233110184165,0.005335008510866212,0.0038722539496750313,0.8137051611938578,first,null_a,25,0,4,4241
2,52,12,0.19623474503025062,0.2180777497713586,0.002968958975757259,0.0021355173555611907,0.5365402123260671,-0.028118150506210214,-0.013692660161172935,0.004327270561121947,0.0029333833058928986,0.6600031438179406,first,null_a,25,0,4,4242
3,52,12,0.19377844178293616,0.21769091404040933,0.0027815076856483934,0.0019133678892456869,0.502664649943076,-0.08159899801690848,-0.10208133859189086,0.004133092252113149,0.002540850814089479,0.6303867164194582,first,null_a,25,0,4,4243
4,52,12,0.25719357945425364,0.2990801484422986,0.002573772585847693,0.00176794705503465,0.46512346615955275,-0.009748460494729152,-0.05211901837544662,0.003978417887130071,0.0025658092810764976,0.6067955021159073,first,null_a,25,0,4,4244
5,52,12,0.25067924435115446,0.30624180577521787,0.0025267812950502803,0.0016881880195364785,0.4566313592130466,0.0034025675816720595,-0.07088232125627221,0.003922227676310938,0.002446919222645184,0.5982252693863861,first,null_a,25,0,4,4245
6,52,12,0.2442938140511174,0.3008909976105049,0.0025121322832597137,0.0016653500849789183,0.45398403940813997,-0.06611000939359149,-0.09798113306527186,0.00396950138790959,0.002485208453796356,0.6054355415046525,first,null_a,25,0,4,4246
7,52,12,0.2966592418817138,0.33390026935411254,0.002459667250469211,0.001595951738354367,0.4445027363443512,0.02269074209372717,-0.08730504214073237,0.003803230746917652,0.002267269028972444,0.5800756421802964,first,null_a,25,0,4,4247
8,52,12,0.27815043832571923,0.34419289201433273,0.0024431609948249366,0.001584037854004108,0.44151978171937917,-0.11608391608391609,-0.24072516822593107,0.003958564692055237,0.0023747791728616937,0.6037674568436875,first,null_a,25,0,4,4248
9,52,12,0.28085976046425487,0.36185182908441516,0.0024206695807077426,0.0015660430552396616,0.43745520952269706,-0.1961590648157813,-0.2695551485060961,0.003988311133305018,0.002307451776405596,0.608304437941805,first,null_a,25,0,4,4249
1,51,13,0.11640091555131132,0.13606774629544313,0.0034212730003212754,0.0026093819114005167,0.6356654068624717,0.17722783545568357,0.2434634240210021,0.003088018633478092,0.002534359949254732,0.60805377199038,first,null_a,26,0,0,4201
2,51,13,0.18005098547599097,0.19906971726727393,0.002797284925385945,0.0019857268085261325,0.5197297204984049,0.14624615890438675,0.18754881759522202,0.002561892379732283,0.0019515573267232101,0.5044556104815607,first,null_a,26,0,0,4202
3,51,13,0.16226560903152465,0.22638385903061825,0.0025709049074985595,0.001811491054289835,0.4776687840684838,0.24151797569519085,0.15357501998922723,0.002261787223921727,0.0015864059135526733,0.44536267949790315,first,null_a,26,0,0,4203
4,51,13,0.2207054626895711,0.2618215285137206,0.0024346858287099577,0.0016456108530478785,0.4523595625791562,0.1424524842246361,0.10237799715369908,0.0021417295564784755,0.001522168446114451,0.4217224343407641,first,null_a,26,0,0,4204
5,51,13,0.224573884388012,0.2925075183872612,0.00235549537795696,0.00160311213838238,0.43764614155347376,0.07965452269249737,0.07128764362293386,0.00208197768272286,0.0014361097623992233,0.4099568472336445,first,null_a,26,0,0,4205
6,51,13,0.231516488504633,0.3078006219831727,0.0023138207286388856,0.0015465181211831132,0.4299030783977019,0.13104616902085253,0.19164803662268506,0.001912309260733256,0.001421586536954497,0.3765478765558235,first,null_a,26,0,0,4206
7,51,13,0.2568971048992075,0.3326756718398271,0.0022754556194666082,0.0015066125184163013,0.42277492091683766,0.14323651032511792,0.17348959623667007,0.0019118230444609189,0.0013765894956362156,0.3764521369656564,first,null_a,26,0,0,4207
8,51,13,0.30769761936565276,0.36509878644254,0.002234647565961083,0.0014683539372693046,0.41519286946042966,0.06976567736061406,0.10094004678250654,0.0019793366439617584,0.0013873902606666337,0.3897460654387809,first,null_a,26,0,0,4208
9,51,13,0.30139538070533417,0.3673096185947375,0.002229756874991698,0.0014509665157719004,0.4142841892514546,0.14581620910734835,0.1751930191401405,0.0019170816688965843,0.001341830549955224,0.3774875991189355,first,null_a,26,0,0,4209
1,51,13,0.10949833427570926,0.1818433411749401,0.0038204534288009072,0.002909147434382116,0.6488035874814155,0.032511792005462885,-0.03784704337920369,0.0038390454403706697,0.002948424279094506,0.7010681835110673,first,null_a,26,0,1,4211
2,51,13,0.15577791473751354,0.1966107755193811,0.0033057513703667212,0.002369918073247084,0.5613949727136704,-0.014378027036254884,-0.009919241582788816,0.003142604313606751,0.0024147234417660926,0.5738874238023103,first,null_a,26,0,1,4212
3,51,13,0.17457901488800273,0.25924680972443603,0.003006742727592442,0.002104840362589585,0.5106162147114326,-0.1069689803867019,-0.15279959124268858,0.003120211862964064,0.00237860474626214,0.5697982211762236,first,null_a,26,0,1,4213
4,51,13,0.2197743551752086,0.2987846933341333,0.00287317395778457,0.0019725357765289528,0.4879330702517903,-0.08102024557720759,-0.13787689646144743,0.002970074449556419,0.0022879859059876475,0.5423808422132423,first,null_a,26,0,1,4214
5,51,13,0.22035884512198156,0.30314005596987625,0.0028347622058327126,0.0019036467891111524,0.48140984390385566,-0.09414635996914479,-0.13857136882303522,0.0028152055874301057,0.0021764845612551567,0.5140994286327776,first,null_a,26,0,1,4215
6,51,13,0.2670635653302057,0.3370345054219178,0.002771215985289213,0.0018371299977406655,0.47061818876975603,-0.07115669140985596,-0.1441962801994544,0.002714829774246667,0.002050802156515245,0.49576927596593,first,null_a,26,0,1,4216
7,51,13,0.23921536784861416,0.33630160451072594,0.002765752620033133,0.0018393222594064874,0.4696903797952651,-0.10729776552561361,-0.12133040372692785,0.0026929838801584478,0.0020634695300707977,0.491779882893228,first,null_a,26,0,1,4217
8,51,13,0.27907976453393235,0.37072111235339145,0.002722986386137811,0.0017973715555027873,0.46242765915452094,-0.08438397045991981,-0.11279652598525952,0.0026439206553816054,0.0020176205384737425,0.4828201905932131,first,null_a,26,0,1,4218
9,51,13,0.28875368049551897,0.39171065688938866,0.0027001453606743625,0.0017659838450446942,0.45854871139645575,-0.04346286624767637,-0.09035244637690773,0.0025563499988185967,0.0018750715031510311,0.4668284546059537,first,null_a,26,0,1,4219
1,51,13,0.13009708585953494,0.13599997032343564,0.003952341872060249,0.003015754043614755,0.6601807805119158,0.03023558719761251,0.10254310244880595,0.004769624312077067,0.0034693825075718943,0.6965090603196242,first,null_a,26,0,2,4221
2,51,13,0.1446446885819446,0.18760479482354853,0.0033508900896696615,0.0024855430528649145,0.5597170757029183,0.03233475385374119,-0.06440999957037909,0.004585690663168963,0.0031220820443434785,0.6696491978692936,first,null_a,26,0,2,4222
3,51,13,0.1433721516460505,0.24077290542753677,0.003063819991064172,0.0021998961024884143,0.5117662232984895,0.0438675248801831,0.04171362105604927,0.004366664110228623,0.0031222637174404466,0.6376647125950039,first,null_a,26,0,2,4223
4,51,13,0.2435551284988486,0.3020860619188076,0.002892749278874809,0.0020187349111395448,0.4831913681994716,0.007018298157538664,-0.10407021527610837,0.004336936509223088,0.0029357735225478947,0.6333235858967241,first,null_a,26,0,2,4224
5,51,13,0.23125806942002947,0.31701786922962455,0.0028401259504226206,0.001955527688554593,0.4744014124782093,0.032360045018272866,-0.017430798806295708,0.004152113352821539,0.002695901911619899,0.6063338285138223,first,null_a,26,0,2,4225
6,51,13,0.26531100135665897,0.34591848358535315,0.0027904596339135323,0.0018920939400823371,0.46610538226131154,0.18137558643887755,-0.05849001942914047,0.00416216963079422,0.0026706864718001417,0.607802348519335,first,null_a,26,0,2,4226
7,51,13,0.29978030260232463,0.3743859472870005,0.002750181516102658,0.0018544073586900655,0.4593775130347376,0.006436601373310233,-0.09694676994451681,0.0041741559672139215,0.00279775246562006,0.6095527152925047,first,null_a,26,0,2,4227
8,51,13,0.2807888469024215,0.3886555052236023,0.0027344918373524364,0.001852446367651142,0.4567567821621061,0.1228518317125912,-0.0475800460510397,0.004096597322848532,0.0026370868064373035,0.5982268130888829,first,null_a,26,0,2,4228
9,51,13,0.32167712009471083,0.41000476608250386,0.002713624217867019,0.0018056267058225077,0.45327115218239816,0.15873999418303214,-0.0030588672880309795,0.004035625052986536,0.002593870731892747,0.5893230220125918,first,null_a,26,0,2,4229
1,51,13,0.07776088015992007,0.12712269613034063,0.003979015693864827,0.0030548934012207384,0.6648180055311914,-0.08071675160282754,-0.17448127328546725,0.004450655562644568,0.0035405046227781575,0.7818969240098252,first,null_a,26,0,3,4231
2,51,13,0.18016471293164343,0.2026642303853061,0.0033436051389693793,0.0024670748444400987,0.5586529611333017,-0.0333716915995397,-0.12100927369563311,0.0037900467063699704,0.0028322333053599808,0.6658403059623399,first,null_a,26,0,3,4232
3,51,13,0.1877241299684939,0.23396100382193952,0.0031090405884527227,0.0022130816289427755,0.5194616764939248,-0.12871938188393883,-0.1379463669943101,0.0033561976592660385,0.0024971856729392766,0.5896211443937931,first,null_a,26,0,3,4233
4,51,13,0.21729223904407666,0.27750086113150974,0.002958286772067048,0.0020577075205667527,0.494273574901294,-0.036811289975846935,-0.21333100467378807,0.003378637367166838,0.0022938852156851558,0.5935633812926845,first,null_a,26,0,3,4234
5,51,13,0.23503755147176172,0.2885034694040192,0.0029122528542216823,0.001980230762661779,0.48658218089751293,-0.025809633404570115,-0.24039206949916664,0.0033554476613153437,0.0023419707537304033,0.5894893837840565,first,null_a,26,0,3,4235
6,51,13,0.2105271848147741,0.3010418403116401,0.002877539384251393,0.0019622840411075214,0.48078221888522465,0.01781762541256212,-0.055320079303952094,0.002954379340916203,0.002064556782175025,0.5190291826689788,first,null_a,26,0,3,4236
7,51,13,0.23306930885494648,0.31179135693737114,0.002855873380480994,0.0019300005344154545,0.4771622408497831,0.06683190227494025,-0.10905062051173049,0.003058306645150736,0.002087218225377573,0.5372872658564654,first,null_a,26,0,3,4237
8,51,13,0.28626967027931827,0.34989200663948705,0.0028086167499877736,0.0018889589503364426,0.46926655476815526,-0.11771772531266202,-0.2657311443072974,0.0031662802179538126,0.0022192962602116126,0.5562562027379597,first,null_a,26,0,3,4238
9,51,13,0.29080633342518275,0.36331661183361696,0.0027943189784763113,0.0018592412740974624,0.46687766850303014,-0.17338357844686958,-0.19016148417000314,0.003062346027488916,0.002159293895110967,0.5379969097686189,first,null_a,26,0,3,4239
1,52,12,0.1567688356587233,0.19457175843208097,0.0036517579380895334,0.00274793115242037,0.6428152216266483,-0.01734683227220541,0.026470657450206717,0.004285684683718722,0.002864684953144832,0.7072190008978138,first,null_a,26,0,4,4241
2,52,12,0.2177025805655019,0.24052781549614424,0.0030938903019677192,0.0021847181158032728,0.5446143511879062,-0.12622899488571132,-0.051138572841509904,0.004109894767562015,0.0026472019237647835,0.6782103411276363,first,null_a,26,0,4,4242
3,52,12,0.2144387208297321,0.2596408028491594,0.002885338654427409,0.0019357781722440194,0.5079032175895049,-0.06782173050829768,-0.06565387804489252,0.003930791116826046,0.0023501301840738813,0.6486548525001495,first,null_a,26,0,4,4243
4,52,12,0.27852001481664407,0.2985748118658102,0.00274934392154977,0.001824102258697897,0.4839642036031258,0.045151863062310824,0.038750051407549904,0.0036754983927927034,0.0021247569364749377,0.6065267262958952,first,null_a,26,0,4,4244
5,52,12,0.30604489443141125,0.3267049463793572,0.0026779209747810184,0.0017384605807735903,0.4713916952017604,0.05062102077027451,0.0014847230683294912,0.0037361386245987763,0.002182344437237877,0.6165335110495721,first,null_a,26,0,4,4245
6,52,12,0.3047695271021114,0.35316654006450865,0.0026274095328451255,0.0016973441916878014,0.4625002176467915,0.04085168562780504,0.020793300041972558,0.0036689792387218315,0.002136869071977224,0.6054509426186182,first,null_a,26,0,4,4246
7,52,12,0.31526884800592664,0.3616088662314467,0.002609932576808142,0.0016734414439308898,0.45942376691847464,0.09783947395887696,0.04922194576296904,0.003568507248378745,0.0020368604704666467,0.5888711646198792,first,null_a,26,0,4,4247
8,52,12,0.301094456105692,0.3770488077085905,0.002587619275274436,0.0016549944457196094,0.45549597922997426,0.04577810249452041,0.010725237213403646,0.0035500507795592218,0.0019073335835607986,0.585825498314042,first,null_a,26,0,4,4248
9,52,12,0.33183094209161623,0.3994543588292373,0.002561029866495768,0.00162093498563794,0.45081547274877987,-0.0031103225133075887,-0.018740360888708632,0.0036277588464248404,0.0021153392250979155,0.5986487985487006,first,null_a,26,0,4,4249
1,51,13,0.04919622441317538,0.1298300591987125,0.0037649442240072287,0.002881956345281306,0.6575011593863992,-0.09288180174256123,-0.06477851291898497,0.0036829293968328168,0.0027140824709846467,0.6860911499285511,first,null_a,27,0,0,4201
2,51,13,0.1458835849199864,0.21694295240346853,0.0031142689374028124,0.0022992500494811744,0.5438687308902527,-0.02575905107550677,0.06005786239707482,0.0029903059708590047,0.0021298494869071067,0.5570626642881579,first,null_a,27,0,0,4202
3,51,13,0.1825334721889842,0.2561905633981354,0.0028585976225341367,0.0020494057659999378,0.49921888325742986,0.05314938226330631,0.037964217686448753,0.002791528991655822,0.0018426130239054663,0.5200325962238294,first,null_a,27,0,0,4203
4,51,13,0.2088260081926591,0.27758760563357,0.00274916676355969,0.0019041216087931935,0.4801081309149243,-0.025329101278468366,0.07307732202033916,0.0027004837635942504,0.0017285296895266267,0.5030718243800931,first,null_a,27,0,0,4204
5,51,13,0.25477395906437467,0.3228496047112745,0.0026478321941067165,0.0018351190088352043,0.46241129586584195,0.044246892348158165,0.01939537824943256,0.0026565348497450208,0.0017060618306311691,0.49488460230984127,first,null_a,27,0,0,4205
6,51,13,0.2635946720539936,0.32773848789901233,0.0026210936001926604,0.0017730433489267301,0.4577417296112476,0.06685719343947191,0.08420010862848969,0.0025583108559978215,0.0016075322200203117,0.4765865016515598,first,null_a,27,0,0,4206
7,51,13,0.28227949185156365,0.3411436117371688,0.0025962372263570246,0.0017522720394914828,0.45340086992178386,0.08463688210523652,0.04750574094005006,0.0025350990647907733,0.0016036948455647232,0.47226238820674593,first,null_a,27,0,0,4207
8,51,13,0.29252389800071904,0.36941619272964543,0.002557057866961653,0.001718378568872283,0.4465586771311945,-0.07204188216846444,-0.0474561950111667,0.0025887549482965697,0.0016346200076177832,0.48225791699602494,first,null_a,27,0,0,4208
9,51,13,0.30308791041735256,0.3792969662743666,0.002545103971950749,0.0017043826469547844,0.4444710765291099,-0.06895636009560059,-0.04921218542498102,0.0026165038673505213,0.0016511088929250146,0.4874272498101082,first,null_a,27,0,0,4209
1,51,13,0.1351499283624086,0.14962137514406948,0.003852282744790385,0.0029405258839631655,0.6590227628008416,0.11852704257767548,0.11666457794320927,0.0036435292711340076,0.0028580607989421433,0.6575474703280343,first,null_a,27,0,1,4211
2,51,13,0.15720090790908983,0.23541780798306539,0.0031916428764974607,0.00238491354533394,0.5460049133692113,-0.02758001492178707,-0.019508668228374354,0.0033671988404796534,0.0025261748533208146,0.6076781370167983,first,null_a,27,0,1,4212
3,51,13,0.17122615491013551,0.2400064266547128,0.0030061906911392766,0.002165309370281438,0.5142789940483921,0.010306149546655874,0.11402199095421152,0.0029550333055068196,0.0022225619153624053,0.5332946520191777,first,null_a,27,0,1,4213
4,51,13,0.1936787216671638,0.28588098161356756,0.0028476723108376294,0.0019887828100306447,0.48716072992762316,-0.034484502838933215,0.027024859252181996,0.003011251409234766,0.002278606968813401,0.5434403292299566,first,null_a,27,0,1,4214
5,51,13,0.1983991522404638,0.27777324872489423,0.0028272783157846956,0.0019303531326086405,0.48367186167606324,-0.19088506430278582,-0.1792328664879828,0.0031302205573705733,0.0021720687638373507,0.5649106829947924,first,null_a,27,0,1,4215
6,51,13,0.2182349992991885,0.32840067951416363,0.0027421092445298516,0.0018764313222128807,0.4691017066895286,0.04063025582012923,0.07193887078397626,0.002860315720949314,0.002149255833017127,0.5162009762211555,first,null_a,27,0,1,4216
7,51,13,0.2299400744424843,0.32846021080098703,0.002734440631046522,0.0018457868761896042,0.46778981159266164,0.015162053136736681,-0.05812240749738207,0.003023412417009238,0.0022086548636249172,0.5456350254444473,first,null_a,27,0,1,4217
8,51,13,0.26068667501271914,0.3590173286846724,0.002694743206657245,0.001805793109888181,0.4609986417771858,-0.01900631014555065,-0.044356928211916447,0.0029827926392420254,0.002158221028814757,0.5383043770185586,first,null_a,27,0,1,4218
9,51,13,0.2606328994670703,0.3642574816916418,0.0026892314441950256,0.0018006159154995778,0.46005572632512926,0.10752538600639865,0.10876267092123895,0.0026951922835150165,0.0019808314449598035,0.48640116112511833,first,null_a,27,0,1,4219
1,51,13,0.11421192967245666,0.14860426931948253,0.0038266411770799297,0.0029479897251691953,0.6458490950181389,0.021105476801679332,0.00933063043503661,0.005169318816865465,0.004342001949537003,0.820385306434528,first,null_a,27,0,2,4221
2,51,13,0.15943502242349664,0.2163674446655514,0.003228373143923553,0.0023839045017030286,0.5448751991361167,-0.057954703524323775,0.008590598870317732,0.004174364693952763,0.0029774135849534094,0.6624833135547421,first,null_a,27,0,2,4222
3,51,13,0.19047705908870133,0.25386579848561064,0.0029799619666788174,0.0021629176009366788,0.5029491008709195,-0.03863225382212724,-0.08641401818199568,0.00412818993716225,0.0028052735604207194,0.6551552509335058,first,null_a,27,0,2,4223
4,51,13,0.2386972944065362,0.2740995490250187,0.0028611937105859665,0.0019596061344160105,0.48290374852017093,-0.047560034901807054,-0.11436002250853722,0.004068496525961438,0.0028105330107685935,0.6456817401722184,first,null_a,27,0,2,4224
5,51,13,0.2744812142172331,0.30459113974560015,0.002783494629619345,0.0019158610859317323,0.46978992916689494,0.008889844332882308,-0.03306928072357826,0.0038833745546509838,0.0027185681897271856,0.6163023672719063,first,null_a,27,0,2,4225
6,51,13,0.26219428437595577,0.3168449082159126,0.0027486139215408467,0.001872050552898886,0.4639028671969821,-0.09027681179579913,-0.05505310249138007,0.0038400820396366554,0.002594812285206465,0.609431724455202,first,null_a,27,0,2,4226
7,51,13,0.2621879844843139,0.3325463300751316,0.002722111593830087,0.0018414838853992828,0.45942988329914775,-0.08162723352596771,-0.04479506006200101,0.0037821942737771394,0.002565625036136915,0.6002447746430667,first,null_a,27,0,2,4227
8,51,13,0.31411568544550444,0.3624686776974185,0.0026819020616794817,0.0017969660974459243,0.45264343828148657,-0.09933104869813729,-0.0012780119913345708,0.0036813562920497834,0.0024130126464250714,0.5842415058429816,first,null_a,27,0,2,4228
9,51,13,0.3200383659283413,0.3692483639953897,0.0026740638456287766,0.0017875920996596175,0.4513205275332236,0.0020106475802678333,0.0011152655153271306,0.0036789393834086664,0.002411374014838845,0.583857935704166,first,null_a,27,0,2,4229
1,51,13,0.10669496484660462,0.19337852266958833,0.003459529257350272,0.0027429783424103094,0.6278644494383642,-0.30515054565687477,-0.17282103337556534,0.004113814016656664,0.003024708871113177,0.7356450022536583,first,null_a,27,0,3,4231
2,51,13,0.1323456942422943,0.1986447480754855,0.002952349526786705,0.0021360692393287426,0.5358172087277907,-0.0730282375851996,0.05181620650046015,0.003281280357327294,0.002285966658798836,0.5867687469796427,first,null_a,27,0,3,4232
3,51,13,0.20863767025560098,0.24813238884456829,0.002667694774567645,0.0018637346050370278,0.4841556715685636,-0.007321792131918713,0.039782152408185154,0.003235587250714248,0.0021950719226671352,0.5785977637068866,first,null_a,27,0,3,4233
4,51,13,0.2003833710530767,0.23854370427141874,0.00260826103524382,0.001760686481818911,0.4733691369730454,-0.05987683202873075,-0.0667544120842726,0.0031465197472759273,0.002016868270946343,0.5626704360488265,first,null_a,27,0,3,4234
5,51,13,0.22234676975320727,0.28870394575384917,0.002487530480437574,0.0016785555182747443,0.4514579410602607,0.03327052694141301,0.014827381384415755,0.0030143305146010275,0.001950970774665287,0.5390319468085989,first,null_a,27,0,3,4235
6,51,13,0.24921951342436907,0.3162715040960473,0.002430466908700985,0.001613566955952961,0.44110156440142556,-0.009269211800857371,0.013703638047396553,0.0029501122525822394,0.0019113147307425527,0.5275482376967486,first,null_a,27,0,3,4236
7,51,13,0.26225592449221635,0.3407315289578191,0.002389706605611788,0.0015799667499719699,0.43370404197733675,-0.050949050949050945,0.05113819188936448,0.0029095826385503207,0.0019322681373174794,0.5203006062080305,first,null_a,27,0,3,4237
8,51,13,0.28153738108645704,0.35814758486655063,0.002363895408359709,0.0015474154438869891,0.4290196089384805,0.007979362409742155,0.1431999809468805,0.0027648430179329784,0.0018278209468476276,0.4944178176074479,first,null_a,27,0,3,4238
9,51,13,0.29199750705464333,0.363930374789565,0.0023562420651226166,0.0015338451831678223,0.42763061587599654,-0.002744091351686288,0.049137611751122606,0.0028431046488967015,0.0018441441319586073,0.5084128055805486,first,null_a,27,0,3,4239
1,52,12,0.11139859241881715,0.17116836625713405,0.003828355674959366,0.0028863927374438857,0.6533000651224123,0.10631458094144663,0.18115637429729983,0.004517129963659494,0.0033206349164462395,0.6600721759548722,first,null_a,27,0,4,4241
2,52,12,0.18966015557476235,0.22293784134495767,0.003247711791050316,0.002326261433218975,0.5542145256956873,-0.13027867654733327,-0.03148131930477742,0.004528185758154539,0.0032063339249000676,0.6616877199812703,first,null_a,27,0,4,4242
3,52,12,0.2275695764909248,0.24711097984568436,0.0030226337620388654,0.0020402908320703225,0.5158054792289256,-0.028285147688132766,-0.030416943046132544,0.004339793576992322,0.002891995790408761,0.6341586389158483,first,null_a,27,0,4,4243
4,52,12,0.19218254105445115,0.2717374672204639,0.0028990698425821354,0.0019401359312023008,0.49471958139663524,0.06598476150714958,0.12157704034021571,0.003947762804935545,0.0026634746657029492,0.5768725730212227,first,null_a,27,0,4,4244
5,52,12,0.2390062476848994,0.29618787955568715,0.0028303795456696085,0.001840186409338475,0.4829977406753684,-0.12313954702014406,-0.1231973171301736,0.004268461252267752,0.002797972275142117,0.6237350993728945,first,null_a,27,0,4,4245
6,52,12,0.25923348561550813,0.3253453710819015,0.0027694024842286283,0.0017698530639512773,0.47259214579531894,-0.08113975576662145,-0.08285641705028438,0.0043684480213540145,0.0027432000297020645,0.6383458112117009,first,null_a,27,0,4,4246
7,52,12,0.28610692678108407,0.3421053816666016,0.002741945259563797,0.001728914474774038,0.4679066337414251,-0.15683122847301953,-0.0809029648698964,0.004147035344230149,0.0027587016538676854,0.6059915622197715,first,null_a,27,0,4,4247
8,52,12,0.28950586492159525,0.35576183895095304,0.0027237488024284885,0.0017096202459434106,0.4648014503047737,0.0038200605364784477,0.05391247128581832,0.003946423054434318,0.0025769186199845855,0.5766768000335746,first,null_a,27,0,4,4248
9,52,12,0.2837969625879738,0.3845161123935541,0.002690979371940766,0.0016957144958002174,0.4592094225807873,-0.01667884354451519,0.012121976574438642,0.00398063609920456,0.0026483935301056688,0.5816762308866198,first,null_a,27,0,4,4249
1,51,13,0.11798099425631055,0.12953224508016872,0.003935759062196685,0.002943531603313143,0.6655802728138432,0.09316000455240961,0.07992118377428101,0.003862587876843817,0.0032035229036233067,0.7223000616561904,first,null_a,28,0,0,4201
2,51,13,0.162746624287474,0.18863055706342016,0.0033488851485826677,0.0024377977207322853,0.5663334202098804,-0.005399663627511729,-0.13264159008498272,0.0032328270513447568,0.0023597254266132135,0.6045354184713443,first,null_a,28,0,0,4202
3,51,13,0.17555459222571956,0.21107699827712229,0.003116081267819731,0.0021503250828618444,0.5269637159110014,0.046674844143198564,0.17055591809932194,0.00272603255492446,0.002163601233075328,0.5097653555801124,first,null_a,28,0,0,4203
4,51,13,0.2189473399881051,0.253687713473223,0.002968762057914978,0.001991459236274471,0.5020504124364746,0.07130843839704598,-0.04296447029522361,0.0027619973190256713,0.0019820126033558935,0.5164907304210291,first,null_a,28,0,0,4204
5,51,13,0.21580447639830005,0.278832605824574,0.0028955892915634375,0.0019305334921442354,0.4896760904769337,0.11622554660529344,0.04934961199769375,0.0026118430884971896,0.0018816378820263797,0.48841203980563747,first,null_a,28,0,0,4205
6,51,13,0.2566651618298047,0.3170504680972748,0.0028296569863411783,0.0018575293212288052,0.47852621036395143,-0.06703423159119361,-0.14757393065992713,0.0026947533258918134,0.0018471263716989788,0.5039161711008975,first,null_a,28,0,0,4206
7,51,13,0.26699397829180865,0.3270763107918682,0.002814023956659095,0.0018100607925222714,0.47588249259660914,0.08167781585503103,0.010278848436369064,0.0025346385787626117,0.0017916113798417106,0.47397487386418885,first,null_a,28,0,0,4207
8,51,13,0.25747574788772454,0.3374475802251666,0.0028003460095337492,0.0018208644434492712,0.4735694008561458,0.014327444707191541,-0.05957299808389067,0.0025949312169867606,0.001864257584285845,0.48524953678326327,first,null_a,28,0,0,4208
9,51,13,0.28790978324584576,0.37285843097077565,0.0027635736163639296,0.0017848491303076,0.46735078353450354,0.007296500967387043,-0.0790156548356321,0.002575592455056916,0.00184574246209798,0.4816332076848312,first,null_a,28,0,0,4209
1,51,13,0.17739786640375668,0.1873983787167841,0.0038376395360995874,0.002943289112688733,0.651133654374865,-0.20140618874796087,-0.24061905442950413,0.004124543704671055,0.0032360268371447376,0.8290485734330973,first,null_a,28,0,1,4211
2,51,13,0.16673667918794147,0.17586943435853858,0.0033754748038614217,0.0024132886673306924,0.5727180011602666,-0.11185017514131437,-0.07182490027154835,0.0027849425487545217,0.0021672307428706574,0.5597837754812223,first,null_a,28,0,1,4212
3,51,13,0.21245507518447151,0.24305380148395653,0.0030717038493745094,0.0021313838261035993,0.5211770761131386,0.15072269502649246,0.031772973870827004,0.002567190030997734,0.0018554070237349841,0.5160147122504745,first,null_a,28,0,1,4213
4,51,13,0.21052006140788493,0.24731996797902225,0.002989355891451503,0.002002993994290317,0.507205069032137,-0.01632544670519354,-0.13249720615237687,0.0025140157395891457,0.0016888750279650145,0.505326482571715,first,null_a,28,0,1,4214
5,51,13,0.261350098895946,0.2757851444430578,0.0029083137252523517,0.0019189232238085647,0.49345461609372976,-0.11134435185068095,-0.10449218189475838,0.002572460819105465,0.001874138507592431,0.5170741601978035,first,null_a,28,0,1,4215
6,51,13,0.3030810752407999,0.3257107288881393,0.0028284615378803214,0.0018381631439654004,0.47990606728285795,-0.0010242921635326698,-0.11194886951275111,0.0025408364347602693,0.0018855026883970495,0.510717541719645,first,null_a,28,0,1,4216
7,51,13,0.34070126934993183,0.33942734169330824,0.002807339407152708,0.0017981979298136528,0.4763222679084037,0.002921129503407984,-0.08769967141651726,0.0023942020956781046,0.001764736425301039,0.48124349602225086,first,null_a,28,0,1,4217
8,51,13,0.34708215371636786,0.3477183231803744,0.002796141084793254,0.0017915568325038793,0.4744222446018401,-0.030134422539485832,-0.081335900066198,0.0023610502357625063,0.0016948289433141805,0.4745798492924188,first,null_a,28,0,1,4218
9,51,13,0.3635882403999121,0.3847210806403016,0.0027570312877540112,0.0017650882076159316,0.46778647153652936,-0.0892651652145323,-0.1769741204585487,0.0024601285260922516,0.001786010205881342,0.4944949529105575,first,null_a,28,0,1,4219
1,51,13,0.0977121428805542,0.11136923880570467,0.0038673802221575308,0.00293904913763606,0.6692209676877032,0.12419226343276975,0.10209140343287898,0.004738328906926014,0.003398543426410768,0.7258093404682675,first,null_a,28,0,2,4221
2,51,13,0.16481307109753005,0.16018995244930279,0.0032870878376194085,0.0023048869619136498,0.5688057489053726,0.013138759974203012,-0.09347446091441605,0.004364497481436092,0.0029717146643740457,0.6685464645238498,first,null_a,28,0,2,4222
3,51,13,0.2382131086168847,0.23323701833288607,0.002968219211827669,0.0020442998638833445,0.513627939106638,0.21223080716751602,0.028017450861098532,0.0038965592955015798,0.0023033060308120107,0.5968684715469159,first,null_a,28,0,2,4223
4,51,13,0.25667817337071214,0.26298466680525634,0.0028365266185957478,0.0019209411398552715,0.4908395294811674,0.13033801641396578,0.03773750327667355,0.0037577123357287797,0.002389372061818582,0.5756001251998704,first,null_a,28,0,2,4224
5,51,13,0.2612666356256319,0.2996510019379352,0.002750771423645411,0.0018261268808583205,0.47600024002622576,0.07801059699793876,-0.06968580081299527,0.003945114785829294,0.0022119320146293973,0.6043061207905888,first,null_a,28,0,2,4225
6,51,13,0.2856055875838935,0.3163997754510492,0.0027140487759620144,0.0017732014254323253,0.46964566292053145,0.17859355834039375,0.09475297095007168,0.003611073360369679,0.0020372140683491856,0.5531382108661567,first,null_a,28,0,2,4226
7,51,13,0.29171129433044335,0.3529179448923714,0.0026642564098125127,0.001731139489209204,0.4610294696465636,0.1929842309589145,0.13831533127691253,0.0036390656810587835,0.002013864169781618,0.557426027988315,first,null_a,28,0,2,4227
8,51,13,0.3249330523279705,0.3698925131413545,0.002644721978557552,0.001717503406886912,0.4576491837070599,0.14940755447084558,-0.0833500381949495,0.0037690180984783013,0.0020114008664778513,0.5773319231324129,first,null_a,28,0,2,4228
9,51,13,0.3620783663697455,0.3998732015267064,0.0026155286310740105,0.0016857914793613198,0.4525974951916546,0.07621492431619013,-0.09126733444729906,0.0037733656251903603,0.0021259890382631865,0.5779978700427119,first,null_a,28,0,2,4229
1,51,13,0.09287971423362106,0.17706890234357248,0.003786738199351984,0.0028983226956121916,0.6464021598631234,0.08592673149635174,0.030358431886526233,0.0035260134601090855,0.002563104550150421,0.6576845388846945,first,null_a,28,0,3,4231
2,51,13,0.16209135320519544,0.19509855298548032,0.003254667282526246,0.002408280124422081,0.5555768184398993,-0.09781357882623705,-0.02656088264030586,0.0030478289047956163,0.0023043816304983153,0.5684918592987828,first,null_a,28,0,3,4232
3,51,13,0.19802292929973367,0.20005051345177338,0.0030460213261016616,0.002138669844488483,0.519960625880657,0.1429835986798012,0.05754631710815925,0.002646477662685388,0.0019289546935465857,0.4936304018527585,first,null_a,28,0,3,4233
4,51,13,0.21451612796965772,0.24726715114138004,0.0028800714814970012,0.001987365266269006,0.4916327266876895,0.11278594822898619,-0.0814088221598378,0.0029086003347137948,0.0020645635710070287,0.5425224525027562,first,null_a,28,0,3,4234
5,51,13,0.2464076206124549,0.2653354702307347,0.0028109339975674577,0.0018946597240704728,0.4798308495610356,0.2507492507492507,0.04484728737951151,0.0024761812015919628,0.0016293011863009043,0.46186610181390964,first,null_a,28,0,3,4235
6,51,13,0.27443888553352175,0.3114661906598343,0.0027327263684269825,0.0018417494376266577,0.4664806843970355,0.38684100709417163,0.17778166773760654,0.0023080986321178903,0.0015109440394595712,0.43051474469354,first,null_a,28,0,3,4236
7,51,13,0.29516832898709433,0.32379410422666133,0.0027064242389129595,0.001794511103671649,0.46199086956648455,0.08655901060964351,-0.007553405210404399,0.002489159014129927,0.0017220683128877279,0.4642867694464431,first,null_a,28,0,3,4237
8,51,13,0.3073296315773957,0.3384205585293287,0.002683987439580732,0.0017877983347909297,0.45816087267067357,0.1575766006145753,0.06831041752784585,0.0024155807768358457,0.0017053203294626871,0.45056269561230367,first,null_a,28,0,3,4238
9,51,13,0.3228838169865831,0.37595716571004884,0.0026413260796065547,0.0017482005390680642,0.4508785114990653,-0.04346286624767637,-0.16270610614447512,0.0025689860357091202,0.0018361626863817677,0.47917638869260043,first,null_a,28,0,3,4239
1,52,12,0.14250875416718115,0.15619975539503833,0.0038231212803607516,0.0028701233892138942,0.6541969807624998,-0.30186828097275864,-0.17996282198233188,0.00406396381352161,0.003110593174843431,0.748623356625916,first,null_a,28,0,4,4241
2,52,12,0.08113559698728239,0.14762521638995946,0.003351328782690646,0.0023990674013258987,0.5734657653789642,0.05892913057092163,0.05093448412418257,0.0029708622196625988,0.002217376286693177,0.5472629553336713,first,null_a,28,0,4,4242
3,52,12,0.17953930114828992,0.20633772087564234,0.0030557203399557576,0.0020693967618107072,0.5228824496681898,-0.01191942385972237,-0.05926790524181277,0.002949813120063508,0.0021020060436841175,0.5433854976793008,first,null_a,28,0,4,4243
4,52,12,0.20504190640819853,0.2548602731217864,0.002888123618960318,0.0019250651363816424,0.4942039796902335,-0.07700657551403821,-0.036602636606623995,0.0027162750830148894,0.001993229689532464,0.5003654223987425,first,null_a,28,0,4,4244
5,52,12,0.25835851339671567,0.29972947162974706,0.002783363774310113,0.0018034154743917304,0.47627790069625353,-0.0889468740215009,-0.03145128367915677,0.0027075716316468635,0.0019448728585135207,0.4987621583746675,first,null_a,28,0,4,4245
6,52,12,0.2885133473268305,0.3293243640048885,0.002731288829107381,0.001735083271841194,0.46736704764537007,0.017096336499321577,0.060666955233419306,0.0025200635115972003,0.0018559739830359794,0.4642212607025117,first,null_a,28,0,4,4246
7,52,12,0.2515218175083344,0.331329742694644,0.0027203220992482484,0.0017349252746409012,0.465490465387952,-0.08343596701805658,-0.11987454279506674,0.0027196747368976467,0.0019060460159199724,0.5009916731277988,first,null_a,28,0,4,4247
8,52,12,0.3112609457957773,0.34738886591236284,0.002698231689700549,0.001688544814938741,0.4617104442559652,-0.06577601502974638,-0.09453120003497134,0.002614351799728021,0.0018932225091726456,0.48159011977457117,first,null_a,28,0,4,4248
9,52,12,0.3237441659464132,0.3617525161862217,0.0026820525713009452,0.0016576662982987517,0.45894193924860616,-0.04444212503913997,-0.030842103907846308,0.002535706409549594,0.001720612517057818,0.4671028411766079,first,null_a,28,0,4,4249
1,51,13,0.14653181494690054,0.11618930610942177,0.0038110431694227264,0.002825046747000943,0.6669604062671779,0.08157665119690435,0.08196695358785042,0.004340674641279522,0.0030953997396899213,0.6897909107480841,first,null_a,29,0,0,4201
2,51,13,0.16564535678221626,0.16836393235421054,0.003229080004233142,0.0022465426407000813,0.5651125992935897,-0.008181691725995522,0.058822827359158475,0.0038480235664518033,0.0027844892840605934,0.61150210505076,first,null_a,29,0,0,4202
3,51,13,0.1590270941457454,0.20267310244298087,0.002986464493936697,0.002021408657263006,0.5226531119247949,0.0023394327191795542,0.09545247015371633,0.0036375547500629175,0.002533884083251987,0.5780558118961627,first,null_a,29,0,0,4203
4,51,13,0.19656625435454272,0.24871843164707463,0.0028385697237866886,0.0018862224399956494,0.4967704463135885,0.13263951238634783,0.14626121906137748,0.003547462051901951,0.0023821631379844074,0.563738884355635,first,null_a,29,0,0,4204
5,51,13,0.229548492942392,0.2940144464277149,0.0027401410554586717,0.0017807711586297478,0.4795447100261837,0.06953805687982902,0.08283273031776243,0.003457260509465376,0.002216429827997917,0.5494046600126038,first,null_a,29,0,0,4205
6,51,13,0.22284985521778433,0.2857235182464746,0.0027317667069492045,0.001755951992519498,0.478079137836157,0.12472337788793483,0.21532624813233364,0.0032127788556054627,0.002074045940592335,0.5105532747755117,first,null_a,29,0,0,4206
7,51,13,0.25774824908305694,0.3284593872740713,0.0026739965773956834,0.00171629905926189,0.4679689429723816,0.010660225850099268,0.08256466483764704,0.003332530246669751,0.0021885585230360396,0.5295833629373915,first,null_a,29,0,0,4207
8,51,13,0.28187979872628544,0.34736460129195046,0.0026504892473249012,0.0016917663613630726,0.46385498841525163,-0.10054502459565749,0.045149860564525864,0.0034055754764125484,0.0022275823578911955,0.5411912210963331,first,null_a,29,0,0,4208
9,51,13,0.2654038527007923,0.3617939671015905,0.002635980839451631,0.0016929263282625506,0.46131591100802516,-0.10057031576018917,0.01577150828714527,0.0034211786976669377,0.0021261669814749834,0.5436707804020028,first,null_a,29,0,0,4209
1,51,13,0.07780119123127552,0.09930660443253556,0.0035498051889172374,0.0026536477607933743,0.6480234916529131,-0.00484325800781497,-0.06638565267988067,0.0057283480054877,0.00423559974108272,0.8375795091831548,first,null_a,29,0,1,4211
2,51,13,0.13585930439643495,0.1730815595045322,0.0029602174636684923,0.0021056228534960205,0.5403931637847158,-0.006588348360500259,-0.06584078763752399,0.0047242704380566864,0.003034408320379054,0.6907667116183037,first,null_a,29,0,1,4212
3,51,13,0.1674686195397439,0.2034869585355839,0.0027153184046104623,0.0018413248177089356,0.49568638836820217,-0.03567318757192175,-0.139721998934967,0.004477536287064935,0.002707263497101354,0.6546900855319667,first,null_a,29,0,1,4213
4,51,13,0.25139314074386154,0.2663115757792095,0.0025384121886167193,0.0016791567660941328,0.4633918319961279,-0.12173902047319768,-0.1409257694987777,0.00450576955441909,0.002856846750826162,0.658818257596666,first,null_a,29,0,1,4214
5,51,13,0.25994127018662333,0.274727211537653,0.002483985429582599,0.0016256326911605306,0.4534561266400262,0.01162129010230276,-0.052437812885128325,0.004183488512071119,0.002497291692705097,0.6116954227042585,first,null_a,29,0,1,4215
6,51,13,0.27249975418069866,0.27061917137451535,0.00246203183226081,0.0015846076357833613,0.4494484569134667,-0.012278860380126202,-0.021673833137245704,0.004134770243319267,0.00255339686742061,0.6045720035980278,first,null_a,29,0,1,4216
7,51,13,0.27370052176279036,0.3196003008076998,0.002390202823519463,0.0015480707425855535,0.43633593874152343,-0.021459553105122726,-0.09312678303613216,0.004127573111741144,0.002501956672399372,0.6035196635640502,first,null_a,29,0,1,4217
8,51,13,0.29518743454083174,0.3359733333017654,0.002368963784884325,0.0015163564465355622,0.43245871302258443,-0.1228518317125912,-0.1574202094482281,0.00420876327930564,0.0025894110584235427,0.6153910129712479,first,null_a,29,0,1,4218
9,51,13,0.3153110590027263,0.35266967670093685,0.002348767256125929,0.0014916052841806172,0.42877179940655125,0.06678131994587691,0.014100650907635905,0.003986043757949923,0.00233933178004498,0.5828257241298715,first,null_a,29,0,1,4219
1,51,13,0.11028557367636806,0.1382906097938678,0.003931771403437792,0.0029710839673776973,0.6647638983907617,-0.018500486854917234,0.05991199255902313,0.00378553855535425,0.0030309153535724993,0.6716374150509041,first,null_a,29,0,2,4221
2,51,13,0.15167050891430547,0.18997349578922906,0.003368618562528303,0.0024021458236710394,0.5695488821806393,-0.17636793586160673,-0.12609688247460857,0.003433002104820559,0.00243166008377384,0.6090897307821036,first,null_a,29,0,2,4222
3,51,13,0.16933034045932055,0.21685178060384147,0.0031301066894250875,0.0021886364870172537,0.529222508567478,-0.12065150039833585,0.047365367616261166,0.003092993185627164,0.002270445946052878,0.5487647048334685,first,null_a,29,0,2,4223
4,51,13,0.21001364070655631,0.2520662862933205,0.0029935859443255605,0.0019977522718052265,0.506140275799769,0.0002908483921142149,0.09369080927584718,0.0029140015717683937,0.002134133510902213,0.517007673940768,first,null_a,29,0,2,4224
5,51,13,0.24362800959823488,0.2900535430578594,0.0029089921692809933,0.0019487777987096777,0.4918375908499146,-0.04670013530773024,0.03571025936621122,0.0028811739536584767,0.0020447122648631225,0.5111833358057256,first,null_a,29,0,2,4225
6,51,13,0.2628691962968825,0.301266704441234,0.0028784444121877453,0.0018697910431260836,0.4866727315514706,-0.12416697226823808,0.0949204332214097,0.0027933929523181696,0.002006418939256909,0.4956090644124531,first,null_a,29,0,2,4226
7,51,13,0.25316546908334353,0.3217556719362391,0.0028469146183071692,0.0018546360868065886,0.48134183447103956,0.06705952275572527,0.12168280661093345,0.0027423278987167405,0.0018768766549507622,0.48654900595609685,first,null_a,29,0,2,4227
8,51,13,0.31881672223473045,0.34794970320496016,0.002816572647399918,0.0018156178658277693,0.4762117684535881,-0.16397526524108802,-0.1187406776747604,0.0028891989497047475,0.002001969393086019,0.5126071457924678,first,null_a,29,0,2,4228
9,51,13,0.3225640871918179,0.3693911622353875,0.002794527800376679,0.00178201546094236,0.4724845379147571,-0.05461626980614322,0.08529696303549758,0.002687386656312425,0.0018089434535635666,0.47680122674620673,first,null_a,29,0,2,4229
1,51,13,0.11707912153322728,0.12813529597120837,0.003969050012247917,0.0030161574844676767,0.6674739173631536,-0.12474866905246651,-0.09518957875306074,0.004108073031561306,0.003434364056230472,0.7606495528891322,first,null_a,29,0,3,4231
2,51,13,0.12722132944019243,0.18179620616946843,0.0033866816295991717,0.00247254618245472,0.5695372059295659,0.03438333818080653,0.050877950998104576,0.0030651031614061766,0.002450280099844529,0.5675335689922193,first,null_a,29,0,3,4232
3,51,13,0.14338421614442348,0.18832489623212995,0.003177670895761386,0.0021820751776716603,0.5343879352337699,0.06248182197549285,0.05935051159075542,0.0027241864345023525,0.0020396400499757155,0.5044095315421684,first,null_a,29,0,3,4233
4,51,13,0.1496783431795561,0.22902433038882575,0.003026955276504586,0.0020816293485946104,0.5090421359914533,-0.18205844788123268,-0.12174752542254992,0.002970603246250169,0.002265818831504072,0.5500359934478628,first,null_a,29,0,3,4234
5,51,13,0.1752755852599335,0.25339212224721785,0.0029562624208679064,0.0019790808305928066,0.49715374024541986,-0.03420630002908484,0.022301991780473773,0.002561951963016351,0.001992211634292584,0.4743702461519252,first,null_a,29,0,3,4235
6,51,13,0.26030752859286116,0.3192606196078488,0.0028449304697830157,0.0018763599791974208,0.4784310803421681,0.12732836783469695,0.1886673154072583,0.002465117145841981,0.001990292185122867,0.45644034086010243,first,null_a,29,0,3,4236
7,51,13,0.24239314848490484,0.3002662003286743,0.00286482009160712,0.0018719241987992649,0.4817759119146702,-0.005247916640321704,0.13587149004528828,0.002438609672397072,0.0018574010589063655,0.4515322251403515,first,null_a,29,0,3,4237
8,51,13,0.25165304215591017,0.3260810931853571,0.0028284979798868155,0.0018293688627619039,0.4756676335805499,0.07080261510641257,0.1798976228614101,0.002340873932051304,0.0018266361640857341,0.43343550518816454,first,null_a,29,0,3,4238
9,51,13,0.31817285683862706,0.36514288878335466,0.0027858080163608427,0.0017966616427095483,0.4684884755707386,-0.019815627410564116,0.06467505422844158,0.0025007143036707823,0.0019487105586090746,0.4630314997753836,first,null_a,29,0,3,4239
1,52,12,0.1597459933325102,0.1974975510284686,0.0035817201447151895,0.0028095098869000737,0.6317107823498651,-0.035173781442438164,-0.09130490755152836,0.004174701671312779,0.0029572374920060055,0.7114231593420866,first,null_a,29,0,4,4241
2,52,12,0.1597262871959501,0.19867367737029124,0.0030702914671640073,0.002262777233640923,0.5415097066212909,-0.010040705563093624,-0.05687759762538294,0.0038180993717669013,0.0026507271923366027,0.650653515294251,first,null_a,29,0,4,4242
3,52,12,0.16059320903815286,0.20470225251824073,0.0028528932322258193,0.0020354649163600485,0.5031670099488789,-0.06206032773196954,-0.2528729501511514,0.0038884050891192746,0.002487094942906592,0.6626345188477119,first,null_a,29,0,4,4243
4,52,12,0.19584081985430304,0.23071054134275826,0.002730510198166405,0.0019297187885228288,0.4815822185446441,-0.007327001356852105,-0.16584336259043422,0.003510934897179283,0.0022828785692491026,0.5983087160358028,first,null_a,29,0,4,4244
5,52,12,0.2484742807754044,0.27433133150569095,0.002620857043051181,0.0017759522879450041,0.46224260584286014,0.03751174198935393,-0.16812913913580202,0.0033423869558372645,0.0019454380925759992,0.5695859668740797,first,null_a,29,0,4,4245
6,52,12,0.22836034078281273,0.30135964089603895,0.0025631545227160104,0.0017521324910185771,0.4520655672156873,-0.06748773614445258,-0.14148626225590338,0.003360503245494859,0.0020197105898939957,0.5726732169433068,first,null_a,29,0,4,4246
7,52,12,0.2685533522657118,0.32202686811787506,0.0025328467498428207,0.0017216492025415465,0.4467201616174152,-0.009748460494729152,-0.2045730871529917,0.003335385614091143,0.0018686384107825004,0.5683928476869323,first,null_a,29,0,4,4247
8,52,12,0.29438760340782816,0.3360226766385497,0.002513890217513972,0.0016848657149770446,0.44337678318910145,-0.11804613297150611,-0.17128688577421544,0.003203562538547789,0.0019301689039060912,0.5459284906475579,first,null_a,29,0,4,4248
9,52,12,0.2919704654895666,0.3522134527870089,0.002495856307283158,0.001675833557720629,0.4401961283415853,-0.03717774762550883,-0.10460657035641496,0.0031470152305235217,0.0019224203688967831,0.5362920979914417,first,null_a,29,0,4,4249
1,51,13,0.06734489460898918,0.12081674139080018,0.005819458523831055,0.0027271145352853834,0.8741916816977293,0.07285119943347791,0.2429777131149976,0.0035381119692362755,0.002072109655428067,0.8128982179364838,middle,null_a,0,0,0,4201
2,51,13,0.08031233627487488,0.1918959245932539,0.005598872373307798,0.002641555046206702,0.8410555098192831,-0.09935633986266897,0.043648647734384066,0.003638220648207404,0.0020188768985845086,0.8358986677365989,middle,null_a,0,0,0,4202
3,51,13,0.07143047727814375,0.2040119703095764,0.005561064435389424,0.00259099030933305,0.8353760493170667,-0.10830941210688047,0.0781195221866064,0.0035265364422894644,0.0019623411074627404,0.8102386850249886,middle,null_a,0,0,0,4203
4,51,13,0.09725554485168736,0.21427321273509378,0.005543438131659161,0.002587568274952844,0.8327282483168577,-0.10198662097396273,0.035974810116584266,0.0036262695860195975,0.0020959753859304,0.8331528537998476,middle,null_a,0,0,0,4204
5,51,13,0.09744021814589493,0.22102539124335163,0.005533265438094832,0.0025456094649608796,0.8312001191862899,-0.09310942222334626,0.09999048079896505,0.0034940713486169574,0.0019483006221282157,0.8027796738289077,middle,null_a,0,0,0,4205
6,51,13,0.1032721472484791,0.22662197523310781,0.005526249582055294,0.0025390785253099775,0.8301462061865433,-0.08731774554559363,0.07275086358985319,0.003525249089198167,0.001958333465663309,0.8099429094693052,middle,null_a,0,0,0,4206
7,51,13,0.10227248208977864,0.22385608595428794,0.005530683744086198,0.002546161421557142,0.8308123003853148,-0.07674603877135523,0.05075829290531059,0.003575755310986095,0.0020440064207985983,0.8215469564986518,middle,null_a,0,0,0,4207
8,51,13,0.11027482680239076,0.23129863117042665,0.0055210330109734,0.0025255163606767534,0.829362579492049,-0.12209309677664108,0.0504307628340408,0.0035511816836461155,0.002003157895105812,0.815901047593961,middle,null_a,0,0,0,4208
9,51,13,0.1184035811054638,0.22790927591985283,0.0055257516126775725,0.002530342228528069,0.8300714018579339,-0.07001858900593079,0.07139928057606297,0.0035311191745080006,0.0019976506516062743,0.8112915897623513,middle,null_a,0,0,0,4209
1,51,13,0.131226619372735,0.17045768203737788,0.0058959247364708455,0.002893012111171254,0.8583575134761903,0.017564713767245412,-0.08520886176726737,0.0040546961774409924,0.0025607326432867984,0.9995992236644383,middle,null_a,0,0,1,4211
2,51,13,0.11328279859468768,0.19508181723501306,0.005746333928822587,0.002749051233376469,0.8365793532331353,-0.07411575766006144,-0.1471909549845042,0.003699644000437841,0.0020274918899392843,0.9120686504818354,middle,null_a,0,0,1,4212
3,51,13,0.13214751529803098,0.20252195218863647,0.005718114132467875,0.0027139596385528193,0.8324709774799647,-0.0006449246955576068,-0.15787254996534672,0.003657818417247109,0.0021230249765854595,0.9017574412920129,middle,null_a,0,0,1,4213
4,51,13,0.12407434827415086,0.21166551212129392,0.005697894895040262,0.00270888332598573,0.8295273621628636,0.013164051138734683,-0.15061940825934603,0.0035678406318357765,0.0020746929476861994,0.8795753293634743,middle,null_a,0,0,1,4214
5,51,13,0.12861673485098407,0.2143414684826412,0.005691956386561494,0.0026936537306040437,0.8286628051002435,-0.044474512828943207,-0.1356862286137409,0.0036639223951238442,0.00223881486104929,0.903262247393342,middle,null_a,0,0,1,4215
6,51,13,0.1297944851819137,0.21430852459311753,0.0056911504684838896,0.0026887521110438794,0.8285454756111341,0.03473741448424992,-0.07884044657757781,0.003459306453253472,0.002034133457872628,0.8528185328233203,middle,null_a,0,0,1,4216
7,51,13,0.14396376499971258,0.22170496410621876,0.005680500729856794,0.002673896130310982,0.8269950346581519,-0.04616902085256515,-0.08436780247493725,0.003524253681433806,0.002196265719273251,0.8688298924979166,middle,null_a,0,0,1,4217
8,51,13,0.14246673780740382,0.22188931063102435,0.005679817395517029,0.0026685446491999964,0.8268955515081846,-0.09568912100557671,-0.14822367183713778,0.0035646258752563445,0.002175823126085658,0.8787827994079751,middle,null_a,0,0,1,4218
9,51,13,0.13810573046378893,0.22188620165757808,0.005680073805375693,0.0026753056311011633,0.8269328809074817,-0.07295236409160459,-0.11428995674572688,0.003556814514630162,0.0022176285017945527,0.8768570743533736,middle,null_a,0,0,1,4219
1,51,13,0.09365637146335198,0.1653673756373339,0.006257404140796379,0.0029352391210922114,0.8628488912157243,0.07881991426295223,0.15802488904153708,0.005628254078311866,0.0029865254442162075,0.8729910046323714,middle,null_a,0,0,2,4221
2,51,13,0.13744601239917495,0.16133239663755064,0.006175409584183929,0.0027934706542099394,0.851542459560221,-0.00931979412992071,0.20461050841009104,0.005418259317226941,0.002811890986938817,0.8404189965289188,middle,null_a,0,0,2,4222
3,51,13,0.10367859319878521,0.20677815387603035,0.006079731488182675,0.0028007168819167852,0.8383491709071715,0.10299826755522958,0.20953866212840228,0.005422160172159025,0.0026599555507079314,0.841024052949383,middle,null_a,0,0,2,4223
4,51,13,0.12445209471808848,0.21219661485493851,0.006067997317151274,0.0027810329294279926,0.8367311171206551,0.20431467266910303,0.2463422232347534,0.005366503557895959,0.0026154100054592198,0.8323912295331161,middle,null_a,0,0,2,4224
5,51,13,0.13138959304017614,0.22141698904679638,0.006054797620238451,0.002759471004629169,0.8349109783555466,0.14928109864818725,0.1641933440771689,0.005477526070746531,0.002621692950654762,0.8496117838438593,middle,null_a,0,0,2,4225
6,51,13,0.13954395866744032,0.2210945789473986,0.006056036214285193,0.002739051506705299,0.8350817711437142,0.07717598856839362,0.21861205358004365,0.005418168913994568,0.0027485700794696094,0.8404049742037799,middle,null_a,0,0,2,4226
7,51,13,0.1448528320607003,0.23673775166643216,0.006036469054539994,0.0027463664732860515,0.8323836072229422,0.22133562639891752,0.2545797492257802,0.0053745859461332415,0.0026932251362748157,0.8336448780232016,middle,null_a,0,0,2,4227
8,51,13,0.1435680247476214,0.23380417385291996,0.006040716901121848,0.002742870177315568,0.8329693532656679,0.1480165404216037,0.21735753988140788,0.005421730239993662,0.0027110152744992282,0.8409573667430138,middle,null_a,0,0,2,4228
9,51,13,0.15514076099067564,0.23788086783688175,0.006036355172485195,0.0027323014268112087,0.8323679037455094,0.12393935178745304,0.19683543291138297,0.005447969727974363,0.0027295287774118555,0.8450273388257564,middle,null_a,0,0,2,4229
1,51,13,0.13676455353203218,0.20672295771864452,0.006716855955552588,0.003346719329524288,0.8565510761278412,0.06718597857838363,0.2400101682118164,0.006520886584568977,0.0037356721897559343,0.8646795828989646,middle,null_a,0,0,3,4231
2,51,13,0.13649789929495562,0.22087942176672176,0.00662778614014556,0.003072339656918713,0.8451926598178519,0.05858698263761555,0.19843279476075032,0.006496042241827872,0.0033887984596231127,0.8613851848688542,middle,null_a,0,0,3,4232
3,51,13,0.16184458686134126,0.24533801050272808,0.006583838775195385,0.003045089146183347,0.8395883766546947,0.07368580786302303,0.08626744286436112,0.006620858852691673,0.0032052196058902707,0.877936059296876,middle,null_a,0,0,3,4233
4,51,13,0.14030315737392846,0.2639855848532036,0.006563263480867954,0.003046256240033078,0.8369645611948381,0.10464219324978818,0.17629431920523517,0.006499530278180127,0.0032202676630938756,0.8618477038498378,middle,null_a,0,0,3,4234
5,51,13,0.12762164020190617,0.2801282917372877,0.006547233626132119,0.003037475515248831,0.8349203921051612,0.06265886012721454,0.08291195885021087,0.0066326213966093695,0.003423029544335069,0.879495790697918,middle,null_a,0,0,3,4235
6,51,13,0.1656080103657511,0.29204791019161064,0.006537384373935475,0.0030118986432108984,0.833664389650454,0.145917373765475,0.19863009248662383,0.006486443071359945,0.0032931044214513996,0.8601123201120856,middle,null_a,0,0,3,4236
7,51,13,0.15525625900410983,0.29387967917232366,0.006537707044259413,0.003025829343113874,0.8337055374158717,0.1218907674603877,0.1107076425385686,0.006587041903784991,0.003310548717405597,0.8734518798994394,middle,null_a,0,0,3,4237
8,51,13,0.1646419446291406,0.2992118171933692,0.006535376379989602,0.0030257921236907645,0.833408324999585,0.09510742422134827,0.14674854215036348,0.006545919294643587,0.0033120584405217477,0.8679989587269948,middle,null_a,0,0,3,4238
9,51,13,0.15662070024160288,0.3058064041136649,0.00653031772353712,0.003020372564710894,0.8327632318701793,0.11068678157285751,0.08911305520690391,0.0066179455373878105,0.0033646496237567346,0.8775497492101836,middle,null_a,0,0,3,4239
1,52,12,0.10216140264230153,0.16549380812157455,0.0064178209441796315,0.003131871233514835,0.8666394267266571,0.07592109383154161,0.19824080503805847,0.004256902267820228,0.002840203071956336,0.9494948211572884,middle,null_a,0,0,4,4241
2,52,12,0.13644864798123224,0.18059676969295227,0.00630871886995653,0.002967849311970259,0.8519066755511746,-0.2832063458929131,-0.2272466114362728,0.0047066429662011655,0.002713407651703213,1.0498087201172062,middle,null_a,0,0,4,4242
3,52,12,0.12718661563155945,0.2041684328073582,0.006248822982653878,0.002969921665504718,0.8438185506429329,-0.1439724454649828,0.19343979398471778,0.004036610809369151,0.0026334764293918993,0.9003591854802243,middle,null_a,0,0,4,4243
4,52,12,0.14938570193851092,0.22986305380699953,0.00620315438648301,0.002933778473949503,0.8376516278899967,-0.028076401210729574,0.17865714597474877,0.004011949923085449,0.0025971040056862495,0.8948586166772873,middle,null_a,0,0,4,4244
5,52,12,0.15357362637362637,0.2353491509494767,0.0061957882547837035,0.002932961354538242,0.8366569319942082,-0.016553595658073274,0.1679389644962104,0.003982902148694751,0.0025548490617948207,0.8883795599325252,middle,null_a,0,0,4,4245
6,52,12,0.154525250030868,0.2399900368477054,0.0061888862105991755,0.0029068237018080993,0.8357249048050194,-0.025613192777371886,0.14541899152206708,0.004011370421993179,0.002509864915497345,0.8947293599428481,middle,null_a,0,0,4,4246
7,52,12,0.16287072478083714,0.2452627163453058,0.006181955272403094,0.0029175448588690156,0.8347889758725712,0.0029433253313850332,0.21621471022220673,0.003898908155546835,0.0024886172111246827,0.8696448424114899,middle,null_a,0,0,4,4247
8,52,12,0.17562775651314977,0.2523124375350055,0.006173111347875105,0.0029040913158787968,0.8335947241554207,-0.02765890825592319,0.09039648841368779,0.004068120438667963,0.0024994230029574955,0.9073873547811668,middle,null_a,0,0,4,4248
9,52,12,0.1645909371527349,0.2479411200860091,0.006179655618275625,0.002915917899632976,0.8344784388613279,-0.06502452771109489,0.1557562532588364,0.004000269670469599,0.0025277802525273505,0.8922533561683966,middle,null_a,0,0,4,4249
1,51,13,0.04160724317894673,0.12704135531801644,0.005911956355045954,0.0028951062639098486,0.875718235420872,-0.1791752551246222,0.17782684981731167,0.005509574841274751,0.0030555039694155337,0.8474740795891876,middle,null_a,1,0,0,4201
2,51,13,0.10089350580817069,0.17122765574764243,0.005729097298612731,0.0026440095487988173,0.8486319376518177,-0.08157665119690435,-0.16345187052024196,0.005978039646559704,0.002733494745446298,0.9195325942870181,middle,null_a,1,0,0,4202
3,51,13,0.10901946015940288,0.15307061601107733,0.005727149604289804,0.0025822293627446504,0.8483434322344601,0.0014542419605710745,0.11297963231079229,0.005445630094866659,0.0022822545609992016,0.8376381999309627,middle,null_a,1,0,0,4203
4,51,13,0.12086267998543365,0.19836708747859655,0.0056576526178346125,0.002595790014604072,0.838049077085227,-0.03511678195222499,-0.05985413840931459,0.005660963270701389,0.0024810973399102708,0.8707604081326633,middle,null_a,1,0,0,4204
5,51,13,0.1203554357688577,0.20110437374343365,0.00565214342886801,0.0025839100506441903,0.8372330194300794,-0.13051505456568746,-0.07416031205993044,0.005651569350780053,0.0024408918624012907,0.8693154502423688,middle,null_a,1,0,0,4205
6,51,13,0.13774433079751025,0.21616761078215788,0.005632714926066926,0.002572759945068546,0.8343551405744087,-0.09852173143312383,-0.03353646987601205,0.005591059305630701,0.002524468753067809,0.8600078908941083,middle,null_a,1,0,0,4206
7,51,13,0.1302689123158846,0.22053088912791208,0.005627775520049652,0.0025776393540901583,0.8336234829535296,-0.07573439219008839,0.010189081258441549,0.005536658349936644,0.0025043666476682555,0.8516400220142427,middle,null_a,1,0,0,4207
8,51,13,0.1282124712160833,0.2213334618741867,0.005627153218496921,0.002577285145808425,0.83353130351496,-0.1540105464156097,-0.06757961671408999,0.005625192230496224,0.002484189467457315,0.8652581633593069,middle,null_a,1,0,0,4208
9,51,13,0.13208262229654355,0.22983881932285138,0.00561748683030944,0.002573389283073114,0.832099453904093,-0.12859292606128048,-0.042176205093551605,0.005575004652745653,0.0024785074497934295,0.8575383896042897,middle,null_a,1,0,0,4209
1,51,13,0.09134900526769761,0.11986327656068578,0.0060015460336915755,0.002868490663293542,0.8797867039531331,0.03974506506152075,-0.05941979642844366,0.004607907346517846,0.002438589590479039,0.9491159030969988,middle,null_a,1,0,1,4211
2,51,13,0.12973959789068099,0.18071885041720043,0.005789364544128253,0.0026863668395346657,0.8486823098028882,-0.03635604901427685,0.022953823195286514,0.004199468961607225,0.002191385210358233,0.8649876128771722,middle,null_a,1,0,1,4212
3,51,13,0.1388562822601804,0.2101370013823314,0.005724054175856359,0.0026669073914201294,0.8391082445014926,-0.07254770545909786,0.043921447847341505,0.004167611354905118,0.002173923874502206,0.8584257272137314,middle,null_a,1,0,1,4213
4,51,13,0.15654044868075326,0.21243174178787305,0.005715726758164692,0.0026605639278570567,0.8378875004928216,0.04571377989099508,0.20812873243278454,0.0038988185039584584,0.0020413531208687066,0.8030609921426055,middle,null_a,1,0,1,4214
5,51,13,0.1913741554233502,0.21492317436600789,0.005711753508002794,0.0026380720390118836,0.8373050484639121,0.013872203745621465,0.11148961988519296,0.004047250209234731,0.002142165167282445,0.8336342830982011,middle,null_a,1,0,1,4215
6,51,13,0.1688332666560488,0.22913915242807728,0.005692504742756382,0.0026363253109004023,0.8344833075931031,-0.03299232413156463,0.06318329782704414,0.004072585169753798,0.002095744701621901,0.8388526636177557,middle,null_a,1,0,1,4216
7,51,13,0.17261843096298743,0.22894912507487664,0.005693333537360257,0.00263689671221753,0.8346048033658097,-0.03830346868321551,0.05613157372171902,0.004055662002036766,0.0020546344019819105,0.8353669061137229,middle,null_a,1,0,1,4217
8,51,13,0.1866143196454668,0.23843533538931794,0.00568144139767173,0.002623541057892213,0.8328614948381763,-0.06225420149470782,0.09597355272322201,0.004017167887327325,0.0020818516757668756,0.8274380625630858,middle,null_a,1,0,1,4218
9,51,13,0.17932151566993043,0.23368420092471978,0.005687319134574065,0.0026230513997232236,0.8337231319475108,-0.034509794003464885,0.09822147487893758,0.004014150756234526,0.0020607797624347204,0.8268166075539984,middle,null_a,1,0,1,4219
1,51,13,0.13024667740420745,0.1865778774245767,0.006238382350443135,0.0030047499640574876,0.8587240238689601,-0.1690082069828905,-0.12051037539491491,0.004453322820308168,0.002775120573312704,0.9994317003023852,middle,null_a,1,0,2,4221
2,51,13,0.1697992088653722,0.22006868715535555,0.006089340062032089,0.0028256670439996026,0.8382080973929434,-0.14240190189557278,-0.1508299633528725,0.004198047292879254,0.0025784061644408885,0.9421417923575997,middle,null_a,1,0,2,4222
3,51,13,0.17653025191496116,0.2119037476238435,0.00608986657466938,0.002780713550078345,0.8382805727599719,-0.0718142616876794,-0.08406158748633846,0.003920635901179522,0.002345357866114689,0.8798840692872276,middle,null_a,1,0,2,4223
4,51,13,0.18369454633615595,0.24769366599582998,0.006035180098598249,0.0027725908639039364,0.8307528855896464,-0.031474854259664384,-0.09707392435170169,0.0037981005872635143,0.002184388806826416,0.8523842265685074,middle,null_a,1,0,2,4224
5,51,13,0.20964985284606044,0.25601037890160416,0.006026844859457211,0.0027538701649576555,0.8296055256342899,-0.07037266530937417,-0.1630301460522575,0.00395620743380573,0.002295569183261274,0.8878671683728926,middle,null_a,1,0,2,4225
6,51,13,0.2101534324197859,0.26362488682391966,0.006017964917069646,0.0027578438200169014,0.8283831863433624,-0.028515788009458892,-0.11991200507275052,0.003897468961875374,0.0023003989783545553,0.8746848563682897,middle,null_a,1,0,2,4226
7,51,13,0.1959441297609681,0.26557511893183583,0.006018938746023039,0.0027519661638716383,0.828517235568056,-0.06546617939023001,-0.12126236242732427,0.0038845408401620676,0.0022642791289971395,0.8717834779623219,middle,null_a,1,0,2,4227
8,51,13,0.2103817520221005,0.2734254076826117,0.006009662720623025,0.0027540158053509798,0.8272403747715313,-0.05638665132336018,-0.1079001272867844,0.0038392631597655423,0.0022791497567898967,0.8616220881573682,middle,null_a,1,0,2,4228
9,51,13,0.2039642212271596,0.27628836658095884,0.006006578733397362,0.0027445327578842025,0.8268158586435975,-0.04396868953830979,-0.07314022648966308,0.00381276615509982,0.0022593700211915283,0.8556755292631377,middle,null_a,1,0,2,4229
1,51,13,0.15063143855102162,0.14953227312717704,0.006277823007551299,0.0029017019337157605,0.8719820380707316,0.1719925643976277,0.08961368152620121,0.005900292029522697,0.002770469121705779,0.9150140658012966,middle,null_a,1,0,3,4231
2,51,13,0.13818754670360844,0.24145320904628337,0.005999800899087277,0.0027557179898711503,0.833365102793077,-0.04009914136496415,-0.09243321372701457,0.006154352065498518,0.003027902716021699,0.9544135574387749,middle,null_a,1,0,3,4232
3,51,13,0.1924486369422681,0.24886270597860366,0.005980350386054306,0.002687640835382682,0.8306634500106378,0.044120436525499816,0.01746661036743631,0.005919089555798007,0.002965263347728905,0.9179291759107819,middle,null_a,1,0,3,4233
4,51,13,0.1674401670879496,0.2694942518124574,0.005949628981352355,0.0026852937677591345,0.8263962839799642,0.03931511526448234,-0.021487968282190736,0.005913762090843165,0.0028946791419026075,0.9171029955549024,middle,null_a,1,0,3,4234
5,51,13,0.20220910435634623,0.2607820241909766,0.005965859987187622,0.0026693053770058157,0.8286507510987648,0.04477800680332326,-0.02648639637689233,0.005918255856119682,0.0029001354057494747,0.917799886219949,middle,null_a,1,0,3,4235
6,51,13,0.20067847774194753,0.28630856893093437,0.005932122667898318,0.002678065208585052,0.8239646781722831,0.031500145424196054,-0.011837528956460546,0.005887131966711133,0.0029095176756739256,0.9129732104471617,middle,null_a,1,0,3,4236
7,51,13,0.21525737404375467,0.28198429148066595,0.005941351440651868,0.0026592361101341975,0.8252465435681143,0.022420617357326218,0.02441802323067783,0.005822141710061719,0.0028900665160154037,0.9028945569370133,middle,null_a,1,0,3,4237
8,51,13,0.20341473067839702,0.282452465053074,0.005941571658694714,0.0026693851345987608,0.8252771315884502,-0.010078529065870838,-0.04036061253434457,0.005915676320397355,0.002933922950501867,0.9173998532288096,middle,null_a,1,0,3,4238
9,51,13,0.21956625287221526,0.2883573716646377,0.005934276355872276,0.0026633633414030015,0.8242638228322459,0.025025607304088312,0.0033447667104128946,0.005863722796422178,0.0029494444926099297,0.9093429291024494,middle,null_a,1,0,3,4239
1,52,12,0.17026946536609458,0.13207673844747606,0.006817196604572834,0.003258357992551525,0.8737817943739112,-0.06527502348397872,-0.04710706796298631,0.006654160744935261,0.00387179942349376,1.0046880647706098,middle,null_a,1,0,4,4241
2,52,12,0.15161694036300777,0.15041364911497918,0.006690838269460827,0.0031487997684207084,0.8575860442448614,-0.023609226594301227,-0.06432909569814291,0.006300314119417054,0.0034252609035333947,0.95126202127022,middle,null_a,1,0,4,4242
3,52,12,0.19279362884306703,0.17458227897091194,0.006630217828605696,0.0031055811131293163,0.8498161293284273,-0.014967122429808999,0.0032254343174075916,0.00609016613265063,0.003397927457818688,0.9195325241581311,middle,null_a,1,0,4,4243
4,52,12,0.16282686751450798,0.1956507325440514,0.006595231271559633,0.0031006165995079906,0.8453317909166279,-0.05483769961381903,0.1406508222886816,0.005840679299434217,0.0033017360341636745,0.8818633945326211,middle,null_a,1,0,4,4244
5,52,12,0.16471633535004324,0.19318338117926853,0.00659873899631422,0.003104307628947103,0.8457813871668193,-0.05638242354660266,0.058312805325285516,0.005920786708852466,0.0032653980478040408,0.8939585273716447,middle,null_a,1,0,4,4245
6,52,12,0.18168475120385236,0.2076182663958314,0.0065812100125783365,0.003090592077125602,0.8435346415101049,-0.063855547437637,0.08813814199044821,0.005906871148662717,0.00334799779561591,0.8918574664305066,middle,null_a,1,0,4,4246
7,52,12,0.17794117792320038,0.2192305163027572,0.006568382090893149,0.0030928104548181646,0.8418904459443424,-0.03400480116898028,0.034998054166160045,0.005897905142332304,0.0032198835465101984,0.8905037210230666,middle,null_a,1,0,4,4247
8,52,12,0.17026250154340042,0.22342759526243403,0.0065643428091775044,0.003096717012925651,0.841372718346005,-0.10986327105730093,0.0382806780131233,0.005878208198571078,0.0031904917143384015,0.8875297495384697,middle,null_a,1,0,4,4248
9,52,12,0.18128959130756883,0.22654599210721676,0.006561612441750786,0.003096389945043132,0.8410227584595882,-0.11595866819747419,0.01185764997804014,0.005937089650180627,0.0033019698928164008,0.8964200504999409,middle,null_a,1,0,4,4249
1,51,13,0.12344983548635903,0.1636442288584471,0.006111264101281532,0.002919419005682575,0.8649227361540788,0.06622491432618013,0.17232818217762114,0.005123557255185879,0.0026479993390001026,0.8587364888482332,middle,null_a,2,0,0,4201
2,51,13,0.1321194746038603,0.19857784987315125,0.005947802416471815,0.0027471964417091735,0.8417881235209365,0.137925365773467,0.1264452865849662,0.005095675152203183,0.0025172759452685442,0.8540632944201175,middle,null_a,2,0,0,4202
3,51,13,0.10201920997547077,0.218683394185776,0.005899435195799075,0.002747586412754667,0.834942746173284,0.07651841829057018,0.026771791384726105,0.005211090891323377,0.0026160094773698957,0.8734076096357973,middle,null_a,2,0,0,4203
4,51,13,0.12276417669145502,0.23288014051830247,0.005877538100537159,0.0027039459033433594,0.8318436663047195,0.18466343782799477,0.1432667385628633,0.005020095403059981,0.0025513830958949673,0.8413957111035514,middle,null_a,2,0,0,4204
5,51,13,0.13883342971206777,0.2497058812699737,0.00585733857623926,0.0026891032042953957,0.828984842412444,0.20188672087406265,0.21335083571261987,0.004911024028428738,0.002450341458513223,0.8231147464105384,middle,null_a,2,0,0,4205
6,51,13,0.12820839481560917,0.2531318210788887,0.005855239125286069,0.0027008231923690653,0.8286877086553749,0.1481935785733254,0.18176839425637345,0.004945164677501073,0.002479650521933937,0.8288369077236967,middle,null_a,2,0,0,4206
7,51,13,0.14525635453187852,0.2619122917214539,0.0058477108590382415,0.002695327973908566,0.8276222386423538,0.15317593798606455,0.1532063092963336,0.004990758160720708,0.002531868243062537,0.8364786272838248,middle,null_a,2,0,0,4207
8,51,13,0.1255387642626664,0.2623680126609146,0.00584658432598372,0.0026957351114175357,0.8274628012435218,0.17272600816904612,0.1834121685198519,0.004963816605529278,0.0025481197384495564,0.83196307385934,middle,null_a,2,0,0,4208
9,51,13,0.14024299958511302,0.2667313846118929,0.005843466162793197,0.0027009871752327725,0.8270214898889761,0.18281718281718282,0.15180858301602554,0.005001515262954575,0.0025475583485264595,0.8382815770201908,middle,null_a,2,0,0,4209
1,51,13,0.13183597947997647,0.15642110498796094,0.005935942973114889,0.0028256824398655094,0.8636424808457129,-0.06607316733899012,0.07782429773264245,0.008525118511743578,0.004361286782135459,0.8959227950787458,middle,null_a,2,0,1,4211
2,51,13,0.06122391165460189,0.14428532582734765,0.005855996438386514,0.002674032788474788,0.8520107613530306,0.04295704295704296,0.1371755415100574,0.008308599758775237,0.0037277776623515124,0.8731683798669054,middle,null_a,2,0,1,4212
3,51,13,0.03489394688293714,0.1738118946762831,0.005784778735351346,0.0026417321756581906,0.8416490321369647,-0.023862213735631455,0.19631254186541833,0.008197913916538324,0.003650606801013139,0.8615361698259615,middle,null_a,2,0,1,4213
4,51,13,0.07403698538738074,0.20361832944087754,0.005738598882668899,0.002608759370492264,0.8349301531456408,-0.0067400953476902834,0.12986154873928815,0.008285774636730766,0.003662000120101555,0.8707696393553306,middle,null_a,2,0,1,4214
5,51,13,0.06499309976574284,0.21638580239973873,0.005722684284934421,0.0026132282029462167,0.8326146789688641,0.08365052668850137,0.14816395304455593,0.008259238532348428,0.0035802892070052384,0.867980903835,middle,null_a,2,0,1,4215
6,51,13,0.08740757894258334,0.22532887886642078,0.005713398479219823,0.0025870521304959325,0.8312636524646797,0.06536501473210332,0.15158026677759223,0.008260268565484917,0.003598162761546946,0.8680891522030899,middle,null_a,2,0,1,4216
7,51,13,0.09197541214055824,0.23829266713601885,0.005699428483002844,0.002592758889379458,0.8292311056149402,0.06938630989263901,0.1401606534719045,0.008265444296330502,0.0036272129528820527,0.8686330807407829,middle,null_a,2,0,1,4217
8,51,13,0.0962463269161182,0.23425423646139654,0.005704820324425834,0.002585034859081581,0.8300155847320693,0.08438397045991981,0.16324974404910003,0.00824409111682442,0.003620225744859551,0.8663890297940947,middle,null_a,2,0,1,4218
9,51,13,0.0903122407471062,0.2379704773812465,0.005701045836565845,0.0025916250306312312,0.8294664204166291,0.056943056943056944,0.13230858361306314,0.008271452289922173,0.0036234867371852486,0.8692644735365603,middle,null_a,2,0,1,4219
1,51,13,0.02534380526302006,0.12172900086446864,0.0058145803376046705,0.0027555984884737026,0.8760366037686834,-0.06832408098230883,-0.14558693731450137,0.004486594600317796,0.0021230838937301446,0.9680472187293916,middle,null_a,2,0,2,4221
2,51,13,0.07312168936576643,0.16486436972928023,0.005635131214915602,0.0026117889060776533,0.8490004307583777,0.216150937669925,0.027182739176000868,0.004115548551047484,0.0019127409885409464,0.8879887048642849,middle,null_a,2,0,2,4222
3,51,13,0.08084650944003761,0.18944171806463306,0.005573953861006086,0.0025918020828645328,0.8397833250973139,0.09826881978780713,-0.0007694178716961798,0.004120028475126521,0.0020360082239881333,0.8889553128222503,middle,null_a,2,0,2,4223
4,51,13,0.05562083743924309,0.2082371736070448,0.0055407453230046306,0.00257413478023562,0.8347800586261684,0.13719192200204858,-0.01842662899350824,0.004173063657548118,0.002095467506103282,0.9003984150883645,middle,null_a,2,0,2,4224
5,51,13,0.0715450282490435,0.21355661539651918,0.005531977091010515,0.0025677857932742913,0.8334590188036547,0.1569443215012835,0.016350113072462164,0.0041404387112331225,0.0020890211407063306,0.8933591143815011,middle,null_a,2,0,2,4225
6,51,13,0.07267365589547153,0.21979836152763413,0.005523549767939052,0.002561699207550903,0.8321893410188902,0.12042387991755081,-0.04186508336396374,0.004208851267509021,0.0021387576880592825,0.9081201058970616,middle,null_a,2,0,2,4226
7,51,13,0.06985698669512296,0.22493922238734124,0.00551681023776465,0.0025597959886833562,0.8311739495749374,0.1322348537538411,0.003525791594024913,0.0041500332468673296,0.0021233555045100613,0.895429273235398,middle,null_a,2,0,2,4227
8,51,13,0.06635852922153268,0.22026957696295413,0.005523124939549567,0.002558452770757906,0.8321253355020858,0.12452104857168148,-0.013554001182530227,0.004165281241531249,0.002107550881411955,0.898719247066455,middle,null_a,2,0,2,4228
9,51,13,0.07109164192964115,0.22315540642520207,0.005519688146107229,0.0025549990193838544,0.8316075411505985,0.12419226343276975,0.00043574220568084587,0.004142540270298303,0.0021251907458443397,0.8938125559311118,middle,null_a,2,0,2,4229
1,51,13,0.11671768069118622,0.10024887548639318,0.005591660558935981,0.002550641414049549,0.8752095644194221,0.03772177189898709,0.07655850796695927,0.006577584245090935,0.003166668738372062,0.8902817924128134,middle,null_a,2,0,3,4231
2,51,13,0.13779172409999252,0.18423672832309124,0.005352052617119459,0.0024176906396813423,0.8377060070810675,0.01867752500663893,-0.005344986376415338,0.006550315576167362,0.002774547937044563,0.8865909541747309,middle,null_a,2,0,3,4232
3,51,13,0.17584092847720667,0.21652796682676567,0.005283684197342537,0.002374310396469774,0.827004947125384,-0.027731761908977096,-0.04002373858711451,0.00650140778517764,0.002837279754908771,0.8799712417996629,middle,null_a,2,0,3,4233
4,51,13,0.18182730786442236,0.22619704007127617,0.005268048222138308,0.0023615842943822685,0.824557596306512,0.0003667218857092275,0.04988261902877584,0.006376578562856221,0.0027636960896545502,0.8630754971534802,middle,null_a,2,0,3,4234
5,51,13,0.1700556515133822,0.23261212418839533,0.005259791747342611,0.0023527876114572428,0.8232652886577522,-0.01599666156628182,0.01719810902268595,0.006400887858974484,0.002782450202172488,0.8663657816886593,middle,null_a,2,0,3,4235
6,51,13,0.16830502280066664,0.2376526426104634,0.0052545519914398734,0.0023569588467641173,0.8224451593897173,-0.016730105337700273,0.013769615857798154,0.0063972411967762235,0.0027625349964046273,0.8658722027640543,middle,null_a,2,0,3,4236
7,51,13,0.1709166367044369,0.23686577115881316,0.005256482149453027,0.0023528937281663744,0.822747268707003,-0.03504090845862998,-0.012293809097777218,0.0064376077799530316,0.0027671472911388662,0.8713358551758118,middle,null_a,2,0,3,4237
8,51,13,0.16702486834873498,0.24060575386268712,0.0052520281439813665,0.002351726610625147,0.8220501254974524,-0.050620265810139224,-0.006574913843044643,0.0064234729934302005,0.0027485563380418923,0.8694226994316935,middle,null_a,2,0,3,4238
9,51,13,0.17927078713069666,0.24270722567416167,0.005250355390511387,0.002342726935417448,0.8217883052706323,-0.013138759974203012,0.014909746318932769,0.006395231413609424,0.002764209441338319,0.8656001768509791,middle,null_a,2,0,3,4239
1,52,12,0.058369724657365105,0.1430997705088809,0.00625011951290613,0.0030024356080792882,0.871000730848694,-0.15244755244755248,-0.00996405268606466,0.007827903419630522,0.004095109606515959,0.9138220954637135,middle,null_a,2,0,4,4241
2,52,12,0.10065450055562415,0.10881006015106365,0.006213769323660754,0.002808062923882464,0.8659350610908865,0.13495459764116483,-0.0609433722784283,0.007681730528645351,0.003488237521553794,0.896758009414174,middle,null_a,2,0,4,4242
3,52,12,0.06727067539202371,0.12134161348839712,0.006160877063739668,0.0027822984394850897,0.8585641305106994,-0.09111783738649412,0.005862513427698721,0.007482485963833555,0.003373202357254774,0.8734983859919597,middle,null_a,2,0,4,4243
4,52,12,0.08974288183726387,0.1291163849906659,0.006137751603721153,0.0027655863463204736,0.8553414253231031,-0.011042688654628955,-0.0304859071148656,0.007496918754549652,0.0033254105190072057,0.8751832564289783,middle,null_a,2,0,4,4244
5,52,12,0.0997306334115323,0.13481047300547752,0.006126168533798,0.002752190227974628,0.8537272382107278,0.053626970044880505,0.0038386380085772345,0.007439324811986477,0.003237806128701051,0.8684597936500288,middle,null_a,2,0,4,4245
6,52,12,0.08458698604766021,0.1482412117660064,0.0061084581428042005,0.0027621425756049235,0.8512591632455432,0.130195177956372,-0.06299322885678851,0.007494941409277689,0.0032544139275039767,0.8749524229984905,middle,null_a,2,0,4,4246
7,52,12,0.0915154463514014,0.14890142234664205,0.0061069908393504915,0.0027477730896430194,0.8510546835747276,0.14664440037574367,0.03348589254856688,0.007397436206745916,0.0032489698214442793,0.8635697572041283,middle,null_a,2,0,4,4247
8,52,12,0.07948927028028153,0.15957636700668731,0.006095168188927501,0.0027475899920143976,0.8494071091343142,0.05245798977142262,-0.05932556312393792,0.007489530284655809,0.0033438317350082307,0.8743207333907238,middle,null_a,2,0,4,4248
9,52,12,0.09025252500308681,0.15978350843599198,0.006094757598481459,0.0027489998397520446,0.8493498902958834,0.010917440768187037,-0.06851646718685836,0.007472440679606213,0.003330089962650945,0.8723257089429379,middle,null_a,2,0,4,4249
1,51,13,0.06657272553735605,0.122825654350397,0.0065346691704173685,0.003075566518655928,0.8778058040540794,0.06260827779815122,0.018589766339710524,0.005915437488986048,0.002747068960456801,0.9015948064218425,middle,null_a,3,0,0,4201
2,51,13,0.09685321647761774,0.19433731192140496,0.00629304217174583,0.002923077482862543,0.8453479127180904,-0.14821886973785706,0.2136518402805818,0.005433907270613014,0.0028001921670572204,0.8282029153184985,middle,null_a,3,0,0,4202
3,51,13,0.15749918513166275,0.21277597702568424,0.006252102770789761,0.002849288535788212,0.8398484998424668,-0.03744356908913871,0.11358577456893448,0.0055682052486058274,0.0027008709255360876,0.8486717918296135,middle,null_a,3,0,0,4203
4,51,13,0.15012691193476177,0.24250440115810948,0.006209606454661697,0.0028236848409522873,0.8341399456715829,0.023912796064694798,0.10954931619108488,0.0055900711060011985,0.0027674019279448794,0.8520044520939359,middle,null_a,3,0,0,4204
5,51,13,0.13465071341949386,0.24305216901255955,0.006213358614966799,0.0028226489219704723,0.8346439754866607,-0.06286118944346791,0.12559211535602813,0.0055519586084009295,0.0027395282542076885,0.8461955782853384,middle,null_a,3,0,0,4205
6,51,13,0.1407385087094149,0.2658784385900921,0.0061867924999682005,0.002823242619821742,0.831075334239678,-0.12168843814413434,0.06321612208953835,0.005629201135534276,0.0027725756500999723,0.8579684118970515,middle,null_a,3,0,0,4206
7,51,13,0.14334448153374113,0.27344095542225655,0.006180141729659002,0.002816128971748346,0.8301819325040134,-0.04401927186737313,0.09925048462886508,0.005580525871600158,0.00269955374577486,0.8505496258400738,middle,null_a,3,0,0,4207
8,51,13,0.14076951405847582,0.2730864881721909,0.006183567188854335,0.0028170885084618895,0.8306420763743146,-0.07439396046990983,0.08875201184501023,0.0055905304461315855,0.0027272361613372366,0.8520744619075312,middle,null_a,3,0,0,4208
9,51,13,0.12838063302958247,0.2779790789381167,0.006178786796859264,0.0028164805544900005,0.8299999236150098,-0.06093906093906093,0.10305933574897462,0.005572606999910242,0.002742794120400057,0.8493426798446775,middle,null_a,3,0,0,4209
1,51,13,0.05974401357943702,0.15056400503442274,0.005863422582469873,0.0027066551535073957,0.8689777574709737,-0.11268478357085951,-0.03380411693729511,0.008465514131239858,0.0038663810392409936,0.9191033723510881,middle,null_a,3,0,1,4211
2,51,13,0.1081086522958864,0.2097784312066258,0.005660977631578726,0.0025580964580983684,0.8389747759422901,-0.018576360348512243,0.011009995921846084,0.008193343045909792,0.0036485970208075045,0.8895536771399974,middle,null_a,3,0,1,4212
3,51,13,0.12919303082104633,0.24151884516394084,0.005597709943696443,0.002525116157283863,0.8295983046470622,-0.09328646037506796,-0.06056396226120953,0.008253930760986837,0.0037636871112420177,0.8961317032807681,middle,null_a,3,0,1,4213
4,51,13,0.14193445872730986,0.24730247290863472,0.005589610822723407,0.0025052972031190898,0.8283979893224127,-0.15198725325307602,-0.17333076089674004,0.00835499658452196,0.003772931458048903,0.9071044496255866,middle,null_a,3,0,1,4214
5,51,13,0.15724327776856353,0.2647832915392797,0.005568862494320166,0.002510603231462875,0.825323021480077,-0.16180022509136432,-0.11821317253290207,0.008249180963317677,0.0037822854777736083,0.8956160163433854,middle,null_a,3,0,1,4215
6,51,13,0.17567445486996447,0.2678791211544116,0.005566114996008665,0.0024852737729285234,0.8249158335471244,-0.16787010457896534,-0.14877196575365387,0.008258757029135897,0.003708046752919905,0.8966556926407648,middle,null_a,3,0,1,4216
7,51,13,0.16706406767450657,0.28553176844301764,0.005546015804889505,0.0024900115539080643,0.8219370699018217,-0.12277595821899617,-0.1861758138206211,0.008287021366676334,0.003719298473356437,0.8997243601248601,middle,null_a,3,0,1,4217
8,51,13,0.166023226753441,0.29294001079056514,0.005537566149803878,0.002491714353959526,0.8206848043138589,-0.10272006474538119,-0.17290233435224445,0.00826134151177117,0.0036750334223610705,0.8969362906846684,middle,null_a,3,0,1,4218
9,51,13,0.15735280529645476,0.3008302394443617,0.0055293880439198605,0.0024938124330025563,0.819472783175778,-0.14338825731230795,-0.1923849281002541,0.008293249709799024,0.003759759658582889,0.9004005731793159,middle,null_a,3,0,1,4219
1,51,13,0.03662015836857017,0.10963865342909279,0.005268764244264036,0.002503151119518655,0.8718099069058425,0.11339293617774629,0.03986504175847453,0.00798826663712866,0.003501067931039478,0.8984292435318346,middle,null_a,3,0,2,4221
2,51,13,0.08412595303360781,0.15163205982768932,0.005110403083915074,0.002375977874706386,0.8456062617889383,0.02019499487853918,0.1363884049778713,0.0076410599708699855,0.0034413103928675423,0.859379392458246,middle,null_a,3,0,2,4222
3,51,13,0.11332286261146894,0.17172920713028172,0.00505355840402614,0.002318759115906888,0.8362003076060356,0.10873936190391886,0.2548813557438233,0.007440649133755296,0.0032813385494435024,0.8368394642155337,middle,null_a,3,0,2,4223
4,51,13,0.10357001271342837,0.18607722736264198,0.005026768211633265,0.0023265857631268234,0.8317673980938194,0.12042387991755081,0.18552771388170766,0.007550414002654197,0.003278633390374861,0.8491845664274271,middle,null_a,3,0,2,4224
5,51,13,0.11020981027361622,0.19101014462514498,0.0050174035120472815,0.0023278191291936246,0.8302178434932039,0.0607114404582759,0.2091528208493293,0.007497229568906918,0.003314798349999514,0.8432029870999234,middle,null_a,3,0,2,4225
6,51,13,0.08825917605981883,0.19087194689662818,0.005016225442214197,0.002310460646555496,0.8300229110756777,0.09677664108043854,0.23137316202782307,0.007492596826101949,0.00322814200310793,0.842681948957005,middle,null_a,3,0,2,4226
7,51,13,0.093457780761465,0.19831302725571584,0.005006032972016626,0.0023135219416786207,0.8283363872378046,0.08304353873974127,0.22176624535139428,0.007500633242692069,0.0032377215021681827,0.8435857935588126,middle,null_a,3,0,2,4227
8,51,13,0.09285418526095467,0.19383970282403243,0.0050109704261352365,0.0023102303441923655,0.8291533760450348,0.12505216302684657,0.23085056510962804,0.0074805901840948414,0.0032245055661835865,0.8413315786218856,middle,null_a,3,0,2,4228
9,51,13,0.1189436012288824,0.20035341349048677,0.005002834731790274,0.002303098436645046,0.8278071820229321,0.10479394023697819,0.19713007178053335,0.0075393388788872655,0.003191044247078014,0.8479389626538001,middle,null_a,3,0,2,4229
1,51,13,0.08561532153411668,0.09192364378586237,0.0059844680444267155,0.002732493372560467,0.8850970937789949,-0.17477459249611146,-0.045516202872748796,0.005775594658909057,0.0027123557944956924,0.9186989722087802,middle,null_a,3,0,3,4231
2,51,13,0.13025816544190735,0.15019769832190819,0.0057767034087738865,0.0025914223169067226,0.8543689030958435,-0.01576904108549678,-0.11824626440146774,0.005699638320216445,0.0024846700536256313,0.9066169244871651,middle,null_a,3,0,3,4232
3,51,13,0.16601985034092706,0.19161153261759603,0.005695363096450669,0.0025595708995369863,0.8423387487847341,-0.09627081778980512,-0.22477072272728693,0.005798661977666521,0.0026150155628144925,0.9223681912737651,middle,null_a,3,0,3,4233
4,51,13,0.20420621118257942,0.19681042517338573,0.005684078673349938,0.002530236578920407,0.840669793412714,-0.08367581785303303,-0.07510691679320008,0.0055960192992817355,0.002523362982293219,0.8901346930190761,middle,null_a,3,0,3,4234
5,51,13,0.21784028844115644,0.20889363798955746,0.005668744669581102,0.0025353349354447436,0.8384019089372622,-0.097585958345452,-0.07435967596351169,0.005546080224209346,0.0024669514595581444,0.8821910993890606,middle,null_a,3,0,3,4235
6,51,13,0.2158719222970541,0.22172965415686008,0.005653902264203664,0.0025370611149734498,0.8362067313932038,-0.1946028654889414,-0.12592334142887196,0.005568943981491093,0.002541203658345279,0.8858279388066557,middle,null_a,3,0,3,4236
7,51,13,0.21393777321147722,0.2269585720521801,0.005648613981892084,0.0025375772841744653,0.835424599502731,-0.1475107171309703,-0.05548009882566281,0.005498232847006448,0.0024698904154450718,0.8745802231321227,middle,null_a,3,0,3,4237
8,51,13,0.21925636408465538,0.23055361364855703,0.005646011446018982,0.0025432195315823465,0.8350396869389679,-0.13390407061293136,-0.07049562812158726,0.005508313823860955,0.0024572773027998073,0.8761837607108567,middle,null_a,3,0,3,4238
9,51,13,0.21468478389230525,0.2260166785678953,0.005650897948606525,0.00253873804570321,0.8357623959929508,-0.1551233576550032,-0.07412969325978473,0.005524853069593149,0.0025005948371670575,0.8788145873101293,middle,null_a,3,0,3,4239
1,52,12,0.08459740708729473,0.10505987807446757,0.005877511423255891,0.0027349533457960407,0.881572962537008,-0.05483769961381903,-0.10152670769218547,0.006467902712971981,0.0029017397048084737,0.9278265989532635,middle,null_a,3,0,4,4241
2,52,12,0.0931164341276701,0.1386218736145629,0.00571639540317862,0.002599162181205359,0.8574070329618324,0.18601398601398605,0.00519003511518667,0.00607416420415415,0.0025186915501766564,0.8713444473617293,middle,null_a,3,0,4,4242
3,52,12,0.08258965304358563,0.17934421487398644,0.005632541091580482,0.002571461006669352,0.8448296530856192,0.0042375534912848355,0.05428743749908206,0.005974807802063938,0.0026707045554554207,0.8570916800078378,middle,null_a,3,0,4,4243
4,52,12,0.07388013334979628,0.1930400940984661,0.005607688803417494,0.0025731213254932394,0.8411020371400373,-0.0642730403924434,0.011792314873676967,0.006027215480539875,0.002744035679300705,0.8646096097351731,middle,null_a,3,0,4,4244
5,52,12,0.08998029386343993,0.1899547207665,0.005609640486900548,0.0025422263240844137,0.8413947718139814,0.03817973071704416,0.007978728923627075,0.005979035551929662,0.0026006672965325356,0.857698154618421,middle,null_a,3,0,4,4245
6,52,12,0.0764642054574639,0.19062588951321685,0.00560832232879847,0.0025536903532801694,0.8411970601534743,-0.023901471662665697,0.05148515997595499,0.0059373743140718116,0.002655115559088425,0.8517218116916314,middle,null_a,3,0,4,4246
7,52,12,0.09285575997036671,0.1976465961336539,0.005600589226191702,0.002544346656209888,0.8400371654831421,0.06736248825801067,0.10848904017843979,0.005877120422886766,0.002582551781146189,0.843078335527434,middle,null_a,3,0,4,4247
8,52,12,0.09769783923941228,0.20367796342116049,0.00559398602597662,0.002543307573442899,0.8390467458383922,0.08088925999373762,0.03146343266684927,0.005946685487271212,0.0025941496182567128,0.853057508059565,middle,null_a,3,0,4,4248
9,52,12,0.08665143844919126,0.2006123658129279,0.0055970561715263465,0.0025434536139701015,0.8395072395937908,0.006032773196952302,0.04502043403682881,0.005930690896581711,0.002630597983458273,0.8507630692994821,middle,null_a,3,0,4,4249
1,51,13,0.0743614503948179,0.2096358817326675,0.006072420068998788,0.0029754504836497467,0.8533491106400736,-0.047003629282110285,0.07881562627677949,0.004379821474892753,0.002699503432380862,0.8767783984618417,middle,null_a,4,0,0,4201
2,51,13,0.12900951044818498,0.18005182960578534,0.006052186242015658,0.002807480675700438,0.8505056778629095,0.0868372134194919,0.03146336731494775,0.004135028995609173,0.002127580496677222,0.8277744015701612,middle,null_a,4,0,0,4202
3,51,13,0.1432810296839365,0.24222018467835543,0.00593453934077679,0.0027244968501305275,0.8339729154056015,0.10370642016211636,0.12749421921055287,0.003981234562402201,0.0021690845762217074,0.7969869282421855,middle,null_a,4,0,0,4203
4,51,13,0.1741317225814304,0.26933598454812374,0.005895012270797812,0.002696785899956036,0.8284182288672028,0.08630609896432681,0.13791666023719637,0.003925157953900829,0.002134185949092016,0.7857611832489588,middle,null_a,4,0,0,4204
5,51,13,0.17715270591463472,0.2790396236405594,0.005884348731889165,0.0026964654573045296,0.8269196959362506,0.007751741928957117,0.05025581019643674,0.004039432123820185,0.002224589518374114,0.8086372580528759,middle,null_a,4,0,0,4205
6,51,13,0.1851973793109582,0.27840078668422885,0.005888830757401945,0.0027032884178837704,0.827549549016528,0.05259297664360955,0.0766390711618257,0.0039707900034235515,0.0021472648760627903,0.7948960750541194,middle,null_a,4,0,0,4206
7,51,13,0.18719526847667628,0.28201619761960717,0.005885423911356841,0.0026836297327382315,0.8270707894759094,-0.004514472868903248,0.05232761355051367,0.004009509449425698,0.0021993362964960223,0.8026471612684091,middle,null_a,4,0,0,4207
8,51,13,0.180331227714648,0.28732477894182584,0.005879592624038372,0.0026885693495632087,0.8262513264297827,0.021434261940591053,0.05008276536731328,0.004016051590284523,0.002194707636140085,0.8039568054668301,middle,null_a,4,0,0,4208
9,51,13,0.1872186151339373,0.28946305042920406,0.005877524281596252,0.0026859260342867028,0.825960665019105,-0.00039201305024089833,0.05502751056871843,0.003999113952619796,0.0021988031521830436,0.8005661296343703,middle,null_a,4,0,0,4209
1,51,13,0.01813158225443228,0.20577075360714053,0.005439357620483059,0.0026440395152720693,0.8506093736141294,-0.10484452256604154,-0.1451473463453445,0.008442881017499423,0.0037656451647373524,0.9568072574867051,middle,null_a,4,0,1,4211
2,51,13,0.1109891439279009,0.27914110803458586,0.0052356141603572826,0.0024706211989619906,0.8187478728473953,-0.07118198257438763,-0.025255990438842087,0.0080306878695877,0.0035235177620278647,0.9100946016301578,middle,null_a,4,0,1,4212
3,51,13,0.12126887888116558,0.28831119940409744,0.005220798274581685,0.0024406354164818447,0.8164309574690679,-0.04444922166441154,-0.01738121061620675,0.007969126739390393,0.003439815084105877,0.9031180570087445,middle,null_a,4,0,1,4213
4,51,13,0.12306648913873974,0.30411151162622424,0.005200047427035336,0.002421760051657206,0.8131859299005745,-0.0466495529786669,-0.05972785520490491,0.008011711381310072,0.0034313361412387834,0.9079440511642667,middle,null_a,4,0,1,4214
5,51,13,0.11682774350398818,0.30169581986010413,0.00520644883774884,0.0024244247604648895,0.8141869856018498,-0.09068147042830586,-0.02425842745170205,0.007933330045590712,0.003413756244418402,0.899061321357659,middle,null_a,4,0,1,4215
6,51,13,0.11429596940344387,0.30904571846760087,0.005197980037077181,0.002421283284487407,0.8128626304597176,-0.02153542659871774,-0.06820252810090012,0.007984283313848786,0.003359608901525598,0.9048357077029058,middle,null_a,4,0,1,4216
7,51,13,0.11545963762364463,0.3139090759943293,0.0051932076679770236,0.002423190680996746,0.8121163250732777,-0.033801641396578104,-0.053339784805899855,0.007956721668901219,0.0033806984860429924,0.9017122262918277,middle,null_a,4,0,1,4217
8,51,13,0.12016862133500714,0.31168447324339493,0.00519612504332331,0.0024216108497970034,0.812572545639941,-0.06693306693306693,-0.0529199203662455,0.007954994244370808,0.003397067543417667,0.9015164622719354,middle,null_a,4,0,1,4218
9,51,13,0.11262905101561664,0.31382799930782307,0.005194354626796162,0.0024293920575559017,0.8122956870477568,0.01579433225002845,-0.054805608935546986,0.00795010951296856,0.0033213194143189226,0.9009628898069371,middle,null_a,4,0,1,4219
1,51,13,0.08294231456866,0.20794781130697376,0.006333941750403881,0.0030662470809595123,0.8539126979801426,-0.1944511185017514,-0.00788439120089714,0.007558066139466441,0.0037812954541837475,0.9194507304508879,middle,null_a,4,0,2,4221
2,51,13,0.062281140529088765,0.2270800675386,0.006229998844904504,0.002942366359441766,0.8398995967600045,-0.21706141959306513,-0.09611408443655481,0.007506086752328785,0.0037365251881076224,0.913127355583533,middle,null_a,4,0,2,4222
3,51,13,0.09130185901978956,0.25257080260301024,0.006178168233838197,0.002863302689654451,0.832912033773533,-0.26956587716081387,-0.08888187720543146,0.007400725370758394,0.003691895397264395,0.9003099764473075,middle,null_a,4,0,2,4223
4,51,13,0.11763639430107682,0.27758768997107763,0.006142203317244617,0.0028439905475696843,0.8280634102510485,-0.18238723302014442,-0.026902908023387302,0.00729863326201259,0.0035927632077027683,0.8878903095341746,middle,null_a,4,0,2,4224
5,51,13,0.1080391064332517,0.2794553295070507,0.0061422683849474335,0.0028476971796160826,0.8280721823774514,-0.17297891981436284,-0.05270760258610595,0.0072902296816382,0.003499475129641657,0.8868680006563402,middle,null_a,4,0,2,4225
6,51,13,0.11589885948079338,0.2865769772689354,0.006135906067849444,0.0028227010968535746,0.8272144442464995,-0.23709202190214845,-0.043237034758437765,0.00728712912540867,0.0035518114524437584,0.8864908130745647,middle,null_a,4,0,2,4226
7,51,13,0.10048784219734948,0.28296595755764786,0.006142058932639304,0.002831439639590604,0.8280439449871215,-0.21374827703941626,-0.06937161297893758,0.007299741975971278,0.0035757786780207445,0.8880251863453015,middle,null_a,4,0,2,4227
8,51,13,0.11146661806828685,0.284039921639249,0.006141423830453195,0.0028223755001290907,0.82795832345118,-0.24399650981929463,-0.08093832185446122,0.00732189852148119,0.0035842218699916996,0.8907205652395108,middle,null_a,4,0,2,4228
9,51,13,0.12423983366309627,0.29250215195489715,0.006131930882268181,0.0028191059510608955,0.8266785281332119,-0.21238255415470603,-0.05431469537424875,0.007281856641853589,0.0035221023759305567,0.8858494070896797,middle,null_a,4,0,2,4229
1,51,13,0.050964064594559565,0.16515087766084371,0.005910694521661827,0.002900323533449763,0.8638476931171198,0.1732824137887429,0.19215606685090406,0.006448929695780902,0.003214841791488865,0.8562044555168954,middle,null_a,4,0,3,4231
2,51,13,0.1148710301006352,0.1898745665161196,0.005766084465737068,0.0026849890511042706,0.8427129410580644,0.2878513891172119,0.12118533286451484,0.006512853633509605,0.0029689969213033507,0.8646914390753155,middle,null_a,4,0,3,4232
3,51,13,0.17395483150630986,0.22176268805009558,0.005690733537487361,0.0025734927068956264,0.8317004068619235,0.2659998229618482,0.08568901269569182,0.006537110184514919,0.0029052915523341393,0.8679119063506542,middle,null_a,4,0,3,4233
4,51,13,0.17694452126011664,0.2473616185091521,0.005649508264759791,0.002567668757352378,0.8256753354234789,0.18248839767827107,0.1698004631558918,0.006393842733901126,0.002900612145211471,0.8488907299178692,middle,null_a,4,0,3,4234
5,51,13,0.18564475396905525,0.2540832041755451,0.005640494591932987,0.0025582736789340576,0.8243579876144506,0.31827666004881194,0.15873728051886285,0.006408109883594121,0.002909859352872914,0.850784935268357,middle,null_a,4,0,3,4235
6,51,13,0.18245412649490658,0.25650388286690323,0.005638618936013368,0.002559313619935143,0.8240838606005598,0.360917563449209,0.17125328143399118,0.006385003096623509,0.002816348519353257,0.8477171186088173,middle,null_a,4,0,3,4236
7,51,13,0.19553735440456302,0.26417959261472146,0.005629248852107866,0.0025564611353623553,0.8227144233311463,0.250192845129554,0.16175724458566523,0.006394848615627931,0.002892088782679904,0.8490242777245349,middle,null_a,4,0,3,4237
8,51,13,0.18259824166318456,0.2595359484348124,0.005635532513078847,0.0025569524759995717,0.8236327800511931,0.2851199433477914,0.1729355262820075,0.0063793389245542405,0.0028740145589412056,0.8469651039968894,middle,null_a,4,0,3,4238
9,51,13,0.1824794084129988,0.2641839049150613,0.005629968861928805,0.0025647704411524883,0.8228196527285648,0.2351698933977415,0.15802098438100365,0.006400911127167274,0.002896187623741008,0.8498291786362325,middle,null_a,4,0,3,4239
1,52,12,0.06863760958142981,0.1679242412139273,0.005772989292645688,0.002764901059016001,0.8630056710146852,-0.08260098110844381,-0.1027318448142271,0.004039463309712293,0.0024168351796427187,0.9287604549900195,middle,null_a,4,0,4,4241
2,52,12,0.14428161501419925,0.26768821231849443,0.005506616448719659,0.0025909330293270093,0.8231855252878739,-0.0223984970253627,0.12537477177261722,0.0035572816512588843,0.002201363168557922,0.8178964064377562,middle,null_a,4,0,4,4242
3,52,12,0.14502274354858627,0.28149770428007403,0.0054823541549402725,0.002555178455742607,0.8195585486797398,-0.07942803465191525,0.1053517653142412,0.0035396430895694147,0.002207299500325158,0.8138409175462757,middle,null_a,4,0,4,4243
4,52,12,0.15714754908013337,0.28840772486965904,0.0054754897018692355,0.0025439195116127317,0.8185323798045842,0.007285252061371466,0.12760534887067146,0.0034625948359760716,0.00209834039823077,0.7961258485935546,middle,null_a,4,0,4,4244
5,52,12,0.15607200888998646,0.2923110963760365,0.005475182269259871,0.002542451208036339,0.8184864216238417,-0.0025258323765786454,0.09043837475024144,0.0035259439689537134,0.002147977931676235,0.8106911918227097,middle,null_a,4,0,4,4245
6,52,12,0.15528850475367328,0.2981674310867872,0.005469178152766154,0.0025425537317357505,0.8175888646874185,-0.024360713912952723,0.10385445012923028,0.003496826480366903,0.002141912171635593,0.8039964480227025,middle,null_a,4,0,4,4246
7,52,12,0.17436236572416347,0.3031517699338137,0.005465715764018722,0.002530293325295135,0.8170712712929361,-0.011126187245590233,0.10322574030805624,0.0034800596561293242,0.0021022038023788946,0.8001413905277651,middle,null_a,4,0,4,4247
8,52,12,0.16267860229657985,0.307128893951999,0.005460531969306602,0.0025385910400953456,0.8162963444730241,-0.004028807013881641,0.1323994728197983,0.0034600962901033118,0.0021176421134841738,0.7955513785653163,middle,null_a,4,0,4,4248
9,52,12,0.17384817878750464,0.30801393748296746,0.0054621853761647994,0.002535536386521817,0.8165435126943366,-0.01663709424903455,0.11512060631238362,0.003465375114940118,0.0021122224096458055,0.7967650951859023,middle,null_a,4,0,4,4249
1,51,13,0.07153246964152216,0.14488897913539045,0.00644538972170654,0.0031308345255519694,0.8739697404356341,-0.0965490205996535,0.0187172398977397,0.005030225537110169,0.0027787813581957553,0.9579630624775726,middle,null_a,5,0,0,4201
2,51,13,0.05992316932148767,0.21143425008029265,0.006215860389571621,0.0029757046238044656,0.8428464570517388,-0.07710011507479861,0.028270944357898155,0.004851974540088891,0.0027039214700758742,0.9240166977000037,middle,null_a,5,0,0,4202
3,51,13,0.09480855164585285,0.2339158350670585,0.006161482155798071,0.0029191629068827025,0.8354729803639963,-0.05362991438940806,0.024308154278382187,0.004738929067782848,0.0025082475566505606,0.9024881626371933,middle,null_a,5,0,0,4203
4,51,13,0.1054248984564524,0.2433457156024111,0.0061446498209387496,0.0028686377245518637,0.833190581321719,0.044474512828943207,0.1014835578897164,0.004569949556503028,0.0023682826101358353,0.8703074723426232,middle,null_a,5,0,0,4204
5,51,13,0.13567734870254347,0.2604751496141652,0.006120706486144899,0.0028371812371274186,0.8299439583868059,0.06602258500992679,0.09507069654043551,0.004527320501955781,0.00233082762695924,0.8621891366252024,middle,null_a,5,0,0,4205
6,51,13,0.13205589922676858,0.26006422668783796,0.0061228411814776415,0.0028527016206630596,0.8302334147589447,0.05780295653713374,0.10467643092858701,0.004578627473346531,0.002493366369322938,0.8719601067491719,middle,null_a,5,0,0,4206
7,51,13,0.1449816710211408,0.2666531891544512,0.0061154454697500875,0.0028424293967456334,0.8292305850561731,0.04381694255111976,0.07702867628677648,0.004600314195023082,0.002476901476249397,0.876090155821346,middle,null_a,5,0,0,4207
8,51,13,0.13875198405410952,0.26293712078095033,0.0061205484278718325,0.0028444208173657943,0.8299225263006405,0.04141428192061103,0.09672857606414441,0.004559651280082896,0.0024277957392616826,0.8683462544320367,middle,null_a,5,0,0,4208
9,51,13,0.14302730463624258,0.2674506271342142,0.006116281123828768,0.0028393011098669253,0.8293438964942353,0.08698896040668191,0.10682149393460796,0.0045380535217991414,0.0024076248725778517,0.8642331476706165,middle,null_a,5,0,0,4209
1,51,13,0.09399360095712235,0.15210522875009436,0.005326181702408894,0.0025967674178897166,0.861818628999539,0.22052630913390406,0.34758929719188797,0.001873221275074925,0.0014957534145896498,0.6371447916934366,middle,null_a,5,0,1,4211
2,51,13,0.09597151987809338,0.16865820656246266,0.005204190828740469,0.0024450541835006963,0.8420795338335163,0.17672201216505012,0.23546393423230397,0.0018748249908339977,0.001419256221368791,0.6376902687050668,middle,null_a,5,0,1,4212
3,51,13,0.13151616733368654,0.18515987402534906,0.005155540720892898,0.002401947965775748,0.8342075588261839,0.10651373942513181,0.19708805596258294,0.0017778341248261005,0.0014368528306207848,0.6047004527441648,middle,null_a,5,0,1,4213
4,51,13,0.12407006599486489,0.19239617867886644,0.005140009301824465,0.0024007429717923003,0.8316944514941678,0.07909811707280061,0.2065737979310913,0.001782834560200263,0.0014946670323297117,0.6064012669497477,middle,null_a,5,0,1,4214
5,51,13,0.15484853660517037,0.2058411500865297,0.00512094903961461,0.0023792691099900477,0.828610349230319,0.12932636983269893,0.24432487401030192,0.0017295917652802551,0.0014282232014349928,0.588291623454946,middle,null_a,5,0,1,4215
6,51,13,0.13161700677571875,0.20145784746611362,0.005125664484869633,0.0023892746166422987,0.8293733458368692,0.0760631773290001,0.2342877378902505,0.0017338652629058857,0.0014274053614584785,0.5897451819804201,middle,null_a,5,0,1,4216
7,51,13,0.15290483474272476,0.21491743237559569,0.005109938508504718,0.002387257579717384,0.8268287575843953,0.09305883989428293,0.24778777294244442,0.0017263619650154916,0.0014513093875893862,0.58719306107778,middle,null_a,5,0,1,4217
8,51,13,0.14711334023878317,0.21408147398934105,0.005110136768548465,0.0023845597173225365,0.8268608376388571,0.09700426156122358,0.2276444748747917,0.0017329410373633143,0.0014307718124168098,0.5894308221668546,middle,null_a,5,0,1,4218
9,51,13,0.1493652838582941,0.2209075878147518,0.00510225192216451,0.0023873997589643472,0.8255850066814908,0.08390343833381808,0.22555477155876544,0.0017275510720130647,0.0014338551949501087,0.5875975158746324,middle,null_a,5,0,1,4219
1,51,13,0.11438779135351812,0.16953540189086302,0.00647926281935562,0.003182651338582337,0.8631487196399543,0.1697163595897773,0.06217704868569252,0.006998815877386551,0.0039404497735984,0.933604612527847,middle,null_a,5,0,2,4221
2,51,13,0.09238980501300083,0.16289453920037383,0.006406945539551961,0.0030049407121009487,0.853514820042009,0.22745608821558186,0.1205853810096312,0.006583797609239388,0.003091666245880031,0.878243394828519,middle,null_a,5,0,2,4222
3,51,13,0.1007619492474141,0.1814949476413102,0.006353632249066235,0.00295757484457531,0.8464125771317385,0.23565042552384324,0.16481215032833613,0.006466626671180864,0.0029492092136882845,0.8626134182521812,middle,null_a,5,0,2,4223
4,51,13,0.16459302782345084,0.2000396122154967,0.006322502448481822,0.0029001754360529503,0.8422655548135799,0.25800781496984027,0.15109356905850838,0.006492905246826869,0.0031185657367604415,0.8661188397211245,middle,null_a,5,0,2,4224
5,51,13,0.1540496032879999,0.19552288276416888,0.006328364927954625,0.00290328087088191,0.8430465374333539,0.3220197523994992,0.13714203685177662,0.006505813291663551,0.003077663371765578,0.8678407038777713,middle,null_a,5,0,2,4225
6,51,13,0.14681601005874462,0.20925358138231764,0.0063108223058938135,0.002903124128753191,0.8407095598800305,0.30254555571011266,0.2212706772055718,0.006403011629160623,0.0031127622097078603,0.8541275118221885,middle,null_a,5,0,2,4226
7,51,13,0.14665414813688732,0.21351604739513133,0.006306311016579034,0.0028946414755080733,0.8401085789189952,0.27181679080413257,0.16117374101206725,0.0064892790869037625,0.0032529209351791176,0.8656351293779343,middle,null_a,5,0,2,4227
8,51,13,0.16041640554370698,0.2214704036799595,0.006297366206575506,0.0028876877853683137,0.8389169771091559,0.290380505570379,0.16875788972357306,0.0064700254856353175,0.003199067060606401,0.8630668019255617,middle,null_a,5,0,2,4228
9,51,13,0.15275705493159633,0.21966574836632036,0.0063003276061920025,0.0028980260493810016,0.8393114862313489,0.18911468278556887,0.1186138766728469,0.006531468856291711,0.0032847635663278826,0.8712630190084274,middle,null_a,5,0,2,4229
1,51,13,0.1019785694980164,0.1435973512790875,0.006317918807497897,0.0030126595438466964,0.8780670191629613,-0.11867878956486551,-0.07511069556091661,0.005871254863114498,0.0029993840088886952,0.9618942304533443,middle,null_a,5,0,3,4231
2,51,13,0.0969833730624539,0.18431825500020776,0.006135301755468953,0.0028369187155634144,0.8526868242903896,0.07750477370730535,0.03607310208837568,0.005409872246329897,0.0026325700224790797,0.8863054019211843,middle,null_a,5,0,3,4232
3,51,13,0.1490854533772607,0.21872485362158048,0.006060223443099569,0.0027736158519532303,0.8422524087882887,-0.0031993323132563636,-0.189759595349159,0.005678820941849858,0.0025854169444501696,0.9303675665759429,middle,null_a,5,0,3,4233
4,51,13,0.147339765756029,0.224010582869616,0.006050655774828532,0.0027859017864751176,0.8409226902187624,-0.014706812175166605,-0.05903101017509257,0.005455992522268662,0.00259639478771612,0.8938613381506127,middle,null_a,5,0,3,4234
5,51,13,0.1785952987490968,0.23570107523505862,0.006033907127048847,0.002765183101642935,0.8385949560900069,0.030134422539485832,-0.06981198672993207,0.005433943344264425,0.0024823617204424403,0.8902489967341708,middle,null_a,5,0,3,4235
6,51,13,0.18365901165323484,0.23903509339600384,0.0060304300961702565,0.0027504384671455818,0.8381117168727701,0.02105489447261599,-0.008885182721258234,0.005372827008245019,0.0025865003951488228,0.8802362392616855,middle,null_a,5,0,3,4236
7,51,13,0.19719154948181947,0.24587142910794915,0.006023244350309369,0.002743845265730986,0.8371130388838977,0.07189013518127442,-0.008343392395487051,0.005342945242155215,0.0025273302828721774,0.875340676206143,middle,null_a,5,0,3,4237
8,51,13,0.19013842961901053,0.2479724752438954,0.006021139902390926,0.0027485882838285645,0.8368205618250696,0.0307667016527776,-0.026373770214122166,0.0053568410096235105,0.0025634121486482696,0.8776172352837339,middle,null_a,5,0,3,4238
9,51,13,0.19451294261268115,0.25183513450768313,0.0060169516212346145,0.0027539770064781456,0.83623847274441,0.027504141428192058,-0.03413363871883396,0.005376524933983455,0.002569694065716833,0.8808420745584622,middle,null_a,5,0,3,4239
1,52,12,0.027965082108902337,0.12492843202917972,0.0067556108912638895,0.0031745492651241527,0.8777574512149593,0.053459972862957957,-0.10249147262708229,0.005109140418065079,0.0025227167146957205,0.9529152706012946,middle,null_a,5,0,4,4241
2,52,12,0.11243501666872453,0.20152177819039457,0.0065016035908840985,0.0030628479100042036,0.8447542477800667,-0.04932679261037471,-0.10222028392774056,0.004975717407151291,0.002919939239017103,0.9280302969764158,middle,null_a,5,0,4,4242
3,52,12,0.12131537226818127,0.2259221276364032,0.006452241641146744,0.0030369522958922576,0.8383406428691488,-0.17657864523536168,-0.12255643840266855,0.004878900980803238,0.002870553294641889,0.9099728854427854,middle,null_a,5,0,4,4243
4,52,12,0.12319451784170886,0.24577548669799304,0.006426242454088856,0.0030076877113646393,0.8349625649228444,-0.18480325644504753,-0.1730094029508282,0.004832404119426248,0.0028131691608385095,0.9013006694503455,middle,null_a,5,0,4,4244
5,52,12,0.13419488825780962,0.2625869168980934,0.0064101553889705214,0.003018087553281986,0.8328723703419133,-0.21018682809727587,-0.10904295732794655,0.004726238098786612,0.0027987034407644003,0.8814994477166913,middle,null_a,5,0,4,4245
6,52,12,0.16564924064699346,0.27726321595508363,0.006395421275184515,0.002995218987490126,0.8309579649134655,-0.15637198622273255,-0.1239361233254628,0.004739723273082631,0.0027522144737903726,0.8840145926259914,middle,null_a,5,0,4,4246
7,52,12,0.16110705025311767,0.2789175557547447,0.006395873262394671,0.0030041624264236524,0.831016691673777,-0.1517378144243816,-0.09969559571997047,0.004705657426849672,0.002717853428050213,0.8776609083611077,middle,null_a,5,0,4,4247
8,52,12,0.1585474749969132,0.27986844927697674,0.006399003179614927,0.0029986714096837393,0.8314233622482056,-0.1740319382110427,-0.1276436483869744,0.004739061091216761,0.0027886323776041564,0.8838910878560555,middle,null_a,5,0,4,4248
9,52,12,0.16327704654895667,0.2879573979331409,0.006390409310465579,0.0029997717461821335,0.8303067596489703,-0.14130049055422192,-0.1361691937766353,0.004751358995043446,0.0028071723445531396,0.8861847927445333,middle,null_a,5,0,4,4249
1,51,13,0.05893210989712153,0.13606206134298793,0.006235077593371967,0.0028871248682094896,0.875853061792272,-0.023078187635149662,-0.004430842745765199,0.00263248229957554,0.002083298314434576,0.7883788372510154,middle,null_a,6,0,0,4201
2,51,13,0.09295111300556218,0.13600253047773248,0.006142782329122072,0.0027865981821424708,0.8628881726514969,0.13883584769660717,0.0859430925881612,0.0022129767331683513,0.0017079352752213195,0.6627448260678236,middle,null_a,6,0,0,4202
3,51,13,0.09057588915353008,0.1679810986972078,0.006067661234473827,0.0027623165447555956,0.8523357713754015,0.13418227342277975,0.11355739069481634,0.0020749729220502526,0.001672772532484204,0.6214152854425977,middle,null_a,6,0,0,4203
4,51,13,0.09187420211666476,0.1796339048933903,0.00604446190359983,0.0027382948571706743,0.8490769177888603,0.06695835809759859,0.007877513951580628,0.0021257974294510095,0.0017305320064121533,0.6366362675760483,middle,null_a,6,0,0,4204
5,51,13,0.11616938423953224,0.18152796464504264,0.006040805144546468,0.002728748764684323,0.8485632459756134,0.20345477307502624,0.14876674641320367,0.002013810703284191,0.0015814380785838418,0.6030983535786095,middle,null_a,6,0,0,4205
6,51,13,0.10612360996802618,0.19210463941518194,0.006027441991768894,0.002723593858194294,0.8466860988029978,0.1890893916210372,0.10387028434848139,0.0019519992079165692,0.0015761686018507214,0.5845869756086496,middle,null_a,6,0,0,4206
7,51,13,0.1305636072471318,0.20434715340391713,0.006013461619348864,0.002726838849785045,0.8447222496277935,0.09520858887947495,0.0652843045977224,0.0019421862356365858,0.001591062544189709,0.5816481753449908,middle,null_a,6,0,0,4207
8,51,13,0.12367819626443602,0.2056671410224633,0.006012409036513082,0.002726355352986575,0.844574391339632,0.11726248435109192,0.06992653291303519,0.0019817360314716244,0.0016207713217620573,0.5934925938464828,middle,null_a,6,0,0,4208
9,51,13,0.13323154959381756,0.20298628185298273,0.00601574066674069,0.0027263960925041084,0.8450423916959887,0.1309197131981942,0.07975308113329398,0.002000900488769659,0.0016564787252601938,0.5992319876359901,middle,null_a,6,0,0,4209
1,51,13,0.04243989944549424,0.11431601563099794,0.005673578210338934,0.002651618631649424,0.8702468654654906,0.020624944675577586,0.0873734673009853,0.00616462455986868,0.0026814520248181093,0.9082353478429583,middle,null_a,6,0,1,4211
2,51,13,0.06201234515236925,0.14592553726540958,0.005528150090496111,0.002540254086846044,0.847940243303637,0.004489181704371577,-0.046926137085933274,0.006050360757657945,0.0025688876564112753,0.8914008394087681,middle,null_a,6,0,1,4212
3,51,13,0.06840809396901902,0.1720323849135097,0.0054760294428896055,0.0025271894644016317,0.839945671179305,0.15899290582834888,-0.009851787285350806,0.005858345642158768,0.002214217505888086,0.8631112147085389,middle,null_a,6,0,1,4213
4,51,13,0.08078202819617383,0.1830238433709842,0.005453029920531036,0.002506463462818209,0.8364178688828151,0.13661022521782012,-0.02829312549688743,0.005835252564971606,0.0021147624369620747,0.8597089071084321,middle,null_a,6,0,1,4214
5,51,13,0.08830821639279568,0.182024506137256,0.0054528866150832895,0.0024968741762280773,0.8363958878486103,0.1104338699275408,-0.07757271128943162,0.005860633633753051,0.002148907855616794,0.863448304959748,middle,null_a,6,0,1,4215
6,51,13,0.08494629774720815,0.1868278259961686,0.005446431861893512,0.0024971545527185026,0.8354058197606229,0.05962392038341405,-0.09944169214036801,0.005854909039207751,0.0021735145561578924,0.8626048993204235,middle,null_a,6,0,1,4216
7,51,13,0.08780603679499066,0.19529088631215605,0.005436475686040016,0.002498568812490066,0.8338786828274015,0.0989010989010989,-0.10419900866294848,0.0058347374101748554,0.002115119895592996,0.8596330092509915,middle,null_a,6,0,1,4217
8,51,13,0.08136380054263066,0.1948074423841023,0.005437195101538771,0.0024933250033365565,0.8339890310167714,0.10509743421135825,-0.11599916188246741,0.005850963285623907,0.0021144609607529653,0.8620235706695185,middle,null_a,6,0,1,4218
9,51,13,0.08066060087295909,0.19720077733224448,0.005434695661549157,0.0024890828355173884,0.8336056521796882,0.08122257489346096,-0.1337493224201401,0.005853561949480906,0.0021168338130181335,0.862406432326245,middle,null_a,6,0,1,4219
1,51,13,0.04387108659378117,0.1333349188563877,0.005741868478922719,0.002813828039359745,0.874471512058517,-0.13772303645721365,-0.062077148810073965,0.005644007270239774,0.002967237843083418,0.9285831106371762,middle,null_a,6,0,2,4221
2,51,13,0.022527259589958583,0.14499894368792476,0.00560608983449561,0.0026453660668172584,0.8537927805735865,-0.1724225141946661,-0.010218115978545633,0.005317716973124597,0.0026110460074719663,0.8749000367928954,middle,null_a,6,0,2,4222
3,51,13,0.02177633721170584,0.1602345338202594,0.005556023051187604,0.002595660056346255,0.846167740769214,-0.23233728297019432,-0.06934499313010715,0.005332307703566142,0.002532376973897595,0.8773005839947602,middle,null_a,6,0,2,4223
4,51,13,0.06754756171135032,0.17083352281490757,0.005532824921846115,0.0025690484410427223,0.8426347265044937,-0.17983282540244563,-0.039105254880894016,0.005246960906434673,0.0023591784386526563,0.8632588596367595,middle,null_a,6,0,2,4224
5,51,13,0.03114584076212712,0.1646834523910883,0.005539369212239592,0.002567070353055202,0.843631404769895,-0.2513309475334791,-0.053497468233783166,0.00526612034837509,0.0024780068813262555,0.8664110763762586,middle,null_a,6,0,2,4225
6,51,13,0.06620329659741618,0.1868377304289216,0.005510074951419591,0.0025480503469672193,0.8391699656672861,-0.18281718281718282,-0.050694662683172506,0.005240806940778716,0.0023922129336965544,0.8622463753684108,middle,null_a,6,0,2,4226
7,51,13,0.061109690089801036,0.19214592646278572,0.005503392208907492,0.00254245832041555,0.838152201507291,-0.15833533555052542,-0.015691834994484715,0.005195391378473299,0.0023502003670849195,0.8547743573327025,middle,null_a,6,0,2,4227
8,51,13,0.05814264700529503,0.18885484995143398,0.0055071972322508645,0.0025517587048028262,0.8387316965843222,-0.19116326711263418,0.00048419146345065754,0.005195092971766292,0.0024305979385183312,0.8547252618204254,middle,null_a,6,0,2,4228
9,51,13,0.06357924761341163,0.19257592004263724,0.005503061858432522,0.0025453108997842474,0.838101889996253,-0.21063746380202075,-0.028754932469149445,0.005211573468297057,0.0024199245716235037,0.8574367237304902,middle,null_a,6,0,2,4229
1,51,13,0.12661843392764233,0.15135488463886348,0.006240723214771615,0.002926231701782639,0.8705582726282916,-0.008940426661945649,-0.08177582891509114,0.009035079533458588,0.004435500547225522,0.924881671862522,middle,null_a,6,0,3,4231
2,51,13,0.10321483058726683,0.21694880969246433,0.0060286328585912275,0.002780489560596583,0.8409724365379349,0.06215303683658114,0.051079268266582344,0.00858285970008109,0.004184248131432636,0.8785899005510783,middle,null_a,6,0,3,4232
3,51,13,0.11160159221731973,0.2287244553665826,0.0059999685098239795,0.0027290862525356646,0.836973863761984,0.028844573148370613,0.08463818078068469,0.008461016807048208,0.0041424334011448075,0.8661173751908414,middle,null_a,6,0,3,4233
4,51,13,0.12433375557705113,0.26099311625374577,0.0059551833233668795,0.0027139586552059184,0.8307264925487975,0.01847519569038556,0.09421668806610105,0.008451094667901676,0.004049040047292588,0.8651016890966224,middle,null_a,6,0,3,4234
5,51,13,0.12462000947701345,0.25940313110416424,0.005962101820560803,0.0027001703756018066,0.8316915978353242,-0.06050911114202253,0.03715427806575705,0.008509339073116205,0.004169737719624722,0.8710639147385733,middle,null_a,6,0,3,4235
6,51,13,0.11835058789929989,0.2757074496737837,0.00594558229970364,0.0027075610228093658,0.8293871845410413,-0.053756370212066404,0.06035438780755136,0.008463972013506798,0.0041804366498254695,0.8664198867824658,middle,null_a,6,0,3,4236
7,51,13,0.13159061311204268,0.25905903062080576,0.005968428779556882,0.0026868475105765533,0.8325741856869339,-0.0071447539801970175,0.1258993273824549,0.00838319074260242,0.004058112421743347,0.8581506605280047,middle,null_a,6,0,3,4237
8,51,13,0.12132323088748755,0.2792308927252279,0.005947115692527942,0.0026949796577694436,0.8296010872831506,-0.02778234423804044,0.09452299177999106,0.008415077659819309,0.004123372850416936,0.8614147851211402,middle,null_a,6,0,3,4238
9,51,13,0.1428257492794653,0.28458156377187527,0.005941055038868819,0.002687816366447134,0.8287556480609792,0.02927452294540902,0.121232245063421,0.008389595484446045,0.00407538631341045,0.8588062860067007,middle,null_a,6,0,3,4239
1,52,12,0.04351979256698358,0.12747177248583208,0.0057090287804034195,0.0027270391639737106,0.8762724258905843,0.021814006888633757,-0.13000828372508824,0.009518163244669461,0.004386993601762016,0.9393359813300899,middle,null_a,6,0,4,4241
2,52,12,0.09752379306087172,0.16889368801390348,0.005524221491269351,0.0024764405819166966,0.847906562308385,-0.027283164596597433,0.008636914769522356,0.009166713127646652,0.004039381378765785,0.904651795728726,middle,null_a,6,0,4,4242
3,52,12,0.0723442400296333,0.16427539639988492,0.005510679903709604,0.0024468507124319606,0.8458280792182102,-0.014841874543367084,-0.10434503747144214,0.009230870931531956,0.004087788207645332,0.9109834515454444,middle,null_a,6,0,4,4243
4,52,12,0.10787924435115447,0.19810284192843491,0.0054565178904544785,0.0023983943227912086,0.8375148125363013,-0.10593883728212088,-0.21276756394801866,0.009400478440353624,0.004300219355461741,0.927721810790247,middle,null_a,6,0,4,4244
5,52,12,0.1145846153846154,0.20756571897988518,0.005442888626283454,0.0024083320025110266,0.8354228720613746,0.020979020979020983,-0.12085087339468364,0.00919459453196729,0.004106164398814041,0.907403377689989,middle,null_a,6,0,4,4245
6,52,12,0.1104058278799852,0.21271133497713748,0.0054364948611049365,0.002406062037524471,0.834441500213542,-0.04131092787809206,-0.06994066474289205,0.009131807675511857,0.003990418618601028,0.9012070190116247,middle,null_a,6,0,4,4246
7,52,12,0.09546309420916163,0.21488339373861526,0.005434314362337844,0.0024036610442004732,0.8341068179028046,-0.03884771944473438,-0.12998349442641688,0.00919122899180218,0.004115071875781075,0.9070712366148218,middle,null_a,6,0,4,4247
8,52,12,0.09895715520434621,0.2208029977330542,0.0054277788410345565,0.002407344449544925,0.8331036880663342,-0.07157916710155517,-0.11736769838781462,0.009171933035943993,0.0040669500434624565,0.9051669421447829,middle,null_a,6,0,4,4248
9,52,12,0.09269010989010991,0.21880007402530857,0.005430260052291026,0.0024072414310533728,0.8334845263998728,-0.04928504331489407,-0.10721124235674977,0.009160233466405206,0.004060702537550458,0.9040123258231927,middle,null_a,6,0,4,4249
1,51,13,0.06476358606631966,0.14599933052033143,0.006716084620958824,0.0032164571520841615,0.87896882718791,0.115643849821065,0.06258039405061532,0.0028017064677985626,0.002196883216623235,0.9652783793129787,middle,null_a,7,0,0,4201
2,51,13,0.08550212936337494,0.17198744712708197,0.00657159316725104,0.003075523861866199,0.8600584812390415,-0.1796052049216606,-0.21734627449719218,0.0023714574375862155,0.0019487939581766683,0.8170436904339953,middle,null_a,7,0,0,4202
3,51,13,0.1054652918793326,0.21546994084267354,0.006478473505642994,0.0029798057266187962,0.8478714281610721,-0.13147611881789095,-0.1853146238092345,0.002651268767056304,0.002276135305813145,0.9134477319453548,middle,null_a,7,0,0,4203
4,51,13,0.08451341695746362,0.22995342866743765,0.00645576654094519,0.0029849940516497035,0.8448996499218371,-0.16349473311498627,-0.1917652734282904,0.002588987930855379,0.002194750777143521,0.8919899720689164,middle,null_a,7,0,0,4204
5,51,13,0.09758565093856857,0.24421838454517097,0.006438083242559788,0.002967971803478939,0.8425853449480545,-0.18564979324472994,-0.2230212828735628,0.002525655412317812,0.002176981136967728,0.870169873655899,middle,null_a,7,0,0,4205
6,51,13,0.08698280977802474,0.2432067481860962,0.006441779382222577,0.0029743082802206784,0.8430690779156806,-0.17687375915224016,-0.22449432868746302,0.0026515457269435582,0.002294186457423941,0.913543153572915,middle,null_a,7,0,0,4206
7,51,13,0.1057639808595292,0.2507053846158992,0.006433653435882546,0.002967269324243306,0.8420055931730971,-0.16650438169425508,-0.22444901611640009,0.0025665428990394837,0.002209807315226523,0.8842569335854454,middle,null_a,7,0,0,4207
8,51,13,0.10979323508576827,0.2586032617374639,0.006424395186405468,0.0029717855138146725,0.8407939180463,-0.17495163064783317,-0.22738244371756927,0.002537372377291596,0.0022106070297506037,0.8742067465725855,middle,null_a,7,0,0,4208
9,51,13,0.0991988761322717,0.2571078607560738,0.0064285539216444795,0.0029772566369538904,0.8413381932962293,-0.17515395996408653,-0.2311537088055713,0.0025673299111222104,0.0022275778390837588,0.884528084670131,middle,null_a,7,0,0,4209
1,51,13,0.05913103000510743,0.16984594349426813,0.006114012819975687,0.002989428797629611,0.8620255876635214,0.1489523135092755,0.12872968667739662,0.008033882784650689,0.003966924605024929,0.8708613941462426,middle,null_a,7,0,1,4211
2,51,13,0.06418131961071445,0.15449990791110357,0.006047149688616496,0.0027961660600553983,0.8525984353496409,-0.14847178138317377,-0.025776972538289533,0.008255000170056677,0.004067657461863032,0.894830202216549,middle,null_a,7,0,1,4212
3,51,13,0.08882822509570482,0.20347618958357322,0.0059501284969096435,0.002749591209562487,0.8389192442423433,-0.04007385020043247,-0.012219166279907358,0.00809287700017845,0.0038518523634899315,0.8772562826650577,middle,null_a,7,0,1,4213
4,51,13,0.09624879746186012,0.22148625467489796,0.0059237709309642485,0.0027382524433789473,0.8352030439427258,-0.10572971332465002,-0.02603366657448012,0.008068030382479153,0.0038880842161086206,0.8745629448719335,middle,null_a,7,0,1,4214
5,51,13,0.11201610861704941,0.227802706607979,0.0059169994513551,0.0027308896822280074,0.8342483209381621,-0.11819825743876375,-0.10445827784467986,0.008140084674518504,0.0039057991364948,0.8823735269903953,middle,null_a,7,0,1,4215
6,51,13,0.09215897368918197,0.23426131502235142,0.005911233955243426,0.0027278536256773282,0.8334354333436842,-0.1842840703600197,-0.16741268226481582,0.008166312237753692,0.0039338605599190226,0.8852165573029228,middle,null_a,7,0,1,4216
7,51,13,0.10891388550469872,0.24840642474259989,0.005897078048310965,0.002741785922717729,0.8314395667415572,-0.16981752424790397,-0.08934125488611787,0.008084853582456019,0.003886973160653744,0.8763865556686764,middle,null_a,7,0,1,4217
8,51,13,0.08899638690920397,0.2425818180137266,0.005904459543498081,0.0027404664127331,0.8324802969320011,-0.06764121953995372,-0.03918241069888202,0.008030642042626795,0.0038570077010298873,0.8705101023496546,middle,null_a,7,0,1,4218
9,51,13,0.09989865821366695,0.251023190670663,0.005896260397623172,0.002742043054232798,0.8313242847106879,-0.1331706268415129,-0.09698446631481895,0.008087599162404074,0.0039160577631601814,0.876684172605019,middle,null_a,7,0,1,4219
1,51,13,0.05740852433808727,0.15529579671394386,0.005456982574286144,0.002614326574582891,0.8605360968865171,0.053326420415028004,-0.027816365219917465,0.007252148116234819,0.0031807905359589645,0.9292693102500179,middle,null_a,7,0,2,4221
2,51,13,0.07778537973852731,0.18722899395160303,0.005311273538525213,0.0025018642051792966,0.8375585844594756,0.2632430860278961,0.044235061655613625,0.0069651279008703364,0.002860264902816726,0.8924913689718356,middle,null_a,7,0,2,4222
3,51,13,0.07529474022458577,0.1930755104452169,0.005277566063427575,0.002436843910345112,0.8322431012851105,0.24619684113354998,0.04193903076726554,0.006949625832844289,0.0028353488582231216,0.8905049787559814,middle,null_a,7,0,2,4223
4,51,13,0.10116172472421708,0.20754860434866326,0.005249940156713708,0.0024206760580258798,0.8278866479497959,0.22110800591813248,0.04156865725017503,0.0069211844032142245,0.002824491967943073,0.8868605761222723,middle,null_a,7,0,2,4224
5,51,13,0.08181710451050829,0.2041806309212547,0.005252921587778083,0.0024302059319779874,0.8283568032080083,0.18468872899252645,0.06749894813459613,0.0068837394896223165,0.0028661781979199344,0.8820624930621611,middle,null_a,7,0,2,4225
6,51,13,0.10379030304208177,0.22356103222804186,0.005225641027494889,0.002413440304654331,0.8240548091027681,0.16936228328633393,0.019889264738206777,0.006927881482990763,0.0028807637153579805,0.8877187205789061,middle,null_a,7,0,2,4226
7,51,13,0.11229462147368711,0.22914115734480195,0.005218388662798913,0.002411620406887318,0.8229111511336039,0.18701551612944017,0.024978537305035197,0.006909944743195497,0.002856767052282036,0.8854203585556087,middle,null_a,7,0,2,4227
8,51,13,0.09544241133170156,0.2307505067153951,0.005215949907001848,0.0024112390340178752,0.822526572776188,0.16652967285878678,0.02893710118322342,0.006903294498816262,0.0028571638511212857,0.8845682154514916,middle,null_a,7,0,2,4228
9,51,13,0.11146258284357509,0.2337151917673711,0.005212191316082969,0.002409922086777386,0.8219338636892348,0.20403646985925464,0.0088415182303483,0.006930209268177123,0.002839839069207719,0.8880169962483861,middle,null_a,7,0,2,4229
1,51,13,0.10193685845074052,0.13751953126412786,0.006182914404015228,0.0028866029622242185,0.874047406691905,-0.014200988884533187,0.12223383162145647,0.004372910808799337,0.002372036727128655,0.8516026711826988,middle,null_a,7,0,3,4231
2,51,13,0.05791515091822773,0.1592138481603523,0.006029292785613283,0.0027322736124694527,0.852330693762993,-0.0018336094285461373,0.14864139384567135,0.004127684705630604,0.0021213179884123604,0.8038461049883937,middle,null_a,7,0,3,4232
3,51,13,0.09890763996506319,0.16842605672375666,0.0059927934049945,0.002665519814505227,0.8471709605221462,-0.014757394504229948,0.13036993744861844,0.004142036177076423,0.002166756795396516,0.806640982806178,middle,null_a,7,0,3,4233
4,51,13,0.04416524624011761,0.17938456907556308,0.005971675052324753,0.0026743530287158114,0.8441855655807879,-0.05954804688981903,0.04073193301861712,0.004212984457804414,0.002192324958508911,0.8204578082630791,middle,null_a,7,0,3,4234
5,51,13,0.09935027941048824,0.20929943606647608,0.005933240977004333,0.0026714975778585337,0.8387523343135722,-0.1386588095448855,-0.07015814608763657,0.004336478039417167,0.0021954881718689117,0.8445075702119662,middle,null_a,7,0,3,4235
6,51,13,0.07881670905848653,0.2050561527119132,0.0059393677445631655,0.0026730932962768794,0.8396184445241105,-0.12287712287712285,0.07393648321260547,0.004175659731115954,0.0021570267948354646,0.81318900303497,middle,null_a,7,0,3,4236
7,51,13,0.10586337914987862,0.21480462125544758,0.00592890350954711,0.0026554667243996717,0.8381391684285434,-0.05656368947508187,0.017530437567936874,0.00423513393625983,0.0021041282092661004,0.8247713092336411,middle,null_a,7,0,3,4237
8,51,13,0.09508352338692716,0.2196613495845266,0.005924565106185219,0.002662484403138999,0.8375258702393945,-0.13205781560211938,-0.0531170561415938,0.0042718111190468274,0.0021438087164224254,0.8319140085016005,middle,null_a,7,0,3,4238
9,51,13,0.09478244621251337,0.2205158293542894,0.005924387725102239,0.00266704497415485,0.8375007947708624,-0.16020688172586905,-0.036258407313296534,0.004239140396315603,0.002125943995350061,0.8255515474398761,middle,null_a,7,0,3,4239
1,52,12,0.08666052599086309,0.11665238453268012,0.005520620672423607,0.0026656851130779893,0.874043300306163,0.0016490971714852316,-0.15734363501678028,0.007836662980067488,0.003548557245652325,0.9461701812249578,middle,null_a,7,0,4,4241
2,52,12,0.008885788368934437,0.1209643245580117,0.005390582862451026,0.0025471786125671955,0.8534552752747088,0.12727272727272732,-0.0062344808956242325,0.007407982349140275,0.0029046866393192044,0.8944128412342391,middle,null_a,7,0,4,4242
3,52,12,0.06093315224101742,0.14856691679186831,0.005320322664384935,0.0024562125806585483,0.84233144354604,0.09767247677695441,0.007076900890035474,0.007334058488388633,0.0028185852273580215,0.8854875431957586,middle,null_a,7,0,4,4243
4,52,12,0.06363580688973948,0.16349110165890168,0.005292277813938074,0.002412057570190454,0.8378912881548879,0.03421354764638348,-0.023187979736507748,0.007356722224069437,0.002802968979146193,0.8882238801992616,middle,null_a,7,0,4,4244
5,52,12,0.06223133720212372,0.16892747152015886,0.0052821581047702015,0.002417840902085502,0.8362891016392652,0.003694812650036531,-0.035118847498208434,0.007363977929486417,0.002965001987370168,0.889099907677636,middle,null_a,7,0,4,4245
6,52,12,0.08164326460056798,0.18460017425229772,0.005263718498232551,0.002403609709662829,0.8333696808873517,-0.00478029433253314,-0.037970569493343945,0.007350131355209356,0.002961970688485747,0.8874281226683285,middle,null_a,7,0,4,4246
7,52,12,0.04246440301271762,0.1755730679255824,0.005273304202040331,0.0024217189803087823,0.8348873218717723,0.005573530946665276,-0.055606502924315765,0.007335476908879509,0.002911269182491843,0.8856587981261184,middle,null_a,7,0,4,4247
8,52,12,0.06932006420545747,0.18054483932628768,0.005267461343951523,0.0024142335058276545,0.8339622608559571,-0.033420311032251335,-0.04239891676353839,0.007330061005188852,0.0029256728370111317,0.8850049016156368,middle,null_a,7,0,4,4248
9,52,12,0.07293710334609212,0.1855728284233044,0.005262173818647007,0.0024095394464660057,0.8331251220011366,-0.006241519674355497,-0.029153889255951807,0.007309123238342489,0.0029152028174594005,0.8824769518107445,middle,null_a,7,0,4,4249
1,51,13,0.11890884888544621,0.1582314128837286,0.006435718803941936,0.003021281952636507,0.8696437578640432,0.1822101948684227,-0.06475273279775558,0.006553775171035544,0.0028478910458785947,0.9408415397171509,middle,null_a,8,0,0,4201
2,51,13,0.11011897654183876,0.2250330508637952,0.006214545586574403,0.002913664181043894,0.8397571338908872,0.04902692244464396,-0.20380908524014668,0.0065879997801995115,0.002955496490224811,0.9457547283972193,middle,null_a,8,0,0,4202
3,51,13,0.13516845745547293,0.2661019756402553,0.006130767381377421,0.0028481623586775057,0.8284363793001207,0.1957409678928666,-0.19901299319980606,0.006429277970393244,0.002731660560249955,0.9229690715768883,middle,null_a,8,0,0,4203
4,51,13,0.1294064036216224,0.2526911402156836,0.006154737973903445,0.002861555172438735,0.8316754698815475,0.1263925947470251,-0.2258654083982189,0.0064317393918332105,0.0027503174089803227,0.9233224263193132,middle,null_a,8,0,0,4204
5,51,13,0.12974161550303687,0.2749581901539736,0.006120943727290008,0.002854936470142835,0.827108931703855,0.19622150001896835,-0.2108576972527264,0.0064420737663128756,0.00274811870684506,0.9248060000678349,middle,null_a,8,0,0,4205
6,51,13,0.12534120295483858,0.2822407818363576,0.006112830018695845,0.002846576750806574,0.8260125450768134,0.12338294616775629,-0.1837159961978598,0.006371860491320519,0.002805217526879479,0.9147263796920332,middle,null_a,8,0,0,4206
7,51,13,0.14088777084798845,0.28616561725694467,0.006109349150431318,0.0028456625038883175,0.8255421834201887,0.16979223308337232,-0.20504705546081736,0.006412159851472537,0.0027923596454150377,0.9205116425467323,middle,null_a,8,0,0,4207
8,51,13,0.12902709249871488,0.28633164192898475,0.006110077603504049,0.0028424942159418517,0.8256406175946605,0.1322095625893094,-0.20704887489409698,0.006395576756655604,0.002788465503435681,0.9181310200728653,middle,null_a,8,0,0,4208
9,51,13,0.12903582176033632,0.28782263536734387,0.006109192953019081,0.0028441180174438273,0.8255210768260873,0.1491546428255289,-0.18442426625311076,0.0063524055673685334,0.002792834000039878,0.9119334855007646,middle,null_a,8,0,0,4209
1,51,13,0.013114809719390472,0.11714774683639725,0.0059660536576177,0.002807689918018182,0.8768199597591356,-0.022799984825301278,-0.06980153347793129,0.00705350045443824,0.0031531270739405025,0.9250155314395798,middle,null_a,8,0,1,4211
2,51,13,0.08035779431652597,0.2042211625698062,0.005704263722847146,0.002661723953534825,0.8383451733686755,-0.04227418151468784,-0.09613000019406527,0.006879982618811307,0.003039787761773194,0.9022599232173248,middle,null_a,8,0,1,4212
3,51,13,0.11657529490492763,0.2462881354863259,0.005626132355671204,0.002617407706155483,0.8268623496874532,0.05734771557556368,0.059317030754221,0.0066218185439251625,0.003000160809471163,0.8684035733847886,middle,null_a,8,0,1,4213
4,51,13,0.12164819000407308,0.2625024126163807,0.005601803844067261,0.0025988041271615284,0.8232868329741009,0.015541420604711743,-0.012926390127416029,0.0066779009434725116,0.0029497168698437983,0.875758374161622,middle,null_a,8,0,1,4214
5,51,13,0.1536259870447875,0.2738097052188383,0.0055873028251392405,0.0025872569051567044,0.8211556448281984,0.030690828159182584,-0.008028610556472754,0.006670903093740228,0.0030357000072154645,0.8748406568195938,middle,null_a,8,0,1,4215
6,51,13,0.15239750817462408,0.281353469673269,0.005579382632333597,0.0025678728985062045,0.8199916286232383,-0.03671012531772025,-0.018617214312149293,0.006672444852199445,0.0030310920482879153,0.8750428472822891,middle,null_a,8,0,1,4216
7,51,13,0.15668921671017844,0.282923452320266,0.005578723337052348,0.0025652212020585113,0.8198947332054043,0.0006702158600892777,-0.0001223219569705808,0.006651629971094023,0.003018675609163217,0.8723131262831973,middle,null_a,8,0,1,4217
8,51,13,0.15427528764152312,0.28427863199397385,0.005578788596554317,0.0025689360845470477,0.8199043242746729,-0.021257223788869354,-0.014423734618443351,0.00666027008816904,0.003017032825720013,0.8734462151005118,middle,null_a,8,0,1,4218
9,51,13,0.1663522622705007,0.28974360894407947,0.005571917975028266,0.002561972665870952,0.8188945616349587,-0.07492507492507493,-0.02926299157913577,0.006681470558898864,0.0030783343289218497,0.8762265033879504,middle,null_a,8,0,1,4219
1,51,13,0.0969559911804811,0.1275363573166418,0.006741576386782772,0.0032353172250056722,0.8797243721992923,0.05575437221006841,-0.077049462963262,0.0045631800613078225,0.0026846472009380497,1.0276341894878522,middle,null_a,8,0,2,4221
2,51,13,0.1590336822677238,0.18244658379761075,0.006519542586290015,0.0030767717037310325,0.8507506523244475,0.32019878855321887,0.3785254021201902,0.0035835379538046532,0.002449434017323443,0.8070174902547164,middle,null_a,8,0,2,4222
3,51,13,0.16036423585279036,0.21115852240056593,0.006446345022817521,0.003045426368615576,0.8411989277903155,0.1761403153808217,0.12125176919297705,0.003960171073110198,0.0025235691032832242,0.8918357672220529,middle,null_a,8,0,2,4223
4,51,13,0.1774727651154988,0.22913193291728293,0.006413350592162518,0.0030193483728602707,0.8368934058873148,0.23544809620758983,0.2276548403979082,0.0037901434719670533,0.0025429744543250627,0.853545326401442,middle,null_a,8,0,2,4224
5,51,13,0.15330835721390296,0.2290606583533173,0.006413392335508732,0.0030184226135946627,0.8368988530760634,0.19948406024355392,0.20344598531593405,0.0037861341812194214,0.002466620236299666,0.8526424288185044,middle,null_a,8,0,2,4225
6,51,13,0.161534656898019,0.23795291319447087,0.006400601813782014,0.0030224914352440808,0.8352297874079506,0.2411386082272158,0.23412959664657812,0.0037601569723423505,0.0024200082359333427,0.8467923269967729,middle,null_a,8,0,2,4226
7,51,13,0.16137670667358636,0.2444934392748836,0.006391759084373551,0.003017416151031271,0.8340758785695609,0.15800655041161368,0.25069380238375377,0.0037353508363535556,0.002455507444590662,0.8412059523394765,middle,null_a,8,0,2,4227
8,51,13,0.15605572760619105,0.2497565639082827,0.006384373430398828,0.003017225282332572,0.8331121069776625,0.1611426548135409,0.22131640139561884,0.003754485764322657,0.0024502064973699264,0.8455151634445056,middle,null_a,8,0,2,4228
9,51,13,0.16099908375693583,0.24563439379007213,0.006390688963927765,0.0030192508455364436,0.8339362360018089,0.17608973305175837,0.27346621951694605,0.003698419277929337,0.002439740643523631,0.8328889165008956,middle,null_a,8,0,2,4229
1,51,13,0.12280317013841478,0.1292859952860801,0.005678280862337555,0.0025175264588994505,0.8720533670916458,-0.1090428558782989,0.09884112597753375,0.003649738136374501,0.0018744006482696307,0.8261865774526033,middle,null_a,8,0,3,4231
2,51,13,0.09145630930442113,0.19102589341013299,0.005490103016915962,0.0025754660278144497,0.84315357722736,-0.08314470339786796,-0.10378316175905757,0.003861728029206988,0.0019820286626170015,0.8741744597251097,middle,null_a,8,0,3,4232
3,51,13,0.1175617014681465,0.20261611064251986,0.005455544013478571,0.002513783416614697,0.8378461089915422,-0.021257223788869354,-0.01546008299042658,0.003722655257736212,0.0019768568994291236,0.8426927334244865,middle,null_a,8,0,3,4233
4,51,13,0.10254835969762495,0.20257731164572013,0.005451317097806237,0.002526528033262335,0.8371969519431616,-0.09859760492671885,-0.012704113176693125,0.0036924344156914635,0.0019973461275388646,0.8358516798683843,middle,null_a,8,0,3,4234
5,51,13,0.0897585502705824,0.2293025668406014,0.005416446909243533,0.0025341863925527628,0.8318416928278686,-0.08961924151797569,-0.035844453266680905,0.0037054385240695006,0.001963946100511628,0.8387954033335274,middle,null_a,8,0,3,4235
6,51,13,0.09694260905771243,0.23183841104498787,0.0054142002619193205,0.002532006654586638,0.8314966594610371,-0.11809709278063707,-0.009152792878384365,0.003659219532015479,0.0019809333422861355,0.8283328689182904,middle,null_a,8,0,3,4236
7,51,13,0.10145456674615784,0.24114774948562942,0.005403914422313114,0.0025296363257622037,0.8299169910227514,-0.09786416115530039,0.04193264859446426,0.0036011185431428674,0.0019345568379655674,0.8151806220036779,middle,null_a,8,0,3,4237
8,51,13,0.10311518524234323,0.24146580445619306,0.0054042851990994505,0.0025346748145360695,0.8299739338110358,-0.08736832787465698,0.034832738546437016,0.0035982173565420163,0.0019183697807653398,0.8145238840847516,middle,null_a,8,0,3,4238
9,51,13,0.1128849172029535,0.24344251951364143,0.005403279712366407,0.0025215063625373658,0.8298195141702371,-0.15881586767662717,0.020635994180988014,0.0036221469676584123,0.0019544157803837604,0.8199407997015159,middle,null_a,8,0,3,4239
1,52,12,0.10522755895789604,0.2122938852663391,0.006226043524169218,0.0029599011226413134,0.8520715767196472,0.03918171380857949,-0.13857200892299218,0.005276115723553933,0.0023815715286398193,0.9675642013481237,middle,null_a,8,0,4,4241
2,52,12,0.07817389801210026,0.20267603192792463,0.006179309156457312,0.002887907049811718,0.8456756968597176,0.12660473854503707,0.12292135689885703,0.00482368229637986,0.002382960731896205,0.8845943783640274,middle,null_a,8,0,4,4242
3,52,12,0.13110221014940115,0.23626400567573844,0.006108939179305666,0.0028058578254991757,0.8360451414110499,0.007660995720697214,-0.1315670202653924,0.005150802333734451,0.0024811823083649084,0.9445835170167267,middle,null_a,8,0,4,4243
4,52,12,0.10053038646746512,0.2351068734423803,0.0061114717355113864,0.0028080118163962818,0.8363917369899216,0.041686671537417806,-0.026800969028045664,0.004941377845647913,0.0024638029946765657,0.9061780596357236,middle,null_a,8,0,4,4244
5,52,12,0.11751984195579701,0.2625723305507934,0.006074692906837249,0.0027943634722615938,0.8313583326430647,0.06130884041331803,-0.09641047267302466,0.005034193897683176,0.0025147604477167695,0.9231991967686469,middle,null_a,8,0,4,4245
6,52,12,0.12991006297073715,0.272276754563031,0.006063545539267613,0.0027944627636333425,0.8298327482130072,0.012462164700970673,-0.12497941968005806,0.005005661870051996,0.0024478819553572346,0.9179668307679237,middle,null_a,8,0,4,4246
7,52,12,0.1319539202370663,0.2658917028584141,0.006075176480145312,0.0027979038071186692,0.8314245125644644,0.03446404341926731,-0.06281588347576603,0.004922621727995136,0.002422817716950662,0.9027384557778921,middle,null_a,8,0,4,4247
8,52,12,0.11227761452031115,0.27351936776248675,0.00606699227906942,0.002796278411259674,0.830304455326211,-0.03939046028598268,-0.13208798915878767,0.005016198458855051,0.002517503909110745,0.919899090533313,middle,null_a,8,0,4,4248
9,52,12,0.12376698357821954,0.27496440986401277,0.006065679648081389,0.0027873620514882297,0.8301248138651,0.02406846884458825,-0.15020616576670215,0.005025062505467885,0.002468259508270937,0.9215246299700943,middle,null_a,8,0,4,4249
1,51,13,0.11111242416042208,0.14593425804095872,0.007134912376211735,0.0035403879605098525,0.8734032337867205,0.21733962240291352,0.28311100383590154,0.008220049714991745,0.004490196446918626,0.8437751111884583,middle,null_a,9,0,0,4201
2,51,13,0.11954962609937227,0.17704098040368657,0.006984538005256544,0.003363470303056957,0.8549955148203606,-0.010862555166352634,0.11994816905354598,0.008583556436769247,0.004783843785407945,0.8810885016447436,middle,null_a,9,0,0,4202
3,51,13,0.151296838870842,0.2051789747667193,0.006920136945243072,0.003306923139846531,0.8471120130884272,0.1224977554091478,0.11435516721978613,0.008535329469707434,0.004594794329962991,0.8761380797001358,middle,null_a,9,0,0,4203
4,51,13,0.13357013788774597,0.20955702282404204,0.006910101005897688,0.0033086865560329223,0.8458834875766675,0.14060622921382415,0.1199772346698548,0.008517588219884928,0.004612694565097438,0.8743169684464767,middle,null_a,9,0,0,4204
5,51,13,0.13588693333298196,0.21276637484671965,0.00690526931100062,0.0033025004694550394,0.8452920272019276,0.027352394441002036,0.08699540083689272,0.008558297091799713,0.0046649653381881755,0.8784956698068358,middle,null_a,9,0,0,4205
6,51,13,0.1559140006321303,0.22376883537074632,0.006889932573695382,0.0032851738926955505,0.8434146171859627,0.04771178188899708,0.1043123300312862,0.008530884096640521,0.004687644019115234,0.8756817691808736,middle,null_a,9,0,0,4206
7,51,13,0.1564223565942901,0.23124799021160738,0.006881330040623854,0.003291004515669007,0.8423615586749038,-0.006714804183158613,0.17017483165935737,0.008431651503680202,0.0045036184668954754,0.8654957003538316,middle,null_a,9,0,0,4207
8,51,13,0.15355042952084752,0.23246630629136844,0.0068801635394432235,0.0032903809902323617,0.8422187642228268,0.012253569215594532,0.1505445398876893,0.008463771817439444,0.004587371236821528,0.8687927997940191,middle,null_a,9,0,0,4208
9,51,13,0.15108424840975085,0.2332938607401399,0.006879685243373144,0.0032823413252847165,0.8421602147533606,-0.02254707317998457,0.130379168225749,0.008489600502097218,0.004594710663786402,0.871444073451065,middle,null_a,9,0,0,4209
1,51,13,0.07461599895775908,0.2009058071428093,0.0054687979779227186,0.002669346290516174,0.8487369749478841,0.03284057714437461,-0.09371969748246459,0.007618969799388505,0.0033157055782998867,0.9528512857428524,middle,null_a,9,0,1,4211
2,51,13,0.028087552188220004,0.2467698129337541,0.0053020087551333755,0.0025337173291256577,0.8228519119092407,0.09328646037506796,0.14770531167704812,0.007091329819803862,0.0026180988947449536,0.8868630424245878,middle,null_a,9,0,1,4212
3,51,13,0.06708548730608892,0.28856133551114166,0.005228777168187785,0.0024459606370062226,0.8114866437414006,0.10537563702120663,0.04356994277892159,0.007186878319733037,0.002884804096369135,0.89881262529544,middle,null_a,9,0,1,4213
4,51,13,0.06455165441742637,0.2992394279137293,0.005217825954407942,0.0024247612608017007,0.8097870563561957,0.11809709278063707,0.10154252965105387,0.007110990669428278,0.002695689449751401,0.8893218874307622,middle,null_a,9,0,1,4214
5,51,13,0.08373618326705956,0.3049147763120495,0.005215906534417126,0.0024253715289619137,0.8094891695585417,0.059092805928248955,0.07659826736903785,0.00713360583774105,0.0027766836421347766,0.8921502084205429,middle,null_a,9,0,1,4215
6,51,13,0.11055045735566288,0.3222202673642761,0.005195796041015141,0.0024030495756900833,0.8063680962617011,0.07869345844029388,0.0930873793802348,0.007095707330236001,0.002776539680622779,0.8874105070495231,middle,null_a,9,0,1,4216
7,51,13,0.10088547653450948,0.33009733260928886,0.0051878875962172305,0.002406351055722907,0.8051407352325649,0.10433869927540813,0.07379425356419693,0.007115812034163321,0.002760563903953324,0.8899248618102105,middle,null_a,9,0,1,4217
8,51,13,0.1067195467767366,0.33466265524895145,0.005184128374526495,0.002402576990462015,0.804557318097971,0.07735302672011532,0.02357375167627979,0.007181870229949125,0.0027640842729881486,0.8981862985195945,middle,null_a,9,0,1,4218
9,51,13,0.10544169816749739,0.33356924575430386,0.005186156030319264,0.002402140737717804,0.8048720026869315,0.06766651070448539,0.06606500568349649,0.007126311346339216,0.0027807982639965617,0.8912379373794325,middle,null_a,9,0,1,4219
1,51,13,0.07567816892372979,0.12628888825108275,0.005146202808054608,0.002556350290607543,0.8646331724486879,0.11516331769496325,0.09482786237590218,0.005972752388668664,0.0024485001446454056,0.8954245136421005,middle,null_a,9,0,2,4221
2,51,13,0.11634075776249589,0.15476141427430645,0.004980228736750492,0.0023689933349890315,0.8367472353473958,0.0878741511652904,0.03869687458710268,0.005935580359599785,0.0022540487831131176,0.8898517485441806,middle,null_a,9,0,2,4222
3,51,13,0.09101354633170897,0.1708228711295917,0.0049260008512763895,0.0023315676712566077,0.8276362013672987,0.03132310727247436,0.051486081790548796,0.005887987197599257,0.0022700846101442887,0.8827166655600169,middle,null_a,9,0,2,4223
4,51,13,0.11701517557427422,0.19015353023994774,0.004888080447122352,0.0022949621389920113,0.8212650495555346,0.0860531873190101,0.07026076300958521,0.0058414724067640655,0.002196332295145144,0.8757432500807844,middle,null_a,9,0,2,4224
5,51,13,0.12514005935568495,0.18974887165880727,0.004886680966777245,0.0022866592215950035,0.8210299175221303,0.11491040604964656,0.09794023140351349,0.005801457712213884,0.002100307382492986,0.8697443175829113,middle,null_a,9,0,2,4225
6,51,13,0.13481438707489524,0.20056781182041458,0.0048702115148337565,0.0022799904107644858,0.8182628220512518,0.07391342834380808,0.09101492821942311,0.005808916561879581,0.002171884616290566,0.8708625351817032,middle,null_a,9,0,2,4226
7,51,13,0.1124508423161004,0.19872869280437216,0.004871652233660744,0.0022848445830894806,0.818504882719369,0.05266885013720456,0.09084498520258057,0.005808506997435793,0.0021721758677995104,0.8708011340019759,middle,null_a,9,0,2,4227
8,51,13,0.12814551942647762,0.2027637326401921,0.004866140868989846,0.00227689280373828,0.8175788973088326,0.04970978388699907,0.08379993485541098,0.00581186069738568,0.002174231850483955,0.8713039147889756,middle,null_a,9,0,2,4228
9,51,13,0.11457789984835791,0.20171642789825933,0.004867380705405986,0.0022841884937483017,0.8177872069565068,0.05514738426130831,0.08497235884137105,0.005810847822467799,0.002166760288141471,0.8711520663660534,middle,null_a,9,0,2,4229
1,51,13,0.05386374413183623,0.14709200507247294,0.005965666215320762,0.002914820417190413,0.8696370686359621,0.17952933142806562,0.0005907421831099712,0.00554910704204762,0.002712408981767374,0.9227709326481323,middle,null_a,9,0,3,4231
2,51,13,0.05742248292152903,0.16291444505202834,0.005821771055022144,0.0027388126779330515,0.8486609427723291,0.20573097788287661,-0.09764843284262861,0.005474743571913687,0.002379499188233137,0.9104048982266517,middle,null_a,9,0,3,4232
3,51,13,0.07949302095533367,0.19357772319678113,0.0057471304758047355,0.0026877872653144515,0.8377803114783392,0.15421287573186307,-0.11919713090559762,0.0054653505836922914,0.0024630069446435207,0.9088429214192605,middle,null_a,9,0,3,4233
4,51,13,0.1146898155704663,0.19934474648345912,0.005732929240555074,0.002646946276237887,0.8357101452726254,0.20881649995574045,-0.15606433788222154,0.005466129856284129,0.0025200790525794305,0.908972508052012,middle,null_a,9,0,3,4234
5,51,13,0.08032431842172313,0.20581531525449484,0.005721492312400086,0.0026497287027947825,0.8340429422619439,0.17027276520947407,-0.13382054181413125,0.005434126290204111,0.0024917103329700945,0.9036505778214452,middle,null_a,9,0,3,4235
6,51,13,0.10794530804658393,0.20794201106355809,0.005718404945307294,0.002631943873276473,0.8335928854247908,0.15691903033675184,-0.12528057380769272,0.005373410392032327,0.002431862559803895,0.8935540225454324,middle,null_a,9,0,3,4236
7,51,13,0.10018874145952922,0.2150692945410928,0.005707994643792016,0.0026232624600269335,0.8320753375488951,0.26954058599628217,-0.12438787301965928,0.005387320264448116,0.0024954268875493285,0.8958671201023679,middle,null_a,9,0,3,4237
8,51,13,0.09926105153344301,0.21625786679922537,0.005706472534458901,0.0026301409472469207,0.8318534540826036,0.23342480304505622,-0.12851524370558207,0.005378770225949756,0.002470198515863135,0.8944453189117393,middle,null_a,9,0,3,4238
9,51,13,0.09378615746632687,0.21569332990673168,0.005707103559297803,0.0026206103947680956,0.8319454408903351,0.1902780763540257,-0.11992168062083272,0.00537635171529018,0.002467515069879307,0.8940431404495028,middle,null_a,9,0,3,4239
1,52,12,0.08687625632794171,0.14500846613505025,0.005918296638964855,0.0028937926887660516,0.8656705978253804,0.04849180670076193,-0.05057961332201506,0.0028959508356598005,0.002190520072989626,1.0187505604093916,middle,null_a,9,0,4,4241
2,52,12,0.08211211260649463,0.2082481825306054,0.00568961060105533,0.0027280148708688098,0.8322206389557821,0.08051351633441188,0.05893464493877574,0.0023762369523085635,0.0019095198238571274,0.8359232819221225,middle,null_a,9,0,4,4242
3,52,12,0.12409048030621064,0.25062820553503384,0.005604133964520927,0.0026446099481219044,0.8197179518546196,0.05838638972967331,-0.002670394717959457,0.002311169737085801,0.0018475739462610165,0.813033645414407,middle,null_a,9,0,4,4243
4,52,12,0.10475797011976788,0.2680914218551825,0.005578447150277965,0.0026559185990473995,0.8159607356827341,-0.014841874543367084,-0.026485345702070576,0.0023151734923727665,0.0018623148764205764,0.8144421043882656,middle,null_a,9,0,4,4244
5,52,12,0.12631105074700583,0.27872297717919814,0.005566029146574299,0.0026476879938148743,0.8141443514516404,0.026448178686984666,0.002208635862749222,0.0023188210563193914,0.001866692765036545,0.8157252607764873,middle,null_a,9,0,4,4245
6,52,12,0.12447655266082233,0.2792547404721506,0.005567071828682872,0.0026406186269189013,0.8142968648012294,-0.0007723619663918171,-0.032967405174643034,0.0023034005700831592,0.001873462259589616,0.8103005730361075,middle,null_a,9,0,4,4246
7,52,12,0.11805057414495616,0.27995131768032855,0.005567908688070049,0.002642301129946711,0.8144192724144647,0.05137250808892601,0.00018591731820718962,0.0022806140394164834,0.001844380980721078,0.8022846251820849,middle,null_a,9,0,4,4247
8,52,12,0.13265657488578836,0.2838729520571425,0.005562950523129976,0.002633293536124529,0.8136940404989957,0.03483978707859305,-0.018203287595164135,0.002216263475961874,0.0018283147897204205,0.7796470956443616,middle,null_a,9,0,4,4248
9,52,12,0.12679871589085073,0.2852364105471351,0.00556194578439608,0.002635829811449201,0.8135470771354657,0.05521344327314478,0.0014855182628241126,0.0022139527397211016,0.0018071581313178601,0.7788342144962226,middle,null_a,9,0,4,4249
1,51,13,0.03354329952583639,0.17236342116988038,0.006323927339862515,0.0030696984902468688,0.8680717573769366,0.13481455253607152,0.016397194171126724,0.004789512344559423,0.002486451985913876,0.9246124633504872,middle,null_a,10,0,0,4201
2,51,13,0.08602464978778836,0.23098776206895308,0.0061248516834633525,0.002927412454900429,0.8407450748244542,0.13719192200204858,-0.07138779089329979,0.004796342818011795,0.0025161383746447235,0.9259310821221504,middle,null_a,10,0,0,4202
3,51,13,0.11952224421739945,0.2602104118741377,0.006069447207123943,0.0028515327295871497,0.8331398228097234,0.14235131956650945,-0.05106430902143889,0.004648667745685171,0.002403875760265874,0.8974224986638606,middle,null_a,10,0,0,4203
4,51,13,0.11307407865525887,0.26924466057526864,0.006058418805376428,0.002841557664447588,0.8316259780781942,0.17123382946167753,0.0035720456297650667,0.0045288533257012015,0.0023761332886331086,0.8742923973014266,middle,null_a,10,0,0,4204
5,51,13,0.12065379534295537,0.278252164037242,0.006048561374995287,0.0028327162705338036,0.8302728700403709,0.1531506468215329,-0.053504609136594966,0.004589827417021916,0.0024088371304188173,0.886063408778335,middle,null_a,10,0,0,4205
6,51,13,0.12177962303754257,0.2821712977708026,0.006046918039879821,0.002824210030828416,0.8300472930017718,0.1609403254972875,-0.03358689236633262,0.0045430107126909775,0.002362741305194262,0.8770254723031211,middle,null_a,10,0,0,4206
7,51,13,0.12488633430799106,0.2879306976496474,0.006040465985810192,0.002826591427517049,0.8291616335667545,0.15077327735555585,-0.04152875041965335,0.004536344981761624,0.0023803363015987506,0.8757386569759571,middle,null_a,10,0,0,4207
8,51,13,0.12624925204227663,0.2850830240233666,0.006044707248309101,0.002825163711380038,0.8297438224492417,0.15150672112697428,-0.028602373210183652,0.004532762124607667,0.0023784721223637775,0.8750469885678537,middle,null_a,10,0,0,4208
9,51,13,0.13188028460028134,0.28918995246969,0.0060411405132815,0.002822497628004384,0.8292542244862812,0.14232602840197778,-0.051184681947774084,0.004540347612900927,0.0023684633344991214,0.8765113624982215,middle,null_a,10,0,0,4209
1,51,13,0.06186860056595261,0.2108117452690107,0.006325922496659669,0.0031445787600776786,0.8500995943977201,-0.014782685668761618,-0.006626710953150498,0.004746186497669947,0.0029293672122172516,0.9817243774091009,middle,null_a,10,0,1,4211
2,51,13,0.10307643884995765,0.24387193373667226,0.006191944194433418,0.0030254801662723215,0.8320951214626231,0.02206654105388282,-0.044667299720498245,0.004599002308061432,0.0027266380551127017,0.9512800813455519,middle,null_a,10,0,1,4212
3,51,13,0.0890340215560057,0.25694186956294873,0.0061629396516384265,0.003011413789890084,0.8281973895383491,-0.09275534591990288,-0.0031441042567210338,0.004405541189389871,0.002581651745444915,0.9112636394349892,middle,null_a,10,0,1,4213
4,51,13,0.0999256283380161,0.2622704198938671,0.006156192676572573,0.002971227151864843,0.82729070742678,0.026973026973026972,0.06674710516789306,0.004239105169842928,0.002438035871398926,0.8768372009146346,middle,null_a,10,0,1,4214
5,51,13,0.12637722631170745,0.2829759236476784,0.006130877354461871,0.0029578028597186698,0.8238887458836661,-0.05413573768004147,-0.023352178329372614,0.004368501088587356,0.0025408250194180514,0.9036020842227421,middle,null_a,10,0,1,4215
6,51,13,0.10318250761381022,0.2794313945521556,0.006139418146534184,0.0029609096843461486,0.8250364873996809,-0.02401396072282148,0.027908769236784047,0.004274393957045317,0.002468863214087035,0.8841365058751108,middle,null_a,10,0,1,4216
7,51,13,0.11423358812346072,0.2907226408225425,0.0061266633616242775,0.002954165198001824,0.8233224547847908,-0.04910279593823897,0.08555152277183055,0.004168306294829104,0.0024475780332392414,0.8621928160957208,middle,null_a,10,0,1,4217
8,51,13,0.11174994848912127,0.2846975447563789,0.006134601696503714,0.002953509677767626,0.8243892359957155,-0.04462625981613323,0.06452974027214328,0.004205208772985272,0.002463262705025428,0.8698259047681746,middle,null_a,10,0,1,4218
9,51,13,0.1277800021839624,0.29170973571381575,0.006127993426695975,0.0029482178270104457,0.8235011935819497,-0.06607316733899012,0.0171533335439184,0.0042647154574148635,0.0024812368159397684,0.8821345577787547,middle,null_a,10,0,1,4219
1,51,13,0.0903639575046368,0.155668421330327,0.006297194180237275,0.0029949373073683014,0.8636801725977484,-0.05681660112039859,0.14683335698436484,0.007975570414619252,0.004115967335477702,0.8930285134433616,middle,null_a,10,0,2,4221
2,51,13,0.06972839478925667,0.1809921399492857,0.006154536955164484,0.002918273539875419,0.8441142813060588,0.10423753461728145,0.14733354062357076,0.007899636013146284,0.0038369819193181656,0.8845261014350223,middle,null_a,10,0,2,4222
3,51,13,0.05309388090289552,0.186323065171903,0.006128520966578079,0.00284979596854017,0.8405461058822923,-0.08225951263925947,0.022852334068753147,0.008020891193965651,0.0038360537400515225,0.898103103234911,middle,null_a,10,0,2,4223
4,51,13,0.09591119738622848,0.22559406707780588,0.0060691549750524956,0.0028174181023477548,0.8324038716840577,-0.1409097231882042,0.013083532969571666,0.008054942733536099,0.003961215409601518,0.9019158707464754,middle,null_a,10,0,2,4224
5,51,13,0.10000320347431198,0.23344179798926112,0.006060557917740266,0.0028140795137408165,0.8312247579818692,-0.16905878931195384,0.04525777528012263,0.007983871039081422,0.00396243407313469,0.8939579384172189,middle,null_a,10,0,2,4225
6,51,13,0.09787725768763834,0.2496047229908787,0.006042997682949712,0.0028048467423516885,0.8288163160344444,-0.08309412106880461,0.032280708786723226,0.007988197822500626,0.0039470935414194054,0.8944424104692442,middle,null_a,10,0,2,4226
7,51,13,0.1134146433857808,0.25719540976683913,0.006033727949012752,0.0028003568117163768,0.8275449425977264,-0.12980690195880068,0.03989982818208663,0.007975381418325014,0.003942262885190735,0.8930073514360174,middle,null_a,10,0,2,4227
8,51,13,0.1178122148063759,0.261344977161985,0.006030576133972966,0.0027938411324568446,0.8271126611594151,-0.10034269527940413,0.08753741924236276,0.007909202961899505,0.0038964620736105984,0.8855973173580386,middle,null_a,10,0,2,4228
9,51,13,0.11425689360495939,0.2559904465324717,0.006037884068744417,0.002799863784889398,0.8281149676127476,-0.12444517507808647,0.06312182370578422,0.007941021256581077,0.0038949729260057586,0.8891600273490007,middle,null_a,10,0,2,4229
1,51,13,0.07437940302720909,0.1377771043594985,0.0057263038749222955,0.0025929050074211184,0.8650310316825167,0.1869143514713135,0.045659000444914465,0.008550274904424077,0.003653840633643072,0.9203896843202183,middle,null_a,10,0,3,4231
2,51,13,0.14304159262578328,0.24633265282252034,0.005452965266315395,0.0024820973767515258,0.8237397583294938,0.06668015528775023,-0.08044873655312976,0.008490078037814005,0.0036364437536495985,0.9139098254062503,middle,null_a,10,0,3,4232
3,51,13,0.1784622186851327,0.2604759542710585,0.005426635779406311,0.0024245287922479877,0.8197623544539536,0.14219957257931942,-0.061555069388438785,0.008321757200662288,0.0034740271686952992,0.8957910205839134,middle,null_a,10,0,3,4233
4,51,13,0.15844388064760576,0.26521337450967897,0.005422368514549255,0.002416413910011668,0.8191177298230591,0.1670354961494202,0.001837287130099187,0.008217929503495418,0.003326183898791839,0.8846145446825755,middle,null_a,10,0,3,4234
5,51,13,0.1693261817073217,0.2850233360124608,0.005399606324596606,0.0024094497562376998,0.8156792115243143,0.157905385753487,0.010379935207364995,0.008184925477963663,0.0034251730772186005,0.881061844333169,middle,null_a,10,0,3,4235
6,51,13,0.16247045844929114,0.2851008917344575,0.00540105012760377,0.002413754468993542,0.8158973163319029,0.21450701197536637,0.02560008729765276,0.008169829178267394,0.0033608251534580436,0.879436811376081,middle,null_a,10,0,3,4236
7,51,13,0.17919774132826088,0.2935225411370391,0.00539290453001354,0.0024101740575179285,0.814666820214153,0.2041882168464447,0.0061400932936125485,0.008178373883064503,0.00341666685787942,0.8803566014692336,middle,null_a,10,0,3,4237
8,51,13,0.17391332633784579,0.29503295709662014,0.005391972580725777,0.0024075132017651857,0.814526037421015,0.2057562690474083,0.022776643110073554,0.008155837440400819,0.003379148517088841,0.8779306783754397,middle,null_a,10,0,3,4238
9,51,13,0.17355942066031757,0.2961636097439595,0.005393171581701493,0.0024092414187548566,0.8147071617681797,0.17072800617104414,0.015442578304946598,0.008161204464297177,0.003413663732391884,0.8785084087390742,middle,null_a,10,0,3,4239
1,52,12,0.013491048277565131,0.1375803177614401,0.005292524969940317,0.0026207163826087545,0.87064019927572,-0.16351111574992175,-0.1718952019898684,0.002515742931063063,0.0019618990944081944,0.8890046207351398,middle,null_a,10,0,4,4241
2,52,12,0.06669055438943079,0.13707905480784122,0.005188884260740163,0.0024207393849099935,0.8535909140624058,-0.15879344536060958,-0.2114498838191354,0.0021528815014145745,0.0016991624162600927,0.7607778915010235,middle,null_a,10,0,4,4242
3,52,12,0.06943316458822077,0.20456475650051398,0.005063132384486663,0.00238156275312736,0.8329042589738654,-0.049201544723932795,-0.09394874546526437,0.0020840501761409886,0.0016001874661578828,0.7364545135183281,middle,null_a,10,0,4,4243
4,52,12,0.061323768366465,0.20677724637517214,0.005056789262409899,0.002374857743001451,0.8318607916118199,-0.0030268239223463105,-0.05217706798524328,0.002009731918727725,0.0015891488423323242,0.7101921822484726,middle,null_a,10,0,4,4244
5,52,12,0.07268186195826645,0.21564550768813318,0.005041771590143285,0.002355663713508252,0.8293903282225826,-0.05909612775284418,-0.09865816729728531,0.002045786420706523,0.0015949503657651939,0.7229329986735878,middle,null_a,10,0,4,4245
6,52,12,0.07561382886776145,0.2190489140381457,0.005036678035786484,0.0023593133089685955,0.8285524194351107,-0.056883415092370326,-0.08120494614202524,0.00201512345908512,0.0015801412522827931,0.7120974263143195,middle,null_a,10,0,4,4246
7,52,12,0.06386995925422892,0.21943093350616139,0.005035974182535209,0.0023614008162124865,0.8284366329365241,-0.046780085586055745,-0.07629591805628455,0.0020023636347359965,0.0015548629225854071,0.7075884032873341,middle,null_a,10,0,4,4247
8,52,12,0.06644603037412027,0.21993808658791253,0.005035443388963538,0.002357729212523293,0.8283493154040348,-0.05646592213756394,-0.08612709430430354,0.001995024292439069,0.0015481134115128976,0.7049948516431808,middle,null_a,10,0,4,4248
9,52,12,0.06705163600444501,0.2280373778792619,0.00502528303989524,0.002358153771713305,0.8266778998910658,-0.02348397870785931,-0.05168910875216074,0.0019830236207449615,0.0015349129731957068,0.70075409538138,middle,null_a,10,0,4,4249
1,51,13,0.11296488053346657,0.1792785322944585,0.006035243318223818,0.002958128547186424,0.8591465956545455,0.04510679194223497,0.21940754488911224,0.006207886295114122,0.0033584529465187896,0.8479033279636388,middle,null_a,11,0,0,4201
2,51,13,0.14242309149929677,0.2108825168594914,0.005889891468825395,0.002743105559304776,0.8384550443784491,0.051631912391406055,0.08524710092276003,0.006359921613112069,0.0030471810059331927,0.8686690517495156,middle,null_a,11,0,0,4202
3,51,13,0.16993385360830618,0.23361574100297178,0.005840836865047273,0.002724459295545158,0.8314718800526801,0.09849644026859217,0.09997206508462804,0.00629721458330332,0.0028824977172486185,0.8601042203827748,middle,null_a,11,0,0,4203
4,51,13,0.141839630946583,0.23708495392271198,0.005834123272932144,0.0027175752886795137,0.830516167166522,0.07818763514966046,0.13514714841187234,0.006233227062635706,0.0028304755023685407,0.8513644933415573,middle,null_a,11,0,0,4204
5,51,13,0.11667238735258458,0.25729682265854287,0.005806636213369017,0.002714533449364096,0.8266032489289249,0.04556203290380505,0.06435637554962303,0.006321654582547902,0.00292972242367951,0.8634423544448016,middle,null_a,11,0,0,4205
6,51,13,0.17132930019486017,0.26865290812249026,0.005793459937808276,0.002702620896274585,0.8247275412408464,0.05972508504154073,0.0562228136612083,0.006328183570757415,0.002864471528368244,0.8643341154352435,middle,null_a,11,0,0,4206
7,51,13,0.1542730641503554,0.26713655090302,0.0057978024478536625,0.0026980663466373055,0.8253457189224029,0.11341822734227797,0.07323347422178138,0.006301351287072026,0.002911485970720724,0.8606692315195036,middle,null_a,11,0,0,4207
8,51,13,0.15685593737199482,0.2715711432833915,0.00579267772796034,0.0026861602255176887,0.8246161898184584,0.05102492444264596,0.0441855284960401,0.0063322069178721125,0.002856443368038014,0.864883643768388,middle,null_a,11,0,0,4208
9,51,13,0.16142607641266216,0.27859404852735,0.00578474063411997,0.0026870738631110808,0.8234863054388588,0.03802526587336713,0.06825625860371698,0.0063013824376525005,0.0028532841909869764,0.8606734862174147,middle,null_a,11,0,0,4209
1,51,13,0.06794091376922434,0.14802510421830198,0.005407007354449558,0.002594110037456485,0.8633176166884794,-0.2094487790690322,-0.22099989494763267,0.007146234375686566,0.0031149071897456568,0.9663599028110289,middle,null_a,11,0,1,4211
2,51,13,0.15189545210410615,0.18979754307268032,0.005240848854927595,0.002409805413961738,0.8367876805525891,-0.019714462752437434,-0.2613687880846018,0.006888075521454784,0.002733832699851372,0.9314499975140503,middle,null_a,11,0,1,4212
3,51,13,0.17149400324432063,0.21982750516727803,0.0051752475253716325,0.0023667316433381323,0.8263133497867463,-0.16802185156615534,-0.3080108042112866,0.0069675679245132125,0.0029544443335266643,0.9421994729517877,middle,null_a,11,0,1,4213
4,51,13,0.1788020010761697,0.2310411810537754,0.005155139673000992,0.0023389939535794304,0.8231028005776614,-0.175887403735505,-0.28081811283169833,0.0069188435330798485,0.002987040693760215,0.9356106464881234,middle,null_a,11,0,1,4214
5,51,13,0.1792452169822679,0.22750050748368703,0.005158534841572963,0.002328638946314078,0.8236448950575953,-0.15320122915059622,-0.3070079530927666,0.006855279982349194,0.0029097292198773227,0.9270151731972691,middle,null_a,11,0,1,4215
6,51,13,0.16069763600066078,0.23496474934036476,0.005148989939227849,0.002343868277565617,0.8221208944776207,-0.16412701222827802,-0.2972983231860124,0.006845082008287979,0.0028861876150446464,0.9256361373716048,middle,null_a,11,0,1,4216
7,51,13,0.20019252139451432,0.2501253109972723,0.005130507799853349,0.0023352489195782185,0.8191699170754969,-0.14877527535755383,-0.28561541832346726,0.006823487425289125,0.00290612397520132,0.922715978581541,middle,null_a,11,0,1,4217
8,51,13,0.1896437028341936,0.24511371911829258,0.0051370582891353805,0.0023319959152666527,0.8202158103810523,-0.11336764501321461,-0.27316929098882653,0.006790300387920603,0.0028785747745108995,0.918228213344629,middle,null_a,11,0,1,4218
9,51,13,0.19886645596754557,0.24887292918284226,0.0051324274207433344,0.0023280115415842176,0.8194764161096297,-0.13653435172422512,-0.31246474618869535,0.006842115734449224,0.0029136644977859295,0.9252350186917749,middle,null_a,11,0,1,4219
1,51,13,0.11101524936124038,0.1578256573078847,0.006271346873727979,0.003058435121578059,0.8745992926638947,0.17963049608619228,0.09831139315982666,0.007951192393162691,0.0036432753287842443,0.8871518836467908,middle,null_a,11,0,2,4221
2,51,13,0.12856061228688043,0.1906514098374016,0.00611463793259587,0.0028777292051545907,0.8527447322595876,0.16195197207855433,0.08838596533004758,0.00784894684032022,0.003421129990309953,0.8757438670483364,middle,null_a,11,0,2,4222
3,51,13,0.11676667984840071,0.215121629024716,0.0060545753962622335,0.002850571520336089,0.844368437206756,0.10651373942513181,0.08983585973001987,0.00781843162300485,0.00347690468998111,0.8723391409163789,middle,null_a,11,0,2,4223
4,51,13,0.10861091424521614,0.22661844570543857,0.006030864762964631,0.002819315024089738,0.8410617626553022,0.03294174180250129,0.06179582938368911,0.007846984643785965,0.003498563628846603,0.8755249355641798,middle,null_a,11,0,2,4224
5,51,13,0.11038855425804321,0.22215241405213854,0.006037298031283244,0.002827983597095018,0.8419589434418645,0.07575968335462006,0.0997141302594701,0.007774878036957191,0.0034807659025453456,0.8674796627411333,middle,null_a,11,0,2,4225
6,51,13,0.1186543414982674,0.24317895500311304,0.006005416680253959,0.002807514812125627,0.8375127841684566,0.10631141010887846,0.15432838617170855,0.007680596593443727,0.0032961644180684656,0.856960239229531,middle,null_a,11,0,2,4226
7,51,13,0.14224447104215687,0.2420438522909948,0.006007989493924487,0.0027936650838964907,0.8378715876379038,0.06083789628093425,0.16825048875297183,0.007650768594476577,0.0034212374777745627,0.8536321892766867,middle,null_a,11,0,2,4227
8,51,13,0.12085139782654562,0.24427416482938114,0.006004840141293072,0.002809591494589408,0.8374323802970813,0.095512082853855,0.19622095541406423,0.007610086048718181,0.0033914815617717767,0.8490930465523648,middle,null_a,11,0,2,4228
9,51,13,0.12902725720176436,0.25194656752954214,0.00599520434770136,0.0028048103624413213,0.8360885767363391,0.08929045637906398,0.16567975062632345,0.007656995961401176,0.003365042461609995,0.8543270058556527,middle,null_a,11,0,2,4229
1,51,13,0.06768875340050032,0.12083893995698246,0.005906800043624444,0.0028042133453900324,0.8788801239073241,0.08886050658202556,0.26016400354011743,0.006175383046486238,0.002921562381876808,0.8396855667308939,middle,null_a,11,0,3,4231
2,51,13,0.09382930966528552,0.1643266996636928,0.005732034166168812,0.0026839093325615308,0.8528764916701423,0.043892816044714775,0.21810421274846922,0.006178818263891415,0.0029063479350223734,0.8401526636626949,middle,null_a,11,0,3,4232
3,51,13,0.10533394119738786,0.1773969201672469,0.005685133948219657,0.002622407173054922,0.8458981499186005,0.11984218313332236,0.262592994494252,0.006091465019090867,0.002811122376367122,0.8282749779687093,middle,null_a,11,0,3,4233
4,51,13,0.10554146703970807,0.1896956118006654,0.005656468949244988,0.00261723444824756,0.8416330490747261,0.12282654054805953,0.2828979473892164,0.006062081075499667,0.0027391896575333107,0.8242795540182543,middle,null_a,11,0,3,4234
5,51,13,0.12962937037482955,0.1953211047632841,0.005646675064613972,0.002621171337925953,0.8401758048012666,0.14209840792119272,0.24898369371446505,0.006117246002676934,0.0027298963146425445,0.8317804965171764,middle,null_a,11,0,3,4235
6,51,13,0.12389963951443562,0.19697544395485764,0.005642079311798139,0.0026126394503322697,0.8394919970247386,0.15039390988758078,0.2702848213930438,0.006082782029163133,0.0027052444115653828,0.8270943254871541,middle,null_a,11,0,3,4236
7,51,13,0.11737093416110889,0.20688183032439855,0.005628206987164364,0.00261113699118487,0.8374279165915142,0.15605913074267502,0.2300472710084409,0.006142374581465615,0.0027996028502474415,0.8351973056061804,middle,null_a,11,0,3,4237
8,51,13,0.13327074891958918,0.21291012761362088,0.005619955194085911,0.0026075964508698295,0.8362001220378326,0.15712135965300522,0.26090774730353294,0.006098786920538532,0.0027665158890634095,0.8292705591205748,middle,null_a,11,0,3,4238
9,51,13,0.13410274637393882,0.21316148253199813,0.005619674756124041,0.0026037918002602247,0.8361583953247466,0.18805245387523867,0.26965124056999756,0.006085268142285341,0.002729935143051164,0.8274323698303575,middle,null_a,11,0,3,4239
1,52,12,0.20669485121619954,0.17466420168991204,0.0061955633445232895,0.0028672279805685564,0.8610854255359544,0.05671641791044778,0.03525377876566764,0.002806307495552554,0.002261705579325902,0.9607642271538923,middle,null_a,11,0,4,4241
2,52,12,0.14274695641437216,0.16934815398035363,0.006113889702266264,0.0028147993769464153,0.8497340795667248,0.3499217200709739,0.3478127448343251,0.0021429066958108135,0.001733305335294749,0.7336430874828987,middle,null_a,11,0,4,4242
3,52,12,0.1675540190146932,0.20245205083743928,0.006038126643615759,0.0027721644393912323,0.8392042113416432,0.3534704101868281,0.3325307058685896,0.0021482736061174896,0.0017996744180082086,0.7354804967622346,middle,null_a,11,0,4,4243
4,52,12,0.1572455364859859,0.20964203059098346,0.0060229637964344905,0.0027938751309935185,0.8370968151306172,0.3342239849702537,0.31570423247543783,0.002206184018726554,0.0018294929384453042,0.7553066394435647,middle,null_a,11,0,4,4244
5,52,12,0.15916626744042475,0.21633719103462545,0.006013062405652305,0.002762286215385063,0.8357206782370105,0.36077653689593997,0.34307912381790845,0.002040318899928231,0.0016864746125602249,0.6985212469209672,middle,null_a,11,0,4,4245
6,52,12,0.1761055932831214,0.2232385946941524,0.006004354885533749,0.0027682910165406603,0.8345104705045243,0.2906377204884668,0.27443296723680966,0.0021401806980716046,0.001782921537183016,0.7327098180121495,middle,null_a,11,0,4,4246
7,52,12,0.17604321521175453,0.22742666930341238,0.005999395944016998,0.0027685774551818062,0.8338212559765291,0.30499947813380657,0.263559217255053,0.00210058655376908,0.0017871569138707805,0.7191544120165764,middle,null_a,11,0,4,4247
8,52,12,0.18183573280651935,0.2297447394083857,0.005997088203651048,0.0027571894277822542,0.833500516524031,0.2918067007619247,0.2735760062460947,0.002078385507153418,0.0017351040181859641,0.7115536870683987,middle,null_a,11,0,4,4248
9,52,12,0.17829954315347574,0.23658308039792703,0.00598849916778652,0.0027666947466175066,0.8323067762310054,0.30838117106773827,0.2755213783518643,0.0021372697060827697,0.0017888360848378286,0.7317132141215079,middle,null_a,11,0,4,4249
1,51,13,0.07493700520115759,0.1491958163692047,0.0059445723049858555,0.0028336000487385465,0.8690990992306094,0.0646062797961532,0.22009451202144575,0.0024613042949914337,0.0019607147267010497,0.8678568270700575,middle,null_a,12,0,0,4201
2,51,13,0.12223152702949977,0.18917895326547324,0.005776335559399127,0.002668745811044711,0.8445028126442253,-0.13119791600804256,-0.15870553549708497,0.002533548117546685,0.0020764064038480213,0.893330026278216,middle,null_a,12,0,0,4202
3,51,13,0.11052888125618356,0.19945722711378566,0.005742977380356444,0.0026469264019964704,0.8396258321197132,-0.153833508263888,-0.08602937690215626,0.002357698268160409,0.0019849859614057205,0.8313253027502573,middle,null_a,12,0,0,4203
4,51,13,0.12922144209707828,0.21211385117899587,0.005720327420419119,0.002610450541874637,0.8363143979627717,-0.031348398437006035,-0.018311373485880737,0.0022115144436524905,0.0018348445700910715,0.7797808308356825,middle,null_a,12,0,0,4204
5,51,13,0.126022620646219,0.21417035066809703,0.005716798665858628,0.002606823359009784,0.8357984924858787,-0.10927047635908395,-0.04549535117928738,0.0021414512802346093,0.0018110450902812842,0.7550765328656727,middle,null_a,12,0,0,4205
6,51,13,0.13960526937760198,0.2285586046720132,0.0056990889168188645,0.002603753049228698,0.8332093193463495,-0.0456126152328684,0.007354273404709932,0.002114395374300782,0.0017957941776707133,0.7455366101811762,middle,null_a,12,0,0,4206
7,51,13,0.13911037788973557,0.2248708142848323,0.005704350244771629,0.0025880545751248286,0.8339785278192061,-0.08878463308843056,-0.032900332515731774,0.002146378579536239,0.0018384673936446656,0.7568139004665169,middle,null_a,12,0,0,4207
8,51,13,0.1382950566191438,0.23561505287310736,0.005691451865096009,0.0025933719111772184,0.8320927790079397,-0.06933572756357566,0.008105713756382422,0.002090964836472499,0.0017845685392216203,0.7372749936644468,middle,null_a,12,0,0,4208
9,51,13,0.14142733803802102,0.2321810290491657,0.005696157692207008,0.0025944912897827434,0.8327807730121295,-0.09199661098395276,-0.008604473016957655,0.002160732549366014,0.0018488085773181995,0.7618751156676106,middle,null_a,12,0,0,4209
1,51,13,0.021402831871291814,0.15342876603271016,0.006205321581360295,0.0030077459722630587,0.8702190927709756,0.04680129996585692,0.06489151156682998,0.007530461465552549,0.003595473337470985,0.8915892212250881,middle,null_a,12,0,1,4211
2,51,13,0.09811912411577108,0.16692575695907577,0.006072442745426903,0.0027882700484445216,0.8515844904319507,0.028616952667585578,-0.03986462544364213,0.007631758929243363,0.0033940919918151458,0.9035826066473907,middle,null_a,12,0,1,4212
3,51,13,0.11287425268050096,0.17983995023785054,0.006035576210332195,0.002751857900254527,0.846414417889684,0.013239924632329696,0.043227263847355056,0.007394765104948748,0.0034256811701100565,0.8755230859653489,middle,null_a,12,0,1,4213
4,51,13,0.1037450508792425,0.21140404363561155,0.005985271292183069,0.0027712817585921912,0.8393597794378835,-0.00486854917234664,0.013823272311177161,0.007420846595939348,0.0035752790096269683,0.8786110741779002,middle,null_a,12,0,1,4214
5,51,13,0.11910953955121382,0.22111429460246124,0.005973261796007088,0.002742134322171806,0.8376755971227735,0.09563853867651335,0.04974475141522102,0.0073561826927440585,0.003430890071111642,0.8709550175929226,middle,null_a,12,0,1,4215
6,51,13,0.1280542739370765,0.22591468164753845,0.005967983802542478,0.0027342365318940684,0.8369354242527292,0.02315406112874467,0.030880919375536754,0.007363808464088377,0.003459986871734531,0.8718578912833629,middle,null_a,12,0,1,4216
7,51,13,0.12002318854233353,0.2258159484942724,0.005969763652288109,0.002742148186512116,0.8371850260196325,0.06928514523451232,0.07097227839787845,0.007305672332181963,0.0033987726381597048,0.8649747077216933,middle,null_a,12,0,1,4217
8,51,13,0.12231787260317944,0.23761191331888698,0.005955967131269107,0.0027305893955375765,0.8352502357195429,0.0205237800174509,0.05287573265731928,0.007322738430748527,0.003427498399538382,0.8669952943218527,middle,null_a,12,0,1,4218
9,51,13,0.11953031466682301,0.24000183406580558,0.005954117117471058,0.0027316355906037504,0.8349907943178616,0.015414964782053387,0.0514296749369831,0.0073261349575412605,0.0034526221114602796,0.8673974352386952,middle,null_a,12,0,1,4219
1,51,13,0.07252958190295597,0.16210683565383255,0.006528968063727947,0.0031483344583858124,0.8714330194018635,0.07097965325813425,-0.0032078644953031504,0.00695907758375332,0.0035077148493440325,0.9125430530264531,middle,null_a,12,0,2,4221
2,51,13,0.08625877517259643,0.22170934917279084,0.0063302419819876495,0.0029703874204914534,0.8449086946150812,0.03367518557391975,-0.006579164837588395,0.006714766481475229,0.0031861230783481907,0.880506565937763,middle,null_a,12,0,2,4222
3,51,13,0.11757981880358716,0.251939518304493,0.006272187858302578,0.0029250319285329222,0.8371601071204251,0.10962455266252735,-0.009622494358387733,0.006667726480877006,0.003098841341455421,0.8743382160029262,middle,null_a,12,0,2,4223
4,51,13,0.10456967787212883,0.261427610306456,0.006261064901027998,0.002910761805043486,0.8356755061623788,0.09116200255440761,-0.020057593613240318,0.006688882171090257,0.003167027016267709,0.8771123592573644,middle,null_a,12,0,2,4224
5,51,13,0.11065380851919936,0.2764058172072377,0.006243580374007172,0.002888274930906638,0.8333418151371125,0.047332414421022005,-0.019649506504972998,0.006664963813134355,0.003123112642360026,0.8739759476956636,middle,null_a,12,0,2,4225
6,51,13,0.09452135070335613,0.28329370678493615,0.006237625225444729,0.0028959222778905426,0.8325469708306154,0.09204719331301608,0.020658043476716657,0.006585281429781808,0.0030806348809453363,0.8635272058183326,middle,null_a,12,0,2,4226
7,51,13,0.12423723959006727,0.29954488687295217,0.006219621232741308,0.0028993023540268624,0.8301439457936276,0.07532973355758166,-0.00873638222352117,0.0066200513753220894,0.0030931400790293285,0.8680865848272642,middle,null_a,12,0,2,4227
8,51,13,0.10799010727603718,0.30351184483821164,0.006215594331399597,0.002896155749582533,0.8296064680849318,0.06278531594987291,-0.036511486243190394,0.00664888011375724,0.0030951555063911313,0.8718668940234041,middle,null_a,12,0,2,4228
9,51,13,0.12223766221809221,0.298575076005185,0.006225705703777937,0.002901379578870829,0.8309560510015499,0.08430809696632481,-0.01380472115587955,0.006604562148175394,0.0030626422138452726,0.8660554842310497,middle,null_a,12,0,2,4229
1,51,13,0.04462942060925963,0.11652695039865901,0.006203088586241747,0.0028715204353371316,0.8840750559898639,-0.09854702259765549,-0.14290688239716942,0.006662567044281989,0.0032012557139428186,0.9474515925418674,middle,null_a,12,0,3,4231
2,51,13,0.0792887479982403,0.19033098891827321,0.005963727023660132,0.0027674965046922636,0.8499608266186255,0.09971041616611237,-0.16797680540623736,0.006441981874995595,0.002918859947126574,0.9160832372904368,middle,null_a,12,0,3,4232
3,51,13,0.05764693200218132,0.2027390469650334,0.005926310314793184,0.002732655908853208,0.8446281316995375,0.04702892044664196,-0.15651975560921652,0.006320738939704738,0.0028156478150597746,0.8988418630029752,middle,null_a,12,0,3,4233
4,51,13,0.06981626386614384,0.22441226208492526,0.005889904739142683,0.0027010348802669324,0.8394395452584305,0.12859292606128048,-0.05980559849592085,0.0061509564229896225,0.0027629961475645276,0.8746979084613759,middle,null_a,12,0,3,4234
5,51,13,0.07627488807192516,0.2302265847706267,0.00588221758425398,0.0027040281831100478,0.8383439584722435,0.030994322133562638,-0.13921291131108993,0.006257675131124486,0.002886646656668611,0.8898738623098499,middle,null_a,12,0,3,4235
6,51,13,0.09457220276987705,0.2456491764899699,0.005862742458797541,0.0026892241648756913,0.8355683294627694,0.05206186218844447,-0.12145056032100252,0.006211678587826576,0.002842757579327962,0.8833329152680593,middle,null_a,12,0,3,4236
7,51,13,0.10555340801079396,0.24924453684007597,0.005859406115053769,0.0026914402369783556,0.8350928279055905,-0.03456037633252823,-0.149697189200687,0.006222490537906414,0.002852376865763672,0.8848704306511755,middle,null_a,12,0,3,4237
8,51,13,0.0950755352890283,0.2455663142739598,0.005864573205665823,0.002695499919657214,0.8358292507147517,0.011064884482606003,-0.0943444099840954,0.00616041104258629,0.0028553366469113274,0.8760424044092894,middle,null_a,12,0,3,4238
9,51,13,0.10578749221983968,0.25828617646374086,0.00584855201427773,0.002685861615099847,0.8335458824415873,-0.04366519556392974,-0.16724961261331867,0.006237733729154569,0.002852498568659619,0.8870380915133471,middle,null_a,12,0,3,4239
1,52,12,0.09820535868625757,0.1703102006653185,0.005900492971560209,0.002825660954271466,0.8625988223781396,0.09733848241310929,0.04771451905323109,0.0025524098706112127,0.0019240406076674228,0.8849791893883628,middle,null_a,12,0,4,4241
2,52,12,0.07712157056426719,0.18827971177701008,0.005765768933970132,0.002671946512679548,0.8429033839238675,-0.00778624360713913,-0.012394033060703594,0.0024244616372050463,0.0018791927504612956,0.8406165949683894,middle,null_a,12,0,4,4242
3,52,12,0.07752226200765526,0.22676949253689674,0.005684529757769152,0.0026067285574089124,0.8310269495208948,0.020645026615175872,0.04025555242840578,0.0024353824227241537,0.0018330665360889594,0.8444030824081473,middle,null_a,12,0,4,4243
4,52,12,0.1117651561921225,0.2479257795844717,0.005650106417315105,0.0025825243831032584,0.8259945678061631,0.009581463312806598,0.023112040620787564,0.002407158569000532,0.0018362978709179807,0.8346172233745569,middle,null_a,12,0,4,4244
5,52,12,0.11354828991233487,0.2569279829365674,0.005638665088677884,0.0025671058246621485,0.8243219488137371,-0.03400480116898028,0.023564954489936885,0.0023815658835738144,0.0018331881519848328,0.8257436508876332,middle,null_a,12,0,4,4245
6,52,12,0.12065815532781825,0.2663893936530941,0.005627284462056384,0.002552617229267681,0.8226582039081932,-0.01976829141008246,0.006352467013593828,0.002394835087655676,0.0018540388930327729,0.8303443890399985,middle,null_a,12,0,4,4246
7,52,12,0.11320676626744042,0.265506285085237,0.005629174992724836,0.0025608210356592312,0.8229345824304857,-0.023149984344014198,0.041441604404444624,0.0022903479177790505,0.0017931303378174997,0.7941162847830764,middle,null_a,12,0,4,4247
8,52,12,0.12134046178540561,0.2660430485623016,0.005629454081376848,0.0025482675614319264,0.8229753826727239,-0.02202275336603695,0.014514990200107457,0.0023527549436882854,0.0018351932572327103,0.8157542355829092,middle,null_a,12,0,4,4248
9,52,12,0.12234142486726758,0.2705020065203388,0.005623751609501077,0.0025538301618526784,0.8221417327474729,-0.01864106043210521,0.010455777296402721,0.0023663890101036887,0.0018294046205683241,0.8204814798955483,middle,null_a,12,0,4,4249
1,51,13,0.10003330295660089,0.1705609830356863,0.005932304622974933,0.0027909139203377833,0.8640400553904747,-0.009648579268832433,0.0043827413829344505,0.008897660120015503,0.004106474364741909,0.9107851607467189,middle,null_a,13,0,0,4201
2,51,13,0.09740332466281579,0.26328396111993824,0.005674589335899511,0.002654283550073103,0.8265038287346101,-0.05987683202873075,-0.1526233073553065,0.008985570706670694,0.0038913866101414085,0.9197838926288205,middle,null_a,13,0,0,4202
3,51,13,0.15105217249086844,0.27581035543116905,0.00565020836376086,0.002592802170597077,0.8229527406068078,-0.04470213330972825,-0.08202782123664874,0.008796934005607817,0.003951313394283182,0.9004746016711003,middle,null_a,13,0,0,4203
4,51,13,0.13815069439629166,0.28728592439390765,0.005634667195135566,0.002561022953352323,0.8206891696924238,-0.03286586830890628,-0.1857998259452209,0.008927140858847292,0.003831211703478468,0.9138028776625902,middle,null_a,13,0,0,4204
5,51,13,0.1459521837400867,0.29676708899964066,0.005625048142190131,0.0025764194858340565,0.8192881548140594,-0.07811176165606544,-0.10726878066414784,0.008801541734930215,0.0038627088097224717,0.9009462595491234,middle,null_a,13,0,0,4205
6,51,13,0.14948724646641956,0.3114683023321094,0.0056086536565077135,0.0025657262598231504,0.8169002982865518,-0.039795647390584096,-0.11873558469505818,0.008809789275928872,0.0038722477759396056,0.9017904970062643,middle,null_a,13,0,0,4206
7,51,13,0.14926712084081564,0.316248031015396,0.005604404400849964,0.002557288128151966,0.8162813942809026,-0.059674502712477394,-0.10393474912364722,0.008785969001657267,0.003844469406138513,0.8993521983930491,middle,null_a,13,0,0,4207
8,51,13,0.15685527855979697,0.3105949511855889,0.005613999586134197,0.0025482573123195434,0.8176789328348673,-0.04563790639740006,-0.12236183529393832,0.008786727524682795,0.0038097149520828935,0.8994298425721273,middle,null_a,13,0,0,4208
9,51,13,0.1565817479704055,0.31765860740421825,0.005604728066849582,0.0025492466672651388,0.8163285362275847,-0.05466685213520656,-0.14683644769488796,0.008828681085344375,0.0038567778745804606,0.9037243065071003,middle,null_a,13,0,0,4209
1,51,13,0.03402752649125022,0.20041612371202025,0.006382351122375379,0.003154831920502433,0.8575029654351994,-0.05977566737060408,-0.10863747358106636,0.005068320728375203,0.0029349449603528494,1.0209438245425242,middle,null_a,13,0,1,4211
2,51,13,0.059633168427150114,0.19714268221539194,0.006304377612472809,0.003026140885669378,0.8470268078743225,0.12252304657367948,0.022421386889612767,0.004593623477582023,0.002607243359665512,0.9253225620578243,middle,null_a,13,0,1,4212
3,51,13,0.07194760367768732,0.2128593287539707,0.006259761301088077,0.0029540806948121605,0.8410323681160553,0.06569379987101506,0.042188776295382355,0.004421539428780464,0.0025154852164083127,0.8906585862871851,middle,null_a,13,0,1,4213
4,51,13,0.07408841391457478,0.23962697895935023,0.006211577263118048,0.00295251675385442,0.8345585852335862,0.04523324776489333,-0.03867111207361108,0.004585754837089141,0.0025774886128146985,0.9237375321535843,middle,null_a,13,0,1,4214
5,51,13,0.08154999734004574,0.2367807869236881,0.006216795735650304,0.002949503065104044,0.8352597148934326,0.08319528572693129,0.021618882498307134,0.004487190310343403,0.002544017079412594,0.9038830576060991,middle,null_a,13,0,1,4215
6,51,13,0.07326428103083685,0.24611736306526602,0.006203431197483219,0.002939305702270315,0.8334641178022961,0.05603257501991679,-0.044232990947881815,0.004487664067616164,0.0024666455204943967,0.9039784895228777,middle,null_a,13,0,1,4216
7,51,13,0.0810008361973821,0.2533821407169664,0.006193741674317897,0.0029422214029529155,0.832162278607209,0.04553674173927338,0.0017163646233828806,0.004451145504240081,0.0025302809587738726,0.8966223248762238,middle,null_a,13,0,1,4217
8,51,13,0.08146916931852301,0.25210090224993054,0.006196807910160726,0.0029413815724393592,0.8325742437713838,0.048925757786517275,-0.02300858771204375,0.004451943947443396,0.002415053872198344,0.896783160328706,middle,null_a,13,0,1,4218
9,51,13,0.07380817167591774,0.2541592499665878,0.006193829887470939,0.0029414432160615976,0.8321741305155222,0.04844522566041553,-0.023938689538979485,0.004465681302188452,0.0024296193222019835,0.8995503623753315,middle,null_a,13,0,1,4219
1,51,13,0.0015587084843317162,0.12531132281966073,0.006025694497256892,0.0028121578443237524,0.8765845088276397,-0.17325712262421122,0.1345198041675966,0.00818340479707905,0.0038095479545868505,0.8894930413468407,middle,null_a,13,0,2,4221
2,51,13,0.07128158572143146,0.14221558816779414,0.005890093846433666,0.0027132028684931204,0.8568580806204519,-0.22525575690132651,0.023040300859611052,0.00817626976496729,0.0038259704557513353,0.8887175008999767,middle,null_a,13,0,2,4222
3,51,13,0.057072159535326565,0.14839156129540057,0.005851910737256856,0.00267542961203348,0.8513034143461322,-0.03989681204871078,0.027491036496666225,0.008096012117311015,0.003578496000947828,0.8799939169058664,middle,null_a,13,0,2,4223
4,51,13,0.07951397941837753,0.17027288384804315,0.005812571304986718,0.0026428898823345286,0.8455805326219135,-0.02932510527447236,0.024428866963355132,0.008103906029943753,0.0035762418783660257,0.8808519436722225,middle,null_a,13,0,2,4224
5,51,13,0.08285135730959545,0.1877884062881024,0.005785276498350838,0.002639164483184441,0.8416098360193308,-0.256717965578725,-0.07804075619371087,0.008193675360417223,0.0036799119924904164,0.8906093975392262,middle,null_a,13,0,2,4225
6,51,13,0.08856803545331961,0.20962974235953397,0.005756202125144995,0.0026249359361869835,0.8373802579735607,-0.161977263243086,0.004152255145823569,0.008110017190148722,0.0035863057840622016,0.8815161946303096,middle,null_a,13,0,2,4226
7,51,13,0.07104523684545566,0.20104952975686954,0.005767341973401527,0.002624965633800704,0.8390008211164173,-0.17578623907737828,0.013022951778046627,0.008077454248638184,0.00357695028823543,0.8779767742304113,middle,null_a,13,0,2,4227
8,51,13,0.08184909807786599,0.2019688903771467,0.005766363245507714,0.0026240445412750208,0.8388584412280133,-0.17371236358578132,0.010192658897100457,0.008081557128288473,0.003573090719230162,0.8784227356595367,middle,null_a,13,0,2,4228
9,51,13,0.0825112866882219,0.21039110339326864,0.005756017160193106,0.0026171699122662035,0.8373533503014948,-0.1402774440749124,0.01092197930403718,0.008070781153986033,0.0035611051526126423,0.8772514439547471,middle,null_a,13,0,2,4229
1,51,13,0.05185840215313002,0.09039786837271242,0.005659800408025023,0.0026837639731168783,0.8845375206811158,-0.04702892044664196,-0.1448721654755079,0.002459173203460793,0.00194282905427706,0.8008180244624082,middle,null_a,13,0,3,4231
2,51,13,0.047494759560723784,0.131081222753685,0.005479704738906895,0.002562932372672763,0.8563914085989154,-0.11784418113532037,-0.12746218471923088,0.002152338520359513,0.0017205728661774285,0.7008987733856983,middle,null_a,13,0,3,4232
3,51,13,0.08716237727769904,0.17623624183908126,0.005381406250799695,0.002484508967491187,0.841028905561925,-0.07755535603636869,-0.13906854877296979,0.0021735468792908985,0.0016796792315950204,0.7078051743165559,middle,null_a,13,0,3,4233
4,51,13,0.07874444559553576,0.18224282412847842,0.005367646490022533,0.0024917338177863468,0.838878472012053,-0.1194628156653473,-0.14195295899349603,0.002149457769700672,0.0016677769510027802,0.6999606706736424,middle,null_a,13,0,3,4234
5,51,13,0.10583603844366817,0.19177896170959735,0.005351174842763161,0.002470148082445561,0.8363042133848971,-0.05952275572528737,-0.12775604096578233,0.0020919800088097253,0.0016010935547297635,0.6812433119847815,middle,null_a,13,0,3,4235
6,51,13,0.08234053080169373,0.19264778777954544,0.005349059069929496,0.002484827225552764,0.8359735514672152,-0.0649603560995966,-0.09283729926427246,0.001991317902267077,0.001541365220225708,0.6484631771060089,middle,null_a,13,0,3,4236
7,51,13,0.07521337691815229,0.19695941667756714,0.005343176462520204,0.002483257284108381,0.8350541927270063,-0.0686022837921572,-0.12011105950343304,0.0020106810716681404,0.00153641512967758,0.6547687008671121,middle,null_a,13,0,3,4237
8,51,13,0.08114754543868903,0.1993802595720478,0.0053402770309574675,0.0024838135551648256,0.8346010573121512,-0.028187002870547172,-0.06722827526742185,0.0019326118370272423,0.0015105141329120578,0.6293458269644392,middle,null_a,13,0,3,4238
9,51,13,0.08137640032591438,0.2015743258869878,0.005337695139212891,0.002488616767519233,0.8341975483616983,-0.026795988821305274,-0.06980098769596557,0.0019705117997666456,0.0015206029415169304,0.6416877690632938,middle,null_a,13,0,3,4239
1,52,12,0.09361773058402273,0.17149338762774746,0.005480724630148275,0.0026873760329816686,0.8528053017247257,-0.06147583759524059,-0.1722234614791208,0.00771101129633018,0.0031405249836051197,0.9656777418335696,middle,null_a,13,0,4,4241
2,52,12,0.08978293616495864,0.17818660624271576,0.005378288380094477,0.0025513542216689896,0.8368661361891796,0.05224924329401942,0.012377450436118306,0.00725484930204483,0.0030076866893095204,0.9085509308844767,middle,null_a,13,0,4,4242
3,52,12,0.06563052228670206,0.19475837377012994,0.005328304761523154,0.0025182616353089313,0.8290886436505959,0.01425738440663814,0.06935069346679368,0.00713920565412214,0.0028681726997300196,0.8940684599747883,middle,null_a,13,0,4,4243
4,52,12,0.09974258550438327,0.2228408387795956,0.005284925864891955,0.002481296663769887,0.8223388513281424,0.1276902202275337,0.09122190300143809,0.007099719048732042,0.0027780744009043476,0.8891234100377029,middle,null_a,13,0,4,4244
5,52,12,0.13818451660698852,0.24051291737441022,0.005262495141007361,0.0024453080466782873,0.8188486120730848,0.15524475524475528,0.1252712783536186,0.007043498013299852,0.002751842413572349,0.8820826471009995,middle,null_a,13,0,4,4245
6,52,12,0.11657137918261515,0.23913531836469873,0.0052651331834359496,0.0024645335547800215,0.8192590936646794,0.15353303413004907,0.1348032503625559,0.0070259148747616705,0.0027900038607949693,0.8798806472769325,middle,null_a,13,0,4,4246
7,52,12,0.12513001605136437,0.25188561240019347,0.005251162276207189,0.0024554268198122477,0.8170852089033375,0.238492850433149,0.16848926271873532,0.006988400475783815,0.002751354298372673,0.8751825838584,middle,null_a,13,0,4,4247
8,52,12,0.13588023212742315,0.2547143708181281,0.005247770825358211,0.0024589114858691316,0.8165574963361637,0.17774762550881956,0.1568500396923378,0.0070004461854174,0.0027723098829506355,0.8766911114990324,middle,null_a,13,0,4,4248
9,52,12,0.13735271021113718,0.25965855389711173,0.005243416269901816,0.002455160958904824,0.8158799238926514,0.19106565076714335,0.1738771814776915,0.006985886929704981,0.002711748798320482,0.8748678034219405,middle,null_a,13,0,4,4249
1,51,13,0.11455200029383023,0.1891778564801022,0.006424216817877579,0.0030978162193157654,0.86006290471833,-0.12353469315494629,-0.16561656664466037,0.006381985912774309,0.0033174627369404472,0.9866167217153482,middle,null_a,14,0,0,4201
2,51,13,0.1122235521078449,0.17147594205371275,0.0063788474792972946,0.0029858219521280466,0.8539889370689319,-0.18676260448412346,-0.06256660413221134,0.005913401846578561,0.0029925332850405024,0.9141764372088089,middle,null_a,14,0,0,4202
3,51,13,0.12556585791430266,0.24215788987220688,0.006245052738705385,0.0029045354641139883,0.8360767313492733,-0.103579964339458,-0.04993832604424717,0.005820069555778836,0.002878116115292668,0.8997478251689903,middle,null_a,14,0,0,4203
4,51,13,0.12079276354093767,0.24821116040124183,0.00624072332931406,0.002899441927411937,0.8354971175967523,0.013467545113114732,0.014881692923935198,0.005656481732905729,0.0025856251914872772,0.8744581294972155,middle,null_a,14,0,0,4204
5,51,13,0.13663130876501864,0.26084956524372155,0.006228912757981536,0.002879684788435583,0.8339159389761357,-0.047787655382592095,-0.0550389653502462,0.00573989903282103,0.002745075458485501,0.8873539434494284,middle,null_a,14,0,0,4205
6,51,13,0.14873912404000766,0.2682123318627209,0.006223135997255323,0.002888408656232568,0.8331425563598729,-0.10803120929703208,-0.0705322260643664,0.005762907835367758,0.002814848824407104,0.8909109662397497,middle,null_a,14,0,0,4206
7,51,13,0.1419669052280536,0.27392890006266657,0.006218667951027734,0.002886054969000464,0.8325443821503379,-0.019107474803677336,-0.07549732940272928,0.005748567568563805,0.002758453818977439,0.8886940470525231,middle,null_a,14,0,0,4207
8,51,13,0.1547105978012472,0.2905213112334301,0.006201686193073555,0.002875127581787151,0.8302708941147768,-0.08901225356921559,-0.14200593729713576,0.005808348286643734,0.0028475419267894706,0.8979357873039004,middle,null_a,14,0,0,4208
9,51,13,0.15215955344391602,0.28519106416003615,0.006209455667492828,0.0028835957975035216,0.8313110577528688,-0.048925757786517275,-0.11482465955787406,0.005774697180579081,0.0028185361196009016,0.8927335282576766,middle,null_a,14,0,0,4209
1,51,13,0.06914868123091812,0.1408070745083191,0.006070694724836784,0.002893990940926944,0.8716917266070343,0.15181021510135434,0.061696901354015996,0.007814916302038056,0.003415267602241806,0.8945882789067969,middle,null_a,14,0,1,4211
2,51,13,0.07366068009512589,0.17433135549364293,0.00590485472458336,0.002774268247024276,0.8478787426383328,0.04781294654712376,-0.016773205446032634,0.007797020159342906,0.0034177356870929796,0.8925396735380421,middle,null_a,14,0,1,4212
3,51,13,0.0965680331474769,0.18521773199212327,0.0058662158477927285,0.002742763687935017,0.8423305820487411,0.028009964718825477,-0.044579449890324675,0.007804819209788888,0.003190516719563383,0.8934324456223393,middle,null_a,14,0,1,4213
4,51,13,0.12200501916072923,0.20558105706026925,0.0058332575800059,0.002673524168412823,0.8375981007339522,0.14991337776147903,0.11548810355553323,0.007509582020932349,0.0031867498382871437,0.859636085118827,middle,null_a,14,0,1,4214
5,51,13,0.1403199982607358,0.22524601864581334,0.00580712798494794,0.0026837184178273234,0.8338461492911579,-0.03597668154630179,0.039453254265323034,0.007604188548445842,0.003302042959621904,0.8704658736092775,middle,null_a,14,0,1,4215
6,51,13,0.13475427046184216,0.22638490109065154,0.005806738940228693,0.0026726168542280247,0.8337902863169153,0.10846115909407048,0.029876684478475024,0.0076014708053863626,0.00320544039181156,0.8701547684109457,middle,null_a,14,0,1,4216
7,51,13,0.15370191515058879,0.2323294438542098,0.005800732559371363,0.002669379185686356,0.8329278294256529,0.05653839831055021,0.03918962872411395,0.007577154640330703,0.0032420229713634274,0.8673712509161925,middle,null_a,14,0,1,4217
8,51,13,0.14458617782362376,0.2285282844038829,0.005806444970256448,0.002668025525120028,0.8337480751361046,0.03405455304189481,0.04286694955767698,0.007570395269996603,0.003258343111314829,0.866597492984569,middle,null_a,14,0,1,4218
9,51,13,0.1564911612932022,0.230030109978191,0.005804079421575413,0.0026694851725261423,0.8334084057395019,0.06614904083258513,0.11362960947038107,0.007492139279879634,0.003248592779568278,0.8576393814953097,middle,null_a,14,0,1,4219
1,51,13,0.0350637557269309,0.08159233470111915,0.005067771405507814,0.0024081038055859304,0.87101483189449,-0.12973102846520565,0.07560555127511155,0.005523264396708385,0.0025801912238365876,0.8781696398043584,middle,null_a,14,0,2,4221
2,51,13,0.043568732970734075,0.12900636527821538,0.004882668875375179,0.0023131251800891906,0.839200640553599,0.2224737288028427,0.21694651151128644,0.0052512659189609566,0.0020341402644122857,0.8349233296380113,middle,null_a,14,0,2,4222
3,51,13,0.05821453988638453,0.13814928624118866,0.004844422926892414,0.002264563259758752,0.83262718138925,0.1652904057967349,0.16882334822876574,0.005275557999823753,0.0020812897139726606,0.8387856411931295,middle,null_a,14,0,2,4223
4,51,13,0.04887719460637041,0.14116437457270847,0.004830549186770084,0.0022364732072412486,0.8302426552428523,0.1967273233096018,0.22691911268230736,0.005199062406220265,0.0020890290107760737,0.8266232489814821,middle,null_a,14,0,2,4224
5,51,13,0.053059005032172264,0.16174729581297476,0.004801807374560789,0.002237541784644753,0.8253027037875414,0.20320186142970953,0.19836278549103958,0.0052307669340615655,0.0020658043705828427,0.8316641001511553,middle,null_a,14,0,2,4225
6,51,13,0.06297511682799055,0.16852138442258552,0.004791875810662249,0.0022267518679906883,0.8235957326621007,0.09619494429621012,0.1686202629289438,0.005258123285304053,0.0021047616988945357,0.8360136143861236,middle,null_a,14,0,2,4226
7,51,13,0.06248413703754882,0.17260195841042256,0.004786481616045426,0.0022269059852085566,0.8226686143804292,0.11827413093235878,0.13353747978449984,0.005283768381938841,0.0021155916235106502,0.8400910482471463,middle,null_a,14,0,2,4227
8,51,13,0.07954354361575568,0.1743090423546399,0.0047845303638042016,0.0022203134580414978,0.8223332461274281,0.13269009471541116,0.15457752498739635,0.005264203219686811,0.002113229004013237,0.8369802915906627,middle,null_a,14,0,2,4228
9,51,13,0.06460724169661927,0.16968534810206554,0.004788331893934246,0.0022115785835153177,0.8229866278335493,0.15299889983434287,0.22838071440139138,0.005205284344208813,0.0020283508965486005,0.8276125040034841,middle,null_a,14,0,2,4229
1,51,13,0.062458649240644815,0.11334338139669989,0.0062082005624799165,0.0029487351071488172,0.8812646516101417,0.07904753474373727,0.16295896173249336,0.004451178423281057,0.002568895409802218,0.8709341177888424,middle,null_a,14,0,3,4231
2,51,13,0.11281590662522957,0.15527684546499426,0.006021962046770273,0.0027869523009088405,0.8548277768649598,-0.1043639904399398,0.10675154341280191,0.004443286833570547,0.0023678113416604326,0.8693900200086847,middle,null_a,14,0,3,4232
3,51,13,0.08789909401793582,0.16233813991960228,0.005983679882063817,0.002766938961442396,0.8493935583336177,-0.12406580761011139,-0.022894017396903624,0.004540262084410131,0.002372158449190249,0.8883645580985482,middle,null_a,14,0,3,4233
4,51,13,0.09343603995893622,0.16999696075223236,0.005965352695503074,0.0027457446802402275,0.8467919829629605,-0.0021118122383945166,0.05797654329511139,0.004386339044041652,0.0021585961778102106,0.8582474038030613,middle,null_a,14,0,3,4234
5,51,13,0.07454945892577705,0.1752861850653764,0.005955863362488698,0.002737907340287449,0.8454449559671726,0.01518734430126835,0.09779487469187274,0.004314122179498587,0.0021207615417178174,0.8441171836165767,middle,null_a,14,0,3,4235
6,51,13,0.09588529783170081,0.18220729670208594,0.005945445498881815,0.002728933622816781,0.8439661224711145,-0.14424815690638473,0.04264323466199836,0.004354723811366029,0.0022424734024670237,0.8520614498464602,middle,null_a,14,0,3,4236
7,51,13,0.0774326269823453,0.18564014027383768,0.005940812628164799,0.002734082265784041,0.8433084785761894,-0.11483453255605153,0.05463880730192236,0.004375001439634459,0.0022547851746066053,0.8560290459766098,middle,null_a,14,0,3,4237
8,51,13,0.10058526405110536,0.19146141258711769,0.005933827955565584,0.002724232840249727,0.8423169923954821,-0.17409173105375633,0.01671043520497377,0.0043941508636642914,0.002266185108533911,0.8597758934712768,middle,null_a,14,0,3,4238
9,51,13,0.09867384398635401,0.1944142098587739,0.0059304236581433495,0.0027255858110183545,0.8418337465738323,-0.09485451257603156,0.031754983039349205,0.004372655324802799,0.0022357261201096,0.8555699964268421,middle,null_a,14,0,3,4239
1,52,12,0.042911470551919996,0.17111092854765786,0.006751826579610968,0.003351381346129837,0.866481405059946,0.13950527084855446,0.15147768631224826,0.00437418286154807,0.0028051963203888906,0.9188065951030143,middle,null_a,14,0,4,4241
2,52,12,0.12312952216323003,0.23238775070041098,0.006556753114602206,0.0031691422030058285,0.8414470638994175,-0.062352572800334,0.04421690039714516,0.004390048769819549,0.0029083416850196335,0.9221392635392797,middle,null_a,14,0,4,4242
3,52,12,0.10093670823558464,0.22998649271985108,0.006555399509651294,0.003136633596552726,0.8412733518666908,0.05166475315729048,0.09817151610166236,0.004325569154458926,0.0027745659310457185,0.9085951805143467,middle,null_a,14,0,4,4243
4,52,12,0.1429954809235708,0.2653289281256307,0.006504910701670506,0.0031085545531126238,0.8347939773206823,-0.11975785408621231,0.08627354261397115,0.004198854180489245,0.002698536115839052,0.8819784254616224,middle,null_a,14,0,4,4244
5,52,12,0.1324238547968885,0.2574764201885152,0.006522128362293617,0.0030873572273116007,0.8370035694351494,-0.0011063563302369274,0.1362649913499619,0.004103352232631745,0.002568722477851774,0.8619180342264922,middle,null_a,14,0,4,4245
6,52,12,0.14239264106679836,0.2809866693119425,0.006494555442323478,0.0030881913888277453,0.8334650569814265,-0.04373238701596911,0.09928697005401585,0.004123981945129652,0.002541424062739076,0.8662513500704139,middle,null_a,14,0,4,4246
7,52,12,0.15172124953697988,0.2855109561553817,0.006492029114249862,0.003082182226151992,0.8331408460033958,-0.018933305500469684,0.15577685127940324,0.004076318092796087,0.0025736457673302396,0.8562394545328329,middle,null_a,14,0,4,4247
8,52,12,0.14464185701938512,0.2942884692369331,0.006484217120266563,0.0030811770371384885,0.8321383102535278,-0.005406533764742721,0.11013593122485553,0.004152342847087943,0.002624218814554148,0.8722086190249003,middle,null_a,14,0,4,4248
9,52,12,0.14757856525496976,0.29744799883391543,0.006483429700397729,0.003086383719462824,0.8320372583875958,-0.014424381588560695,0.081512416891426,0.00419698653437459,0.0026707945395815502,0.8815861223454112,middle,null_a,14,0,4,4249
1,51,13,0.04624491046989285,0.16135481619369937,0.005851096613830224,0.0027289166161819484,0.8661430255484112,0.05208715335297613,0.0011602395499660527,0.004481335382352248,0.0021251648171293665,0.8841870856887346,middle,null_a,15,0,0,4201
2,51,13,0.006649597391630746,0.1700310939032182,0.005756513010329036,0.002693592033553748,0.8521417307637464,-0.007726450764425448,-0.024923384216392046,0.0043689188067576705,0.0020335625793807145,0.862006803277936,middle,null_a,15,0,0,4202
3,51,13,0.03754957767667572,0.19189968214046244,0.005702655304797196,0.002627729439844576,0.8441691268063652,-0.026795988821305274,-0.12395111734598323,0.004548090441960331,0.0021784027148873644,0.8973581511354958,middle,null_a,15,0,0,4203
4,51,13,0.04022085526011305,0.21958703681904118,0.005659611277573115,0.0026162138785788417,0.8377972812477856,-0.008485185700375573,-0.0554931828662503,0.004401866930788851,0.0020384355994818313,0.8685076123628274,middle,null_a,15,0,0,4204
5,51,13,0.057869939931150825,0.24644858058902086,0.005625215982307518,0.0025978559483064456,0.8327057151581815,-0.0023900150482428963,-0.016928993458640056,0.004344242071291726,0.002109807642053398,0.8571379753607332,middle,null_a,15,0,0,4205
6,51,13,0.05551559219063784,0.22554963959406157,0.005653106157436453,0.0025786857359510456,0.8368343225395999,0.03870812731572225,-0.04403923557558688,0.004341930107192019,0.002040781094067632,0.8566818147244222,middle,null_a,15,0,0,4206
7,51,13,0.06361634697530259,0.24923659187169514,0.005625512216123258,0.0025786926156853634,0.8327495669128815,0.053275838085964665,-0.007318334908503253,0.004303280826445223,0.002049579231157678,0.849056142465646,middle,null_a,15,0,0,4207
8,51,13,0.07152892852595875,0.25258424782403677,0.005622557725506158,0.0025851116526767683,0.8323122110442394,0.04518266543582999,-0.024091259327013052,0.004322405935153253,0.0020107400421676574,0.8528296101241093,middle,null_a,15,0,0,4208
9,51,13,0.07360389871882438,0.24482740331889974,0.00563291028492901,0.0025757865957059594,0.8338447096051902,0.08382756484022306,-0.0175613649932681,0.004304191560559117,0.0019853955006417985,0.8492358342925896,middle,null_a,15,0,0,4209
1,51,13,0.06018142370304171,0.1386518775380276,0.006411062379256742,0.0031708030553009876,0.871801289808816,-0.17429406037000972,-0.05977627310635346,0.0060787889457184175,0.0033687874846705587,0.9776621441154362,middle,null_a,15,0,1,4211
2,51,13,0.0917615452308338,0.19739685073774155,0.006197114583255214,0.0029576347725330182,0.8427078333000511,-0.04050379999747088,-0.05258681569624429,0.00595453470988867,0.003011438496904007,0.9576781203729603,middle,null_a,15,0,1,4212
3,51,13,0.08520105218896117,0.21068629788971924,0.006158392217132877,0.0029251157515149087,0.8374422147905308,-0.11291240405164454,0.037368545171374196,0.005644581557388193,0.003019208170291762,0.9078278185521688,middle,null_a,15,0,1,4213
4,51,13,0.12462260355004247,0.229748035201165,0.006127368153213373,0.002878034566195445,0.8332234414671505,-0.0646062797961532,-0.06771969204185184,0.0057607389661788865,0.0029738642980549654,0.9265096155922173,middle,null_a,15,0,1,4214
5,51,13,0.12497354457268038,0.24274899199721933,0.006111453341348221,0.002891259380815777,0.8310592832215536,-0.10676665107044853,-0.1172168133806884,0.00581707841819939,0.003036109411060092,0.935570787143411,middle,null_a,15,0,1,4215
6,51,13,0.12978946173890513,0.25192882873834893,0.006102358433621005,0.0028812001599119053,0.8298225221641456,-0.1149356972141782,-0.10049992535201449,0.0057811445183910395,0.00302634843036077,0.9297914758617114,middle,null_a,15,0,1,4216
7,51,13,0.1377919711545667,0.2558425441297894,0.006098146710896955,0.002881725881895269,0.8292497956664243,-0.16119323714260422,-0.03347694671175526,0.005684210955873375,0.003046810947941212,0.9142014832802915,middle,null_a,15,0,1,4217
8,51,13,0.1332325789878767,0.25067584725874525,0.006106357654252135,0.002873320853897365,0.8303663517977068,-0.12864350839034383,-0.08449806914527622,0.0057379424600246375,0.003008918040875969,0.9228432140632086,middle,null_a,15,0,1,4218
9,51,13,0.14537975829168676,0.2515414740610158,0.006105767018174409,0.0028687340513938358,0.8302860347981351,-0.1373436689892386,-0.023542761565994916,0.0056609347674317,0.003001931419728964,0.9104579336190137,middle,null_a,15,0,1,4219
1,51,13,0.10678398684483803,0.17855053823919795,0.00680118708708281,0.003315610350031783,0.8641678136247674,0.09358995434944802,-0.08323235398712948,0.005115437918035103,0.003047421870630688,1.021872743199031,middle,null_a,15,0,2,4221
2,51,13,0.01424751376629263,0.18560555074851612,0.006710649728854468,0.0033081578039875575,0.8526640173154223,-0.18602916071270503,-0.2091479661918402,0.004827204907468922,0.0027539126626486294,0.9642945921380338,middle,null_a,15,0,2,4222
3,51,13,0.02535545800376939,0.20706396138779462,0.006661873410925078,0.0032633836866270203,0.8464664339403432,-0.14586679143641168,-0.19995979787996707,0.00474643434041187,0.0027408045862360527,0.9481596605347519,middle,null_a,15,0,2,4223
4,51,13,0.04445895295306803,0.22444977983137515,0.006636496392502288,0.0032254518884414747,0.8432419964640696,0.01832344870319554,-0.09377272384013612,0.0045622429251635606,0.0026054435317290825,0.9113651202061696,middle,null_a,15,0,2,4224
5,51,13,0.06678848653214929,0.2331133020356359,0.006627708124944297,0.0032095792223869085,0.8421253475814704,0.05433806699629484,-0.13173768692784393,0.004580548075362963,0.0026797485125797933,0.9150218030451861,middle,null_a,15,0,2,4225
6,51,13,0.08674370212597048,0.2508750053851954,0.006607433386231252,0.003185831459619735,0.8395492125037071,-0.04035205301028085,-0.14008892381797397,0.00458641616106668,0.002720806813620589,0.916194026602869,middle,null_a,15,0,2,4226
7,51,13,0.07209501290695446,0.2486141321530772,0.006612041841042683,0.0031834218707125096,0.8401347688584421,0.08018563714766247,-0.12153802715326753,0.004534074560602814,0.002583701509813656,0.9057381368615693,middle,null_a,15,0,2,4227
8,51,13,0.07885092611701196,0.25351549434709153,0.006608504387532992,0.003191148958657252,0.8396852953435794,0.06703423159119361,-0.1733654737037828,0.004558488443900098,0.0025866176157232582,0.9106151155869253,middle,null_a,15,0,2,4228
9,51,13,0.07352710592201343,0.25084167597678675,0.006612368473557697,0.003180057183328834,0.8401762712171837,0.0424006373373462,-0.13630788541981126,0.004528879365046285,0.0025837052937757485,0.9047003315319243,middle,null_a,15,0,2,4229
1,51,13,0.13638758942757945,0.17692770888198522,0.005691761103685524,0.002773966036170956,0.8569381598829617,-0.03774706306351876,-0.020957343191680584,0.005882778366965397,0.002845852578812169,0.916813412091673,middle,null_a,15,0,3,4231
2,51,13,0.11046851758855628,0.19801877000955742,0.005551877909588514,0.0025849759651207435,0.8358776753045729,0.25287370856991104,0.09477772475964205,0.005586359430745817,0.0023458842463504803,0.8706174075217706,middle,null_a,15,0,3,4232
3,51,13,0.16355572801794865,0.2379910341487878,0.005468268305860215,0.0025219206099281887,0.823289610088505,0.22894826692295042,0.06704589917058545,0.005606011243684067,0.002458443522062978,0.8736800837862511,middle,null_a,15,0,3,4233
4,51,13,0.1660926079130262,0.24927521041310174,0.005450108429573021,0.0024992510920808187,0.8205555018422588,0.2633948330150862,0.10070823649578317,0.005542521090102114,0.0024769084796754035,0.8637853332604511,middle,null_a,15,0,3,4234
5,51,13,0.16024857313630675,0.2486870020313497,0.005451871312629745,0.002507130282980068,0.820820917367471,0.23840716245779534,0.07370588589366894,0.005545004631958958,0.002418244042440085,0.8641723858301404,middle,null_a,15,0,3,4235
6,51,13,0.16147433440615408,0.26186168473237625,0.005433711369762815,0.002503268025204548,0.8180867990971364,0.2289735580874821,0.04911606371499653,0.005604018918211556,0.0024872129209592875,0.8733695858207476,middle,null_a,15,0,3,4236
7,51,13,0.17715188239938742,0.26535912867003186,0.005430951229078012,0.002492013523741256,0.8176712388098429,0.26928767435096546,0.09717226102682484,0.005514786710537145,0.0024070299541034245,0.8594630131635407,middle,null_a,15,0,3,4237
8,51,13,0.168577523995999,0.265110791136212,0.005431031306775435,0.002486520893104186,0.8176832951195558,0.2328936885898911,0.08040913063757311,0.005553487975636924,0.0024595777747553707,0.8654944895672142,middle,null_a,15,0,3,4238
9,51,13,0.1711389446454462,0.2675019305569885,0.005429165569469338,0.002493874813702204,0.8174023941005589,0.21819952199699033,0.04264218493327245,0.005592116683415718,0.002440330859576207,0.8715146581294436,middle,null_a,15,0,3,4239
1,52,12,0.06313594270897642,0.16590616789330478,0.006276474080647924,0.003061502942457117,0.8638546502993446,-0.13015342866089138,-0.11880146588854454,0.005799693318280488,0.0030700018932694273,1.0142942370036174,middle,null_a,15,0,4,4241
2,52,12,0.09214056056303248,0.18998009607850203,0.006150911280537406,0.0028995898968871264,0.8465729715436695,0.08180774449431166,0.13966003361450166,0.0049640248404954615,0.0024543613362741426,0.868146212522516,middle,null_a,15,0,4,4242
3,52,12,0.1316051364365971,0.21197392930238024,0.006097343651771656,0.0028488879138963506,0.839200258039207,-0.19553282538357167,-0.03523227632506752,0.005209789969567713,0.0026530837389926744,0.9111274772884849,middle,null_a,15,0,4,4243
4,52,12,0.13538792443511546,0.21004720079688421,0.006097468299443543,0.0028187499772594424,0.8392174137654355,-0.2339004279302787,-0.06186530451165332,0.005224922664409509,0.002678492010054677,0.9137739974277461,middle,null_a,15,0,4,4244
5,52,12,0.09827153969625879,0.21680841544743845,0.006087832161994149,0.0028282392543349665,0.8378911560545579,-0.09942594718714123,0.049368669854578356,0.005034667838224484,0.0025279182530867153,0.8805007943165842,middle,null_a,15,0,4,4245
6,52,12,0.12202286702061983,0.2240182690672904,0.006079085078365264,0.002809867494605354,0.8366872621529378,-0.0738753783529903,0.025690160584189155,0.005036621902614139,0.0024779739817152187,0.8808425358777998,middle,null_a,15,0,4,4246
7,52,12,0.12150300037041611,0.23496263799896633,0.006066879699506293,0.0028201155843204603,0.8350073901180167,-0.08343596701805658,-0.030922254213939838,0.005104698196926541,0.002433680246788369,0.8927482331635492,middle,null_a,15,0,4,4247
8,52,12,0.1278541054451167,0.23564108523697191,0.006066127263910374,0.002811510923223939,0.8349038295870189,-0.10802630205615281,-0.08586665555312396,0.00518908846893492,0.0024681331566015156,0.9075070422694496,middle,null_a,15,0,4,4248
9,52,12,0.12464980861834794,0.23635148075582663,0.006066025608203513,0.002820210895407428,0.8348898383311046,-0.12055109070034445,-0.08131891459897357,0.005167655153170268,0.0024824058723162978,0.9037586218846264,middle,null_a,15,0,4,4249
1,51,13,0.1060294821752595,0.11956001124829518,0.005531246541442479,0.0025559940286970766,0.8704728971549385,0.02338168160952971,-0.10735544548655371,0.007733220114340678,0.0032261325559936284,0.9343975320379799,middle,null_a,16,0,0,4201
2,51,13,0.07812380332940626,0.17006576291990685,0.0053497122356885845,0.0025015720387701725,0.8419041664215235,-0.15259424120183612,-0.20221863810144902,0.007814669360115281,0.003445600389204927,0.944238965892554,middle,null_a,16,0,0,4202
3,51,13,0.08928210552425556,0.19143392562816658,0.005296209576375833,0.002443307642830886,0.8334842533859136,-0.050923759784519275,-0.221467655700794,0.00768659243795295,0.0032058908173410562,0.9287635548464394,middle,null_a,16,0,0,4203
4,51,13,0.11608670330870308,0.21124556973284833,0.005263837314263125,0.002408693282408548,0.8283897097640415,-0.006765386512221955,-0.22943468622166965,0.007626371892112241,0.0030847327706376177,0.9214871643416366,middle,null_a,16,0,0,4204
5,51,13,0.1318925961532285,0.22741680399339115,0.005242001011076852,0.0024003508604980295,0.8249532492925559,-0.09358995434944802,-0.28437512496598444,0.007686629594732488,0.0031824414722498645,0.928768044464294,middle,null_a,16,0,0,4205
6,51,13,0.14282266109728795,0.23401040962624153,0.005234565203519605,0.002392286020273344,0.8237830485252338,-0.11033270526941412,-0.2810769824042189,0.007633653972468123,0.0031787597206559865,0.9223670510915327,middle,null_a,16,0,0,4206
7,51,13,0.13947305400464755,0.23588174568358172,0.005233336783705139,0.002380983101279173,0.8235897275176075,-0.10082322740550588,-0.2395031686576326,0.007565831771774036,0.0031046277401404854,0.9141721599583527,middle,null_a,16,0,0,4207
8,51,13,0.13729465029672078,0.2379892952347739,0.005231901310129572,0.002383852852711701,0.8233638216873845,-0.06824820748871381,-0.23779518145861187,0.007573678993685142,0.0031500099346153942,0.9151203322176028,middle,null_a,16,0,0,4208
9,51,13,0.1422566178920546,0.24151474712436005,0.0052272854658616435,0.0023842811534957576,0.8226374090600291,-0.06888048660200558,-0.23879826003277044,0.00756128747216098,0.0031352052407529443,0.9136230766165497,middle,null_a,16,0,0,4209
1,51,13,0.01675194716062648,0.15670277273822497,0.006657026877810359,0.003273317861502685,0.8736036214995268,-0.0913390407061293,0.027374171146852602,0.007173465895506039,0.0035595723141520754,0.9210197377744919,middle,null_a,16,0,1,4211
2,51,13,0.029368488979636603,0.20997918808342034,0.00645633779735275,0.0030778304352783764,0.8472671336497368,-0.11984218313332236,-0.1162196822814579,0.007275475110437004,0.0037037715663241987,0.9341169632656116,middle,null_a,16,0,1,4212
3,51,13,0.039795180228782416,0.22581066990544846,0.0064164218093455926,0.003042271224875395,0.8420289466454125,-0.1799339900605723,-0.15260147726732645,0.0072249457059749824,0.0036511800442795284,0.927629363055974,middle,null_a,16,0,1,4213
4,51,13,0.055984337069402396,0.23792041275675924,0.00639766799653302,0.003018270307653435,0.839567878199888,-0.15535097813578827,-0.13381121069565616,0.007174969806112962,0.0036713390242660193,0.9212128287256445,middle,null_a,16,0,1,4214
5,51,13,0.05351543835798964,0.24090389120302488,0.006395648309547375,0.0030111020888456265,0.8393028340747342,-0.009041591320072333,-0.09319583510578724,0.007047484650724341,0.003427145854370106,0.9048446817104443,middle,null_a,16,0,1,4215
6,51,13,0.08369294871657618,0.25767401680375435,0.006376620692709896,0.0029789293920039974,0.8368058342454057,-0.05580495453913175,-0.0743676476205427,0.007000499548414639,0.00347574014132641,0.8988121435707287,middle,null_a,16,0,1,4216
7,51,13,0.07473717922639965,0.260060970944187,0.006375588579002086,0.002990653308194613,0.8366703896558776,-0.08339761504318466,-0.058845318903926254,0.00698546364961401,0.003495699912819199,0.8968816458486673,middle,null_a,16,0,1,4217
8,51,13,0.07979656867548937,0.2645553969203926,0.006370783157684309,0.00298677782878488,0.8360397727839473,-0.1338787794483997,-0.06938405207771567,0.00699085624188912,0.0035264467929257757,0.8975740146415904,middle,null_a,16,0,1,4218
9,51,13,0.0738649118764569,0.27035375046026333,0.0063644325700572555,0.0029810537906895594,0.8352063832766679,-0.1695140302735239,-0.07387035660351084,0.007004154057066833,0.003541652632580747,0.8992813553366404,middle,null_a,16,0,1,4219
1,51,13,0.0874971362257275,0.1558316308487832,0.006227981278964808,0.002973337536937624,0.8682688069788965,-0.11769243414813034,-0.1567898072163754,0.005211133463421066,0.0026747165295437905,0.989520127450785,middle,null_a,16,0,2,4221
2,51,13,0.10516849698420479,0.1748440097214471,0.006089395119878375,0.002802407420847195,0.8489479333885754,-0.05494505494505494,-0.1325102944066993,0.005031801037724657,0.0025059815177479886,0.9554674504320941,middle,null_a,16,0,2,4222
3,51,13,0.09139981615845619,0.17766847381055778,0.0060635989957828354,0.002780169015761491,0.845351588298592,-0.05757533605634871,-0.0430936873690598,0.004770347975510864,0.0023826018194077875,0.9058212325295598,middle,null_a,16,0,2,4223
4,51,13,0.1514149721330675,0.21798471446745626,0.006002247404365063,0.002728672403556516,0.8367983074359012,-0.03268883015718459,-0.16446835061716977,0.004832132240994393,0.0024323375825968372,0.917553185795554,middle,null_a,16,0,2,4224
5,51,13,0.14473968106572094,0.21220107446135217,0.006010612042360635,0.0027233320262231094,0.8379644564540037,-0.048546390318542215,-0.1253766560113288,0.004766243570965942,0.002421618221649717,0.9050418644828748,middle,null_a,16,0,2,4225
6,51,13,0.14565629471173094,0.22895538572919455,0.005991426177249436,0.0027475581223560825,0.8352896750979288,-0.06336701273410134,-0.11406951736252073,0.0047410699072064156,0.00242088136484662,0.9002617437765867,middle,null_a,16,0,2,4226
7,51,13,0.15834757053943377,0.2257936940386091,0.0059961245037192515,0.002720531050299023,0.8359446883576062,-0.02049848885291923,-0.08155879933708651,0.004708928437497484,0.002420837734776624,0.8941585358226769,middle,null_a,16,0,2,4227
8,51,13,0.15489930632016657,0.2245413641689754,0.00599850458940858,0.0027286605013255747,0.8362765060155946,-0.08225951263925947,-0.12334559089641567,0.004733577461503094,0.002405067592151047,0.8988390349015772,middle,null_a,16,0,2,4228
9,51,13,0.15538266859457073,0.22877222864356292,0.005995260350861192,0.0027315806739918245,0.835824213208837,-0.03977035622605243,-0.09842693867794648,0.004688490951531619,0.002376510815654933,0.8902777479173831,middle,null_a,16,0,2,4229
1,51,13,0.06654377897641336,0.10686876811874085,0.005905340537064911,0.002613405613825241,0.8780570292306203,-0.029856219729637447,0.001922038874453344,0.007967755540681264,0.0033388471302811685,0.9126607744686163,middle,null_a,16,0,3,4231
2,51,13,0.11266087987992487,0.15910523155229161,0.005717854983458203,0.002537704622860314,0.8501800580059625,0.1411626348335209,0.042701336680440335,0.0076992433246096306,0.0030439551035426663,0.8819042375965943,middle,null_a,16,0,3,4232
3,51,13,0.1375865864518895,0.19232208501499268,0.005646746177955688,0.002474648602255531,0.839606986712311,0.12080324738552585,-0.026210480637063254,0.007713257341406817,0.0030389648574085204,0.8835094629775981,middle,null_a,16,0,3,4233
4,51,13,0.11261525713522433,0.20789904886867613,0.0056220880782841265,0.0024774799168884253,0.8359406075072188,0.10777829765171537,0.1143324807121651,0.007511073388820125,0.0029772877250924413,0.8603504488975654,middle,null_a,16,0,3,4234
5,51,13,0.13545924068929543,0.23488602850218615,0.005590303619540021,0.002472662137770584,0.8312146196923952,0.0659214203518001,2.2556030712651137e-05,0.007607196013120654,0.003010762723614262,0.8713607451209077,middle,null_a,16,0,3,4235
6,51,13,0.13787955200111734,0.2272945596313703,0.0056010540182206015,0.0024502566271647846,0.8328130818080461,0.06657899062962354,0.03249644817223042,0.007567803101470407,0.003044016503161046,0.8668485126519614,middle,null_a,16,0,3,4236
7,51,13,0.12459250406775356,0.2360361403346298,0.00559289051920137,0.0024465959768659225,0.8315992622743605,0.08271475360082954,0.05352154509643893,0.007544600068905849,0.0029998090878641005,0.8641907381303577,middle,null_a,16,0,3,4237
8,51,13,0.12773561471213282,0.24416797115238542,0.00558450712470975,0.0024503439776815046,0.830352746782836,0.06268415129174623,0.009661229819821138,0.0075934774336057645,0.0029477768739545594,0.8697893603889411,middle,null_a,16,0,3,4238
9,51,13,0.13700909638471861,0.2469320605479422,0.0055834132819639875,0.0024471349250762744,0.830190104797033,0.06260827779815122,0.060625098823209475,0.007540568071898168,0.002947898002698559,0.8637288959600128,middle,null_a,16,0,3,4239
1,52,12,0.039475342634893204,0.1252032053281191,0.0057462422422783505,0.0028181465284708397,0.8747813593447932,-0.012545663291931951,-0.019761274622383966,0.0026512932702450562,0.0021494588453774346,0.8160396680806519,middle,null_a,16,0,4,4241
2,52,12,0.09742432399061612,0.15196684618829154,0.005594367937158418,0.0026097642123141802,0.8516607171092714,0.03166684062206451,0.05681864781411246,0.0021254276555935474,0.0017176253820766936,0.6541838649330879,middle,null_a,16,0,4,4242
3,52,12,0.10516137794789482,0.14776189903015213,0.005567344013482579,0.002542075638778684,0.8475467198757319,-0.04181191942385973,0.029491120553085524,0.002016153419205858,0.0016612540685763933,0.6205504255122821,middle,null_a,16,0,4,4243
4,52,12,0.12441234720335845,0.1939291509991048,0.005501554139940378,0.0025174069063779343,0.8375311736140503,0.05846988832063459,0.11168164918423165,0.0018724380595367641,0.0015767889108207482,0.5763163772767887,middle,null_a,16,0,4,4244
5,52,12,0.14211181627361402,0.21029169109136073,0.00548100462832327,0.0025099155345553645,0.8344028109470498,-0.08422920363218872,0.014574888483599687,0.001986586310221491,0.0016640112860717851,0.6114499860880622,middle,null_a,16,0,4,4245
6,52,12,0.12898836893443638,0.21284185362199678,0.005478630186101264,0.002514702853471839,0.834041336838045,-0.06214382632293082,-0.009522768423191042,0.0019334082273447686,0.0016305375064833488,0.5950823418191673,middle,null_a,16,0,4,4246
7,52,12,0.1405348808494876,0.22015309842973987,0.005471609256157888,0.002504674387939231,0.8329725029147999,-0.044984865880388275,0.0034702828268734945,0.0019043240510337929,0.00160509283595448,0.5861305438986701,middle,null_a,16,0,4,4247
8,52,12,0.14874152364489446,0.21029825597749746,0.005484061579459528,0.0025075574756949705,0.8348681870585458,0.019643043523640543,0.09543485107146431,0.001808639387885842,0.0015193803673468496,0.5566798295503304,middle,null_a,16,0,4,4248
9,52,12,0.15737700950734657,0.2273505089088706,0.005466252703445796,0.002509538706066565,0.8321570460883526,0.002150088717252897,0.06293856678488999,0.001841268178452557,0.0015456175058584927,0.5667226217690403,middle,null_a,16,0,4,4249
1,51,13,0.08612186576273241,0.15917998551168244,0.006218907725403909,0.002975399500964784,0.867543983105149,0.09938163102720064,0.16846108829454023,0.007724889712714859,0.004040799237980401,0.8765097885199292,middle,null_a,17,0,0,4201
2,51,13,0.1369119627612993,0.15941640929144185,0.006127536139670407,0.0027984395446025386,0.8547975535181546,0.1451586388295249,0.08165755593768816,0.0077014917592459495,0.0035831016929180736,0.8738549240481328,middle,null_a,17,0,0,4202
3,51,13,0.1964153040097122,0.20019580939087434,0.006039286988077422,0.0027696320582527084,0.8424867066847331,-0.008915135497413977,-0.007958715331070891,0.007787455887828803,0.0037868528664818536,0.8836089015114532,middle,null_a,17,0,0,4203
4,51,13,0.20334357896103009,0.22081870018412797,0.006006615404388443,0.002772324070746969,0.8379289873714033,0.004438599375308236,0.045644305498510784,0.007679796491360351,0.0037621208608799106,0.8713932559371966,middle,null_a,17,0,0,4204
5,51,13,0.18757062672639677,0.22532926597766137,0.006000655486519075,0.002763295585124409,0.8370975727378898,0.007549412612703751,-0.053934981299582574,0.007822427908754091,0.0037232051658285356,0.8875770253041961,middle,null_a,17,0,0,4205
6,51,13,0.2023259199941761,0.2313660228099902,0.005993742872577683,0.00276419558208807,0.8361332560287214,-0.021231932624337684,0.015533268538322447,0.007710777028314298,0.003780895879392008,0.8749084833260152,middle,null_a,17,0,0,4206
7,51,13,0.19748377386732474,0.23867209266323802,0.005985061507858738,0.0027575097506586,0.83492219677851,0.0692092717409173,-0.0064816356339805654,0.007732673408731379,0.0036961428538256056,0.8773929708051229,middle,null_a,17,0,0,4207
8,51,13,0.19654653116436982,0.23881991912863276,0.005986422571443606,0.002759856641156814,0.8351120665395376,0.0319806775502978,0.0021943749182128615,0.0077175608264443505,0.003703291743564254,0.8756782115273832,middle,null_a,17,0,0,4208
9,51,13,0.1958785779472828,0.23961862429241293,0.005985570527716144,0.00275391724051505,0.8349932055688107,0.03784822772164544,0.023317197144572668,0.007697140399430055,0.0036857171776876253,0.8733611940903152,middle,null_a,17,0,0,4209
1,51,13,0.06255471229424266,0.1528359262028723,0.005463210433440116,0.002525937363654965,0.8577864052213424,0.0005690512019625943,0.06387784184174378,0.007731600878062165,0.0033229176969441264,0.9007061194518863,middle,null_a,17,0,1,4211
2,51,13,0.04251339818131598,0.1430402957679417,0.005381968642834828,0.002418528972406048,0.8450305166525081,0.044600968651601555,0.161282137637973,0.007470584071966507,0.003007875291351309,0.8702985184598043,middle,null_a,17,0,1,4212
3,51,13,0.13031399977567443,0.19877639549019438,0.0052766932714217035,0.002347596981786296,0.828501081533176,-0.01832344870319554,0.095313420100941,0.0075095280855102765,0.0031077871014266274,0.8748353681844736,middle,null_a,17,0,1,4213
4,51,13,0.13275333428970904,0.2061029054032557,0.005262936039498207,0.002326579769505831,0.8263410390707404,0.06377167136660807,0.166443446208307,0.00745610342344738,0.002873577225436092,0.8686115704472889,middle,null_a,17,0,1,4214
5,51,13,0.16126075572676618,0.22338879647481757,0.005241808682775495,0.0023194793920807994,0.8230238028786151,0.09262889009724452,0.11351991008308915,0.007484480773553564,0.0029707215122600455,0.871917438571831,middle,null_a,17,0,1,4215
6,51,13,0.14451465552439555,0.22483528189479654,0.0052415155925154226,0.0023119132079898546,0.8229777843619104,0.02591079806269679,0.1568913359151153,0.007434538328386541,0.0030198507600639295,0.8660993076708989,middle,null_a,17,0,1,4216
7,51,13,0.15671729858011146,0.24011643358877058,0.005225169146458369,0.002300906473552536,0.8204112057224353,0.0018083182640144663,0.1278339087314154,0.00745863678248041,0.003001325214725081,0.8689066984576201,middle,null_a,17,0,1,4217
8,51,13,0.15251070034536582,0.23256218327893388,0.005234613208638281,0.0023078731963357374,0.821894031296645,-0.0014289507960394035,0.12920568429359697,0.007458565669899122,0.0030052806822235567,0.8688984140753627,middle,null_a,17,0,1,4218
9,51,13,0.1563308640503148,0.24266293009788203,0.00522383770131,0.0023014532338398353,0.8202021536345679,-0.032511792005462885,0.13753685073720065,0.007452333881985971,0.0030196642462285853,0.8681724312424376,middle,null_a,17,0,1,4219
1,51,13,0.09995272198965237,0.17128524499280648,0.006430441332244869,0.00305145496305533,0.8660102456572074,-0.0973330467001353,-0.15763746096421086,0.007392855463307053,0.0035834931698599756,0.9653549662535229,middle,null_a,17,0,2,4221
2,51,13,0.1034524147361136,0.20992879039044446,0.006261820552918131,0.002900769197574294,0.8433014897596275,-0.18587741372551497,-0.27974167363784885,0.007331766055221365,0.0034151408544425724,0.9573779452264372,middle,null_a,17,0,2,4222
3,51,13,0.12735626241346293,0.22974475289638957,0.006222150474968057,0.002821432281597809,0.8379589802527737,-0.08891108891108891,-0.22510363424579455,0.0071251046607206155,0.0032416818298974625,0.9303922149488247,middle,null_a,17,0,2,4223
4,51,13,0.16943225047117422,0.26706762371377446,0.0061731570885642535,0.002798292440736706,0.8313608678677992,-0.1049709783886999,-0.21694564096008662,0.007059595506178941,0.003263273996791204,0.9218380658807479,middle,null_a,17,0,2,4224
5,51,13,0.15618440186358204,0.2762980564794953,0.006168171461643609,0.002784449226224572,0.8306894358818401,-0.030665536994650914,-0.17906868735176407,0.0069833570157399345,0.003218051770012487,0.911882886081785,middle,null_a,17,0,2,4225
6,51,13,0.1719846124529011,0.293666640173586,0.0061539183000257685,0.0027991550597407716,0.8287699122665382,-0.08243655079098115,-0.18699390961621115,0.0069411937763980665,0.0031944519579311277,0.9063772336726413,middle,null_a,17,0,2,4226
7,51,13,0.1577731686544403,0.29154887019784537,0.006159190787779725,0.002795783387987277,0.8294799768140728,-0.07044853880296917,-0.19287223586285432,0.006949143209147105,0.003199917473385051,0.9074152661921827,middle,null_a,17,0,2,4227
8,51,13,0.14847045219057525,0.2934963049640213,0.006160381069199409,0.0027991092143251047,0.8296402762167736,-0.05145487423968437,-0.1660767191738926,0.006898136069090103,0.0031581380652579913,0.9007547821325649,middle,null_a,17,0,2,4228
9,51,13,0.15551957800443478,0.2982678184196707,0.006156226593624282,0.0027868751361056045,0.8290807783180288,-0.046346059004286844,-0.15931082743146036,0.00687874168037461,0.0031720356896578674,0.8982222736104007,middle,null_a,17,0,2,4229
1,51,13,0.0691844629684134,0.18609146814691935,0.0055940259927177265,0.0027037285438287683,0.8492662771047066,0.04677600880132525,0.032170326248712466,0.0023693876735392328,0.0018475112223966627,0.826563558350663,middle,null_a,17,0,3,4231
2,51,13,0.13423755581992222,0.215208127468016,0.005449917628155801,0.0024881293352461416,0.8273882281949453,0.0998621631533024,0.10893753050730222,0.0021509520316763523,0.001699116227524756,0.7503620386816175,middle,null_a,17,0,3,4232
3,51,13,0.14525079580395922,0.23528145611944215,0.00540417461192426,0.0024400139489995833,0.8204436767843739,0.13453634972622314,0.12010525659278615,0.0021926213044207088,0.0017752396467017363,0.7648984114069858,middle,null_a,17,0,3,4233
4,51,13,0.19231827447862015,0.26727152679684907,0.005359199660986812,0.0024204333403115928,0.8136157304724805,0.06291177177253127,0.0784850516219658,0.002103917763138536,0.0016878425118754664,0.7339540811315699,middle,null_a,17,0,3,4234
5,51,13,0.18369211696617638,0.2784737969741432,0.0053472446514003175,0.0024013452672938685,0.8118007609858369,0.10057031576018917,0.10223083834093213,0.0021029861731019206,0.0016962193106319185,0.7336290948981272,middle,null_a,17,0,3,4235
6,51,13,0.19290939372313384,0.2826418580295145,0.005346166209836368,0.002405797755417606,0.8116370356021361,0.04568848872646341,0.06428522860860833,0.0020551438028984566,0.0016517923583650811,0.7169392301719233,middle,null_a,17,0,3,4236
7,51,13,0.19150439435971112,0.2874943766169955,0.005343337936099003,0.002400825793465652,0.8112076565626586,0.010027946736807496,0.031434968915984116,0.002131068449421236,0.001723911849951229,0.7434256286187604,middle,null_a,17,0,3,4237
8,51,13,0.18092012346799397,0.2897629959705678,0.005341207682510632,0.0024062357399481813,0.8108842486026957,0.055299131248498334,0.06342712494683087,0.002101030076962432,0.0017058619586112285,0.7329467085568846,middle,null_a,17,0,3,4238
9,51,13,0.19518933686105303,0.2906002536213095,0.0053404506442793435,0.002402853887103534,0.810769317595734,0.03021029603308084,0.06997350990084533,0.002073140813876405,0.0016684664845815543,0.723217507720058,middle,null_a,17,0,3,4239
1,52,12,0.0679124830225954,0.12760086696293968,0.00572870464136345,0.0027594645392055,0.8694216687647153,0.18442751278572178,0.10619151759254858,0.006362953610758803,0.00256658387892403,0.8975408268993943,middle,null_a,17,0,4,4241
2,52,12,0.047912581800222245,0.14297437022001486,0.005609185891898956,0.0026523278339889923,0.8512828054241606,-0.17599415509863275,0.0771034476731374,0.006368834924252724,0.0029701901829553103,0.8983704288892097,middle,null_a,17,0,4,4242
3,52,12,0.11287833065810594,0.16559386062470144,0.005548074413276008,0.00257880877511854,0.8420081705719095,-0.22221062519569984,0.0012847494973799555,0.00643012534652491,0.003017153564267775,0.9070158881605418,middle,null_a,17,0,4,4243
4,52,12,0.11132164464748734,0.1689378151867612,0.005532480249123434,0.0025554869707096616,0.8396415091590259,-0.10902828514768816,-0.04449794863808854,0.006486414498757836,0.0029825716859679377,0.9149558819639196,middle,null_a,17,0,4,4244
5,52,12,0.13861894060995186,0.18735151686869184,0.005506009929339333,0.0025411381601434303,0.8356242188569112,-0.14447343701075047,-0.009449303574692628,0.006420455231102123,0.0029990379335220565,0.9056518481370367,middle,null_a,17,0,4,4245
6,52,12,0.13469307321891594,0.18989579193999012,0.005501131885331157,0.002545892660153079,0.8348838984132155,-0.15745746790522913,-0.0074249734545570704,0.006414984067532999,0.0029790606182917494,0.9048801007734176,middle,null_a,17,0,4,4246
7,52,12,0.1328930485245092,0.18934059257652028,0.005501248336879904,0.0025460679659046635,0.8349015717802646,-0.13850328775701912,-0.024290586730670354,0.006429933599070065,0.0030072578223120576,0.9069888407891943,middle,null_a,17,0,4,4247
8,52,12,0.14188848005926658,0.1946530414635888,0.00549476377347143,0.002544202955977179,0.8339174365712159,-0.10105416971088614,0.0036431842779769278,0.0063929589216917375,0.00299761157685325,0.9017732939632093,middle,null_a,17,0,4,4248
9,52,12,0.1362847265094456,0.19227352092006927,0.005497513872270298,0.002551126521746091,0.834334807623952,-0.07800855860557356,0.002894036063965628,0.006393154557052667,0.0029860618645200236,0.9018008897519515,middle,null_a,17,0,4,4249
1,51,13,0.15501764546120392,0.22968913311953226,0.0057158440895578606,0.002759884287649629,0.8407666250788938,0.25054692143299734,0.04623941315067596,0.006074376836477781,0.0027091004674702312,0.9008540425083539,middle,null_a,18,0,0,4201
2,51,13,0.08921363023144235,0.16306019463736415,0.005761170566907961,0.0026924652461211233,0.8474338799569581,0.24447704194539635,0.07110869425264318,0.0058649721360096675,0.0025403040377361924,0.8697984995258845,middle,null_a,18,0,0,4202
3,51,13,0.11815850296786659,0.21758963193247036,0.00565226622477053,0.0026700759724769788,0.8314146998042663,0.12988277545239568,0.005194253447076134,0.0059552825838055205,0.0026772962669612457,0.8831918951231207,middle,null_a,18,0,0,4203
4,51,13,0.13118124368260864,0.23438740340926822,0.0056222297218936025,0.0026275625072271895,0.8269965091123366,0.19993930120512396,0.07139384333909873,0.0058098203468494435,0.00250831579897417,0.8616192716718937,middle,null_a,18,0,0,4204
5,51,13,0.12429183865096344,0.23929762187707482,0.005615055009790375,0.0026363518371462892,0.8259411516906806,0.16873000417304215,0.025508446661056446,0.005877611940197409,0.00255490114788177,0.8716730323389729,middle,null_a,18,0,0,4205
6,51,13,0.15429146971613264,0.24904225018849135,0.005602446182702392,0.002613673021715742,0.8240864683174349,0.18339887960141124,-0.007243203269650492,0.005914558842166033,0.0025813839349869807,0.877152403621426,middle,null_a,18,0,0,4206
7,51,13,0.147315183825897,0.2547621298946852,0.005594446111931869,0.0026127392453396754,0.8229097055512123,0.1776830764172536,0.002650229238174533,0.005903937446032026,0.002573913489056453,0.875577208683413,middle,null_a,18,0,0,4207
8,51,13,0.1420966500552661,0.25489621761553893,0.005594770037132113,0.0026080969859281307,0.8229573530190439,0.17689905031677183,-0.010916400908790065,0.005914406876528567,0.002558951263791796,0.8771298665180294,middle,null_a,18,0,0,4208
9,51,13,0.15748234424485547,0.25593111980154293,0.00559394963874433,0.0026059535232828795,0.822836677302053,0.2063379658316367,0.02243507342711484,0.005862633346526853,0.002553274924550535,0.8694516478212757,middle,null_a,18,0,0,4209
1,51,13,0.08431569094658631,0.1688227349871042,0.006466650701889366,0.0030515327824957098,0.8693677788934333,-0.07143489421970434,-0.03655496824419236,0.006413569171966543,0.0031241978908139512,0.9280006777184696,middle,null_a,18,0,1,4211
2,51,13,0.09623969761837742,0.21339505690827992,0.006285277999705196,0.0029611624759326768,0.8449842779872095,0.0681723339951188,0.15583170481547712,0.005835410323119501,0.002680924912503345,0.8443449488765412,middle,null_a,18,0,1,4212
3,51,13,0.11587349521117647,0.23741177999458102,0.006231277954276167,0.002876088832312416,0.837724584875741,0.009345085294452382,0.11932133262112103,0.00589668403450553,0.0028417597170778785,0.8532108461901776,middle,null_a,18,0,1,4213
4,51,13,0.12680866594976917,0.2553360725227704,0.00620505267129366,0.002873012836242093,0.8341988932823027,0.006841260005816968,0.1479230647424667,0.005838676986494479,0.0027741019894317914,0.8448176132767488,middle,null_a,18,0,1,4214
5,51,13,0.14752336848041506,0.2632495795567402,0.006197323195904136,0.0028617338537088137,0.8331597530594608,0.053503458566749706,0.1366328987157071,0.005847300990201349,0.0027921082299559377,0.8460654490870495,middle,null_a,18,0,1,4215
6,51,13,0.1389763507832371,0.280543329826091,0.006175475763715615,0.0028548150252900445,0.8302226138088885,-0.0756332275319617,0.08059441566319098,0.0059346979707081285,0.002882979361578465,0.8587112091882027,middle,null_a,18,0,1,4216
7,51,13,0.13518855122750711,0.2845182429653097,0.006172632438615809,0.002845393878284429,0.8298403610260118,-0.06971509503155073,0.09975630311293085,0.005898893750623804,0.002875697177748506,0.8535305773726661,middle,null_a,18,0,1,4217
8,51,13,0.12529628019809821,0.285474657489165,0.006174765877119591,0.002860426217345581,0.8301271776145274,-0.05947217339622403,0.07885346067567896,0.005924075422650747,0.0028599289306334985,0.8571741973415955,middle,null_a,18,0,1,4218
9,51,13,0.1373935544779218,0.28708903006272546,0.006172679455006662,0.002855205422609853,0.8298466818460423,-0.014150406555469846,0.07683947638354384,0.00592409739778646,0.0028524041401617652,0.8571773769971488,middle,null_a,18,0,1,4219
1,51,13,0.1064324281857646,0.1696855262527556,0.006393097498999746,0.0030430204788090567,0.8663636087111145,0.027074191631153658,-0.012195622765278039,0.0023187197926241862,0.0018646808316348312,0.7079709423741636,middle,null_a,18,0,2,4221
2,51,13,0.1004803893843614,0.21262176795154925,0.0062220778603981055,0.002972422056701138,0.843187802103665,0.10502156071776324,0.04631782455602023,0.0026790308498749675,0.001988804357165093,0.8179841313593543,middle,null_a,18,0,2,4222
3,51,13,0.1301275147479228,0.2273734822183704,0.006178911168435778,0.002906412059657261,0.8373380475784984,0.05279530595986291,0.010131322810672928,0.002428292179955763,0.001968585324531826,0.7414265011545239,middle,null_a,18,0,2,4223
4,51,13,0.09530117846678918,0.2408732755670292,0.0061553901751138125,0.0029221180836202084,0.83415058912693,0.05605786618444846,0.019701458404458694,0.0025221046075983747,0.002102545048789692,0.7700700970800936,middle,null_a,18,0,2,4224
5,51,13,0.11292881056563472,0.24987712171192267,0.006141713740885173,0.0029167613782739147,0.8322972207222594,0.06404987417645645,0.04447908602192643,0.002413372277823313,0.0020098002514723603,0.7368710317069256,middle,null_a,18,0,2,4225
6,51,13,0.11819988460904353,0.25703195021977643,0.006132834161922129,0.002902702031368044,0.8310939004107106,0.0884811391140505,0.06091622020138227,0.0023865779401840963,0.0019450616894746914,0.7286899601824275,middle,null_a,18,0,2,4226
7,51,13,0.12767310990486255,0.26714660935672563,0.006119253538916862,0.002900102099751135,0.8292535159089526,0.1224218819155528,0.07359576075095992,0.0024633663244382534,0.0020337467508947152,0.7521356326335517,middle,null_a,18,0,2,4227
8,51,13,0.12986028405017316,0.26255678359013174,0.006127007368056183,0.0029012237797653028,0.8303042797046749,0.08198130982941108,0.03488507800680774,0.00233256737403124,0.0019537504374027956,0.7121990018790422,middle,null_a,18,0,2,4228
9,51,13,0.13294204280862837,0.27157015375683524,0.006115026662811455,0.002896792924712217,0.828680708809291,0.12060091806927249,0.06607079802614989,0.0023678727542336742,0.0019715059526944595,0.7229787361842845,middle,null_a,18,0,2,4229
1,51,13,0.037412091806138574,0.12804614288813693,0.005229455600135589,0.0025500474514913115,0.8703421051685223,-0.1381276950897204,-0.028882400137384683,0.008014711282749396,0.0036095957894965633,0.9195938283073527,middle,null_a,18,0,3,4231
2,51,13,0.041320289291024194,0.14274910434647808,0.0050967349998985575,0.0024284788540088597,0.848253318984635,-0.09520858887947495,-0.053859965488318784,0.007931659091466228,0.0032632887830247536,0.910064566449126,middle,null_a,18,0,3,4232
3,51,13,0.07581709594594971,0.1717578365321072,0.005031234135494831,0.0023759376634430087,0.8373519624047993,-0.029198649451814006,-0.02506537900354298,0.007846512419348126,0.0031256247945924565,0.900294987556216,middle,null_a,18,0,3,4233
4,51,13,0.0951853510472561,0.18499493259947575,0.005005662843697176,0.00233804810532125,0.8330961136823294,-0.09073205275736922,-0.0620245539585256,0.007844768940879937,0.003153144110346303,0.9000949439136477,middle,null_a,18,0,3,4234
5,51,13,0.12120789757710285,0.19476996456999354,0.004988233953523214,0.0023152848815792644,0.8301954107937987,-0.15588209259095334,-0.12810034828966405,0.007898532781711697,0.0031693022608519673,0.9062637121288424,middle,null_a,18,0,3,4235
6,51,13,0.1263998318052459,0.19753346444592856,0.0049836729443241586,0.002299760492001302,0.8294363187101224,-0.15881586767662717,-0.13636554873103846,0.00788584571370887,0.003176687390350657,0.9048080203361977,middle,null_a,18,0,3,4236
7,51,13,0.11359515792798949,0.19811729689228405,0.004981507196047593,0.0023094821448566344,0.8290758716467143,-0.10997862896597072,-0.1021761539094846,0.007846412048700749,0.003131383353213558,0.900283471205269,middle,null_a,18,0,3,4237
8,51,13,0.11406312046726913,0.20147516232462462,0.00497689462683789,0.002298164132284997,0.8283081983929048,-0.0994069221917323,-0.09372217501000446,0.00782703325574703,0.003107513169018908,0.8980599827012422,middle,null_a,18,0,3,4238
9,51,13,0.11906218742449393,0.2017617393800025,0.004976138244662463,0.0023077861248780546,0.8281823131564271,-0.1209297032081842,-0.1311447752248312,0.007883916047907405,0.0031318268874039636,0.9045866138875908,middle,null_a,18,0,3,4239
1,52,12,0.05614747499691321,0.16392410163840054,0.006322952314696374,0.0030286620022651344,0.8729441551015741,-0.21248303934871104,-0.00976804540488721,0.00636069801790902,0.003509952456549953,0.952752194260288,middle,null_a,18,0,4,4241
2,52,12,0.06662081738486234,0.21025785468729252,0.006153240087391962,0.0028334051047801947,0.8495137558986078,-0.3049159795428453,-0.08176620381005728,0.006153843361479388,0.0030970282278240872,0.9217679803813404,middle,null_a,18,0,4,4242
3,52,12,0.09195614273367082,0.21601751354395068,0.006127100347624609,0.002806713433594812,0.8459049143464186,-0.08051351633441188,0.007597587641280202,0.00593784378310251,0.002944897100237585,0.8894139727428017,middle,null_a,18,0,4,4243
4,52,12,0.11690470428447956,0.2365809415871444,0.006092083304254189,0.00279584602906179,0.8410704759673567,-0.09946769648262187,0.04713643202422251,0.0058570288301387835,0.002880697437189254,0.8773089139035921,middle,null_a,18,0,4,4244
5,52,12,0.11887047783676997,0.25481129158752613,0.006067779707234819,0.0027689455315631625,0.8377151315158903,-0.14760463417179837,-0.005218451431242927,0.0059096613889567055,0.0028625277164716313,0.8851926061905265,middle,null_a,18,0,4,4245
6,52,12,0.14125571058155328,0.2739566180203181,0.006043283614804407,0.0027865993581404425,0.8343332112283919,-0.12347354138398915,0.02328205592938664,0.00588319507353374,0.0029669605592677908,0.8812282865478995,middle,null_a,18,0,4,4246
7,52,12,0.137870650697617,0.26810246887541134,0.0060538998840116215,0.0027737630770211315,0.835798888920106,-0.07216365723828412,0.1155099796699284,0.0057500513834106955,0.002865323908353623,0.8612850440673607,middle,null_a,18,0,4,4247
8,52,12,0.14439264106679836,0.2791690905114369,0.0060403889769509835,0.0027750097608382415,0.833933578735607,-0.11387120342344224,0.0166582585142987,0.0058848276630916576,0.002958681818098859,0.8814728278355465,middle,null_a,18,0,4,4248
9,52,12,0.14077431781701444,0.2758390899646206,0.006045622433289606,0.002772678182275252,0.834656107531398,-0.18246529589813174,-0.0024116990262664124,0.005902816567459482,0.0029887578370660917,0.8841673384160719,middle,null_a,18,0,4,4249
1,51,13,0.08926168234612247,0.15317586780321296,0.006445114688261205,0.003069233525443737,0.8708885232510627,-0.10481923140150987,-0.02013687402251662,0.007892452150422141,0.0040501265973651186,0.9217305138602944,middle,null_a,19,0,0,4201
2,51,13,0.07759354186166821,0.1976904767756405,0.006266712074377721,0.0029198963338869796,0.8467820803925519,-0.13172903046320766,0.055200567726093316,0.007541873442038628,0.0036509114220159376,0.880787713464662,middle,null_a,19,0,0,4202
3,51,13,0.12367057874839846,0.21255729527312583,0.00622640068672199,0.002820765379351729,0.8413350516640109,-0.14346413080590295,0.04848528929401401,0.007536902109344291,0.0036592729724711105,0.880207129768798,middle,null_a,19,0,0,4203
4,51,13,0.12468683773933206,0.239618901392453,0.006185804679442235,0.0028370600503703023,0.8358495640443494,-0.2585136382604737,-0.022708219973908674,0.007595980770179066,0.0037143217257231856,0.887106709692954,middle,null_a,19,0,0,4204
5,51,13,0.12547345950355535,0.2492075033913581,0.006175335265473494,0.002841708533018501,0.8344348968256036,-0.1987506164721354,-0.025228591792860966,0.007584006299675012,0.0036867548122878537,0.8857082552404533,middle,null_a,19,0,0,4205
6,51,13,0.11787529607431926,0.25187221977575275,0.006174953153313161,0.0028398750448360406,0.8343832643704612,-0.2686806864022053,-0.04779810723368273,0.0075937939696281015,0.0037006133425170383,0.8868513212842397,middle,null_a,19,0,0,4206
7,51,13,0.12288280406282892,0.25633795698808604,0.006170861833577191,0.002833228627555467,0.8338304296149376,-0.24387005399663625,-0.045672222899921115,0.007583491429990154,0.0036848997602278175,0.885648125500019,middle,null_a,19,0,0,4207
8,51,13,0.13805561956099058,0.2656502170056401,0.006160636081250592,0.00281940124328915,0.8324486868883011,-0.2292264697327988,-0.004896428798424038,0.007540750725823445,0.0036435842191652433,0.8806565955593244,middle,null_a,19,0,0,4208
9,51,13,0.14035355650706335,0.26808000330403486,0.0061583423440453216,0.0028186441658121183,0.8321387483528297,-0.2372943512184018,-0.010053591797012556,0.007536304371478025,0.003657889271967174,0.8801373221576618,middle,null_a,19,0,0,4209
1,51,13,0.09085963133198813,0.1634683390423572,0.005910775276858899,0.002758758338534931,0.8679896468389526,0.030589663501055908,-0.09696009696556179,0.007950902794923375,0.0034195923469463197,0.9435599478440343,middle,null_a,19,0,1,4211
2,51,13,0.18234587541564873,0.17661447713532302,0.005795815713667559,0.0025955933642238076,0.8511079847927112,-0.0721683379911228,-0.19532130684317822,0.007894418356783344,0.0032947187247052956,0.9368567526371407,middle,null_a,19,0,1,4212
3,51,13,0.15563849360614526,0.20523520205283385,0.00573177904110038,0.0026085617596967336,0.8417042828749713,0.029805637400574108,-0.07519473503259194,0.00763252384101562,0.003242682089284187,0.9057768637223609,middle,null_a,19,0,1,4213
4,51,13,0.15626881217643054,0.22054533206717591,0.005708064329640443,0.0025980472904065383,0.8382218084006688,-0.011874201747619467,-0.07009543361168358,0.007614284427659342,0.0033283394805578414,0.903612332176818,middle,null_a,19,0,1,4214
5,51,13,0.1730269768771742,0.23278725946948342,0.005692425240705505,0.002577605976485414,0.8359252285704959,0.03021029603308084,-0.006302798764036393,0.0075211055764943125,0.0033159772411774347,0.8925544895376678,middle,null_a,19,0,1,4215
6,51,13,0.15453679490830405,0.24348343752336668,0.005678785731369035,0.002594746548784246,0.8339222843986257,0.01799466356428382,-0.02511900090221339,0.007533917965856228,0.0033032100217889925,0.8940749781852974,middle,null_a,19,0,1,4216
7,51,13,0.16163899627985223,0.2549555741723319,0.005665802393290335,0.0025779412892057694,0.8320156981208761,-0.01253177202544291,-0.03973382019860461,0.007558184766054063,0.0033310947463594874,0.8969547996747048,middle,null_a,19,0,1,4217
8,51,13,0.15698037052586222,0.25886176025054214,0.005662205526092192,0.0025848244677302355,0.8314875028600502,-0.018500486854917234,-0.0321156853969104,0.0075288103176424405,0.0033128325119845467,0.8934688366682253,middle,null_a,19,0,1,4218
9,51,13,0.15799115314040124,0.2593811630854115,0.005662710125511692,0.0025864949301946222,0.8315616026272401,-0.012683519012632935,-0.042335374552671924,0.007534918382465598,0.0032627510681425445,0.8941937009351669,middle,null_a,19,0,1,4219
1,51,13,0.04087974980947975,0.1956790604300841,0.005678825788851098,0.002880551469148594,0.8510409861832368,0.07836467330138217,0.09554183583675299,0.002780627461096466,0.002210046881063912,0.9975770565687214,middle,null_a,19,0,2,4221
2,51,13,0.09568823063302134,0.1555397190851956,0.0056581093923550084,0.002640645937556838,0.8479363826684031,0.06824820748871381,0.1054290518561759,0.0019882387860118127,0.001597105740596239,0.713299938109409,middle,null_a,19,0,2,4222
3,51,13,0.07632652247793101,0.1794052548930092,0.005598306204742606,0.0026336927200243435,0.8389741489857852,-0.0860531873190101,-0.05462672137471534,0.002336685731842609,0.001935594889779848,0.8383086577079627,middle,null_a,19,0,2,4223
4,51,13,0.1084182940288721,0.22251205667054652,0.0055272403383515864,0.0026091626426679466,0.8283240661577267,-0.0903021029603308,-0.08105820440508843,0.002097187028448968,0.0017014518678572256,0.7523861762083222,middle,null_a,19,0,2,4224
5,51,13,0.10825499095533202,0.22331224950241615,0.005525276452770943,0.002596603855363827,0.828029754061627,-0.01286055716435463,-0.014976047577092895,0.002063361617286833,0.0017134144452747157,0.7402509820564799,middle,null_a,19,0,2,4225
6,51,13,0.09789607501103922,0.21950969096160944,0.005530627580920727,0.0025831039136570617,0.8288316855783018,-0.019259221790867358,0.003304913663569357,0.0019398464674573995,0.0016291130552357684,0.6959387247216178,middle,null_a,19,0,2,4226
7,51,13,0.11229458029792475,0.23417195321883127,0.005511497741425127,0.002583240938516185,0.825964846891011,-0.038809291973848935,-0.03945651827817829,0.0020439163638562583,0.001717052439344603,0.7332748088894868,middle,null_a,19,0,2,4227
8,51,13,0.11443658463192079,0.233539841482331,0.005512327966317216,0.0025834234612751713,0.8260892661701346,0.015414964782053387,0.009704216403576403,0.0019745840849510437,0.0016545437833945316,0.7084011817376523,middle,null_a,19,0,2,4228
9,51,13,0.10790973218790047,0.23210871568002445,0.005514714848811989,0.0025810626341651825,0.8264469694890572,-0.005703157601891779,-0.01192695951129754,0.00200285110834997,0.0016802501216634685,0.7185422503974362,middle,null_a,19,0,2,4229
1,51,13,0.044236892066632914,0.18599085864851309,0.005377997466294287,0.0026184495175042397,0.849807315052453,0.10813237395515876,-0.07538020640643045,0.006001624126605423,0.0025034145769738695,0.9270710392895152,middle,null_a,19,0,3,4231
2,51,13,0.011051945200660194,0.212333784048956,0.005246994858731265,0.002471250952694104,0.8291068638351133,0.014934432655951643,-0.14556971575373942,0.0060273588412992,0.0025562033644552585,0.9310462813562778,middle,null_a,19,0,3,4232
3,51,13,0.011799038233012978,0.225343274268698,0.005215069758069206,0.0024317848406369305,0.8240622009756683,0.06028149066123749,-0.1625207849615249,0.005928632943083951,0.002426403526937439,0.915796089219542,middle,null_a,19,0,3,4233
4,51,13,0.0271125101354139,0.24497657513382298,0.005184077870907234,0.0023948184616746026,0.8191650003758935,0.06286118944346791,-0.159365764121338,0.005896484383482589,0.0024521402625839028,0.9108301003584314,middle,null_a,19,0,3,4234
5,51,13,0.031666178871135174,0.2521964691254305,0.00517572550309912,0.0023919818247993075,0.817845196246972,0.04379165138658809,-0.17345380760164553,0.005865751708115033,0.0023664806271382908,0.9060828231727703,middle,null_a,19,0,3,4235
6,51,13,0.04062112484606441,0.26095518060134726,0.005166783318881125,0.0023807646987741905,0.8164321919440461,0.08028680180578913,-0.13348447300441946,0.005814499733098966,0.0023428364033752057,0.8981659292218223,middle,null_a,19,0,3,4236
7,51,13,0.04884874215457611,0.27003221312721676,0.005156773039099745,0.00238241639930385,0.8148504119158378,0.09217364913567445,-0.14253391642916938,0.0058077111769043056,0.002341327663949741,0.8971173007649418,middle,null_a,19,0,3,4237
8,51,13,0.05320958479514151,0.2730636801704056,0.00515398439468185,0.0023788137767424915,0.8144097626890097,0.08170310701956272,-0.14391275807659754,0.005813081021849384,0.002369843640065631,0.8979467808571703,middle,null_a,19,0,3,4238
9,51,13,0.055578920513155404,0.2725573887051631,0.00515511927410086,0.0023807476998326128,0.8145890913030562,0.06728714323651032,-0.15146829093252714,0.005818779486539429,0.002376810989808442,0.8988270228501894,middle,null_a,19,0,3,4239
1,52,12,0.10540402518829485,0.14607650199923733,0.005894081488835342,0.0027483375811550464,0.8623986842636939,0.07888529381066696,-0.03620345085204196,0.008562768078488889,0.003778592128308515,0.9170205807248204,middle,null_a,19,0,4,4241
2,52,12,0.11075110507470058,0.2186904042288466,0.005662048090598859,0.002663888829899913,0.8284484754443182,-0.023734474480743145,0.010869622704603617,0.008384127063241768,0.004039936301581601,0.8978892103500087,middle,null_a,19,0,4,4242
3,52,12,0.14248578836893444,0.1954869749494461,0.005685869714921792,0.002625951984134586,0.8319339612680274,0.012670911178373868,-0.22203184198267273,0.008771841036767732,0.0037592989518654553,0.9394110278159152,middle,null_a,19,0,4,4243
4,52,12,0.15013977034201753,0.21298748000611134,0.005654633418974131,0.002591853082639212,0.8273635900273918,-0.16196639181713812,-0.20380297044990173,0.008648563205807855,0.0038820970304096238,0.9262087190413357,middle,null_a,19,0,4,4244
5,52,12,0.15495310532164466,0.2224643821753243,0.005640233370529165,0.0025903927525783113,0.825256631910882,-0.04281390251539506,-0.0723162357009358,0.008386887720824555,0.003813763609185276,0.8981848600507297,middle,null_a,19,0,4,4245
6,52,12,0.15062931226077295,0.23057288151311978,0.005629795139542891,0.0025887333288970187,0.8237293512505018,0.03918171380857949,-0.011575002862673614,0.008279633458764082,0.003748738191206962,0.8866985784209623,middle,null_a,19,0,4,4246
7,52,12,0.1522829979009754,0.23497775498572565,0.0056243986701532776,0.0025794219097104287,0.8229397611998573,0.03429704623734475,-0.04916444666623354,0.008322157051921804,0.0037530624225282773,0.8912525976043104,middle,null_a,19,0,4,4247
8,52,12,0.1593593283121373,0.24457674281550268,0.005613241539898047,0.002572849757482069,0.8213072940426769,0.03763698987579585,0.021793646460406237,0.008238481092918876,0.003821202099147435,0.8822914093747314,middle,null_a,19,0,4,4248
9,52,12,0.14812944808000988,0.2521489541297599,0.005604141751102873,0.0025741771820974577,0.8199758489483222,0.035591274397244556,0.022059867012663176,0.00822399001280803,0.0038039648562651226,0.8807395024940623,middle,null_a,19,0,4,4249
1,51,13,0.13965640967445944,0.12646201574720628,0.0053153584926018665,0.0025610346777796907,0.8698871344592934,0.04267884014719457,-0.07398113731354719,0.0058323464920764555,0.002584871223063118,0.9384355753802888,middle,null_a,20,0,0,4201
2,51,13,0.09587253334536762,0.13965857004808038,0.005173388215337654,0.0024192826560136015,0.8466529315659896,0.07373639019208639,-0.03281888367867775,0.0055890351410690185,0.0024114732388598125,0.8992863190750573,middle,null_a,20,0,0,4202
3,51,13,0.13149833822858245,0.17369812194307616,0.005089974358716216,0.0023699659117826224,0.8330018032720817,0.1104338699275408,0.05210273511596973,0.005371679887697115,0.002059249148606427,0.8643134479438411,middle,null_a,20,0,0,4203
4,51,13,0.17210505155781908,0.20102729296244903,0.0050431306002767205,0.002328341965943613,0.8253355691219388,0.02429216353266986,-0.06329245493076549,0.005488514482009867,0.0022191859806907108,0.883112355019606,middle,null_a,20,0,0,4204
5,51,13,0.1876024144149426,0.20492687996324024,0.005035501536423349,0.0023195567698800507,0.8240870316049956,0.08319528572693129,-0.038433499334233207,0.005477179856596255,0.002255518724931399,0.881288592364868,middle,null_a,20,0,0,4205
6,51,13,0.1594099052084539,0.20637905648269395,0.005032201829662426,0.0023278121774569388,0.8235470167663332,0.07123256490345098,-0.03474267663861189,0.005473313866227678,0.002245620708385542,0.8806665472067349,middle,null_a,20,0,0,4206
7,51,13,0.17588301010634383,0.20914258630129165,0.005028412276224673,0.0023139148217392086,0.822926835872526,0.12644317707608846,-0.0038772480451635333,0.0054185594187022386,0.0021849278345848085,0.8718564530983047,middle,null_a,20,0,0,4207
8,51,13,0.1870807586815389,0.21300898534705243,0.0050229479218315345,0.0023074249836889196,0.8220325647539678,0.11450574741713981,0.003751075039290566,0.005404333151445745,0.0021621808469383277,0.8695674198050156,middle,null_a,20,0,0,4208
9,51,13,0.18452271444460563,0.213015705967741,0.005023206540258158,0.002307652043894516,0.8220748890567157,0.056285486665233496,-0.032635498033413764,0.00544721216927671,0.002250444335310603,0.8764667348276416,middle,null_a,20,0,0,4209
1,51,13,0.07879719174712548,0.18596777883261678,0.005728326115175513,0.002822175140075407,0.8530930983265367,0.07317998457238964,0.0372084446588276,0.008821544895295288,0.00406128970690684,0.9028582531449514,middle,null_a,20,0,1,4211
2,51,13,0.1583695172207744,0.24348261256745676,0.005535508997746195,0.002598066766295407,0.8243777373622931,-0.02424158120360652,-0.03207305740594746,0.008772821566752634,0.003878503253068679,0.8978715688603326,middle,null_a,20,0,1,4212
3,51,13,0.14738995901035207,0.26327862466736585,0.005493920498713269,0.0025487271322836413,0.8181841546679073,-0.023811631406568116,-0.014169705030681578,0.008664146972243205,0.003768473037124156,0.8867490550915315,middle,null_a,20,0,1,4213
4,51,13,0.14554553191096875,0.2689600536641856,0.005487786510082895,0.0025361938445536587,0.8172706481285497,0.013922786074684808,-0.03460922061487279,0.00868119203797676,0.0037769877301529866,0.8884935656569252,middle,null_a,20,0,1,4214
5,51,13,0.14290608319183967,0.27820101511481937,0.0054787942259577034,0.0025333154517727576,0.8159314688689978,-0.04404456303190481,-0.08363089656306491,0.00871043695757469,0.003785710096958819,0.8914866941094746,middle,null_a,20,0,1,4215
6,51,13,0.14011918406768106,0.2916221482776857,0.005464043251734857,0.0025324944616876475,0.8137346745437297,-0.07232008497831283,-0.11548584457477193,0.008739856923071327,0.0037924922407296924,0.8944977379766372,middle,null_a,20,0,1,4216
7,51,13,0.1503867309952857,0.29895062493587077,0.005457061208258287,0.0025244296591583823,0.8126948711208244,-0.04518266543582999,-0.0707623277590517,0.008678177888309787,0.0037814084965559804,0.8881850766184017,middle,null_a,20,0,1,4217
8,51,13,0.15090587500718514,0.2988582549365175,0.00545875459127867,0.0025206885544947397,0.8129470588172764,-0.04414572769003148,-0.08929838580578729,0.008693051235724022,0.0037744626832567907,0.8897073184279964,middle,null_a,20,0,1,4218
9,51,13,0.1518653937975796,0.29953736785388163,0.0054599060471348685,0.0025212090934578174,0.8131185398091404,-0.03966919156792575,-0.07359182920098035,0.008666674223670191,0.0037384258539987147,0.8870077115780888,middle,null_a,20,0,1,4219
1,51,13,0.08107388199981783,0.14577859526874876,0.0059659191387694405,0.0027904761291603166,0.8689084871170378,0.30494821634062136,0.0063640594782979,0.007062776318554634,0.0030022559278016117,0.9118507082360044,middle,null_a,20,0,2,4221
2,51,13,0.1430179577381857,0.21473689856374384,0.005747740608094493,0.0025914384243626264,0.837131794774994,0.10266948241631785,0.03045525117217585,0.006877840873567136,0.002853988393150043,0.8879743303239964,middle,null_a,20,0,2,4222
3,51,13,0.17142766909115043,0.2596886883925743,0.005667075687007133,0.002547850393870562,0.8253833226762104,0.04806585819244047,-0.06886168125008088,0.006991204422631108,0.0028814934123330463,0.9026103074298499,middle,null_a,20,0,2,4223
4,51,13,0.19953745619104762,0.2609736361599019,0.005668736560340889,0.0025232195908021795,0.8256252211837427,-0.020296159536665866,-0.08021102474567057,0.006960617915745316,0.002925763898954917,0.8986613889439277,middle,null_a,20,0,2,4224
5,51,13,0.20480923022241662,0.28899555045674097,0.00563621768313138,0.0025034447549349384,0.8208889973527426,-0.08418164114366644,-0.15619419947228363,0.007037476883018137,0.0029610962541845955,0.9085843853098031,middle,null_a,20,0,2,4225
6,51,13,0.19585724890237766,0.29536686808946183,0.005631998306375791,0.0025111594970960594,0.8202744646733687,0.08921458288546895,-0.08017112636376028,0.00692710728747924,0.002872273088634377,0.8943349472247443,middle,null_a,20,0,2,4226
7,51,13,0.21198225390523281,0.295289869923791,0.005634667478076522,0.002507727294733269,0.820663217167392,0.09518329771494327,-0.11482238172829301,0.0069648858261556175,0.002876026652785812,0.8992124041474103,middle,null_a,20,0,2,4227
8,51,13,0.20595943396832397,0.30419564481266187,0.005625006642234371,0.0025102931525281015,0.8192561611780913,0.027504141428192058,-0.1246645864896847,0.006960393638041979,0.0029107193981275353,0.8986324332226353,middle,null_a,20,0,2,4228
9,51,13,0.20810637939380383,0.2968967771494023,0.0056347954216056624,0.0025071871518292043,0.8206818515497489,0.06301293643065795,-0.09517573947707227,0.0069278112590425095,0.0028738393439704077,0.8944258345670008,middle,null_a,20,0,2,4229
1,51,13,0.06037762621071152,0.1117868577464789,0.005879550385817422,0.0027439705133622413,0.8792651328792646,0.016603649515041917,0.024801430077584202,0.00694717271255845,0.0032184702815655744,0.9067149534093144,middle,null_a,20,0,3,4231
2,51,13,0.042796028614190185,0.1686578451724342,0.00568065560974087,0.0026702740339313814,0.8495211507309378,-0.1652904057967349,0.04057618245979524,0.006769123725550171,0.003139666989033995,0.8834767692386588,middle,null_a,20,0,3,4232
3,51,13,0.10056706436413998,0.2103279587640361,0.005596730233470255,0.0025785901055001273,0.8369704194205085,-0.0018336094285461373,0.023911361178849563,0.006774216663038416,0.002986123433604057,0.8841414774254903,middle,null_a,20,0,3,4233
4,51,13,0.0983726844604155,0.22117161490494158,0.0055776091344871175,0.0025637394691757367,0.834110929402571,-0.033447565093134714,-0.002687167801326925,0.006772413272371444,0.002992164775326931,0.883906106670762,middle,null_a,20,0,3,4234
5,51,13,0.09662160281431394,0.2253510707009791,0.00557198659435877,0.0025619656392901697,0.8332700992083107,0.0362295931916185,-0.007024795086602909,0.0067736785357196275,0.0029451672182956943,0.884071243373888,middle,null_a,20,0,3,4235
6,51,13,0.11007030679072319,0.2335188824529293,0.005561926761879728,0.0025602198851201498,0.8317656882651263,0.0319806775502978,0.025353607098967047,0.006714324484206565,0.002996877743563572,0.8763246091272635,middle,null_a,20,0,3,4236
7,51,13,0.09469223011717139,0.23447500099130802,0.005561853205434343,0.0025549541409818945,0.8317546881692888,0.027807635402572112,0.028763539248928865,0.006712207607325875,0.0029902999447706633,0.8760483235069595,middle,null_a,20,0,3,4237
8,51,13,0.10240193868665458,0.23349256850382655,0.005563064365310483,0.002555591726856291,0.8319358126736388,0.022572364344516243,0.029326319899543308,0.006704068329264831,0.002948622623996085,0.8749860201163207,middle,null_a,20,0,3,4238
9,51,13,0.10986010452384923,0.2370376295093708,0.005558887424287392,0.002555490034404289,0.8313111665080823,0.014226280049064857,0.024291176135590616,0.006709008079940886,0.002972368573226054,0.8756307350225725,middle,null_a,20,0,3,4239
1,52,12,0.10162612668230644,0.1831776204883967,0.00588979330650736,0.002934819983253978,0.8546373011661716,-0.08969836134015241,-0.05134094266983252,0.00800410332386758,0.003734223594588995,0.9468897416215489,middle,null_a,20,0,4,4241
2,52,12,0.11216214347450303,0.22808912437097598,0.005710783439510739,0.0027512912446316985,0.828662109567669,-0.14965034965034968,-0.12153210230719895,0.008025837317356156,0.0038230369016541044,0.9494608847772644,middle,null_a,20,0,4,4242
3,52,12,0.1298070379059143,0.2593502968314859,0.0056416600577829665,0.002697718513560082,0.8186319748357704,-0.05366871934036114,-0.06465627392838778,0.007804617118571086,0.0035951739680895097,0.9232904159073241,middle,null_a,20,0,4,4243
4,52,12,0.12020264230151871,0.2429272480707511,0.00566658233082092,0.0026748282470599807,0.8222483163709734,-0.033629057509654524,-0.14057846180863967,0.007879710170533844,0.003451326389138789,0.9321739644690423,middle,null_a,20,0,4,4244
5,52,12,0.1114678849240647,0.255435236781994,0.005647885540650082,0.00266889763639308,0.8195353223047094,-0.05496294750026094,-0.05000455823352855,0.007774289968822059,0.0036182298621237124,0.9197026977297807,middle,null_a,20,0,4,4245
6,52,12,0.13693715273490556,0.26144511259658393,0.005639343342137479,0.0026605016467032925,0.8182958082669637,-0.04611209685836553,-0.09968841278663189,0.007822448621630652,0.0035938281477594903,0.9253998923397996,middle,null_a,20,0,4,4246
7,52,12,0.15990517347820718,0.27362835660075413,0.005623711899772157,0.00265118461537899,0.8160276108920791,-0.027784156142365103,-0.06873120898046764,0.0077506706473813875,0.0034951950694997597,0.9169085192601522,middle,null_a,20,0,4,4247
8,52,12,0.1624194591924929,0.27809466341881917,0.005618535976473913,0.0026434521340781636,0.8152765595582798,-0.037970984239640966,-0.06989236090359041,0.007764098764091973,0.003596086275482802,0.9184970727118094,middle,null_a,20,0,4,4248
9,52,12,0.15474932707741698,0.27242911735798647,0.005627140058494383,0.002653227543953802,0.8165250531902826,-0.036927251852625,-0.08285560367069054,0.007772085543956744,0.0035143618431739895,0.9194419130788734,middle,null_a,20,0,4,4249
1,51,13,0.09185670241765959,0.14148929671034083,0.005951349133409062,0.0028304183950951804,0.8729303307559849,0.20307540560705115,0.19799927242903925,0.008425491568305035,0.003681253346347945,0.875657361406806,middle,null_a,21,0,0,4201
2,51,13,0.07355432310093678,0.1894418713413084,0.0057654412394658894,0.002687214060993841,0.84566178446302,0.07621492431619013,0.01317736333951033,0.008646931260580252,0.0038585036994946355,0.8986714840934729,middle,null_a,21,0,0,4202
3,51,13,0.12823742372807656,0.20100888917012033,0.005729707361318523,0.0025975259534714093,0.8404204206359063,0.071384311890641,0.006681064501709201,0.008624150239971862,0.0036692868751302433,0.8963038633755153,middle,null_a,21,0,0,4203
4,51,13,0.09657647417876176,0.21266496744950542,0.005708199479602359,0.002596630356245634,0.837265693551428,0.07014504482858913,0.04543043245671417,0.008534311553771799,0.003616012182855265,0.8869669711274554,middle,null_a,21,0,0,4204
5,51,13,0.09949595925773605,0.21876431560012935,0.0056992548957699625,0.0025824866189139853,0.8359537223751013,0.07543089821570834,-0.002889810553500064,0.008580134356306588,0.0037019309788116407,0.891729313364058,middle,null_a,21,0,0,4205
6,51,13,0.09146792086940811,0.21981874458336403,0.005698118897641583,0.0025866951260044256,0.8357870967579993,0.1024418619355328,0.05861805664824423,0.008497632506819092,0.00362974461738702,0.8831549350921519,middle,null_a,21,0,0,4206
7,51,13,0.10125375255310314,0.22820815883709117,0.005688061801323354,0.0025819900282332154,0.8343119447851075,0.09518329771494327,0.0230128908028162,0.008541222722859714,0.0036858536766876514,0.8876852456683173,middle,null_a,21,0,0,4207
8,51,13,0.10988196885366512,0.23233288947208067,0.005683738909799201,0.0025799692737015715,0.833677872906041,0.09912871938188393,0.01901349141042819,0.008537232844950603,0.0036892588993650086,0.8872705795406614,middle,null_a,21,0,0,4208
9,51,13,0.10128533436283718,0.23319101904640843,0.005682839170703865,0.0025813650362962906,0.8335459012255902,0.11260891007726449,0.02954206140199803,0.008521453525255811,0.0036427000327896616,0.8856306422934727,middle,null_a,21,0,0,4209
1,51,13,0.06995239093652295,0.14677604046659404,0.006068322485271842,0.002935364995872221,0.8685741461521578,-0.1827160181590561,-0.09157314088606061,0.0029360273440263503,0.0022464475289834945,1.0346933413279251,middle,null_a,21,0,1,4211
2,51,13,0.09974330206226334,0.1638202036663422,0.005925092201645236,0.0027097275958969727,0.8480732380995532,-0.330947533479179,-0.27617671858263276,0.0027421432163712745,0.0021691771653280017,0.9663661112419919,middle,null_a,21,0,1,4212
3,51,13,0.079283189270321,0.20101891797318663,0.005844502463578292,0.00270312416235925,0.8365382277074701,-0.25350598768320287,-0.20911368786219484,0.002568945686616853,0.0020535530091434703,0.9053291011010751,middle,null_a,21,0,1,4213
4,51,13,0.07758641845477904,0.20159839419696718,0.005837867583484032,0.0026924220103942305,0.8355885607564008,-0.24725907004388015,-0.1835262696773281,0.0025109601023486556,0.0020147538999592545,0.8848942444375689,middle,null_a,21,0,1,4214
5,51,13,0.11297480389219657,0.2209146883698035,0.0058104813427048915,0.002650393045086155,0.8316686997472353,-0.12755598831548198,-0.058520732070558,0.002393636082885235,0.0018904392758457178,0.843547769254489,middle,null_a,21,0,1,4215
6,51,13,0.12307344784257944,0.23135771351830703,0.005798024676132941,0.0026645965102898963,0.8298857459642263,-0.26564574665840485,-0.22309318435865602,0.0025314155358413873,0.002084074628800424,0.8921029991080485,middle,null_a,21,0,1,4216
7,51,13,0.10248972541201702,0.2323739786162967,0.0057978586181038905,0.002658966566249622,0.8298619776639844,-0.21175027504141428,-0.16635756204376853,0.0024737531703940773,0.002011740454929663,0.8717820488638557,middle,null_a,21,0,1,4217
8,51,13,0.10772477066335633,0.24502211378127947,0.005782985678523669,0.0026563583673428013,0.8277331766933674,-0.25196322664677095,-0.17344925604145242,0.0024623352643673335,0.002011081225907985,0.8677582337036132,middle,null_a,21,0,1,4218
9,51,13,0.11079714134799233,0.24193899223713156,0.005787732972881756,0.0026554758847254683,0.8284126687858883,-0.222296690651121,-0.1499921350810619,0.002402723662734763,0.0019666912056814398,0.8467503478606536,middle,null_a,21,0,1,4219
1,51,13,0.13172657547937233,0.14621266044634065,0.005902296419091056,0.0027369368262331584,0.8717229821239664,-0.1401004059231907,-0.052049554509983734,0.0086762460652921,0.004133823252426374,0.9255308938314685,middle,null_a,21,0,2,4221
2,51,13,0.12674953755501286,0.1985550078811451,0.005709183693783786,0.0025721100569149097,0.8432017441450607,0.035167364281288326,-0.010095125798455257,0.008433205740205818,0.003654094203925818,0.8996047815910563,middle,null_a,21,0,2,4222
3,51,13,0.13645713529021417,0.20438829772964645,0.005687055380231171,0.0025338746488664386,0.8399335654380294,0.14391937176747302,0.03714047120806901,0.00830838743302013,0.003478550577663466,0.8862898988011096,middle,null_a,21,0,2,4223
4,51,13,0.10602709398104235,0.21946227115166622,0.00566368025088195,0.002550477687863198,0.8364812417970262,0.09042855878298915,0.0025682924184863253,0.008328152126436261,0.0034689096878907835,0.8883982800325864,middle,null_a,21,0,2,4224
5,51,13,0.1173876926963915,0.22954182293318082,0.005651217749611726,0.002522741138666387,0.8346406279070047,0.06523855890944498,0.024791684780664205,0.00828832388520293,0.0035360252950089933,0.8841496375400826,middle,null_a,21,0,2,4225
6,51,13,0.10832606032117423,0.23467278357039298,0.0056457368756233925,0.002524338072689576,0.8338311457193088,0.12846647023862215,0.06296146337457675,0.008243439487771276,0.0034899562563042016,0.8793616340462458,middle,null_a,21,0,2,4226
7,51,13,0.12644603101061955,0.24208679890051213,0.0056388631176253695,0.002515216001293156,0.8328159454658863,-0.02171246475043943,-0.026026794914395253,0.008336413704933668,0.003538916408606507,0.8892795766294812,middle,null_a,21,0,2,4227
8,51,13,0.12939055095311183,0.24027739392860747,0.005642100060667976,0.0025088308143538986,0.8332940166167928,0.04229947267921951,-0.0016822408893065446,0.008309510130146965,0.0035490408540853643,0.8864096615265421,middle,null_a,21,0,2,4228
9,51,13,0.12060244916728609,0.2517430603490447,0.005629846458563508,0.0025125376262425366,0.8314842554984396,0.0174888402736504,-0.02963894694445683,0.008333517316967536,0.003507282463913164,0.8889706069987212,middle,null_a,21,0,2,4229
1,51,13,0.09317181509183922,0.12900347568053916,0.0063500958551378365,0.0030576085839548444,0.8738799795705069,0.0067906776767536255,-0.048280588433911545,0.007027368720601364,0.003950353060227134,0.9424451549385474,middle,null_a,21,0,3,4231
2,51,13,0.048839518783806324,0.1424535778127044,0.006233430624122243,0.002919812567178992,0.8578248818172964,-0.011140757976201014,0.023950700336703965,0.006537638956703682,0.0032725105834248537,0.8767671662681203,middle,null_a,21,0,3,4232
3,51,13,0.07678550870101504,0.14439766161237147,0.006203724291271976,0.0028808744094185484,0.8537367908441023,0.0661743319971168,0.12799466137256674,0.006297857910430593,0.0031711890967613546,0.8446099685614332,middle,null_a,21,0,3,4233
4,51,13,0.09336851170865743,0.17354616325873395,0.006152861621339346,0.00285005062056973,0.8467372321011164,0.13433402040996978,0.08716349457798826,0.00633094701277033,0.0030682254381937334,0.8490475703753141,middle,null_a,21,0,3,4234
5,51,13,0.10759263764192666,0.1738384497275486,0.006149239145287672,0.002832025221817449,0.8462387184770315,0.0579294123597921,0.10524038530617624,0.006295811563918688,0.003097831564643134,0.8443355316516667,middle,null_a,21,0,3,4235
6,51,13,0.09311981010397208,0.16752017648581294,0.0061559712153434415,0.0028289004633557996,0.8471651645302896,0.000999000999000999,0.04745263463177862,0.0063720191233840396,0.003130461128292448,0.8545557788086519,middle,null_a,21,0,3,4236
7,51,13,0.11594798216529498,0.18070256116663638,0.006139280115638026,0.0028373804082608726,0.844868188515703,0.10441457276900314,0.12557664513902878,0.006264870698560856,0.0030214774428674878,0.840186031347149,middle,null_a,21,0,3,4237
8,51,13,0.09183545572427919,0.1840232095457954,0.006134980140518134,0.0028407102513761176,0.8442764396262931,0.05684189228493025,0.10126966492858495,0.006294948657898544,0.003059124917179178,0.8442198067437836,middle,null_a,21,0,3,4238
9,51,13,0.10809745248852305,0.18723697678345802,0.006131207798658492,0.002835281079055692,0.8437573019467302,0.041262534933421004,0.07294180545106367,0.006324802731743625,0.0030216424308993723,0.8482235567061261,middle,null_a,21,0,3,4239
1,52,12,0.031958661563155945,0.1715482641404467,0.005548670426396262,0.002686449525350917,0.8532920420038148,0.11370420624151971,0.07344379466713195,0.002298534142863356,0.001721821813717305,0.8337289781069455,middle,null_a,21,0,4,4241
2,52,12,0.09243536239041857,0.17407096369578304,0.0054407207496840835,0.002515553869022293,0.8366912001810267,-0.011334933722993426,-0.009579236122077627,0.0021075255312516107,0.0016471406049794327,0.7644459461088632,middle,null_a,21,0,4,4242
3,52,12,0.08142585504383258,0.20153545655498772,0.0053797956895505995,0.002494240432303419,0.8273219522395392,0.20121072956893857,0.2506331820918502,0.0018977977257525166,0.0015952667438925918,0.6883730500406114,middle,null_a,21,0,4,4243
4,52,12,0.11926469934559822,0.21780232163563296,0.005352513574784535,0.002455769695204677,0.82312642256667,0.11545767665170653,0.09604287269278414,0.0020410640848475986,0.00169543532791306,0.7403389151274135,middle,null_a,21,0,4,4244
5,52,12,0.09434764785776022,0.2260452960863034,0.005341749522322417,0.00246556953344547,0.8214710926227716,0.18480325644504753,0.1592288600123446,0.0018410859283853021,0.0015544680662717613,0.6678024315825907,middle,null_a,21,0,4,4245
6,52,12,0.10393786887270033,0.23058721350544045,0.005337178134123745,0.0024479341182048293,0.8207680901246812,0.17006575514038202,0.21331941539105415,0.0018503855262465905,0.0015781814646158036,0.6711756006285109,middle,null_a,21,0,4,4246
7,52,12,0.1100902827509569,0.2296781249114059,0.005338688244223801,0.0024485849468154773,0.8210003196196604,0.17991858887381276,0.2633957247899845,0.001812540506440422,0.0015635506802946955,0.6574483780908774,middle,null_a,21,0,4,4247
8,52,12,0.09189539449314732,0.23963378088422854,0.005328012892089574,0.0024555910571431973,0.8193586302919992,0.12075983717774764,0.14497739108876487,0.0018970576668874773,0.0016176068545996915,0.6881046143842589,middle,null_a,21,0,4,4248
9,52,12,0.10641852080503765,0.24657149295260844,0.005321090490845563,0.002446044132203362,0.818294081591292,0.12163657238284106,0.16915749340163516,0.001887978817336126,0.001615825449812347,0.6848115156141856,middle,null_a,21,0,4,4249
1,51,13,0.023687963155269023,0.09258099865791186,0.006271058753152548,0.0030067087512817892,0.8895468013586192,-0.06076202278733924,-0.06358345567523935,0.004599365521207952,0.002488910420527805,0.9243885238377393,middle,null_a,22,0,0,4201
2,51,13,0.08623518146076121,0.12433392674902205,0.006094306354086886,0.0028338847530473238,0.8644745548033976,-0.1510514801654042,0.03881878419721126,0.004220883675610014,0.0024470675451345207,0.8483205807837648,middle,null_a,22,0,0,4202
3,51,13,0.04958714710106986,0.1524275898115251,0.006023051561887617,0.0027994509374417655,0.8543670952854224,-0.1817043715777893,-0.11754436754358964,0.004369869167084079,0.0022916834153125618,0.8782639453417487,middle,null_a,22,0,0,4203
4,51,13,0.0646432293129264,0.17439569097408375,0.005986795074095571,0.0027856755691411774,0.8492241291590569,-0.06956334804436069,0.05910924841828118,0.004134779735453213,0.0022788745062098225,0.8310152603496422,middle,null_a,22,0,0,4204
5,51,13,0.07356321706560764,0.19473164252852967,0.005959747978313164,0.002776551732862677,0.8453875110557444,0.04659897064960356,0.09348545851397783,0.004066219623363712,0.002205250827597008,0.8172359291535602,middle,null_a,22,0,0,4205
6,51,13,0.07265179156565565,0.19983854548647573,0.0059541119111128134,0.002785695362053051,0.8445880375142482,-0.0971560085484136,0.0009917024241953,0.004156519346095575,0.002223207548708331,0.8353845253053925,middle,null_a,22,0,0,4206
7,51,13,0.07313185977907062,0.201886991864083,0.005952072495426047,0.002784299132374456,0.84429874733659,-0.04128782609795268,0.03695214801835077,0.004111030139408225,0.0022314793033132766,0.8262420250134771,middle,null_a,22,0,0,4207
8,51,13,0.060364449966754684,0.2018250813427153,0.005952641770856043,0.0027808275977167897,0.8443794987946418,-0.03966919156792575,0.03141859092018248,0.004116501807929455,0.002216386827362858,0.8273417305193662,middle,null_a,22,0,0,4208
9,51,13,0.05961130409733423,0.2066941823718717,0.005947346321634497,0.0027888989450266205,0.8436283417568585,-0.07019562715765247,0.03960698042886177,0.004107116267071511,0.002234394020039698,0.8254554081083536,middle,null_a,22,0,0,4209
1,51,13,0.04963367571254245,0.13993084333760433,0.00687575240406322,0.0033487865107478384,0.8745483806765251,0.027352394441002036,0.046582949862306586,0.007589619107089993,0.0039408980532852625,0.9252229525674013,middle,null_a,22,0,1,4211
2,51,13,0.06575653957575457,0.16703481003504878,0.006729529028426281,0.003222535330973325,0.8559497737364656,0.05719596858837365,0.1240675583316695,0.007229448197843463,0.0036834558140597575,0.8813158226600969,middle,null_a,22,0,1,4212
3,51,13,0.12725093481333297,0.21369024467449332,0.006637440750301181,0.0030979242947339752,0.8442367785934173,-0.06104022559718762,0.12378996949466735,0.007202033199488039,0.003688145191784022,0.8779737595914324,middle,null_a,22,0,1,4213
4,51,13,0.1278925355425063,0.22388387604963395,0.006625735575154375,0.003108044118354091,0.8427479608803005,-0.024140416545479836,0.03571149315634236,0.007323893441357205,0.003718063159475673,0.8928292999277638,middle,null_a,22,0,1,4214
5,51,13,0.1264363958822261,0.23802523099967032,0.0066116376690265825,0.0031020941372333056,0.8409548042553318,0.008889844332882308,0.13309672657155117,0.007183381877313302,0.0036408550582923524,0.8757000445171575,middle,null_a,22,0,1,4215
6,51,13,0.14727030224491902,0.244042392346516,0.006606512192206953,0.0030795247815867395,0.8403028788820223,-0.0060319427408035,0.055284774106271396,0.0072707249870204065,0.0035801870689209617,0.8863477263980747,middle,null_a,22,0,1,4216
7,51,13,0.1373628373591974,0.25319345603221993,0.006600505624092983,0.003079596890817015,0.8395388847605365,-0.0008219628472793029,0.11569770112528405,0.007192828290832989,0.003627959589896207,0.8768516225455848,middle,null_a,22,0,1,4217
8,51,13,0.13436021841600793,0.2549011588673511,0.006599715089651418,0.003086191087337397,0.8394383342207395,-0.005273207804853373,0.08132642946006022,0.007233989796932102,0.003574425006761951,0.8818694725414515,middle,null_a,22,0,1,4218
9,51,13,0.14880257588981233,0.2605863842672636,0.006596146924964711,0.0030801085996489236,0.8389844882319132,0.05231477383376117,0.09154434848553131,0.007218276559565785,0.0036215848937811465,0.8799539287354555,middle,null_a,22,0,1,4219
1,51,13,0.040741646302507116,0.12525702850105538,0.005872895827476065,0.0028154886557668064,0.8735302344850374,0.022825275989832947,0.12604826696931595,0.005113793844174294,0.0025449969166678834,0.8618838177221779,middle,null_a,22,0,2,4221
2,51,13,0.06799341286623986,0.1629239319782303,0.005711063939720267,0.002708611280661933,0.8494594777389176,0.07300294642066793,0.15819163800016975,0.0050277462156930715,0.002682103847550104,0.8473812662308183,middle,null_a,22,0,2,4222
3,51,13,0.05872083706042608,0.14801542098191606,0.005710563141769653,0.0027115023049003512,0.8493849894176397,0.09022622946673578,0.06074416477138094,0.005109644488930127,0.002444583773181694,0.8611844813296868,middle,null_a,22,0,2,4223
4,51,13,0.07532784553752733,0.1893877439261044,0.005638797110855986,0.002691607655259379,0.83871056241371,0.10173370932864603,0.12303340864701873,0.005020367943891447,0.002514078627328881,0.8461377250826314,middle,null_a,22,0,2,4224
5,51,13,0.09488435622436704,0.19957685694609653,0.005621543799486344,0.002661816006160548,0.8361443174863172,0.0936911190075747,0.1681561184158691,0.004946170852932835,0.0024727783048448517,0.8336324747796415,middle,null_a,22,0,2,4225
6,51,13,0.06840574695056421,0.20402039871720729,0.00561514019853869,0.0026585692255066194,0.8351918505600042,0.028793990819307273,0.09363876494114437,0.005034686709899258,0.0024810670714323336,0.848551023914758,middle,null_a,22,0,2,4226
7,51,13,0.08891296481465223,0.21360798535293335,0.005601940204219524,0.002653483137954894,0.833228493049238,0.0839793118274131,0.16785645524759074,0.00493232111773533,0.0024542207998760023,0.8312982268591733,middle,null_a,22,0,2,4227
8,51,13,0.08373667737620795,0.2115265178290968,0.005604959319284589,0.0026645861384582636,0.8336775540181702,0.06329113924050632,0.07313711255730906,0.005053789001374988,0.0024635956098101592,0.8517705428093455,middle,null_a,22,0,2,4228
9,51,13,0.08059504905927382,0.2116506391454866,0.005604695175080381,0.0026565303099966723,0.8336382654022271,0.09877464307844054,0.1283618800049391,0.0049885750513507104,0.002470607376986025,0.8407793198683388,middle,null_a,22,0,2,4229
1,51,13,0.04906248553701346,0.163054961557734,0.006231094395828262,0.003079108528834549,0.8615480203849377,-0.02886986431290229,-0.05357624523389666,0.0029544672059714262,0.002305235590054609,0.9982383440918883,middle,null_a,22,0,3,4231
2,51,13,0.09659866791467656,0.18848119153708243,0.006078210365296977,0.002909416032069487,0.8404093687315648,0.050974342113582614,0.08241592838728964,0.002530343586661629,0.0020654120623031787,0.8549379010968324,middle,null_a,22,0,3,4232
3,51,13,0.17171005246945045,0.22823723591956221,0.005992633539121085,0.002819747888488116,0.8285770098393567,0.046244894346160165,0.06395043994319427,0.002384725927879743,0.0019836651291867966,0.8057374461792178,middle,null_a,22,0,3,4233
4,51,13,0.16404151966233238,0.24217311479640694,0.005971247927129496,0.0027995237828046943,0.8256201084500263,0.1321336890957144,0.1406202124566579,0.0024112927272927757,0.002037345941995376,0.8147136831806937,middle,null_a,22,0,3,4234
5,51,13,0.16691163500223088,0.24535833869953863,0.005968628639589883,0.002804089366955596,0.8252579502397311,0.14192136976947103,0.15405599006238688,0.002302793226720227,0.0019555877818662475,0.7780544975355017,middle,null_a,22,0,3,4235
6,51,13,0.1590767932909201,0.25617047729731324,0.005955820015827944,0.0028020882657396463,0.8234869540478997,0.09799061697795874,0.11692892647591449,0.002262928386016153,0.0018958083240987235,0.7645851950191325,middle,null_a,22,0,3,4236
7,51,13,0.15972749386357613,0.2562077099216298,0.005958098640165886,0.0028030653701376115,0.8238020101460499,0.10335234385867298,0.12330559919893014,0.002308173721632567,0.0019815601925152423,0.7798724281325425,middle,null_a,22,0,3,4237
8,51,13,0.16719451248967931,0.26140582108467547,0.005953213994717338,0.0028004803580978298,0.8231266301326614,0.09928046636907396,0.09618203912818565,0.0022951228622993224,0.001993525827004438,0.7754628790322976,middle,null_a,22,0,3,4238
9,51,13,0.16078229336808345,0.2610301019405807,0.005953909381499503,0.002799986106001411,0.8232227784282125,0.1673642812883319,0.1886086654319875,0.00227446668978331,0.0019733262978373083,0.768483690566105,middle,null_a,22,0,3,4239
1,52,12,0.07121131003827633,0.10132465872187964,0.005970833377876597,0.0028441142668780353,0.8888148687892079,0.27823817973071713,0.0658699484411564,0.00607505879085547,0.002761823667355803,0.8940689179622778,middle,null_a,22,0,4,4241
2,52,12,0.12211868131868132,0.15877663424294325,0.005754328970859305,0.0026297341672002783,0.8565861456048749,-0.011376683018474065,-0.08961866915265528,0.006243196759040717,0.0029189740770987106,0.9188138523668699,middle,null_a,22,0,4,4242
3,52,12,0.16511465613038648,0.17427569231875256,0.005706544453374493,0.0025348514154468634,0.8494729694449463,-0.05546393904602861,-0.07769179235230939,0.0061161774006384395,0.0028083387407638973,0.9001203607914582,middle,null_a,22,0,4,4243
4,52,12,0.13038661563155945,0.19244068347251614,0.005673112564691015,0.0025522312642399037,0.8444963174647251,-0.002776328149462478,-0.06366111530618394,0.006073665525065092,0.0028146977049305745,0.8938638704589494,middle,null_a,22,0,4,4244
5,52,12,0.13191875540190148,0.18170348580729032,0.0056848091252569965,0.002551316458896685,0.8462374608339669,0.018891556204989043,-0.06017252016488556,0.006032001943791568,0.0027064475751499696,0.8877322239498286,middle,null_a,22,0,4,4245
6,52,12,0.12525185825410545,0.18707429026602268,0.005675822674149899,0.002551855739755974,0.8448997428210625,0.12668823713599836,-0.048983614967421756,0.006017852502082888,0.0026222118649614316,0.8856498447542079,middle,null_a,22,0,4,4246
7,52,12,0.13273801703914065,0.20050768575587175,0.00565723334511871,0.00253737252864831,0.842132545849036,0.08310197265421149,-0.07056234814600079,0.006028055329874595,0.002639317469167783,0.8871513991453551,middle,null_a,22,0,4,4247
8,52,12,0.13633712804049883,0.19554741323141037,0.005663816046378313,0.0025315425189385457,0.8431124430235261,0.06289531364158231,-0.08668011214293413,0.006057535643155074,0.002687632303773627,0.8914900290587878,middle,null_a,22,0,4,4248
9,52,12,0.1310273367082356,0.19911404597394936,0.005658743502308207,0.0025372095829629925,0.8423573469914037,0.062436071391295284,-0.07313022478733294,0.006028182616722295,0.0026977006977644304,0.8871701320034413,middle,null_a,22,0,4,4249
1,51,13,0.13616519913504546,0.18483604497155565,0.006038031055347067,0.0028380861136847626,0.8607211148368518,0.021206641459806014,-0.0791422606825637,0.007216081193511334,0.0033662637387908223,0.949059280833867,middle,null_a,23,0,0,4201
2,51,13,0.19760124831735243,0.23450020480700295,0.005855368391037936,0.002746415588945608,0.8346825584561265,0.04869813730573225,-0.1686662648686614,0.007235394270515797,0.003343158867273831,0.9515993374769417,middle,null_a,23,0,0,4202
3,51,13,0.2100593458027816,0.25789858499806917,0.005804153645895146,0.002703858915254328,0.827381898335084,0.0976871230035787,-0.09607870250258756,0.007009682355651854,0.003145406212898837,0.9219136976051192,middle,null_a,23,0,0,4203
4,51,13,0.1960948330512244,0.2540712744769681,0.005810791847717859,0.002713329857219397,0.8283281737717263,0.11488511488511487,-0.07951721161036308,0.007004989901185771,0.00311095701598397,0.9212965458101906,middle,null_a,23,0,0,4204
5,51,13,0.1959687940426248,0.2725031177582287,0.005784582109233062,0.002694769874422324,0.8245919764714095,0.059295135244502334,-0.10388405120756598,0.006915508443751098,0.003062686939476463,0.9095279410282379,middle,null_a,23,0,0,4205
6,51,13,0.22169129279211688,0.2849937091025465,0.005768414563293814,0.0026818073326481348,0.8222872933657003,0.11116731369895927,-0.08099645184333527,0.0068853311343410935,0.0030884859731773696,0.9055590201142225,middle,null_a,23,0,0,4206
7,51,13,0.21252091522849334,0.2935639143626896,0.005757177778174746,0.002689565102130914,0.8206854900417008,0.09154137002238269,-0.07318989415341275,0.006856068229229668,0.0030521776464514103,0.901710361689324,middle,null_a,23,0,0,4207
8,51,13,0.21251222714263432,0.29726528864831436,0.005753439588717085,0.002683370364229722,0.8201526112658257,0.09879993424297222,-0.07903191156141832,0.006860715663674177,0.003076529377015216,0.9023215924492543,middle,null_a,23,0,0,4208
9,51,13,0.21323449119028093,0.294620290323645,0.005758334614154614,0.0026878484861571268,0.820850396969994,0.10352938201039466,-0.06902087343658109,0.006831773703464088,0.0030269107610594605,0.8985151447103334,middle,null_a,23,0,0,4209
1,51,13,0.09474229984420737,0.1744095071901669,0.005213093559991271,0.0025541404522382485,0.852822200434757,-0.09763654067451534,-0.034793318961153515,0.007670384186018742,0.003655294988148601,0.91919791096867,middle,null_a,23,0,1,4211
2,51,13,0.11934547666956598,0.14095977235183865,0.005174745183795539,0.002414152716808401,0.8465486996441058,-0.15034332755851743,-0.10833562728099348,0.007625897423219149,0.003333391820260703,0.9138667387040942,middle,null_a,23,0,1,4212
3,51,13,0.11326039897996107,0.17281765672665877,0.005107589626546282,0.0024238212360773734,0.8355625645506797,-0.04295704295704296,0.13036861517554466,0.007207307689702242,0.003331877865258308,0.8637040872292162,middle,null_a,23,0,1,4213
4,51,13,0.12520746407867667,0.18522095371737507,0.005083337451689622,0.0023977270964785974,0.8315950943933592,-0.06028149066123749,0.12101241222076517,0.007203325227720628,0.003174699971722243,0.8632268398521312,middle,null_a,23,0,1,4214
5,51,13,0.1277387028943102,0.19485518069224134,0.005068729493974623,0.002388511667536056,0.8292053443343972,-0.06533972356757166,0.07836428516566257,0.007245754157105162,0.0032080924990552815,0.8683114069753778,middle,null_a,23,0,1,4215
6,51,13,0.12966795206416565,0.199028432652071,0.005062968822396002,0.0024023603562295624,0.828262942561798,-0.06389812718926642,0.04514396138882107,0.007258390979952415,0.003126865215748288,0.8698257693437776,middle,null_a,23,0,1,4216
7,51,13,0.13740961302524418,0.2038223527497911,0.005056074638679017,0.0023882764624542957,0.8271351068803431,-0.12525449234309993,0.0464290523457253,0.007250368442498526,0.003159026899552143,0.8688643703460944,middle,null_a,23,0,1,4217
8,51,13,0.1494050184689764,0.20602347454859862,0.00505371311006368,0.00237505519547396,0.8267487788762616,-0.10335234385867298,0.01924741708106708,0.007274740797086449,0.003147484207779552,0.8717850868159999,middle,null_a,23,0,1,4218
9,51,13,0.13898195068691876,0.20545615905153441,0.00505439274583697,0.0023855699193725015,0.826859962086193,-0.0943739804499298,0.05772214385198424,0.007237939464873751,0.003137230498389656,0.8673749155820172,middle,null_a,23,0,1,4219
1,51,13,0.027278819039606633,0.15444102044885608,0.006215200009913754,0.002935362300412319,0.8699674611925394,-0.15775363876629697,-0.14375983069824877,0.006447956736970799,0.0032342446803988356,0.9440238456911196,middle,null_a,23,0,2,4221
2,51,13,0.07304028488357057,0.2272249034469078,0.005986961747687388,0.002768063642816687,0.8380199999331511,0.0007207981891526195,-0.03037416673367876,0.005956494110954299,0.002822022005878116,0.8720704413567858,middle,null_a,23,0,2,4222
3,51,13,0.11199811480889585,0.2582654885779123,0.005928985049509268,0.0027198118796477465,0.8299047597410587,-0.009876199749617471,-0.05776530784018488,0.005896172926034663,0.00267099996604682,0.8632390178086133,middle,null_a,23,0,2,4223
4,51,13,0.14349897299413508,0.25358084101664835,0.005940325469215421,0.00268605233445315,0.8314921255739978,0.07876933193388888,-0.13664232465911041,0.005932451124759848,0.002682025960241318,0.868550387917369,middle,null_a,23,0,2,4224
5,51,13,0.11461314630094244,0.27222720687611696,0.005918148587463299,0.002720472604191307,0.8283879349631911,-0.00840931220678056,-0.07300244500296957,0.005880318386201518,0.0027423579121539764,0.8609178074972705,middle,null_a,23,0,2,4225
6,51,13,0.12744129036274693,0.28098689919106434,0.005910463055489646,0.0026942454196555395,0.8273121590061232,0.13329708266417126,-0.04567551261425058,0.005833109890577539,0.0026959630075603425,0.8540061690657172,middle,null_a,23,0,2,4226
7,51,13,0.16021209141085124,0.2887255353414916,0.005903590489863171,0.0026807308597393722,0.826350177338533,0.08129844838705598,-0.07866544479619438,0.005852486732049777,0.0026790233865988384,0.8568430678152213,middle,null_a,23,0,2,4227
8,51,13,0.1414856840932924,0.29242204468363797,0.005900453288920496,0.002680012212511253,0.8259110502412559,0.05461626980614322,-0.08597360376566097,0.00586910737095487,0.002751906439248833,0.8592764401371952,middle,null_a,23,0,2,4228
9,51,13,0.15077304199779526,0.29621690273416346,0.005896560640166033,0.0026797211940959307,0.8253661799637375,0.042223599185624495,-0.08654122035053077,0.005859297615898116,0.0027049282210117034,0.8578402266091378,middle,null_a,23,0,2,4229
1,51,13,0.07354777615472073,0.09274606435072599,0.005205672250057003,0.0023637384637624492,0.8740918498791682,0.016047243895345162,-0.12767990504435917,0.010489907477761006,0.004430329577364338,0.9442592162004916,middle,null_a,23,0,3,4231
2,51,13,0.09959309288115537,0.16324424894667577,0.0049961467939119595,0.002236528910904348,0.8389101317914434,-0.03903691245463397,-0.06366191883093866,0.01012623152377087,0.004318116481466708,0.9115225717645209,middle,null_a,23,0,3,4232
3,51,13,0.15240677272115627,0.19376735931652075,0.0049314581297163484,0.002184053431854255,0.8280481659517126,0.054363358160826505,-0.052231715368861766,0.010097749888778717,0.004137872055798017,0.908958769710898,middle,null_a,23,0,3,4233
4,51,13,0.159162603579689,0.19706777775393225,0.004922466663698168,0.0021625174613421295,0.8265383960723525,0.07166251470048939,-0.11784855104464832,0.010078526094156756,0.00400307498822263,0.9072283211554064,middle,null_a,23,0,3,4234
5,51,13,0.1769194452208363,0.1980979852327186,0.004920235647054517,0.002142289218540677,0.82616378288668,0.07687249459401357,-0.19723907043116815,0.010106670087801695,0.004098594115319781,0.9097617300950239,middle,null_a,23,0,3,4235
6,51,13,0.15472657399704487,0.20394804207765266,0.004911967881021926,0.0021419181302541716,0.824775530503769,0.07558264520289837,-0.1768172704022107,0.010055808218195334,0.004081013930064782,0.9051833494724292,middle,null_a,23,0,3,4236
7,51,13,0.172057905309911,0.21376025468198148,0.0048998509726975665,0.0021368431799475974,0.8227409631504479,0.08969511501157071,-0.1552662956064568,0.010046382291122839,0.00403479474000406,0.9043348654864352,middle,null_a,23,0,3,4237
8,51,13,0.17837537900230468,0.2173191858546603,0.004895476421861552,0.0021431384767386045,0.8220064260822334,0.048546390318542215,-0.13191862034565094,0.010037495641654012,0.004012251543370472,0.9035349250980311,middle,null_a,23,0,3,4238
9,51,13,0.17390570882180825,0.21324319520857943,0.004900176554278308,0.002139757202962638,0.8227956320178922,0.06025619949670581,-0.15869633474428774,0.01004417878368601,0.004015062496325589,0.904136514623036,middle,null_a,23,0,3,4239
1,52,12,0.09968129398691196,0.17029385740655778,0.00562964905906807,0.0026070745951745898,0.8619990629056816,-0.058553386911595874,-0.15095600925939345,0.006474953407927174,0.002828451216660961,0.9395040395498535,middle,null_a,23,0,4,4241
2,52,12,0.09461568094826522,0.181793842282431,0.005531983600060112,0.0025482388775453176,0.8470447498997036,-0.08857113036217516,-0.20463421083579514,0.0064050461374988675,0.0026669413396829137,0.9293606209299002,middle,null_a,23,0,4,4242
3,52,12,0.08441743425114212,0.21280025393212887,0.005466272409818887,0.002523437458395359,0.8369832018678393,-0.08402045715478552,-0.1673401071303215,0.006277140829260528,0.0025079796536816,0.9108017918234745,middle,null_a,23,0,4,4243
4,52,12,0.09938407210766761,0.21974384999494567,0.005454580033773153,0.0024972909339892155,0.8351928918345117,-0.034046550464460916,-0.07997593260171859,0.006116871994685659,0.0024113783240661264,0.887547073525009,middle,null_a,23,0,4,4244
5,52,12,0.126133102852204,0.22398478275026001,0.005449026633391371,0.0024844015826965605,0.8343425677956933,-0.04131092787809206,-0.12358051791459579,0.006159973709858358,0.002369790252546776,0.893801054513768,middle,null_a,23,0,4,4245
6,52,12,0.11663242375601927,0.2303436133334965,0.005441586430161803,0.0024971734478283106,0.8332033407951426,-0.08080576140277634,-0.1520619292813506,0.006175680074628888,0.0024151633861273624,0.8960800196612998,middle,null_a,23,0,4,4246
7,52,12,0.11204044943820225,0.2327739107060105,0.005439753292223362,0.0025029755717362267,0.8329226548823027,-0.07775806283268973,-0.08436573034778062,0.006087470923135763,0.002392819910507385,0.8832810311694913,middle,null_a,23,0,4,4247
8,52,12,0.11634137547845413,0.23536539597509284,0.005437483885714594,0.0024975193908459083,0.8325751685179867,-0.09596075566224822,-0.10113862859647461,0.006089184288551013,0.002405437030160741,0.8835296373952721,middle,null_a,23,0,4,4248
9,52,12,0.11000558093591802,0.2333583897884151,0.005439989503313241,0.002495168784339492,0.8329588229872746,-0.10702431896461749,-0.13844181356272814,0.006122015357557118,0.002428319764804581,0.8882933661838397,middle,null_a,23,0,4,4249
1,51,13,0.08645954818988877,0.17359163566410424,0.006268097074139039,0.003052746401722127,0.8626789676682423,0.024469201684391557,0.16114614528370713,0.005782207992595022,0.0029551459395004073,0.8855430934443838,middle,null_a,24,0,0,4201
2,51,13,0.19362560493371278,0.2248892043674236,0.006081361628388506,0.0028178667561521748,0.8369785454090247,0.008965717826477319,0.10972068385372126,0.005820378527109534,0.0028894625900119215,0.8913888972023418,middle,null_a,24,0,0,4202
3,51,13,0.19082907068116073,0.22831407057335337,0.006063589773424272,0.0027841758465540524,0.8345326028346269,-0.11857762490673883,0.3056061271519977,0.005429426879082625,0.0027884229187251103,0.8315147916315467,middle,null_a,24,0,0,4203
4,51,13,0.19202950885715353,0.2669488915625854,0.006006023392982502,0.002774634710386266,0.8266097348470208,-0.05712009509477863,0.17956469798130173,0.005602699866088545,0.0027254926748285077,0.8580514878417271,middle,null_a,24,0,0,4204
5,51,13,0.19426127635310553,0.26859044562330664,0.0060088101111074555,0.0027608790012299336,0.8269932712037146,0.009446249952579066,0.3049240896794179,0.005447538501509898,0.002704964001964332,0.8342885801517944,middle,null_a,24,0,0,4205
6,51,13,0.20953736066327894,0.2810639699941872,0.005993247562654735,0.002749114987991935,0.8248513957549645,-0.0092439206363257,0.200138950838824,0.005599008795420875,0.0027333516297679654,0.8574862016843705,middle,null_a,24,0,0,4206
7,51,13,0.21797345085664524,0.29102073659014405,0.005984796518602925,0.0027496612531247096,0.8236882775275182,0.027099482795685324,0.22301382263782377,0.0055788812197333105,0.0027775444404909955,0.8544036706407403,middle,null_a,24,0,0,4207
8,51,13,0.21510185318930158,0.2947548175894643,0.005981352985634867,0.0027417225666182678,0.8232143436635593,0.0025164708709012507,0.2142744460514763,0.005588626506546212,0.002764104733072726,0.8558961578431812,middle,null_a,24,0,0,4208
9,51,13,0.21118661464905153,0.29284232459530146,0.005985562053769047,0.002743043555334958,0.8237936382261501,-0.05395869952831978,0.2473614947111942,0.005544331866126706,0.0027627501351497577,0.8491124494483381,middle,null_a,24,0,0,4209
1,51,13,0.051493584898575036,0.15976493794043115,0.005383661601707695,0.0025736527722291414,0.8540676543430378,-0.040883167465445944,-0.05590251855059586,0.004514495741460606,0.002096936874545043,0.9037578666797507,middle,null_a,24,0,1,4211
2,51,13,0.05982282398860386,0.15310330170847375,0.00528612472053309,0.0023937252674715915,0.8385943386929037,0.02333109928046637,0.08522399944605151,0.004172361699075289,0.0018810189336952992,0.8352659796623464,middle,null_a,24,0,1,4212
3,51,13,0.08514830603737145,0.18486418675722494,0.005218530286382189,0.0023673673174366863,0.827871112737618,-0.04654838832054022,-0.00475649378883443,0.004293238709414587,0.0020013333025379254,0.8594643741788347,middle,null_a,24,0,1,4213
4,51,13,0.11838274616970705,0.1992505680160071,0.005192707205885541,0.0023414036329031003,0.8237745220862503,-0.061900125191264435,-0.17195541941814946,0.004383289962849535,0.001913555944089256,0.8774917538369389,middle,null_a,24,0,1,4214
5,51,13,0.1329110786353298,0.21433678872884898,0.005171859707500078,0.002336440172876843,0.8204672610876496,0.011292504963391039,-0.12330409087064498,0.004319868427077781,0.0018925783514063509,0.8647953830453499,middle,null_a,24,0,1,4215
6,51,13,0.12223477991472662,0.21704835437911557,0.005168658697236988,0.0023314442781212355,0.8199594506922009,0.003351079300446389,-0.04141987933384629,0.00423548557128842,0.0019087697671136094,0.8479027611225602,middle,null_a,24,0,1,4216
7,51,13,0.13266731812212829,0.22538171795202133,0.005159177746017158,0.002320584767896132,0.8184553862898816,-0.0390116212901023,-0.0755229335115007,0.0042604434737751615,0.0019488339510228304,0.8528990889518386,middle,null_a,24,0,1,4217
8,51,13,0.11577166755084753,0.2206994548951037,0.005164698705242823,0.00232479362473365,0.819331234930534,-0.004716802185156615,-0.04794565074278236,0.004219261722536473,0.0018652826342053451,0.8446549053758514,middle,null_a,24,0,1,4218
9,51,13,0.13153222588100896,0.22504785557470497,0.005160268937534072,0.0023265865794235207,0.8186284936373037,-0.014327444707191541,-0.10888688799691607,0.004271797791174319,0.0019108236382599374,0.8551721121770077,middle,null_a,24,0,1,4219
1,51,13,0.09101618158050034,0.12097262357356103,0.005647892852681559,0.002696747760412266,0.8725435910128398,0.020953729814489307,-0.007132774508913857,0.005729890283338987,0.0027085971696851523,0.900631186978992,middle,null_a,24,0,2,4221
2,51,13,0.07373636114635299,0.18976151044042378,0.005409474903304954,0.0025909230101427293,0.8357103756638252,-0.11379759481025302,-0.0324254596103302,0.005642576608908673,0.0026723059428217237,0.8869071164727332,middle,null_a,24,0,2,4222
3,51,13,0.059287044968708874,0.18776130738751007,0.005391017312662867,0.0025424470650392515,0.8328588604456061,-0.1522654560629244,-0.0280679724369716,0.00555520960071827,0.002659186608835798,0.8731746629006075,middle,null_a,24,0,2,4223
4,51,13,0.12600619151703532,0.21748670501306389,0.005336910486484184,0.0024837966310074094,0.8244998908894043,-0.12052504457567749,-0.10570955397248004,0.005660669316484559,0.0026697027449785267,0.8897509504545313,middle,null_a,24,0,2,4224
5,51,13,0.09827608612190691,0.23634408545420013,0.005307371800554778,0.002501351456085864,0.8199364560355707,-0.19586742371552493,-0.1435771739146175,0.005707848427320774,0.0027510846074886744,0.8971666209982738,middle,null_a,24,0,2,4225
6,51,13,0.10439641026409639,0.22469438977611506,0.005323421752834171,0.0024964851717396313,0.8224160149370463,-0.07009446249952578,-0.08621568368316423,0.005553639773253251,0.0025413650973735505,0.8729279154930206,middle,null_a,24,0,2,4226
7,51,13,0.11223372252114908,0.2365567670327206,0.005307223976148298,0.0024955665837747137,0.8199136186266762,-0.09366582784304302,-0.06990765506628915,0.005544960604802503,0.0025699832702124744,0.8715637131440651,middle,null_a,24,0,2,4227
8,51,13,0.11196879766609188,0.2427487106240961,0.005298762437781361,0.002486417991241473,0.8186063946292034,-0.13954400030349398,-0.09216180194258534,0.00555523990298178,0.0025968064069491516,0.8731794258475757,middle,null_a,24,0,2,4228
9,51,13,0.10214903715420799,0.24471175910201792,0.005296147538158835,0.0024954663021896895,0.8182024184975222,-0.08714070739387195,-0.06868355702290065,0.005529785978575515,0.0026092964374818195,0.8691785467700223,middle,null_a,24,0,2,4229
1,51,13,0.09351567388335037,0.12336911755127158,0.006399977515931895,0.0028998731445318586,0.8817035310764675,-0.0018336094285461373,-0.16924524295427337,0.00788446485703833,0.003627149690442364,0.9588226361590069,middle,null_a,24,0,3,4231
2,51,13,0.08172655900906739,0.18785330243410397,0.006187646238676139,0.002830045029821957,0.8524513600417516,-0.10120259487348095,-0.09047287623534853,0.007550023515390492,0.0034852604461935244,0.918151527256406,middle,null_a,24,0,3,4232
3,51,13,0.10680371003501091,0.23004041119274407,0.006103388145686279,0.002796179422863978,0.8408434039315946,-0.252418467608341,-0.1984842504784797,0.007613733802783362,0.003734554742368773,0.9258992776511519,middle,null_a,24,0,3,4233
4,51,13,0.11866146490515657,0.24183552405898245,0.006087012099980378,0.0027801381143649773,0.8385873307988345,-0.2237635781939579,-0.1832799936785518,0.007610253692028314,0.003703034856919177,0.9254760645315827,middle,null_a,24,0,3,4234
5,51,13,0.12247092291189061,0.25417500591906267,0.006072072731257326,0.0027626064577423058,0.8365291838565401,-0.19996459236965564,-0.1675686658382844,0.0074966663484491896,0.003622004286247458,0.9116628104706413,middle,null_a,24,0,3,4235
6,51,13,0.12168141884430177,0.2572444490786034,0.006070947698426454,0.0027649037629118457,0.8363741918402264,-0.20368239355581128,-0.17879091784924891,0.007509322096753516,0.003593418443062618,0.9132018645690164,middle,null_a,24,0,3,4236
7,51,13,0.11142931282758406,0.2666890343224451,0.006061306256205698,0.0027624499426447844,0.8350459225409127,-0.16804714273068702,-0.0836603438707938,0.007358642076402805,0.003598526054447686,0.8948778036531776,middle,null_a,24,0,3,4237
8,51,13,0.11461425804652628,0.2672631009896957,0.006061690497428309,0.002763112022854357,0.8350988581710641,-0.16779423108537028,-0.14176298965078873,0.007435802912715096,0.003629550611610278,0.9042612631298395,middle,null_a,24,0,3,4238
9,51,13,0.10859061459437015,0.2726024535020707,0.006056158218565425,0.002761807295079768,0.8343366945859325,-0.18043981335120574,-0.12588176747836824,0.007406484462396006,0.0036206500116077833,0.9006958729184856,middle,null_a,24,0,3,4239
1,52,12,-0.00940822323743672,0.12064277383748713,0.0065249248593245044,0.003276674485911988,0.8845223670848154,-0.018849806909508403,-0.05338028418606417,0.007734688521980935,0.004204058509884951,0.956428130459625,middle,null_a,24,0,4,4241
2,52,12,0.07313055932831214,0.20452506557175612,0.006254494124231199,0.0030265861290111797,0.8478626293722219,0.014716626656925167,-0.10055440923973945,0.0075015214696495126,0.0037350415631624556,0.927596002661283,middle,null_a,24,0,4,4242
3,52,12,0.09515713050993949,0.21840225908804056,0.006213243427937239,0.0029484189650995046,0.842270662519502,-0.13587308214173888,-0.22424566089205772,0.007572941679737177,0.0036581493221806826,0.9364274246140941,middle,null_a,24,0,4,4243
4,52,12,0.08593979503642425,0.2258144506210718,0.006198643699274578,0.00293136447144508,0.8402915153516938,-0.12309779772466342,-0.18602179730807122,0.007540553409956352,0.003701510600836543,0.9324224731248048,middle,null_a,24,0,4,4244
5,52,12,0.08232176811952094,0.2316534554254348,0.006189894136459224,0.0029278571330780745,0.8391054198518607,-0.1440976933514247,-0.20559400452350285,0.007488330024205654,0.0035436103115302877,0.925964822624999,middle,null_a,24,0,4,4245
6,52,12,0.10571912581800223,0.2376008577104581,0.00618177543436406,0.0029223876545784004,0.8380048441747925,-0.12322304561110532,-0.20540556045615257,0.007498912759880622,0.003582062370121015,0.927273424266551,middle,null_a,24,0,4,4246
7,52,12,0.08531566860106186,0.23730499040315964,0.006183388663787986,0.002928560874678249,0.8382235344339857,-0.10481160630414361,-0.12830678405266596,0.007350444351990241,0.0034981733897658943,0.9089146550171662,middle,null_a,24,0,4,4247
8,52,12,0.09292613902950982,0.246814003197022,0.006170841168658578,0.0029255314327384487,0.8365225891614912,-0.12702223149984349,-0.1538833369166163,0.007368375101541766,0.003451520788915118,0.9111318707747973,middle,null_a,24,0,4,4248
9,52,12,0.09616713174465984,0.24915592688977461,0.0061689160072476955,0.0029218997703126396,0.8362616132322833,-0.09349754722889053,-0.12960173000994304,0.007343362458300145,0.003478985812640688,0.9080389478283267,middle,null_a,24,0,4,4249
1,51,13,0.05944058938656843,0.14778029383228933,0.006073881733248467,0.002892689351084827,0.8728094050226521,0.1475107171309703,-0.07140192741675037,0.005914572960800152,0.0027248065899939536,0.9469464817013071,middle,null_a,25,0,0,4201
2,51,13,0.0604617071174611,0.1350622332970487,0.005996376969295692,0.0027758166085381183,0.8616720648696913,0.17029805637400575,-0.05367158259256218,0.005695303378234207,0.0026032847286496033,0.9118405558582947,middle,null_a,25,0,0,4202
3,51,13,0.10069742682778797,0.21946852026430358,0.005841749001033239,0.0027206926127283904,0.839452214219614,0.2359539194982233,0.09120181999025652,0.005409754980690783,0.002419740485609289,0.8661231300692636,middle,null_a,25,0,0,4203
4,51,13,0.05360318390758972,0.2053063071822841,0.005859713415316555,0.002726658961307745,0.8420336786653856,0.10400991413649642,-0.06476165477636221,0.00560839530400067,0.0025694329279585025,0.8979262300612637,middle,null_a,25,0,0,4204
5,51,13,0.11910739841157084,0.218990461342646,0.005839874839374777,0.0026947720559382113,0.839182899472657,0.23339951188052455,-0.02379328924361166,0.0055325876247864555,0.002405042736844061,0.885789121331079,middle,null_a,25,0,0,4205
6,51,13,0.0993157329458639,0.22239343619487542,0.00583620652319772,0.002694960919123847,0.8386557669072653,0.14343883964137127,-0.03912459613501916,0.005540551349859911,0.002474850328968746,0.8870641451560494,middle,null_a,25,0,0,4206
7,51,13,0.11282570645667246,0.23804552372125615,0.005816247782078389,0.0026876119029703486,0.8357877201249241,0.17232134953653938,0.01534076962975387,0.0054609724997287615,0.002397006551147666,0.8743232570735169,middle,null_a,25,0,0,4207
8,51,13,0.09511172878414725,0.22939614057115,0.005828138728366345,0.002684393848371234,0.8374964346193033,0.20881649995574045,-0.03664983149596341,0.005503835305212788,0.002387611444807782,0.8811857614534535,middle,null_a,25,0,0,4208
9,51,13,0.09114057355860537,0.23759291938890162,0.005817938016403795,0.0026868221691725277,0.836030604738207,0.16986810657696733,0.02223373407056943,0.005450799086663571,0.002435169058668101,0.872694453477243,middle,null_a,25,0,0,4209
1,51,13,0.0973552725481357,0.08507551047648929,0.00601053663306776,0.0027055190685340374,0.8865303851721623,-0.23946939136812553,-0.09664740290974544,0.008196206303857602,0.0036383182707313776,0.933731052035113,middle,null_a,25,0,1,4211
2,51,13,0.10363371161780723,0.18388583358468374,0.005729243195990625,0.0026195900849972416,0.8450407155565703,-0.016426611363320225,-0.003105170198133486,0.007824889346215,0.0035111581787787027,0.8914297530384147,middle,null_a,25,0,1,4212
3,51,13,0.10600049443855447,0.19877920279953187,0.005686800060363947,0.0025356249958936334,0.8387805208897543,0.024975024975024972,0.05755191222432273,0.007676388570152739,0.0032726694116101776,0.8745121962175981,middle,null_a,25,0,1,4213
4,51,13,0.14076667293087264,0.2135928045136485,0.0056634213097702295,0.002505775794909144,0.8353322476266539,-0.004236270059054869,0.0019115593434084798,0.007734422075687635,0.003329465947158826,0.8811235093260641,middle,null_a,25,0,1,4214
5,51,13,0.1467005532210728,0.22576429072991694,0.005648383542361187,0.0025181764799692904,0.8331142363995162,-0.020119121384944167,0.019353767809638035,0.007698839317412825,0.0033690181894371926,0.8770698380193019,middle,null_a,25,0,1,4215
6,51,13,0.15816540896673045,0.2285595600909247,0.005646118107598524,0.0025041385475130123,0.832780093730511,0.01716005513473868,0.02222802786902621,0.007681732128238327,0.0033151192043639264,0.8751209468917386,middle,null_a,25,0,1,4216
7,51,13,0.14264259948846525,0.2308588892395452,0.005643931180672974,0.002493318632789252,0.8324575306570269,0.018905145487423967,0.021908667251651567,0.007681662018604514,0.0033302345004087085,0.8751129598377637,middle,null_a,25,0,1,4217
8,51,13,0.1376081625513688,0.22750475820608074,0.005648333697609552,0.0025021600310930502,0.8331068844957571,0.02368517558390976,0.01941535547554269,0.0076801900733604175,0.003272068163416264,0.8749452723820853,middle,null_a,25,0,1,4218
9,51,13,0.142134531756642,0.2336009136329556,0.005642080286592698,0.002498384448893849,0.8321845310994047,0.01986620973962746,0.023585744682145537,0.007669388628585698,0.0032999924339475162,0.8737147464510518,middle,null_a,25,0,1,4219
1,51,13,0.0362711526067634,0.15479203923173518,0.00590073622580987,0.0029203242001619536,0.8637821036648173,-0.05502092843864995,-0.012259916513074523,0.0059685520954707956,0.0031746084793298004,0.9294233509423808,middle,null_a,25,0,2,4221
2,51,13,0.07613472577683428,0.17672348981887837,0.005758307317945293,0.00273402874114982,0.8429325796478271,-0.19910469277557882,-0.1274040588971579,0.005925823149681579,0.002895006072001098,0.9227695965070655,middle,null_a,25,0,2,4222
3,51,13,0.13660837386538127,0.198998252606352,0.005705009445083528,0.002657571720263721,0.835130544955948,0.10519859886948493,-0.01796684341999391,0.005650816058027404,0.00267789635907647,0.8799454729056144,middle,null_a,25,0,2,4223
4,51,13,0.1481449166133166,0.2203596351561652,0.0056704165566005445,0.0026555352760262493,0.8300666483772507,0.07376168135661805,0.024413579147175082,0.005574948626455237,0.0026555455874449495,0.8681313911398368,middle,null_a,25,0,2,4224
5,51,13,0.13351574470566163,0.22215340090208208,0.0056682608387552645,0.002654859972682763,0.8297510825861281,0.04133840842701602,-0.014517821516835675,0.005615555916996607,0.002696847599292848,0.8744547612711439,middle,null_a,25,0,2,4225
6,51,13,0.13094724182508766,0.22476977464631118,0.0056651728384912335,0.00265609283775574,0.8292990441858155,-0.004640928691561603,-0.0511208420397958,0.005651666291174025,0.002696478567602482,0.8800778712708418,middle,null_a,25,0,2,4226
7,51,13,0.1235584983232406,0.23137789241880422,0.005657354456222716,0.0026567479181871505,0.8281545465460775,-0.024772695658771604,-0.06351169567033482,0.005654581102027325,0.0027363131884388173,0.880531765821363,middle,null_a,25,0,2,4227
8,51,13,0.11943968681385739,0.23122610302877705,0.0056580380272778265,0.0026529563309018226,0.8282546114229661,0.00899100899100899,-0.054563627396859465,0.00564082712375631,0.0026579612481957113,0.8783899953602934,middle,null_a,25,0,2,4228
9,51,13,0.11819988460904353,0.2334681846347047,0.005655143726536216,0.0026501299930446628,0.8278309278201825,-0.002238268061052871,-0.04237877427714724,0.005621251072939974,0.002685121013658681,0.8753416113541047,middle,null_a,25,0,2,4229
1,51,13,0.09168689357366583,0.162521657823045,0.006448098958715609,0.003144544422271028,0.8677548742832336,-0.12770773530267202,-0.19262121034273222,0.002961344467096346,0.002263291957308162,1.0035295274890799,middle,null_a,25,0,3,4231
2,51,13,0.12843745558164635,0.2345065908762168,0.006211546010330591,0.0029721021572820935,0.8359206894635799,-0.0800591813250041,-0.058763203379136944,0.0024492972666356094,0.0019064479265508117,0.8300088544164492,middle,null_a,25,0,3,4232
3,51,13,0.13017054341959433,0.26180354152613383,0.006151129962143349,0.0029268203281145404,0.827790181443298,-0.1653662792903299,-0.22344609245710087,0.003088297577150031,0.0024383740729699587,1.0465509307608052,middle,null_a,25,0,3,4233
4,51,13,0.12928341161943777,0.2975985753180675,0.006093791599975908,0.0029118547024431286,0.8200738539531681,-0.13155199231148598,-0.18869355456005585,0.002789231794897366,0.002198587741573866,0.9452046177982866,middle,null_a,25,0,3,4234
5,51,13,0.11414674844063269,0.29846420247030414,0.006097345181803736,0.002927828296139763,0.8205520783061138,-0.1489523135092755,-0.2051525185366638,0.002803383431632893,0.0022352957709157167,0.9500002724356297,middle,null_a,25,0,3,4235
6,51,13,0.15161730982932975,0.3022900683671304,0.006097365698583885,0.002908079525676152,0.820554839358029,-0.18772366873632695,-0.24984566411860284,0.002777564869216486,0.002246834518937651,0.9412509729096649,middle,null_a,25,0,3,4236
7,51,13,0.14228655267129406,0.30385342076340177,0.00609568013071616,0.0029092650821924077,0.8203280035506819,-0.1675413194400536,-0.19837596542425118,0.0027601842820859056,0.00223503163748438,0.9353611034316516,middle,null_a,25,0,3,4237
8,51,13,0.14930702015454744,0.3037324783687716,0.006099966532811031,0.002907794514127182,0.8209048474134664,-0.18592799605457833,-0.23312323977187355,0.0027931187126167168,0.002261073639463465,0.9465218021872117,middle,null_a,25,0,3,4238
9,51,13,0.14393992423330318,0.310131954041437,0.006089912020179839,0.00290554422251859,0.8195517583247102,-0.18974696189886062,-0.2322192930454925,0.0027790004005730897,0.0022571384909011866,0.9417374404989625,middle,null_a,25,0,3,4239
1,52,12,0.02726781084084455,0.14510978276737257,0.0055604562496319575,0.0026383780342569686,0.8629910481388791,0.10639807953240792,0.014813298369036087,0.008830356118056425,0.00370346076183461,0.9216460875199801,middle,null_a,25,0,4,4241
2,52,12,0.05007936782318805,0.1794556320263829,0.005399589444461974,0.002506156180717376,0.8380242816413302,0.24179104477611948,0.03250196616053873,0.00870863213558768,0.0034151766319661402,0.9089414546943266,middle,null_a,25,0,4,4242
3,52,12,0.0317312260772935,0.19447325157658196,0.0053575053973027136,0.0025103704232386204,0.8314927751718206,0.3034547542010229,0.033795798312186306,0.008616989926033181,0.0032274964677024387,0.8993765308386644,middle,null_a,25,0,4,4243
4,52,12,0.0450709470304976,0.20393942592048947,0.005339175046101397,0.0024807226631942654,0.8286478775077081,0.3234944160317295,0.17667248325567708,0.00840715805998896,0.003231923534275036,0.8774758604929663,middle,null_a,25,0,4,4244
5,52,12,0.0651682429929621,0.2115751681443901,0.005328300316460248,0.0024832428703174545,0.8269601033557465,0.37626552551925696,0.13813156931491044,0.008435719436142085,0.0032422445204014997,0.8804568818961562,middle,null_a,25,0,4,4245
6,52,12,0.06221291517471293,0.21672379080631204,0.0053209197280597855,0.0024632869578278408,0.8258146251011486,0.33489197369794393,0.15367383401578041,0.008438858505566254,0.0032163012528498426,0.8807845143284794,middle,null_a,25,0,4,4246
7,52,12,0.0439689838251636,0.2235309759872552,0.00531311001350343,0.002462111689430239,0.8246025458313763,0.41438263229308014,0.13732320279487292,0.008420046413463214,0.003294857086678774,0.8788210497917118,middle,null_a,25,0,4,4247
8,52,12,0.05837066304482035,0.22953223214241586,0.005306453219030261,0.002452819323219784,0.8235694014666445,0.43851372508088937,0.17674635605331326,0.008391499206935247,0.00322186764183197,0.8758415073073123,middle,null_a,25,0,4,4248
9,52,12,0.05146343993085566,0.22434386853127522,0.00531255005768276,0.002460421158971662,0.8245156398583955,0.3368124412900533,0.1236817173668946,0.008444431151279852,0.003283576185278772,0.8813661451314059,middle,null_a,25,0,4,4249
1,51,13,0.09349158606236678,0.17879225468744908,0.00497613157594113,0.002430251682569278,0.8528529642107862,0.019916792068690802,-0.11596788217281047,0.007339915264742088,0.003162976504710001,0.945491126938477,middle,null_a,26,0,0,4201
2,51,13,0.10500045869799274,0.1969219588372489,0.004863347722558591,0.0023391842944561173,0.8335230807049985,0.046295476675223504,-0.11853460046336953,0.007195790714191363,0.0029459888160364663,0.9269257240959831,middle,null_a,26,0,0,4202
3,51,13,0.1381003776146815,0.23075689600696725,0.004788022329287407,0.0022897457008770996,0.8206131558062536,0.04766119955993373,-0.13947503853751156,0.007156932170832649,0.0029489910446126055,0.9219201611397043,middle,null_a,26,0,0,4203
4,51,13,0.13172122263026487,0.23752911292657047,0.004774093321928626,0.002298408231833459,0.818225880664277,0.04895104895104895,-0.09702904504570753,0.007081340016610854,0.0029727301638760705,0.9121827583898127,middle,null_a,26,0,0,4204
5,51,13,0.1380124261862696,0.25512701307796837,0.004743873837049304,0.002271893413714052,0.8130466009641861,0.028111129376952163,-0.1407223514985379,0.007106471870859973,0.002916049655002159,0.9154201179967001,middle,null_a,26,0,0,4205
6,51,13,0.16829345241144203,0.2540081990327906,0.004746044061137918,0.0022538773092879356,0.8134185529551513,-0.002238268061052871,-0.12809839658794492,0.007058392363017296,0.0029257230886878213,0.9092267565731447,middle,null_a,26,0,0,4206
7,51,13,0.1518558410207109,0.2592923545665137,0.004737855190728374,0.0022660798331386274,0.8120150727023213,0.03311877995422299,-0.1232512584042605,0.007052925103771554,0.002923574024471854,0.9085224916165241,middle,null_a,26,0,0,4207
8,51,13,0.15698411752023744,0.2691185163310096,0.0047226330320448385,0.0022584067306072493,0.8094061659729036,-0.018551069183980574,-0.12977445193761006,0.007078123252332859,0.002970674124874307,0.911768390924713,middle,null_a,26,0,0,4208
9,51,13,0.15710241548551246,0.2638580483004752,0.004730723185996384,0.002254953722842263,0.8107927273355204,0.0062089808925251955,-0.12898997195109566,0.007062916902351565,0.002963364919675826,0.9098095850718038,middle,null_a,26,0,0,4209
1,51,13,0.13544281156011173,0.17906088985113122,0.0053326536447114445,0.0025660057572093366,0.8479483250317371,0.02201595872481948,-0.059577617925738915,0.009383737273143315,0.0043071610915768515,0.9184378501321625,middle,null_a,26,0,1,4211
2,51,13,0.15519128365109766,0.19703773446789424,0.005204089281781476,0.002377375144662071,0.8275052316923912,-0.030690828159182584,-0.037040852743858245,0.009179146091172664,0.004086853271495508,0.8984133886776722,middle,null_a,26,0,1,4212
3,51,13,0.1553988918449426,0.24592090058276378,0.005107094753757191,0.002322199445010477,0.8120820759700985,-0.013391671619519721,0.0658880295942345,0.008978029554861672,0.00397395947053734,0.87872900985729,middle,null_a,26,0,1,4213
4,51,13,0.15837697003376247,0.25489580602256057,0.005090789479214023,0.0022953751253069767,0.8094893648811694,-0.061900125191264435,0.0408828733423815,0.008985216885553114,0.003952096750792534,0.8794324733448419,middle,null_a,26,0,1,4214
5,51,13,0.18612453395213366,0.26972846925040395,0.005070280309183999,0.0022637930602358715,0.8062281899514987,0.019233930626335684,0.05964286396568311,0.008943419282280974,0.003922435193829463,0.8753415125930089,middle,null_a,26,0,1,4215
6,51,13,0.18648963943702518,0.27296154861734406,0.0050675084293050066,0.0022675650369769636,0.8057874317367003,-0.048647554976668894,0.01921369558682524,0.008981379100480484,0.0039260577956301826,0.8790568482640477,middle,null_a,26,0,1,4216
7,51,13,0.17057566021629134,0.27930778860326416,0.005060085468312764,0.002274945477386806,0.8046071024373486,0.028338749857737197,0.021222287385412937,0.00897038501444948,0.003896063448582758,0.8779807967459194,middle,null_a,26,0,1,4217
8,51,13,0.17231121859998125,0.28503872268369806,0.005053788934630978,0.002282654552652838,0.8036058869929005,0.004185687729991527,-0.01648766842171057,0.009009403412313892,0.003923818086774461,0.8817997414165845,middle,null_a,26,0,1,4218
9,51,13,0.18161228803335167,0.2879592467864917,0.005051354609962629,0.002272861902358173,0.8032188036264126,0.013012304151544658,0.03666523435559669,0.008942917790962209,0.0038963152877025233,0.8752924288862447,middle,null_a,26,0,1,4219
1,51,13,0.12865375186135034,0.20035661194264048,0.006080413270069987,0.002855573149496533,0.8551672413701981,-0.2513309475334791,-0.17278971870881368,0.004968186600265542,0.0027515169508203824,0.9536227849536036,middle,null_a,26,0,2,4221
2,51,13,0.15431082232444424,0.23925863498316258,0.005931315513529234,0.002666576953088175,0.8341976934970198,0.11331706268415129,0.08774226452217068,0.004355480849699087,0.0022629759356762222,0.8360164607102589,middle,null_a,26,0,2,4222
3,51,13,0.13207562241694148,0.25345034180951675,0.0059060974789209904,0.0026505595119051756,0.8306509547917967,-0.04267884014719457,0.03980804726782963,0.004337066567361803,0.0022404132428679177,0.8324819156904595,middle,null_a,26,0,2,4223
4,51,13,0.16198376093813535,0.2933689082705511,0.005856542895631362,0.0026595506549501025,0.8236814521598557,-0.12353469315494629,-0.13319057554602304,0.0045193471538730635,0.0022914945047214966,0.8674699172567761,middle,null_a,26,0,2,4224
5,51,13,0.1697664741342919,0.3164243546694875,0.00583541905748232,0.002659686118494397,0.820710533310312,-0.010710808179162609,-0.13806097991200109,0.004518860952340036,0.0022447668928834595,0.8673765928917152,middle,null_a,26,0,2,4225
6,51,13,0.1673420452462335,0.32431164712913163,0.005832068060082852,0.0026437379319147543,0.820239239160612,-0.03663425182412524,-0.10076184214458765,0.004452212740189736,0.002200141250810255,0.8545837453606764,middle,null_a,26,0,2,4226
7,51,13,0.16337047826306797,0.32205494885137326,0.0058360168465602085,0.0026432784754911775,0.8207946081279195,-0.058713438460273895,-0.13224721732220268,0.004468921692605764,0.002217664463407164,0.857790959384356,middle,null_a,26,0,2,4227
8,51,13,0.17917834754418693,0.32585436502384185,0.005833106061478545,0.002646086049408535,0.8203852267359077,-0.08013505481859912,-0.18251825881352518,0.0045037897872663105,0.002241075902837535,0.8644837453466303,middle,null_a,26,0,2,4228
9,51,13,0.16748838390567913,0.32796763801721496,0.00583384463657457,0.002646246450377859,0.8204891021140044,-0.05325054692143299,-0.15413628292895834,0.004480572262657064,0.002200244209631532,0.8600272379206784,middle,null_a,26,0,2,4229
1,51,13,0.07817593184456051,0.17622491851825106,0.005939157321349347,0.002947488979830751,0.8679918256563071,-0.013467545113114732,-0.10954144396413186,0.007863438726224517,0.0037389772594650173,0.9772197893088819,middle,null_a,26,0,3,4231
2,51,13,0.10191676467870633,0.22959143737435972,0.005740829057878865,0.0027704123862611982,0.8390066848064134,0.027858217731635455,-0.028608544185901086,0.007537978887726303,0.003532400085967233,0.9367736427972995,middle,null_a,26,0,3,4232
3,51,13,0.08835515676189191,0.23927748997261017,0.005704927768779708,0.002745728928544322,0.8337598082240107,-0.05620961317163849,-0.03766347288011181,0.007499676902270449,0.00354120299791008,0.932013707677254,middle,null_a,26,0,3,4233
4,51,13,0.08829314606377006,0.251830564827246,0.005679610493842307,0.002725706844660058,0.830059756768131,-0.013998659568279821,0.0031018780280877923,0.00738798634110375,0.0034844680663650243,0.9181334918516878,middle,null_a,26,0,3,4234
5,51,13,0.09500084245609798,0.2514913009097508,0.005679309856560967,0.0027184506017745953,0.830015819440229,-0.007903488916147144,0.007078918941192296,0.007358373807131492,0.003414208338336188,0.9144534283048372,middle,null_a,26,0,3,4235
6,51,13,0.09849431766244207,0.25805478269283955,0.005669355815315185,0.0027050182391303527,0.8285610631564502,0.029957384387764133,-0.015006455356240837,0.007388755983981853,0.0033957688156594245,0.9182291383337635,middle,null_a,26,0,3,4236
7,51,13,0.09735453138441312,0.257787905241529,0.005669778771316339,0.002706831417503138,0.8286228770353811,0.038531089164000554,-0.01622539585167223,0.007393221852769862,0.003399338482376308,0.9187841290328765,middle,null_a,26,0,3,4237
8,51,13,0.09462618419433771,0.25683993428730767,0.005671151097816874,0.002709236273496907,0.8288234388525119,0.03671012531772025,0.0061949758339714875,0.007348973472017088,0.00341763033767353,0.9132852124873354,middle,null_a,26,0,3,4238
9,51,13,0.10113689573951092,0.25699382284633465,0.005671472834780209,0.002701344368399219,0.8288704598420354,0.03820230402508883,-0.002168046537501337,0.007354803725916545,0.0033666958821144065,0.9140097605744519,middle,null_a,26,0,3,4239
1,52,12,0.11646751450796396,0.22182917511504757,0.006276153782590742,0.003034558337945435,0.850565173654014,0.017430330863166685,0.05547713644433393,0.006514485210565106,0.0034207625434794883,0.9140629725646713,middle,null_a,26,0,4,4241
2,52,12,0.11603575750092604,0.22057187601504263,0.006207852967306849,0.002921690362064025,0.8413088206669662,0.01763907734056988,-0.003835885188329464,0.006416987685526231,0.0029227351441775996,0.9003828620610509,middle,null_a,26,0,4,4242
3,52,12,0.1662692184220274,0.2688441841315266,0.006114353893580758,0.002840194368853355,0.8286375161331417,0.03888946874021501,0.1394437853252868,0.006152728471841349,0.0029080347421003095,0.8633040208969532,middle,null_a,26,0,4,4243
4,52,12,0.18721293986911966,0.2711275733705976,0.006114745450235452,0.0027774793233378866,0.8286905811894695,-0.0008558605573530947,0.11917009062289873,0.006156893555107771,0.002872044134971038,0.8638884336737772,middle,null_a,26,0,4,4244
5,52,12,0.17280128410914927,0.28286879387208286,0.00610076638690042,0.0028017083970930732,0.8267960921688111,0.020937271683540343,0.12300309151826547,0.006140328512933086,0.0027860734016612754,0.8615641530588953,middle,null_a,26,0,4,4245
6,52,12,0.15998182491665638,0.28514424048289555,0.006100349484057463,0.0028127971818876904,0.8267395921129967,0.1256445047489824,0.20853289756005572,0.0060270697098525425,0.0028348289330047483,0.8456725400048013,middle,null_a,26,0,4,4246
7,52,12,0.18300693912828744,0.2900316106689027,0.006096000486695254,0.0028055563842338347,0.8261502015682861,0.026114184323139552,0.12324414801728958,0.0061543442967908635,0.0028825838326125043,0.8635307411532372,middle,null_a,26,0,4,4247
8,52,12,0.17629939498703542,0.29782649990258986,0.006087296461280375,0.0028013134154248834,0.8249706031796947,0.1250182653167728,0.1943029522807604,0.006039200240037846,0.0027702512579302796,0.8473746036555072,middle,null_a,26,0,4,4248
9,52,12,0.18037313248549205,0.2986112961364643,0.006087076381306507,0.0028003175346094163,0.824940777211805,0.07805030790105419,0.1384247814044314,0.0061208150054305075,0.0027970659137608648,0.8588261662346958,middle,null_a,26,0,4,4249
1,51,13,0.05976311913317443,0.14043120262805076,0.006409574672999656,0.003124344818561886,0.878153688260756,0.07444454279897317,0.043028969899235395,0.007874034194473892,0.003935950928111895,0.908066044811609,middle,null_a,27,0,0,4201
2,51,13,0.07810000373875921,0.18412878001593805,0.006235414157993589,0.002974821220075448,0.8542925576234565,0.0847633379278949,0.03115393656669487,0.00769536791716239,0.003528904528746341,0.8874615140498133,middle,null_a,27,0,0,4202
3,51,13,0.0768229786447673,0.20860502664145997,0.006174042967309077,0.0029232327616620147,0.8458843027544425,-0.017665878425372095,-0.02472775937903835,0.007744728302845687,0.0036117537349513204,0.8931539569692589,middle,null_a,27,0,0,4203
4,51,13,0.08747420132609011,0.20832828244683632,0.0061711812023751665,0.0028997531870221978,0.8454922222249441,0.024848569152366617,0.009546952071556139,0.007646426879771948,0.003511355320597543,0.881817432102175,middle,null_a,27,0,0,4204
5,51,13,0.11591677093742221,0.21766627857423182,0.006157184337175601,0.0028856631062685574,0.8435745600669753,0.06273473362080956,0.016440313612371124,0.007615219922192484,0.003503553592072,0.8782185172587934,middle,null_a,27,0,0,4205
6,51,13,0.13044535045761918,0.2272974121157883,0.006142872382660411,0.002877698442326843,0.8416137286101429,0.03868283615119058,-0.00973510214928767,0.007649121030894189,0.0034723530605911524,0.882128132702817,middle,null_a,27,0,0,4206
7,51,13,0.12762979300285446,0.2208939945230905,0.006152481461320385,0.0028771465038022184,0.8429302352890634,0.05077201279732924,-0.0005214022692111624,0.007641332541993605,0.0035396512673448867,0.8812299320935314,middle,null_a,27,0,0,4207
8,51,13,0.1060115707186307,0.22294785443560772,0.006149530582495822,0.0028865896383572015,0.8425259455731925,0.06893106893106893,0.025152808921167568,0.0075964579305194645,0.003479381738642433,0.8760548071261571,middle,null_a,27,0,0,4208
9,51,13,0.11002723694328925,0.2270679834273397,0.006144070151165114,0.00288068649428949,0.8417778307360636,0.05603257501991679,0.019997246965512017,0.007604741098779468,0.0034867727621483535,0.8770100561960239,middle,null_a,27,0,0,4209
1,51,13,0.10442580975842508,0.14553793040712731,0.005624609427986441,0.002667993334244743,0.8669998200593473,0.13643318706609844,0.11849495718533329,0.0037520142765182316,0.0021382659651317817,0.8095973591274274,middle,null_a,27,0,1,4211
2,51,13,0.12265617266677131,0.19166318357628487,0.005434071198258859,0.002503523439801108,0.8376294943499267,0.050822595126392596,0.09122350297801425,0.0035917683805178763,0.002056072133983149,0.7750200242209924,middle,null_a,27,0,1,4212
3,51,13,0.09328060145600789,0.20914778788986144,0.005389537264347066,0.002468109282646243,0.8307648554479004,0.07760593836543203,0.05561121654532829,0.0036604058362114966,0.002056984814805381,0.7898303897397365,middle,null_a,27,0,1,4213
4,51,13,0.10690586710143878,0.23074455269061772,0.005353230286551303,0.002443039527946044,0.8251683525051007,0.10858761491672883,0.07764706634584016,0.0035865015275313066,0.0020270211163702107,0.7738835599235282,middle,null_a,27,0,1,4214
5,51,13,0.13698900261268446,0.23827215701845106,0.00534335779343676,0.0024155038968701396,0.8236465668836392,0.0704232476384375,0.04578319217848596,0.0036308374050356327,0.002060973626024334,0.7834502104468861,middle,null_a,27,0,1,4215
6,51,13,0.14997707333551508,0.24471527992403105,0.005335494549564477,0.00241091204731505,0.8224344949860901,0.09444985394352481,0.07519456104851896,0.003606603039066374,0.002058540496692999,0.7782209982843337,middle,null_a,27,0,1,4216
7,51,13,0.13063558247974605,0.2437609049977131,0.005337073550625643,0.0024176312433668782,0.8226778885325101,0.11453103858167149,0.07709301915141964,0.0035795406518008416,0.0020819709888552944,0.7723815649434269,middle,null_a,27,0,1,4217
8,51,13,0.15359794635061688,0.25554847321793256,0.005323015366228552,0.0024101655894271973,0.8205109036958399,0.09381757483023305,0.08179448333788121,0.003569410385706493,0.002038663916860083,0.770195689284965,middle,null_a,27,0,1,4218
9,51,13,0.15063963252773227,0.2586318668157015,0.005318734256257605,0.002411457183636093,0.8198509962619126,0.08370110901756471,0.08160251447619003,0.0035790346914837045,0.0020860208334570734,0.7722723904823539,middle,null_a,27,0,1,4219
1,51,13,0.0535716844493804,0.16263327228304955,0.006852898355852561,0.0033315129995160533,0.8695852469159382,0.005804322260018462,-0.09396504508087704,0.004944559512477363,0.003210369427017197,1.0809414942235773,middle,null_a,27,0,2,4221
2,51,13,0.09652109277838067,0.2078845783820941,0.006686799197266414,0.0031440730571887805,0.8485084163062575,0.07550677170930335,0.07121773426654206,0.004275011357593706,0.0027140606673576517,0.9345700366309951,middle,null_a,27,0,2,4222
3,51,13,0.10468958169213607,0.2347326342561894,0.006632161171521195,0.0030826094230338107,0.8415752299898315,0.17166377925871595,0.15311714203752239,0.004158534016921992,0.0026952903011832523,0.9091066580729747,middle,null_a,27,0,2,4223
4,51,13,0.10866156043292524,0.23470371260150485,0.006635212711084427,0.0030727285063279278,0.8419624491848018,0.13524450233310992,0.09339275149387329,0.004220827965866786,0.002750214455222123,0.9227248811085261,middle,null_a,27,0,2,4224
5,51,13,0.106262413462959,0.24552927051268653,0.006622921295198735,0.003071753459232924,0.8404027538029525,0.033194653447818,0.14980669450168616,0.0041448366580356475,0.0027860229138381275,0.9061122470351141,middle,null_a,27,0,2,4225
6,51,13,0.1024406439032778,0.2474183500259628,0.0066244780759081535,0.0030751554522330713,0.840600298471981,0.05577966337460009,0.048113737960577725,0.004233037887498055,0.002758875596024459,0.9253941200769624,middle,null_a,27,0,2,4226
7,51,13,0.09193942452425112,0.2612013848379363,0.006609692555377222,0.0030835953909175463,0.8387241185180364,0.007448247954577068,0.13534007410237014,0.004138759831195728,0.002777713787683508,0.9047837779838459,middle,null_a,27,0,2,4227
8,51,13,0.10216324279222397,0.2712101536661418,0.006596926213447288,0.0030824572914734567,0.8371041583168357,0.011520125444176077,0.09362245460777391,0.004196733643734235,0.0028113828654546,0.9174575660923874,middle,null_a,27,0,2,4228
9,51,13,0.10813311069873126,0.2708856802104911,0.006599135046036377,0.00307820299546441,0.8373844438445991,0.047205958598363656,0.11815454892294976,0.004166467766341309,0.00278435925859198,0.9108410732277468,middle,null_a,27,0,2,4229
1,51,13,0.08072845852933681,0.16932937252742147,0.005246688450190823,0.0024821430013880832,0.8571867940314226,-0.10542621935026998,0.05041106292234171,0.006950414963878111,0.0032723339268505625,0.8979756178216574,middle,null_a,27,0,3,4231
2,51,13,0.15712131516043804,0.202776256144887,0.005107849270910091,0.0023160841047173246,0.8345037031440123,-0.11405050645556973,-0.05266833968306787,0.006996287753140636,0.003162838174379523,0.9039022634238696,middle,null_a,27,0,3,4232
3,51,13,0.15767500563696182,0.22807844026216123,0.005050503189409746,0.0022661536290515968,0.8251346879607766,-0.029653890413384083,-0.0017684571695183108,0.0068652451487028095,0.003091167791409844,0.8869718982165298,middle,null_a,27,0,3,4233
4,51,13,0.1712573249622459,0.2352423921193743,0.005035571381498276,0.0022493925137226354,0.822695178034804,-0.08142490420971434,0.03266505860933283,0.0067746359471051905,0.002999754667920868,0.8752654239689043,middle,null_a,27,0,3,4234
5,51,13,0.1475678383037694,0.23075632973370502,0.005040074704641593,0.0022439136534542115,0.8234309162369775,-0.06640195247790184,0.07804222595155241,0.006707506776550018,0.0029115649051982316,0.8665925089391661,middle,null_a,27,0,3,4235
6,51,13,0.161472069739224,0.23729169385876603,0.00503160774847177,0.0022349515478876803,0.8220476126382759,-0.09518329771494327,0.043289553546733264,0.006740674877280203,0.0029359807636283285,0.87087774167706,middle,null_a,27,0,3,4236
7,51,13,0.17327979605809601,0.2480714317724004,0.00501757218183483,0.002224879329978708,0.819754527679611,-0.0824871331200445,0.028568393974949848,0.006756685212092709,0.0029458705709090533,0.8729462354820356,middle,null_a,27,0,3,4237
8,51,13,0.1684290441969104,0.2501823910870642,0.005014985679260974,0.002231564732721286,0.8193319533510444,-0.07679662110041856,0.01329298891385667,0.006772906676063731,0.0029481164774480427,0.8750420066276511,middle,null_a,27,0,3,4238
9,51,13,0.16948499662276395,0.2523095139697735,0.00501289432480683,0.002230664418121875,0.8189902747023596,-0.06404987417645645,0.006891970937862328,0.006776579053604977,0.0029557640799309057,0.8755164682977261,middle,null_a,27,0,3,4239
1,52,12,0.0754519323373256,0.17398510164197245,0.006566366588115283,0.003203393576096462,0.8642118851107274,0.08944786556726855,0.03451628821629399,0.002986774181408356,0.0024876757590553728,1.0351934713983384,middle,null_a,27,0,4,4241
2,52,12,0.0765160143227559,0.21291251166566935,0.0064083807525473,0.0030507097484475496,0.8434190714679258,0.055004696795741576,-0.024872348598191273,0.002447230723129688,0.0020019031461098527,0.8481917660058019,middle,null_a,27,0,4,4242
3,52,12,0.10887363872082975,0.2285641051607508,0.006375538592068256,0.002958530786011565,0.8390966528155657,0.12201231604216682,0.0853852097110726,0.0023183961081185605,0.0019380205601984633,0.8035386572506066,middle,null_a,27,0,4,4243
4,52,12,0.14283442400296334,0.2696293330120966,0.006321755495012721,0.0029363196462719207,0.8320181580240043,0.1829245381484188,0.15164439484993641,0.002357990217889923,0.0020025059225361307,0.8172616779584582,middle,null_a,27,0,4,4244
5,52,12,0.10696965057414495,0.27538146100084804,0.006321817499105145,0.002946876167135732,0.8320263184994938,0.1603381692933932,0.08545783700273656,0.002351056669979128,0.002034809161401913,0.8148585623913154,middle,null_a,27,0,4,4245
6,52,12,0.1330631929867885,0.2868577092873414,0.006312548500807964,0.002936191931818107,0.8308064081603433,0.21457050412274298,0.17391099377999678,0.00228585320182502,0.001972280865403801,0.7922595306446854,middle,null_a,27,0,4,4246
7,52,12,0.12696248919619707,0.29323949590151993,0.006309494617337466,0.0029325297443539215,0.8304044807998265,0.1636781129318443,0.11782079868741911,0.002232596631795291,0.0019187690745521328,0.7738012039499476,middle,null_a,27,0,4,4247
8,52,12,0.13199832078034326,0.30132860858919347,0.006302836938346514,0.0029300786983449353,0.8295282511172427,0.20851685627805036,0.17845460404211674,0.002243981227365146,0.0019359638414704961,0.7777470191648318,middle,null_a,27,0,4,4248
9,52,12,0.12164533893073219,0.30609268444679494,0.006299373739117048,0.002944930219359145,0.829072452938075,0.21022857739275655,0.19535236499629535,0.0021857306367759053,0.0018750721803013916,0.7575578024980915,middle,null_a,27,0,4,4249
1,51,13,0.0498828302506138,0.16559530438444522,0.006062652227736229,0.0029915065868039515,0.8706132256096801,-0.1584365002086521,0.14583080890120997,0.004204504773865895,0.002687465224863033,0.908500209851749,middle,null_a,28,0,0,4201
2,51,13,0.1651454830271037,0.21523228357719265,0.005877927004426777,0.0027989786838614255,0.8440861848895889,-0.006815968841285297,-0.037051877836029756,0.004457943533124449,0.0026456701662009,0.9632627034995458,middle,null_a,28,0,0,4202
3,51,13,0.1552745822183623,0.22764795960891054,0.005842374215722412,0.0027669961782364034,0.8389807084593692,0.0008725451763426445,0.09969337307705187,0.00413354482821622,0.002493161693131769,0.8931673397562006,middle,null_a,28,0,0,4203
4,51,13,0.14969954869717417,0.22277893308884025,0.005848392010880057,0.0027608976132679963,0.8398448800886251,0.023811631406568116,0.08457213773638259,0.0041556060827684016,0.002504426773978654,0.8979342874630577,middle,null_a,28,0,0,4204
5,51,13,0.16863282304485538,0.23061357280459888,0.0058357039395462275,0.0027482224112041743,0.8380228387945238,-0.008459894535843903,0.11392608640423652,0.0040519748882714285,0.0023933987255330556,0.8755418852631857,middle,null_a,28,0,0,4205
6,51,13,0.1816110115847184,0.25044888087969713,0.005807284504070388,0.002741308962919545,0.8339417311439098,-0.07535502472211332,0.030703022631705993,0.004224311738900476,0.0025094131673960907,0.9127800556025,middle,null_a,28,0,0,4206
7,51,13,0.19336343885473403,0.2527452330316837,0.005804860235332392,0.0027406984766063453,0.8335935996089892,-0.02889515547743396,0.034583140543090606,0.004188670535613661,0.0024855195886837136,0.9050787822285927,middle,null_a,28,0,0,4207
8,51,13,0.17015142633664346,0.24808514304209972,0.005811886205055593,0.0027438686469447348,0.834602547827356,-0.048167022850567155,0.05228131830985151,0.004166775249595874,0.002483949091686989,0.9003476966402096,middle,null_a,28,0,0,4208
9,51,13,0.173841515808281,0.2457423848526485,0.00581584784607278,0.0027385915036457213,0.8351714501715977,-0.03332110927047636,0.06860406342512039,0.00412894595885941,0.0024820366540389627,0.8921736261084691,middle,null_a,28,0,0,4209
1,51,13,0.11628974099292548,0.12262595727177959,0.006095180276852261,0.002875982724204067,0.8751712843015914,0.08868346843030386,-0.028269443147963383,0.004503168178149516,0.0020710522733841416,0.9217371579441987,middle,null_a,28,0,1,4211
2,51,13,0.18629874860270046,0.19707061944708087,0.0058589802303266525,0.002684529869509874,0.8412567011915629,-0.007599994941767093,-0.1401719311509329,0.004557343326527979,0.0022708517184928945,0.9328260725310151,middle,null_a,28,0,1,4212
3,51,13,0.19318996536788977,0.19316638455250673,0.005849519476642763,0.002628453058894982,0.8398982869075039,0.033472856257666384,-0.07702355972162772,0.004367578633115884,0.0022441204216953636,0.8939838258584306,middle,null_a,28,0,1,4213
4,51,13,0.23916603928530072,0.2321212647396329,0.005792610173711989,0.0026079811141920496,0.831727012970984,-0.005070878488600007,0.027636492966640412,0.00416548114803823,0.002136094035923096,0.8526172248003072,middle,null_a,28,0,1,4214
5,51,13,0.24608212621095857,0.23792718188343023,0.005786232718769088,0.0026126527512988496,0.8308113115184526,-0.014378027036254884,-0.02107463136054058,0.004210454440854751,0.0021606231153945246,0.8618226449543304,middle,null_a,28,0,1,4215
6,51,13,0.2528342100751161,0.24131088479385632,0.0057835444954901895,0.0026123165494896235,0.830425325261669,-0.032183006866551164,-0.06876107952413649,0.004237362485608383,0.0021271522082064965,0.8673303550188565,middle,null_a,28,0,1,4216
7,51,13,0.2526115727280079,0.24320076075291114,0.005783913706669993,0.002616878598483584,0.8304783381354038,-0.032435918511867876,-0.07542317572180274,0.004238059719732741,0.002120989132081495,0.867473069342369,middle,null_a,28,0,1,4217
8,51,13,0.2519590192460454,0.24588071757032157,0.005780327962200246,0.0026167183036917728,0.8299634820605665,-0.015870205743623463,-0.051730639762685805,0.004214066941805893,0.00216336729289896,0.8625620746687106,middle,null_a,28,0,1,4218
9,51,13,0.2571122894333276,0.2527585382046992,0.0057732478037077735,0.0026085573923451673,0.8289468835155738,-0.021181350295274345,-0.0902731028233762,0.004250163898755635,0.002146980336367681,0.8699506298354339,middle,null_a,28,0,1,4219
1,51,13,0.13243846323490294,0.15035112878791712,0.006182330615733346,0.0029856256466758426,0.863679077232358,-0.05856169147308388,-0.1008766782248166,0.007383546669560497,0.0036919624461934433,0.9578769305837519,middle,null_a,28,0,2,4221
2,51,13,0.12353329875667313,0.20839995198801642,0.005971334636459012,0.0028329387480275207,0.8342026832951539,0.04313408110876465,0.02575034322044757,0.006910679405409259,0.003392151748011049,0.8965312570436827,middle,null_a,28,0,2,4222
3,51,13,0.15390412931956393,0.23260335462172865,0.005914506463782333,0.0027679000948740164,0.8262637187219412,0.00631014555065188,-0.028518381827705254,0.00692882244534709,0.0032771893678581188,0.8988849767646879,middle,null_a,28,0,2,4223
4,51,13,0.13673601872871316,0.2352151301194454,0.005908849856112443,0.0027717117270880747,0.8254734837771837,0.07530444239304997,-0.008724855561828278,0.0068842009801064,0.0031989678978231752,0.8930961771436183,middle,null_a,28,0,2,4224
5,51,13,0.16460978635873344,0.24676222869349862,0.0058930697913747625,0.002755011360563701,0.8232689896149623,0.13529508466217324,0.02012606708945125,0.006833294857487127,0.003169696194760416,0.886492060901827,middle,null_a,28,0,2,4225
6,51,13,0.1678618892460932,0.2597898079455673,0.0058769081834924046,0.002755717515238702,0.8210111934131701,0.023482846267656392,-0.03568776235139805,0.006904735724199126,0.0033024814787138567,0.8957601756963673,middle,null_a,28,0,2,4226
7,51,13,0.16298820248527018,0.2595516317318801,0.0058790869369814034,0.0027464191821117336,0.8213155679152562,0.08868346843030386,-0.011222843280334268,0.006863660881581636,0.003283071671875272,0.8904314839535692,middle,null_a,28,0,2,4227
8,51,13,0.17131175932009263,0.2604767650314026,0.0058786203012774155,0.0027427685274456926,0.8212503783420557,0.09017564713767245,0.006801132655906046,0.006828877308669363,0.003244358572200634,0.8859189666570642,middle,null_a,28,0,2,4228
9,51,13,0.17762091550848855,0.2634450968346863,0.005875421951877639,0.0027349062035654853,0.8208035650559405,0.12353469315494629,0.04119589558532586,0.006786504815373428,0.0032500206131895293,0.8804219290359954,middle,null_a,28,0,2,4229
1,51,13,0.11555825357450909,0.16625397751546978,0.006247641415231856,0.003002977627627661,0.8647497738832128,0.12768244413814034,0.014996547479763886,0.005669212005169301,0.002755285988653965,0.9236440954847015,middle,null_a,28,0,3,4231
2,51,13,0.0771563787926377,0.19754017240189947,0.006091317009633272,0.002919937009670598,0.8431125694712842,0.20595859836366165,0.18789615872588095,0.005236668721313009,0.002598709588941991,0.8531729171602465,middle,null_a,28,0,3,4232
3,51,13,0.13293286061362097,0.2281354992343743,0.0060266754918402434,0.002839007738585549,0.8341653949809706,-0.012076531063872834,-0.26091692998996224,0.005846510379400058,0.0026686456048539424,0.952530049361176,middle,null_a,28,0,3,4233
4,51,13,0.10506337526288664,0.2359961683197258,0.006014801532883221,0.002837983450143362,0.8325218942355292,0.08036267529938415,-0.09748252809650933,0.00554606738559811,0.002584679408467461,0.9035810248756067,middle,null_a,28,0,3,4234
5,51,13,0.11251684706317167,0.2521250113671115,0.005996132730099582,0.002834656535096385,0.8299379042282821,-0.046725426472261904,-0.10819560699736298,0.005581041361532759,0.002712127268132706,0.909279084206993,middle,null_a,28,0,3,4235
6,51,13,0.13118462009512258,0.2631876934307018,0.005983548849689613,0.0028262813978027867,0.8281961416948942,0.03043791651386588,-0.059429694741019876,0.005516916596277122,0.0026846199880058955,0.8988316956195301,middle,null_a,28,0,3,4236
7,51,13,0.13190140776637463,0.2665335767298577,0.0059819081579518185,0.002831356235762089,0.8279690499469889,0.11597263495997673,-0.06748359327938114,0.005525162252601276,0.0026676337151902416,0.9001751013292227,middle,null_a,28,0,3,4237
8,51,13,0.12542520151006342,0.26695865542938474,0.005982703429754519,0.002826557260015036,0.8280791252643535,0.09442456277899315,0.0709604391540716,0.0053441009146592035,0.0026165587696666327,0.8706760747346508,middle,null_a,28,0,3,4238
9,51,13,0.1344690047801766,0.2707329063202888,0.00597967320617363,0.0028242301162791595,0.8276597053613478,0.08311941223333628,0.0002931496069470234,0.005422490991530574,0.002644605841523251,0.8834476083412285,middle,null_a,28,0,3,4239
1,52,12,0.14090895172243487,0.17983771499535423,0.006267772321169366,0.0029884518334103004,0.8619484271650267,0.1744494311658491,0.09034914884709963,0.006033757322187644,0.0032114571976344032,0.8980745331413345,middle,null_a,28,0,4,4241
2,52,12,0.09648830719841955,0.1858742184151425,0.006170141024760974,0.0028602367885579632,0.848522103094979,0.04314789687924017,-0.02691718779253966,0.0061340605005251745,0.00293119708653021,0.9130038259928756,middle,null_a,28,0,4,4242
3,52,12,0.12026413137424374,0.2070846396282648,0.006118312487718272,0.002805191370994272,0.8413946064826121,0.12965243711512373,-0.02437692163071206,0.0060515735693769425,0.0028552523658819506,0.9007263331761194,middle,null_a,28,0,4,4243
4,52,12,0.1254229904926534,0.22087359900086562,0.006095969429490347,0.002806968921940597,0.8383219735101968,0.08435445151863064,-0.041502708209686635,0.006024575786361336,0.003002106412619546,0.8967079379900166,middle,null_a,28,0,4,4244
5,52,12,0.1423618224472157,0.2332368992629363,0.0060793972820881925,0.0028029480220734407,0.8360429602250797,0.06790522909925896,-0.06777386372453204,0.006033813429319721,0.0030183842009072442,0.8980828842207293,middle,null_a,28,0,4,4245
6,52,12,0.1775073465859983,0.24244669713633016,0.00606961267064471,0.002781072010396319,0.8346973736255723,0.046237344744807445,-0.10655116532720825,0.006066672800838813,0.00308092699917788,0.9029737280449929,middle,null_a,28,0,4,4246
7,52,12,0.1649353253488085,0.2450939056126207,0.006067202820581939,0.00279135887074024,0.8343659693618446,0.033712556100615805,-0.09585851719816443,0.006049359269999769,0.0030415782354582337,0.900396753152727,middle,null_a,28,0,4,4247
8,52,12,0.1591337202123719,0.24459874757099026,0.00606926948664511,0.0027972785830246544,0.8346501787222596,0.042020665901262924,-0.08053669944351421,0.0060110668534371445,0.003041323665138984,0.8946972458157525,middle,null_a,28,0,4,4248
9,52,12,0.15990551919990123,0.24952074470661767,0.006063804272008154,0.0027860243329799667,0.8338985985883524,0.01463312806596389,-0.09927074066715147,0.006039235495163639,0.003053309044260206,0.8988899135710037,middle,null_a,28,0,4,4249
1,51,13,0.025588553994518353,0.16489332968925471,0.0062574046724499155,0.002985641139693994,0.8740758267095389,-0.10464219324978818,-0.01489477126218264,0.00755951233602553,0.0034419338795469326,0.9202753495875096,middle,null_a,29,0,0,4201
2,51,13,0.05696823191111701,0.20060302131065585,0.006106050571870308,0.0028866170202272805,0.8529336811212143,-0.0639234183537981,0.020041721418418965,0.0073963102356922675,0.0033570291131724437,0.9004075508114084,middle,null_a,29,0,0,4202
3,51,13,0.07352895883131985,0.21483827546371764,0.006069421219009335,0.0028257923618302647,0.8478170499362832,-0.08139961304518266,0.09096633483134936,0.007235036474757731,0.0032142555879942692,0.880774503053019,middle,null_a,29,0,0,4203
4,51,13,0.08013000999912212,0.22229777632125897,0.006055114683785682,0.002824081004213984,0.8458186181170946,-0.13183019512133434,-0.029788266700583987,0.007348525157106016,0.0031088616167014014,0.8945903197591539,middle,null_a,29,0,0,4204
5,51,13,0.0956998421980083,0.23655213018592988,0.006033927133283387,0.0028155045852639215,0.8428590004016571,-0.12143552649881761,-0.04931933654012443,0.007396335869751417,0.003219201879057986,0.9004106714350276,middle,null_a,29,0,0,4205
6,51,13,0.08811464913391724,0.24557379169622545,0.006021543439162173,0.0028080597197010356,0.8411291637931387,-0.10565383983105502,0.022458899379680507,0.007262442390998251,0.0030848659104911434,0.8841108279411759,middle,null_a,29,0,0,4206
7,51,13,0.08944923794369558,0.24587935884530104,0.006022122405130221,0.002813043695120353,0.8412100376032322,-0.13003452243958571,0.05648030957915248,0.007213784979824543,0.0030573352392890586,0.8781874013909586,middle,null_a,29,0,0,4207
8,51,13,0.09384446234583586,0.25521980679026834,0.006010688942622252,0.0028038574806892513,0.8396129356549108,-0.16668141984597679,0.00044027574611608424,0.007297880071415377,0.0031376266832087133,0.8884249188884216,middle,null_a,29,0,0,4208
9,51,13,0.08789637641761973,0.25439266417068096,0.0060119632711856785,0.002808409502407367,0.8397909423287448,-0.12783419112533037,0.018971346985477533,0.007255420644439581,0.003093010318121763,0.8832560187971785,middle,null_a,29,0,0,4209
1,51,13,0.1100796125130177,0.21060462262906443,0.005573982220864731,0.002743289447322013,0.8446239164472776,0.06885519543747391,0.04091724080279472,0.00490924419421981,0.0027680914773398468,0.9143580767580548,middle,null_a,29,0,1,4211
2,51,13,0.12107399399789145,0.18349535606627293,0.0055378296596177,0.002593423472457178,0.8391457292805216,0.21746607822557187,0.04093483041625012,0.004554645434426517,0.002100244622448473,0.8483132382456137,middle,null_a,29,0,1,4212
3,51,13,0.15346136634685176,0.2261706840376746,0.005453840926565218,0.0025610337631640067,0.82641894081272,0.1122548337738211,0.005824802304206114,0.004593022394600454,0.002304212085570744,0.855461035769676,middle,null_a,29,0,1,4213
4,51,13,0.16434910260719984,0.24108643652339398,0.005429513107689329,0.002544850774266546,0.8227325534430836,0.1069689803867019,-0.050562527791527256,0.004676925744898478,0.0023060330030000645,0.8710882286688165,middle,null_a,29,0,1,4214
5,51,13,0.18714136940374035,0.24987835024663713,0.005417603959453945,0.002545100955768804,0.8209279636497275,0.11678195222499019,0.061684479598397915,0.00452202931341083,0.0023399545832991754,0.8422384103284517,middle,null_a,29,0,1,4215
6,51,13,0.19682179113578066,0.2641339543567495,0.005398055786803566,0.0025387902461493474,0.8179658346925257,0.02570846874644343,-0.05187186281430902,0.004649556627160716,0.0023487695224032345,0.865990667238336,middle,null_a,29,0,1,4216
7,51,13,0.1992808900157505,0.2655820694970866,0.0053973337220951855,0.0025398674512151294,0.8178564204357601,-0.0021876857319895293,-0.051733955279350256,0.00462683844098098,0.0023469200518941797,0.8617593525591452,middle,null_a,29,0,1,4217
8,51,13,0.20433463838539623,0.27155590250978867,0.005389409606222716,0.002531229524015208,0.8166556814456833,0.02186421173762946,-0.050543414889109455,0.004633836282472143,0.0023644960000612117,0.8630627167093439,middle,null_a,29,0,1,4218
9,51,13,0.1996257782013208,0.26776226576137213,0.005395775493645572,0.0025329551840437676,0.8176203025287266,0.02520264545581001,-0.019429328982781723,0.004586482304189529,0.002360063715633701,0.8542429288160641,middle,null_a,29,0,1,4219
1,51,13,0.052421645406522534,0.1424959110703743,0.005597202126362329,0.0026309172778283055,0.8653421854843187,-0.019208639461804018,0.05968152764183268,0.007746874477805399,0.0033544354745665963,0.9136775781132507,middle,null_a,29,0,2,4221
2,51,13,0.08484784649939313,0.19131427150768937,0.005417371108180887,0.0025549170067538647,0.8375398366003889,-0.05577966337460009,-0.03885058885155014,0.007667682940667026,0.0033629999898021914,0.9043376137099354,middle,null_a,29,0,2,4222
3,51,13,0.1177307691484177,0.20484782183130631,0.0053761903026611725,0.0024960377301656202,0.8311731756430163,-0.11718661085749692,-0.050053878084878496,0.007642048783328299,0.0033777359564876805,0.9013142841256852,middle,null_a,29,0,2,4223
4,51,13,0.14642945200166085,0.21535797061008316,0.00535539793889433,0.002455425011923006,0.8279586214609114,-0.10909343820736224,-0.02240134523039549,0.007557346391222917,0.003345132223331716,0.8913243615187078,middle,null_a,29,0,2,4224
5,51,13,0.15998434826920974,0.23260874383754954,0.005330161740599413,0.002460018104256423,0.8240570387606934,-0.08949278569531734,0.0021537667388888166,0.007505666687004279,0.0033204262606548415,0.885229182472839,middle,null_a,29,0,2,4225
6,51,13,0.17124830747028794,0.2348137511419532,0.005327217848405114,0.002449129395632217,0.8236019052765464,-0.06055969347108587,0.015067659932031055,0.007483748721612684,0.0033467932672555786,0.8826441459405527,middle,null_a,29,0,2,4226
7,51,13,0.17661614455525482,0.24059806312575752,0.0053203950459800795,0.0024456168166038044,0.8225470820580317,-0.10924518519455227,-0.030873481605574737,0.007508890218750618,0.003334385965338197,0.8856093704683209,middle,null_a,29,0,2,4227
8,51,13,0.16699065129020954,0.2390366694784371,0.005322634633379207,0.002444020870007365,0.8228933281664966,-0.12990806661692736,-0.023233913996389396,0.007493943735723628,0.003293470558810466,0.883846560647078,middle,null_a,29,0,2,4228
9,51,13,0.1665567411064059,0.2455883291795833,0.005315208437603553,0.002454393245674361,0.8217452187473151,-0.09118729371893927,-0.004626745513098461,0.007469548873505573,0.0032679753523466447,0.8809693953214158,middle,null_a,29,0,2,4229
1,51,13,0.04196860166946305,0.18488191847304483,0.006280510727620163,0.0031923224741564364,0.8615285327381977,0.05820761516964048,0.01730277684241005,0.00346254514301329,0.002591808290453122,1.278489923646161,middle,null_a,29,0,3,4231
2,51,13,0.0654770796765825,0.21092608468660504,0.006140043184242475,0.0030324557427522476,0.842259909246908,0.11807180161610539,0.09061873552510899,0.003055784646580088,0.0023419887804015885,1.1283000562081893,middle,null_a,29,0,3,4232
3,51,13,0.06485240218574122,0.23229511888530724,0.006082073304110341,0.0029609697258254106,0.834307895797809,0.08276533592989288,0.06142684766540856,0.00273456706849842,0.0021252966543939987,1.0096955557862692,middle,null_a,29,0,3,4233
4,51,13,0.08796481053467055,0.2349859618803423,0.006073263747471362,0.002939216016489087,0.8330994456041207,0.03936569759354569,0.029515415625801754,0.002909032050321383,0.002306926072820686,1.0741139856051098,middle,null_a,29,0,3,4234
5,51,13,0.08941234446061645,0.25663169833132315,0.006036404209607882,0.002926569073700775,0.8280432415866228,0.04472742447425991,0.03759742410886656,0.0028853075267267314,0.002312549154097859,1.0653540812266007,middle,null_a,29,0,3,4235
6,51,13,0.09165238828480385,0.2575964209361684,0.0060352730312699865,0.002907669672526019,0.8278880722929175,0.029502143426194057,0.03628004374125535,0.0027314056023403934,0.002224774801533267,1.0085282345066777,middle,null_a,29,0,3,4236
7,51,13,0.09839916047561627,0.2553774607271659,0.0060398829403202235,0.0029038014588533114,0.8285204361805616,0.02932510527447236,0.02680660775899433,0.0028400748874557,0.0023216436996130094,1.0486526459703345,middle,null_a,29,0,3,4237
8,51,13,0.0970385074082608,0.2591601275255234,0.006033786511324037,0.0028955128451641746,0.8276841590439062,0.04518266543582999,0.040638404929981845,0.002775880953250145,0.0022633431578316676,1.024950053036172,middle,null_a,29,0,3,4238
9,51,13,0.09332054194550206,0.2621963108424269,0.006029757733936013,0.0029024035401737647,0.827131511843326,0.026037253885355147,0.025798184560131387,0.00278725013068028,0.0022805509946505257,1.0291479416366722,middle,null_a,29,0,3,4239
1,52,12,0.04534954932707741,0.14973662084356804,0.00649497022124513,0.0032094581934733676,0.8703740333164207,0.052917232021709636,0.027495336953000823,0.006232583214306089,0.003509695308042524,0.9171196673858195,middle,null_a,29,0,4,4241
2,52,12,0.11579577725645143,0.17899078704602542,0.006335733647677942,0.0029418279016901073,0.849035155066631,-0.25915875169606517,-0.0577632278578326,0.0060559727314965575,0.003230417969315643,0.8911315751804335,middle,null_a,29,0,4,4242
3,52,12,0.07227968885047538,0.20774160611993436,0.006271741506712456,0.0029268397835372204,0.8404597350207472,0.11821313015342867,0.0377389461504666,0.005802974010909421,0.002705344330379529,0.8539030144864797,middle,null_a,29,0,4,4243
4,52,12,0.06646015557476231,0.22586457075715605,0.006244367795140498,0.0029027665101695158,0.8367914552694726,-0.07178791357895836,-0.09875198627645476,0.0059538364484190975,0.00290804715922615,0.8761023022861681,middle,null_a,29,0,4,4244
5,52,12,0.10125556241511298,0.23879284121119096,0.006228506057701628,0.0028847097622782167,0.8346658651713198,-0.11416344849180672,-0.06666927958390151,0.005892407952782109,0.002976042462656609,0.8670631479661277,middle,null_a,29,0,4,4245
6,52,12,0.10511312507717001,0.24400048356925583,0.006223913448226378,0.0028781390917951882,0.8340504215439811,-0.036050516647531575,-0.1765579938790994,0.005957704217357315,0.0028636297603227673,0.8766714414119806,middle,null_a,29,0,4,4246
7,52,12,0.10839920977898505,0.2457316162053399,0.006223313040128157,0.0028761342067550807,0.833969962419415,-0.042939150401836976,-0.11260609582041121,0.005906365137788986,0.0028876527079499895,0.869116936649088,middle,null_a,29,0,4,4247
8,52,12,0.11885966168662798,0.24840060340968179,0.006220071064071662,0.00287753953276365,0.8335355136567437,-0.07713182340048014,-0.1642479568283276,0.005952425628246067,0.0029394672187961013,0.8758947012187872,middle,null_a,29,0,4,4248
9,52,12,0.12424289418446724,0.2541059798941361,0.0062140017764780444,0.0028721743821212885,0.8327221842430176,-0.09341404863792926,-0.15595846990823134,0.005939988901847707,0.0029098729664787646,0.8740646468118678,middle,null_a,29,0,4,4249
1,51,13,0.13413601638992986,0.13067331356188305,0.0037049730183644535,0.003007256893847135,0.6484397853930522,-0.0571453862593103,-0.05880272295333597,0.004438216653853577,0.0035275884950956935,0.706310634460823,last,null_a,0,0,0,4201
2,51,13,0.16488385223303567,0.1696596968927235,0.0030741613238446128,0.0024284666863968684,0.538035904503673,0.14356529546402963,0.09727366471851513,0.003817673752673625,0.0029164023384168967,0.6075556424389684,last,null_a,0,0,0,4202
3,51,13,0.1805685236331582,0.20705964804781035,0.0027975210001133107,0.002237143102050031,0.4896186579374405,-0.09050443227658417,-0.09639914073949253,0.003836193244897536,0.0030198111200692365,0.6105028879933749,last,null_a,0,0,0,4203
4,51,13,0.21436929520106368,0.2316868266977671,0.002660239267414339,0.002116231933369895,0.4655917792399528,0.14723251432112192,0.1267235386913641,0.003405565880266661,0.0026676947425628623,0.5419716037297879,last,null_a,0,0,0,4204
5,51,13,0.2588451302167014,0.2823810365860783,0.0025542055061377584,0.0020335887018637453,0.4470338817692295,0.009775035091490787,-0.005803064561145663,0.0034325750879000212,0.0026870799404973963,0.5462699271483257,last,null_a,0,0,0,4205
6,51,13,0.2882712240878868,0.3058230762154672,0.002502761941857729,0.0019879633706476056,0.438030292912779,0.006183689727993526,-0.03754620704894873,0.0034652508015614457,0.002632114712173218,0.5514700347247824,last,null_a,0,0,0,4206
7,51,13,0.3175338913582451,0.3334289639997825,0.0024622746842794955,0.0019447895471762808,0.4309442632750321,0.06493506493506493,-0.016109696737289528,0.0033617589292182517,0.0025401047482399635,0.5350000388419109,last,null_a,0,0,0,4207
8,51,13,0.3348405995652169,0.3534030775718041,0.002437927249506009,0.0019275366974329019,0.42668300541940535,0.013644583264836427,-0.03596986552629369,0.0033537463906614423,0.0025884043749675174,0.5337249002821952,last,null_a,0,0,0,4208
9,51,13,0.3417206988745675,0.36674535734321445,0.0024237211256549793,0.001926356715780148,0.4241966672313622,0.018095828222410498,-0.06334639935228119,0.003330327706556728,0.0025609285720152772,0.529997983162483,last,null_a,0,0,0,4209
1,51,13,0.08454907516767182,0.07600607696413209,0.00394524993561642,0.0032110545719137244,0.6651980964089317,-0.1535047231249763,-0.1670276832003668,0.004676758568716131,0.00384965260741533,0.7567682913758786,last,null_a,0,0,1,4211
2,51,13,0.21423374459135772,0.20728562173559795,0.0031441063550886462,0.0025033488508015385,0.5301194085148412,-0.09283121941349788,-0.04834930617183802,0.003815500632839058,0.0030952878338552834,0.6174040956426501,last,null_a,0,0,1,4212
3,51,13,0.23657674264473239,0.24675299121089578,0.002859581125812163,0.002242326993418962,0.4821463665064241,-0.07535502472211332,-0.06702064783211578,0.0034501879497833353,0.0027365121879596712,0.5582911329117324,last,null_a,0,0,1,4213
4,51,13,0.238855491685543,0.24667566733968865,0.0027555785560359797,0.0021784896327864812,0.46461076988624567,0.01683126999582696,0.00507268029620991,0.0032043893954791626,0.002451231587427019,0.5185173132393402,last,null_a,0,0,1,4214
5,51,13,0.29966151052790124,0.3064779134471283,0.00261823589445484,0.0020567534534155683,0.44145378907883437,-0.05851110914402054,-0.033713822128155796,0.0031941306832304,0.0025449697231483166,0.5168573027799285,last,null_a,0,0,1,4215
6,51,13,0.29232065443768485,0.29255729601089214,0.002622000679721208,0.002063826496413825,0.4420885595074372,-0.053705787883003064,-0.01793734591234703,0.00309070737402885,0.002470132576988209,0.5001218908823708,last,null_a,0,0,1,4216
7,51,13,0.36109331860668464,0.35552232977825476,0.0025381036014626647,0.0020060680703601038,0.42794289632700433,0.09037797645392581,0.1387460810296832,0.002875223241022376,0.0022658836783793876,0.46525339024076334,last,null_a,0,0,1,4217
8,51,13,0.3530007989744929,0.3412587826120669,0.002550841700263395,0.0020021741208683047,0.430090633279642,0.09407048647554976,0.16441640253875536,0.0028173480972418807,0.0022098497530263434,0.4558883411307079,last,null_a,0,0,1,4218
9,51,13,0.39170478032483724,0.3763916961849061,0.0025142302993650376,0.0019849843655600752,0.42391768236857474,0.047585326066338716,0.10183440427874038,0.0028613958199432887,0.0022411522853387957,0.46301591022754374,last,null_a,0,0,1,4219
1,51,13,0.13245316298206727,0.10369160575381126,0.003838139736219978,0.00310961756066313,0.6472982872139621,-0.008611641523033927,0.029698150504724543,0.0037604108804445103,0.002912435052272674,0.6847203913218777,last,null_a,0,0,2,4221
2,51,13,0.1961181385327231,0.19842646174673134,0.003089797040527655,0.00248160357903892,0.5210910674508312,0.04232476384375118,0.010836566386128382,0.0032801931800006748,0.0025788400871975233,0.5972791881603958,last,null_a,0,0,2,4222
3,51,13,0.18660670212942923,0.1840553097522662,0.0028682581540503157,0.002268861228173454,0.4837287639331119,0.08162723352596771,0.064973375790829,0.0030752845873455777,0.002431469428464759,0.5599680814199993,last,null_a,0,0,2,4223
4,51,13,0.2385545380384163,0.2511321288546121,0.0026587059499053726,0.0021512041379019107,0.44838800196322043,0.01278468367075962,-0.043931850155298366,0.003071408044405575,0.0024610546660929597,0.5592622149380523,last,null_a,0,0,2,4224
5,51,13,0.28844156821679134,0.29150459189864236,0.002545373111847212,0.0020412047617868485,0.42927453632572543,0.06559263521288837,0.022891492228665253,0.002935381184350575,0.002314722544909577,0.5344935479470304,last,null_a,0,0,2,4225
6,51,13,0.29960740557615345,0.3021749225099112,0.0025135370794870616,0.002052870612642812,0.4239054224750898,0.11073736390192086,0.0206979527795159,0.0028507547674091207,0.002267037485561094,0.5190842123274421,last,null_a,0,0,2,4226
7,51,13,0.33628537471508424,0.3407450148379828,0.0024541713150215173,0.0019834353569316895,0.4138934478471051,0.10578029565371337,0.06293801464248709,0.0028212909988992946,0.0023115371882702143,0.5137192552136385,last,null_a,0,0,2,4227
8,51,13,0.36121038129908867,0.3684866500756697,0.0024190507829572844,0.0019683165380270863,0.40797040652667366,0.08797531582341708,0.009877784947582128,0.002818632671869348,0.0022480336563103567,0.5132352095116987,last,null_a,0,0,2,4228
9,51,13,0.38334955932875603,0.3883607017103612,0.002398284141117042,0.0019402720118856282,0.4044681339107179,0.06771709303354873,0.06421551603139866,0.002744925352134521,0.002190028961427412,0.49981409505993113,last,null_a,0,0,2,4229
1,51,13,0.15114638263515984,0.1443225810010316,0.0037189962922484286,0.003015119886647505,0.6382387040760251,-0.1263925947470251,-0.12679749136247878,0.004333784887847937,0.003516305550733896,0.7515713002254226,last,null_a,0,0,3,4231
2,51,13,0.1929223229125165,0.19629693644124935,0.00301221855892822,0.0024119109183324524,0.5169444437068225,-0.055627916387410055,-0.04607591393147006,0.003339588439023715,0.0026793847813613493,0.5791563010828679,last,null_a,0,0,3,4232
3,51,13,0.23854374998867667,0.24667275554104037,0.0026999161042186377,0.002172863816690379,0.4633483929688696,0.09439927161446147,0.10095427239564023,0.0029493734112695483,0.0023585596063675058,0.5114846414674937,last,null_a,0,0,3,4233
4,51,13,0.27876806401282833,0.2919711508799543,0.0025257156184197464,0.0020242500156295077,0.4334528287981185,-0.12851705256768547,-0.18977748923517873,0.00333144845121262,0.0025257985017794657,0.5777446525167016,last,null_a,0,0,3,4234
5,51,13,0.3098422589484402,0.3230833684131493,0.002437220089113656,0.001960891051594863,0.418265593452236,-0.2701475739450423,-0.297836397419887,0.0032504252314500643,0.0025105946496075996,0.5636934874955339,last,null_a,0,0,3,4235
6,51,13,0.31605061687056624,0.33101255280253583,0.0024042418567710956,0.0019468033314678642,0.41260600612839154,-0.12386347829385803,-0.12970579800042945,0.002897428802461203,0.002235653764828473,0.5024763315970019,last,null_a,0,0,3,4236
7,51,13,0.3716351372874033,0.37271475877534066,0.002342594787491534,0.001865840667109258,0.4020263920295335,-0.09032739412486247,-0.167158027759495,0.003021495003497724,0.0023069028719197118,0.5239920732501022,last,null_a,0,0,3,4237
8,51,13,0.40015190562251735,0.4163771670169807,0.0022885495072671753,0.0018587890461372115,0.39275136540912076,-0.07254770545909786,-0.1756839634559519,0.0029660002636768996,0.0021746892547348166,0.514368094478161,last,null_a,0,0,3,4238
9,51,13,0.41569526180620275,0.43116259122276035,0.002274014484544507,0.0018444296967246642,0.39025692515233235,-0.00808052706786884,-0.05463663892393477,0.0027826754080416275,0.002123418872547057,0.48257563045905755,last,null_a,0,0,3,4239
1,52,12,0.16588497345351277,0.1529830480691512,0.0037845755596985324,0.0030539795345337424,0.6411450812105369,-0.03922346310406013,0.06269181288055667,0.0040569147659199264,0.0032860044803728287,0.6778984733094131,last,null_a,0,0,4,4241
2,52,12,0.19128099765403137,0.20834698614027464,0.003134761842500515,0.0025539296777189083,0.5310601160902129,0.014132136520196225,0.023829671010358836,0.0034463116341911892,0.002755223179691439,0.5758684937116049,last,null_a,0,0,4,4242
3,52,12,0.25528144215335224,0.2592414142494153,0.002837559178810705,0.0022719637814858176,0.4807110021825572,-0.14368020039661833,-0.11426028254360165,0.0034213882431763667,0.002766493576744742,0.5717038686964153,last,null_a,0,0,4,4243
4,52,12,0.2934929744412891,0.3134302627166633,0.002650475810444105,0.0021298097584502643,0.44901720204236417,0.0603068573217827,0.0772823771403694,0.0031443229384255206,0.0024971302434492267,0.5254070747200164,last,null_a,0,0,4,4244
5,52,12,0.34671327324361034,0.3569617478986731,0.0025505277573308308,0.0020261850870290595,0.43208499878223167,-0.03033086316668407,-0.012881252943051723,0.0030234357953385057,0.0024238922858176794,0.5052071902092946,last,null_a,0,0,4,4245
6,52,12,0.3392516113100383,0.3615990782372056,0.0025327782526999567,0.0020182608521087542,0.42907805456655984,0.042312910969627394,0.06837401240010516,0.0028759845386846653,0.0022960880058951927,0.4805685207916178,last,null_a,0,0,4,4246
7,52,12,0.3822810717372515,0.38307759620871795,0.0024993452742756864,0.0019968488486095917,0.4234141724934413,-0.08209998956267614,-0.057477969819359334,0.0029407265444444356,0.002366091022193979,0.49138671870699485,last,null_a,0,0,4,4247
8,52,12,0.37077150265464875,0.3943898747898837,0.002485885914500708,0.0019971945314796154,0.42113402187156873,0.1356643356643357,0.10199807226002065,0.0027052056570174483,0.0021672369978207808,0.45203187414372015,last,null_a,0,0,4,4248
9,52,12,0.4004368934436351,0.4149424166204392,0.002463880009428315,0.001985160703529158,0.4174060007045466,-0.051790001043732395,-0.02924403220793266,0.0028417609616584656,0.002269400927824063,0.4748498621665611,last,null_a,0,0,4,4249
1,51,13,0.15339190283574178,0.17490661004307467,0.0038443669894201453,0.0030988740403558057,0.6332273849614926,-0.184182905701893,-0.1792467064681901,0.004147509127977092,0.00341416413098925,0.7400225277492206,last,null_a,1,0,0,4201
2,51,13,0.25975260284346635,0.24499369653142483,0.0031532341214864728,0.0024426361176522323,0.5193869894355214,-0.07146018538423601,-0.042370305776320415,0.0035714575751777016,0.003004750663570419,0.637240083380162,last,null_a,1,0,0,4202
3,51,13,0.2791204050113867,0.29807602834014213,0.0028432770342549855,0.002267748644919234,0.468332208157348,-0.1315267011469543,-0.106986962950066,0.003508919295450201,0.002982287976853687,0.6260816423937753,last,null_a,1,0,0,4203
4,51,13,0.2803186196962118,0.29088292119795955,0.002757538986039898,0.0021621946755298886,0.4542098103185477,-0.1799339900605723,-0.17456670286316966,0.003270806652428542,0.002717264735560141,0.5835962096820503,last,null_a,1,0,0,4204
5,51,13,0.343706441190388,0.3480957632141396,0.0026351158048064723,0.002079643670119467,0.434044797164379,-0.04761061723087039,-0.02110057447173083,0.00299329650376339,0.0025130321162470364,0.5340812465187474,last,null_a,1,0,0,4205
6,51,13,0.36019984573912384,0.3804230528662665,0.0025752844754796077,0.002044818659696548,0.4241896412147294,-0.03620430202708684,-0.10912251093822585,0.0030320754566033527,0.0024884075534290758,0.5410004112073841,last,null_a,1,0,0,4206
7,51,13,0.3580602707751073,0.3789475851590996,0.002570441484300607,0.0020262461293437625,0.42339192480313037,-0.12338294616775629,-0.12023064697661241,0.0030764018797401343,0.0026307923977047804,0.5489093875793689,last,null_a,1,0,0,4207
8,51,13,0.4209463656048645,0.4249728108437233,0.002513686781492587,0.001986214225140224,0.4140435373723014,-0.08041325762844749,-0.10080753741121362,0.002980290376395657,0.0025173331011928038,0.531760618171971,last,null_a,1,0,0,4208
9,51,13,0.4230662997302328,0.4427152837364554,0.002493496090804995,0.0019721916410394788,0.41071781475012303,-0.12343352849681961,-0.15411336728600902,0.003066248631532595,0.0026106456416660723,0.5470977864058537,last,null_a,1,0,0,4209
1,51,13,0.12818657166155561,0.12630074877829095,0.003734674584654394,0.00302176999409582,0.6355876745923532,0.1394175444808356,0.18094296302018822,0.003825811445542543,0.0031740348602924064,0.6217995517959914,last,null_a,1,0,1,4211
2,51,13,0.16638845576561964,0.18408349291597975,0.0030512501339392925,0.002462361886758195,0.5192787037453619,0.019613298094310755,0.06971710450483665,0.0035817829172205,0.0028842088517187295,0.582138206302117,last,null_a,1,0,1,4212
3,51,13,0.21879445438244344,0.2304768397005184,0.002724921493570104,0.0021552209949435683,0.4637422823025467,-0.1513802653043159,-0.15189377665465034,0.003526732781831094,0.002861100004735385,0.5731910456804604,last,null_a,1,0,1,4213
4,51,13,0.21377455248946187,0.23382423218071594,0.0026033146481498205,0.0020926793573457485,0.4430465535735222,0.07151076771329935,0.10882764966320861,0.0031323041017842917,0.0024375281493697423,0.509085540231588,last,null_a,1,0,1,4214
5,51,13,0.29078640435619796,0.30083574008926417,0.0024545717140848165,0.0019768552641522804,0.4177326544823198,-0.011874201747619467,-0.004466924923337552,0.0032337695824561754,0.0026160129709122976,0.5255764706662412,last,null_a,1,0,1,4215
6,51,13,0.30786623411253794,0.3144664689352331,0.0023965773861375082,0.001920953020384627,0.4078628574748284,-0.08696366924215024,-0.09994807560772224,0.0032783666237648397,0.0027139893011967242,0.5328247160886505,last,null_a,1,0,1,4216
7,51,13,0.33827494637680466,0.3510871326271858,0.0023445966295809347,0.0018861849645610356,0.3990164834643332,-0.14568975328468997,-0.10237053088808608,0.003212461359022365,0.0026297880231033557,0.5221132984819065,last,null_a,1,0,1,4217
8,51,13,0.3576582306313743,0.3698602499859833,0.0023158905641711314,0.0018666224992319295,0.3941311257318331,0.019739753916969107,0.025744491300965094,0.003068930295142959,0.002480352153685088,0.49878555416952053,last,null_a,1,0,1,4218
9,51,13,0.3636101870812527,0.375172567024167,0.00230859359398004,0.0018561182633951828,0.39288928679508006,0.014757394504229948,0.025977813478710945,0.003031493823924641,0.0024947802550128405,0.49270109826893116,last,null_a,1,0,1,4219
1,51,13,0.16130094327083455,0.1549271822035309,0.0036696947260354295,0.002942694105248309,0.6400760304090651,-0.31116984281541243,-0.30294691078267694,0.004014521818504752,0.003281781310237798,0.7457675317078485,last,null_a,1,0,2,4221
2,51,13,0.20219045173599484,0.2075130756865588,0.003033483043918367,0.0023914967249994475,0.5291066233081889,0.032511792005462885,0.08467741551582347,0.0031695683925811765,0.0027016630994216753,0.5888026777731857,last,null_a,1,0,2,4222
3,51,13,0.23739078746669082,0.24705500355984475,0.002760221906292725,0.0021791581836251876,0.4814438291810469,-0.1266707975568735,-0.10588301079427506,0.0030207732211107426,0.0024919839352216862,0.561161376324516,last,null_a,1,0,2,4223
4,51,13,0.26883852891847904,0.273802722494375,0.002636173793225868,0.0020619124057527226,0.4598070910545082,0.058030577017918784,0.0622750568967648,0.0027547425763497836,0.002212118824137851,0.5117415384779446,last,null_a,1,0,2,4224
5,51,13,0.3049663075206871,0.3285030331939566,0.0025199853704750315,0.0019987953612618826,0.4395412569822035,-0.07087848860000757,-0.07629880706831965,0.0029144817230078086,0.0023853397716040777,0.5414158744277848,last,null_a,1,0,2,4225
6,51,13,0.3321389754449164,0.34635420162804786,0.0024816008635866033,0.0019750187180494756,0.43284614890576195,0.07287649059800957,0.05457454826734785,0.002620402565348375,0.0021935692772537827,0.48678553551083625,last,null_a,1,0,2,4226
7,51,13,0.3395042899379777,0.3544653560121887,0.002463160171958295,0.001969507469461425,0.4296296838925544,-0.03792410121524045,0.009513350105079026,0.0027018797985899254,0.0023175481187081037,0.501921354388405,last,null_a,1,0,2,4227
8,51,13,0.3789561054843974,0.38849351466905413,0.0024207077960808968,0.0019336339257869423,0.4222250493761583,0.023255225786871354,0.07820431434255831,0.002577670192393866,0.002201479800905716,0.4788472510169253,last,null_a,1,0,2,4228
9,51,13,0.4011110950068129,0.420191446701472,0.0023865054999225896,0.0019036820131208437,0.4162594114715755,-0.02535439244300004,0.0013519845382277164,0.0026270623162055265,0.0022323546772869455,0.4880227005290045,last,null_a,1,0,2,4229
1,51,13,0.15882640347997776,0.13610126524393973,0.0037739414233187076,0.0030231511372256423,0.6354777210448139,-0.04874871963479559,-0.15114406445014988,0.0052672219579781,0.004453922790663468,0.8382109850852679,last,null_a,1,0,3,4231
2,51,13,0.21186745587975883,0.19684508938205883,0.003111407280540341,0.002462410082802871,0.5239164539393651,-0.11278594822898619,-0.13042086138014022,0.004166252518180249,0.0033972962386087735,0.6630057846885147,last,null_a,1,0,3,4232
3,51,13,0.23629118873273022,0.23438702814946194,0.0028410687834334015,0.002271533464772561,0.47839532025384907,-0.03769648073445541,-0.009607317274036815,0.003367400662021344,0.0028037982229596778,0.5358787323960024,last,null_a,1,0,3,4233
4,51,13,0.30467811835989356,0.29752255030563507,0.0026386973934466977,0.002066597538889364,0.44431887462626113,0.3135472122813895,0.2884605320906894,0.0028821151557358285,0.0023498294881533215,0.45865175287692966,last,null_a,1,0,3,4234
5,51,13,0.3306016783570146,0.3307344166767157,0.002546495616219084,0.0020109251632476036,0.4287934149816434,0.18056626917386406,0.19979695156436053,0.0029397068844645726,0.002342527042683309,0.46781673966799603,last,null_a,1,0,3,4235
6,51,13,0.35987995124130917,0.35199281057982446,0.0024983159963893986,0.0019609318458530356,0.42068065657447923,0.16126911063619923,0.1574539021698797,0.0029893269698190944,0.002413256162414504,0.47571314140630333,last,null_a,1,0,3,4236
7,51,13,0.3918738068293461,0.38392293766173585,0.0024487211594282627,0.0019405804908719001,0.4123295958577135,0.09303354872975125,0.11201441894302415,0.002999956954124306,0.0024534353101235656,0.4774047674070676,last,null_a,1,0,3,4237
8,51,13,0.40846644496538187,0.3944359596705424,0.0024343841311579785,0.0019042780107889415,0.4099154454961153,0.007625286106298763,-0.013932727297037296,0.003121736345420538,0.0025530263529369495,0.4967843994703959,last,null_a,1,0,3,4238
9,51,13,0.4370101422490827,0.42244590290246603,0.002402304223971798,0.0018842183668934267,0.4045136482705304,-0.019815627410564116,-0.035734869172194546,0.0031251786570540307,0.0025743716205444823,0.49733219932548084,last,null_a,1,0,3,4239
1,52,12,0.08842607729349303,0.0916544018902451,0.003848041702361515,0.0030938859945640637,0.6494234614703958,-0.09266256131927776,-0.13804936537471457,0.003954288589578194,0.0032381364793859797,0.7827729790676317,last,null_a,1,0,4,4241
2,52,12,0.2138709470304976,0.22960638276060072,0.0030890866566664434,0.0024465737465656223,0.5213366965652138,0.2164492224193717,0.20958522249229924,0.002725040045086352,0.002126565020730396,0.5394365296940491,last,null_a,1,0,4,4242
3,52,12,0.19451631065563654,0.21952228797861323,0.0028726010505198954,0.0023026782411892455,0.48480101359277394,0.05759315311554118,0.08901014510415495,0.0027352782613917826,0.0023234078380191293,0.5414632404148758,last,null_a,1,0,4,4243
4,52,12,0.2527940239535746,0.2656789790916293,0.0027046184731823295,0.0021683340733770185,0.45645105398232283,-0.017221584385763496,-0.01317933956949742,0.0026551616519006325,0.002243494795774014,0.5256037208923324,last,null_a,1,0,4,4244
5,52,12,0.24443022595382147,0.2767134866222689,0.002645447730785212,0.0021190197538657985,0.446464969808202,0.1321156455484814,0.13979371545784225,0.0024407364759685356,0.0019590087872601372,0.4831570885969964,last,null_a,1,0,4,4245
6,52,12,0.2813262378071367,0.3024944646653286,0.002586010064567462,0.0020711508467999174,0.4364338376317591,0.00853773092579063,0.007725435903986937,0.00251262912996261,0.0020034405482895336,0.4973886313044099,last,null_a,1,0,4,4246
7,52,12,0.2930146437831831,0.32219500167238874,0.0025497961318901087,0.0020631035101180114,0.43032211137412785,-0.01659534495355391,0.030886913005743824,0.002470424022950829,0.0020543297716333273,0.48903390033344557,last,null_a,1,0,4,4247
8,52,12,0.34367773799234475,0.3631436596005175,0.002495987415491751,0.0020304632210548118,0.4212409616456166,0.1253522596806179,0.09861809577333984,0.0024426142068111455,0.0020245270760723016,0.4835287956518206,last,null_a,1,0,4,4248
9,52,12,0.353655216693419,0.37879866870734435,0.0024774824066577357,0.0020141134592574555,0.4181179219747753,0.17536791566642315,0.16754694690542649,0.0023472963596698326,0.0019347251156572097,0.46466010828242515,last,null_a,1,0,4,4249
1,51,13,0.12145721681822365,0.1424197012718244,0.0038209758379073146,0.0030739689260174618,0.640854521641762,-0.18883647997572048,-0.19646697197817553,0.004400584166557208,0.003534162466755163,0.7474688711731805,last,null_a,2,0,0,4201
2,51,13,0.19266744494347637,0.19735116094620372,0.0031420027116262532,0.0024787432307130904,0.5269770682086173,-0.1054009281857383,-0.14568812551676458,0.003867856571044358,0.0030615509441354995,0.6569814996357961,last,null_a,2,0,0,4202
3,51,13,0.22607840556907124,0.2371342176580974,0.0028430558301403286,0.002264122654164066,0.47683766171713715,-0.03091844863996763,-0.0024853834608735415,0.0031270518949507867,0.0024881765041390317,0.5311508339692685,last,null_a,2,0,0,4203
4,51,13,0.21787639958475064,0.22922899714210918,0.002746816002707283,0.0021623261556707324,0.46069630642234194,-0.26200381896584424,-0.18952146452090737,0.003202614034875885,0.0026984979909480513,0.5439855725620382,last,null_a,2,0,0,4204
5,51,13,0.2585762113126948,0.2822328628018328,0.0026236770502562298,0.0020751109314613744,0.4400434266826711,-0.2890147826856687,-0.2530643607159537,0.0032007927072819934,0.00263177743828267,0.5436762077983804,last,null_a,2,0,0,4205
6,51,13,0.32237727275796735,0.3467992608681653,0.002513852654968369,0.001997039738416925,0.4216236660527938,-0.1380265304315937,-0.10546523886030754,0.003037323294830698,0.002441088477055507,0.5159098266608719,last,null_a,2,0,0,4206
7,51,13,0.3171703505523234,0.35025771096619046,0.002498111193337616,0.001996088799938042,0.4189835062372731,-0.06888048660200558,-0.07576903172468341,0.003121534161957652,0.0025466987139884626,0.530213609842718,last,null_a,2,0,0,4207
8,51,13,0.37265230214510897,0.3954259662517433,0.002444001271616557,0.0019465404142231118,0.4099081837354657,0.021737755914971103,0.012051371016750655,0.002792816004810449,0.0022854889853679682,0.4743786159970768,last,null_a,2,0,0,4208
9,51,13,0.3647395147156409,0.4015215690514016,0.00243891764904124,0.0019588643920978276,0.40905555795296505,-0.05545087823568835,-0.0716784888870056,0.002836391101686851,0.002408886077871736,0.4817801398040735,last,null_a,2,0,0,4209
1,51,13,0.20399897357059574,0.19197943131307268,0.0036860707371912807,0.0029231393916368665,0.629851254587497,-0.007448247954577068,-0.017543309016183922,0.0038587754414827194,0.002905510300770185,0.6742782232177067,last,null_a,2,0,1,4211
2,51,13,0.1649021342715258,0.16251042725068848,0.0031715977644130528,0.0024910863661682203,0.5419415343300286,-0.14945813679990896,-0.22090696665692708,0.003746469541389322,0.0027169713030518352,0.6546540123974097,last,null_a,2,0,1,4212
3,51,13,0.19540921543208276,0.2045904811450849,0.0028771339730862522,0.002296976756866694,0.49162551990131476,-0.01632544670519354,-0.10389606786068299,0.003414394186124538,0.0025148077739773228,0.5966275260371954,last,null_a,2,0,1,4213
4,51,13,0.2238163738877809,0.22930049036390182,0.0027387466514380426,0.0021665059714758017,0.46797881467678476,-0.17846710251773543,-0.26288742987124275,0.0033070893355751914,0.0024951028011814627,0.5778771931742772,last,null_a,2,0,1,4214
5,51,13,0.27549739085664193,0.2823571746496157,0.0026090028985243465,0.00206677994422879,0.445809064996438,-0.05722125975290531,-0.11994213318978444,0.0031143119211797373,0.0022457935593634174,0.5441914774786462,last,null_a,2,0,1,4215
6,51,13,0.2899393777485851,0.2994519897981889,0.0025641913335558435,0.0020427484844899287,0.43815196277898366,-0.1772025442911519,-0.2032576096333697,0.0031692748944878043,0.00246831953984376,0.5537956476478969,last,null_a,2,0,1,4216
7,51,13,0.320614826601453,0.34274237268210905,0.0025010735182438757,0.0020051786652483844,0.42736681024244905,-0.13365115896761465,-0.10637341054493284,0.0029547157738668457,0.002264471426663216,0.5163038202997204,last,null_a,2,0,1,4217
8,51,13,0.3362343167697515,0.33615966284548665,0.0025071179323869646,0.002008859690102416,0.42839963953486027,-0.018930436651955637,-0.0391887571006253,0.0028659583939920153,0.0021972101605509022,0.5007944522872445,last,null_a,2,0,1,4218
9,51,13,0.37709018463705946,0.37794267660778447,0.00246299787578397,0.0019730860958776034,0.4208606976682583,-0.1544404962126481,-0.19165344154994948,0.0030079684688827627,0.0022151915926332715,0.5256091383005755,last,null_a,2,0,1,4219
1,51,13,0.1827967500135468,0.17463617672387077,0.0036250981412039272,0.0029592519298424157,0.6274644879964131,-0.02560730408831674,-0.09959950643046597,0.0047110976595407155,0.0035981490095979805,0.7463572916520923,last,null_a,2,0,2,4221
2,51,13,0.16431146796039814,0.17167654289829198,0.0030851012022738533,0.0024754242579472863,0.5339969763298569,-0.09708013505481859,-0.05251540433825039,0.003912097798001282,0.003185569377290822,0.6197754596067965,last,null_a,2,0,2,4222
3,51,13,0.17044822123177128,0.17655422533470677,0.002846858863504498,0.002268228941844504,0.49275985631485636,-0.06953805687982902,-0.009190263320190104,0.0036209217629782236,0.0029075922211969046,0.5736457945904719,last,null_a,2,0,2,4223
4,51,13,0.21348817506221246,0.2340270792122646,0.002651686775223531,0.0021267652602042246,0.4589777214114034,-0.020928438649957633,-0.0526216017553649,0.003589046155420683,0.0027445903544506592,0.5685958903333967,last,null_a,2,0,2,4224
5,51,13,0.23446590836284673,0.2408057098616414,0.0025861290210656626,0.0020769873548235887,0.44763039754744854,-0.228290696645127,-0.17738779657668766,0.003615625989930807,0.0029128342589248533,0.5728068098963487,last,null_a,2,0,2,4225
6,51,13,0.258986610136188,0.260811336012275,0.0025382266051800022,0.0020455371526496508,0.4393390179249634,-0.02704890046662199,0.005347532202198323,0.003293676566417557,0.0025351130838383654,0.5218018600635475,last,null_a,2,0,2,4226
7,51,13,0.2971824825789467,0.311419921772907,0.0024619721023431736,0.0019662638827323315,0.42614020489529975,-0.09113671138987593,-0.09910930180643811,0.003378610642235209,0.002609367506187359,0.5352575706807661,last,null_a,2,0,2,4227
8,51,13,0.3085992862099242,0.3156822773643796,0.002452886652408528,0.001968963070402922,0.4245676137627556,-0.12055033574020914,-0.09843032832863521,0.003334573236952112,0.002532280663757365,0.5282809293725743,last,null_a,2,0,2,4228
9,51,13,0.3077842119939066,0.3242467001910404,0.0024382714589843866,0.00197044102462116,0.42203788504876233,-0.1590434881574122,-0.15224924764001885,0.0033593365339191217,0.0026297673504938027,0.5322040633409911,last,null_a,2,0,2,4229
1,51,13,0.16789318282549068,0.15644470387302092,0.003625646552762336,0.002926615686654235,0.6325571180515144,-0.03542027592660504,0.033858852760228784,0.004349253568907021,0.003569521560526813,0.6989787638940985,last,null_a,2,0,3,4231
2,51,13,0.18722837378961785,0.20326775635902758,0.0029914725293517944,0.002387928053941947,0.5219144266711112,-0.27996054578333057,-0.3008724607692464,0.004164266148405633,0.0031952107292221514,0.6692490007360237,last,null_a,2,0,3,4232
3,51,13,0.24905946323605585,0.2529042026802752,0.0026817404028448132,0.002117471197857993,0.46787626865983134,-0.23537222271399486,-0.2368976020334369,0.003962746442474665,0.0031529671532343215,0.6368622951277488,last,null_a,2,0,3,4233
4,51,13,0.2591814950194621,0.28293962255618155,0.0025391942670058088,0.002051784764913823,0.4430066153266895,-0.21559453205022824,-0.20943794148746622,0.003759107548709812,0.0029733823647746342,0.604135009861581,last,null_a,2,0,3,4234
5,51,13,0.2975078122773935,0.30572364075277664,0.002461144876930613,0.001963430173584645,0.42938954136948604,-0.006158398563461854,0.01552674543172222,0.0032675064926679957,0.00266020650162533,0.5251286486464783,last,null_a,2,0,3,4235
6,51,13,0.3078054175115247,0.3376414842424734,0.002400427264087725,0.0019277839244791644,0.41879629747879216,-0.18501751413143816,-0.21434284361443454,0.003546065523847503,0.0027539126080213523,0.5698965252948661,last,null_a,2,0,3,4236
7,51,13,0.3192535970734244,0.34197805524219227,0.002380933123061627,0.0019230689587623174,0.41539520542888914,-0.05585553686819509,-0.09523597839140553,0.003344472747919119,0.002675980471387044,0.5374980764355569,last,null_a,2,0,3,4237
8,51,13,0.3124342320135623,0.34830916444069404,0.002368105533046101,0.0019163612293491663,0.41315720918361654,-0.10198662097396273,-0.11991631555090719,0.003286322722640991,0.002639489782300262,0.5281526491926173,last,null_a,2,0,3,4238
9,51,13,0.3461866220606888,0.3772636717429964,0.002334528917455924,0.0018769939212750345,0.40729918444718327,-0.07950277570530734,-0.07870649042765636,0.003316377669381296,0.0026456068256245696,0.5329828503268135,last,null_a,2,0,3,4239
1,52,12,0.1401318187430547,0.13310432601876548,0.00379166925179006,0.0030641932162680237,0.6423913705112272,0.0008976098528337336,-0.05277886142774201,0.004171979369359041,0.003355965736509095,0.7091416873190373,last,null_a,2,0,4,4241
2,52,12,0.18683076923076924,0.20312473039799497,0.0031028999480700067,0.0024885181670816605,0.5256988460316983,-0.01221166892808684,0.014406871803524877,0.003518374990773156,0.0028920282848957767,0.5980437956866741,last,null_a,2,0,4,4242
3,52,12,0.18318009630818619,0.20287175927218654,0.0028648324696854245,0.002297051820840546,0.48536502903502227,0.014090387224715586,-0.01193274370291688,0.003391098761353216,0.002655308557408131,0.5764097289534229,last,null_a,2,0,4,4243
4,52,12,0.23823222620076556,0.2378723218918913,0.0027068105779320603,0.0021602660396240745,0.4585926781591392,-0.16618307066068264,-0.16747905519460873,0.003383523587300102,0.0027552506053484175,0.5751221215052139,last,null_a,2,0,4,4244
5,52,12,0.2750067415730337,0.2892176484566993,0.0025684304969040483,0.0020680297373269515,0.43514807790528737,-0.16868802838952096,-0.14659757455400593,0.0033325180706812105,0.0026415472503860528,0.5664523427466347,last,null_a,2,0,4,4245
6,52,12,0.28322652179281393,0.28676464448815076,0.0025517929727076447,0.0020237599281639164,0.43232931886785403,0.015802108339421778,0.028137745711351015,0.0030187485417480855,0.0024098564794227955,0.5131186530330347,last,null_a,2,0,4,4246
7,52,12,0.32868363995555006,0.342765558482174,0.002472207866904486,0.001987259489949599,0.4188458682306351,-0.15273979751591693,-0.1846101901518548,0.003228801744711688,0.002531041376373467,0.54882292421673,last,null_a,2,0,4,4247
8,52,12,0.32157896036547723,0.32454002468257814,0.0024867773128298834,0.002005112870227276,0.4213142497571057,-0.025905437845736356,0.0006674300087601294,0.0030330823399985283,0.0024346606356777977,0.5155550730095245,last,null_a,2,0,4,4248
9,52,12,0.37288712186689715,0.3836085448237108,0.0024212490054742845,0.001949436001727683,0.41021232699589155,-0.20822461120968588,-0.14469657975836497,0.0031841523798578184,0.0026044596748007014,0.5412335468188592,last,null_a,2,0,4,4249
1,51,13,0.16177944680527964,0.14903032928130652,0.0038211836825295517,0.003103122737348099,0.6395662922495627,-0.08018563714766247,-0.06742231126059631,0.004321707061026452,0.0035572819019772206,0.726937538569527,last,null_a,3,0,0,4201
2,51,13,0.2389322433065916,0.2467742315383996,0.0030749921925606913,0.0024342382708980813,0.5146733365066873,-0.1294528256553573,-0.11937968116490506,0.003611743974765922,0.0029157673478296094,0.6075174087195238,last,null_a,3,0,0,4202
3,51,13,0.2870644860202522,0.29103543127264553,0.0027749109368765696,0.002255275680272034,0.46444757610973153,0.058384653321362175,0.020338802723378225,0.0031599826416494224,0.0025176960989131887,0.5315283916761989,last,null_a,3,0,0,4203
4,51,13,0.31182614835495415,0.3076305595974177,0.0026612488193917504,0.0021123618106035007,0.44542350789198026,0.04333641042501802,0.028303583560733203,0.0029885019687200345,0.002345273304222585,0.5026842945332685,last,null_a,3,0,0,4204
5,51,13,0.3289707064097321,0.3407134797912439,0.002581222231091752,0.002083213904390942,0.43202914828701866,-0.0918701551612944,-0.09935730480986904,0.002994234512745954,0.0024410008222512905,0.5036485434712689,last,null_a,3,0,0,4205
6,51,13,0.377400361654956,0.37904675430818485,0.002510891924769179,0.0020179842647501905,0.420257692899214,-0.01397336840374815,-0.021276500299884746,0.002870876839260816,0.002307268407103481,0.482899028925123,last,null_a,3,0,0,4206
7,51,13,0.39059624645044333,0.39412463185009483,0.0024865322671703627,0.0020191496654586565,0.41618052279033546,-0.043209954602359664,-0.060541329789752865,0.0029305234402704533,0.0023960526308182107,0.4929319517284761,last,null_a,3,0,0,4207
8,51,13,0.4415724167191382,0.4341298427191127,0.0024396303498470328,0.001974482333969648,0.4083303674840037,-0.07879462309842056,-0.09663127444837039,0.002892315023517259,0.0023791907524520354,0.4865050625305283,last,null_a,3,0,0,4208
9,51,13,0.44592609477705214,0.44435101109008973,0.002432354626086946,0.0019761394513629327,0.4071126014577471,-0.13977162078427902,-0.08656700494326028,0.0028852912892784383,0.0024224794297716236,0.48532362750796987,last,null_a,3,0,0,4209
1,51,13,0.1352900906574995,0.1324129264238592,0.0038502024895596637,0.0030978822796323482,0.6443302663037362,0.03557202291379506,0.04791130127073556,0.004043431532596402,0.003202927907705957,0.7213532987254779,last,null_a,3,0,1,4211
2,51,13,0.1887960174143828,0.2001384944288464,0.0031618389039691466,0.0025449837077616503,0.5291328205537965,0.08698896040668191,0.07682753025236841,0.003523479047462341,0.0028789251733519396,0.6285931178473508,last,null_a,3,0,1,4212
3,51,13,0.28941125742049,0.2904301579434928,0.002779398356713571,0.002193535655767258,0.4651315062523469,0.2648111382288597,0.19302515862174363,0.002965412529352488,0.0022577174828049685,0.529033345287461,last,null_a,3,0,1,4213
4,51,13,0.28886856087251767,0.2949788605342147,0.0026847628890097463,0.002114318675144148,0.44929428826894735,0.34119045511450574,0.30101736956541425,0.0026825368608639705,0.0021849304822523113,0.4785679683054653,last,null_a,3,0,1,4214
5,51,13,0.34071032801765216,0.3322790059333014,0.002583764139351949,0.00205696470682789,0.4323921769021253,0.13279125937353786,0.11468280146384648,0.00290155732515991,0.0024372886115144334,0.5176414961084231,last,null_a,3,0,1,4215
6,51,13,0.3499858684783563,0.35086031030057335,0.002536064318582337,0.0020134975918876595,0.42440962577592733,0.11331706268415129,0.11550159681450428,0.002861688932628363,0.0023265289344488603,0.5105289244633563,last,null_a,3,0,1,4216
7,51,13,0.39324738908608414,0.39731751430994733,0.0024712879732261446,0.0019282497599868653,0.4135693232290575,0.14622086773985507,0.11205048207405127,0.002827639369045804,0.0022704163497601097,0.5044544392612612,last,null_a,3,0,1,4217
8,51,13,0.37422406334611036,0.3855141627331361,0.002483462140476786,0.001983091573349578,0.415606666576038,0.09356466318491634,0.05824621062137174,0.0028236191811341457,0.002220036514837833,0.5037372326539049,last,null_a,3,0,1,4218
9,51,13,0.4160172562678981,0.4278955785795495,0.00243573858056017,0.0019382194183145637,0.4076201427104965,0.1259879361145184,0.10891476796382756,0.002808834631633044,0.0022744536325614265,0.5010996503264155,last,null_a,3,0,1,4219
1,51,13,0.21491602697374781,0.20243103554468406,0.003698951593454105,0.002970718380175029,0.6191651987330964,-0.2257615801919599,-0.17865207707856626,0.005004583493129648,0.00423758462636957,0.8824542676222332,last,null_a,3,0,2,4221
2,51,13,0.25246721050515575,0.24735990402765584,0.0030671845226065446,0.0024359952781766725,0.5134141030262503,0.006689513018626942,0.03506594183921566,0.003785564730602794,0.003060543165604353,0.6675056488650142,last,null_a,3,0,2,4222
3,51,13,0.25622491057859687,0.25873668918917286,0.0028192268855813628,0.0022653463756636323,0.471908628913592,0.0867360487613652,0.09942626686021445,0.0032350717953638602,0.0025588634720383066,0.5704376629548225,last,null_a,3,0,2,4223
4,51,13,0.2732152654033174,0.28574824604251614,0.0026869654241206435,0.002182040126640538,0.44976946542332713,0.06450511513802654,0.039398638909835956,0.0031748386682498033,0.002462587218032726,0.5598168030676809,last,null_a,3,0,2,4224
5,51,13,0.31666475336624206,0.3154483054813819,0.0025918709640313006,0.0020692877992932084,0.4338516630968975,0.2033788995814312,0.18597813278297073,0.00285137472639307,0.0022213983556679364,0.502780660838214,last,null_a,3,0,2,4225
6,51,13,0.3722034039838044,0.381415587986696,0.002480180000337369,0.0019803943241333975,0.4151557823898816,0.12631672125343013,0.1341235384389363,0.0028741303443037187,0.0021902617124514865,0.5067931410306616,last,null_a,3,0,2,4226
7,51,13,0.4135455987804068,0.4079112874361922,0.002441790030148631,0.0019504777421746765,0.40872970923895635,0.012051239899341164,0.010040283919669756,0.002997611805325494,0.0023250303095749617,0.5285665298452322,last,null_a,3,0,2,4227
8,51,13,0.41734426873740116,0.4131410721060207,0.002434138280643221,0.0019365545452378744,0.40744888766466025,-0.01397336840374815,-0.03023078118682907,0.0030284832368317077,0.002359267549709462,0.5340100650600339,last,null_a,3,0,2,4228
9,51,13,0.43832471963835157,0.43538224056863545,0.0024096302911663517,0.0019318721031471309,0.40334651060142745,0.0760631773290001,0.10119305290510365,0.00285103861002875,0.0022700536777242038,0.5027213937042918,last,null_a,3,0,2,4229
1,51,13,0.18728490811134518,0.1814701254362577,0.0037046950179310837,0.0029831877893709575,0.6279307757108571,-0.18521984344769155,-0.1997027394287932,0.004329266385681891,0.003522711386932167,0.7779484922723631,last,null_a,3,0,3,4231
2,51,13,0.23380783732872734,0.2405259269608383,0.0030516278017310165,0.0023911239628917097,0.5172385320376245,-0.17285246399170448,-0.1649575626507093,0.0035021361208455587,0.0028347397187218574,0.6293171341812127,last,null_a,3,0,3,4232
3,51,13,0.2768574674633243,0.28238766487379385,0.0027571431092914675,0.002167039613357788,0.46732457138404093,-0.02606254504988682,0.031129946864861476,0.003148716772182368,0.002575232299814598,0.5658093652109962,last,null_a,3,0,3,4233
4,51,13,0.31783430972046106,0.33036863491655866,0.0025959420849218833,0.0020500932544769645,0.44000165174076444,-0.10231540611287444,-0.07868587734522832,0.0030388580095064813,0.0024944518530037995,0.5460682702602978,last,null_a,3,0,3,4234
5,51,13,0.3293796229057801,0.3485597830888039,0.002527899621722871,0.0019999675428965624,0.42846873027461524,-0.01903160131008232,0.03320198276897004,0.002862323873345314,0.0023683255796864053,0.5143459291460184,last,null_a,3,0,3,4235
6,51,13,0.3500341676476106,0.36037609671069837,0.0024900804175510753,0.0019585723347241516,0.4220585285987901,0.06612374966805346,0.02163274995837472,0.0027881122327455946,0.0023245436484918796,0.5010104517763307,last,null_a,3,0,3,4236
7,51,13,0.3797943616546266,0.3829904051491533,0.002455313903804254,0.001947921972390864,0.4161657455653313,-0.011216631469796026,0.02466614256389548,0.0027320937617732045,0.0022183743713450016,0.49094420009532924,last,null_a,3,0,3,4237
8,51,13,0.38290086704626325,0.39321694220645265,0.002440731854035792,0.0019303676538109452,0.4136941472884836,-0.04568848872646341,0.007189493663967426,0.0027363799076989955,0.0022619264089792125,0.49171440004690903,last,null_a,3,0,3,4238
9,51,13,0.4219059255710213,0.4212563326509996,0.0024087468536568854,0.0018982393709619932,0.4082728194863761,-0.033472856257666384,-0.019432290874409112,0.0027501124375296244,0.002218058082809623,0.4941820700688221,last,null_a,3,0,3,4239
1,52,12,0.10914532658352884,0.11184238880110486,0.003596156739478021,0.002975709374778677,0.6365256039919621,0.05358522074939987,0.03465268541732943,0.0044237500588442625,0.003285062434868599,0.7183822859200352,last,null_a,3,0,4,4241
2,52,12,0.16657463884430176,0.1851927865703449,0.0029025350220645814,0.0023597340279920306,0.513753429528116,-0.0257384406638138,-0.01667117652036701,0.0038896266878426546,0.002812541039798567,0.6316448429995606,last,null_a,3,0,4,4242
3,52,12,0.22725171008766515,0.23770287494423298,0.0025986521669040643,0.0020973033490406636,0.4599656688889826,0.1497755975367916,0.09684150318191277,0.0033869889348577932,0.0024190443393946283,0.550020417302845,last,null_a,3,0,4,4243
4,52,12,0.24158473885664897,0.2692472605409718,0.002445384152173643,0.001973992245022395,0.43283698048173286,0.0625613192777372,-0.0064064881602752385,0.0033527517898064786,0.0024549678983550385,0.5444605736864169,last,null_a,3,0,4,4244
5,52,12,0.27768544264724043,0.3034212141040018,0.002350630407512647,0.0019047770917558528,0.4160654132447623,0.1617993946352156,0.04820048222410156,0.003213372873977022,0.0022510917569861233,0.5218265317919296,last,null_a,3,0,4,4245
6,52,12,0.282241955797012,0.32087398008626133,0.002303673769462834,0.0018875226301432746,0.4077540117788664,0.1480638764220854,0.018533303010454076,0.0032178017327773537,0.002280365649122832,0.5225457436973668,last,null_a,3,0,4,4246
7,52,12,0.2883917520681566,0.31826636507455264,0.002289870615412277,0.0018601086841922492,0.4053108310151991,0.1561214904498487,0.0960688042748144,0.0031334243754507648,0.002256103828938774,0.5088435231763452,last,null_a,3,0,4,4247
8,52,12,0.3402554389430794,0.3529473992160864,0.0022433204641807013,0.001810148671968212,0.3970713783786334,0.12205406533764744,0.09647117649541377,0.003084704173823286,0.0023232823722667295,0.5009317448547694,last,null_a,3,0,4,4248
9,52,12,0.35079585133967156,0.3773560525465173,0.002213654316508078,0.001815028243773672,0.3918204218899648,0.12681348502244028,0.12612280220518726,0.0030535707248257825,0.002324098553815295,0.49587591711543183,last,null_a,3,0,4,4249
1,51,13,0.21629632087975145,0.21348879562403367,0.0036390351976991453,0.0029453300990376235,0.6152583922896914,0.18218490370389107,0.15578920281777053,0.004043112939342152,0.0031705396913172244,0.650591508337631,last,null_a,4,0,0,4201
2,51,13,0.21183723287018286,0.20718140255086814,0.0031162761977418323,0.0024762637202375122,0.526874564050805,-0.025278518949405023,-0.0007652629256967563,0.003836565170491211,0.0030539016530729177,0.6173551811569288,last,null_a,4,0,0,4202
3,51,13,0.2701196715887074,0.28287486664058625,0.002746324799898773,0.002191832158830761,0.464326198922004,0.15891703233475385,0.188088890675309,0.0033240194012499735,0.0025565574276496116,0.5348796406252847,last,null_a,4,0,0,4203
4,51,13,0.2899237309588863,0.3029457835947499,0.002623754468178662,0.0020918356153833313,0.44360300688357285,-0.057297133246500334,-0.018967862822891656,0.0034779497828940913,0.0028007230348444856,0.5596491191620699,last,null_a,4,0,0,4204
5,51,13,0.30128997075367947,0.3138529038229948,0.0025659766842856006,0.002029404892200713,0.4338344104021256,0.06705952275572527,0.10177481817681083,0.003261984944033308,0.0025938075479743613,0.5248974581596959,last,null_a,4,0,0,4205
6,51,13,0.37172300636429045,0.3823963285898484,0.0024507037077971484,0.001951066553821147,0.4143449956711072,0.15239191188558276,0.1861300869456446,0.003141263262055648,0.0024923052439547763,0.5054717081632882,last,null_a,4,0,0,4206
7,51,13,0.39464110629061877,0.4026047281954793,0.002420338405966877,0.001943064605757313,0.40921107808842033,0.153909381757483,0.17602397149496157,0.0031213971501747725,0.002560396884477643,0.5022749823019805,last,null_a,4,0,0,4207
8,51,13,0.40146059487776803,0.40992073706872345,0.002410046836142028,0.001912549972353182,0.4074710633975546,0.12406580761011139,0.15067037255022317,0.00311987719011443,0.0025294426952515068,0.5020304001883698,last,null_a,4,0,0,4208
9,51,13,0.4353636470393885,0.4453506265427546,0.0023700986014315796,0.0018893156377293196,0.4007169416791657,0.0605344023065542,0.08724494670257679,0.003157485061963167,0.0025430254531926978,0.5080820149808616,last,null_a,4,0,0,4209
1,51,13,0.18883492850981787,0.18313761890062719,0.003670655665038111,0.0030170387880689505,0.6243605407454477,-0.08721658088746696,-0.07160691219918343,0.004209905098242341,0.003244381862861063,0.7430099033957839,last,null_a,4,0,1,4211
2,51,13,0.23804029394223827,0.23063770176520804,0.0030454579112792366,0.002423251143655578,0.5180174665836065,0.009446249952579066,-0.00940797865103838,0.0031948819446569006,0.0025908996339395717,0.5638675622525421,last,null_a,4,0,1,4212
3,51,13,0.271442772360786,0.2723330882302496,0.0027484847756631937,0.0021552418050282797,0.4675037915183703,0.1304897634011558,0.08680650535208367,0.002943730404908723,0.0022991486622202986,0.5195416031320134,last,null_a,4,0,1,4213
4,51,13,0.32792331854245044,0.33557911858628103,0.0025514140527659827,0.0020083038526153164,0.4339830272894757,0.12055033574020914,0.11238259514093256,0.0027988622161761764,0.0021927480415140457,0.4939736873706268,last,null_a,4,0,1,4214
5,51,13,0.2934180296804777,0.3225913638929858,0.0025301003334523347,0.002039669151452485,0.43035766808111536,-0.07631608897431681,-0.09537807827953433,0.002987541361218347,0.0023134828309365465,0.5272738378631195,last,null_a,4,0,1,4215
6,51,13,0.3764592072545764,0.3857418922579939,0.002427122627452113,0.0019415255294167146,0.4128416649279412,0.009269211800857371,-0.022310419403191516,0.0027788939383332043,0.002269451441611966,0.4904494682148836,last,null_a,4,0,1,4216
7,51,13,0.4098456271258016,0.4203002752773779,0.002372757847715215,0.0019147321846801366,0.403594482306772,-0.06318997458237964,-0.10135960464787977,0.002842309633746228,0.002332948517066057,0.5016417608255364,last,null_a,4,0,1,4217
8,51,13,0.4184541202361908,0.4295991037210256,0.002360750010954725,0.0019091453923588758,0.40155200811765873,0.05034206300029084,-0.011181246283454373,0.002709252969393797,0.002139477778104899,0.47815847153050195,last,null_a,4,0,1,4218
9,51,13,0.4227248291329389,0.4434441162779014,0.0023451561076203637,0.0018851659559977019,0.3988995615776826,-0.05221360917563449,-0.07923096399897274,0.0027057852193552705,0.0022330001593603654,0.47754644523513434,last,null_a,4,0,1,4219
1,51,13,0.1588366562448067,0.1639970367662757,0.0038268977167732797,0.003119936294981475,0.6307917350162205,0.014150406555469846,-0.036375966133767035,0.00477782524031637,0.003967856357745109,0.8193978983750173,last,null_a,4,0,2,4221
2,51,13,0.19080012412021805,0.204163391197643,0.003197240928562479,0.002555823889762194,0.5270047181436809,0.010837264001820963,-0.022047348572116838,0.003686938706623404,0.0028838738697820926,0.6323106592832763,last,null_a,4,0,2,4222
3,51,13,0.2371260273146831,0.25480402759137816,0.0028837570985607366,0.0022956650650335485,0.4753328356787741,0.03893574779650728,0.007855083039576936,0.0032812990371510324,0.0025052839997334164,0.5627433821341461,last,null_a,4,0,2,4223
4,51,13,0.29847943674192334,0.3001558485430178,0.002728036175018956,0.0021545875052465455,0.4496651855848829,-0.05777766537260208,-0.0037112497105099285,0.003221431262352815,0.0025964963875492776,0.552476047859107,last,null_a,4,0,2,4224
5,51,13,0.3014232978722178,0.31223874555669995,0.002662315179204099,0.0020825009686760336,0.43883232198485905,-0.04571377989099508,-0.020124817941442715,0.0031272748737294735,0.0026008376766077134,0.5363282100718381,last,null_a,4,0,2,4225
6,51,13,0.33241328837379286,0.3444361812703869,0.0026011823546831167,0.0020814159091810938,0.4287557316759477,-0.034459211674401545,-0.04016073809924303,0.0030920504913993993,0.002479462553882167,0.5302872220906808,last,null_a,4,0,2,4226
7,51,13,0.3710662941303291,0.36966556006375206,0.0025586080949532566,0.002018844615538805,0.4217381698936397,-0.030589663501055908,-0.02476798767507132,0.0030575568219248428,0.002498249937681576,0.5243715514972493,last,null_a,4,0,2,4227
8,51,13,0.36986836767584064,0.3830075244984832,0.0025390724398094847,0.00201398249200408,0.4185180864958507,0.04836935216682051,0.0352071004752263,0.0030141500193822256,0.0023735558259760812,0.5169272769602752,last,null_a,4,0,2,4228
9,51,13,0.40442998498072885,0.4178176045464975,0.0024986864506762116,0.0019850784928526796,0.41186121974865075,0.11518860885949493,0.17951691756267138,0.0028454173607877567,0.0022712037084729143,0.48798959529856956,last,null_a,4,0,2,4229
1,51,13,0.1719152724690782,0.1831716980123143,0.003564130218285759,0.002870041471839904,0.6248659166477991,0.1420225344275977,0.1875465449002264,0.003754095141661428,0.0029650389886118453,0.6649565268158656,last,null_a,4,0,3,4231
2,51,13,0.2278133051405633,0.2294490490253519,0.0029489941636775836,0.0023379871709173494,0.5170198136480264,0.2605369314230074,0.24788297719986538,0.0030289993654107473,0.0023154277200334917,0.5365215376133488,last,null_a,4,0,3,4232
3,51,13,0.25057629597006226,0.2573921818256834,0.0026976876155661734,0.002147725575441545,0.47296056582942153,0.35950125823543544,0.35456981305252483,0.002629583872686447,0.0019794475242952284,0.4657737465275703,last,null_a,4,0,3,4233
4,51,13,0.2773472531566574,0.29366561473308417,0.00255102968603739,0.00203969278599019,0.4472483903599325,0.24751198168919686,0.23417825713872922,0.002669421274780801,0.0021146239219755427,0.47283007822253764,last,null_a,4,0,3,4234
5,51,13,0.29782214804728885,0.31675519685211073,0.0024765302109206336,0.002005900872184849,0.43418708789410904,0.36423070600285784,0.3195430731483427,0.002527950191668092,0.001939931483529604,0.4477715444023553,last,null_a,4,0,3,4235
6,51,13,0.34858317495762603,0.37052348995382833,0.0023843072969572717,0.0019148196655196816,0.41801849916690925,0.1924531165037494,0.14230466485044052,0.0027169527280330595,0.0020711635709195794,0.4812492441936869,last,null_a,4,0,3,4236
7,51,13,0.33820457699892265,0.36660525222469803,0.0023816816771004556,0.0019142263219144998,0.41755817357325375,0.25001580697783227,0.20524213603974856,0.0026291396763891647,0.002047866814957471,0.46569506678826705,last,null_a,4,0,3,4237
8,51,13,0.36374392595741467,0.3772913436066756,0.002366218903217096,0.0019067524024741912,0.414847228746667,0.1744710985217314,0.16718657902603856,0.0026313259436712803,0.002047916022013352,0.4660823166164543,last,null_a,4,0,3,4238
9,51,13,0.3759092637724278,0.408796080163979,0.0023305821800903826,0.0018969452787718781,0.40859937238366134,0.2330707267416128,0.1847094357546982,0.0026199260931687647,0.0020833792606915033,0.4640630803663527,last,null_a,4,0,3,4239
1,52,12,0.17454065934065935,0.16109804794495,0.0036947881360975027,0.0029998918663424307,0.6308576876207744,0.1256445047489824,0.13733570654590496,0.0036495577978620736,0.0029312409229158335,0.6270200838174232,last,null_a,4,0,4,4241
2,52,12,0.1863830102481788,0.17905252190702536,0.0031157820547108453,0.0025054048160388486,0.5319966909499998,-0.018474063250182658,-0.043856501402665046,0.0032993347877805744,0.002680671805633499,0.5668492704479973,last,null_a,4,0,4,4242
3,52,12,0.2516878133102852,0.2608607973697461,0.002742460822003545,0.002183123826755016,0.4682548576079082,-0.03625926312493477,-0.013626801924715284,0.0030197030949205817,0.002460339458196577,0.5188065493277036,last,null_a,4,0,4,4243
4,52,12,0.27864437584887025,0.28368962658793345,0.0026105883663704067,0.0020821635921217693,0.44573861327746483,0.12359878927043108,0.13887410855846152,0.0026889810778205174,0.002180576794353747,0.4619861457698185,last,null_a,4,0,4,4244
5,52,12,0.30371798987529325,0.30817907055585847,0.0025234720085006617,0.0020147145488804905,0.43086414089764963,-0.13670806805135166,-0.1217041978527562,0.0028838782319148097,0.0023728010608615006,0.4954708682114164,last,null_a,4,0,4,4245
6,52,12,0.32972189159155446,0.3392466829889733,0.0024627028806146673,0.0019748464344347054,0.4204882627458427,-0.1849702536269701,-0.20832875033563547,0.0029101941876652038,0.0023978195914138747,0.49999213727859315,last,null_a,4,0,4,4246
7,52,12,0.366033930114829,0.3622665190606253,0.00242102368656348,0.0019316535769376725,0.4133718492973571,-0.09333055004696798,-0.07419439910782809,0.0026982848549822196,0.002297848232887276,0.46358460110574073,last,null_a,4,0,4,4247
8,52,12,0.38540975429065316,0.3943553684008714,0.0023789687861048205,0.001894673577093276,0.40619128676461763,-0.10080367393800231,-0.13441175671797526,0.002740385344591421,0.002278088293681518,0.4708177657754386,last,null_a,4,0,4,4248
9,52,12,0.4100739844425238,0.40522130192001504,0.0023655724243385797,0.0018889438604111502,0.40390395728994083,-0.07329088821626137,-0.05692800325587077,0.0026832494111996277,0.002267081262144215,0.4610014045260577,last,null_a,4,0,4,4249
1,51,13,0.21403153042238263,0.19585447153565844,0.003662615944834614,0.0029438498514300897,0.6189329114460846,-0.007296500967387043,-0.07182082226834326,0.003967980027894296,0.003079304514173633,0.7694947649157815,last,null_a,5,0,0,4201
2,51,13,0.2095390488695359,0.21349012072230117,0.0030735592397547933,0.0024390382575976916,0.5193902384022272,0.006512474866905246,-0.0181057443836039,0.0032599638259038738,0.0025750413943079606,0.6321919667471366,last,null_a,5,0,0,4202
3,51,13,0.2678749749033728,0.2649131141335867,0.0027547056649992667,0.0021665302314296604,0.4655082659757294,-0.04905221360917563,-0.05456763954623068,0.0030697415521356345,0.0025468243683861407,0.5953029091394768,last,null_a,5,0,0,4203
4,51,13,0.26548945711074945,0.2653979687675103,0.0026430702788266115,0.002085992775176517,0.446643384802017,-0.027150065124748664,-0.06302439464040228,0.002951361940349132,0.002481582655185855,0.5723460164882764,last,null_a,5,0,0,4204
5,51,13,0.3358522880465279,0.3330651382360855,0.0024986556366720573,0.001977212679754506,0.4222392495417478,-0.07105552675172927,-0.09237808849371691,0.0029946464131463653,0.0024334344691941848,0.5807400041055191,last,null_a,5,0,0,4205
6,51,13,0.3359612802895084,0.34352091624235015,0.002456379682927403,0.0019582693859357923,0.41509518105915383,0.05952275572528737,0.00780347487392654,0.002731201356679512,0.0021129632120113055,0.5296511401573393,last,null_a,5,0,0,4206
7,51,13,0.3821422859762105,0.37638307642083446,0.002411823880853102,0.0019386390779170277,0.4075658488236639,0.0942981069563348,0.028119656278679073,0.002762234495268937,0.002229491390524355,0.5356692747032789,last,null_a,5,0,0,4207
8,51,13,0.39397698241943174,0.3935020568110659,0.0023872806627874775,0.0019007196902144188,0.40341837454778845,0.05013973368403747,-0.007711217076380799,0.0027018433694442163,0.002260289676563089,0.523957861126897,last,null_a,5,0,0,4208
9,51,13,0.4077368104562718,0.41456257191592516,0.002362473032162439,0.001870336703351315,0.39922621810002096,0.09864818725578219,0.04225907508474977,0.0026570340886236114,0.0021675700084268497,0.5152681734851489,last,null_a,5,0,0,4209
1,51,13,0.13228701878092403,0.12298537071871274,0.0037369845630191843,0.0030440878947238996,0.6427118863199237,-0.010559061191972583,-0.0487452354938182,0.003986049279272543,0.0033052487430165777,0.7185225026866466,last,null_a,5,0,1,4211
2,51,13,0.21954739437305204,0.2121716268708737,0.003044272956948551,0.0024182824770163157,0.523574658026515,0.032081842208424485,0.045495181122318144,0.0033209698515936203,0.0026785504832667582,0.5986357422930385,last,null_a,5,0,1,4212
3,51,13,0.2323409919702322,0.2277774517920268,0.0027987990057184364,0.0022245531607168944,0.4813563872317202,0.05901693243465395,-0.002514468797919775,0.0031646191183652052,0.0023231627653769135,0.57045206661187,last,null_a,5,0,1,4213
4,51,13,0.23668985246394933,0.2397875889018628,0.0026570444899143095,0.0021102594262633854,0.45697648661654877,-0.08195601866487942,-0.0567833242375697,0.0031598189595415764,0.0025374073976556573,0.5695867932824151,last,null_a,5,0,1,4214
5,51,13,0.2870808739736735,0.2921501239795355,0.0025387103888185104,0.0020373153398708173,0.4366245873649748,-0.07186484401674276,-0.12671644143926236,0.0030527190993192748,0.002343251671449731,0.5502810461095246,last,null_a,5,0,1,4215
6,51,13,0.3208232994863076,0.3179513690451776,0.0024769623372841664,0.001992596086463589,0.42600473972874187,0.01847519569038556,0.00835522067231496,0.002870274051686275,0.002228150915699052,0.5173936272535361,last,null_a,5,0,1,4216
7,51,13,0.318420611400778,0.3298782764462649,0.0024551145171257615,0.0019696832811647038,0.42224720381464054,0.05648781598148687,-0.01718297260562526,0.0028297399381810116,0.002150799424652178,0.5100869758201394,last,null_a,5,0,1,4217
8,51,13,0.32763727052129993,0.3294672500423343,0.0024458573699380174,0.00197053093506694,0.420655097015524,0.14756129946003363,0.10677595268903557,0.0026508878400148565,0.002044999470542011,0.4778472195649039,last,null_a,5,0,1,4218
9,51,13,0.3591091409698341,0.36142573189399585,0.0024058119310456897,0.0019325619822308218,0.41376781152237685,0.1260638096081134,0.09521710442122325,0.0026531297163144498,0.0020361376738579173,0.47825133864538644,last,null_a,5,0,1,4219
1,51,13,0.1830647630507814,0.1702567705860602,0.00377411544200181,0.0030147909885986403,0.6346599971719168,0.10299826755522958,0.05690991739915108,0.003906435512391603,0.0030668995591751386,0.6616690562167368,last,null_a,5,0,2,4221
2,51,13,0.19796067154703761,0.21174285070588278,0.0031569714702075163,0.0024937457774419597,0.5308802910625868,-0.04305820761516963,-0.0948047183279022,0.003691726916455968,0.0028527312118640244,0.6253018786238378,last,null_a,5,0,2,4222
3,51,13,0.2147808469459031,0.24194400221070886,0.0028963159753547852,0.002337309441680549,0.48704813537782715,-0.07360993436942803,-0.09082289892304024,0.0032174400765456815,0.0024647304848758435,0.5449675368066015,last,null_a,5,0,2,4223
4,51,13,0.2506150423624478,0.26756414538298734,0.0027484927506268584,0.00219663367690673,0.462189996078832,0.06286118944346791,0.06577111078687603,0.0029038950014924018,0.0022178378249405146,0.4918595120526242,last,null_a,5,0,2,4224
5,51,13,0.27767661807981603,0.30016877632264727,0.0026580352180632654,0.002153847944329216,0.4469785436886693,0.12568444214013835,0.07219250521770529,0.0028466974941562446,0.002144319339970116,0.48217144205197676,last,null_a,5,0,2,4225
6,51,13,0.3064984576382933,0.31983253087723573,0.002610416226127272,0.002080581391024196,0.4389708741428227,0.009952073243212482,-0.05650420098033061,0.003066379901437469,0.00230468675737586,0.5193810800025077,last,null_a,5,0,2,4226
7,51,13,0.32997267741112496,0.3545841729595475,0.002557156114925576,0.0020767012086623697,0.4300145868897981,0.07626550664525347,-0.018485262242868065,0.002917029828035675,0.002135471572468524,0.4940842789161471,last,null_a,5,0,2,4227
8,51,13,0.36347920698116926,0.3866365322431634,0.002516735413397453,0.002050602321110501,0.42321739090791816,-0.10833470327141212,-0.176389127645352,0.0030118769471975297,0.0023355206191458602,0.5101494113422752,last,null_a,5,0,2,4228
9,51,13,0.3904191083207486,0.40734547659796366,0.002494855413449068,0.002025406515208853,0.4195380226112246,-0.0365836694950619,-0.07490424124793556,0.0028921632088304374,0.0022710918682918276,0.4898723899937168,last,null_a,5,0,2,4229
1,51,13,0.14190007696573498,0.1261762453526406,0.003762319116920396,0.003035560334527701,0.6445955442081567,-0.29215088708759596,-0.2902669000894704,0.00453420152081839,0.0036542297472460517,0.7524648565325069,last,null_a,5,0,3,4231
2,51,13,0.22052729516581723,0.2305945844942579,0.0030292334882788645,0.0024457583777669403,0.5189964881312331,-0.16751602827552192,-0.18978342344000176,0.003669291067572531,0.0028274913358453217,0.6089302745058917,last,null_a,5,0,3,4232
3,51,13,0.20061234946758913,0.20928646289098896,0.002850731581760073,0.0022861308207839564,0.48841387937345804,0.12479925138152986,0.1533100179535185,0.0029277436148942176,0.002269858426730279,0.48586816643026287,last,null_a,5,0,3,4233
4,51,13,0.25965378101379005,0.2728629496928231,0.002639679575645677,0.002123337356569228,0.4522544844604373,0.10484452256604154,0.06727156338140355,0.002995395367096926,0.0023870789728574885,0.4970951852960224,last,null_a,5,0,3,4234
5,51,13,0.2802409622083912,0.2939134877858661,0.0025634251715027276,0.0020747994449216317,0.43918986989445463,0.04874871963479559,-0.05593064665326395,0.003085745330087962,0.002290360166405622,0.5120890428975471,last,null_a,5,0,3,4235
6,51,13,0.3262908230919604,0.34336503190323997,0.002486104422708008,0.0019981890477096566,0.42594255923338803,-0.11885582771658719,-0.1239269611696448,0.0030536276645371343,0.0023980470099742393,0.5067590163228789,last,null_a,5,0,3,4236
7,51,13,0.3477948649871457,0.36487501909694076,0.0024515951642169608,0.001989775859102294,0.42003011173332994,-0.015946079237218476,-0.003843493658974626,0.002932637683218348,0.002294887175870315,0.48668035230300555,last,null_a,5,0,3,4237
8,51,13,0.3964436988154391,0.4161010812288834,0.002391089417116835,0.0019211294652430586,0.4096637037366443,-0.0057284487664234504,0.04494864584178304,0.002809993968919297,0.0022165750706421685,0.4663272461472843,last,null_a,5,0,3,4238
9,51,13,0.3959834361437218,0.4139360626219103,0.002394382074122364,0.0019366241221650173,0.4102278323946374,-0.09917930171094726,-0.09152745758870177,0.0029252337491523055,0.0023339297321574876,0.4854516463976326,last,null_a,5,0,3,4239
1,52,12,0.10086400790221015,0.08720894133530668,0.0038813926376160806,0.0031243093210741976,0.658259605872022,0.35372090595971195,0.3835518059992632,0.0038300267081321678,0.0031722912407011125,0.5749778517826954,last,null_a,5,0,4,4241
2,52,12,0.1531458204716632,0.18113492518898616,0.0031546724959071702,0.002545800052211382,0.5350124730196295,0.20939359148314377,0.2004110100105681,0.003464094995972945,0.002798183445063909,0.520042822397722,last,null_a,5,0,4,4242
3,52,12,0.2161523151006297,0.25518251457013796,0.002809475100445196,0.002251993118729093,0.47646918129421156,0.15779146226907423,0.12445082481361688,0.0035558946305961734,0.00273312826368891,0.5338241249139756,last,null_a,5,0,4,4243
4,52,12,0.2253202617607112,0.24584539157670396,0.002720874417371743,0.0021427095145020985,0.4614430666582689,0.033670806805135164,0.013115012579415695,0.0036268421487683274,0.0028746134617096356,0.5444750301678016,last,null_a,5,0,4,4244
5,52,12,0.25277905914310406,0.2808008866407176,0.0026228034355522687,0.0020710807099533243,0.4448108493416464,-0.028034651915248933,-0.05903664022307809,0.003464536590934016,0.0027219189599189445,0.5201091162753955,last,null_a,5,0,4,4245
6,52,12,0.30135552537350285,0.3396675155953359,0.0025231934295206664,0.002006407697537651,0.42791762326711447,0.12222106251957,0.08767235331048619,0.0032123878628763786,0.0025496654789610414,0.4822556115777681,last,null_a,5,0,4,4246
7,52,12,0.30480726015557474,0.3435568283862067,0.0025129013658887734,0.0019780266460262593,0.42617215446700335,0.015468113975576665,0.060659044002339416,0.003181270893035953,0.002537045784276794,0.4775842163535921,last,null_a,5,0,4,4247
8,52,12,0.32670779108531917,0.3621457220980314,0.0024876231916931423,0.001958020677872228,0.4218851362401124,-0.05563093622795116,-0.0738693581800572,0.003295519867161234,0.002530627716845554,0.4947356971961283,last,null_a,5,0,4,4248
9,52,12,0.3477870848252871,0.38697367977881425,0.0024596515007342078,0.0019210851493402649,0.4171413146314047,-0.06857321782694918,-0.08826447563592127,0.0032667640445317656,0.0025511804198572255,0.490418766171436,last,null_a,5,0,4,4249
1,51,13,0.11023113931852135,0.12317629334610927,0.003909190381109449,0.0031451613568270146,0.6546663382068867,0.03764589840539207,0.0272565275032526,0.0038370418120126015,0.0031710519362356366,0.7180833756306699,last,null_a,6,0,0,4201
2,51,13,0.18773891206718302,0.20464104211851358,0.003230071674237913,0.002571753387871215,0.5409353316066899,0.020953729814489307,-0.004650937447388557,0.0035213618440389917,0.0028518663295239084,0.6590054327446184,last,null_a,6,0,0,4202
3,51,13,0.2212552002929079,0.23971021475996668,0.002951416406118594,0.002336612379451355,0.4942693455029487,-0.14525980348765158,-0.1265395536563471,0.0032983583270791653,0.002616777337461848,0.6172714287692932,last,null_a,6,0,0,4203
4,51,13,0.22840285970610716,0.2425108477053139,0.0028595237802102103,0.002268978137924078,0.4788802231920053,-0.06498564726412828,-0.1123199159307164,0.003099324444052644,0.0023910845739935223,0.5800232230966013,last,null_a,6,0,0,4204
5,51,13,0.26724292695106816,0.2920150527798798,0.002749530672774742,0.002200551222894399,0.46045983997896306,-0.1275306971509503,-0.1414696842591831,0.002890185429390258,0.002312473649107643,0.5408838920748039,last,null_a,6,0,0,4205
6,51,13,0.28424798152295305,0.3177808208673423,0.002696159170281008,0.0021686937453340325,0.45152179330029085,-0.13145082765335928,-0.08184204669753621,0.0027703108014712316,0.002291377757600689,0.5184499490306923,last,null_a,6,0,0,4206
7,51,13,0.34153120801616327,0.3650211088849218,0.0026327497129077803,0.0021222449558562337,0.4409027051466882,-0.16200255440761768,-0.09528515202184472,0.002831915446915304,0.0023224591480818417,0.5299789533841285,last,null_a,6,0,0,4207
8,51,13,0.36382874802788684,0.3862198446823927,0.0026072652595026673,0.002086363164578224,0.43663486138227314,-0.083524070865843,-0.03261138825976962,0.002735244441638124,0.0022731555839258836,0.5118874534224337,last,null_a,6,0,0,4208
9,51,13,0.3671485850443372,0.40194291043759856,0.00259139198141441,0.0020724192576104332,0.43397658694990077,-0.24318719255428115,-0.18542988859648807,0.0028149583746140353,0.002379185814872044,0.5268055212675467,last,null_a,6,0,0,4209
1,51,13,0.14191922369523477,0.14283389376682243,0.0037698392807552477,0.003019668890696722,0.6282810811615189,-0.09050443227658417,-0.05727684607720929,0.004875851867951771,0.004012088679281277,0.8247942651376194,last,null_a,6,0,1,4211
2,51,13,0.17438627114437158,0.18752920918216534,0.003125458243128962,0.0024924539601082784,0.5208885944137241,0.1654674439484566,0.1912194038829553,0.003382148003408836,0.0027776549544907022,0.5721208011657852,last,null_a,6,0,1,4212
3,51,13,0.22274032768989313,0.24787468947923105,0.0028026332071249237,0.0022495408103246728,0.4670866024609029,0.04472742447425991,-0.028895266427140742,0.003266973749592774,0.002544385560503182,0.5526380386431212,last,null_a,6,0,1,4213
4,51,13,0.2947558301997205,0.3008921889318993,0.0026127107712163207,0.002055690486981242,0.4354341460873301,0.07808647049153378,0.09180187540919084,0.0028727191968472283,0.002365801780803405,0.485946329601205,last,null_a,6,0,1,4214
5,51,13,0.31254256544434494,0.32042550098022426,0.002543349394396406,0.0020062619779227108,0.4238743851601913,-0.1676424840981803,-0.18454503698132785,0.0031188511307131722,0.0025350911083879438,0.5275817633710871,last,null_a,6,0,1,4215
6,51,13,0.3541266266690801,0.3612175442138534,0.002461946499187263,0.0019466455672179884,0.4103077858431424,-0.0879500246588854,-0.09298388977931209,0.0029995484372397413,0.002467752119839824,0.5074006380913947,last,null_a,6,0,1,4216
7,51,13,0.34393570783523697,0.3593840089536784,0.002453285373203436,0.0019526006068929275,0.4088643233525864,-0.08719128972293529,-0.11134064646430238,0.0029562738654789963,0.0023564882000865614,0.5000803544607226,last,null_a,6,0,1,4217
8,51,13,0.38430644287035903,0.40250198944282456,0.0023968248437946623,0.001911450750152874,0.3994546165141587,-0.042577675489067886,-0.056243967396539175,0.002887899589660345,0.0023191763760141925,0.48851422979052195,last,null_a,6,0,1,4218
9,51,13,0.3912687701771529,0.4059445893397828,0.0023922120448777113,0.0019244190432682856,0.3986858478545722,-0.012430607367316228,-0.033187962280195826,0.0027752689494913887,0.0022083092968287693,0.46946174242913746,last,null_a,6,0,1,4219
1,51,13,0.13674548915405713,0.1072604661784799,0.003710595029697271,0.002988786347057529,0.6478210328608932,-0.052264191504697834,-0.08276655356903377,0.004273213762284779,0.0032779118313200385,0.7074325165325723,last,null_a,6,0,2,4221
2,51,13,0.16043575815201858,0.17477673263081484,0.003046121383559389,0.0024313078274811662,0.5318126837134506,0.11197663096397273,0.10300292612852169,0.0033418457238717416,0.0026782833014489943,0.5532441066178168,last,null_a,6,0,2,4222
3,51,13,0.21120555549973952,0.23481309302221076,0.0027342100933619535,0.002177576251763401,0.4773570795422884,-0.14869940186395883,-0.13553925000794684,0.0033530271308407312,0.002756691392156798,0.5550951937177089,last,null_a,6,0,2,4223
4,51,13,0.23324829989394769,0.25020845462847013,0.002594161662007611,0.0020851341018563426,0.452906467517963,-0.003022294161534667,0.0015207037847515979,0.003235518709359732,0.002507060371596889,0.5356416201437002,last,null_a,6,0,2,4224
5,51,13,0.2752852121531745,0.28246238237952837,0.0025107215123329023,0.002010528067050041,0.4383389160843733,0.019992665562285815,0.021731172202218905,0.003005505924069949,0.002393381184932894,0.4975628970598318,last,null_a,6,0,2,4225
6,51,13,0.3040624583610103,0.3252195214866848,0.002432307244887651,0.001933982714618832,0.42464881750965566,-0.10752538600639865,-0.15766960801527027,0.0031824583835449,0.002480635475463069,0.5268574586419935,last,null_a,6,0,2,4226
7,51,13,0.31631447115580197,0.33772303343703064,0.002411539900633632,0.0019234578613493236,0.42102311265726877,-0.022926440647959633,-0.02619604607499306,0.0029179111710901317,0.0023075505717940273,0.4830615451540407,last,null_a,6,0,2,4227
8,51,13,0.3621715882957401,0.36571199289073586,0.0023760618983893946,0.0018730897567920573,0.4148291206226332,-0.03789881005070878,-0.05507479160060133,0.0029187327206755677,0.0023621290735146975,0.48319755306822715,last,null_a,6,0,2,4228
9,51,13,0.3841322693955546,0.39474790090065404,0.002345698668253665,0.0018625817342553387,0.4095281004492929,0.017868207741625463,0.029276409414120567,0.0028411293723799346,0.002258086635224341,0.47035028283319447,last,null_a,6,0,2,4229
1,51,13,0.14458383080516896,0.14085559563411176,0.0037201101422999323,0.0030532330091515127,0.650139343595413,-0.04288116946344794,-0.04641974996274214,0.004336142995671014,0.003587718830803247,0.6928119087172047,last,null_a,6,0,3,4231
2,51,13,0.12502126728126156,0.1254516078150114,0.003200674699191139,0.002538184366600616,0.5593610050233838,0.1561855865653334,0.1898581114541902,0.0035742605981858877,0.002914863135734316,0.5710813295950034,last,null_a,6,0,3,4232
3,51,13,0.2074642845554821,0.22437910848852216,0.0028424714760754122,0.0022402088090128975,0.4967601681013237,0.045916109207248444,0.054624342263717145,0.003347664307693246,0.0027026836006893104,0.5348766636785022,last,null_a,6,0,3,4233
4,51,13,0.2310004326749109,0.24762715423890325,0.0027139297918999544,0.0021781682286568143,0.47429577780700444,0.004893840336878311,-0.005843896563416736,0.003406931684292968,0.0028134973589270342,0.5443461724902984,last,null_a,6,0,3,4234
5,51,13,0.2594841780486081,0.2620006339253961,0.0026518490188175967,0.0021541212598950843,0.463446326710724,0.09708013505481859,0.0882336909190822,0.0031425321137454887,0.0026547234515685385,0.502101446862503,last,null_a,6,0,3,4235
6,51,13,0.2450781375972098,0.26267022341522817,0.0026186942715462017,0.0020932860885235992,0.4576520881523005,0.10218895029021612,0.12634683014363268,0.0030830966174305936,0.002625974590868059,0.4926050765424775,last,null_a,6,0,3,4236
7,51,13,0.2836595387029931,0.3057275133247559,0.0025626680030305425,0.002049590875357725,0.4478607432610034,0.14280656052807952,0.15820334708869957,0.0029466291469622463,0.0024899968781083403,0.4708008397386233,last,null_a,6,0,3,4237
8,51,13,0.3146601937270208,0.3333566026431357,0.0025281801665011762,0.002042841017521149,0.4418335294029304,0.2099040200306023,0.18408400230368047,0.002855075444660438,0.0024602365591522503,0.45617274852826256,last,null_a,6,0,3,4238
9,51,13,0.35112713708383037,0.3564639516637944,0.002504136600752246,0.00200121350133107,0.437631592509729,0.12715132968297524,0.14404152366091894,0.0029392671408801055,0.0024834270175354855,0.46962456730230195,last,null_a,6,0,3,4239
1,52,12,0.16635490801333497,0.1557648947700782,0.0037857738458497085,0.003015856592772395,0.6342083209170656,0.0005636154889886234,-0.033879651893220605,0.0039278883510732426,0.0031077415371387673,0.6838817704682859,last,null_a,6,0,4,4241
2,52,12,0.18744753673293,0.1958027415760876,0.0031600418028145325,0.002547688924969089,0.5293831294195863,-0.05667466861496714,-0.07690254216920084,0.003203275538708369,0.002632308977437145,0.5577199632242761,last,null_a,6,0,4,4242
3,52,12,0.18423163353500435,0.21480230914043824,0.002894297391498345,0.002347742024677058,0.48486453856960776,0.15144556935601716,0.14812895046926405,0.00274397171922908,0.0021926968966663103,0.4777509108548227,last,null_a,6,0,4,4243
4,52,12,0.23574535127793556,0.25543768123255883,0.002723653021293253,0.0021840859301050486,0.45627749562715464,-0.11140799499008457,-0.14090726169962312,0.0027937835708472,0.0022539616515580116,0.4864236159396288,last,null_a,6,0,4,4244
5,52,12,0.2829778985059884,0.3008991429128727,0.002606685879695816,0.002058737682740054,0.43668268159559187,0.0582611418432314,0.011964409397230438,0.002632552229139299,0.0020457143106605664,0.4583517448560099,last,null_a,6,0,4,4245
6,52,12,0.29444543770835907,0.3057377209716446,0.0025729846536846476,0.0020420153134688038,0.4310369143544183,0.21352677173572698,0.23658466936368108,0.0022964947088732254,0.0018027871932570366,0.39984101557931134,last,null_a,6,0,4,4246
7,52,12,0.3118576614396839,0.3419043415574138,0.002516318512440927,0.0020124323932485606,0.421543970572151,0.09078384302264902,0.061148234337068084,0.0024487970395640868,0.0019825010813565268,0.4263582630797026,last,null_a,6,0,4,4247
8,52,12,0.37247482405235216,0.3854194073084822,0.0024632900071196125,0.0019429043099516625,0.41266041843988566,-0.06811397557666216,-0.13063377363213302,0.0026264285308731615,0.002098253377933332,0.4572855522258361,last,null_a,6,0,4,4248
9,52,12,0.3776474626497099,0.39345848417225426,0.002454904229432329,0.0019664501287866352,0.41125559865846467,0.03513203214695752,0.05239548584114706,0.0024127302361792247,0.001977676359054018,0.42007869829848077,last,null_a,6,0,4,4249
1,51,13,0.14638609392389038,0.16350727329073225,0.003775388221651891,0.0030707450425469613,0.6325751482611298,-0.08878463308843056,-0.0453977611339787,0.003973360441797911,0.003195780678019184,0.6873355628399953,last,null_a,7,0,0,4201
2,51,13,0.1431256323567705,0.1613886638399982,0.0032059995067124434,0.0025734831909766526,0.5371727340920671,0.07747948254277369,0.08421526700861139,0.0032743982495510643,0.002597521923503745,0.5664249183492386,last,null_a,7,0,0,4202
3,51,13,0.21922124115935793,0.23145434774755835,0.002840001122053751,0.002284212785185513,0.47584884662771876,-0.2993082866500588,-0.296969690347283,0.0035607496987277694,0.0028819738176263715,0.6159596981339942,last,null_a,7,0,0,4203
4,51,13,0.2521721861678097,0.28036288010031135,0.0026673414404345536,0.002126265700088477,0.4469193121569049,-0.2415685580242542,-0.2526227116841584,0.0033819417143489813,0.002755793884462268,0.5850284276430473,last,null_a,7,0,0,4204
5,51,13,0.2760662340137161,0.30303363123858096,0.002597112493628811,0.002066698573367465,0.43515228746177886,-0.18097092780637083,-0.17926113733762689,0.0030730311556820588,0.002414032097311964,0.5315912386895902,last,null_a,7,0,0,4205
6,51,13,0.28708976793834434,0.3182749323686135,0.0025521292727668787,0.002013645310247396,0.4276152433393205,-0.22550866854664323,-0.23690559199135877,0.003092780991990618,0.0024641192536870413,0.5350076830454411,last,null_a,7,0,0,4206
7,51,13,0.2984280493904916,0.32518229138144106,0.0025354299706221647,0.0019915595958150834,0.4248172361120192,-0.2776337586464169,-0.2664004919944225,0.0030708583687564816,0.002373631157016819,0.5312153770615555,last,null_a,7,0,0,4207
8,51,13,0.3596194321928251,0.37851316024439957,0.002473133339914284,0.0019337498479861854,0.4143792895770894,-0.1800604458832307,-0.17366813451013816,0.002913653107334097,0.0023112626691827397,0.504021074298459,last,null_a,7,0,0,4208
9,51,13,0.36838258146665753,0.40045570678953674,0.002451217735186532,0.0019222759612104233,0.41070727862192885,-0.2676437486564069,-0.2756826424608325,0.00304252241146822,0.0024330293490971186,0.5263136543418003,last,null_a,7,0,0,4209
1,51,13,0.14286573094472185,0.15054389775585375,0.0038131528054194757,0.003132449828668862,0.6333823624569008,-0.03602726387536513,-0.013961957739046208,0.004034074949635484,0.003448337547757654,0.7313099720152779,last,null_a,7,0,1,4211
2,51,13,0.16862928192929197,0.1776055283500052,0.003198055931497109,0.0025672919279831497,0.5312119195123922,-0.14996396009054236,-0.1699875256690566,0.003631981663688022,0.002877261449716852,0.6584172188153552,last,null_a,7,0,1,4212
3,51,13,0.21319714477381577,0.22030682060493054,0.00288566600329326,0.0022855104575328056,0.4793225038948796,0.1697163595897773,0.1940058262129298,0.00291171990212082,0.0024385509876465876,0.5278458696779327,last,null_a,7,0,1,4213
4,51,13,0.24356916943381512,0.2612822900024852,0.0027138958122008548,0.0021519157468982966,0.45079067866113776,0.007954071245210484,0.034821495723767706,0.0029904631809620206,0.0024485544934734296,0.5421207023879577,last,null_a,7,0,1,4214
5,51,13,0.27262616377115956,0.28421554616431044,0.0026288858205727817,0.0020995841126015976,0.4366701248628992,-0.09166782584504105,-0.05804729823877487,0.0030032225446148648,0.0024629429004606475,0.5444337605220754,last,null_a,7,0,1,4215
6,51,13,0.29881135456234853,0.3028156032595095,0.0025754001197382617,0.0020265660043684505,0.42778590194267324,0.02545555710112672,0.025835969140302846,0.0028253036223027522,0.0023543912072928226,0.5121800508807073,last,null_a,7,0,1,4216
7,51,13,0.3200423599772907,0.3323775035271038,0.002527259543763723,0.0020254594301554324,0.41978952904687605,-0.0008978363408743156,0.039672887362254904,0.0028119880391674016,0.0022859024922147883,0.5097661595049509,last,null_a,7,0,1,4217
8,51,13,0.3438720089308581,0.3492242740640352,0.0025027879913686363,0.0020165188748189514,0.4157246907201879,-0.16642850820066007,-0.16070211575217708,0.0029488570242492363,0.002411433931508005,0.5345782056120764,last,null_a,7,0,1,4218
9,51,13,0.3657113450589826,0.3704055755645945,0.0024786439791195745,0.0019846955992209024,0.4117142583305483,-0.2387106564321754,-0.21372407117589082,0.0029399268160560568,0.0024626904426437155,0.5329593089913195,last,null_a,7,0,1,4219
1,51,13,0.16544824840777445,0.17323511182527457,0.003801471717876786,0.003048402146187446,0.6313209244323448,0.17009572705775236,0.2050002162441432,0.0036292798342854355,0.0026507941996909514,0.645307923863315,last,null_a,7,0,2,4221
2,51,13,0.19312556647555074,0.20351983837121124,0.0031681415772542546,0.0025389133029391753,0.5261420359591192,-0.12490041603965654,-0.12239985109721006,0.004084432703488994,0.0031611316449599975,0.7262368592106244,last,null_a,7,0,2,4222
3,51,13,0.21078424509921959,0.2118819581911191,0.0029228890016168583,0.002308756765399794,0.4854122622657633,-0.07730244439105198,-0.07542835836336405,0.0036390240291875485,0.00291814939075318,0.6470405007020036,last,null_a,7,0,2,4223
4,51,13,0.22242866834455152,0.2393300437224798,0.002777258152055608,0.002179657565655572,0.4612269442115685,0.1882042008624287,0.1266437681590756,0.0030197333875126124,0.0023444536552252684,0.5369268758247099,last,null_a,7,0,2,4224
5,51,13,0.2712938808040737,0.2757092667200495,0.002679359746800329,0.0020826866766704938,0.4449686852284569,0.3278114290772518,0.31102440475877224,0.0027303137905974446,0.0020971523539403693,0.48546631953298036,last,null_a,7,0,2,4225
6,51,13,0.2896139245228511,0.30086631842124617,0.0026125411967746473,0.0020468713355282575,0.4338719437814356,0.03526852893941501,0.06640958317644698,0.003083595698730198,0.002420201952191601,0.5482819813405806,last,null_a,7,0,2,4226
7,51,13,0.30620347447670954,0.3154285424396792,0.002584595430332826,0.0020301910915779715,0.42923091304035343,0.10820824744875376,0.20122837320066986,0.002886620590562606,0.0023608903438503926,0.5132586147476855,last,null_a,7,0,2,4227
8,51,13,0.3670642159072511,0.36518774148070654,0.0025225935093914323,0.001987232394567278,0.41893408250989655,0.0482934786732255,0.06641860285982928,0.002980562011984559,0.0023498855397858557,0.5299619681374923,last,null_a,7,0,2,4228
9,51,13,0.3726196909413158,0.3814819595697024,0.0025049939907590257,0.001964644065728067,0.4160112817639842,0.08043854879297917,0.1447078487906534,0.002911502884978574,0.0022848678270083493,0.5176828373162616,last,null_a,7,0,2,4229
1,51,13,0.13255009072667476,0.12448434597430048,0.003739313300476268,0.0030251186052554905,0.6445720516658077,0.03724123977288534,0.0281484926405318,0.004108821560537778,0.003262656106558294,0.6915878142023945,last,null_a,7,0,3,4231
2,51,13,0.1855266207068297,0.20278289898883378,0.003019811093993783,0.002438666131186762,0.5205463346039553,0.10254302659365949,0.0864195380242756,0.003478106131207618,0.0028135521257107226,0.5854271794005562,last,null_a,7,0,3,4232
3,51,13,0.1845128734374004,0.20629683592386816,0.002783271370032603,0.002258648935295084,0.47977229859186116,0.11167313698959269,0.0961178267184441,0.0029986283805261437,0.0024168741477726104,0.5047225382603164,last,null_a,7,0,3,4233
4,51,13,0.23432467549793434,0.25730998476431505,0.00259621939204038,0.002069311994620286,0.44752881762779273,-0.08800060698794876,-0.06096863429327668,0.003184987096310227,0.002680864270048041,0.5360900276992617,last,null_a,7,0,3,4234
5,51,13,0.2057996308345849,0.22679666775112636,0.002581360253808015,0.0020612606290395497,0.4449674421968542,0.03157601891779107,0.019890084320719495,0.002957025029320255,0.0023844856736639657,0.49771995362624205,last,null_a,7,0,3,4235
6,51,13,0.29129686028223845,0.30898650268156214,0.0024560082329443574,0.0019907142714012927,0.4233596220502375,-0.13440989390356478,-0.13364262125068785,0.0030718504719531967,0.002508099656899756,0.5170471197529075,last,null_a,7,0,3,4236
7,51,13,0.30727635014089516,0.3312390663168219,0.002417461201350462,0.0019495789266210704,0.41671499581981736,0.09078263508643257,0.10960967324091363,0.002759952830807612,0.002181818412577107,0.46454919432181985,last,null_a,7,0,3,4237
8,51,13,0.3257340856090216,0.342170996258494,0.002399635426197542,0.0019226353478186704,0.41364224006506745,-0.10193603864489939,-0.07850372744116779,0.0028966715644927012,0.0024612276169591074,0.4875613910786473,last,null_a,7,0,3,4238
9,51,13,0.35965331984525156,0.38318618825712303,0.0023554051642091208,0.0019115229404443206,0.40601795495583054,-0.15312535565700122,-0.18233065213724942,0.0029896987659607317,0.002411000192036981,0.5032195251632583,last,null_a,7,0,3,4239
1,52,12,0.11144363501666872,0.10713426075547877,0.003621022876709846,0.00290508617835445,0.6488090532088575,0.26270744181191946,0.2646408935902655,0.0042516607535024835,0.00344607103933095,0.6627831606496634,last,null_a,7,0,4,4241
2,52,12,0.21081407581182862,0.24419782958902375,0.0028794438428500694,0.002312736137756323,0.5159341150435179,-0.05863688550255714,-0.054448716939293,0.004091119988913569,0.003290856544388247,0.6377567717780442,last,null_a,7,0,4,4242
3,52,12,0.2641924682059513,0.27746419661661126,0.002639213423007176,0.0021144255120258996,0.4728900149212188,-0.10502035278154684,-0.10121412505188043,0.003852929014777295,0.003247129900295023,0.6006256421256582,last,null_a,7,0,4,4243
4,52,12,0.21744901839733302,0.24760034788838864,0.002603194821729663,0.002098911086476747,0.466436259894406,-0.014549629475002612,-0.001265105956628181,0.003523004607644131,0.002871086397317439,0.5491943652640112,last,null_a,7,0,4,4244
5,52,12,0.299195555006791,0.3223544625265544,0.002464377500794524,0.0019790567133987835,0.44156319567152713,-0.06502452771109489,-0.08439209593830299,0.0035393868352702543,0.002863842932649702,0.5517481590011009,last,null_a,7,0,4,4245
6,52,12,0.30951915051240897,0.3360464066967251,0.0024314220127010944,0.001953421537481842,0.4356582843368155,-0.16463834672789898,-0.1697866853243144,0.003494206831364905,0.002881397283113982,0.5447051356926481,last,null_a,7,0,4,4246
7,52,12,0.3340243980738363,0.3526734582515815,0.002402849407314951,0.0019538922909331153,0.43053869087400426,-0.10861079219288176,-0.0978760621914947,0.0033836889361390917,0.0027189294081032193,0.5274767150464876,last,null_a,7,0,4,4247
8,52,12,0.33116962587973825,0.3609039692646853,0.002389651628660203,0.0019169750292891614,0.42817393412846616,0.018891556204989043,0.056942214737052035,0.0031978108471532605,0.002671128805020444,0.4985005397455631,last,null_a,7,0,4,4248
9,52,12,0.38601264353623904,0.4083714523677806,0.002340070526275544,0.0018900865921287547,0.4192900719738942,-0.02043628013777268,-0.027807278962417144,0.0032290215430579423,0.0026871252930414395,0.5033659146842243,last,null_a,7,0,4,4249
1,51,13,0.12549441796659921,0.11917057510658118,0.0037411956562229363,0.0029888232551063335,0.6420328456962686,0.01513676197220501,0.08675332608156036,0.004111897948591377,0.0033543133607911303,0.6808856211523577,last,null_a,8,0,0,4201
2,51,13,0.2285722156167149,0.22900880546855734,0.0029876888606447665,0.002353685415087527,0.5127222838677694,0.19068273498653246,0.24972075623730824,0.003149772678692735,0.0025125114295623053,0.5215681307351321,last,null_a,8,0,0,4202
3,51,13,0.2500804574396614,0.25815538572069896,0.002712337061141319,0.002120760050079494,0.4654687008832145,-0.07806117932700211,-0.035499777755005575,0.003310250715867274,0.0026645795369524736,0.5481415499661052,last,null_a,8,0,0,4203
4,51,13,0.31142826696321996,0.3201463703573119,0.0025111056190006507,0.0019954779036843733,0.4309350364312534,0.07113140024532429,0.11406342535259849,0.0030799047142048767,0.002452226326723711,0.5099987549885225,last,null_a,8,0,0,4204
5,51,13,0.3287363339703498,0.3457116586314522,0.0024353427220880903,0.0019082782054365788,0.417933238938504,0.08359994435943802,0.12328465414960653,0.0029575799395348593,0.0023318066165210084,0.48974310146189515,last,null_a,8,0,0,4205
6,51,13,0.3509403226499797,0.3743621693431959,0.0023798539824682534,0.001890374845011308,0.4084107234980284,0.12161256465053932,0.18377250602662087,0.002841514756252614,0.0023773211732740604,0.47052396825350257,last,null_a,8,0,0,4206
7,51,13,0.36512409633613124,0.3856995197053656,0.0023613619060407843,0.001885049286451807,0.40523726732451537,-0.021484844269654396,0.017585184845088787,0.0030179659286802226,0.002416671342600794,0.4997423651212049,last,null_a,8,0,0,4207
8,51,13,0.402244128459814,0.4239707482998881,0.002315004860906995,0.001844216070127484,0.3972818572523874,0.1345616408907548,0.1640697231406579,0.0028384715121909953,0.0022148376482196168,0.47002004010423437,last,null_a,8,0,0,4208
9,51,13,0.42243416942640344,0.4351135551398981,0.002304226846912818,0.0018138494974945872,0.39543222423890806,0.10550209284386498,0.15881552328430865,0.0028207969086747812,0.002228065804262787,0.4670933178109727,last,null_a,8,0,0,4209
1,51,13,0.1355541919973094,0.14751491539702893,0.003829492080718666,0.0030919290002574483,0.6390709774402248,-0.02740297677006538,-0.025592902390913098,0.0042783735120897875,0.0034943400815237477,0.723686906378662,last,null_a,8,0,1,4211
2,51,13,0.15094235673264067,0.1634519124314724,0.0032690791565197636,0.0026082277931265604,0.5455484873321591,0.019461551107120726,0.045457173092940784,0.0032209169638439217,0.0026920262544484932,0.5448181246167556,last,null_a,8,0,1,4212
3,51,13,0.23288529437293676,0.2474312024335701,0.002892355966521799,0.002268169381323162,0.4826803961645133,-0.04556203290380505,-0.021047810214801867,0.003028962031081588,0.0025410771150190655,0.5123489465371999,last,null_a,8,0,1,4213
4,51,13,0.2543787952729566,0.2623040706082618,0.0027711684552206776,0.0021779609556211187,0.4624564553211047,0.006537766031436917,0.007694817967702036,0.0028614010670678807,0.0024213257529670626,0.4840060084243292,last,null_a,8,0,1,4214
5,51,13,0.31516834381036873,0.3194020661402985,0.002645470704483234,0.002078452370559267,0.44147983943246694,0.22275193161269108,0.14674492323544863,0.0026522127894202585,0.002219104209730053,0.44862180994944134,last,null_a,8,0,1,4215
6,51,13,0.33378728238815464,0.33723661726883725,0.0026002290457848984,0.0020370022999156054,0.43392984835377113,-0.020245577207602523,-0.026248912620866226,0.0028007298933233633,0.0023979859474429588,0.4737434790052731,last,null_a,8,0,1,4216
7,51,13,0.35664193046467835,0.35369155554330933,0.0025704812385114193,0.002005767439567333,0.42896549280210794,0.11081323739551587,0.1347037838333441,0.002615322273564041,0.002169669080428056,0.44238177896120284,last,null_a,8,0,1,4217
8,51,13,0.3734497119590719,0.37760906801852745,0.002539791226328283,0.001991746031104672,0.42384390078151585,0.2499399334842373,0.25015874207609046,0.0024248669497634366,0.0020763020706276365,0.4101662597469204,last,null_a,8,0,1,4218
9,51,13,0.3946174714030213,0.3998192390725092,0.0025160383942459865,0.0019822362984707365,0.4198799950478453,0.0784911291240405,0.0458304924315219,0.0026316322984454026,0.002265495257999271,0.4451406197720853,last,null_a,8,0,1,4219
1,51,13,0.17076185701370641,0.16486579205784846,0.003742463877860764,0.0030331903547431128,0.6361273581657283,0.07108081791626095,0.005816958397214356,0.0040168143996842974,0.003284630904465081,0.7119980978791828,last,null_a,8,0,2,4221
2,51,13,0.1880311364526883,0.2049927979245058,0.0031235321538960496,0.0025287792331345257,0.530924097613301,0.22920117856826713,0.1822683194039506,0.003114744193941673,0.00235076639752992,0.5521021687337607,last,null_a,8,0,2,4222
3,51,13,0.2263369070051995,0.2443022886774515,0.002846461695472612,0.0022660760749467837,0.48382889389328104,0.016805978831295285,-0.02406506727743385,0.0030223458899543924,0.00243223866572785,0.5357241611535806,last,null_a,8,0,2,4223
4,51,13,0.242510787637982,0.2678174388670349,0.002707477166195594,0.0021612168206633165,0.4602049220072962,0.13896230351926553,0.13157729648647493,0.002736275449818329,0.0020921394248357428,0.48501691183373485,last,null_a,8,0,2,4224
5,51,13,0.34678655291834853,0.36053525663967206,0.00253351280178804,0.002036799235543246,0.4306352333857953,0.18759721291366857,0.17658097426122232,0.0026399680979618534,0.0020421295990501703,0.4679460082492971,last,null_a,8,0,2,4225
6,51,13,0.39535793513763323,0.39825778949608137,0.0024727945826242973,0.001970864386851917,0.42031462065319153,0.18850769483680874,0.16084626893392737,0.0026494579582168965,0.0020593867259437295,0.46962812790393216,last,null_a,8,0,2,4226
7,51,13,0.3833117188031424,0.3908595487990516,0.002477223703487228,0.0019838708864541805,0.42106746291045427,0.2673402546820268,0.22980910078290842,0.00251893840545432,0.0019320976502662022,0.4464929605657798,last,null_a,8,0,2,4227
8,51,13,0.4096570833099317,0.41239536263986304,0.0024520798388298574,0.0019604163266944154,0.41679362067160475,0.24619684113354998,0.18035315136320637,0.002563275470734129,0.0019241678857943873,0.4543519012594923,last,null_a,8,0,2,4228
9,51,13,0.43619165044478875,0.4417718707426098,0.0024210526518156847,0.001939244549565701,0.41151975747591724,0.19098622896091252,0.12476643776795827,0.002598934440611415,0.001972175479763804,0.46067261120490427,last,null_a,8,0,2,4229
1,51,13,0.13741414235910432,0.14198321511102968,0.003766523227668281,0.003081413879737864,0.6393672695414345,0.058612273802147216,0.1001496479568859,0.003865372808551868,0.003159381381179148,0.6825077474833331,last,null_a,8,0,3,4231
2,51,13,0.22306042806651957,0.21627303826894728,0.003056117647385228,0.0024242000987600753,0.5187759314086922,0.1078288799807787,0.06574732974311548,0.00347588827929027,0.0027582231686995844,0.6137365779449595,last,null_a,8,0,3,4232
3,51,13,0.2322059354696746,0.2372084113817187,0.002780933819262341,0.0022007743026960683,0.4720634801176881,-0.002997002997002997,-0.025400335849095623,0.0032971816128518822,0.0026133712793842243,0.5821823940635827,last,null_a,8,0,3,4233
4,51,13,0.3020701279232114,0.2991319455371951,0.0025870086829888335,0.0020439093938761166,0.43914469072490364,0.043209954602359664,0.03468823017185155,0.003188818586780854,0.002544008222055156,0.5630487662099934,last,null_a,8,0,3,4234
5,51,13,0.31551903777843254,0.3151392815195338,0.0025222947067056046,0.001984082003194723,0.42815949408163445,0.03592609921723845,0.003230511323291234,0.0031018700431047408,0.002535255660086739,0.5476962872563339,last,null_a,8,0,3,4235
6,51,13,0.333887010084603,0.3429186513541136,0.002464149389007294,0.0019595168275462877,0.41828932714882555,-0.03610313736896015,-0.0660450813757857,0.003049903019012343,0.0025247853507536313,0.5385204849952313,last,null_a,8,0,3,4236
7,51,13,0.3772338880477138,0.37844309754990957,0.0024099708191556582,0.001908033588978667,0.40909251561206383,0.09457630976618318,0.10999055920600422,0.0028696461845655443,0.002359082720541921,0.5066925884015127,last,null_a,8,0,3,4237
8,51,13,0.38113570328943275,0.390027150852437,0.002395055617081143,0.0019018999517804987,0.40656066025139875,0.07105552675172927,0.07203707407701557,0.00291300166795503,0.002359699630609389,0.514347853436684,last,null_a,8,0,3,4238
9,51,13,0.42353137996614687,0.4239845131382083,0.002358514189237107,0.0018839278010144207,0.4003577533439986,0.058081159346982124,0.08104552320229556,0.0028580957863541113,0.0023387570903991603,0.5046531379639302,last,null_a,8,0,3,4239
1,52,12,0.14361570564267193,0.13296830348671113,0.0037559723940886803,0.0030444148921613947,0.6459261275786595,-0.07963678112931845,-0.053776032424762844,0.004238525373302503,0.0032681936631947703,0.7042133410979788,last,null_a,8,0,4,4241
2,52,12,0.17994389430793928,0.18968787084590863,0.0031039255038390703,0.0024654396045609346,0.5337916178891047,0.07830080367393802,0.17861724034235743,0.0033186668253031635,0.0026124472437339718,0.5513826737379703,last,null_a,8,0,4,4242
3,52,12,0.28282533646129154,0.2855857044638744,0.0027349112590732603,0.0021754082054434663,0.47033110297209435,-0.014132136520196225,0.053804613001500384,0.0031963142162086877,0.0026213949913231256,0.5310542972263674,last,null_a,8,0,4,4243
4,52,12,0.2695238424496852,0.29081090618601535,0.0026413257205671684,0.0020945896713799087,0.454236910006315,0.10773405698778835,0.10566448743629049,0.0029678626966886516,0.0023075796553227996,0.4930980285548497,last,null_a,8,0,4,4244
5,52,12,0.3487617236695888,0.3564031461678131,0.002501409514106063,0.001982710913700289,0.43017508953948863,0.22509132658386394,0.24748383796315795,0.0027160556444923876,0.0021100473717477228,0.4512613353841306,last,null_a,8,0,4,4245
6,52,12,0.3892144215335227,0.399166580664292,0.0024332558582593664,0.001949648730108288,0.4184544956739241,0.0298298716209164,0.10006407131541067,0.0028059273056552933,0.0022761952852714327,0.4661931376510693,last,null_a,8,0,4,4246
7,52,12,0.38025692060748245,0.39528093941061115,0.002434730732323713,0.0019217713879116514,0.41870813430410914,0.10702431896461749,0.2049240481587303,0.0026761270726566124,0.002081781581881658,0.44462736944049086,last,null_a,8,0,4,4247
8,52,12,0.43814564761081615,0.443269219413107,0.0023766894614288252,0.0018849761815281601,0.40872659838870073,0.22200187871829663,0.2479696957215908,0.0026350548207459356,0.002086485112448207,0.43780338581481326,last,null_a,8,0,4,4248
9,52,12,0.4269548833189283,0.4345356784594264,0.0023895685165865863,0.0018935157129302044,0.4109414491256277,0.13057092161569778,0.18229178637328658,0.0026950998097509094,0.002095886077768603,0.4477796107041873,last,null_a,8,0,4,4249
1,51,13,0.10292606496580023,0.10545422222044668,0.003909593857020519,0.003198244891098552,0.6580684902097339,0.06516268541584998,0.11088765868921344,0.0036695298613371122,0.0030841313457041692,0.6313435413458774,last,null_a,9,0,0,4201
2,51,13,0.16146774628417565,0.17539275305576435,0.0032390962406686715,0.002587205834772169,0.5452093620704884,-0.046624261814135225,-0.0658612505033304,0.003337722156945446,0.002719124032616513,0.5742559418297508,last,null_a,9,0,0,4202
3,51,13,0.204225563790891,0.2055717724375995,0.0029496500035136528,0.0023400706780942805,0.4964893529730084,0.05603257501991679,0.016755992236027556,0.003004723992463967,0.002357291141297634,0.5169635233538844,last,null_a,9,0,0,4203
4,51,13,0.26789029228697264,0.277415983146171,0.0027553821058355584,0.002173342150104473,0.46378989957795164,0.005070878488600007,-0.0025669693546187845,0.002730622227814225,0.0022066796241643665,0.4698042453748615,last,null_a,9,0,0,4204
5,51,13,0.2997461267195616,0.31136770749968234,0.0026628584852418685,0.002105094244084343,0.4482161899959468,-0.0333716915995397,-0.08690407217092445,0.0027921113109205396,0.0022009353025853754,0.4803834576852652,last,null_a,9,0,0,4205
6,51,13,0.33169349487188815,0.33382108059725274,0.00261450544859043,0.002068096232352292,0.4400773369616018,-0.147839502269882,-0.14535271981012896,0.0027591037856089396,0.00230040851431981,0.47470450460169605,last,null_a,9,0,0,4206
7,51,13,0.3366307158340406,0.3489035930666047,0.002589339726964653,0.002037868442230945,0.43584140631484797,-0.09665018525778019,-0.08968458164868061,0.002673632583404356,0.0021822591909776623,0.4599991626309215,last,null_a,9,0,0,4207
8,51,13,0.39786969781766807,0.4033018236187451,0.0025271177916099436,0.0020027588455449317,0.42536812020016024,0.012051239899341164,0.001995418340431169,0.002480173828010899,0.001945897388842226,0.4267145348039753,last,null_a,9,0,0,4208
9,51,13,0.39022080584919816,0.39580736852017573,0.002537701053825978,0.0019902679448970937,0.42714951019684577,-0.050215607177632494,-0.07455805170135688,0.0025592038653313868,0.00206129885900398,0.44031167272627925,last,null_a,9,0,0,4209
1,51,13,0.13808086030332042,0.13433943538890653,0.0037775027436374197,0.0030073195821661456,0.6387229674475057,0.1343846027390331,0.13386678849102776,0.003932149335096348,0.0033042451476175514,0.6748535076198644,last,null_a,9,0,1,4211
2,51,13,0.16430232694115307,0.16818115453971905,0.0031619916249309116,0.0025410298193941465,0.5346486318565292,-0.08261358894270286,0.013146559227772822,0.003534556933715236,0.0030284156180596,0.6066168757401462,last,null_a,9,0,1,4212
3,51,13,0.21755148164392746,0.22700338564849948,0.0028219729417530877,0.002251508665943301,0.4771562203228162,0.12601322727905004,0.18048432846151916,0.00287608148463487,0.0023909153455187945,0.49360629841359566,last,null_a,9,0,1,4213
4,51,13,0.2604794374007355,0.2671520169834473,0.0026504035813937404,0.0021183282768824836,0.44814623716492935,0.1163520024279518,0.13849345530337917,0.0028508383499391923,0.002323743339813409,0.4892739558342715,last,null_a,9,0,1,4214
5,51,13,0.2787722639405896,0.2896386988966367,0.002564331125406237,0.0020363438234015873,0.4335925867151893,0.11516331769496325,0.15043745263452538,0.002858362778661072,0.0022859742319659517,0.4905653328098288,last,null_a,9,0,1,4215
6,51,13,0.3164019284750655,0.31931630148573176,0.002508713716283503,0.002006106812603824,0.4241884594365396,0.0466495529786669,0.09128329022301193,0.0027749723093205125,0.0021980942752796834,0.47625347790791817,last,null_a,9,0,1,4216
7,51,13,0.33905642117073226,0.34850709721147516,0.0024620544541080662,0.0019715184081749043,0.4162990297211534,0.02097902097902098,0.07593094816467107,0.002823845500441238,0.002291587087676853,0.4846413191737661,last,null_a,9,0,1,4217
8,51,13,0.32921426104412177,0.3431798791912095,0.0024663244508211658,0.001976311263254748,0.41702102654198314,0.1823113595265494,0.26739314620487453,0.002531770922902684,0.0020039620657697774,0.4345141402848051,last,null_a,9,0,1,4218
9,51,13,0.37633279766411537,0.3910800824051279,0.0024156574878017954,0.0019360548602139881,0.4084539505747204,0.07360993436942803,0.17172257522364232,0.0026492006006431585,0.0021602728581033297,0.4546679602871393,last,null_a,9,0,1,4219
1,51,13,0.12001359458970244,0.12703702834092237,0.0038402153685122625,0.0031315401499682773,0.6374069037353508,-0.07699895041667193,-0.08356788020739968,0.004399941690530096,0.003715198675793375,0.8470708337971867,last,null_a,9,0,2,4221
2,51,13,0.15969265916861522,0.17146173141760368,0.003182365835870138,0.002550533951920971,0.5282156752528679,-0.13875997420301217,-0.11275595471753001,0.0038777567116863574,0.0031969945454029237,0.7465404866842819,last,null_a,9,0,2,4222
3,51,13,0.21454124518470044,0.22957173037112916,0.0028400230198812513,0.0022769985298282977,0.47139290532575984,-0.07914869940186396,-0.07310378464707101,0.003336648782661207,0.0026483846865163812,0.642367118750767,last,null_a,9,0,2,4223
4,51,13,0.2239073311468454,0.2372054636702934,0.0027166564070752693,0.0021802465741980128,0.4509162593184181,-0.00514675198219502,-0.019908816789357707,0.0031292579423036577,0.002592428900172097,0.6024405141683313,last,null_a,9,0,2,4224
5,51,13,0.2644434692193882,0.2763227898689237,0.002609134685792155,0.002076351152216582,0.4330695812364239,-0.09093438207362257,-0.12852148725998228,0.003280700496076016,0.0025893807330677737,0.6315960301544697,last,null_a,9,0,2,4225
6,51,13,0.2646693182759609,0.2764103508631335,0.0025813403339672745,0.002071209767860785,0.42845621713104265,-0.012658227848101266,-0.0035503623436683816,0.0029737487509245127,0.0024393745198789526,0.5725020946005965,last,null_a,9,0,2,4226
7,51,13,0.2874150976367912,0.29570472090904926,0.0025464804846581377,0.002026524540109713,0.42267010711361774,0.042173016856561156,0.04912240040540983,0.00288444291412514,0.002346360227900983,0.5553090554738698,last,null_a,9,0,2,4227
8,51,13,0.2971261953117935,0.3056193703920649,0.002523111212161558,0.002036207164446948,0.418791226843847,-0.20750135940009357,-0.24165917610003054,0.0032123481759425898,0.002655593506653685,0.6184369337664406,last,null_a,9,0,2,4228
9,51,13,0.3377816607436705,0.3473925432837524,0.0024755897177245116,0.001983372420091015,0.41090351073334946,0.11283653055804954,0.08173038684231462,0.0028407001787021813,0.0023410554795873398,0.5468877631083269,last,null_a,9,0,2,4229
1,51,13,0.16754331237267422,0.15300359398744062,0.0036841174864171576,0.0029488308017721738,0.638531455671013,-0.03327052694141301,-0.02771152446181549,0.004033730920364442,0.003436089607420637,0.7031279034639599,last,null_a,9,0,3,4231
2,51,13,0.17740412511963619,0.18611636346206337,0.0030811616202255994,0.0024644599793322776,0.5340271100945926,0.15866412068943714,0.15329207146397042,0.002992418622312263,0.002404967932639251,0.5216146227232317,last,null_a,9,0,3,4232
3,51,13,0.19249553613560197,0.20928662018386124,0.0028202323635258884,0.0022417780902456892,0.4888028362428774,0.15550272512297827,0.11734422391157216,0.002798573060987442,0.002165775896219874,0.4878250056612683,last,null_a,9,0,3,4233
4,51,13,0.21455046855547022,0.23833073000442426,0.0026779810223005684,0.0021496348194075727,0.4641478255602261,-0.037190657443822,-0.04401674756797448,0.0029570032115222022,0.0023347147158099104,0.5154412898880112,last,null_a,9,0,3,4234
5,51,13,0.24500957995287184,0.2726688642071918,0.0025891181694317703,0.002092519223256169,0.4487461107651383,0.027453559099128718,-0.03708383262821862,0.002760447903846869,0.0021122847825208865,0.481179331386331,last,null_a,9,0,3,4235
6,51,13,0.2844187374094812,0.2960649243828831,0.0025314847203143143,0.00201629325347108,0.43875707803315034,-0.03112077795622099,-0.015739489862425706,0.0027391138152412105,0.0021238131780376996,0.47746054267936,last,null_a,9,0,3,4236
7,51,13,0.30024435344417955,0.31775305074949184,0.002496624183606302,0.0019941733660995744,0.4327150477961375,0.08400460299194476,0.07855327845717532,0.002589875282361597,0.0020908696550181152,0.4514464681634031,last,null_a,9,0,3,4237
8,51,13,0.32019837494089215,0.35157771381550357,0.0024572274002101074,0.001975066245962744,0.42588679502095467,0.16020688172586905,0.16551120324380691,0.0024816035475433316,0.0019631401049535085,0.4325734001749478,last,null_a,9,0,3,4238
9,51,13,0.3483122384412635,0.36869266020646874,0.0024400922092678587,0.001956198909366586,0.4229169227365082,0.055729081045536734,-0.01119556212059606,0.00264337599458505,0.002051045066583852,0.46077228695552686,last,null_a,9,0,3,4239
1,52,12,0.09057651561921226,0.07293302157337996,0.003986847946925221,0.0031896569318544056,0.6625629703344236,-0.10180565702953764,-0.04124348705039925,0.003898367620679181,0.0032396926934759266,0.7049370528652789,last,null_a,9,0,4,4241
2,52,12,0.14780007408322013,0.15567672270728594,0.0032537056138524077,0.002601425793963016,0.5407241221151781,-0.04348189124308528,-0.01361194463852142,0.0036108418593566336,0.0029754588433379887,0.6529441208148506,last,null_a,9,0,4,4242
3,52,12,0.16421316211878012,0.17471465213247528,0.0029956940148889036,0.0023973265928394485,0.4978459051212658,0.11182548794489096,0.15803940817093856,0.002947428543076222,0.0024006622706027195,0.5329799015530416,last,null_a,9,0,4,4243
4,52,12,0.20624768489937031,0.2237856330945225,0.002807019761578936,0.0022360917805966433,0.4664906652518617,0.014340882997599417,0.009962990911371653,0.0030028426604733105,0.002359664200677438,0.543000368683391,last,null_a,9,0,4,4244
5,52,12,0.2559419681442153,0.26723451745033466,0.002691836722644395,0.00214375174793058,0.44734872218692173,0.0008141112618724561,0.02894022619953753,0.0030218182537612645,0.0024857791635663415,0.5464317020286156,last,null_a,9,0,4,4245
6,52,12,0.2867114952463267,0.2989012111291424,0.0026268115377633557,0.002088610611013978,0.4365423708500082,0.02114601816094354,0.04569652324365852,0.0029423475580222726,0.0023737589083937527,0.5320611132349301,last,null_a,9,0,4,4246
7,52,12,0.33126697123101617,0.3533528348740321,0.002552707312168243,0.002039703768429504,0.42422719944687093,0.017806074522492436,0.036768228583098125,0.0029325699641224987,0.0024314700303101353,0.5302930428786974,last,null_a,9,0,4,4247
8,52,12,0.32900866773675763,0.34498662797904384,0.0025598823012433214,0.0020344628557637475,0.42541959056310785,-0.02603068573217827,-0.0308055398580082,0.002886087869576515,0.0023685921110625846,0.5218877425251761,last,null_a,9,0,4,4248
9,52,12,0.3332747746635387,0.3609060745089717,0.0025431742023525774,0.0020301133011204468,0.4226429189224875,-0.07370838117106775,-0.06641672851198857,0.0029110426141872613,0.002408481147567055,0.526400278497307,last,null_a,9,0,4,4249
1,51,13,0.1381038775544825,0.13699039474011576,0.0037615025563339792,0.0030473239158112933,0.6445884150759597,0.13977162078427902,0.07931312146786063,0.003922298447325818,0.0031700362677875888,0.6695242422755014,last,null_a,10,0,0,4201
2,51,13,0.13477802887672685,0.15634462010581104,0.003158311597910318,0.002496228415245307,0.5412228322920954,0.20795660036166363,0.16156849336041507,0.0034403249011998923,0.0027125851345742177,0.5872528451341632,last,null_a,10,0,0,4202
3,51,13,0.18358773640858084,0.1965426712360229,0.0028872406641632553,0.0022727370848589852,0.49477086770072387,0.11056032575019915,0.16739878803943972,0.002997822640095262,0.002296560160301072,0.5117190745529713,last,null_a,10,0,0,4203
4,51,13,0.22729111412224887,0.23010900999607986,0.002746080736993021,0.002162416903632387,0.4705810519650729,0.07543089821570834,0.12408537288800987,0.0028558784063926887,0.002238010802076541,0.48748963184447813,last,null_a,10,0,0,4204
5,51,13,0.26858739794381414,0.27637781721338794,0.0026255148297263235,0.002077955896599475,0.44992032239933827,-0.010609643521035926,0.03340323015723429,0.0031266213379246162,0.0024179186406280487,0.5337046148499017,last,null_a,10,0,0,4205
6,51,13,0.30487469144942464,0.3064569250776337,0.002568796733838856,0.0020371536269549076,0.4402008480704783,0.032183006866551164,0.05915610125166346,0.0029347282453816587,0.0022421194592628134,0.5009490560600497,last,null_a,10,0,0,4206
7,51,13,0.3624960944789396,0.35636901292239753,0.002504161757417464,0.002001013236987961,0.4291247006038812,0.05712009509477863,0.0389328925525614,0.002893493695105607,0.002087743720675554,0.4939104455616652,last,null_a,10,0,0,4207
8,51,13,0.34029659395740747,0.34466551521066724,0.0025152495837043277,0.0019883841943288687,0.431024761620948,0.14042919106210244,0.08955801197854985,0.0027674226389868767,0.0020195218523711067,0.47239050528829984,last,null_a,10,0,0,4208
9,51,13,0.38185611442777295,0.37972026508593293,0.0024810631748679556,0.0019664831122794308,0.42516642103525065,0.05244122965641953,0.0027929253720702964,0.0028715420623031695,0.002095087185030817,0.4901633695764651,last,null_a,10,0,0,4209
1,51,13,0.1308956074190818,0.11981414970618948,0.003795044762868696,0.0030783164905780064,0.6552350149160872,-0.1532265203151279,-0.15951612160987225,0.0041659093579174385,0.0033198665818262993,0.7315987501836002,last,null_a,10,0,1,4211
2,51,13,0.2401372108164445,0.21716408625220524,0.003078103791499841,0.002369056268322096,0.5314512765356925,-0.22745608821558186,-0.22044436558101005,0.0036330661920849316,0.002960686733833753,0.638023167837802,last,null_a,10,0,1,4212
3,51,13,0.25773396109351626,0.2666995995832292,0.002772912617044951,0.0021433566838584216,0.4787583687463655,-0.25689500373044677,-0.3152065629994128,0.003619219826763723,0.0027809641980904303,0.6355915298223638,last,null_a,10,0,1,4213
4,51,13,0.2745282781136164,0.2763179446707167,0.0026870661894007157,0.0021039533843756385,0.46393651846193207,-0.3872962480557417,-0.3616953777625232,0.003358201902917466,0.002702288257357408,0.5897527055813817,last,null_a,10,0,1,4214
5,51,13,0.28696957588800054,0.2973831347908919,0.002613751825871137,0.0020435024937245122,0.4512783968632412,-0.2790247726956588,-0.2695881666395226,0.003051075964412349,0.0024245291743249108,0.535816593809705,last,null_a,10,0,1,4215
6,51,13,0.34469906529372396,0.3444827270407663,0.0025312530237975583,0.00199162681841758,0.4370345322490122,-0.3132943006360728,-0.3942157244587106,0.0032293828537180804,0.0024962099080977893,0.5671300685297626,last,null_a,10,0,1,4216
7,51,13,0.3759105813968235,0.37182167242143593,0.0024899813704483244,0.0019614639781550583,0.4299087579597373,-0.3774074027238584,-0.42644729984627916,0.00314563470651863,0.0024859025691539196,0.552422585827369,last,null_a,10,0,1,4217
8,51,13,0.3642995105190073,0.36260187476622197,0.002499644789085636,0.0019656293609005776,0.4315771994803514,-0.28780080678814857,-0.35227468105121296,0.0029721739248785343,0.0023228950287662456,0.5219601633042816,last,null_a,10,0,1,4218
9,51,13,0.38509339404068127,0.38249966645320177,0.0024767649702777746,0.0019564175572667703,0.4276268749507102,-0.29308666017526774,-0.32499284038216514,0.002882692920214885,0.0022880619428299886,0.5062459012902314,last,null_a,10,0,1,4219
1,51,13,0.14218147212573823,0.13882617705538242,0.003888593462460165,0.003085246456488256,0.640256750821957,0.15454166087077478,0.1471459761198595,0.003995446605374932,0.0034150649048022294,0.7175482851458068,last,null_a,10,0,2,4221
2,51,13,0.17893396939454992,0.1803923141319404,0.0032349535231469754,0.002582980907039724,0.5326349621746663,-0.17224547604294438,-0.1756888842519773,0.0039435718452344145,0.0032595824411014262,0.7082320186911121,last,null_a,10,0,2,4222
3,51,13,0.2138170047004603,0.22006950653671015,0.002938807326995099,0.002335369255733549,0.4838745033746035,-0.08246184195551284,-0.0979774426022633,0.0034231897911676562,0.002770621766574717,0.6147758203242175,last,null_a,10,0,2,4223
4,51,13,0.2305015059623327,0.24683245605853296,0.002798192814297882,0.0022375127985998257,0.4607223297449707,-0.1829942209689045,-0.23807889609964805,0.0034604331942797665,0.002882246018729936,0.6214644192908857,last,null_a,10,0,2,4224
5,51,13,0.2501985495261246,0.264857781765962,0.0027129563237075203,0.0021861704500441936,0.4466881451371704,-0.16392468291202467,-0.22204856150399782,0.0033320709246840293,0.00283345872953715,0.5984116455904593,last,null_a,10,0,2,4225
6,51,13,0.2800928529911638,0.30067938425331114,0.0026422193004782134,0.0021271732553484494,0.43504129722343654,-0.04192010521124445,-0.05360153182562209,0.0031282593437787975,0.002651263169281185,0.5618088162159741,last,null_a,10,0,2,4226
7,51,13,0.29675170175308274,0.32371742023695527,0.0026033732016561583,0.0020892009974917305,0.42864528867843876,-0.11402521529103805,-0.13368259801156684,0.00313091089540614,0.002620126915334528,0.5622850123740246,last,null_a,10,0,2,4227
8,51,13,0.3270942857429911,0.35537203401047945,0.0025614756155228338,0.0020503884709676084,0.4217468528753723,-0.014378027036254884,-0.0029957776765634422,0.002966318271410929,0.002569043369247123,0.5327255746539629,last,null_a,10,0,2,4228
9,51,13,0.3401372437570544,0.3670930943287667,0.002548037360577657,0.002055300699015753,0.4195342447611591,-0.15542685162938327,-0.16789476151735502,0.003165922904790071,0.0026388630145477857,0.5685728719737879,last,null_a,10,0,2,4229
1,51,13,0.13823893405504012,0.14046003956572167,0.0037377798387614506,0.003017705703799128,0.6330472962459183,0.00694242466394365,-0.027241756956750646,0.004077902371964218,0.003290314293740532,0.706673529832532,last,null_a,10,0,3,4231
2,51,13,0.20401997320940193,0.2162707866489611,0.0030060090547045643,0.002389917612523305,0.5091112870901547,0.13529508466217324,0.11582053374907958,0.0034045198538631936,0.002753690536776784,0.5899807898921298,last,null_a,10,0,3,4232
3,51,13,0.20437536121437533,0.21627915391863903,0.0027718318038638824,0.0021777414119624906,0.4694499689061179,-0.024620948671581582,-0.051867139907453216,0.00338880438925836,0.0027167040102084442,0.5872574037410516,last,null_a,10,0,3,4233
4,51,13,0.2630056939491229,0.2843076995399702,0.0025471546302520617,0.0020388038513958887,0.4313976267622137,-0.04245121966640954,-0.016006094541681122,0.0033029572668628678,0.0028070823427124984,0.572380664801378,last,null_a,10,0,3,4234
5,51,13,0.2876805989525215,0.2998750590871637,0.00248571140479481,0.001968041433319113,0.42099132424407754,0.0828412094234879,0.12329682663306588,0.0028619242039753436,0.0023784814311211076,0.49595254983072495,last,null_a,10,0,3,4235
6,51,13,0.31126051690734446,0.3316786359514759,0.002416415450269959,0.0019191278422190324,0.40925504801993456,0.07403988416646645,0.0824553672075468,0.00292481287212009,0.0024945957674810336,0.5068507403832634,last,null_a,10,0,3,4236
7,51,13,0.3341502467334032,0.3579967185348625,0.002373056518158772,0.0018770911131478919,0.40191158320254383,0.012202986886531188,0.03673378198852938,0.0029207316429424404,0.0024122809796040313,0.5061434903399928,last,null_a,10,0,3,4237
8,51,13,0.3541017976843739,0.3705881366456273,0.002353163760421572,0.0018588431436704033,0.39854245579439174,-0.02171246475043943,0.00492074076143315,0.0029507874521838484,0.0024008438030790405,0.511351963439943,last,null_a,10,0,3,4238
9,51,13,0.36824064861378497,0.3868333550771159,0.0023330433970367207,0.001845868865576151,0.39513478006448943,0.01159599893777109,0.03615292489419457,0.0028936143750125775,0.0024195260435072798,0.5014442470282456,last,null_a,10,0,3,4239
1,52,12,0.12791579207309545,0.1146569415006914,0.003874690829364879,0.0031666840957465686,0.6532735168682134,0.02795115332428766,0.08717434539920332,0.003739182257359138,0.0029664652307677592,0.6415904854227408,last,null_a,10,0,4,4241
2,52,12,0.17708872700333375,0.19437071582989995,0.003163342829639066,0.0025337947825637406,0.5333401260603015,-0.11524893017430334,-0.07901041979940034,0.0034627008092474616,0.0028435255844592223,0.5941502018807355,last,null_a,10,0,4,4242
3,52,12,0.1702712433633782,0.19079993150802593,0.002924719053557129,0.002366637085012071,0.4931081178112788,-0.03546602651080264,-0.09021826723454646,0.003312219350068353,0.0026223720178502213,0.5683297240872741,last,null_a,10,0,4,4243
4,52,12,0.23913046055068532,0.25838395021483007,0.0027226905034604177,0.0022018118222281212,0.45904607073664855,-0.010708694290783844,-0.029456018099878363,0.002853896978766034,0.002244003314907707,0.48968812481641144,last,null_a,10,0,4,4244
5,52,12,0.29141098901098905,0.30633798901042053,0.00260167966165303,0.0021003653127611155,0.4386436227251634,0.0682809727585847,0.007659178251027512,0.0028094027129534718,0.002139310650501895,0.4820535417347695,last,null_a,10,0,4,4245
6,52,12,0.30990858130633414,0.32879468342053997,0.0025524035400618177,0.002052517006561422,0.43033566044710125,-0.24980690950840206,-0.3047534382705183,0.003159220531403496,0.0024889318838863424,0.5420773032155457,last,null_a,10,0,4,4246
7,52,12,0.33609927151500185,0.3444965496857886,0.0025258434623933114,0.002044388892906882,0.42585762694432444,-0.17361444525623632,-0.20205967678149633,0.002834682028457507,0.002263301540385246,0.4863911126765089,last,null_a,10,0,4,4247
8,52,12,0.3535300654401778,0.35861377177410536,0.0025046793288217434,0.002012796616375483,0.4222893505117934,-0.1333263751174199,-0.12055305572176742,0.0028110373261963284,0.002273264114621639,0.48233401811483867,last,null_a,10,0,4,4248
9,52,12,0.374355253735029,0.37741403423782427,0.002483819962468282,0.002013041697952896,0.41877245788281375,-0.09320530216052605,-0.12619547990356536,0.0027060080046447423,0.002172644495890369,0.4643124805807213,last,null_a,10,0,4,4249
1,51,13,0.12953503670325103,0.09556512320246052,0.003862451993756682,0.0031117442526204975,0.6562409739282992,-0.00190948292214115,-0.009713403537194387,0.0038512473085516737,0.0032905407572972954,0.6718053510004075,last,null_a,11,0,0,4201
2,51,13,0.17261958388433363,0.1851025186261785,0.003135248074779032,0.002487109799563582,0.5326870737618362,-0.051631912391406055,-0.04459650096711237,0.0033220465301537325,0.0026692753928202104,0.5794924232141582,last,null_a,11,0,0,4202
3,51,13,0.21769135570868176,0.23440037005250236,0.0028300850401906373,0.0022546413020547375,0.4808390540715184,-0.1087899442329822,-0.06859930277455101,0.0029633774286793053,0.0024186055840071195,0.5169267653105519,last,null_a,11,0,0,4203
4,51,13,0.28526152291357054,0.29926718412906594,0.002644732252214859,0.002104077241141255,0.44934711726604765,-0.07401459300193476,-0.07040998192034177,0.00283169875956105,0.002301583034115647,0.49395695126360006,last,null_a,11,0,0,4204
5,51,13,0.296002014647701,0.2931587809573106,0.0026096710292663823,0.0020629711145078284,0.4433901212614326,-0.08329645038505797,-0.06448830778969705,0.002613486749662148,0.0021852887304961385,0.4558924012210409,last,null_a,11,0,0,4205
6,51,13,0.33180294004825467,0.33182954079208066,0.0025322656245259883,0.0019932554106604846,0.43023873497203446,0.05552675172928337,0.027151814000571248,0.0025843409917378317,0.0021185524362817075,0.45080826235282534,last,null_a,11,0,0,4206
7,51,13,0.35181971340681173,0.3622092214982103,0.0024930290116735197,0.0019794643533002725,0.42357232900153385,-0.14331238381871292,-0.13989314621506083,0.002564501821600207,0.0020515216403883363,0.44734754960444667,last,null_a,11,0,0,4207
8,51,13,0.34737281342290316,0.35770360101195964,0.0024939325015511343,0.0019924605410191042,0.42372583435983435,-0.17487575715423814,-0.13270240883681306,0.002499520008774883,0.0020645595742060027,0.4360122272851493,last,null_a,11,0,0,4208
9,51,13,0.3922247890277463,0.3875667853356418,0.002462099218111188,0.0019738290989655335,0.41831727395268026,-0.11895699237471387,-0.07163357761348424,0.0024399113743290343,0.001954171351667711,0.42561419351109697,last,null_a,11,0,0,4209
1,51,13,0.1785984692827989,0.16894931197085472,0.003702354583019302,0.0030227820571262914,0.6334899832567847,0.1251786188495049,0.0637288812713257,0.003749766411152882,0.00302585363551725,0.6594874110723945,last,null_a,11,0,1,4211
2,51,13,0.17024296005638112,0.19071501435609062,0.003108985141720161,0.002521260831474646,0.5319617290053684,-0.27700147953312504,-0.24508744671796426,0.003336159850149441,0.002734654719857176,0.5867446612020494,last,null_a,11,0,1,4212
3,51,13,0.21645110057048192,0.23802689277114258,0.0027976011482000037,0.0022423562072779028,0.4786824883442405,0.09154137002238269,0.09322554294179032,0.002686414256000974,0.0021622359928258543,0.4724711324653825,last,null_a,11,0,1,4213
4,51,13,0.2551089238912149,0.27758300265414204,0.002643850949120287,0.0021321371053145085,0.45237511857272944,-0.05722125975290531,-0.012468297857791712,0.0026886842516275025,0.0021447525462126556,0.47287036627750273,last,null_a,11,0,1,4214
5,51,13,0.30101545194599116,0.3157047417726698,0.002542594428890859,0.0020201855976902444,0.43504965990408145,-0.07550677170930335,-0.05376073745884949,0.0026619965498530253,0.002107883244591976,0.46817668634630116,last,null_a,11,0,1,4215
6,51,13,0.3346299443649569,0.3512990490975215,0.002478257918506036,0.0019896138347141597,0.4240413855822729,-0.0026429266935596046,0.012999933260013289,0.002446655560680596,0.0019927499831512256,0.4303037481748189,last,null_a,11,0,1,4216
7,51,13,0.33034058284785733,0.3368845948053792,0.0024877202119121928,0.0019892809622029917,0.42566042772343615,-0.03757002491179706,-0.015745493154371792,0.002456489094131805,0.0019521232317818572,0.43203321364182584,last,null_a,11,0,1,4217
8,51,13,0.35442881558907774,0.3804195970117694,0.0024326343753907445,0.0019868588289270353,0.41623498646081125,0.039542735745267385,0.12353928583963301,0.0022391642317430996,0.001844248556625218,0.3938113632267952,last,null_a,11,0,1,4218
9,51,13,0.36703341643700194,0.37722446767271167,0.0024355284032448405,0.00197121432545325,0.41673016800426593,0.13650906055969347,0.15624505458320545,0.002182220085625623,0.001742238603383436,0.38379635338856993,last,null_a,11,0,1,4219
1,51,13,0.1683212460510385,0.1658247953962137,0.003701541222592479,0.0029648693887409216,0.6354639556473768,0.08010976365406745,0.07230343792975578,0.004122983736883196,0.003305967014525478,0.6863903107380506,last,null_a,11,0,2,4221
2,51,13,0.24903904005792274,0.24715319001436356,0.0030228648498283714,0.0023936936557962417,0.5189518471751555,0.11045916109207247,0.07535265875074815,0.003683479319621605,0.0029268127669943625,0.6132220440683934,last,null_a,11,0,2,4222
3,51,13,0.2791422281654402,0.28266444650961065,0.0027495680153078236,0.0021825381020237748,0.47203347531687884,0.18668673099052846,0.12511352429434558,0.003253166427173339,0.002533467846834695,0.541583973483755,last,null_a,11,0,2,4223
4,51,13,0.3265746476219432,0.3310294965202439,0.0025768482207762476,0.0020498677454806767,0.4423817175080692,0.2128377951162761,0.17812418254987944,0.003142659656308705,0.002416071977499493,0.5231869140644096,last,null_a,11,0,2,4224
5,51,13,0.32170759015886097,0.32857919052163354,0.002544988822490889,0.0020199723204739244,0.4369122392444232,0.29164506379696253,0.23530555786764284,0.0030134643619850617,0.002304150104405812,0.5016786074893911,last,null_a,11,0,2,4225
6,51,13,0.37072840582436095,0.3773589622757868,0.002461059459399259,0.0019566538758804676,0.422503623519804,0.17826477320148204,0.052389379172905204,0.0032490063501450835,0.0023806633350988557,0.540891407918052,last,null_a,11,0,2,4226
7,51,13,0.3889980504100035,0.3964688594641707,0.00243038097885665,0.0019327350040405581,0.41723687990504466,0.12828943208690044,0.013021347534080109,0.003330872512881488,0.002437631027363408,0.5545204068337867,last,null_a,11,0,2,4227
8,51,13,0.42457345616008346,0.4327749291805537,0.002383736105505379,0.0019104768028284731,0.4092290977548544,0.14832003439598374,0.0666430492879188,0.00319187076190703,0.002374493075867766,0.5313795309212813,last,null_a,11,0,2,4228
9,51,13,0.42357959678387647,0.4305911991724552,0.0023877909221218154,0.0019166867998000863,0.40992521044185576,0.17697492381036684,0.03920883445707142,0.0031867927299071112,0.0023812638903797523,0.5305341451073182,last,null_a,11,0,2,4229
1,51,13,0.10677414583763276,0.09776826094092654,0.003863141887263662,0.003132629073191503,0.6551826214267288,0.014833267997824959,-0.008846253304804586,0.003926654942470607,0.003081211866353356,0.6836809984359994,last,null_a,11,0,3,4231
2,51,13,0.18811085272862715,0.19089832117494887,0.003128228545480887,0.002495680950800598,0.5305425062453075,0.004716802185156615,-0.07747928301049681,0.003552531231614504,0.0026532486571474614,0.6185412609433674,last,null_a,11,0,3,4232
3,51,13,0.2212433828491091,0.23253171882411855,0.002822680567652063,0.0022499055608268155,0.47872206295651,-0.03127252494341101,-0.04814391425297135,0.0033381163354862234,0.002592268727226376,0.5812088769136414,last,null_a,11,0,3,4233
4,51,13,0.25306738841738974,0.2629365635776474,0.0026697058335380763,0.002107448306410801,0.45277779525065803,0.0015806977832294286,-0.041589822677430596,0.0032263920097089604,0.0024504870354500117,0.5617562385443203,last,null_a,11,0,3,4234
5,51,13,0.3084332243603057,0.3098813248691298,0.002560705424218272,0.0020139090584209065,0.4342915019694862,-0.12892171120019222,-0.13573708868960743,0.0031853694660515177,0.002544052257614492,0.554613687437332,last,null_a,11,0,3,4235
6,51,13,0.3521989421781945,0.34571964290063734,0.0024922065949481813,0.0019594384182054746,0.42267421121612253,0.10029211295034078,0.018748575966302427,0.0029589413211678827,0.002314953539532701,0.5151896426877687,last,null_a,11,0,3,4236
7,51,13,0.3599991138975938,0.36251400874405826,0.0024645432510542508,0.0019558207273387912,0.4179825527943573,-0.0998368719887707,-0.09775674123260387,0.002995899711516352,0.002424857924065952,0.5216245725668202,last,null_a,11,0,3,4237
8,51,13,0.3610741718771848,0.3644568213419219,0.002458802026419466,0.0019472983468556409,0.41700885037384317,-0.08724187205199864,-0.10474852528145719,0.0029962056268883004,0.002500059089268856,0.5216778363575006,last,null_a,11,0,3,4238
9,51,13,0.3899895627677556,0.39098959778382114,0.0024293297652052655,0.0019354700766382013,0.41201040249768434,-0.09885051657203554,-0.08012532467448243,0.002973859981203064,0.0023881772779424655,0.5177871727833881,last,null_a,11,0,3,4239
1,52,12,0.1418017533028769,0.13237918691089323,0.003911152281083073,0.0031194242271408742,0.6493101975463346,-0.04369063772048848,-0.06907407337229206,0.0040930878746179,0.0033234721336816305,0.6992661725271578,last,null_a,11,0,4,4241
2,52,12,0.1957929620940857,0.1977588733587712,0.0032259716664948647,0.0025415225152238975,0.5355598937381718,-0.10168040914309573,-0.1002327621048381,0.003644529841638252,0.002948839376475897,0.6226341850188831,last,null_a,11,0,4,4242
3,52,12,0.23179918508457836,0.24170266643160868,0.0029075463959582965,0.0022488531345029815,0.48269650196591657,0.16004592422502872,0.14886630395250366,0.0030880377765804667,0.0023861212515742017,0.5275626673053725,last,null_a,11,0,4,4243
4,52,12,0.23527008272626249,0.2531644535025236,0.0027903528903820457,0.0021943340838082325,0.46324061459868,-0.023191733639494835,0.015720682260193942,0.0030832792819774513,0.0024966277050010436,0.5267497225531536,last,null_a,11,0,4,4244
5,52,12,0.27519056673663417,0.2871108226439166,0.0026969331403585233,0.00211178321905857,0.4477315287888825,0.05872038409351842,0.07274761295134773,0.002978517138014163,0.0023510860749243155,0.5088520800692902,last,null_a,11,0,4,4245
6,52,12,0.29973715273490553,0.3067605104305172,0.002645049861998909,0.002092348964647811,0.4391181229943877,0.008621229516751906,0.039517862113340234,0.002971433266589558,0.0023435909204583,0.5076418662137616,last,null_a,11,0,4,4246
7,52,12,0.3385902950981603,0.35239778179827874,0.002580608039646507,0.00204244788914924,0.4284198097110457,-0.13215739484396202,-0.11806089488455518,0.003069650138741692,0.002442355166313693,0.5244213096000885,last,null_a,11,0,4,4247
8,52,12,0.33814875910606246,0.35460301810434236,0.0025743651484934006,0.0020572755688474,0.42738339573466094,-0.060849598163031,-0.04968023668074323,0.0031106394204696718,0.0024868814512938363,0.5314239489341481,last,null_a,11,0,4,4248
9,52,12,0.35373804173354734,0.3686135517963305,0.002559307589715147,0.0020303120830095557,0.42488361414544457,-0.022941237866611005,-0.014229878713470291,0.002949827061632582,0.002406534500294234,0.5039506461115026,last,null_a,11,0,4,4249
1,51,13,0.15449973672217543,0.15116153317823328,0.0037020121455192717,0.0030119770838322934,0.634188518628333,-0.022951731812491303,-0.04262392427252351,0.004231601871980792,0.0035073239060336146,0.6868352578252763,last,null_a,12,0,0,4201
2,51,13,0.2628694433514567,0.2592683822302919,0.002949334553555178,0.0023310406670638234,0.5052479673040493,-0.07904753474373727,-0.09896923150795205,0.00370379168311051,0.0029793045952020004,0.6011658923880608,last,null_a,12,0,0,4202
3,51,13,0.327729751283572,0.3340841182727265,0.0026014257923457993,0.0020467150388601934,0.44564801646211444,0.027706470744445426,0.021255315031414063,0.0032488691641583763,0.0026819737713974453,0.5273269928299714,last,null_a,12,0,0,4203
4,51,13,0.35173674424564594,0.3518993786142741,0.002485178268222037,0.0019400352286677606,0.42573375302365146,-0.06650311713602852,-0.032847848365043175,0.0032072419223627487,0.0027082599568740142,0.5205704362785225,last,null_a,12,0,0,4204
5,51,13,0.3678883487909889,0.3715193598257965,0.0024160787253809223,0.0019169610443308825,0.4138963697332315,-0.06098964326812428,-0.0729350015966839,0.0031739584115940897,0.0026235307877883547,0.5151681585142815,last,null_a,12,0,0,4205
6,51,13,0.40022346909750794,0.41071858122816424,0.0023444082020574212,0.0018529413790090202,0.4016185539862297,-0.017918790070688806,-0.014451297211392166,0.0030956235762096508,0.002596722816079345,0.5024535581133732,last,null_a,12,0,0,4206
7,51,13,0.44075194847825083,0.4328229034788476,0.002309018332842014,0.0018305270952806844,0.39555594590988,0.01728651095739703,0.005486103142786661,0.0030154175800502295,0.002445320947491485,0.48943524785690695,last,null_a,12,0,0,4207
8,51,13,0.45024563812796525,0.45444199114004485,0.0022810379936018233,0.001815224633653058,0.3907626580448113,0.01700830814754865,0.018696655792590534,0.0029505045257563096,0.0024448365606402926,0.4788991492987218,last,null_a,12,0,0,4208
9,51,13,0.4414336955757302,0.4482479054731828,0.0022900476682082105,0.001827905132157341,0.3923060976574727,-0.02135838844699604,-0.04294874463462932,0.0029644960199848077,0.002435555405845579,0.48117012181374547,last,null_a,12,0,0,4209
1,51,13,0.1457117172878744,0.12879427374935265,0.003789980987043262,0.0030499014024965845,0.6469787912965328,-0.060686149293744225,-0.10612582801670845,0.0043495888580343195,0.003488225203069085,0.6959167271483316,last,null_a,12,0,1,4211
2,51,13,0.1902890093819798,0.20001339539093688,0.003086461168860373,0.0024647710999087247,0.5268825683399593,-0.07616434198712678,-0.10873780311226736,0.003911634980917448,0.0030940205933043577,0.6258458678665114,last,null_a,12,0,1,4212
3,51,13,0.22955660456757787,0.2459773403739507,0.002789239086115639,0.002196094780927806,0.47614448165872636,-0.26180148964959093,-0.25475957896241974,0.003832363773000014,0.0030631776136156993,0.6131627933572746,last,null_a,12,0,1,4213
4,51,13,0.2678764160550556,0.2792131240447294,0.0026427286470624427,0.0020670953042101594,0.45113402722768425,-0.21493696177240482,-0.21659207597046998,0.003567165289580446,0.0026987332579054162,0.5707321024000948,last,null_a,12,0,1,4214
5,51,13,0.28499157461550484,0.28998610076309544,0.00258106118713485,0.0020393593287421716,0.44060691935493285,-0.10755067717093032,-0.07819030983734888,0.0032347337833281654,0.00260814754242411,0.5175443981404726,last,null_a,12,0,1,4215
6,51,13,0.3183600830301012,0.33303935417279795,0.002505470044231372,0.001999435758533261,0.4277029321223823,-0.036887163469441944,-0.020405837644671174,0.0030021894561463253,0.0023836079532006953,0.48033824087566107,last,null_a,12,0,1,4216
7,51,13,0.3402342538531866,0.34957847181850493,0.002476918700809185,0.0019909379659312316,0.42282899905508475,-0.13650906055969347,-0.13770054590871036,0.0030957888458447314,0.002398066781089923,0.49531376685478384,last,null_a,12,0,1,4217
8,51,13,0.3484791238061293,0.3613994142369935,0.002459661696869848,0.001970408281192118,0.4198830962687012,-0.09300825756521958,-0.10858114149550924,0.002992661326203571,0.0023322719725514824,0.47881377839839545,last,null_a,12,0,1,4218
9,51,13,0.3611729113553364,0.37301326800722645,0.0024461045509392397,0.0019439430240743019,0.4175687875907417,-0.1384564802286321,-0.1535459934951272,0.0030582974419524935,0.002387597999543926,0.48931529298875653,last,null_a,12,0,1,4219
1,51,13,0.1996753538192084,0.18140540842610056,0.0036989713877696433,0.002950039674319828,0.633563971272242,-0.007524121448172081,-0.018679817205372068,0.003942615656911474,0.003300177942088439,0.6684817233562966,last,null_a,12,0,2,4221
2,51,13,0.22967379078726904,0.23940149307380287,0.003048057938268485,0.002423457562865554,0.5220747850125103,0.07108081791626095,0.0912453583354269,0.003152590285661821,0.002484953864703627,0.5345306696332772,last,null_a,12,0,2,4222
3,51,13,0.2441667120972578,0.26390772961605974,0.002797122941898927,0.0022201852434022965,0.47909435716796167,-0.0665284083005602,-0.07513577605957357,0.003074527859685017,0.0022277853291489515,0.5212949627860046,last,null_a,12,0,2,4223
4,51,13,0.29429173818210325,0.30997604479839047,0.002642789731887649,0.0021009299059178755,0.4526599917232222,0.045258538929425,0.02665232907950555,0.0026163718701716445,0.0019833363030501883,0.44361330875538324,last,null_a,12,0,2,4224
5,51,13,0.31760310781478085,0.33050236393662835,0.0025735242726946644,0.0020463270171118273,0.44079612612442304,0.055299131248498334,0.0529843501286878,0.0026015070601500545,0.0020183397414995116,0.44109293784294673,last,null_a,12,0,2,4225
6,51,13,0.34201424088446847,0.35751816491881516,0.0025224147334613075,0.002009783670946138,0.4320420268757384,-0.028187002870547172,-0.050031133852240464,0.002619799203100835,0.0020496335035636594,0.4441944228234017,last,null_a,12,0,2,4226
7,51,13,0.3563527942613504,0.37550672137158736,0.002495318669836723,0.0019960265897551355,0.4274009826836695,0.028111129376952163,0.003550033351155175,0.0025643024310090783,0.001961281889584704,0.4347847869174582,last,null_a,12,0,2,4227
8,51,13,0.38687255755671585,0.39697528851449315,0.0024705508458988867,0.0019590841024272046,0.4231587219985203,0.018272866374132196,-0.01079797472201046,0.002548206641629671,0.0019762921850199422,0.43205569994590315,last,null_a,12,0,2,4228
9,51,13,0.4344536626911193,0.44610492062199103,0.002420013441372413,0.001919789729116732,0.41450261862463317,-0.04857168148307388,-0.02359170075018274,0.0025076761883187945,0.002008533706346372,0.42518364605189224,last,null_a,12,0,2,4229
1,51,13,0.18572525258447906,0.19104983737131315,0.003717910407890005,0.0029989926299924274,0.6333579299964266,-0.19012632936683568,-0.21321122081097107,0.003947167393472856,0.003149451615820869,0.7339063651157539,last,null_a,12,0,3,4231
2,51,13,0.24438790829268323,0.244153873611208,0.0030789576623947773,0.0023553367670142494,0.5245102860635383,-0.04141428192061103,-0.08093278241661711,0.0034977969164253064,0.0027773606123444533,0.6503538271753414,last,null_a,12,0,3,4232
3,51,13,0.2850173506427454,0.30273626416629995,0.0027685715209165673,0.00217808463562446,0.4716350140696164,-0.26453293541901135,-0.31018393963796875,0.0034305983011268483,0.00271421839051823,0.6378594263612143,last,null_a,12,0,3,4233
4,51,13,0.2925739265519927,0.2928630073180163,0.002710516390554609,0.0021055275916872134,0.4617451369188138,-0.0981929462942121,-0.11554580876099527,0.003156012661706484,0.0025130028545049497,0.5868050553524692,last,null_a,12,0,3,4234
5,51,13,0.31771259416690967,0.34451315289049744,0.0025932403865523883,0.0020418621077617142,0.441766794521033,-0.052264191504697834,-0.0872995871466637,0.003030011151792907,0.002387657202788569,0.563377290344913,last,null_a,12,0,3,4235
6,51,13,0.33948366088103277,0.3585782711552964,0.002558366546261585,0.001996318898598434,0.4358259242809283,-0.06974038619608239,-0.09321618289897662,0.0030028652959996796,0.002387535457335415,0.5583299958252764,last,null_a,12,0,3,4236
7,51,13,0.3757541546755983,0.39658884022659535,0.002499781370611852,0.0019805418784475033,0.42584575221996407,-0.13572503445921166,-0.1872507595252493,0.0029967783857333943,0.0024174684061143647,0.5571982419007526,last,null_a,12,0,3,4237
8,51,13,0.3748235824461466,0.4096306723226074,0.002483478414176522,0.0019611480975598463,0.42306849144498954,-0.10992804663690739,-0.1726179105418686,0.0030380634545037655,0.0024435787982206108,0.5648744744326998,last,null_a,12,0,3,4238
9,51,13,0.3936920461438651,0.414694953938397,0.0024792302002470553,0.0019555884497749125,0.4223447946138774,-0.04007385020043247,-0.10234824314305722,0.002893969999155618,0.00230960978618119,0.5380828303219379,last,null_a,12,0,3,4239
1,52,12,0.12227781207556489,0.11463783865325897,0.003841850543285652,0.003147048763326044,0.657266865602225,0.10664857530529175,0.07643302965104322,0.004418198651748955,0.0035295170299251984,0.7036571925847821,last,null_a,12,0,4,4241
2,52,12,0.19006800839609828,0.1878233044693045,0.0031654367272575187,0.0025040467345298603,0.5415454486179425,-0.1908151549942595,-0.2137798813276323,0.0037530768291137192,0.0030178021029065097,0.5977276517622757,last,null_a,12,0,4,4242
3,52,12,0.15641639708606,0.16836702439006215,0.0029851151370039243,0.0023631732896227733,0.5106958866448659,0.1194238597223672,0.06782324314576563,0.002965389851236141,0.0022592604329278185,0.47227797166029073,last,null_a,12,0,4,4243
4,52,12,0.2576300283985677,0.27219581237434853,0.002726626488330399,0.0021524720115068036,0.46647344175972383,0.06544202066590127,-0.004329762977471202,0.0031628631854817343,0.0024603048124946765,0.5037282397306513,last,null_a,12,0,4,4244
5,52,12,0.3255118903568342,0.31811163328582615,0.0026250263771456263,0.0020842103300290063,0.4490916134270312,0.10664857530529175,0.060895637824865886,0.002871416739199519,0.0022883053889757327,0.457311497446197,last,null_a,12,0,4,4245
6,52,12,0.29480587726879864,0.31491767002102644,0.0026166465454045247,0.0021080499231610314,0.44765798510633203,0.14601816094353412,0.11505804717891126,0.0026433496910276025,0.0021069048238251953,0.42098877149221064,last,null_a,12,0,4,4246
7,52,12,0.3789044573404124,0.37861615194001874,0.0025317455451035757,0.0020362811516878125,0.43313305402804636,0.12660473854503707,0.06946781076123586,0.0026774626400141847,0.0021717033118070924,0.4264217146001862,last,null_a,12,0,4,4247
8,52,12,0.4044040498827016,0.41184521157906884,0.0024956432637295474,0.0020111951714011185,0.426956646837697,0.05938837282120865,0.011126130958699626,0.002652007766697154,0.002173694705234509,0.42236768577357997,last,null_a,12,0,4,4248
9,52,12,0.4124517594764786,0.4209205162778345,0.002489991179315411,0.002003577055599435,0.42598968371272816,0.11424694708276799,0.060212632793512036,0.0026210736023998646,0.0021199753568472966,0.41744100661763694,last,null_a,12,0,4,4249
1,51,13,0.18625110824564403,0.19463846925470407,0.003658547508971327,0.0029905001510347725,0.610954227309554,-0.016755396502231946,0.01686291372567545,0.004859041201246678,0.004184209787387477,0.7916644827633887,last,null_a,13,0,0,4201
2,51,13,0.15068336118736403,0.16223311226465015,0.0031725077301877225,0.0025599326461761386,0.5297886672723313,0.1551233576550032,0.13360706866022937,0.0035328745809748026,0.002800868446123513,0.5755973682828119,last,null_a,13,0,0,4202
3,51,13,0.22060738202361738,0.23996358793832845,0.0027956695493184616,0.0022114228328212375,0.4668590814054933,0.0017830270994827954,0.013262386214606205,0.003424550691829085,0.002766532543858721,0.5579485828291177,last,null_a,13,0,0,4203
4,51,13,0.2761517148963861,0.29059492954688787,0.0026033931723015045,0.0020985923528001383,0.4347501460801447,0.02591079806269679,-0.01367390104386788,0.003410096335836471,0.00268024473840305,0.5555935914251275,last,null_a,13,0,0,4204
5,51,13,0.2472524237289001,0.264779573074005,0.002585929782367964,0.0020630102989472785,0.4318338707340166,0.06544088822569834,0.04482957230429224,0.0033074186551070323,0.0026814121097882516,0.5388647205143067,last,null_a,13,0,0,4205
6,51,13,0.3177300115143902,0.33488532680456107,0.002470507694404844,0.001977237116686113,0.41255911418294183,0.12495099836871987,0.1353622705240715,0.00308852071509071,0.002515748210849008,0.5032005396021276,last,null_a,13,0,0,4206
7,51,13,0.32628732315215936,0.3496872492759186,0.0024421420182925225,0.001956704798429703,0.4078222261997134,0.02560730408831674,0.03714470550835193,0.0031791643863053145,0.0026341176302713443,0.517968756646567,last,null_a,13,0,0,4207
8,51,13,0.3636729801188595,0.3728751496373651,0.0024122408151068552,0.0019356871560714513,0.40282891493530354,0.0577523742080704,0.041180124119164434,0.003195420626170845,0.002612738589344308,0.5206173219070387,last,null_a,13,0,0,4208
9,51,13,0.3794251797692609,0.392216280038355,0.0023920084717838734,0.001915720755276526,0.3994502419370049,0.08483921142148991,0.09066325263177931,0.003077142769033981,0.0025474884240790216,0.5013467755760891,last,null_a,13,0,0,4209
1,51,13,0.16768928045025858,0.14592536468234402,0.003768400485095759,0.0030273079464926767,0.6382550278939694,-0.06668015528775023,-0.03747754547856192,0.004118721130892137,0.003349988149390438,0.7178818369299849,last,null_a,13,0,1,4211
2,51,13,0.183917842495462,0.18609751750780887,0.0031203034680167704,0.002474594297228306,0.5284866576398622,-0.23737022471199684,-0.24647203178897714,0.003612143093651549,0.003009363960150512,0.6295866694822465,last,null_a,13,0,1,4212
3,51,13,0.2943646604572519,0.2939204451536097,0.002689209380327923,0.002109576934492031,0.4554721332943219,-0.038429924505873875,-0.030983135832317956,0.003228290872102996,0.002653422068503747,0.5626822763083287,last,null_a,13,0,1,4213
4,51,13,0.2682383921820074,0.2710941170020328,0.0026299608350711795,0.002114007026257486,0.44543719086846156,0.14654965287876678,0.12089599030950705,0.002843261165963612,0.002264459147277323,0.4955726507882143,last,null_a,13,0,1,4214
5,51,13,0.2670711004947185,0.285216914957723,0.002578027900404359,0.0020512357244684924,0.43664129542277225,0.11136964301521263,0.13243145417108415,0.0025935803263103683,0.002124403970841897,0.4520539627973945,last,null_a,13,0,1,4215
6,51,13,0.3633737558537522,0.36460521882664887,0.0024468541998753503,0.0019668827353212306,0.4144243696418676,0.05039264532935418,0.07930853992024545,0.002749143830865259,0.0022985080661127957,0.47916825649684225,last,null_a,13,0,1,4216
7,51,13,0.3715916145065834,0.3772594528320672,0.0024250349359090156,0.0019376564709914735,0.4107288348953517,0.13600323726906002,0.13934069366010768,0.0026021251741534914,0.0021676162001121103,0.45354330642396323,last,null_a,13,0,1,4217
8,51,13,0.4145331994407343,0.4216769582328459,0.002374673523402595,0.0019037558566748101,0.4021991085907313,0.025025607304088312,0.031353734784660976,0.002677166001233269,0.0022473751935414643,0.4666227175024957,last,null_a,13,0,1,4218
9,51,13,0.41435367311682236,0.42722382209361176,0.0023714685424880873,0.0019202082967759609,0.40165628009066107,0.09209777564207944,0.08466311270862441,0.0025867578525466013,0.002139955493494602,0.4508648242657263,last,null_a,13,0,1,4219
1,51,13,0.16140709438621184,0.15334341337115945,0.0038130879414100386,0.003061417505866007,0.6431124980057831,0.015035597314078324,-0.016347187583976817,0.004682587832975176,0.0039570933005228315,0.8075007444612782,last,null_a,13,0,2,4221
2,51,13,0.14954583957626516,0.15564027972012467,0.00326721083899098,0.002603730683798325,0.5510452831040829,-0.1765702651778601,-0.19025416426076522,0.0036693084262819703,0.0029531752262684082,0.632763205212138,last,null_a,13,0,2,4222
3,51,13,0.24032838988110578,0.24960735003246232,0.0028725517186043324,0.002270772310232827,0.4844823774820411,-0.0971560085484136,-0.056067957643694905,0.003279755800842509,0.0026764005310743614,0.5655858139341733,last,null_a,13,0,2,4223
4,51,13,0.2785014509515142,0.2823458083375002,0.002733618102547917,0.0021720152007316754,0.46104993997943866,-0.2569202948949784,-0.16804752642851892,0.003317031010646456,0.0027234213371557263,0.5720138321028178,last,null_a,13,0,2,4224
5,51,13,0.2864409202749948,0.29893259399152183,0.0026674510816997476,0.0020915449144005083,0.4498902608120258,0.02702360930209031,0.00827183370031622,0.0030818034723800575,0.002508736004389299,0.5314494221988983,last,null_a,13,0,2,4225
6,51,13,0.3198979565786762,0.32790989326521547,0.002609321310714238,0.0020714486237189216,0.4400861380638966,-0.04589081804271677,-0.04253320154523104,0.003106884250817244,0.0024815436972832903,0.5357745406979203,last,null_a,13,0,2,4226
7,51,13,0.37495126848524085,0.3769899117039903,0.0025453013496146764,0.0020168324441511487,0.429288580352771,-0.05246652082095119,-0.08572034009714469,0.0030395714968813464,0.0024821527354382702,0.524166621988483,last,null_a,13,0,2,4227
8,51,13,0.35665321262356636,0.36747991769462296,0.002555075888830323,0.002034677557689848,0.4309371466665879,-0.04958332806434072,-0.06849271336268548,0.002985404299243039,0.0024489437644728573,0.5148256221015629,last,null_a,13,0,2,4228
9,51,13,0.39669330628689653,0.40230435250705576,0.002518545796166716,0.0020044341248398145,0.4247760091564502,0.021080185637147662,0.019102407506783388,0.0028564671715547926,0.0023065734786940698,0.49259073184200214,last,null_a,13,0,2,4229
1,51,13,0.148160975160639,0.14902908199058645,0.0037059680507575007,0.00296539796247093,0.6407325427770543,0.11083852856004754,0.05394567295055927,0.0039609462632341445,0.003167384193657679,0.6932458249345932,last,null_a,13,0,3,4231
2,51,13,0.1634722235718722,0.16722935933229985,0.0031331834070951504,0.0024736537550076694,0.5417026115496625,1.264558226583543e-05,-0.03983666266329706,0.003420995195733316,0.002562452516203786,0.5987434514264276,last,null_a,13,0,3,4232
3,51,13,0.19717446154043794,0.21590877301122657,0.0028360065418613274,0.0022347145463464586,0.4903230837426536,-0.15487044600968652,-0.10826575125531124,0.0032919366360994076,0.0027009554183013425,0.5761555894125595,last,null_a,13,0,3,4233
4,51,13,0.2418504931126949,0.24483676200850307,0.0026848941012574215,0.002116208971890126,0.4641969388360356,0.05512209309677664,0.09519142705481594,0.0029208985859507587,0.0023663962319485504,0.5112164152700149,last,null_a,13,0,3,4234
5,51,13,0.2688863339785849,0.2812235254706424,0.002590778841742709,0.002065526011940733,0.44792515539994854,-0.0067400953476902834,0.027538679019237594,0.0028732568739083244,0.0023201877874276804,0.5028781506808896,last,null_a,13,0,3,4235
6,51,13,0.31466151135141646,0.33202400418811584,0.002503876317524264,0.0019840064908104482,0.43290039680688736,0.16966577726071394,0.13731150632574113,0.0027131129556880315,0.002146785142584532,0.47484972128123476,last,null_a,13,0,3,4236
7,51,13,0.34351534447725135,0.3497625789722302,0.002474925928688825,0.001963672612806518,0.427895103723175,0.08486450258602157,0.036749442743993666,0.0028075521240272317,0.0022155789502464984,0.49137848860361427,last,null_a,13,0,3,4237
8,51,13,0.35004652037632006,0.36424833747510044,0.0024574944071579386,0.0019524600490597472,0.4248813316231498,0.11827413093235878,0.09048291400150911,0.0027250889704372536,0.0021438881149472232,0.4769457664362312,last,null_a,13,0,3,4238
9,51,13,0.37044297543964594,0.3814893645577321,0.0024388762294948554,0.0019298737881651715,0.4216623960703989,-0.0027188001871546173,-0.02042435891350444,0.0027880935236112075,0.002285070008457413,0.4879728393973397,last,null_a,13,0,3,4239
1,52,12,0.14760330905050006,0.14377712949322094,0.0037534891785315706,0.003070858870238171,0.6378037659456308,0.06544202066590127,0.06153853963427841,0.0039800347391092394,0.003265692959427781,0.7293189389672465,last,null_a,13,0,4,4241
2,52,12,0.15057029262871957,0.1661012374895649,0.003165247010824972,0.002531472838730452,0.537847950967614,0.12130257801899594,0.17132279825860786,0.002920575636173441,0.0023457041614598885,0.5351790282675576,last,null_a,13,0,4,4242
3,52,12,0.22160884059760466,0.23618832302892065,0.0028143283830209713,0.002182661758597236,0.47821884010351234,0.23035173781442442,0.22705362492752482,0.0025918600732390616,0.002083480820267915,0.4749437536289804,last,null_a,13,0,4,4243
4,52,12,0.2632858377577479,0.2873389374447779,0.0026260672309222407,0.002086700760435861,0.44622895920106936,0.12439202588456323,0.09934922096113417,0.0026823109962748576,0.0020795711079484892,0.49151837559618433,last,null_a,13,0,4,4244
5,52,12,0.28270611186566247,0.3021727575962261,0.002567068626562774,0.0020144958299195812,0.43620374525847166,0.029287130779668095,0.018922709865930427,0.002650552598043259,0.002062018283586154,0.48569882807465886,last,null_a,13,0,4,4245
6,52,12,0.3269493517718237,0.33825804997903214,0.00249398696077542,0.0019440927020290665,0.423785496678629,0.09704623734474482,0.08026594290317332,0.002575882884028711,0.001994745019097688,0.47201602373555246,last,null_a,13,0,4,4246
7,52,12,0.3372426719348068,0.3585618603294437,0.002458821780560481,0.0019328377893591453,0.41781012728112915,0.18826844796994055,0.12371565588215991,0.0025272753381336533,0.001998428907239664,0.4631089648474386,last,null_a,13,0,4,4247
8,52,12,0.36175656253858507,0.3753867275927911,0.002435804417717889,0.0018978132301219254,0.4138989502389495,0.06982569669136836,0.019471540745436902,0.0026068986258796535,0.0020659882417942174,0.47769948366009424,last,null_a,13,0,4,4248
9,52,12,0.3848854920360538,0.3971829063141827,0.002411831287651112,0.0018841627680262884,0.4098253664584105,0.03396305187349964,0.025685834891587305,0.002573139866771273,0.0020795577779217653,0.47151338127967,last,null_a,13,0,4,4249
1,51,13,0.10847223427757041,0.10545861996334835,0.003704923818387287,0.0029259266428465283,0.6512903610978509,-0.2102580963340457,-0.184035816640844,0.00453033814652099,0.0037727221553411684,0.7515043096816658,last,null_a,14,0,0,4201
2,51,13,0.162600697385652,0.19259144888172003,0.0030380305657318634,0.0024492623769147514,0.5340568716587253,-0.07760593836543203,-0.09603806942412589,0.003582985732421869,0.0030301444777455877,0.5943550199471802,last,null_a,14,0,0,4202
3,51,13,0.24140130672105378,0.2675317868554904,0.0026997743606891177,0.0021735241104395005,0.4745946487561842,-0.06678131994587691,-0.024446176946484863,0.0032178282608436434,0.002718877933038398,0.5337817460042116,last,null_a,14,0,0,4203
4,51,13,0.22091084739224834,0.24715313842269582,0.0026568657409421948,0.0021035225188121573,0.4670517216086704,-0.1754574539384666,-0.1621481613648162,0.0030826385788391268,0.002500981943688311,0.5113561288946129,last,null_a,14,0,0,4204
5,51,13,0.3140918858548574,0.33667655302789445,0.0024893674569091946,0.001988538833130362,0.43760711674264946,-0.19892765462385714,-0.19793425962098524,0.0029902140172344614,0.002441937315280161,0.4960245015149474,last,null_a,14,0,0,4205
6,51,13,0.282214804728888,0.3172425281368333,0.0024963723614533895,0.0019978200423717753,0.43883851232152826,-0.15181021510135434,-0.1040553980816862,0.0028657229346406776,0.002420648129124771,0.47537359598419593,last,null_a,14,0,0,4206
7,51,13,0.30231701779435277,0.33697481789005107,0.002461310187162001,0.0019745147724532573,0.43267491563924765,-0.2125595923064277,-0.20042171406741507,0.0028701014112381728,0.002381691208869857,0.47609990910397587,last,null_a,14,0,0,4207
8,51,13,0.33179132848326764,0.3798930127470217,0.0024073821990160714,0.0019488800370895058,0.4231948883581113,-0.2122560983320477,-0.16753632413561853,0.0027971830601198036,0.002310577073170583,0.46400402280409403,last,null_a,14,0,0,4208
9,51,13,0.35908217084548494,0.39399949867382256,0.0023915476117349565,0.001933806947427145,0.42041131855379565,-0.22652031512791004,-0.19203323140170264,0.002756908133480041,0.002302148898773589,0.45732311291105715,last,null_a,14,0,0,4209
1,51,13,0.1865255447018076,0.15689139464119622,0.003520954438576079,0.002852960106928742,0.6319331096866317,0.009623288104300761,-0.026811997899721482,0.004107998590535843,0.0030865638646696003,0.7010136487534738,last,null_a,14,0,1,4211
2,51,13,0.15225915761307726,0.15307201952970909,0.002944012200560898,0.002307991918176802,0.5283847937572889,0.10772771532265202,0.12701744604234033,0.0036758538788175337,0.002912710418153094,0.6272698695201769,last,null_a,14,0,1,4212
3,51,13,0.1943002698000653,0.19864620248407397,0.0026712051198472357,0.002135682473538227,0.47942198271630426,0.05990212319326243,0.08347330094099172,0.0033351467451307407,0.0025210924947732935,0.5691295499269898,last,null_a,14,0,1,4213
4,51,13,0.23327926406724628,0.25843328658946446,0.0025050601004721214,0.001982209374494807,0.44960264236859954,-0.03923924177088734,-0.05460150370928816,0.0032162030295886284,0.0024820448959761024,0.5488322771332337,last,null_a,14,0,1,4214
5,51,13,0.2569079753004719,0.27704338398875494,0.002428624005013935,0.0019369601077656564,0.4358840611322203,0.2064391304897634,0.18339610469756984,0.0028660157036348,0.002218957126220091,0.4890742003705797,last,null_a,14,0,1,4215
6,51,13,0.26355411392806394,0.29175613368159203,0.002389710608821651,0.0019213194686952067,0.42889997091087595,0.14690372918221017,0.12452366001774537,0.002891454390958745,0.002292899415085322,0.4934152113586412,last,null_a,14,0,1,4216
7,51,13,0.2993729507852465,0.3133071065611621,0.002355631261596338,0.0019110092753285598,0.42278348509889485,0.08800060698794876,0.09907487107445884,0.0028809733595558944,0.0023156472783239374,0.49162666496445817,last,null_a,14,0,1,4217
8,51,13,0.31438600432543146,0.32295121801730353,0.0023393793800340432,0.0018967267875145408,0.4198666333664785,0.07317998457238964,0.05875303313449136,0.0029157773892830676,0.0023550007295326733,0.49756583444873675,last,null_a,14,0,1,4218
9,51,13,0.3375766877986168,0.34517518376507983,0.002311270270411799,0.0018597841548016352,0.41482167258553443,0.05747417139822202,0.03925587098373764,0.0028816813230167497,0.002314861596493189,0.4917474761180992,last,null_a,14,0,1,4219
1,51,13,0.1803827385933668,0.1705122520731569,0.003732143455480054,0.0029943026228648017,0.6283246095838255,-0.002137103402926187,-0.017119189368696698,0.004418823197080296,0.0037089780676217623,0.6890657257599044,last,null_a,14,0,2,4221
2,51,13,0.2351589376192141,0.23493805513368893,0.0030653581499263077,0.002462133624330263,0.5160680412643207,-0.031019613298094308,-0.024871526851766426,0.00397518935985576,0.0031641365098020037,0.6198860237476671,last,null_a,14,0,2,4222
3,51,13,0.27135152687138486,0.25993170321189213,0.0027925067114238796,0.0022163418885006655,0.4701321667148865,0.061444884229694345,0.030027684836630777,0.0033840817499411887,0.0025822074503866936,0.5277094473014506,last,null_a,14,0,2,4223
4,51,13,0.29117180949193555,0.2865326800020472,0.0026491113097082235,0.00210454605802403,0.44599084929933813,0.10350409084586298,0.07444044554625437,0.0031443414923928094,0.002492028449126725,0.49032465338831277,last,null_a,14,0,2,4224
5,51,13,0.32361678673244465,0.32695350941050105,0.002542878837494653,0.0020223843163927773,0.42810609287854556,-0.0016059889477610997,-0.00736049101109058,0.0032657686968764225,0.0026182764854529037,0.5092598587705471,last,null_a,14,0,2,4225
6,51,13,0.33717781818858594,0.34167216191109023,0.002499414076009252,0.0019766391209193215,0.4207885876387969,-0.10701956271576524,-0.1318310397122939,0.0032675417639059946,0.0026571892282768804,0.509536348610729,last,null_a,14,0,2,4226
7,51,13,0.3800159284319133,0.39260115504260384,0.0024259281937548615,0.0019310051058404728,0.4084168798445493,0.002997002997002997,-0.027800695806137782,0.003140166835096197,0.002566809860231328,0.48967366258565054,last,null_a,14,0,2,4227
8,51,13,0.39153723614777347,0.3999744048591096,0.0024153839254367313,0.0018999239237687186,0.40664170068721855,-0.03071611932371426,-0.05725351272620842,0.0031003887500731554,0.0025192172178225376,0.48347071809041664,last,null_a,14,0,2,4228
9,51,13,0.41295419130555655,0.4166932141842,0.0023969338925468793,0.0019191509710930715,0.4035355473866794,-0.09652372943512183,-0.12613935067759413,0.003125406717619202,0.002553822475403106,0.4873719884502593,last,null_a,14,0,2,4229
1,51,13,0.15390478813176175,0.1546336382742191,0.0037067873373707243,0.003021163537635181,0.6395048354351971,0.12649375940515178,0.05629245925660573,0.004389390351114275,0.003370114758566901,0.7433908176124052,last,null_a,14,0,3,4231
2,51,13,0.15806955179194446,0.18107833707367899,0.003129765300460527,0.002507053995196079,0.5399554550225402,0.023482846267656392,-0.011520273022712165,0.0035828780410441627,0.0027915724810882022,0.6067992188621848,last,null_a,14,0,3,4232
3,51,13,0.2007375649609415,0.21869099616744384,0.0028337027733254506,0.0022928320897658352,0.48887795840296266,0.08807648048154378,0.058101406594820756,0.003463388200119908,0.0026909792672860835,0.5865623195582739,last,null_a,14,0,3,4233
4,51,13,0.2272862142065274,0.24613688215835033,0.0027049685159236253,0.002155015256490711,0.46666838105153535,0.007751741928957117,-0.07104925286101789,0.0034099465254614535,0.002645892268642858,0.5775113928825819,last,null_a,14,0,3,4234
5,51,13,0.2608350724602831,0.278717021366936,0.0026088930961178348,0.002095944230736932,0.45009319344558807,-0.05330112925049634,-0.1130527617386787,0.0033249914407665238,0.002550334213607983,0.5631233287507003,last,null_a,14,0,3,4235
6,51,13,0.2906203425065794,0.30627725228637304,0.002552024831881446,0.0020425309457285214,0.4402821288626997,-0.06842524564043552,-0.1066100038031914,0.0032782948238334383,0.0025114725305766363,0.5552147506875058,last,null_a,14,0,3,4236
7,51,13,0.3113692620957507,0.33447525354252206,0.002504279720271714,0.002025475954046283,0.43204501489746355,-0.02376104907750477,-0.0012918616156860213,0.00318080026196478,0.0024584853967449514,0.5387029902235712,last,null_a,14,0,3,4237
8,51,13,0.31849402778507496,0.3469488544623467,0.0024853641839160437,0.002006705086147428,0.4287816561279039,-0.021510135434186065,-0.06278906078971462,0.0031414711325992934,0.002402995208451818,0.5320421760110527,last,null_a,14,0,3,4238
9,51,13,0.3815969953552093,0.40224000049698183,0.002422367039821156,0.0019527595842708915,0.41791322084942784,-0.014605647517039922,-0.10478404800694194,0.003187745064928343,0.0024425967871828176,0.539879167856515,last,null_a,14,0,3,4239
1,52,12,0.16601926163723918,0.13227813193150126,0.0038891144576824596,0.003139088790881541,0.6376531615394982,0.07846780085586057,0.10285852911222096,0.004187518072413991,0.003361000901100302,0.6504769601401666,last,null_a,14,0,4,4241
2,52,12,0.21056540313618965,0.213116370454547,0.0031740475133658504,0.0025624347408622953,0.5204118967947252,-0.011000939359148315,-0.00856563983077101,0.003773934055760235,0.0029605141786271075,0.5862320137869182,last,null_a,14,0,4,4242
3,52,12,0.24682844795653786,0.26662198898028994,0.0028461886849318256,0.0022852099290647265,0.4666566728833744,-0.20939359148314377,-0.19422431011268176,0.0038316824652280153,0.0030157046842831142,0.5952024848855365,last,null_a,14,0,4,4243
4,52,12,0.30546121743425114,0.31680428041157327,0.0026684778003790524,0.00210757265891456,0.43751947247231143,-0.35317816511846367,-0.3602756382461556,0.004052949048599614,0.0032663793244085324,0.629573396734327,last,null_a,14,0,4,4244
5,52,12,0.2772517594764786,0.30740512247888874,0.0026371858700558757,0.0021084211130014065,0.432388896214307,-0.10422711616741469,-0.04608506372209463,0.003333685246007256,0.0027969298092034947,0.5178450355049693,last,null_a,14,0,4,4245
6,52,12,0.3471603901716262,0.35943992898018334,0.0025463033172875055,0.0020388977001307247,0.4174879341232953,-0.09186932470514561,-0.07167502660682347,0.0033751801444491343,0.0026944686130953503,0.5242907331552336,last,null_a,14,0,4,4246
7,52,12,0.34887917026793436,0.3676103386536784,0.0025290203728732196,0.0020062531399641635,0.4146542494204163,-0.01663709424903455,-0.12309832643156578,0.0033496179389241516,0.002518323037811824,0.5203199739950747,last,null_a,14,0,4,4247
8,52,12,0.3801970613656007,0.40755936221949407,0.0024802591718270776,0.0019723046188044858,0.406659438687573,-0.12326479490658598,-0.11617370753147306,0.0032547865813732303,0.0025393280883365932,0.5055891448693323,last,null_a,14,0,4,4248
9,52,12,0.3715304605506852,0.3981974740726512,0.0024923810709389657,0.0019924428259827007,0.40864692642460515,0.010708694290783844,0.04352155980631894,0.003097131981154322,0.0024296015626881894,0.4810995347162253,last,null_a,14,0,4,4249
1,51,13,0.166949763758181,0.17949832190313408,0.0037248277932343103,0.0030469171571037906,0.6331598183826567,0.10120259487348095,0.08607067953272608,0.00394773516269549,0.003205048172597806,0.7000599211558671,last,null_a,15,0,0,4201
2,51,13,0.2037716421865779,0.2201617207812319,0.0030970869875605045,0.002462361156794122,0.5264541459127114,0.08891108891108891,0.08826125941603455,0.0032793715504124553,0.002651770336539933,0.5815376397881281,last,null_a,15,0,0,4202
3,51,13,0.2852309293221333,0.29700988302591,0.002760941029070887,0.002214717432680561,0.4693148294551997,0.10143021535426597,0.10216503064986625,0.002969003627854262,0.002428657709557168,0.5264994636083856,last,null_a,15,0,0,4203
4,51,13,0.29967106330476995,0.31605027952708237,0.002649547011690614,0.0021225504994333367,0.45037966795819906,0.017893498906157133,0.04543394997543582,0.0029274216273823166,0.00244863322117721,0.5191256427282591,last,null_a,15,0,0,4204
5,51,13,0.3484820884610196,0.36924278516159253,0.002534234868750632,0.002040937873269783,0.4307784891832206,0.14058093804929248,0.14251568456529204,0.002762829613979865,0.002256900169719649,0.4899382055834808,last,null_a,15,0,0,4205
6,51,13,0.3502899514834226,0.37277569903576907,0.00251641807018119,0.002018253514323797,0.42774992475753676,0.12725249434110192,0.1430308259054411,0.0027000089643939313,0.002200140595203443,0.47879809177552696,last,null_a,15,0,0,4206
7,51,13,0.38941750790121693,0.4122565880241601,0.0024618129637344974,0.0019854078538648298,0.4184679495361983,0.05739829790462702,0.0492514525093719,0.0027817886401483717,0.0022984369972784695,0.4933002483289355,last,null_a,15,0,0,4207
8,51,13,0.3934301682952229,0.41568236590808494,0.0024577211154001434,0.0019696286135292814,0.4177724022271563,0.12818826742877373,0.10192326775925645,0.002709886710563019,0.002225194440569705,0.48054973263271344,last,null_a,15,0,0,4208
9,51,13,0.41393351563764863,0.4404128650027567,0.002431288165830554,0.001961045426355267,0.4132792330183143,0.0953350447021333,0.06116738602256764,0.002741262243025511,0.0022543041240791037,0.486113619741827,last,null_a,15,0,0,4209
1,51,13,0.19090779873880284,0.1905319358106507,0.003669060156108573,0.002988888524701199,0.6217378270549526,0.1668584579976985,0.2029460475715204,0.003618901773980757,0.002858199549223659,0.6907806353939289,last,null_a,15,0,1,4211
2,51,13,0.19316530108623306,0.19317685490148795,0.0031060813081984703,0.0025053931203862247,0.526338670136041,0.13635731357250344,0.15917356275411232,0.002904080416987997,0.002355471899758405,0.5543346133640327,last,null_a,15,0,1,4212
3,51,13,0.22923325130572456,0.2476031783761392,0.002760932807758795,0.002177328604063347,0.46785179078701544,0.0269477358084953,0.052862064536044355,0.0030458442047965827,0.0025679483977172667,0.5813946679149318,last,null_a,15,0,1,4213
4,51,13,0.2872056777094022,0.30348482838917046,0.002573399065327221,0.002073038067391855,0.4360734016197598,0.24553927085572655,0.2702933233752372,0.0025391208295867215,0.0021634782700938977,0.48467065688674915,last,null_a,15,0,1,4214
5,51,13,0.3246572158958866,0.34362136768658125,0.002473179760797587,0.0019755955821692713,0.41909081480567506,-0.0675653460463587,-0.034311113986665316,0.0030521617906233843,0.002544232960335447,0.5826005768409409,last,null_a,15,0,1,4215
6,51,13,0.3444744926857846,0.36128254509934243,0.0024342223204973567,0.001932219307775233,0.4124893110828313,-0.05395869952831978,0.012891178744658886,0.002868281064538639,0.002394242989575778,0.5475011868230142,last,null_a,15,0,1,4216
7,51,13,0.38218877341192076,0.39254509717234853,0.002385987672658012,0.001907111009366434,0.40431574513939317,0.08051442228657418,0.1006832918261864,0.0027073645443466154,0.002244237195366808,0.5167852340268284,last,null_a,15,0,1,4217
8,51,13,0.40065280877168913,0.4089144012194945,0.0023659115158247,0.0018947038654097243,0.40091375509451027,0.06870344845028388,0.06453973619528036,0.002728857209877587,0.002315694376056632,0.520887781727498,last,null_a,15,0,1,4218
9,51,13,0.4257765707606299,0.4354472219166449,0.002339185952515481,0.0018787216194438184,0.39638499488025514,0.05211244451750781,0.05135496140935027,0.002723748451417158,0.0022235918719303535,0.5199126153273644,last,null_a,15,0,1,4219
1,51,13,0.13554764505109335,0.12768000214706482,0.003839602866262008,0.003096252699418121,0.6465118320491333,-0.007726450764425448,0.018582308864027286,0.004381603702505777,0.00348774331998827,0.6991450392223897,last,null_a,15,0,2,4221
2,51,13,0.1903147030576956,0.19402844461772598,0.0031522472971550943,0.0025110732480750153,0.5307749905759659,0.008308147548653878,0.028361483645842407,0.0038618157072377655,0.0030572749339021865,0.6162057268123801,last,null_a,15,0,2,4222
3,51,13,0.22511888677867678,0.2370947555073856,0.002855860338942982,0.002275850587020031,0.4808693930380285,-0.13749541597642861,-0.13408074436819428,0.0038344641636831427,0.0031394070346160746,0.6118414124449365,last,null_a,15,0,2,4223
4,51,13,0.25519292244643976,0.26969746441153425,0.0027024876392351713,0.002146920635109562,0.4550445177766576,-0.13008510476864907,-0.04964160880826944,0.003449231486194558,0.0028592766840139336,0.5503722487096415,last,null_a,15,0,2,4224
5,51,13,0.2882099545534875,0.30262516080325824,0.0026102105870070753,0.0020852823774504432,0.4395069197046571,-0.20646442165429504,-0.1268596586975676,0.0034608363956862434,0.00285448693517265,0.5522239713784662,last,null_a,15,0,2,4225
6,51,13,0.3179025379587,0.3342762050294833,0.002547401600773342,0.002037479438796826,0.42893115075836197,-0.12052504457567749,-0.0033579219612526637,0.003265944898762324,0.0026774616147774606,0.5211263567806285,last,null_a,15,0,2,4226
7,51,13,0.33315943436361123,0.336631272145261,0.002532538991844862,0.002024336252275455,0.42642858659689287,-0.26200381896584424,-0.2105711395640453,0.0034597628301803653,0.0028088198287595026,0.5520526692597271,last,null_a,15,0,2,4227
8,51,13,0.37511378921929595,0.36387918571849354,0.0024999724665507182,0.0019838473938221797,0.42094503929662513,-0.11190075747037771,-0.08585503673798145,0.0033080652091176848,0.002721420037702937,0.5278472306968653,last,null_a,15,0,2,4228
9,51,13,0.3625398231385714,0.37351057229413054,0.0024889641969138344,0.0019810117169965337,0.4190914682845894,-0.04627018551069184,0.007842575406030682,0.0031681324329135467,0.00259214770108356,0.5055190346868541,last,null_a,15,0,2,4229
1,51,13,0.16602306205039152,0.14012430636469103,0.0037248618047192542,0.00300737857424539,0.6378481835340224,-0.077378317884647,-0.10211772538900785,0.004198306433100892,0.0032896990472499757,0.7265113859171025,last,null_a,15,0,3,4231
2,51,13,0.17640668345210342,0.19453286932072378,0.003094849863749755,0.0024820867669728694,0.5299644570443556,0.00041730421477256916,0.01051759034402382,0.0032792173315222117,0.0026202119452644417,0.5674642302105469,last,null_a,15,0,3,4232
3,51,13,0.22545471629652672,0.23660308023922696,0.0027774416185211196,0.0022312506925890574,0.47561122643555825,-0.07742890021371034,-0.03512511656209822,0.003129317260676723,0.002520179621219025,0.5415242208390559,last,null_a,15,0,3,4233
4,51,13,0.25680363591863864,0.25556278246701825,0.0026451955753940214,0.0021270275355585525,0.45296531289285724,0.0006702158600892777,0.03975468874740287,0.00286357072213497,0.002348542978052159,0.49553713316569603,last,null_a,15,0,3,4234
5,51,13,0.29058694896330134,0.27225350409043936,0.0025739404772977805,0.0020253522922933113,0.44076353541197394,0.048268187508693834,0.06671752661374762,0.0026963376627699193,0.00209884287204469,0.46659767301277866,last,null_a,15,0,3,4235
6,51,13,0.3176910180674304,0.3129262428720948,0.002497475770344028,0.0019874189895078306,0.4276696605269731,0.005551410614701753,0.007428632454123942,0.0027398794911302864,0.002167809629333494,0.47413252892945124,last,null_a,15,0,3,4236
7,51,13,0.32475414364049404,0.33164835003964965,0.0024681184394764813,0.001981763790603163,0.4226424887420903,-0.06513739425131829,-0.04320336380458719,0.002690361250236863,0.002133435151091326,0.46556346271360427,last,null_a,15,0,3,4237
8,51,13,0.35800048356815317,0.3527177803332461,0.00244179493608618,0.001943261675566954,0.4181348318941282,0.0864831371160485,0.05501602193291553,0.0025771206771185054,0.0020245628444143585,0.4459673310283096,last,null_a,15,0,3,4238
9,51,13,0.343123639449872,0.3535339973689782,0.002439186026538627,0.0019301212572227177,0.41768808022838777,-0.008055235903337168,0.03054695088333243,0.0025673146332091984,0.0020642681759822524,0.4442704080751052,last,null_a,15,0,3,4239
1,52,12,0.13673727620693912,0.14717068724984184,0.003807957751152515,0.0030787346601511946,0.6418458041967133,0.0007306126709111786,0.0813468325230803,0.0037794177103368577,0.0031482390425103834,0.6337285211301598,last,null_a,15,0,4,4241
2,52,12,0.21064067168786269,0.215530737925586,0.003152294846842743,0.002510323785488595,0.5313313206861522,0.08961486274919113,0.017624047045477514,0.0031595901062737236,0.0024303934506728297,0.5297965239327477,last,null_a,15,0,4,4242
3,52,12,0.23340511174219042,0.2419738637955993,0.0028875022546946626,0.0022863887576356164,0.4866995192431929,-0.039014716626656926,-0.048465705441657694,0.003042278705889841,0.00239873817847077,0.5101258799407767,last,null_a,15,0,4,4243
4,52,12,0.26023059636992224,0.268165214303871,0.0027356944370331643,0.0021716307033515093,0.4611117325139934,0.062352572800334,0.029745686100798117,0.002725118869862651,0.0020813360254151765,0.45694487449179705,last,null_a,15,0,4,4244
5,52,12,0.28377004568465247,0.30611279873757946,0.0026391585758031187,0.0020872182647311416,0.44484024487307416,0.11662665692516441,0.07029991358956147,0.0026133888786105397,0.0019460880344913478,0.43821011492065254,last,null_a,15,0,4,4245
6,52,12,0.34380901345845166,0.3431506345261439,0.0025727860619577814,0.002053942596389603,0.4336529044902339,0.07696482621855757,0.04304654821247762,0.0026406975452322808,0.001960036832514894,0.44278920149922774,last,null_a,15,0,4,4246
7,52,12,0.34312808988764043,0.3498784197713429,0.0025581828268874157,0.0020354843393353902,0.43119147351590764,-0.027366663187558708,-0.11635443816014093,0.0027109985637002207,0.0019913150235060448,0.45457719739758545,last,null_a,15,0,4,4247
8,52,12,0.3412266205704408,0.35826800987848295,0.0025454557347905525,0.0020395079245065107,0.4290462735962068,0.18676547333263752,0.08804514900152631,0.002445465633495661,0.0018719085679264435,0.4100529335911126,last,null_a,15,0,4,4248
9,52,12,0.3585626373626374,0.36889620697448544,0.002533714076268421,0.002022800155333395,0.42706717226440766,0.11086525414883625,0.18964049312955916,0.002377506832215131,0.0018142886052881276,0.39865767804275204,last,null_a,15,0,4,4249
1,51,13,0.166056496769432,0.16552379389794247,0.0037277879513724073,0.0030127995361176694,0.6326719970859426,-0.03395338838376813,-0.027183455831454685,0.004079104545093648,0.003322003195866504,0.748606284339062,last,null_a,16,0,0,4201
2,51,13,0.225846627202718,0.21884814486084603,0.0030755621233619817,0.0024383775248885396,0.5219776597091422,-0.14154200230149597,-0.08706641486082999,0.003200457446994231,0.00272128253155198,0.58735502635288,last,null_a,16,0,0,4202
3,51,13,0.2106015482416055,0.22227974465442474,0.0028476342852255996,0.0022683858941164215,0.4832942468041413,-0.073306440395048,-0.08511442900627923,0.0030537366422068927,0.002431805658951605,0.5604284998829474,last,null_a,16,0,0,4203
4,51,13,0.23687477281273112,0.25263577692553196,0.0026960647040459532,0.002123765691737758,0.4575701898370322,-0.18582683139645162,-0.12750769983812094,0.003032594731997119,0.002525466789286181,0.5565484897799935,last,null_a,16,0,0,4204
5,51,13,0.28632587519494657,0.2892417688518213,0.00258895758374855,0.0020569068189412658,0.4393922042368227,-0.33678979248599494,-0.27357569177805857,0.0030186963304154315,0.002520129113678954,0.5539978243946618,last,null_a,16,0,0,4205
6,51,13,0.27111052513426176,0.29219612559465247,0.002553882753282334,0.0020381512407520743,0.4334393809196214,-0.1673642812883319,-0.10138478746278862,0.0029014095446213035,0.0023932277715147986,0.5324730941640965,last,null_a,16,0,0,4206
7,51,13,0.3538331670107038,0.3490710092508089,0.002474814951543001,0.0019668984524179333,0.420020166982519,-0.0617483782040744,-0.004562014911569478,0.002695569451210837,0.0022736274355148116,0.49469686514310746,last,null_a,16,0,0,4207
8,51,13,0.36252574102784246,0.3656287673937112,0.0024510208012714016,0.0019488622511207403,0.41598187597249686,-0.08428280580179313,-0.0061875867700601495,0.0026047536167109774,0.00211864439387628,0.47803014241694847,last,null_a,16,0,0,4208
9,51,13,0.3773013339464678,0.38040664659424783,0.0024348289231310165,0.001953771334080059,0.4132338259188777,-0.09971041616611237,-0.07254498744021319,0.0027647164666412863,0.0023354926351651017,0.5073868782874841,last,null_a,16,0,0,4209
1,51,13,0.1269237522055797,0.11650531541929691,0.0038381299338181548,0.0030586026515473444,0.6537254149177572,-0.10046915110206249,-0.10955280988628921,0.0037280707775839968,0.0031494619572024424,0.7118424762473887,last,null_a,16,0,1,4211
2,51,13,0.22255931903853607,0.23131607837438564,0.0030890778746387308,0.002456336530509443,0.5261439164730332,-0.21948937138810554,-0.23216315198855403,0.003147440443609241,0.0024556476209688753,0.6009761973113456,last,null_a,16,0,1,4212
3,51,13,0.21532255527557864,0.2376404093603574,0.002870899668474334,0.002300508708925181,0.48898294464294567,-0.23767371868637688,-0.25679481658212877,0.002969317816354319,0.0023618618252492702,0.5669652410754221,last,null_a,16,0,1,4213
4,51,13,0.24487176467623578,0.26428293345532206,0.0027351264691802078,0.0021963080620470135,0.46585751830935423,-0.06437865931536817,-0.03554391446513196,0.002638853685964835,0.0022262720367082294,0.5038660085442634,last,null_a,16,0,1,4214
5,51,13,0.26129648805334665,0.27885448316433104,0.002667708633303893,0.002155944729107821,0.4543746468352095,-0.1862314900289584,-0.17462517413873552,0.0026729876772928676,0.002149254395161526,0.5103835953500859,last,null_a,16,0,1,4215
6,51,13,0.31054409981795367,0.3188758833737982,0.002594345388958407,0.002082569337669391,0.44187912996203377,-0.19761251406821026,-0.15803748922470734,0.002740263913690872,0.0022389103055263215,0.5232294036963522,last,null_a,16,0,1,4216
7,51,13,0.3371877003715536,0.34215671868311953,0.002558427181120198,0.002062319941217336,0.43576139926322527,-0.09275534591990288,-0.08937196021948875,0.002618807699362122,0.0021173248697085923,0.5000384029022523,last,null_a,16,0,1,4217
8,51,13,0.3417124637220945,0.354688855236049,0.002542113891144789,0.0020506941409935563,0.4329828554302292,-0.30401244325294957,-0.27758116532220384,0.0027066402467478662,0.002219889986075905,0.5168092588640328,last,null_a,16,0,1,4218
9,51,13,0.3926861222692852,0.38821233839824,0.0025069376922397892,0.0020121845832069,0.4269915066168959,-0.14872469302849048,-0.11330815991626185,0.002571607241966109,0.002037765077606858,0.4910258887958111,last,null_a,16,0,1,4219
1,51,13,0.11673518039019139,0.10350738359258507,0.0038798864438863477,0.003150534341608049,0.6498861891152249,-0.04057967349106589,-0.06151330580538992,0.004466743250558278,0.003628039393358846,0.7458836332803366,last,null_a,16,0,2,4221
2,51,13,0.1597482876235705,0.16213839181262218,0.003205126925211681,0.0025720439316727108,0.536863063695746,0.10249244426459615,0.14282847891744066,0.003428516536651558,0.0027039834570675657,0.5725142968089242,last,null_a,16,0,2,4222
3,51,13,0.2048840054068717,0.2114403780979666,0.0028955667438314565,0.002319241869321512,0.48501131764889577,-0.04027617951668584,-0.1001091550713481,0.0033720569343038205,0.0026695413529665315,0.5630863330844745,last,null_a,16,0,2,4223
4,51,13,0.2606669106467839,0.2585299540428341,0.002708606895973789,0.002143959391382179,0.45369529209014847,0.02932510527447236,0.05261465600315773,0.0030433122685100877,0.0024256856661986517,0.5081905730219027,last,null_a,16,0,2,4224
5,51,13,0.2612178835229916,0.26374706548733395,0.002643365289755687,0.0021073804324398594,0.4427672354446637,-0.1549463195032815,-0.1267132048109379,0.003233875473001979,0.0025779912182741665,0.5400119622002914,last,null_a,16,0,2,4225
6,51,13,0.3212206867688934,0.3272359723266658,0.0025452414689920207,0.0020376432155396855,0.42633136370980723,-0.1045410285916615,-0.12921755833787282,0.0030865454492635873,0.002558481295608327,0.515409909377234,last,null_a,16,0,2,4226
7,51,13,0.32985075597876184,0.3398039317444163,0.0025174050263102924,0.002017781304222929,0.42166872218289897,-0.08139961304518266,-0.11172367555560374,0.0030318156675533895,0.002501985643749971,0.5062708014991306,last,null_a,16,0,2,4227
8,51,13,0.3489005989096987,0.3515960200548941,0.002497640115835705,0.001986776784348997,0.418358073138834,-0.2350687287396148,-0.2857536811518208,0.003162902572119216,0.002608412151968568,0.5281604806609699,last,null_a,16,0,2,4228
9,51,13,0.3746191447860038,0.37669884139183474,0.002469404364747128,0.001990235195224138,0.4136285469176024,-0.05876402078933724,-0.05944803316679753,0.0029236715070898,0.0024258682918506078,0.4882122396342748,last,null_a,16,0,2,4229
1,51,13,0.12975351529836038,0.11527264784882962,0.003924818754977593,0.0031517111093399453,0.6453324873591135,-0.0301597137040175,-0.03339579362855619,0.004632091055198131,0.003856364915730681,0.8147542233665044,last,null_a,16,0,3,4231
2,51,13,0.1565728540057346,0.16261622144024918,0.0032846226074397817,0.002607132988670899,0.5400691878081878,0.05620961317163849,0.07503546104906915,0.003550313336674946,0.002854703553492475,0.6244766674187519,last,null_a,16,0,3,4232
3,51,13,0.22704298897823658,0.23088753597069708,0.0029273427846154758,0.0022944274232211594,0.48132398423566025,0.08997331782141907,0.0602873179364182,0.003387603105825468,0.0027146790168336124,0.5958570124530356,last,null_a,16,0,3,4233
4,51,13,0.25197536602370435,0.2536876273668739,0.0027906904192401215,0.0021946613988382147,0.45885512226863495,-0.00011381024039251886,0.00044134920378033696,0.003334528990137965,0.002589905486045482,0.5865216260384466,last,null_a,16,0,3,4234
5,51,13,0.27484796673261924,0.2717134699257355,0.002707981951499809,0.002135619563365902,0.44525590545261623,-0.13491571719419818,-0.1070185498974219,0.003351750463969361,0.0026708529910600223,0.5895507695439439,last,null_a,16,0,3,4235
6,51,13,0.31509492742607176,0.31349501249467926,0.002626701429778637,0.0021014497147200306,0.431891476537358,0.0315507277532594,0.0430398199158564,0.0032561186816177563,0.0024981528314394082,0.5727297706407383,last,null_a,16,0,3,4236
7,51,13,0.29876457889630176,0.306315010287118,0.0026263450010100375,0.002077252662671878,0.4318328712671108,-0.18307009446249953,-0.12763194638678574,0.0032987350990012795,0.0026081642399307533,0.5802257169928745,last,null_a,16,0,3,4237
8,51,13,0.3278013971100873,0.3321890179006691,0.002590355107872277,0.002054410701384766,0.4259152866069467,-0.19187141971952099,-0.07985472862618898,0.00323609334142977,0.002576287307343327,0.5692074455616138,last,null_a,16,0,3,4238
9,51,13,0.37484552912748725,0.3667945673435255,0.00254872779403109,0.0020189044163951863,0.4190707774307861,-0.15775363876629697,-0.12589268719284463,0.0032809038511013374,0.0025738335033395916,0.5770893182560514,last,null_a,16,0,3,4239
1,52,12,0.14223153475737746,0.15398278410070787,0.003735222099949087,0.0030279012278407367,0.6235714808924356,-0.10293288800751489,-0.08110697769525219,0.004500602195533741,0.003891709542380194,0.8995703374257035,last,null_a,16,0,4,4241
2,52,12,0.19242553401654525,0.1859943652295549,0.003123514914634109,0.0024895139876739236,0.5214508719399977,0.04924329401941343,0.030692904596811725,0.0031859655095416496,0.002535870983890992,0.6368036862465127,last,null_a,16,0,4,4242
3,52,12,0.19797179898752937,0.2039522014163092,0.002839029238240623,0.002246879574272085,0.47395780465390774,0.09040809936332327,0.08635021548968304,0.0029589308618616287,0.002426034278735731,0.5914245068061442,last,null_a,16,0,4,4243
4,52,12,0.2399076923076923,0.2546339795190574,0.0026422005736776014,0.0021081203261837226,0.44109851581929826,0.0642730403924434,0.004082295789321448,0.0029591155724806276,0.0023510271341090115,0.5914614263530492,last,null_a,16,0,4,4244
5,52,12,0.22211611310038276,0.24571208777522646,0.0025956134652048795,0.0020811667940703387,0.4333210955097462,-0.14000626239432212,-0.09438429959766736,0.0029608340696911173,0.002486227995153421,0.5918049157458775,last,null_a,16,0,4,4245
6,52,12,0.2631979750586492,0.2761930794093746,0.0025229934138696255,0.0019973372174289625,0.4211976416047625,-0.014925373134328361,-0.008250231348501766,0.002837402664639266,0.0023574814211488942,0.5671337215662162,last,null_a,16,0,4,4246
7,52,12,0.3220396592171873,0.33071101359053995,0.0024415024450558658,0.0019286980704352112,0.40759324466589025,-0.02068677591065651,-0.03373562906175526,0.0028829494043588417,0.002302152483269123,0.5762375024022206,last,null_a,16,0,4,4247
8,52,12,0.35626640325966163,0.35513757056995643,0.002408043035985544,0.00192364836587337,0.402007409953665,-0.27827992902619775,-0.2701664841340071,0.0030367881648150877,0.0023976164173940425,0.6069864510184992,last,null_a,16,0,4,4248
9,52,12,0.35878217063835044,0.365010139178962,0.002394581165889294,0.001908822523855171,0.3997600366926173,-0.020937271683540343,-0.05644763031555655,0.0027854184775388527,0.0021684025193871403,0.556743238093332,last,null_a,16,0,4,4249
1,51,13,0.11624070065994864,0.1343900630825341,0.0038875833620705944,0.0031542244597663163,0.633820975596939,0.02689715347943196,0.06903873441662184,0.004419316035691891,0.003675761901067617,0.7893825907882356,last,null_a,17,0,0,4201
2,51,13,0.2458387362796183,0.26350968907170813,0.003073636685073821,0.0024370451426503187,0.5011173320091635,0.021586008927781078,-0.023887560150313958,0.003560245818505127,0.0027228986294009004,0.6359346209587299,last,null_a,17,0,0,4202
3,51,13,0.21220756767689478,0.23669788841172157,0.0029034457966799153,0.002305498218535941,0.47336987430266664,0.14113734366898922,0.10035838260144506,0.003077749350042164,0.002371071582462772,0.5497506256876522,last,null_a,17,0,0,4203
4,51,13,0.28935958183872174,0.3174132287313616,0.002668223463099688,0.0021161624684495916,0.43501986735320763,0.07932573755358566,0.05078615702556799,0.003208787386941424,0.0025855945018945967,0.5731567691324596,last,null_a,17,0,0,4204
5,51,13,0.31675929291663235,0.3428769556514946,0.0025892494911462158,0.0020366020483210414,0.42214416661874044,0.06903223358919561,0.035899071913572396,0.003048147839808146,0.0024810465414582383,0.5444631747221511,last,null_a,17,0,0,4205
6,51,13,0.34588871541997707,0.3742818491631932,0.0025236636420913933,0.001998715529729066,0.4114512288829589,0.20927174091731052,0.15702407629388196,0.0028141273324151636,0.0022448551259202465,0.5026622007860274,last,null_a,17,0,0,4206
7,51,13,0.3740147257702461,0.399918006892306,0.002484311618566792,0.0019660193933515426,0.4050353824253817,0.24986405999064223,0.2324766958563726,0.0026809332951385403,0.0021926581046066746,0.4788709504265123,last,null_a,17,0,0,4207
8,51,13,0.39155420056186796,0.4202807023695049,0.002457874309538823,0.0019584107342671873,0.40072511575335334,0.1695646126025873,0.14178690148490572,0.002759898194579127,0.0022564592814764595,0.49297573867843103,last,null_a,17,0,0,4208
9,51,13,0.4068585314450238,0.4339700674111212,0.0024429798271201754,0.0019274819725508463,0.3982967600119164,0.22616623882446665,0.1826202520822683,0.0027501069974434217,0.002288737707895825,0.4912268253851795,last,null_a,17,0,0,4209
1,51,13,0.1737767051583183,0.1782417263740592,0.003711816924713669,0.0029441994901746316,0.632110375825383,-0.0017324447704194538,0.04182380396459126,0.004021107967175728,0.003466608599898606,0.6821626990996694,last,null_a,17,0,1,4211
2,51,13,0.20928054743340763,0.21496810455411408,0.0031143139104707865,0.002497690581073971,0.5303575516558551,-0.07763122952996371,-0.06395280642425553,0.003715481053254306,0.003016427417066674,0.6303144815884711,last,null_a,17,0,1,4212
3,51,13,0.25493013873102555,0.2630620320761097,0.002807891683904265,0.0022166465230343446,0.4781748409444005,0.023508137432188065,0.049928338201027954,0.003285403204079004,0.002691495026455937,0.5573537282808535,last,null_a,17,0,1,4213
4,51,13,0.30291423105169646,0.30699352181100426,0.0026513161649624768,0.002102738530734076,0.45151053822397924,0.04910279593823897,0.08428716896539132,0.003117414562763771,0.0026271231203800448,0.5288552184390067,last,null_a,17,0,1,4214
5,51,13,0.2999542290225549,0.30023388412726826,0.0026169137548269273,0.0020744743121049094,0.4456519194286143,0.06427749465724149,0.10590785674625922,0.0030708075527948434,0.0025785244464472962,0.520948550929231,last,null_a,17,0,1,4215
6,51,13,0.3581054405864219,0.3503386256607206,0.002528218714678564,0.0019830109621266972,0.4305474419451635,0.16248308653371946,0.19668172587328467,0.002902810600257812,0.002438560304774494,0.4924486311263633,last,null_a,17,0,1,4216
7,51,13,0.34667653128130904,0.35206417814903423,0.0025206787091632994,0.0019965050126715734,0.42926340347649705,0.10148079768332932,0.16029578679735734,0.002943227955216851,0.0024211602427651182,0.4993052517827573,last,null_a,17,0,1,4217
8,51,13,0.37024648470163957,0.3627528548415271,0.002503229441319924,0.0019834373027747716,0.42629184979320095,0.04692775578851528,0.14292343125054774,0.0029382148837324546,0.002486698764260618,0.4984548069793622,last,null_a,17,0,1,4218
9,51,13,0.37628367497961385,0.38111288370690466,0.002482662102616719,0.0019684480621283765,0.422789298761966,0.10866348841032385,0.1419688052657932,0.0029399201561820074,0.0024561637137596286,0.4987440987035294,last,null_a,17,0,1,4219
1,51,13,0.11297348626780088,0.10686792092349429,0.003813807126147117,0.0030857538009357102,0.6539781441020458,0.1290228758583189,0.12374345519097248,0.003460523463418868,0.002962332639817707,0.6308808015337779,last,null_a,17,0,2,4221
2,51,13,0.22755912715948343,0.2318824805797485,0.003052143747427665,0.002416186321611675,0.5233708044097904,0.05739829790462702,0.07902819949446035,0.002932841764164748,0.002403347293979521,0.5346802535822122,last,null_a,17,0,2,4222
3,51,13,0.25658309853541106,0.27694639498943346,0.0027612478547748348,0.002215959828489685,0.47348900658636595,0.039820938555115766,0.11105810585464854,0.002643132304533393,0.002285026771967346,0.48186392737138656,last,null_a,17,0,2,4223
4,51,13,0.2719619575484478,0.2872788113993059,0.0026509314700769227,0.0021037618872880377,0.4545723434876551,0.021586008927781078,0.0637551246896397,0.0027272814368630356,0.002321916699088168,0.49720497984905065,last,null_a,17,0,2,4224
5,51,13,0.335883540450163,0.3585740026160388,0.0025160957288934103,0.0020023255403436623,0.4314511879438245,0.10218895029021612,0.17653757794100025,0.0024222676936870107,0.002013991122355365,0.44159856168490463,last,null_a,17,0,2,4225
6,51,13,0.352596411812305,0.3741198262572243,0.002479512036849346,0.0019839999734447746,0.4251779459480899,0.4333261675033827,0.43028466044283253,0.0020484995592653277,0.0016811659906333287,0.373457674121388,last,null_a,17,0,2,4226
7,51,13,0.3619224337576687,0.38318991351519316,0.0024631421587070004,0.0019602876627679818,0.42237089719795473,0.29680446136142336,0.33069639573188825,0.0021531564860550207,0.00177322217341148,0.3925374597541409,last,null_a,17,0,2,4227
8,51,13,0.37550294134940876,0.39479161482981356,0.0024490041035244246,0.0019458433155661438,0.4199465535477151,0.29093691119007575,0.3331411963953905,0.0021442710780249763,0.0018019584323908312,0.39091757958306095,last,null_a,17,0,2,4228
9,51,13,0.3832085735184178,0.4203636826778806,0.0024229310983585575,0.001945583065252293,0.415475646927232,0.10254302659365949,0.14006791316785536,0.0023543880994654053,0.001965488646802291,0.42922357470302025,last,null_a,17,0,2,4229
1,51,13,0.1584715095841528,0.14771805379690364,0.0036617826213085868,0.0029425653401895374,0.6423160441465938,0.0559314103617901,0.04471680136062337,0.004239450874642994,0.003387958698837273,0.6576731780211728,last,null_a,17,0,3,4231
2,51,13,0.17481775195819574,0.20179378989517283,0.0030134884006208927,0.002373259212757673,0.528598267222302,0.27677385905234003,0.28150531640147486,0.0035997363474360054,0.002879687589429639,0.5584331824238747,last,null_a,17,0,3,4232
3,51,13,0.23877396367606005,0.2577664236254572,0.0027261123124015896,0.0021741776380348574,0.4781894114116911,0.15239191188558276,0.1719566562919213,0.0033019238827614967,0.002569638157036713,0.5122330315344518,last,null_a,17,0,3,4233
4,51,13,0.26828537372686595,0.3036955030242291,0.0025747853150095024,0.002050671909076872,0.4516450289647801,0.1874201747619469,0.15301081886669451,0.002985349466807586,0.0023412660792642074,0.46312230743904914,last,null_a,17,0,3,4234
5,51,13,0.2993057931168289,0.33432539987507176,0.0024893933299084976,0.001961994713337818,0.4366663566228644,0.3827691296045726,0.3531679626727672,0.0026783111914732965,0.002122290414393364,0.4154909409521697,last,null_a,17,0,3,4235
6,51,13,0.3234945358939826,0.360957561678337,0.0024431020290537806,0.0019456713527970545,0.42854636471772617,0.23357655003224623,0.22426056696599103,0.0027863585662924943,0.0021096071923929808,0.4322525127866754,last,null_a,17,0,3,4236
7,51,13,0.36460989341571554,0.392843261525893,0.002397198640210538,0.0019301238411935015,0.42049441675032395,0.2977655256136269,0.2751428756591602,0.0026144355102333825,0.001994504949682692,0.4055817985840891,last,null_a,17,0,3,4237
8,51,13,0.36995652498306436,0.4036204742164661,0.002384344315141909,0.0019125536013347543,0.418239629920486,0.19518456227316985,0.1804843624096802,0.0026934835010838836,0.0020699159975575148,0.417844646980278,last,null_a,17,0,3,4238
9,51,13,0.40470705668568385,0.43356271514907685,0.002354887066529991,0.0018801245938534908,0.41307251178252063,0.16781952224990196,0.139539005426624,0.0027138816892088606,0.0020947575070973264,0.42100905237303,last,null_a,17,0,3,4239
1,52,12,0.19853241140881592,0.18926954935794515,0.003660065574635918,0.0029585293196108587,0.6280392006313864,-0.019476046341717984,-0.010547849077602523,0.003910791057101367,0.0029650721459459324,0.6561682717641916,last,null_a,17,0,4,4241
2,52,12,0.20818856648969009,0.2235072362035035,0.003055562283143869,0.0024235461878046446,0.524311068928316,-0.0024005844901367293,-0.05722878318857694,0.0033968217600869486,0.002712122407377427,0.569932433429281,last,null_a,17,0,4,4242
3,52,12,0.2514548462773182,0.262009730914013,0.0027470140311178287,0.0022080000598668705,0.4713665536984429,-0.15223880597014927,-0.1644810082391436,0.003429383418327194,0.0027747145577726932,0.5753957595700322,last,null_a,17,0,4,4243
4,52,12,0.29235145079639463,0.3111509467877098,0.0025841998444951567,0.0020850630266251997,0.44342888713679285,-0.15607974115436804,-0.20178667443556997,0.0032371023275286986,0.002577951770746502,0.5431340638670413,last,null_a,17,0,4,4244
5,52,12,0.3443705642671935,0.3443530185820111,0.002493780235514973,0.001976719692891614,0.4279135752421512,-0.07408412483039349,-0.10177262513941907,0.002974286200550658,0.002385464625218587,0.4990377157592092,last,null_a,17,0,4,4245
6,52,12,0.35848267687368807,0.37025933278497697,0.002442030683169465,0.0019327552667189336,0.41903374868567267,-0.023191733639494835,-0.10022678083758463,0.002870190201445082,0.002239660084712756,0.48157206984937645,last,null_a,17,0,4,4246
7,52,12,0.3865043585627856,0.4038848689094073,0.002393187262535377,0.0019076858653584933,0.41065259205730087,-0.00018787182966287447,-0.03747707050770686,0.0027268890550766743,0.002208250227696449,0.45752842645819014,last,null_a,17,0,4,4247
8,52,12,0.39393604148660327,0.415235469978194,0.002378802481083151,0.0018996991157883831,0.4081842738099121,-0.028118150506210214,-0.10636594905779784,0.002769235285779267,0.0022091698937939178,0.4646334475677667,last,null_a,17,0,4,4248
9,52,12,0.4075887393505372,0.4259380470559988,0.002367776261089974,0.0018989382573947316,0.4062922589677492,0.032418327940716,-0.021536229766684463,0.0027025151709456716,0.0021898462129397236,0.4534388780284987,last,null_a,17,0,4,4249
1,51,13,0.17093883044035169,0.16143335461329722,0.0037635732944070487,0.003017467890306595,0.6385181982776643,0.007068880486602006,-0.05079366561285557,0.0041287665085669775,0.003329838095876745,0.7585632891227566,last,null_a,18,0,0,4201
2,51,13,0.14514567408264106,0.14767435912406382,0.00322164824903226,0.002546696027781351,0.5465765841503463,0.30540345730219143,0.3466166979038472,0.002712650484358679,0.0021801708099158158,0.4983854304635299,last,null_a,18,0,0,4202
3,51,13,0.2538777274207354,0.255454847951479,0.0028043033642396772,0.00222954195948022,0.47577092074153965,-0.036431922507871875,0.0037041122666547754,0.0031580999180055827,0.0025233639832257866,0.5802262385654016,last,null_a,18,0,0,4203
4,51,13,0.20764018741230592,0.2334089393547126,0.002724512879021694,0.002187378156923192,0.46223387153970824,-0.02403925188735315,0.023822068628642674,0.00302678690597679,0.002403202976669459,0.5561005753431066,last,null_a,18,0,0,4204
5,51,13,0.29359496193136064,0.30036834351480907,0.002590973775811776,0.0020480063304809232,0.4395779695786848,0.00782761542255213,0.022459175963436932,0.0029118603024961063,0.0023942937300414835,0.5349855275042128,last,null_a,18,0,0,4205
6,51,13,0.3086363855718152,0.320307657159956,0.002540073190095967,0.002033471296997226,0.4309423066753384,-0.015111470807673338,-0.03925655336139685,0.0029580845633514694,0.002361512555317701,0.5434781432234491,last,null_a,18,0,0,4206
7,51,13,0.3286332710371499,0.3465383333998596,0.002498077212149049,0.001993167343965052,0.4238173767016285,-0.033144071118754656,0.025491774733687574,0.002840625648239666,0.002298594827747128,0.5218978429572263,last,null_a,18,0,0,4207
8,51,13,0.37826484678581174,0.37983080326771207,0.0024563791863248877,0.001963685517860747,0.41674299652135,0.0926541812617762,0.02029323575855363,0.0028297609532433967,0.0022571819223387644,0.5199017119688101,last,null_a,18,0,0,4208
9,51,13,0.35839441208670025,0.37473548113173183,0.002461716408833829,0.0019771377315895558,0.4176484960117626,0.024772695658771604,0.030342189166962574,0.0028086377349573347,0.002250508204324289,0.5160208197200753,last,null_a,18,0,0,4209
1,51,13,0.2005198275295547,0.17433111717057181,0.0037001198001661772,0.0029811023803123144,0.634514168381105,0.17874530532758381,0.16923973217703028,0.0037974846957157683,0.0031532932939433485,0.6095392114087738,last,null_a,18,0,1,4211
2,51,13,0.16119602742832823,0.17631392041020383,0.003152968654541046,0.00253367648364571,0.5406860836446306,-0.014175697720001516,-0.00513646442632467,0.003535942897044403,0.0027996219687909593,0.5675587968747982,last,null_a,18,0,1,4212
3,51,13,0.18191171817727084,0.1872384331669058,0.002906879018173515,0.002304645623838176,0.49848546058373955,0.04993740436778412,0.06644315544507029,0.0030678675133562682,0.0024605093781711797,0.49242740778058924,last,null_a,18,0,1,4213
4,51,13,0.27829787798238104,0.2817602678792379,0.0026669160762453573,0.0021288011395065205,0.4573354722690395,-0.009370376458984054,-0.01727286602385434,0.0030054429718863376,0.0025116285600979326,0.4824075633759329,last,null_a,18,0,1,4214
5,51,13,0.2972099879882066,0.30307080676794373,0.0025932782175427417,0.002074703447209439,0.4447077014941697,-0.010736099343694279,-0.02453747541236404,0.0028627549124619874,0.002346167261724988,0.4595045172314445,last,null_a,18,0,1,4215
6,51,13,0.29901546281639246,0.29659447682872253,0.0025804516384658363,0.002059793600478239,0.4425081386162889,0.051581330062342716,0.0277718498110628,0.002806212137597016,0.002376209868503015,0.4504287628404021,last,null_a,18,0,1,4216
7,51,13,0.3421873437894515,0.34847591226784214,0.002509275185502304,0.0020230795457080327,0.4303024614221494,0.07983156084421907,0.08245645235873901,0.0027034685684418427,0.002269612421899631,0.4339372588217498,last,null_a,18,0,1,4217
8,51,13,0.33106614095649317,0.3360943001678065,0.002520772024892638,0.002036524297289369,0.43227399420453155,0.04194539637577612,0.06969150259208858,0.0027139408173653245,0.002281397333265206,0.43561817312739454,last,null_a,18,0,1,4218
9,51,13,0.37766273361274655,0.3908695907408384,0.0024620582171043333,0.0019896931462356484,0.4222054707692603,-0.02932510527447236,-0.05981327965795423,0.0028163948874295438,0.0023639516376968823,0.4520632092701387,last,null_a,18,0,1,4219
1,51,13,0.1445079850508924,0.13670120253882556,0.0037503429979826226,0.003036197216119188,0.6445044933061598,-0.14503218300686652,-0.15344638409243017,0.003917640245389997,0.003056852633928774,0.7225495056190789,last,null_a,18,0,2,4221
2,51,13,0.16094333177469347,0.1885441631102886,0.0031040478638927776,0.002499751607273797,0.5334372874140916,-0.15327710264419123,-0.11935429683050716,0.0034878419311369486,0.0029426579065103013,0.6432797054262491,last,null_a,18,0,2,4222
3,51,13,0.19928727225891713,0.20663039160171315,0.002856492268366603,0.0022800354862432754,0.49089432701139585,-0.1776830764172536,-0.16595219402323863,0.003284454987255538,0.0027270482237036773,0.605768058989643,last,null_a,18,0,2,4223
4,51,13,0.223424504157352,0.23807921844454955,0.0027129465297639262,0.0021848047181668544,0.4662256837501948,-0.10808179162609544,-0.05120156115058145,0.0029158850041507926,0.0024131730447751374,0.5377908986590739,last,null_a,18,0,2,4224
5,51,13,0.2518376742743554,0.2710396664336689,0.002611046602519788,0.002083693662152257,0.4487139625524949,-0.0792751552245223,-0.04784500786872334,0.0028242912254191274,0.0023024089735883,0.5208978111382824,last,null_a,18,0,2,4225
6,51,13,0.26698170791462383,0.27969336632538666,0.002574336421970701,0.0020545063193980135,0.44240523923660235,-0.20006575702778234,-0.13908990730523985,0.002891566437720201,0.0024122082003703357,0.5333057067958177,last,null_a,18,0,2,4226
7,51,13,0.2963334795347402,0.30776900998956397,0.002531130998845272,0.0020376786369554947,0.4349802945436739,-0.04912808710277065,-0.00020887361571204249,0.002668459522112939,0.002254732206294856,0.4921570097550619,last,null_a,18,0,2,4227
8,51,13,0.3278184850514689,0.3405273066198524,0.0024894067711556333,0.0019919859936119544,0.42780989646537354,-0.012278860380126202,0.013659957151705896,0.002620541719883719,0.0021801987665127716,0.4833192956867991,last,null_a,18,0,2,4228
9,51,13,0.35587898476381497,0.37303925399848525,0.002454459632904586,0.00198104436864402,0.42180415575229546,-0.14910406049646555,-0.12482192061067603,0.0027669509232209127,0.002322556329439521,0.5103222594259674,last,null_a,18,0,2,4229
1,51,13,0.1445855601871883,0.1129919525154291,0.0037592974954720427,0.003056997518270611,0.6476149518392298,0.07350876971130135,0.054442071945825635,0.004450492227189155,0.00374384772624068,0.6851794075710382,last,null_a,18,0,3,4231
2,51,13,0.19989329712940698,0.20626526951672397,0.003022092878371985,0.002394439194955744,0.520616561003188,-0.11099027554723756,-0.09634253429599644,0.004033216842625209,0.0032994251598000954,0.6209374122603137,last,null_a,18,0,3,4232
3,51,13,0.24769251027705852,0.24699711124895668,0.0027154264937699385,0.0021419046799893305,0.4677870799275416,-0.24237787528926769,-0.2338225543398885,0.003983999129425451,0.0032348353774393577,0.6133600563520863,last,null_a,18,0,3,4233
4,51,13,0.2702021878164872,0.2808167125533737,0.0025606221579162853,0.0020091864007894438,0.44111890518768127,0.05140429191062102,0.06384646022168033,0.003590778874659804,0.0027644565170808753,0.5528214895033979,last,null_a,18,0,3,4234
5,51,13,0.3052325088243776,0.31612675315808103,0.0024704949322748066,0.001948144723399408,0.4255926695110657,-0.10565383983105502,-0.0818813267647431,0.0033724771237302054,0.002742534584925805,0.5192126532807737,last,null_a,18,0,3,4235
6,51,13,0.3033254122146746,0.3168610694425219,0.0024501513644351104,0.0019530954420493287,0.42208807890002426,0.02102960330808432,0.05291514649170073,0.0031573372988562267,0.0025818610330053285,0.48609061413833254,last,null_a,18,0,3,4236
7,51,13,0.3343952836952381,0.33939443864122243,0.002411449073611586,0.0019168335482275343,0.4154208273090199,0.009876199749617471,0.028674448697675495,0.003117900170563355,0.002547148084330501,0.4800190366991154,last,null_a,18,0,3,4237
8,51,13,0.36777639189311817,0.37478262377849203,0.00236633079139305,0.0018801718006171463,0.40764829156232263,0.02689715347943196,0.018660665105281797,0.003130193542562993,0.002499424680987211,0.48191167349382835,last,null_a,18,0,3,4238
9,51,13,0.4095286149313525,0.4059668394204039,0.002331784135076135,0.0018542669974523141,0.40169693198148804,-0.03794939237977212,-0.03875728499655419,0.0031316195414045414,0.002523986619509581,0.4821312143876378,last,null_a,18,0,3,4239
1,52,12,0.14361155698234349,0.1256899283364316,0.0038146954364647523,0.003121634288211365,0.6426938049873558,0.00786974219810041,0.039923899929553336,0.004483939341748926,0.0036363648868224375,0.7235138236554847,last,null_a,18,0,4,4241
2,52,12,0.17851991603901715,0.17910990663179938,0.003167955546381314,0.002541366524050768,0.5337320994678096,-0.03387955328253836,-0.10427819733812442,0.003922287825559058,0.003035471527678521,0.632887567350703,last,null_a,18,0,4,4242
3,52,12,0.24512349672799114,0.23726489184051908,0.0028193573947915304,0.0022035333247455973,0.47500083869265675,0.15925268761089661,0.1554324754336126,0.003339371696634134,0.0027543763032867527,0.5388301225092602,last,null_a,18,0,4,4243
4,52,12,0.24487037905914313,0.24743248687437552,0.002701777508061098,0.002109334131847233,0.45519116684561767,-0.05909612775284418,-0.11400446730944645,0.003631120459959957,0.0027730034312907757,0.5859057511501895,last,null_a,18,0,4,4244
5,52,12,0.30374406716878627,0.3006358813303264,0.0025765921036995845,0.0020361953308741083,0.4341001295143272,0.07571234735413841,0.04945205547020691,0.003331042819238021,0.0025872078445039227,0.537486202024986,last,null_a,18,0,4,4245
6,52,12,0.32169828373873316,0.3168650411827529,0.002537425611026377,0.0020175560808035754,0.42750142127577867,0.049118046132971514,0.05157720091583073,0.003206252198998996,0.0025239995071516213,0.5173503946636266,last,null_a,18,0,4,4246
7,52,12,0.3570048647981232,0.3479875078959842,0.0024896072218648065,0.0019858613847617015,0.4194450553114497,-0.06310406011898549,-0.04059890941487088,0.0032560943050060315,0.0025647477672889,0.5253927542826412,last,null_a,18,0,4,4247
8,52,12,0.3515537226818126,0.3426477231262132,0.00249016817886225,0.00199937860646122,0.4195395644519895,0.11595866819747419,0.1248487559685023,0.003071097153823393,0.0024455040089439175,0.495542217507691,last,null_a,18,0,4,4248
9,52,12,0.3815367823188048,0.374210525008155,0.002453546888559131,0.001954139099393215,0.4133696678506843,0.033169815259367505,0.00849976799983415,0.003195640927895439,0.0025156246099140057,0.5156381945768643,last,null_a,18,0,4,4249
1,51,13,0.11808574539576741,0.1161204807624798,0.0038682214906760005,0.0031700347024343615,0.6546927850092367,-0.0946521832597782,-0.07850454092615217,0.0043995366921001705,0.003554576571896521,0.7653907533000119,last,null_a,19,0,0,4201
2,51,13,0.1891222118038393,0.19698265638483886,0.003149996062592098,0.002507716562490275,0.5331338187219863,0.11986747429785405,0.10820633033404128,0.0031541231362336632,0.002613512775566976,0.5487252072650547,last,null_a,19,0,0,4202
3,51,13,0.2706824619087139,0.27721290011904387,0.0027884300071211593,0.0022302901625385124,0.4719391098896062,0.12785948228986205,0.12442736909831896,0.0029444814953448264,0.002361653054287769,0.5122536911322138,last,null_a,19,0,0,4203
4,51,13,0.291213479363449,0.29721158444566664,0.0026590266086850677,0.0021294430182098594,0.4500377085567215,0.05615903084257515,0.055561906856783624,0.0028816352414997018,0.002266879137669496,0.5013202804258146,last,null_a,19,0,0,4204
5,51,13,0.33586665838759333,0.34535159243171776,0.0025507871269115365,0.0020331069848992644,0.43171827986292,0.133853488283868,0.10054894532037112,0.0027988787958009324,0.0021762730400552554,0.48692307845962846,last,null_a,19,0,0,4205
6,51,13,0.3797626974933678,0.38006258296580686,0.0024885379443071285,0.001997107677805663,0.42118266528602394,0.21362182121675788,0.18654630856626864,0.0025933414177045614,0.0020037038842466858,0.45116558405459967,last,null_a,19,0,0,4206
7,51,13,0.37451394071316085,0.3914985712530818,0.0024686252295184202,0.001974530242587171,0.4178124573665608,0.15034332755851743,0.12401491466035634,0.002624861547406982,0.002007486017479567,0.45664916505538306,last,null_a,19,0,0,4207
8,51,13,0.40257719920158547,0.42039995535146235,0.002433088333920576,0.001964455845647929,0.4117978717991068,0.07790943233981208,0.0616685596063177,0.002755033957753894,0.002159967505659355,0.47929535854962124,last,null_a,19,0,0,4208
9,51,13,0.41722436491739395,0.43035071812437786,0.0024233464951352946,0.0019445085078251426,0.4101490749086442,0.13658493405328848,0.11126342001366707,0.0026386004797000068,0.0020706858620804826,0.4590393375833626,last,null_a,19,0,0,4209
1,51,13,0.21916960675335206,0.21208156977985848,0.0036003767241154123,0.0028937947822591332,0.6178717875079148,0.05959862921888238,0.02491749001273965,0.004280530784150075,0.0035163371351260605,0.7198515260959921,last,null_a,19,0,1,4211
2,51,13,0.21542973578501506,0.22610045462107373,0.003022242963638072,0.0024190876614898185,0.5186564643968113,-0.073458187382238,-0.11172813243760141,0.003713621995341887,0.002833844894386712,0.6245151817594723,last,null_a,19,0,1,4212
3,51,13,0.2450135328260589,0.253768504867833,0.0027576529354488856,0.002182644240616679,0.4732493511414093,-0.05977566737060408,-0.05493642721450933,0.0032994558783378705,0.002579580998097284,0.5548653821396362,last,null_a,19,0,1,4213
4,51,13,0.27328386422341766,0.2777111476548201,0.0026241231714302375,0.002063215128263789,0.4503338952595021,-0.006765386512221955,0.013366777591165044,0.0031652420820145457,0.002508516281242525,0.5322948153154883,last,null_a,19,0,1,4214
5,51,13,0.2964640890529624,0.31598969580981673,0.0025270217301495285,0.00201108700632883,0.4336700165348536,0.03400397071283147,0.07529772392818937,0.0030096202308845894,0.002409268128378544,0.506124082600614,last,null_a,19,0,1,4215
6,51,13,0.3162811599640486,0.3319844353032988,0.002478052001889197,0.001966324722350601,0.42526616997865135,-0.06268415129174623,-0.04340523155294611,0.003096494362188711,0.0024664612873573294,0.5207335969695085,last,null_a,19,0,1,4216
7,51,13,0.3473622312519753,0.362695009455072,0.0024314467460122865,0.0019349174390946838,0.41726809784274027,0.034762705648781596,0.027742347885019513,0.0029520408745224488,0.0023043467947896417,0.49644103401645545,last,null_a,19,0,1,4217
8,51,13,0.3577736874690461,0.383352751159352,0.0024018301558710524,0.001915932900983102,0.41218550318871844,0.03931511526448234,0.021345077392214442,0.002978315732332607,0.0023162715087022526,0.5008596441015953,last,null_a,19,0,1,4218
9,51,13,0.3856015852997916,0.3969882464664601,0.002386197661256331,0.0018945121453317756,0.4095027624282557,-0.035546731749263386,-0.059048920263231205,0.0030535773150053695,0.00243840537185159,0.5135162906427193,last,null_a,19,0,1,4219
1,51,13,0.14556562568300296,0.17740152181081792,0.0036302643502594146,0.0029350409399233365,0.6235963885594332,-0.10406049646555975,-0.028979371458076764,0.0041913747806871975,0.003542389903342977,0.7254986627332535,last,null_a,19,0,2,4221
2,51,13,0.2058842058504829,0.207154867400327,0.003026042406197156,0.0023869628180393137,0.5198048775697006,0.17629206236801173,0.26520502227416237,0.003172424773917911,0.002594031772559668,0.5491252993419813,last,null_a,19,0,2,4222
3,51,13,0.2804021653180506,0.29290314095071024,0.0026433616576892662,0.002104349458120999,0.4540690771661604,0.12270008472540117,0.19959180200465135,0.002995631238246703,0.002326662375937905,0.5185235325182768,last,null_a,19,0,2,4223
4,51,13,0.33956712415134693,0.3406280345996412,0.002468990539968701,0.0019351359607408202,0.42411610713744996,0.1721443113848177,0.25975319697449406,0.0026830520362722864,0.0021497337639329026,0.46441818405943874,last,null_a,19,0,2,4224
5,51,13,0.343277348570781,0.35864993311586324,0.0024018364458786986,0.0019086329361992264,0.4125805696362998,0.1584365002086521,0.18080143293984427,0.0027496192439902013,0.0021714748546130783,0.47594051806873866,last,null_a,19,0,2,4225
6,51,13,0.3653959798950281,0.3837708904154148,0.002351232994055628,0.001887322986846382,0.40388805395124977,0.14955930145803562,0.19501968280727275,0.002676618340981892,0.002240791447272895,0.4633045548628511,last,null_a,19,0,2,4226
7,51,13,0.38079505620738613,0.4040602922741936,0.0023165457625101363,0.0018560971773636142,0.39792958089422625,0.13486513486513485,0.19524544582136374,0.002650949962035898,0.002102550549116505,0.458861531851486,last,null_a,19,0,2,4227
8,51,13,0.40533103418856486,0.42249858118879735,0.0022928591639702206,0.001834194815233595,0.3938607649949949,0.10211307679662109,0.18366241453565427,0.002666478021246411,0.0021476267049160827,0.461549334012242,last,null_a,19,0,2,4228
9,51,13,0.4259742144199825,0.4454342552504681,0.0022675239594486638,0.0018091842298075473,0.3895087562929485,0.13731837782470693,0.1951322371624102,0.0026287966847600517,0.0021320645158372964,0.45502694919549386,last,null_a,19,0,2,4229
1,51,13,0.15699791140062977,0.17405665436502127,0.0038030668270389026,0.0030868299563190735,0.635234180920007,0.03660896065959357,-0.029104804657457854,0.004051431910181015,0.0032743895301707896,0.6836961408924643,last,null_a,19,0,3,4231
2,51,13,0.1939543522204359,0.20416732234532037,0.0031855816482402105,0.0025519370498391257,0.5320943441452118,0.03504090845862998,0.022237477588758464,0.003587496461537145,0.0028374318677043546,0.6054050865459885,last,null_a,19,0,3,4232
3,51,13,0.23622448399769874,0.26031404044718326,0.0028779042663717234,0.002300875872709096,0.4807023495924846,-0.0853450347121233,-0.08708511448843215,0.0033477498889485477,0.0027413351367725027,0.5649468460757209,last,null_a,19,0,3,4233
4,51,13,0.2870706212088446,0.3029727892749632,0.0027215413041381444,0.002155719632908446,0.454584718018282,-0.11195133979944107,-0.1128648218569311,0.003185877961838355,0.002529091951961688,0.5376302789119104,last,null_a,19,0,3,4234
5,51,13,0.313032351137678,0.33420111497882016,0.0026336448511674977,0.00211665445060278,0.43990319022823365,-0.06842524564043552,-0.08619396006081399,0.0030616200221809877,0.002404717767513923,0.5166612300169988,last,null_a,19,0,3,4235
6,51,13,0.33616382386458243,0.3557278090562666,0.0025909658245285836,0.002055971270141923,0.43277442342963846,-0.2973861581456518,-0.2611180873886369,0.00318323577124757,0.0025264157265057724,0.5371843981590134,last,null_a,19,0,3,4236
7,51,13,0.36022035126878166,0.3720770981508221,0.0025649725739616998,0.002056874259246898,0.4284327165955887,-0.14657494404329846,-0.15015870744505078,0.002999041342796196,0.0023692046493363154,0.5061008151942757,last,null_a,19,0,3,4237
8,51,13,0.38806294884669157,0.40507868522757573,0.002526481401361882,0.002010174244663899,0.4220034557881645,-0.05540029590662501,-0.07618755323347169,0.0028803062709507996,0.0022981979896433222,0.4860637734250954,last,null_a,19,0,3,4238
9,51,13,0.37622759359127256,0.415429729132683,0.002516893916973095,0.0020140762458003454,0.4204020382822996,0.015339091288458376,-0.006698023203777375,0.0028268055285339587,0.002221348559862617,0.4770352985707219,last,null_a,19,0,3,4239
1,52,12,0.15545405605630325,0.14313582398087363,0.0037308322845915265,0.003026809766493616,0.6420549650046168,-0.021187767456424176,-0.08208977266443246,0.0044261301287767925,0.0035294238775370928,0.7225894221018966,last,null_a,19,0,4,4241
2,52,12,0.2201348808494876,0.2206416663120877,0.0030618404791188927,0.0024510422665155597,0.5269252895096663,0.19841352677173574,0.1847724129842951,0.0031313584308571892,0.0025004036877757305,0.5112110157439758,last,null_a,19,0,4,4242
3,52,12,0.2182825040128411,0.21288149707780887,0.0028437914216962504,0.0022580254796861843,0.4894002899241885,0.17474167623421358,0.14009236913330514,0.002997799236108269,0.0022393817319496497,0.4894067626962489,last,null_a,19,0,4,4243
4,52,12,0.29647833065810597,0.2825133235807361,0.0026413400898476873,0.002098408559825986,0.45455956998027425,0.11433044567372927,0.13554132718029796,0.0028595165904226985,0.0023390558563603273,0.4668313810139503,last,null_a,19,0,4,4244
5,52,12,0.2942222002716385,0.298942852593017,0.002572456490297888,0.0020537582197474855,0.442705095234519,0.2677173572695961,0.22584204559459323,0.0027842400047698277,0.0022970683213302916,0.45454207569708555,last,null_a,19,0,4,4245
6,52,12,0.3156899370292629,0.311666126731917,0.0025405676180709435,0.002013059895630114,0.4372172021372422,0.09875795845945103,0.12371255549196321,0.002846882088900534,0.0022842266919804533,0.464768731049348,last,null_a,19,0,4,4246
7,52,12,0.3548670206198296,0.3401533737047904,0.0024950072010745577,0.001997066799302014,0.42937651413284617,0.2686775910656508,0.24633155792462894,0.002678447634857003,0.0022299550498824186,0.43727090534872876,last,null_a,19,0,4,4247
8,52,12,0.35309223360908754,0.36273397930845064,0.0024647983230777965,0.001981372864218744,0.4241777384641717,0.22003966183070664,0.22423250567021716,0.0026856328564395454,0.0021955709822605207,0.43844393121103853,last,null_a,19,0,4,4248
9,52,12,0.3788361032226201,0.38463022139620606,0.0024404529420351305,0.0019599541376574734,0.41998803719083133,0.23953658282016496,0.2291897524904699,0.00266623214566814,0.0021540525310153533,0.4352766613891388,last,null_a,19,0,4,4249
1,51,13,0.1589896242019931,0.16121594342595977,0.003688706037772177,0.0029908956636995328,0.6374382441587262,0.05317467342783797,0.07268153792763028,0.003938175561794091,0.0031834906355298173,0.6748339466436398,last,null_a,20,0,0,4201
2,51,13,0.17313086332562136,0.190290381390864,0.0030747219156412237,0.002447232415651016,0.5313368208561344,0.08408047648553978,0.05631835552806316,0.00366753222593159,0.0028633134315800826,0.6284573167532022,last,null_a,20,0,0,4202
3,51,13,0.21374696472867727,0.22807627023718183,0.0028051500753455494,0.002232047496188784,0.48475262607532926,-0.07214304682659112,-0.07134701994226293,0.0035059090530121816,0.0026866217087969588,0.6007620548384224,last,null_a,20,0,0,4203
4,51,13,0.27033522670468885,0.27037372787749514,0.0026487876124236995,0.002083549858738465,0.4577319275440266,-0.16296361865982117,-0.15659179207118393,0.003469020015194324,0.0027635881820998777,0.5944408600140935,last,null_a,20,0,0,4204
5,51,13,0.2882742299185395,0.2935029905721849,0.0025739310710186096,0.002045794299258715,0.44479611161604493,-0.08253771544910785,-0.08183766943949784,0.0032696883604168107,0.002630089531644177,0.5602839858032251,last,null_a,20,0,0,4205
6,51,13,0.3481684526790845,0.35662531559337574,0.0024721223325248603,0.001985304387881277,0.42720273799371494,-0.019410968778057383,-0.018597247521872237,0.0031751011450713235,0.0025599839733693786,0.5440758044176933,last,null_a,20,0,0,4206
7,51,13,0.32483147172221577,0.3355377926559373,0.002489081357924241,0.0019841227879539023,0.4301333947775646,0.06129313724250433,-0.013114043859712914,0.003074641222557659,0.002349794367939625,0.5268612935545651,last,null_a,20,0,0,4207
8,51,13,0.3624881063810408,0.3737117898828482,0.0024403558036498432,0.0019695993215052576,0.4217132248197842,-0.05178365937859609,-0.011155129984066203,0.0030478404054511458,0.0024533506594811407,0.5222687859587323,last,null_a,20,0,0,4208
9,51,13,0.3627664133588667,0.37966647042085483,0.0024332958168142784,0.0019699135818545964,0.4204932019808365,0.007878197751615473,-0.004781800168020987,0.0030984651195037293,0.002533703052234154,0.5309436850448073,last,null_a,20,0,0,4209
1,51,13,0.1512349517000072,0.14083707728987793,0.0036743445307926693,0.00296628648718531,0.6377686511854538,0.06933572756357566,0.08823743284842292,0.003714627811328292,0.0029909456494269524,0.6475353330857311,last,null_a,20,0,1,4211
2,51,13,0.20923200120957916,0.2032908288978611,0.0029921156163881554,0.0023592456450888914,0.5193518258461005,0.06273473362080956,0.0707817170136634,0.00326285612309445,0.0024713146379244945,0.5687823205424375,last,null_a,20,0,1,4212
3,51,13,0.263384058029496,0.2592027748845395,0.00269068633048004,0.002139423670776515,0.4670317052122468,0.0333716915995397,0.04594744301137655,0.002938599714248715,0.002403328169178298,0.5122578200078807,last,null_a,20,0,1,4213
4,51,13,0.2968983286428649,0.30768062245834554,0.002510069356105279,0.0019862052988139024,0.4356813941124495,-0.0929070929070929,-0.08222348367191402,0.002979438510131149,0.00243271247997431,0.5193768544408609,last,null_a,20,0,1,4214
5,51,13,0.35381677905728254,0.35456312578969484,0.002399339652685175,0.0019129862711213487,0.41646165763848025,-0.1489776046738072,-0.1656066924847261,0.00296908455722672,0.0024422806924288315,0.5175719494319991,last,null_a,20,0,1,4215
6,51,13,0.35017964161604653,0.3444809001925098,0.002394182450155817,0.0019104990748089988,0.4155665042108486,-0.11609909078263508,-0.09958198759197062,0.0028726951206729705,0.0023687992392201667,0.5007693061861717,last,null_a,20,0,1,4216
7,51,13,0.36662981161429903,0.38262662037644213,0.0023359609196323947,0.0018755549921218684,0.4054607923809715,0.10327647036507795,0.12493807961482692,0.002589337786563564,0.0021030080705096697,0.4513743479173355,last,null_a,20,0,1,4217
8,51,13,0.3956995704379767,0.39978192573368676,0.002312918560434053,0.0018324703764568625,0.4014612506333481,-0.07072674161281756,-0.05379959465218138,0.0027352963667167476,0.0022882779955234623,0.4768179031311257,last,null_a,20,0,1,4218
9,51,13,0.42870079105227615,0.43219307297413984,0.002276308065055155,0.0018012931635633328,0.3951066406991528,-0.21905942159106712,-0.22683385631363717,0.0028191544671788225,0.0023110884048528693,0.4914360791026315,last,null_a,20,0,1,4219
1,51,13,0.20881690834917638,0.20380801326553946,0.0036744213717091237,0.002970155914848602,0.6248519412347688,-0.05155603889781105,-0.05479695610807678,0.004562411681011101,0.003887578455737788,0.7496110964882402,last,null_a,20,0,2,4221
2,51,13,0.21286514460186579,0.2195179042005346,0.003100301418904646,0.002438620392741527,0.5272202515832831,0.0021118122383945166,-0.027292250310412946,0.0035431613769490978,0.002735402652951795,0.5821467395991294,last,null_a,20,0,2,4222
3,51,13,0.24591960547690342,0.27033248709815505,0.0027966493994387464,0.0022331969161472434,0.47558285493520336,-0.018879854322892294,-0.03857710941633421,0.003280806550767836,0.002592289684463692,0.5390414473386261,last,null_a,20,0,2,4223
4,51,13,0.2837161553762451,0.291751816555405,0.0026766569822776615,0.002129833220205725,0.45517760273036956,0.020624944675577586,0.008021047072661311,0.0031467765317605184,0.0024767625401753987,0.5170201137688004,last,null_a,20,0,2,4224
5,51,13,0.3315583971955682,0.33594529007329765,0.0025632201012263534,0.00204498870091718,0.4358871490338308,0.01162129010230276,0.0218301262806172,0.0029909595986000025,0.002421218287900368,0.49141915745790393,last,null_a,20,0,2,4225
6,51,13,0.32907936924661363,0.33873232152227184,0.0025437201129140836,0.0020340806956738945,0.43257108799499855,-0.04295704295704296,-0.056127772231758355,0.0030201511984317203,0.002417363652911328,0.4962153811851872,last,null_a,20,0,2,4226
7,51,13,0.37030306019912923,0.3701502842615265,0.002491471865627153,0.0019919913283844627,0.423686037686202,0.12540623933028994,0.13090964870986008,0.002800978696385471,0.0023059271000866917,0.46020500968303685,last,null_a,20,0,2,4227
8,51,13,0.39409639213029063,0.40857545769529957,0.0024426609188226457,0.0019588623848268844,0.41538551584101235,0.0884811391140505,0.08519699903206938,0.0028207546428300483,0.0023059004776567215,0.46345422740709963,last,null_a,20,0,2,4228
9,51,13,0.3944519860140758,0.40563063041856945,0.002446559969643956,0.0019428150262201017,0.41604856703416804,0.09705484389028693,0.11061952828948364,0.0027912378757706806,0.002279769806124017,0.4586045782155876,last,null_a,20,0,2,4229
1,51,13,0.09964163910498385,0.11199478148531333,0.003915212288787439,0.0031458580870739835,0.6579810224444996,0.09928046636907396,0.07231361507091982,0.0038632336980343133,0.0031489266017883694,0.6418876204699725,last,null_a,20,0,3,4231
2,51,13,0.20721797114501392,0.20529532653021945,0.0031867937217552977,0.0024851109013781583,0.5355647757250139,0.1632671126342012,0.18897065223849704,0.0032036792178124184,0.0026280621999423197,0.5323007072849495,last,null_a,20,0,3,4232
3,51,13,0.21378818166680472,0.2169192677904318,0.00294102747171084,0.0022830637682439915,0.4942618995183484,0.1184258779195488,0.08565501733146351,0.0032722949875974854,0.002561767717162288,0.5437014188744301,last,null_a,20,0,3,4233
4,51,13,0.27421221296170173,0.2761331612701932,0.002756594563883416,0.0021426585890255115,0.46326655512483045,0.15274598818902616,0.1657163646050965,0.002939218667701077,0.0022384316179215056,0.48835981049024546,last,null_a,20,0,3,4234
5,51,13,0.3037611753077847,0.3131134936470178,0.002663558726018133,0.002123099287022894,0.44763117926082124,0.08053971345110585,0.09485161232861537,0.0029574006557817677,0.0024554985485115413,0.49138080118787425,last,null_a,20,0,3,4235
6,51,13,0.33794068153792456,0.33785277907438993,0.002609670522806145,0.00204246941280546,0.43857485933950674,0.20213963251937936,0.19701634431295373,0.002781047510488119,0.002247385225960865,0.4620792083661578,last,null_a,20,0,3,4236
7,51,13,0.37407603648040777,0.3782229733643866,0.0025545472151820648,0.002014429978841941,0.4293109707848843,0.06905752475372728,0.001076522026379723,0.0029638330810373994,0.002361373906299766,0.4924495675281786,last,null_a,20,0,3,4237
8,51,13,0.40444814349193187,0.4063296698512754,0.002522126221346915,0.0019828253621932634,0.42386237768217794,0.06480860911240657,0.06925015752797999,0.002866861016570298,0.0022836144392488484,0.476337374329895,last,null_a,20,0,3,4238
9,51,13,0.39885688672037184,0.40663187696620023,0.002524646883706056,0.002000575216248265,0.42428599404675016,0.1747240101670481,0.168997297585623,0.0027239197601507193,0.0021782998485098135,0.45258726493401835,last,null_a,20,0,3,4239
1,52,12,0.13275268551673045,0.1366011761633139,0.003808578257324014,0.0031621845495402624,0.6383687938243006,-0.0530842292036322,-0.03758430866481101,0.004725084763216589,0.003990478694101105,0.8029634933255244,last,null_a,20,0,4,4241
2,52,12,0.17644563526361282,0.20009542822662196,0.0030980670324799054,0.0025139000310119733,0.5192775836778017,0.0027345788539818393,0.0038355969588701865,0.003491926846717075,0.0029567688868043273,0.5934051810254479,last,null_a,20,0,4,4242
3,52,12,0.23353352265711816,0.25030989981683327,0.002780107434137973,0.00222631333890326,0.46598329075154504,-0.1649305917962635,-0.10081015518997326,0.0031973830039138734,0.0027234484000380975,0.5433514857360154,last,null_a,20,0,4,4243
4,52,12,0.19927828126929253,0.22696136490686425,0.002712388998616307,0.0021795486542104323,0.4546327727674382,-0.1014299133702119,-0.07273524019878151,0.003026414628460253,0.0025543624016648074,0.514297750008114,last,null_a,20,0,4,4244
5,52,12,0.3076826768736881,0.3199910717959066,0.002536786551711875,0.002059224015196596,0.4251994476132529,0.017973071704414992,0.009754702899055903,0.002842836500291566,0.0023183008289871312,0.4831011593691467,last,null_a,20,0,4,4245
6,52,12,0.29036093344857394,0.30854447413151015,0.0025278235035980285,0.0020494918314538104,0.423697120543454,-0.02335873082141739,-0.03297202913407193,0.0028186731267965718,0.002316076241280459,0.47899492471636085,last,null_a,20,0,4,4246
7,52,12,0.3503951598962835,0.3785153538296414,0.0024294315157712375,0.001964102073356246,0.4072053038215112,-0.0781755557874961,-0.09210438562363103,0.0028200084773688525,0.0023633650308599098,0.4792218492720175,last,null_a,20,0,4,4247
8,52,12,0.33997782442276825,0.37135166060368574,0.0024347374411783675,0.001982595147167767,0.4080946480789799,0.0028598267404237555,-0.009479935935314338,0.0027524009903515776,0.002245344288575585,0.4677328820532801,last,null_a,20,0,4,4248
9,52,12,0.39275500679096187,0.41402978785232536,0.0023899323412605615,0.0019489943688197119,0.4005847124391636,-0.08272622899488573,-0.09596291043159869,0.0027327509153186546,0.002223015954933002,0.46439362071020873,last,null_a,20,0,4,4249
1,51,13,0.1532891693086408,0.16934817976034516,0.0037317994362974236,0.003027363870273516,0.6250604728869549,-0.1651133676450132,-0.10451206489669702,0.003901267464167143,0.003139703164840958,0.7467274153802151,last,null_a,21,0,0,4201
2,51,13,0.21083917356621462,0.22346875828101864,0.0030859151163193615,0.0024255414222579728,0.516877606854821,0.10094968322816424,0.10648225365264492,0.0031427563938989755,0.0025198602652863173,0.6015435703244784,last,null_a,21,0,0,4202
3,51,13,0.2686875373978861,0.29349044663333884,0.002752773270179864,0.0021627683988132587,0.4610777699554965,0.12436930158449144,0.08655613753333682,0.0028265725240290878,0.0023001395027528538,0.541023965836592,last,null_a,21,0,0,4203
4,51,13,0.31069892068444654,0.32168922173819836,0.0025995059242602636,0.0020564599247513316,0.4354061438796629,0.1031500145424196,0.10225095183994257,0.002864083407821348,0.00235000698075508,0.5482037876663166,last,null_a,21,0,0,4204
5,51,13,0.31291166497818584,0.3344865136260617,0.002552356435629744,0.0020148052448333647,0.427508805835952,-0.04209714336296615,0.022323439087572904,0.002873022520321154,0.00228483243369923,0.5499147906760009,last,null_a,21,0,0,4205
6,51,13,0.37119818009718464,0.3797730851405394,0.0024661131769888804,0.0019387914419234402,0.41306342822400416,0.02206654105388282,0.04328815120685534,0.002790199369548969,0.0022572312392346973,0.5340619126362833,last,null_a,21,0,0,4206
7,51,13,0.39606224655288863,0.4042803085887425,0.0024281914865436688,0.0018911729987436884,0.406711706978804,-0.03357402091579306,0.019375246063891537,0.002739609634875871,0.0022770078951526024,0.5243787155306786,last,null_a,21,0,0,4207
8,51,13,0.40625728296296826,0.420067256833208,0.002407577381570976,0.0018899505721581254,0.40325893240655714,-0.02368517558390976,0.04627258553553886,0.002664309847451477,0.0021865069311418866,0.5099658571049103,last,null_a,21,0,0,4208
9,51,13,0.4411331125104648,0.44808768893102024,0.0023761079583430552,0.001867486201285293,0.3979879383726869,-0.07712540623933029,-0.0012451168264506398,0.0027414815516207808,0.0022801949691068774,0.5247370123061681,last,null_a,21,0,0,4209
1,51,13,0.1220774473267295,0.10831847202516245,0.003858524970570184,0.003125942278562657,0.6510307314982489,-0.2172131665802552,-0.18282424419096424,0.004823814449254735,0.003953107223768911,0.7854698201197226,last,null_a,21,0,1,4211
2,51,13,0.19022765749605572,0.18771721015758577,0.0031515324432599755,0.0024955631368720876,0.5317432147064255,0.062051872178454454,0.07321228667339463,0.0035522204889685063,0.0028269557324495384,0.5784140368265528,last,null_a,21,0,1,4212
3,51,13,0.21209561077902397,0.22485006458206927,0.002855812380526408,0.00228585584242392,0.48184776236944266,-0.08797531582341708,-0.13248944251534153,0.003735248610457354,0.0028169114398216163,0.6082168136901832,last,null_a,21,0,1,4213
4,51,13,0.2613549576359051,0.27785508362936207,0.0026847397375676547,0.0021545211420201113,0.4529834816574488,0.09922988404001061,0.017671176937503464,0.003252953897768416,0.0023780140215593727,0.5296839544341642,last,null_a,21,0,1,4214
5,51,13,0.2845215944638693,0.2938979884249485,0.002609659445936277,0.002112389806045367,0.44031553793421435,0.041768358224054426,0.10188455527310473,0.003041355533172702,0.0024208491299952417,0.49522903683211983,last,null_a,21,0,1,4215
6,51,13,0.3491092776733652,0.35604369017174065,0.002510725385506895,0.0020307410683907635,0.423622860234136,0.05990212319326243,0.022385125966425085,0.003117775054253677,0.0023961366639952625,0.5076725559824848,last,null_a,21,0,1,4216
7,51,13,0.36216500017376163,0.35953620150395527,0.002500588271080852,0.0019965545311189156,0.4219124726973429,-0.006537766031436917,-0.012740949188689977,0.003077940586107582,0.0023677881541104987,0.5011862425352269,last,null_a,21,0,1,4217
8,51,13,0.3724785816036905,0.37714042598912617,0.00247709237644823,0.0019922810560649984,0.4179481211416184,-0.0007966716827476321,-0.03431258447383291,0.003092888993502868,0.002341621775593364,0.5036203168536671,last,null_a,21,0,1,4218
9,51,13,0.407587177735837,0.4111863607374344,0.0024408210235772687,0.0019771872645225753,0.4118282267332317,0.048647554976668894,0.05422611642731569,0.002974295753833845,0.002293895062644902,0.48430958017211123,last,null_a,21,0,1,4219
1,51,13,0.1967127988928002,0.20016533677787446,0.0037363341886439906,0.002982733115455118,0.6197768098807773,0.03329581810594469,0.048451079662233824,0.004310206712695651,0.0034902896684867865,0.7308776826282706,last,null_a,21,0,2,4221
2,51,13,0.22864134972172598,0.23176128596601903,0.0031509563030422943,0.0024775653640185373,0.5226753140842666,-0.09174369933863603,-0.09853729504909371,0.003861355672792275,0.003073485320741462,0.6547664355914203,last,null_a,21,0,2,4222
3,51,13,0.24974401028537602,0.2737453104183456,0.0028524987604254546,0.0022788207069958377,0.47316768058345976,0.05438864932535818,0.05805920775622131,0.0029920892459430162,0.00241724979001254,0.5073657483411325,last,null_a,21,0,2,4223
4,51,13,0.32584472488249666,0.3360945545369966,0.00265460337122922,0.0020966450941920984,0.44034112738622816,-0.15924581747366556,-0.17651062748591295,0.0033738675504543414,0.002662230234875351,0.5721035349667946,last,null_a,21,0,2,4224
5,51,13,0.335181411350313,0.3456429619083932,0.0025991651809865834,0.0020545124244764493,0.4311451339446954,-0.21830068665511704,-0.2266248560281352,0.003213315481360792,0.0026066314669245033,0.5448788722018666,last,null_a,21,0,2,4225
6,51,13,0.36009937687895294,0.3654667579624301,0.0025553001939608,0.001999332823068463,0.42386888392216504,-0.14343883964137127,-0.18492572103096652,0.0031171840164420355,0.0024347888519893005,0.5285779504617257,last,null_a,21,0,2,4226
7,51,13,0.38152604951665414,0.39470959396048066,0.0025109792605918888,0.0019938309939977715,0.41651700228967875,-0.07297765525613625,-0.06182889240003661,0.0029207757470659126,0.002420115264846937,0.49527318566986,last,null_a,21,0,2,4227
8,51,13,0.4023952023319316,0.41293838545708417,0.002486904322699263,0.00196411126699844,0.4125234922202316,-0.04677600880132525,-0.039475330972043365,0.002815603150845273,0.0022679834197121087,0.47743916783138246,last,null_a,21,0,2,4228
9,51,13,0.42273059373967,0.4386693503921619,0.0024579933251577474,0.001943074016602994,0.40772778473742355,-0.08966982384703903,-0.09759516439113862,0.0028792819852007222,0.002386192376709033,0.4882371276482732,last,null_a,21,0,2,4229
1,51,13,0.15672582196292104,0.16501005467509894,0.0037138351922442123,0.0030255235589467253,0.6288221580822141,0.013467545113114732,0.04118625358268366,0.003852847620827113,0.0031005286961056644,0.6687054931828279,last,null_a,21,0,3,4231
2,51,13,0.1582267608526545,0.1908429922270954,0.003111757449213443,0.0025030886598329757,0.5268790706515908,0.14581620910734835,0.11579862771786856,0.0031184787332649,0.002450306766288679,0.5412474264581458,last,null_a,21,0,3,4232
3,51,13,0.23754169663575903,0.2667028441092307,0.0027307887129927413,0.002180847757973741,0.46237389730075285,-0.09596732381542507,-0.04649987857238504,0.0031252719140283294,0.002594114930609326,0.5424264601858577,last,null_a,21,0,3,4233
4,51,13,0.2537093597284244,0.2817105403396172,0.002609901084336058,0.002081087147518581,0.44190534778189255,-0.044499803993474876,-0.05843113693325924,0.0029815410508033926,0.0024380024234356,0.5174803353355343,last,null_a,21,0,3,4234
5,51,13,0.28976042788534623,0.3215226993603144,0.0025012751581861854,0.001994756147188734,0.42351293514928845,-0.0687793219438789,-0.08281029406664933,0.0029266655766312356,0.002391488451786337,0.5079560731193047,last,null_a,21,0,3,4235
6,51,13,0.31253173621884284,0.3399816919748841,0.002453981244783881,0.0019754045557652143,0.41550518597617037,-0.047939402369782114,-0.06709587109600856,0.0029036061082185097,0.002386871921069096,0.5039538402995817,last,null_a,21,0,3,4236
7,51,13,0.31475514503503477,0.3464774573719156,0.002437024454753159,0.001947462803137624,0.41263408245398575,0.03767118956992375,0.003348048664306142,0.0027548169043995147,0.0022532123613634705,0.47812978294983843,last,null_a,21,0,3,4237
8,51,13,0.3432744662674154,0.3797864011918649,0.0023906297449661686,0.0019440203563810036,0.4047785853676371,-0.046674844143198564,-0.03398170847613526,0.002787904239301352,0.0023377676501358338,0.48387246596798716,last,null_a,21,0,3,4238
9,51,13,0.35746886330025707,0.3984906525174896,0.0023705575596459985,0.0019263519802454727,0.4013799868200187,0.0067906776767536255,0.007424331760489931,0.0026692074894126582,0.0021946803724143065,0.46327129600620226,last,null_a,21,0,3,4239
1,52,12,0.15318903568341768,0.1361956605321864,0.0036539053079288615,0.002920292048435737,0.641485491637382,0.03066485753052918,0.01683674765055295,0.0038524687073449707,0.003029148411701616,0.6885009358787306,last,null_a,21,0,4,4241
2,52,12,0.22741661933572047,0.2347631749083819,0.002937393247744734,0.0023219478362227148,0.515693482141695,-0.061016595344953566,-0.12995176154462756,0.0035460094423075948,0.0024847739194148147,0.6337315122141953,last,null_a,21,0,4,4242
3,52,12,0.2548400049388813,0.2728750826779194,0.002677483773820631,0.0021051086930119313,0.4700633569439725,0.17774762550881956,0.1657234468212432,0.003013798781322107,0.002181298927432814,0.5386165181651771,last,null_a,21,0,4,4243
4,52,12,0.27866250154340044,0.2998463685756405,0.0025503922692152133,0.002069778645962287,0.44775096802195286,-0.12635424277215324,-0.13088301184280696,0.00320913524652248,0.0024421881823760913,0.573526429008914,last,null_a,21,0,4,4244
5,52,12,0.3021908383751081,0.3249657904900769,0.0024775000397610023,0.002013495950759227,0.4349538910023286,0.001398601398601399,0.026326770915271733,0.002993360044528087,0.0023038496499449,0.5349637722300751,last,null_a,21,0,4,4245
6,52,12,0.33598340535868626,0.35258011984854554,0.0024224882943486925,0.0019669145861209705,0.42529594051437547,-0.020645026615175872,-0.00806154112024343,0.002962399906251345,0.002245714519629126,0.5294306749364277,last,null_a,21,0,4,4246
7,52,12,0.34380619829608594,0.36923730946338734,0.0023959676863203193,0.0019441404019043156,0.42063993992161613,-0.019851790001043736,-0.011107214983585826,0.002934015979438314,0.0022164486764695503,0.524357989949415,last,null_a,21,0,4,4247
8,52,12,0.38175745153722684,0.39269212202149106,0.002366948050751935,0.0019278525764914733,0.4155452060352926,0.12017534704101869,0.09147075293867075,0.002822808470273716,0.002136259469938075,0.5044833381474185,last,null_a,21,0,4,4248
9,52,12,0.4024944314112853,0.4135020858063437,0.0023456304905194003,0.0019087405203090828,0.41180266088049533,-0.00043836760254670714,0.020804679902137115,0.002872814694375342,0.002165309177440964,0.513420291231058,last,null_a,21,0,4,4249
1,51,13,0.15595735870990074,0.13952891291383057,0.003793170284721145,0.0030331596447741725,0.6447510367942503,-0.06794471351433376,-0.027127459523125525,0.0041444850506126224,0.003283089780821137,0.669046854897121,last,null_a,22,0,0,4201
2,51,13,0.22052185996518506,0.22918772701555848,0.0030402412286832338,0.002406734140476702,0.5167705473687281,0.07846583795950884,0.09461422989634231,0.0036979814173616803,0.003036154363051424,0.5969674896976923,last,null_a,22,0,0,4202
3,51,13,0.2523114425961285,0.26804053215514734,0.002771246540282463,0.00220264188446899,0.47104768463906466,0.17669672100051845,0.19601860921281397,0.002995020548778772,0.0023795655034450055,0.4834880700598719,last,null_a,22,0,0,4203
4,51,13,0.28731409349170955,0.30202835586420795,0.002621715826203851,0.0020666408852306885,0.44563092881264993,0.1090428558782989,0.12147718174893236,0.0030629701690525145,0.0024065268392537624,0.4944572204320951,last,null_a,22,0,0,4204
5,51,13,0.2909279254514469,0.3088420295385219,0.0025632995764235294,0.002004237535251056,0.43570152022184544,0.14106147017539422,0.227472127959613,0.002739235717167666,0.002267741257749737,0.4421965621813469,last,null_a,22,0,0,4205
6,51,13,0.33216944550906663,0.35455477200452573,0.002488235342398678,0.001963170921177453,0.4229423401479545,0.1611173636490092,0.15476381107094922,0.0027556386686679374,0.00216300311700897,0.4448445010635644,last,null_a,22,0,0,4206
7,51,13,0.36716159658524455,0.3876167610406903,0.0024399744255922963,0.001918613448972045,0.41473910279979437,0.10155667117692432,0.11525716481868885,0.002798807272040925,0.0022350775400250956,0.45181323613301033,last,null_a,22,0,0,4207
8,51,13,0.4054218679203423,0.4168728333127013,0.002405509085869754,0.0018971565788419543,0.40888079382561426,0.050594974645607554,0.1298117841104956,0.002679664562037597,0.0022230004062459966,0.4325799527604805,last,null_a,22,0,0,4208
9,51,13,0.4269297803371899,0.4431970712960769,0.0023774156846222724,0.0018642777185358978,0.40410556671431086,0.10400991413649642,0.11828305634003738,0.0026602252791388557,0.002047020359221226,0.4294418569714908,last,null_a,22,0,0,4209
1,51,13,0.15910376341526924,0.17879942747605393,0.003642483020924315,0.0030118930226563875,0.6225519715263229,0.0945510186016515,0.07252333710405819,0.0042340269220864715,0.0035545808964639125,0.7115998446024944,last,null_a,22,0,1,4211
2,51,13,0.19416723091186358,0.19433793596722715,0.00305549023086179,0.002449227340371944,0.5222265845235773,0.07755535603636869,0.05248180711870342,0.00344654959202637,0.0027749343663274464,0.5792509587757095,last,null_a,22,0,1,4212
3,51,13,0.23636493452312615,0.2546347099708342,0.002720622193400168,0.0021678076688687745,0.4649928909894393,0.048596972647605555,0.05732067387808439,0.0032056054955346596,0.0025942683536068823,0.5387562276895647,last,null_a,22,0,1,4213
4,51,13,0.28097072024478825,0.29237489199119576,0.0025654466960840115,0.0020738592985797334,0.43847119926656714,0.01986620973962746,-0.005867134452122339,0.0029929270514198543,0.0024714098720934577,0.5030120176107548,last,null_a,22,0,1,4214
5,51,13,0.30400155940847223,0.3082319532368891,0.002491177211496339,0.00199761812470598,0.4257774917630064,0.08916400055640562,0.11542992801341857,0.002786051614169477,0.0022412082957281054,0.4682431009958133,last,null_a,22,0,1,4215
6,51,13,0.3266732223970453,0.3411489338054564,0.002425575605457148,0.0019517127345732414,0.41456524754927015,0.06850111913403051,0.0592819582786034,0.00281185817285106,0.0022804768871421996,0.4725803297110455,last,null_a,22,0,1,4216
7,51,13,0.3525166955363661,0.3579195861928541,0.0023930074201790673,0.001924943916919915,0.40899888311121196,-0.07469745444428988,-0.0826372446616508,0.002842206099458229,0.0023235543829864414,0.4776808121253206,last,null_a,22,0,1,4217
8,51,13,0.3640951140346268,0.3726502498410303,0.002372093913768884,0.001914453245122591,0.40542446846812485,0.1165037494151418,0.08549600573330532,0.0026348919644265238,0.0021425811664407594,0.44283816492746964,last,null_a,22,0,1,4218
9,51,13,0.3865979152217405,0.39131533823344067,0.0023516258135971254,0.0019039458793625361,0.401926180063724,0.06488448260600159,0.05518121958649318,0.0026545097362919703,0.0021231652816346646,0.4461352633323186,last,null_a,22,0,1,4219
1,51,13,0.12018731513112091,0.12574523610177224,0.003860431937726304,0.0031366740183898065,0.6485431520872645,-0.13749541597642861,-0.07740740627595855,0.004118349904525414,0.0033873447189765025,0.7170648358687972,last,null_a,22,0,2,4221
2,51,13,0.22018965391442324,0.22586608752737736,0.0031039657297484485,0.002477313096570336,0.5214586737481877,0.021282514953401027,-0.005353452275331456,0.0037999614264480315,0.0031063972535061747,0.6616287541691331,last,null_a,22,0,2,4222
3,51,13,0.25777579566807923,0.2718828998832135,0.0028151805726308703,0.0022453938959878326,0.47294347153914196,0.04644722366241353,0.007080981097336608,0.003442246532286681,0.0027928985505549586,0.5993453693630547,last,null_a,22,0,2,4223
4,51,13,0.29765756852511543,0.30061762634778794,0.002674264402457194,0.002122461473642433,0.4492698985662875,-0.0988252254075039,-0.07742411588766976,0.003364921739379712,0.0028285169656221856,0.5858819941715739,last,null_a,22,0,2,4224
5,51,13,0.30270361702719883,0.31682593240499374,0.0026072997189548635,0.0020755450463486795,0.43801999502759026,-0.08562323752197169,-0.018224509062101924,0.0031792989372680554,0.0026008250174278523,0.5535623547005709,last,null_a,22,0,2,4225
6,51,13,0.34999278600643363,0.3670928344887137,0.002524519909428998,0.0020255588311094896,0.42411318888125316,0.08289179175255124,0.09480025962302964,0.0030066866127141274,0.0024061173531970464,0.5235080292924298,last,null_a,22,0,2,4226
7,51,13,0.38576052374252096,0.3883522372539839,0.0024900844616071605,0.0019932440764202646,0.41832811761612815,0.06910810708279062,0.07274001061335365,0.0030341151908862556,0.0024473117102614857,0.5282837451400558,last,null_a,22,0,2,4227
8,51,13,0.39436539338582194,0.4076969147114524,0.002466536000651539,0.0019810883977123867,0.41437203359720937,-0.08175368934862605,-0.04740890914257643,0.003114115691377089,0.0025321660342692656,0.5422130000804497,last,null_a,22,0,2,4228
9,51,13,0.392353092703276,0.40733440785945013,0.0024689679770936264,0.001990104263724824,0.4147805997092395,0.008586350358502255,0.0037448304409458157,0.00304033354395961,0.002422329337019585,0.5293664511823519,last,null_a,22,0,2,4229
1,51,13,0.1394074610151999,0.12304131345165548,0.003718954891382404,0.002994609398333898,0.6458510235716205,-0.1455127151329683,-0.14418602816354867,0.00474158823525169,0.003852987830209967,0.7730397659366073,last,null_a,22,0,3,4231
2,51,13,0.17848577122120554,0.2000002672449842,0.0030211987791094784,0.0024332192989951927,0.5246754480466079,-0.13668609871141515,-0.17694522770110466,0.004029275059167384,0.0029273616027553303,0.6569085492231965,last,null_a,22,0,3,4232
3,51,13,0.24532494511682632,0.25813767897079654,0.00270881685884993,0.002149050532481866,0.47042574918298374,-0.09710542621935027,-0.11657984775593498,0.0037268593650864206,0.0028549482769771456,0.607604530027718,last,null_a,22,0,3,4233
4,51,13,0.2594631372340395,0.261600253677376,0.0026085522970530086,0.002057145316952694,0.45301333850423237,-0.022117123382946167,-0.02799483622602946,0.0034628813616744145,0.0026699837412143454,0.5645671586142978,last,null_a,22,0,3,4234
5,51,13,0.3028536615052574,0.31704778864985905,0.0024875493062575843,0.0019711283126677827,0.43199939567810614,0.005677866437360108,0.04400368189589296,0.0033026366542404217,0.0026297856308658365,0.5384418341488809,last,null_a,22,0,3,4235
6,51,13,0.3190897587149736,0.32759922312431033,0.0024524585786433917,0.0019481452590773703,0.42590537652234417,-0.09697897039669191,-0.10056455211987837,0.0033719027769807276,0.0026480642559151973,0.5497345623770334,last,null_a,22,0,3,4236
7,51,13,0.336355826444491,0.341070474538134,0.002426661110253977,0.0019260141494972381,0.42142526803717056,-0.07424221348271981,-0.09216915076015246,0.0032658861446780048,0.002579957392903623,0.5324502541337779,last,null_a,22,0,3,4237
8,51,13,0.3904813248976823,0.39155779127471185,0.0023621400921235588,0.0018899457199627566,0.410220247589632,0.08537032587665498,0.08355183619853364,0.003141916412645008,0.002496383150322094,0.5122389814801277,last,null_a,22,0,3,4238
9,51,13,0.38886669972805876,0.40235782494040395,0.002350681249183419,0.0018985512839913275,0.40823025156709764,0.02886986431290229,0.019707178110993893,0.003168671123049637,0.0025117648578626777,0.51660090707188,last,null_a,22,0,3,4239
1,52,12,0.1591950611186566,0.15570397336557748,0.003713808254003636,0.002975483319320356,0.641291078847119,-0.16058866506627703,-0.22048374304016008,0.004383650963982895,0.0034417739892852388,0.7348479404185769,last,null_a,22,0,4,4241
2,52,12,0.2219389554265959,0.24539248373910183,0.0030184750562755767,0.002397364175148208,0.5212226891965401,-0.036760254670702444,-0.05401045454350673,0.0036114385027704557,0.002832161582962788,0.6053990537827806,last,null_a,22,0,4,4242
3,52,12,0.24625119150512412,0.2733480893823246,0.002772802049797862,0.002187765429958183,0.4788004916590486,-0.1027241415301117,-0.09386801542661473,0.0034625494831261017,0.002832655189809091,0.5804402260075906,last,null_a,22,0,4,4243
4,52,12,0.30809107297197186,0.3153644473573094,0.0026128921734925544,0.002092197331576149,0.4511876559711564,-0.14869011585429498,-0.11110985616967838,0.003349300951719449,0.0027098273643155696,0.5614559476644091,last,null_a,22,0,4,4244
5,52,12,0.29791929867884925,0.3259241810732135,0.002555786047492669,0.002039527416327934,0.44132671360511844,-0.21423650975889785,-0.208291094594395,0.0033338007664859256,0.0027795407894863995,0.558857593167542,last,null_a,22,0,4,4245
6,52,12,0.3445932090381529,0.3569756839344729,0.0025007612565321607,0.0020109975191077234,0.4318251709445999,-0.1754931635528651,-0.1296167634984546,0.0031590412928911554,0.0025745351743736394,0.5295620036475519,last,null_a,22,0,4,4246
7,52,12,0.3414313372021237,0.3580341367869368,0.002491657859126419,0.0020043950386135615,0.4302532191516637,-0.14121699196326062,-0.12140348709601455,0.0031360424708622137,0.002588587548528672,0.5257066243897413,last,null_a,22,0,4,4247
8,52,12,0.3604826768736881,0.3855992514566199,0.0024542610384227855,0.001989290450711826,0.4237956301071481,-0.14226072435027662,-0.08301893127426786,0.003088300126474047,0.00253836630369904,0.5177033951790555,last,null_a,22,0,4,4248
9,52,12,0.3599266082232374,0.394582748784993,0.0024442937570363834,0.001973211762119551,0.42207450499882626,-0.1568729777685002,-0.11271480226043877,0.0030657675827665816,0.0025376161991396548,0.5139261799144583,last,null_a,22,0,4,4249
1,51,13,0.13156051362975377,0.11775147270710441,0.0038812592926075703,0.0031569550239173615,0.6506502707312827,0.06243123964642951,0.03343829243009833,0.004536359388369915,0.003768616348497222,0.806724240534009,last,null_a,23,0,0,4201
2,51,13,0.2208840007951863,0.23334097496335499,0.00311180113792304,0.0024782597786061405,0.5216591060298053,0.09361524551397968,0.05976872973583267,0.003256838949205995,0.0025277661111307416,0.5791805064157185,last,null_a,23,0,0,4202
3,51,13,0.2933583660008106,0.30515318937072733,0.002762242257717594,0.0022182538290700976,0.46305941894489666,0.05006386019044246,0.048453300784930875,0.0030502628278748006,0.0024628789958207778,0.542444006873681,last,null_a,23,0,0,4203
4,51,13,0.2974896125904281,0.30958712175748127,0.0026689077318622096,0.0021428372758472447,0.4474129161121569,-0.04556203290380505,-0.023261168979485353,0.003061181527848819,0.0025217679898044505,0.5443857357337756,last,null_a,23,0,0,4204
5,51,13,0.29831436311060155,0.31902285607768843,0.0026133364906302404,0.0021054387360767294,0.43809701103430715,-0.0767713299358869,-0.07431020106237862,0.0030084800346485154,0.0023965057199865306,0.5350135567600323,last,null_a,23,0,0,4205
6,51,13,0.35830897237979276,0.38040402270452606,0.002512086802211664,0.0020439625603549685,0.4211236185824091,-0.15722252431113187,-0.1686241982596889,0.003075869990198997,0.00251017491678298,0.5469978609248349,last,null_a,23,0,0,4206
7,51,13,0.3796427936733605,0.4111219105701482,0.002469923516643479,0.0020022415712811137,0.4140554092457871,-0.2147599236206831,-0.25735080909370905,0.0031379769682242575,0.0025784010863004955,0.5580426658862193,last,null_a,23,0,0,4207
8,51,13,0.3901729184375675,0.4029308472985509,0.00248017681788521,0.0019961189461838178,0.415774262001007,-0.15876528534756382,-0.21507272395668747,0.003022227362650047,0.0025071905178087263,0.5374583151647214,last,null_a,23,0,0,4208
9,51,13,0.40671989265314046,0.42882515723875897,0.002451983191619001,0.001980846026887934,0.41104791181926453,-0.13790007460893536,-0.19977590668603767,0.003025002823969891,0.0024756296306447387,0.5379518897988482,last,null_a,23,0,0,4209
1,51,13,0.11738489274455066,0.12141682239031724,0.0038428537111145707,0.003126589163871017,0.6457960264591378,-0.20153264457061923,-0.17035609747348718,0.004950357797545384,0.004069132567967365,0.7973384805121857,last,null_a,23,0,1,4211
2,51,13,0.22851160489451341,0.23210509555786396,0.003098224782072759,0.002488538555316224,0.5206602706610716,0.21584744369554495,0.23089764770488444,0.0033613400873714547,0.00264020389754484,0.541400421415677,last,null_a,23,0,1,4212
3,51,13,0.2475217955662927,0.26378769675770064,0.002812251163518605,0.002221341921521261,0.4726020721404598,0.043209954602359664,0.08101134064290927,0.003398760538409946,0.0027112020287124875,0.5474276151643603,last,null_a,23,0,1,4213
4,51,13,0.30542179380397005,0.31245202791243554,0.002653444957319811,0.0021115464745920104,0.4459145048662722,0.17378823707937632,0.15890948523480425,0.003126168624750866,0.0025090311954344626,0.5035220973966121,last,null_a,23,0,1,4214
5,51,13,0.31542289237330995,0.332912720368148,0.002581096194350564,0.0020718695186715498,0.4337562112758501,0.10105084788629091,0.03979673803748367,0.0031061888020359227,0.002473098929789053,0.5003040105156326,last,null_a,23,0,1,4215
6,51,13,0.3451744394702293,0.35074124799934914,0.002539129720433514,0.0020365550465277216,0.4267036966246298,0.21129503407984418,0.17074136063511444,0.0029658716997235397,0.0022387106815267904,0.4777035784411866,last,null_a,23,0,1,4216
7,51,13,0.3621428887893716,0.37787247317141837,0.002494915104729902,0.002022463477771073,0.41927337913681456,0.2391406062292138,0.1935347759979378,0.0029275401999461635,0.0022087740342514807,0.47152964495229793,last,null_a,23,0,1,4217
8,51,13,0.37161817287330884,0.38591542157745307,0.0024845959726111453,0.0020185597267148516,0.41753923700709317,0.07704953274573527,0.06598545864531159,0.003013593205679208,0.002305642272896037,0.4853899305398799,last,null_a,23,0,1,4218
9,51,13,0.39473527525914787,0.4053338620613254,0.0024639662318242297,0.0019860570376716877,0.4140723851234163,0.14161787579509097,0.057650001879740405,0.0030025734583271546,0.0022738988954020324,0.4836150146714408,last,null_a,23,0,1,4219
1,51,13,0.17306419976635223,0.16253057683822092,0.0037183033678199902,0.003009668126418336,0.6354155434887154,0.11293769521617622,0.11341984959926515,0.003612174423646415,0.0029436354353460526,0.6214421016885605,last,null_a,23,0,2,4221
2,51,13,0.18183150779218363,0.19149862639710818,0.003090199425611092,0.0024647691276628745,0.5280797593081834,0.05395869952831978,0.04392065608561742,0.0032836069402464967,0.002715128820350083,0.5649150231250494,last,null_a,23,0,2,4222
3,51,13,0.25426465605968046,0.2665073321765742,0.0027615760410768077,0.0021988776237213364,0.47192177922131967,-0.003325788135914718,-0.03803849735618425,0.0030927678655035254,0.0024224429845213723,0.5320828777789637,last,null_a,23,0,2,4223
4,51,13,0.2934011064421456,0.30603906590188007,0.0026045228201705814,0.002044379110096685,0.4450831789655015,0.2737642104730712,0.2602022425305827,0.00259024746492828,0.0019652643023377555,0.4456287653112689,last,null_a,23,0,2,4224
5,51,13,0.30250811450748927,0.3173521721416688,0.0025552880987346105,0.002019857516764671,0.4366695278496447,0.17055096801932243,0.12899064662631482,0.002562483487464277,0.002052044461547561,0.4408522228515483,last,null_a,23,0,2,4225
6,51,13,0.3342583742853741,0.3456024934679023,0.0024938483992718273,0.0019752712733249883,0.4261701854980236,0.18812832736883367,0.1982338267025025,0.0024802404211386694,0.0020342901856419153,0.4267030434398012,last,null_a,23,0,2,4226
7,51,13,0.35325703574369105,0.37304995449014594,0.002452333238047562,0.0019470004755736197,0.41907571898390367,0.11584617913731836,0.10221517429304389,0.0026259394657895396,0.002032602603696965,0.4517692528479423,last,null_a,23,0,2,4227
8,51,13,0.3986674782134923,0.4058364978107648,0.0024131363587985527,0.0019149561895179593,0.4123774203602297,0.20439054616269806,0.1847113891598075,0.0024748258697583495,0.001997265814495025,0.42577151860327633,last,null_a,23,0,2,4228
9,51,13,0.39241967391102045,0.4076560953892017,0.00241205335516149,0.0019322741112483219,0.41219234741793026,0.26121979286536245,0.2400521477021418,0.0023855312643856754,0.0019111252626521664,0.4104091853590728,last,null_a,23,0,2,4229
1,51,13,0.16657942895146907,0.17783950136100624,0.003693004503552004,0.0030482299104627273,0.6292874042808387,0.1311220425144476,0.09215891931780593,0.0038036641893229007,0.002942479392325843,0.6542287883519462,last,null_a,23,0,3,4231
2,51,13,0.22348980891646308,0.23472522150313632,0.003033399213411023,0.002412214914133536,0.5168907634201264,0.13339824732229794,0.12507643592469425,0.0032738441713673445,0.0025527816539063206,0.5630999475450574,last,null_a,23,0,3,4232
3,51,13,0.27750046816841806,0.3024523031961174,0.0026887680136280893,0.002162870248748839,0.4581656595278887,0.13610440192718673,0.08394495677728796,0.003189186698415388,0.002392037132905501,0.5485388945189345,last,null_a,23,0,3,4233
4,51,13,0.3169878595735212,0.34916956090359735,0.0025326224127882155,0.0020315066352075022,0.4315584729544936,0.13016097826224407,0.04806895604536611,0.003075074177406109,0.0023866891032105412,0.528911584472677,last,null_a,23,0,3,4234
5,51,13,0.3193366074103525,0.3404701764372434,0.002496084908772389,0.0019761523636393856,0.42533248784158484,0.1361296930917184,0.12385066311420896,0.0029514645874735416,0.0022919199867512396,0.5076507821975267,last,null_a,23,0,3,4235
6,51,13,0.36077375351496893,0.38783015120474595,0.0024147312313940175,0.0019191595036810016,0.4114698336214516,0.15307477332793787,0.09865170837242933,0.00299389797126045,0.002277939508913185,0.5149493080081146,last,null_a,23,0,3,4236
7,51,13,0.3828031569621708,0.4093091572659905,0.002380386779710563,0.001925132784996235,0.4056175442915733,0.18587741372551497,0.1650857174167108,0.0028501003565378925,0.0022379283006031423,0.4902161731767284,last,null_a,23,0,3,4237
8,51,13,0.40664964680254556,0.43796469040070585,0.0023458433584088692,0.0018849182382442973,0.3997313505690868,0.04166719356592774,-0.0063884425456519935,0.0030286676934633463,0.0023606266360014076,0.5209296869521832,last,null_a,23,0,3,4238
9,51,13,0.4190578804397505,0.4498113019988218,0.0023337007527884594,0.0018857553613636057,0.3976622524229231,0.11971572731066402,0.06429241203224269,0.0029453932598004565,0.0023104352212019383,0.5066065161557451,last,null_a,23,0,3,4239
1,52,12,0.12783123842449684,0.12496004006244077,0.00369663292828911,0.0029732415240448016,0.6406671814663458,0.31372508088926004,0.27432768014568515,0.003524159197985186,0.002669131351483146,0.6105841688087323,last,null_a,23,0,4,4241
2,52,12,0.1851758488702309,0.19587870831210796,0.003013773017084097,0.002394719228761091,0.5223200414784559,0.29915457676651713,0.29064138951258905,0.0029443611411160094,0.0023219766842898955,0.510130274775574,last,null_a,23,0,4,4242
3,52,12,0.21876952710211137,0.21233315470557954,0.0027635988592237173,0.0021766146040413255,0.4789621058377357,0.22651080263020565,0.1855676410453786,0.0029149529541536412,0.0022826538473505503,0.505035109550673,last,null_a,23,0,4,4243
4,52,12,0.256282602790468,0.27721898562019914,0.0025658369340392146,0.002072793532800533,0.44468778710846085,0.23966183070660685,0.19394604140338043,0.0028162856977184333,0.0022697089622248263,0.48794034697763927,last,null_a,23,0,4,4244
5,52,12,0.2697570564267194,0.2889403844413667,0.0025070408594253225,0.002010738033037838,0.4344977801115797,0.08702640642939151,0.06535362123770459,0.0029582339809853305,0.0023789197389110996,0.5125338371360567,last,null_a,23,0,4,4245
6,52,12,0.34730638350413634,0.35769706541923046,0.002395006268620907,0.0019044514608037,0.4150809521738866,0.11236822878613924,0.11860291896813845,0.002818714411947576,0.0022336511357252337,0.4883611379736086,last,null_a,23,0,4,4246
7,52,12,0.35511934806766265,0.380317028407596,0.002360358759961177,0.0019113310305050235,0.4090761575003365,0.01120968583655151,0.028138809370428584,0.0028527158469357937,0.0022819283202561566,0.4942521141623275,last,null_a,23,0,4,4247
8,52,12,0.35524346215582175,0.3667331927851938,0.0023734216434025475,0.0019197979441753948,0.4113400990056349,0.1730299551195074,0.12716183142553353,0.002750227801215141,0.0021130004574484865,0.47649537427244043,last,null_a,23,0,4,4248
9,52,12,0.37985617977528097,0.3966731692776989,0.002340156367254021,0.0018861841406021674,0.40557486044281127,0.15716522283686465,0.16442802474365545,0.0026614328966844897,0.0020743721491445306,0.461111062744092,last,null_a,23,0,4,4249
1,51,13,0.15849362096854286,0.16033760733619595,0.0037442585144896023,0.0030129074377771956,0.6383651153850023,-0.10929576752361563,-0.093367595568037,0.00415612116621767,0.0032958065371697584,0.7518740871345659,last,null_a,24,0,0,4201
2,51,13,0.17955160583002677,0.18886840564942275,0.003142226125041299,0.0024578752055828086,0.5357235711998346,0.02097902097902098,-0.0030234103307338646,0.0034216816216668037,0.002705385317220625,0.6190083596858036,last,null_a,24,0,0,4202
3,51,13,0.21918426532475405,0.24172797152521766,0.002833567835173285,0.0022762923353916355,0.48309988507783314,-0.06531443240304,-0.07870115746794698,0.003350840447826168,0.0025532229709744505,0.6061926498489697,last,null_a,24,0,0,4203
4,51,13,0.24751244866823582,0.27753456377799235,0.00267838847901037,0.0021598555924889,0.4566430880327143,0.0148838503268883,-0.03322210292916061,0.0031656300974068317,0.002442749636266561,0.5726866817647567,last,null_a,24,0,0,4204
5,51,13,0.2628943958634499,0.2790439918120612,0.0026326327490664245,0.0021252808667673617,0.44884211443215793,-0.03175305706951276,-0.10904811113219712,0.003246220305377329,0.0024987222100057746,0.5872660663944274,last,null_a,24,0,0,4205
6,51,13,0.3015173433134597,0.31615406029215637,0.0025681097985210516,0.002052319723240382,0.43784148490551517,0.06589612918726842,0.0754207771167393,0.0028819760735164556,0.002237697382936872,0.5213715006751943,last,null_a,24,0,0,4206
7,51,13,0.34903956710768097,0.35731164236551505,0.0025092322893720885,0.0019901905068385613,0.42780335645471224,-0.05916867942184397,-0.09966311989936111,0.0030703925971746395,0.0023666853317955952,0.5554574900053586,last,null_a,24,0,0,4207
8,51,13,0.371582885244962,0.3870951386952687,0.002473944926487194,0.001982556243143529,0.42178715287462404,0.008434603371312232,-0.1100652436698419,0.0030904930227291087,0.002411630911723995,0.5590938106298934,last,null_a,24,0,0,4208
9,51,13,0.3802401304579914,0.38702741878255564,0.002474333255756983,0.001976588447982198,0.42185335980402183,0.0904791411120525,0.016690732216431352,0.0028707108133091443,0.002206848458030403,0.5193335289953614,last,null_a,24,0,0,4209
1,51,13,0.1764681176895522,0.1801600268276868,0.003775112078795861,0.0030339645003117466,0.6266785262359195,0.047205958598363656,0.03518508843839496,0.004104345232017538,0.0032470088306416943,0.7027052177383153,last,null_a,24,0,1,4211
2,51,13,0.20822488323789065,0.20781418360344994,0.0031999430700010776,0.002521504903500537,0.5311989592072606,0.09338762503319464,0.044365005647918176,0.003311505134445443,0.0026419660572295925,0.5669630123677887,last,null_a,24,0,1,4212
3,51,13,0.2385698965977785,0.23617539489852157,0.0029245354713790827,0.0022694745374995744,0.48548057405307543,-0.18863415065946712,-0.20688705076275213,0.003597364986467291,0.0028561724902381753,0.6159050964767595,last,null_a,24,0,1,4213
4,51,13,0.2572309168047015,0.2563144694040773,0.0027974717723299215,0.002183754145024631,0.46438766608208576,0.09728246437107196,0.07673833914407607,0.002897231931598012,0.0022275122471804762,0.4960352699987693,last,null_a,24,0,1,4214
5,51,13,0.2929261028475016,0.3064156916682649,0.002672898329128848,0.0021103435104363193,0.4437081471263773,-0.03923924177088734,-0.07279460633096713,0.002943225388926013,0.0023648840927351185,0.503909812859854,last,null_a,24,0,1,4215
6,51,13,0.34555243296874116,0.33713804272676984,0.002614412273932865,0.0020477848335739017,0.4339993082599927,0.07151076771329935,0.06291796353320855,0.002686081629584992,0.0021521659238101162,0.4598842128717756,last,null_a,24,0,1,4216
7,51,13,0.36319422952984026,0.3634069557155768,0.0025731172782399933,0.0020325481144191264,0.4271442304499633,-0.04025088835215417,-0.06815020085377414,0.002817369256631636,0.002232515798960995,0.48236197615310883,last,null_a,24,0,1,4217
8,51,13,0.37244827624258975,0.3752238379594083,0.0025557182929580443,0.0020270666096424772,0.4242559531678832,-0.033194653447818,-0.0020619133787159465,0.0026606639757019057,0.0021250161032477064,0.4555324546748825,last,null_a,24,0,1,4218
9,51,13,0.38963903350274137,0.4024154124535134,0.0025251559633274186,0.0020109380965359336,0.4191825261300915,-0.011140757976201014,-0.045700522969886304,0.002697591700033514,0.002132613448871258,0.46185485279202815,last,null_a,24,0,1,4219
1,51,13,0.10826017910139002,0.1122390067051818,0.003697638924420397,0.0029857019762529933,0.6488329858241754,-0.03220829803108284,-0.05192425563436356,0.004078143230746027,0.0032982575814152247,0.6950636922987525,last,null_a,24,0,2,4221
2,51,13,0.1698562372962479,0.18571045562958832,0.003046808803068855,0.00244327421374019,0.5346303663872266,0.04295704295704296,-0.0010930687828900158,0.003292869749631127,0.002508441310159212,0.5612245762194065,last,null_a,24,0,2,4222
3,51,13,0.19645240337160316,0.19623857996082533,0.002804829507359878,0.0022359095008931194,0.4921697172671676,0.0344086293453382,0.025797124104325157,0.0031103182775618628,0.002490583646861778,0.5301111765588888,last,null_a,24,0,2,4223
4,51,13,0.23760115443661428,0.24635179861645562,0.002635989990271338,0.00210438013922816,0.46254306895540986,-0.10798062696796873,-0.11180315687579483,0.0031155826254194345,0.0025019378055322634,0.5310084125931318,last,null_a,24,0,2,4224
5,51,13,0.27089344651507286,0.2858250873889332,0.0025328502990410407,0.0020263845852152105,0.4444449162731744,-0.004008649578269831,-0.004994908845216523,0.0028194054675224787,0.0022868543455113292,0.48052907008491147,last,null_a,24,0,2,4225
6,51,13,0.3095551403574682,0.3240441298717572,0.002464686346958289,0.0020061426872707276,0.43248403489469844,-0.08827880979779712,-0.0915932960401882,0.003047492834176316,0.0025247075514703,0.5194034396847537,last,null_a,24,0,2,4226
7,51,13,0.3046513952901186,0.3108808530146927,0.0024670130420616217,0.00199055220052692,0.43289230529693473,-0.11083852856004754,-0.09812808605231933,0.002855999045428721,0.002342470959613712,0.4867659445483132,last,null_a,24,0,2,4227
8,51,13,0.3585974909466851,0.3648146567769191,0.0023996754504488774,0.0019238045657315275,0.421076427241412,-0.11956398032347398,-0.09601590986710215,0.0028519551782447946,0.002342780560247753,0.4860767227390264,last,null_a,24,0,2,4228
9,51,13,0.39687167968946224,0.39301000299205746,0.002368599069603886,0.0019172592336734202,0.4156233850746662,-0.1532265203151279,-0.11826857976535197,0.0029303715153694418,0.00239767412262369,0.4994417140437655,last,null_a,24,0,2,4229
1,51,13,0.1602393085897746,0.1450050316259551,0.0037424370628222283,0.0030005439107591014,0.6406379735138514,-0.035394984762073374,0.033844700858699166,0.0038857979967317226,0.003141986261439259,0.6693470380353975,last,null_a,24,0,3,4231
2,51,13,0.2073875329344335,0.2033808255286949,0.0030896727481216297,0.0024307437948082725,0.5288964530200935,0.07545618938024,0.12880262692716338,0.0030748882954009364,0.0024418169911640682,0.5296640161293557,last,null_a,24,0,3,4232
3,51,13,0.24846953808865072,0.2530977127175136,0.002782487930912104,0.0021847817641513505,0.47631193242887004,-0.04568848872646341,-0.015412128495846077,0.0031525064093211497,0.0024272614995441612,0.5430341024524447,last,null_a,24,0,3,4233
4,51,13,0.2364164042260826,0.25148429314688303,0.0026724240650669866,0.002124506002234215,0.45747097644524604,0.014959723820483313,-0.008437112587900622,0.0029628381818303266,0.0023140714786423554,0.5103628554171676,last,null_a,24,0,3,4234
5,51,13,0.28549766591073455,0.2873007110880631,0.0025842964152884315,0.002058286447009055,0.4423851064581376,-0.015516129440180073,0.028191159708803547,0.0028391319920459453,0.0022777700670123073,0.48905388058407956,last,null_a,24,0,3,4235
6,51,13,0.3558417618746369,0.3449777798153936,0.002481304205396473,0.0019537127789724606,0.42475469089594764,0.11116731369895927,0.08482574229400022,0.002719727631700558,0.002091106218133699,0.4684859161677825,last,null_a,24,0,3,4236
7,51,13,0.3347545422218738,0.344620795912241,0.002474326928108451,0.0019433870215454405,0.42356030640599934,0.07651841829057018,0.12209119643844864,0.002680210460078884,0.0021276459253596583,0.4616788969149157,last,null_a,24,0,3,4237
8,51,13,0.34130004728624547,0.3482654190338853,0.002467887004193694,0.0019577938047085266,0.42245790715730713,0.1164278759215468,0.15144465977131316,0.0025524892925375647,0.002023173162283963,0.4396783232206299,last,null_a,24,0,3,4238
9,51,13,0.3728647279031507,0.3883854503061255,0.0024227672599762286,0.0019319881675682242,0.4147342177496508,0.20813363851338534,0.21951384299911372,0.0024888567538035784,0.0019337261050355154,0.4287173182069646,last,null_a,24,0,3,4239
1,52,12,0.1369546363748611,0.15677469007871475,0.0037490999300971474,0.0030737453651670105,0.6324602133307742,-0.0068260098110844375,0.027526479631183244,0.004442711248393305,0.0037116161189036704,0.6822439823663774,last,null_a,24,0,4,4241
2,52,12,0.22313130016051363,0.23065840677374627,0.0030689095582416602,0.002472758460195129,0.5177144461572347,-0.17536791566642315,-0.2210335047593138,0.003977167615389443,0.0030394911466179995,0.6107528760603507,last,null_a,24,0,4,4242
3,52,12,0.26976273614026425,0.2674281557149087,0.002787151445787092,0.0022378304809093077,0.4701828254393856,-0.15232230456111054,-0.20135590764704314,0.0035746902525685496,0.002655351735268409,0.548946527758388,last,null_a,24,0,4,4243
4,52,12,0.3031602420051858,0.30787179169197043,0.002630792351024042,0.0020908735664824907,0.44380558602888986,-0.12764847093205303,-0.2007546182738362,0.0032827421441391125,0.0024164126905291804,0.5041135802623601,last,null_a,24,0,4,4244
5,52,12,0.320281121126065,0.3295437024678632,0.0025526854748205816,0.0020769272036754646,0.43062922570046275,-0.16580732700135686,-0.23630286075904613,0.0032349516979741765,0.002400098925739654,0.4967746508366803,last,null_a,24,0,4,4245
6,52,12,0.3530345474749969,0.35226602392411727,0.0025020985930187304,0.0020119664030312503,0.4220953934066651,-0.14359670180565703,-0.24980890344166987,0.0031369536199949326,0.0022371042514779775,0.4817255973991,last,null_a,24,0,4,4246
7,52,12,0.3704340782812693,0.3636394715875728,0.0024757043610237088,0.002013848314734337,0.41764277760299917,-0.07892704310614759,-0.20467056030636988,0.0031161151826619095,0.002245232614443113,0.4785255473221306,last,null_a,24,0,4,4247
8,52,12,0.4229387331769355,0.42664636868252565,0.0023982276216604876,0.0019281635481814274,0.40457271918378657,-0.037553491284834574,-0.1618077729583255,0.0029271952091843886,0.002124400666544806,0.44951409286389477,last,null_a,24,0,4,4248
9,52,12,0.4078349425855044,0.418424320920724,0.0024086215216868,0.001949391480575295,0.40632613423021086,-0.09203632188706817,-0.1844442879783062,0.0029929219172656293,0.0021549244900099097,0.45960740043264464,last,null_a,24,0,4,4249
1,51,13,0.15821012584465896,0.16285601660510968,0.003793688907676845,0.003037785484871702,0.6353642336524116,-0.1494834279644406,-0.15494616026285465,0.0045184857572526955,0.0036652686328502047,0.732779132849181,last,null_a,25,0,0,4201
2,51,13,0.17602309004990996,0.19032434380914326,0.0031787259495456048,0.0025327333023611475,0.5323706888135056,0.03466154099065491,0.06211759140343558,0.0037395667360462705,0.00299808095601616,0.6064590257196596,last,null_a,25,0,0,4202
3,51,13,0.223112803636248,0.23879475916530696,0.0028726154062079005,0.002293912038898054,0.4811035197034834,-0.06865286612122054,-0.05303279738179711,0.0036384297242206443,0.002905257706476034,0.5900572717237368,last,null_a,25,0,0,4203
4,51,13,0.2548570105770651,0.27331222316862713,0.0027190853933115005,0.0022111807055644815,0.45539042583614747,-0.11948810682987898,-0.07603141037493412,0.003492381463773062,0.0027670881962193862,0.5663720985497085,last,null_a,25,0,0,4204
5,51,13,0.26766221973923227,0.30091825537151273,0.0026474673349838837,0.002167008035894755,0.4433958859958037,-0.14346413080590295,-0.1275112722433115,0.0034108389173189042,0.0026717513107402183,0.5531480496777867,last,null_a,25,0,0,4205
6,51,13,0.2933098609527445,0.3257865751228294,0.002589356192623232,0.0021037641057603546,0.43366347452739695,-0.1991299839401105,-0.09850315278916152,0.0032812524266207454,0.002616218636258618,0.5321325410795033,last,null_a,25,0,0,4206
7,51,13,0.31498247641905264,0.346303274973764,0.0025567200694946433,0.0020763437527033103,0.4281976005810592,-0.2286700641131021,-0.1684590146553385,0.0033504548187433965,0.0026770083718304833,0.543355342614139,last,null_a,25,0,0,4207
8,51,13,0.3371044018042889,0.36665513267684346,0.00253032736580411,0.0020429679466990596,0.423777369939475,-0.10790475347437373,-0.03882827845020633,0.003176543705550953,0.0025147570402402394,0.5151515501127593,last,null_a,25,0,0,4208
9,51,13,0.34396691906310967,0.37387738097200435,0.002521962411444479,0.0020500169595604706,0.4223764135232836,-0.15583151026189,-0.09825777786969124,0.0032142064894607426,0.0025351343785944467,0.5212594596242152,last,null_a,25,0,0,4209
1,51,13,0.14081468386979037,0.13597217967762085,0.0037318378859053933,0.0030235021706235743,0.6372179440842405,-0.008839262003818966,-0.03222986953223134,0.0044065041856880555,0.003659858130637803,0.7833997727904587,last,null_a,25,0,1,4211
2,51,13,0.1793139393296553,0.19014543768504433,0.0030901015419800976,0.002481856694302445,0.527640324095798,0.09596732381542507,0.048117629375486706,0.0034833689727309033,0.002782768746020734,0.6192823941131971,last,null_a,25,0,1,4212
3,51,13,0.24500402122495255,0.2574881996439175,0.0027289815315868784,0.0022048620922356997,0.4659784412311787,-0.13339824732229794,-0.18184579676109955,0.0035576450306542625,0.002773380493904877,0.632487384838026,last,null_a,25,0,1,4213
4,51,13,0.30274149872857475,0.30012212905102864,0.0025710678315077344,0.0020376200209242766,0.43901439660126185,-0.05335171157955968,-0.12353720676438082,0.003385322809418995,0.002531278654835453,0.6018514922406888,last,null_a,25,0,1,4214
5,51,13,0.32241280744088846,0.31887653362491863,0.0024965901882165785,0.002003502536032481,0.4262972067904522,0.0020106475802678333,-0.06067097512669501,0.003135344084967993,0.0023237057663319034,0.5574096245639457,last,null_a,25,0,1,4215
6,51,13,0.3310160712294572,0.33298421250383137,0.0024595484916072486,0.001957936599053741,0.4199722713349392,-0.10787946230984205,-0.17175261116605336,0.0032397238732584316,0.002457849862033556,0.5759665347550743,last,null_a,25,0,1,4216
7,51,13,0.34191084854516973,0.34363555453493144,0.002436062653896797,0.001964288918954155,0.41596202285188666,0.08008447248953578,0.012393761633368569,0.002921784719412128,0.0022025777389898865,0.5194424852163597,last,null_a,25,0,1,4217
8,51,13,0.3573497418197348,0.3583760989390272,0.002413736914932981,0.0019345903699827373,0.41214986328932496,-0.0884811391140505,-0.11214526213616859,0.003081238268821328,0.002385890260650048,0.5477905518728071,last,null_a,25,0,1,4218
9,51,13,0.4065093609801676,0.3978924066341881,0.0023659924005321534,0.0018941100055084753,0.4039974026953904,-0.009446249952579066,-0.034242357277211845,0.002998631739737398,0.0023168432129409564,0.5331045483225224,last,null_a,25,0,1,4219
1,51,13,0.1242119164962127,0.13105771768639757,0.003656966037440805,0.002922755119325884,0.637377281142236,0.013998659568279821,-0.022490404950627013,0.0045876212194826595,0.0037179721997624726,0.7354200918004916,last,null_a,25,0,2,4221
2,51,13,0.205713820545816,0.21205144941033022,0.0029694511833238744,0.0023701750301133363,0.5175494391618896,0.11784418113532037,0.06915846617024536,0.0036597039446985935,0.0028460384483234235,0.5866700152887446,last,null_a,25,0,2,4222
3,51,13,0.24518157111227093,0.25986285230001815,0.002691860116660727,0.002157003863084528,0.46916773762906694,0.08951807685984901,0.044081700501764305,0.003579023478664342,0.002724557443190597,0.5737365072899943,last,null_a,25,0,2,4223
4,51,13,0.2703262503884933,0.2707727144676923,0.0025674125859363587,0.0020378650010076426,0.4474776185615484,0.06925985406998064,0.11440190832094625,0.003276497839195113,0.0026389051939726513,0.5252400375715217,last,null_a,25,0,2,4224
5,51,13,0.3274224565690411,0.334368349507578,0.002425645434125704,0.0019510268124386262,0.4227688406152297,0.12904816702285055,0.11902499064172564,0.0030291961699938463,0.002387103706265,0.4855962641287526,last,null_a,25,0,2,4225
6,51,13,0.36723402475124484,0.3845534233533545,0.0023425914622399813,0.001886956295004571,0.40829325778328424,0.03939098875807737,0.04913856043922955,0.0031759284518467694,0.0024895544624507888,0.5091182296589717,last,null_a,25,0,2,4226
7,51,13,0.3863658486250507,0.39794292186547087,0.0023211553585122577,0.0018503436783659036,0.404557131887562,0.029173358287282337,0.06644142673792595,0.003053791084013801,0.00244823748952938,0.48953895971346356,last,null_a,25,0,2,4227
8,51,13,0.4218179741426094,0.4253319211314626,0.002289418764634021,0.0018366993027766445,0.39902572040828516,0.06685719343947191,0.07381949071662378,0.003029622934866363,0.0023904746331899207,0.48566467680859443,last,null_a,25,0,2,4228
9,51,13,0.4388831865033097,0.44292514103735253,0.002272704044303974,0.0018163605975047258,0.39611249045483615,0.12178960280226102,0.1599592326764768,0.0028494366082868934,0.002270879885837397,0.45677984990276493,last,null_a,25,0,2,4229
1,51,13,0.1687267861345726,0.1737375080048301,0.0037255518132017656,0.003031801605929704,0.6274769604096285,-0.036153719698023494,-0.01040716937895245,0.004063475721202824,0.0033210686332596573,0.7303992554515493,last,null_a,25,0,3,4231
2,51,13,0.21812798349280155,0.22855055321518955,0.003044716034798153,0.002458385677639373,0.5128070306405734,-0.04093374979450928,0.0001932271740988931,0.0035834890071791236,0.0029046118735839973,0.6441228845309004,last,null_a,25,0,3,4232
3,51,13,0.25271994733455283,0.26227086051146686,0.002763947923804012,0.002166960656625497,0.46551859400086126,0.04078200280731926,0.07265385249186394,0.003016255872760786,0.0023838357906688667,0.5421641951052961,last,null_a,25,0,3,4233
4,51,13,0.2517157528419922,0.2613093425547762,0.0026605923596853356,0.002133196372374409,0.4481109082495056,0.06867815728575222,0.11673331959110848,0.0029457804762789523,0.002331833161197359,0.5294964247899988,last,null_a,25,0,3,4234
5,51,13,0.3126817806969014,0.31572543037702294,0.002533996055338886,0.0020271711761288944,0.426788895234168,0.1509503155072775,0.1545980996809803,0.0028042190694000844,0.0022015104409920465,0.504051127886787,last,null_a,25,0,3,4235
6,51,13,0.37318009306710503,0.37385396754385825,0.002431300678834242,0.0019388049532503386,0.40949240174052975,0.16496162065782316,0.16880258897412603,0.00277773919245955,0.0021767636015166685,0.4992914384660046,last,null_a,25,0,3,4236
7,51,13,0.4040028276219531,0.396868524585724,0.0023947274057132253,0.001904620147749907,0.4033325394165418,0.11690840804764854,0.12532791836199528,0.0028133138777750814,0.0022257941395721825,0.5056858961790917,last,null_a,25,0,3,4237
8,51,13,0.4036101343762769,0.4027945920172398,0.0023860829642853337,0.0018935172087589348,0.40187659728942077,0.12161256465053932,0.1802263064126992,0.0026564004536314225,0.002016301232963572,0.4774811138625983,last,null_a,25,0,3,4238
9,51,13,0.4342495544370754,0.4406079827135636,0.0023442838806660726,0.0018645377788610979,0.39483657657507154,0.16915995397008055,0.17988274585051436,0.0027125393237300453,0.0021174683816499265,0.48757193062519666,last,null_a,25,0,3,4239
1,52,12,0.2267460180269169,0.20629181565402488,0.0036687318157074354,0.002957960308593841,0.6244473533720667,-0.15432627074418123,-0.09833765840881126,0.004077173643598766,0.0032156583856004987,0.7071753386319324,last,null_a,25,0,4,4241
2,52,12,0.20423953574515372,0.20238178434778245,0.0031315854541758207,0.002480488581141236,0.5330207676522343,-0.00782799290261977,0.0011436426096047636,0.0033895161841680887,0.0027195378568092344,0.5879029113956888,last,null_a,25,0,4,4242
3,52,12,0.296283738733177,0.30120075988495293,0.002745866881066219,0.002183169193116442,0.4673683966902822,-0.04431687715269805,-0.0006094743321958217,0.0031958961157917197,0.0025843508046561763,0.554320005836842,last,null_a,25,0,4,4243
4,52,12,0.2952636621805161,0.3153637907580558,0.002637023460249098,0.0021103019170301703,0.448842380214993,0.031332846258219395,0.012703527832827563,0.0030752013025527256,0.002434714194630753,0.5333857992308987,last,null_a,25,0,4,4244
5,52,12,0.3127042844795654,0.3240854673421951,0.0025795690111847405,0.002043642113464612,0.43906317572147247,-0.20054274084124835,-0.24555053360527151,0.0032896390472375247,0.002610031381573237,0.5705794774915796,last,null_a,25,0,4,4245
6,52,12,0.36498762810223484,0.37329622578735083,0.002497765209223324,0.0019768407429953568,0.42513951757565915,-0.09462477820686777,-0.05149610728470242,0.0029931694745927223,0.002442617943007572,0.5191575885175066,last,null_a,25,0,4,4246
7,52,12,0.3814453636251389,0.3963816096939924,0.002463093356634547,0.001965934742833007,0.41923809232215004,-0.1283582089552239,-0.10190934786451622,0.003054458341846434,0.0024811024931395203,0.5297879857591249,last,null_a,25,0,4,4247
8,52,12,0.41850425978515865,0.42055129821982074,0.002435006797857302,0.0019477428904238693,0.4144575364857464,0.05358522074939987,0.050344098997927515,0.002861900369227695,0.002284648829245545,0.49638929799248344,last,null_a,25,0,4,4248
9,52,12,0.437357698481294,0.4395729514172505,0.0024164117159340024,0.0019194286184046018,0.41129250554970836,-0.10255714434818915,-0.10165314528312164,0.0030361270671150522,0.0024856720902496706,0.5266084730503462,last,null_a,25,0,4,4249
1,51,13,0.15011241806640926,0.14713151001570435,0.0038211752109364914,0.003100437180650063,0.6322535197789784,-0.06048381997749086,-0.08232233219559992,0.0046070101700703475,0.00384016545688676,0.7882386307363319,last,null_a,26,0,0,4201
2,51,13,0.17187990248920657,0.1828449433248739,0.0032242544258854213,0.0025905511257839123,0.5334867146616397,0.017058890476611997,-0.025338286679977416,0.0034607490702266794,0.002816043237726311,0.5921185340895087,last,null_a,26,0,0,4202
3,51,13,0.22313376209929184,0.23320544904608445,0.002896816549720143,0.0022478913290753366,0.4793086834837097,0.03258766549905791,-0.04842937891005167,0.003228777258893896,0.002531918660717542,0.5524292049618528,last,null_a,26,0,0,4203
4,51,13,0.2642317434493068,0.2764120331953963,0.002732098730818827,0.002159992413425259,0.4520543925858186,-0.008763388510223952,-0.008996895269913173,0.002916382500791174,0.0023696515125111086,0.4989798729035436,last,null_a,26,0,0,4204
5,51,13,0.3060386067241996,0.29688465615834636,0.002660107770328444,0.002090105184025304,0.4401427330439996,-0.03870812731572225,-0.10093210206798911,0.0028455241182051972,0.002301162720851867,0.48685632370267246,last,null_a,26,0,0,4205
6,51,13,0.30790905690539766,0.30062103340634616,0.002630814918626425,0.002058173643194479,0.43529592347087187,0.07656900061963352,0.027764289623595326,0.0027192692018282627,0.0021438063835739294,0.4652546777902725,last,null_a,26,0,0,4206
7,51,13,0.3647849315815297,0.36361986139692726,0.002540939347247647,0.001977816369045426,0.42042506746203356,-0.10059560692472085,-0.12695242818125616,0.0028247114204631245,0.0022959312664509726,0.48329536512769067,last,null_a,26,0,0,4207
8,51,13,0.348279256655609,0.36108415102621993,0.0025391998710918985,0.0020049268583156995,0.42013725288632503,-0.061318428407035996,-0.12014320467590911,0.00280141512502288,0.002226615537077861,0.47930947420469167,last,null_a,26,0,0,4208
9,51,13,0.38524294440959145,0.38554827236158723,0.0025118315713241256,0.001984014473364922,0.4156088806177579,-0.12262421123180615,-0.1541389935256378,0.0027516430731017124,0.002233444201855596,0.4707937009359125,last,null_a,26,0,0,4209
1,51,13,0.1568624843182109,0.14359094301282882,0.003768977870571195,0.0029584538230381136,0.6440848401698979,0.008636932687565598,-0.014861077304416912,0.004151768764669983,0.0033452638409660596,0.6912465519872358,last,null_a,26,0,1,4211
2,51,13,0.19495838200994703,0.21096152476830787,0.003100901046634346,0.002468548882463374,0.5299164451452367,0.06061027580014921,0.032394192480599084,0.003667367089462707,0.002924710396686025,0.610596350412128,last,null_a,26,0,1,4212
3,51,13,0.2549888141923959,0.270690268636382,0.002798450644371959,0.0022229157375286066,0.4782303579114669,-0.01280997483529129,0.0006328608054836059,0.0032780054300891957,0.0025862289368882435,0.5457697861756291,last,null_a,26,0,1,4213
4,51,13,0.2763152650245004,0.2780757282091615,0.0026997678937438763,0.002102276327617485,0.46136635237773793,0.10795533580343705,0.07075141127279913,0.003037304725112123,0.00239611446121301,0.5056944491789831,last,null_a,26,0,1,4214
5,51,13,0.2951637173017095,0.2901100105285924,0.0026415734885438043,0.0020467299284819183,0.4514214454403061,0.008004653574273827,0.030825766726580935,0.0030117086810657703,0.002451614871494639,0.5014328493177103,last,null_a,26,0,1,4215
6,51,13,0.32328845120334515,0.3245308574467549,0.002572602367945497,0.00201668056787276,0.43963489356538965,0.03200596871482947,0.0034682776144264746,0.0030472242903339538,0.00246847189772094,0.5073460019617759,last,null_a,26,0,1,4216
7,51,13,0.33199337794919337,0.337471546004675,0.0025514554066134437,0.0020093241470028993,0.4360210657114281,-0.035091490787693316,0.02055628863301106,0.002929457232325207,0.002395421964556657,0.48773843771615544,last,null_a,26,0,1,4217
8,51,13,0.35716819788346693,0.3570792311395513,0.002524768861231503,0.001974151694767338,0.4314605721486445,0.03504090845862998,0.02641361666895304,0.0028618529235410676,0.0023549298352302343,0.47648269396082343,last,null_a,26,0,1,4218
9,51,13,0.4055917591158608,0.39431767718343735,0.0024853353835041065,0.001922179813513688,0.4247217410725299,0.016198990882535184,0.00039430299161254123,0.0028419712768300385,0.0022585535167190546,0.47317250967171365,last,null_a,26,0,1,4219
1,51,13,0.19188321137347025,0.19671824968398954,0.003617310497637583,0.002961193871128134,0.6196170971007269,-0.05330112925049634,-0.03886087540684104,0.004094891223953568,0.0032876943557244354,0.6616514646715036,last,null_a,26,0,2,4221
2,51,13,0.2200435623095518,0.21712109174974886,0.003039377102183332,0.0024112090216839646,0.5206216105250518,0.11488511488511487,0.07657074433047947,0.0032576211297582506,0.0027361304181248544,0.5263655794422698,last,null_a,26,0,2,4222
3,51,13,0.2141161877898053,0.22247818981735135,0.002787269068379007,0.002215501538456624,0.4774374691129098,0.09427281579180312,0.07704219375443519,0.0030463864763573493,0.0024662925229823173,0.49223433878939993,last,null_a,26,0,2,4223
4,51,13,0.26704318332783494,0.2758293651891334,0.002607032523517059,0.002100647086117417,0.4465643536333953,0.05522325775490332,0.01746288397557654,0.003119964405514173,0.002498473212826327,0.5041230415489095,last,null_a,26,0,2,4224
5,51,13,0.31634485886842745,0.3122187638471623,0.002507276287390113,0.001984227447148294,0.4294768878250162,0.17679788565864513,0.15306020433529577,0.0027763382617597516,0.002292708506494427,0.4486000181326686,last,null_a,26,0,2,4225
6,51,13,0.3525482361703378,0.3538982980292393,0.0024317714305799047,0.0019411779557706472,0.4165434942929151,0.13382819711933636,0.12893837870542058,0.0027505666761885733,0.0022717091439608456,0.4444358520028504,last,null_a,26,0,2,4226
7,51,13,0.35900966032795995,0.35891032781241783,0.0024165850881288213,0.001920546473099438,0.4139421921842729,0.03820230402508883,0.06189068505514286,0.002793427093320463,0.0023222560192275527,0.4513612271155906,last,null_a,26,0,2,4227
8,51,13,0.38449255731624943,0.3811775700956523,0.0023843080417317516,0.00190094730930054,0.4084133856843612,0.09300825756521958,0.07521211884713204,0.00270787989523388,0.0022465790765018295,0.43753853297870415,last,null_a,26,0,2,4228
9,51,13,0.42231628321875214,0.41835372414504884,0.002342218646516513,0.001871976318817961,0.4012038003034481,0.08754536602637869,0.06715350773359428,0.0027180982593646135,0.00227572182872167,0.4391896136115907,last,null_a,26,0,2,4229
1,51,13,0.11348674214568216,0.1294412713996802,0.0036674736605909497,0.0029828218384278468,0.6422557307891883,0.19083448197372246,0.13167785437204316,0.0038796895989186677,0.003247626176593988,0.647352070465042,last,null_a,26,0,3,4231
2,51,13,0.17369530067612246,0.18639602082330137,0.0029701187767438523,0.002376674666351788,0.520133471164709,-0.17474930133157981,-0.15985854293761917,0.004519891938917909,0.00378031785858138,0.7541740982970067,last,null_a,26,0,3,4232
3,51,13,0.2402235152143618,0.2355473149848211,0.0027187163369038953,0.0021445834536893693,0.476107345099613,-0.08949278569531734,-0.08366816627345511,0.003347139707005092,0.0026214973101283063,0.5584925711761622,last,null_a,26,0,3,4233
4,51,13,0.28038277153397667,0.2877936720945318,0.002540807357588074,0.0020088188084605037,0.4449515490124422,-0.07454570745709985,-0.1346747892268837,0.003353948977304296,0.0025444892569763014,0.559628743314205,last,null_a,26,0,3,4234
5,51,13,0.3033491294537969,0.30325036524702464,0.002482818125259019,0.0019829049900020918,0.43479635221100144,-0.0026935090226229462,-0.08657030930344943,0.0032778694393705526,0.0024282104166456304,0.546934365285829,last,null_a,26,0,3,4235
6,51,13,0.3050283593945713,0.30911896905624064,0.0024509970336157104,0.0019534000451994537,0.429223775456738,0.04331111926048634,-0.017936580576799928,0.003150179751235479,0.0023608805061742684,0.5256284896780705,last,null_a,26,0,3,4236
7,51,13,0.3514273495672344,0.35460469873737,0.002389538038870435,0.0019067196146416935,0.41846094653506133,-0.05249181198548287,-0.0428766109857588,0.002937835316503645,0.0023051871149420465,0.490197405316658,last,null_a,26,0,3,4237
8,51,13,0.3524258206288263,0.3513360111583152,0.00238986704288482,0.0019147446451010964,0.41851856241270535,-0.09561324751198168,-0.1271250886966776,0.002958505748977299,0.002226533255691169,0.49364640475799404,last,null_a,26,0,3,4238
9,51,13,0.3691825030021248,0.3732987532219403,0.002366039854457432,0.0018980621944835682,0.414345894867598,-0.17151203227152595,-0.15199926920881845,0.00301874862250483,0.0023264888330131414,0.5036983297675826,last,null_a,26,0,3,4239
1,52,12,0.12669667860229658,0.12881517278509197,0.003785923403429274,0.0030527181245534477,0.6493739151438626,0.06268656716417911,0.06761453814740974,0.0041806195222676866,0.003329704823270334,0.7251754077608411,last,null_a,26,0,4,4241
2,52,12,0.20026492159525866,0.21204523204803558,0.0031046022094382425,0.002420057683485524,0.5325114844851508,-0.18158856069303833,-0.1092256163187208,0.0040776510445439135,0.0033677619508852116,0.7073143688831997,last,null_a,26,0,4,4242
3,52,12,0.17733112729966663,0.19624107518994208,0.0029175652952755484,0.002319997118330854,0.5004303036783125,0.08777789374804301,0.10687037263376162,0.003400456968089408,0.0027953733345567164,0.5898474509036022,last,null_a,26,0,4,4243
4,52,12,0.2555854796888505,0.2680365776481305,0.0027205057116905023,0.0021886169219169716,0.46663000196240084,0.09074209372716836,0.07886450135088027,0.0031452010562143893,0.002663535527035042,0.545570446265561,last,null_a,26,0,4,4244
5,52,12,0.21482805284603038,0.2312548914584226,0.0027302100924036492,0.0021895298546022995,0.4682945289552171,0.12472602024840833,0.1433147393028416,0.0029898797328601783,0.0025778329864424806,0.5186282183499608,last,null_a,26,0,4,4245
6,52,12,0.2851066057537968,0.29907348292050595,0.0026239681299482774,0.0020768757871933233,0.4500715614620765,0.07345788539818392,0.09218926006804509,0.002925894621063137,0.002522791837546681,0.5075292821059676,last,null_a,26,0,4,4246
7,52,12,0.3238161748363996,0.33074256605635227,0.002576397797994168,0.0020503552713603316,0.4419121431606517,0.06744598684897193,0.07120826353953101,0.0029990112483263102,0.002640982973101371,0.5202121822616144,last,null_a,26,0,4,4247
8,52,12,0.3474383998024448,0.3635197394721412,0.0025384333337819705,0.002020573630154254,0.43540035458630205,0.1398810145078802,0.12236128235261383,0.0028924408482852303,0.002531146039186821,0.5017263495056343,last,null_a,26,0,4,4248
9,52,12,0.31971966909495003,0.344386132379072,0.0025581758975878905,0.0020565098658160332,0.43878666344347944,-0.09312180356956479,-0.03860404855843429,0.0030551543595784252,0.002621176715497417,0.5299508354392971,last,null_a,26,0,4,4249
1,51,13,0.14486119074046044,0.15225288152692457,0.003674096934082992,0.0029972012196849583,0.6370870478799606,-0.0067400953476902834,-0.02042663615544625,0.004075923368526187,0.0033618762891705375,0.6657136421751934,last,null_a,27,0,0,4201
2,51,13,0.11837125813200718,0.13266283874032558,0.003143403325115751,0.002490118145786447,0.5450649725968307,-0.05380695254112975,-0.057662148452030326,0.003822993183266067,0.003069873579078512,0.6244029845348253,last,null_a,27,0,0,4202
3,51,13,0.1888876334856452,0.2187627194543703,0.0027935658401201107,0.0022548624664921863,0.48440328224073514,-0.1121030867866311,-0.12873202981294662,0.003510568361681126,0.0027492396918508614,0.5733751689754637,last,null_a,27,0,0,4203
4,51,13,0.21844186632931087,0.24380362981895004,0.0026388963769790677,0.0021462073613794245,0.45758365460499906,0.040478508832939214,0.005665228258306268,0.0031369670661968835,0.002460664716067325,0.5123555038221129,last,null_a,27,0,0,4204
5,51,13,0.23944076397180084,0.2667054860659131,0.002554695300857819,0.002038774786646499,0.4429832191845899,-0.00782761542255213,-0.0052871545058491495,0.0030425785833579667,0.002439095621224099,0.49693919320761604,last,null_a,27,0,0,4205
6,51,13,0.2685717511541154,0.2971595435417509,0.0024916562513063066,0.00201401616041075,0.43205227133523616,-0.1428824340216745,-0.1371626263258722,0.003103546553829533,0.002530420249810151,0.5068969882908273,last,null_a,27,0,0,4206
7,51,13,0.2824272304869297,0.30868307797322947,0.002464288029623186,0.001968500355053485,0.4273066318296265,-0.08645784595151684,-0.1051963719412989,0.003068497777644615,0.002458250963861799,0.5011725311952854,last,null_a,27,0,0,4207
8,51,13,0.30496198406563874,0.3299873582687327,0.0024346121968535353,0.0019476685350165268,0.42216085341610327,-0.00011381024039251886,0.0055879837726703525,0.002882013362426213,0.002345924899242497,0.4707143483396928,last,null_a,27,0,0,4208
9,51,13,0.3339465914127453,0.35453126065896645,0.0024071795825829534,0.0019332701025081677,0.4174040482596718,-0.0428305871343846,-0.06329806959318611,0.002935281067315571,0.002375400747606566,0.47941447212171334,last,null_a,27,0,0,4209
1,51,13,0.1882868379369757,0.16878757472133496,0.003595219307498438,0.002914565782453318,0.6305118002373374,0.08117199256439762,0.04590998743429173,0.0040629586343516495,0.0031822239240659788,0.6593459463903505,last,null_a,27,0,1,4211
2,51,13,0.18147290807774574,0.19481278272691685,0.0029940479383713517,0.002411535697100647,0.5250813355619559,-0.015617294098306757,0.012511622418682998,0.0037119122929333732,0.00316597503713459,0.6023773668305344,last,null_a,27,0,1,4212
3,51,13,0.2393417362633127,0.24302301345930696,0.002700054968082033,0.0021325523097274215,0.4735223008828673,-0.09900226355922558,-0.1070601913764294,0.0033465458719856562,0.0026534218974189013,0.5430848929760794,last,null_a,27,0,1,4213
4,51,13,0.2494687914897275,0.25725509464941965,0.0025701306376220002,0.0020749964822189973,0.4507368136882112,-0.15863882952490546,-0.10455892015122766,0.0032914308606590654,0.0025881575119568742,0.534140706590277,last,null_a,27,0,1,4214
5,51,13,0.2969915505688596,0.30766904743648316,0.002459825930162365,0.001989412722279348,0.43139211904608676,0.09358995434944802,0.0950871791795948,0.0028178185256382132,0.0022198183429623115,0.4572818455090348,last,null_a,27,0,1,4215
6,51,13,0.3021228740748012,0.3027745502991751,0.0024402793123877204,0.001972869561966072,0.4279641297893709,-0.13903817701286053,-0.0932747176174476,0.0030491716381344596,0.0024619149763952515,0.4948263421769248,last,null_a,27,0,1,4216
7,51,13,0.36683474338359023,0.3730050405373576,0.002350913429051575,0.0018782530746130012,0.4122915826753316,-0.21607506417633,-0.14648528233664532,0.0029594679345894704,0.002390202375219321,0.4802690260357949,last,null_a,27,0,1,4217
8,51,13,0.3998774691663538,0.39594763364066027,0.0023229511580677136,0.0018450747427230466,0.40738769773568767,-0.23286839742535945,-0.1593201325745121,0.0029948127466069463,0.002411902540817796,0.4860048605905985,last,null_a,27,0,1,4218
9,51,13,0.4245774090332704,0.42831513420938105,0.0022918673038724927,0.0018382766365533313,0.40193636495438356,-0.19199787554217934,-0.0906221593384696,0.002888871235314178,0.002260876478706473,0.4688124369624655,last,null_a,27,0,1,4219
1,51,13,0.17544802935271864,0.1678268742731288,0.0037047339441022005,0.002967116141906229,0.6306752636097925,0.015086179643141667,0.09474933212684833,0.004047026443995898,0.003144421918608312,0.6630578168959524,last,null_a,27,0,2,4221
2,51,13,0.18421566678464893,0.1786666662784953,0.0031143731940864745,0.002477244181460282,0.5301752203519571,-0.1057550044891817,-0.08237199719830628,0.00374613267980465,0.002906672495336492,0.6137599026957021,last,null_a,27,0,2,4222
3,51,13,0.20865858754288247,0.21425927688943985,0.0028155787072442974,0.002229974024564391,0.4793099505113695,0.1224977554091478,0.22851630621145813,0.0029851383032926987,0.00243427392354352,0.489079899502567,last,null_a,27,0,2,4223
4,51,13,0.23458927094689264,0.2425436309002031,0.0026573447867189286,0.0021168648776318287,0.45237300414894127,0.1384564802286321,0.10703506737163139,0.003071304584849008,0.0023139895861723245,0.5031972341257519,last,null_a,27,0,2,4224
5,51,13,0.272754096864828,0.2904739922851709,0.0025381560229829447,0.002026856000896282,0.43208290879454103,0.13162786580508098,0.10289999940491615,0.0030435171550579924,0.0023820271802475305,0.49864458966213226,last,null_a,27,0,2,4225
6,51,13,0.2791383576437779,0.2947606126728074,0.0025065753574902744,0.0019934535359489537,0.4267067752219076,0.054970346109586614,0.07310940161411901,0.003008056589396711,0.002327138959347581,0.4928347918813079,last,null_a,27,0,2,4226
7,51,13,0.3126702103076768,0.32600556608682973,0.0024535696154785384,0.0019613610112037758,0.417683344438355,0.06296235410159459,0.12609915175345507,0.002957289166803249,0.0023649357362704633,0.48451714512014205,last,null_a,27,0,2,4227
8,51,13,0.3430014709629347,0.3548852079528763,0.002416146501049027,0.001925489607145661,0.41131262175919875,0.14060622921382415,0.11993997990387144,0.0029429483867838765,0.002260598433052138,0.4821675765112348,last,null_a,27,0,2,4228
9,51,13,0.3626169865172436,0.37240758738883917,0.0023973385202193005,0.0019108572256251021,0.4081108457486328,0.10995333780143907,0.09804100566427378,0.002889392194412649,0.0021637113574715272,0.47339302253034615,last,null_a,27,0,2,4229
1,51,13,0.14459120126663233,0.14537981859150578,0.003733453457699344,0.003030540906986935,0.6402934877233952,-0.08638197245792183,-0.06583388052412262,0.0043565614685677784,0.0034468807746588525,0.7087840911776276,last,null_a,27,0,3,4231
2,51,13,0.20459701034318678,0.21566296388189005,0.0030535806231680404,0.002438220943925555,0.523694163970557,0.05234006499829285,0.0816115982692843,0.0036420688430548855,0.0029606211884649685,0.5925408085151294,last,null_a,27,0,3,4232
3,51,13,0.2449204344273513,0.26804123454525297,0.0027361152195021043,0.0021974031115981176,0.4692483183619609,-0.0747733279378849,-0.03135079089730138,0.0035028611326729945,0.0028023162898682306,0.5698926234269973,last,null_a,27,0,3,4233
4,51,13,0.26716955174253354,0.3006259600768969,0.0025928519586696226,0.002087440955997598,0.44467843046048344,-0.060407946483895844,-0.0831998439456447,0.003413111135473764,0.0025795358695883813,0.5552908851852633,last,null_a,27,0,3,4234
5,51,13,0.2811149177645909,0.2991425951857172,0.0025497869972749007,0.0020507149279417325,0.4372927178374334,0.11668078756686351,0.09640849905934742,0.0030491412889149605,0.0024079001510663384,0.49607536882665865,last,null_a,27,0,3,4235
6,51,13,0.29986928342479563,0.32812009145073434,0.0024927282220418893,0.0019967489911818827,0.42750704282819313,-0.08896167124015225,-0.09359122764676504,0.003236347551346508,0.0026176061729587937,0.5265326047769932,last,null_a,27,0,3,4236
7,51,13,0.31518938462493734,0.3428297813155944,0.0024616110125624795,0.001967898813410323,0.4221703895629162,-0.15077327735555585,-0.12320851496897807,0.0032178209206559063,0.0026173859079577683,0.523518442991061,last,null_a,27,0,3,4237
8,51,13,0.35770512982470815,0.38293652219439117,0.0024113173452794223,0.001949413077023868,0.4135449418373905,-0.026138418543481833,0.05211035130738677,0.003078102206723869,0.0025142005982446447,0.500787120963512,last,null_a,27,0,3,4238
9,51,13,0.3942012667970346,0.41677535684997996,0.0023750887504437545,0.0019109942798568639,0.4073316774682287,-0.03286586830890628,0.06893405950465822,0.002984533155610584,0.0024330431175858284,0.4855640475983873,last,null_a,27,0,3,4239
1,52,12,0.1827957525620447,0.1771423888594465,0.0037601587708058107,0.0030399666084656904,0.6379355195156082,0.02953762655255193,-0.06899144574336545,0.004514016890598714,0.003438037230331992,0.7272859892412603,last,null_a,27,0,4,4241
2,52,12,0.1758301518706013,0.1742224302123408,0.003225146070038236,0.002602739435475467,0.5471671168988035,0.07496086003548692,-0.04365979271097578,0.0037680284541953164,0.002642964146195314,0.6070943836090037,last,null_a,27,0,4,4242
3,52,12,0.19322992962094085,0.20426747664215802,0.002958024371404063,0.0023707038641311703,0.5018481742745897,0.09817346832272207,0.0034666114130113748,0.0034553633277681958,0.0023745539376632736,0.5567186381729622,last,null_a,27,0,4,4243
4,52,12,0.2253973576984813,0.23547845319997335,0.0028103170976669025,0.00225771709720318,0.476788669569804,0.06707024318964619,-0.0601942967970002,0.0034315892739168463,0.0023562788127111517,0.5528882279878421,last,null_a,27,0,4,4244
5,52,12,0.22959496234102975,0.24553685590407048,0.0027434640466005838,0.0021817487679409832,0.4654466123688374,0.10447761194029852,-0.027448099999450398,0.00329730985866564,0.002259812541656533,0.5312534978300737,last,null_a,27,0,4,4245
6,52,12,0.27919585133967156,0.28121792091264863,0.002675766091372488,0.002109739733680315,0.4539612116528127,0.04252165744703059,-0.18611801697184452,0.0034362197184966336,0.002340928539868967,0.5536342724862248,last,null_a,27,0,4,4246
7,52,12,0.30831613779478956,0.31637835579754703,0.0026202329258226778,0.0020802819911674647,0.4445396470395258,0.1540757749712974,0.03559959176478886,0.0031732449890194,0.0021845126553411568,0.5112645071732874,last,null_a,27,0,4,4247
8,52,12,0.324154735152488,0.3240212525777948,0.002604390810192108,0.002088525683946615,0.4418519285464984,0.17048324809518842,0.06650712072147821,0.0031217681225985837,0.00218263159095516,0.5029706960012742,last,null_a,27,0,4,4248
9,52,12,0.3262985553772071,0.3347699191443847,0.0025918406619650516,0.0020758963681984195,0.4397227138464741,0.14434818912430852,0.028119299987109433,0.0031466687189975607,0.002191093240064369,0.5069826116240191,last,null_a,27,0,4,4249
1,51,13,0.15826278964472398,0.14850883487054137,0.003758105402027087,0.00296355424768221,0.6446027702517018,0.020321450701197535,-0.0026211947576594953,0.0038369554492742445,0.0030029481061103363,0.6758283221700171,last,null_a,28,0,0,4201
2,51,13,0.17701361418936537,0.19464595043726435,0.0031477776605367664,0.002497760843116019,0.5399173208457542,-0.13835531557050543,-0.16064341077692043,0.0036548720982807997,0.0028337580722368025,0.643756778149283,last,null_a,28,0,0,4202
3,51,13,0.2676995661556974,0.27118740461747926,0.002808035970143186,0.0021974785124345775,0.4816436932142426,-0.18355062658860125,-0.20387274152660936,0.003414593166561518,0.002711040509449483,0.6014348618738774,last,null_a,28,0,0,4203
4,51,13,0.272153136613109,0.2853422210256161,0.0026987502619071485,0.0021440189032593147,0.46289864411586695,-0.11536564701121663,-0.19117604851725484,0.0031977794010167207,0.002408066762191055,0.5632460204008235,last,null_a,28,0,0,4204
5,51,13,0.32305963749188216,0.3290864484534304,0.0026023413692658048,0.0020850045004587913,0.44636226936704043,-0.210005184688729,-0.2875290031259915,0.0031535455440785294,0.0024432005778262816,0.5554548188315427,last,null_a,28,0,0,4205
6,51,13,0.35480717966945086,0.354169088082251,0.0025490166056496223,0.0020289754458894557,0.4372158280960033,-0.11405050645556973,-0.16202570038277975,0.0029136970890175752,0.0022206585878158736,0.513208725255039,last,null_a,28,0,0,4206
7,51,13,0.3861138117836137,0.3971175119084396,0.002490850928124266,0.0019850426979536673,0.427239057128859,-0.06508681192225496,-0.1413252654676325,0.0028468877907142373,0.002222080981920107,0.5014411619943706,last,null_a,28,0,0,4207
8,51,13,0.4055231602957605,0.4109969692698163,0.0024730114727807124,0.0019861312398027093,0.4241791742612754,-0.19260486349093942,-0.23211369661231404,0.0028988589035530863,0.0022772122108464738,0.5105951775818676,last,null_a,28,0,0,4208
9,51,13,0.41146268166540473,0.4191295099978771,0.0024643738141716613,0.001964693614256827,0.4226976142537036,-0.1661755965553434,-0.22581697373149695,0.0028461267076673393,0.002215670746129443,0.5013071074072333,last,null_a,28,0,0,4209
1,51,13,0.13280290990759663,0.11579363798847167,0.003875876391589586,0.003096022354681252,0.654341828438669,0.03772177189898709,0.07850818344580804,0.0039022331075283783,0.003137629106832757,0.6720857216514834,last,null_a,28,0,1,4211
2,51,13,0.21298109554868594,0.21196467485318893,0.0031471808489891874,0.0025017634071944255,0.5313203681168398,-0.007599994941767093,-0.014323896103931354,0.0035002986406923336,0.00286844637331269,0.6028601247288007,last,null_a,28,0,1,4212
3,51,13,0.27335349243757706,0.27380221632694346,0.0028463780463363216,0.0022459029134403266,0.4805375680475556,-0.04702892044664196,-0.060164297871278555,0.0030782419161510042,0.0024230152678724227,0.5301688501496441,last,null_a,28,0,1,4213
4,51,13,0.26443124001796575,0.27300745236442747,0.0027616839669934805,0.002180543925636092,0.4662391557309554,-0.1486235283703638,-0.19243225721440768,0.002968065887251875,0.002222748179422057,0.5111931165502059,last,null_a,28,0,1,4214
5,51,13,0.31845548727150125,0.3238594571212214,0.002642180239953522,0.0020747744783665496,0.4460640316154797,-0.03602726387536513,-0.09419611114298135,0.0028309694695805997,0.0022145497810639623,0.4875808560143937,last,null_a,28,0,1,4215
6,51,13,0.3412218133377517,0.34327048909553354,0.0025971812630893494,0.002043451114506289,0.4384671142155685,-0.0639234183537981,-0.1532034182404097,0.0027934623220893092,0.002080151318080117,0.481120960463782,last,null_a,28,0,1,4216
7,51,13,0.3410174168533712,0.35596420605788714,0.0025715485331202605,0.0020488224569526177,0.4341396884410408,-0.1361296930917184,-0.17445425736835224,0.002772373050704686,0.002133154434719789,0.47748873302193745,last,null_a,28,0,1,4217
8,51,13,0.3688054977219097,0.3751530197553566,0.002545035670910572,0.0020129026004177216,0.42966367502299807,-0.10049444226659417,-0.17160069230187447,0.002741670860765953,0.002134986062699499,0.4722008624840537,last,null_a,28,0,1,4218
9,51,13,0.38910626031349904,0.39724004997639717,0.0025190943366304444,0.001987694811329872,0.42528414936479303,-0.07785885001074873,-0.15566550626588854,0.0027469831306879953,0.002094756064085103,0.4731158003326602,last,null_a,28,0,1,4219
1,51,13,0.1347917815813568,0.13582208221437103,0.0037886797753698643,0.0030311784872633276,0.645601334547134,-0.047964693534313776,-0.028628072392472732,0.004098811947709354,0.0033241294459405925,0.7107259741066143,last,null_a,28,0,2,4221
2,51,13,0.1957162219162771,0.19623253116593575,0.0030948505400621613,0.0024776160899967806,0.527370946438194,0.024545075177986566,-0.021796725712298376,0.0034914099666612476,0.002594118681948907,0.6054036587230168,last,null_a,28,0,2,4222
3,51,13,0.20766575756073463,0.21512440687925155,0.002850345270345344,0.0023050003337541773,0.48570658370709624,0.0965490205996535,0.07972605837089525,0.0029958901374408345,0.0022619292651725985,0.519481489615298,last,null_a,28,0,2,4223
4,51,13,0.2744369502726906,0.2784168650899361,0.0026418179406803573,0.0021203790563813435,0.45017295977918775,0.056943056943056944,0.037928897836007155,0.002943513423405187,0.0022528776859810076,0.5103994698548421,last,null_a,28,0,2,4224
5,51,13,0.30524889677779893,0.3152655916526548,0.002547341056561832,0.0020473020044065086,0.43407384185761033,-0.13003452243958571,-0.09902279877548813,0.003101122131594632,0.00251853437029722,0.5377285115587996,last,null_a,28,0,2,4225
6,51,13,0.33711197814456406,0.34442877177240333,0.002481098483654213,0.0020200759940176448,0.4227859273310205,-0.25757786517280185,-0.21637581327524477,0.003238978216047646,0.0026606711391457915,0.5616324869446788,last,null_a,28,0,2,4226
7,51,13,0.3485345875580351,0.35526108537582174,0.0024641616957101955,0.001987395754462423,0.41989985261689866,-0.06336701273410134,-0.05233051339327224,0.002945903121737858,0.0023456653115094144,0.5108138388712732,last,null_a,28,0,2,4227
8,51,13,0.38709420668552724,0.39008770384674574,0.002419298770053725,0.001975452319650393,0.41225508810980116,-0.11609909078263508,-0.09633546168776164,0.0029466328534395896,0.002389644862747002,0.510940372920936,last,null_a,28,0,2,4228
9,51,13,0.37965316996547654,0.3865360704417942,0.002423218750420023,0.00197295969807733,0.412923063422028,-0.09336233386866297,-0.07567424993821407,0.0029532600952197306,0.002413126962715083,0.5120895236821615,last,null_a,28,0,2,4229
1,51,13,0.12270183658723421,0.15066528464973455,0.0038097386631510614,0.003123964399581158,0.6346087024214048,-0.06210245450751779,-0.12526675504777113,0.004424493472236527,0.003465369279661571,0.7665491681202834,last,null_a,28,0,3,4231
2,51,13,0.2257947869179003,0.25115960329817094,0.0030736131924451477,0.002466688225386312,0.511988315279773,-0.27174091731053757,-0.2314448399661781,0.003684160288582523,0.003002896431092975,0.6382854946347506,last,null_a,28,0,3,4232
3,51,13,0.2579405810690644,0.27210622217131186,0.0028000080918568885,0.002188116318367039,0.46641243902883334,-0.17120853829714586,-0.14563305213542274,0.003525332391745697,0.0028530446764075787,0.6107683578238287,last,null_a,28,0,3,4233
4,51,13,0.2821203887057848,0.30167023801378073,0.0026572217346534565,0.0020852587489004924,0.4426277459356325,-0.1148598237205832,-0.13412060176098833,0.0031705362718362257,0.002535255026179802,0.5492994750521625,last,null_a,28,0,3,4234
5,51,13,0.3135281896680789,0.3386148172078576,0.0025645063797831015,0.0020130179973294198,0.4271836495681009,-0.15009041591320071,-0.17758638201111177,0.00301854783197666,0.002379683165063926,0.5229672829336018,last,null_a,28,0,3,4235
6,51,13,0.3277447392610729,0.35932622516652557,0.0025098947284111174,0.001987430037782212,0.41808669245934216,0.026618950669583582,-0.002706381227558133,0.0028993210653306487,0.0023398585279773574,0.5023110927134876,last,null_a,28,0,3,4236
7,51,13,0.3646729746836589,0.3906259881964233,0.0024602021478322606,0.0019499200106279074,0.4098091314848484,-0.08789944232982207,-0.042905849460401144,0.002833936522108798,0.0023155650104395866,0.4909831367499095,last,null_a,28,0,3,4237
8,51,13,0.381674776370317,0.41367390845850177,0.0024295086030306137,0.001915345237879319,0.4046963422986275,-0.02196537639575614,-0.008817609671781869,0.0027669793280555802,0.0022285601257603614,0.4793827170129994,last,null_a,28,0,3,4238
9,51,13,0.38795123900339495,0.42479705867453793,0.0024179119870938004,0.0019035172700872047,0.4027646314798981,0.01718534629927035,-0.04598765939708557,0.0028089596196588912,0.0022505330122821313,0.48665585636960423,last,null_a,28,0,3,4239
1,52,12,0.14882884306704533,0.14871039539684594,0.0037557345323333325,0.003052095105228854,0.6400577753291242,-0.2218348815363741,-0.20934064704934593,0.004338774063571807,0.003614139079048607,0.7362195980388067,last,null_a,28,0,4,4241
2,52,12,0.1580830719841956,0.15218161243005857,0.0031590477115611155,0.002474394101667375,0.538369534111926,-0.16200814111261874,-0.1748623950753061,0.004141040248661476,0.0035538289459030757,0.7026673762362912,last,null_a,28,0,4,4242
3,52,12,0.24170406222990493,0.23429831611776286,0.002840229802380978,0.0022331904993927324,0.4840361194554478,0.09520926834359672,0.059064126638038186,0.0027791741568880517,0.002363244089781983,0.4715807854211163,last,null_a,28,0,4,4243
4,52,12,0.2495405358686258,0.24726746301698205,0.0027157212949529023,0.00214276978932036,0.46281719740760713,-0.03016386598476151,-0.006857408151101583,0.0028836147204125873,0.0024448768559443925,0.48930265537109957,last,null_a,28,0,4,4244
5,52,12,0.28047467588591185,0.29814391722071487,0.002608777419821758,0.0020425595880734595,0.44459166570076697,-0.02674042375534913,-0.05058959744642174,0.0026715292049318056,0.0021721371426308726,0.45331518271884214,last,null_a,28,0,4,4245
6,52,12,0.32406331645882214,0.3336710571647046,0.0025394969801048398,0.002002355916882599,0.43278479177576545,0.02102077027450162,-0.05546758222529274,0.0027297036695666387,0.0021951843880220223,0.46318644597017666,last,null_a,28,0,4,4246
7,52,12,0.3224686998394864,0.3327651596364495,0.0025285542882521363,0.001991141601234016,0.4309199222161477,0.05070451936123578,0.018759378398714006,0.0025626937191134285,0.002174794115529339,0.4348475657266817,last,null_a,28,0,4,4247
8,52,12,0.3528248425731572,0.3630840804676171,0.00248955620969928,0.0019561970054178023,0.4242738125974404,-0.026239432209581467,-0.022524400098007123,0.0024793369948730745,0.0020631703306846494,0.4207032813931609,last,null_a,28,0,4,4248
9,52,12,0.36559031979256695,0.3794484257820743,0.002470156694010348,0.0019480336145573374,0.4209677187435157,0.0064085168562780515,-0.016831199671894028,0.002476601188784491,0.002091650375483119,0.42023905946564455,last,null_a,28,0,4,4249
1,51,13,0.13730395601901527,0.1441383970635502,0.003819240331399525,0.003076785700828123,0.6400500908294778,-0.11501157070777324,-0.08073205491943074,0.0038636962141064294,0.0032165310234691935,0.8066831354819078,last,null_a,29,0,0,4201
2,51,13,0.1912855451827405,0.19723041900196653,0.0031700876178768155,0.0025520623018526058,0.5312613744356709,-0.20760252405822022,-0.19607140762347944,0.00314010319676518,0.0025312544874077714,0.6556075198808377,last,null_a,29,0,0,4202
3,51,13,0.24083810464342362,0.2463637670700345,0.0028431902917770476,0.0022575035232422786,0.4764780549514532,-0.17945345793447057,-0.1402877358770459,0.0030958925293319466,0.0025635840721571442,0.6463769805603344,last,null_a,29,0,0,4203
4,51,13,0.27876217587881014,0.2854623618707588,0.002689346425057255,0.0021528299928449475,0.4506960217921315,-0.3107651841829057,-0.20427733235515663,0.0028180602883395955,0.002264795878967179,0.5883696811035606,last,null_a,29,0,0,4204
5,51,13,0.30326035451013766,0.31320269853395133,0.0025936775771276356,0.0020996170015986325,0.43466329028176165,-0.20178555621593597,-0.17147561862912883,0.0028644627058444895,0.002331526782542783,0.5980578257123741,last,null_a,29,0,0,4205
6,51,13,0.3386968332379977,0.35283321425842606,0.0025261506514246707,0.002018550092708733,0.423346742701793,-0.32533289495314804,-0.34034455740440767,0.0030193462734877012,0.0024849867203283146,0.630395244354369,last,null_a,29,0,0,4206
7,51,13,0.36809196293588453,0.37475502113236064,0.0024914347844692754,0.0019834467938620462,0.41752885959678226,-0.3455658265784848,-0.36542295212594766,0.002979170979769933,0.002512429489782567,0.6220072319151843,last,null_a,29,0,0,4207
8,51,13,0.39087932981670354,0.41252184405162706,0.0024466150521454772,0.0019564788390429994,0.4100177130713977,-0.2832989795015111,-0.2902615617640008,0.0028656985119622958,0.002402828534154977,0.5983158439153374,last,null_a,29,0,0,4208
9,51,13,0.4353026245595634,0.4484511988443677,0.0024112780551741645,0.0019261338378583346,0.4040957374535812,-0.20474462246614145,-0.22447335212642627,0.002850170144703261,0.0023926004107761027,0.5950737484463151,last,null_a,29,0,0,4209
1,51,13,0.1683627100437402,0.15575543200804037,0.003768788597015378,0.003045584988749069,0.6375097964565452,0.11066149040832583,0.10263264636361563,0.004039233791596996,0.0032337862786615454,0.6452761057822625,last,null_a,29,0,1,4211
2,51,13,0.19288600589011043,0.18976509972352645,0.0031451640166520085,0.0025013104899803363,0.5320205207758675,0.008206982890527193,0.04536288985790878,0.003643658841942219,0.00284644829131618,0.5820821744012,last,null_a,29,0,1,4212
3,51,13,0.23465675802140906,0.24313326393124945,0.002830780078071597,0.0022741019835230466,0.47884087550408794,0.06045852881295919,0.1277640849599445,0.003073668456367069,0.0024032883373289672,0.49102500977200303,last,null_a,29,0,1,4213
4,51,13,0.2557626302945236,0.2664598676054291,0.0026803033348383595,0.002122813655956443,0.45338696757567953,-0.01834873986772721,0.04061828795275954,0.003114531537932977,0.0024229088687511328,0.4975529731193999,last,null_a,29,0,1,4214
5,51,13,0.3212302807215245,0.3302697348716523,0.002559382154585813,0.0020485728071542543,0.43293253373687657,-0.0008725451763426445,-0.043540814408418636,0.003061860480770263,0.0022691839895369287,0.4891386608000446,last,null_a,29,0,1,4215
6,51,13,0.34147475604596067,0.34708331125155106,0.002519272326440285,0.00201403881328628,0.42614775191143456,0.23749668053465522,0.282667689873669,0.0026298801103973655,0.0020147342678325905,0.42012888678089966,last,null_a,29,0,1,4216
7,51,13,0.34759948599472323,0.35702976321529767,0.0024972550471225752,0.0020003955094781297,0.42242341691756535,0.28089631887100236,0.28453760310586396,0.0026054183201425925,0.0019741377567196895,0.4162210642654266,last,null_a,29,0,1,4217
8,51,13,0.35960423833651234,0.36647020768612404,0.002482627807762344,0.00199053665606211,0.4199491448412151,0.33378014390672617,0.3510095942570178,0.0025192367838501087,0.0018276078066586953,0.40245338232415434,last,null_a,29,0,1,4218
9,51,13,0.40853067915467145,0.4166249459546859,0.0024271709271507205,0.0019473519157299744,0.4105683308844893,0.21311599792612448,0.23594756518933307,0.002650810466195812,0.0020244476606143544,0.42347255520394456,last,null_a,29,0,1,4219
1,51,13,0.16317489339183366,0.15915011861256262,0.003763626952678345,0.003097282332555073,0.6292431038327312,-0.1384564802286321,-0.16375195505321272,0.004552934008098905,0.003677374606980823,0.7613301044900979,last,null_a,29,0,2,4221
2,51,13,0.16232638445677555,0.17967738851358078,0.0031642499869646433,0.002533134485301182,0.5290329004800486,0.13236130957649944,0.06829514646249857,0.0034320569685908522,0.0025240677871804663,0.5738998821123438,last,null_a,29,0,2,4222
3,51,13,0.23405081550244392,0.25210343158347315,0.0027956112728995445,0.0022471648615639064,0.4673999672622239,0.10557796633745999,0.10657534806932248,0.003065723161252115,0.0024566599883285543,0.5126424697880407,last,null_a,29,0,2,4223
4,51,13,0.24693611152241118,0.2666521019323399,0.002659399439707127,0.002117388758584096,0.4446266271372818,0.017615296096308755,0.029769073075212676,0.003003567617691973,0.0025125309166845137,0.5022489770668404,last,null_a,29,0,2,4224
5,51,13,0.29570110217633666,0.3079727930447846,0.0025548401275174016,0.002042855672449208,0.4271452914565345,0.14920522515459222,0.16113541688994726,0.00280847725643824,0.002272616716585515,0.46962646049750095,last,null_a,29,0,2,4225
6,51,13,0.3299861830611807,0.33362750922084977,0.0024969825664144653,0.0020077216454710382,0.41747205024895534,0.035445567091136714,0.03865561357608817,0.0028391411441173056,0.002341332395905296,0.4747539982059869,last,null_a,29,0,2,4226
7,51,13,0.34462214896962595,0.3600596811811338,0.002458070758347479,0.001974334859466591,0.41096636113797974,0.16819888971787703,0.16744246206242416,0.0026391936518698066,0.0021827197767099304,0.4413192844819275,last,null_a,29,0,2,4227
8,51,13,0.3679007015196985,0.3853800444665722,0.0024228215334718495,0.0019443946936069062,0.4050730215622669,-0.06356934205035471,-0.1211570794262126,0.0028726115208808824,0.0023630528058434332,0.4803508299178915,last,null_a,29,0,2,4228
9,51,13,0.37761818143786746,0.39498887834599905,0.002412320717621655,0.0019418689593210295,0.4033173837051062,0.07750477370730535,0.07827390064862352,0.002724410023924831,0.0022211204713772836,0.4555689505929478,last,null_a,29,0,2,4229
1,51,13,0.13247342145715094,0.12594788526192718,0.0038336398279433825,0.0030910097648235357,0.6459215768655712,-0.18241252418467604,-0.18372491917172454,0.005029087146040246,0.004142942294464178,0.8203939023468659,last,null_a,29,0,3,4231
2,51,13,0.19141166654286484,0.18462084549579696,0.003174647442831479,0.002520330151007427,0.5348893934477994,0.15775363876629697,0.12223610806195004,0.0035384753282917025,0.002698097412209518,0.5772307177498464,last,null_a,29,0,3,4232
3,51,13,0.21094347177228548,0.22321815165553338,0.002893283886746723,0.002330458301971266,0.48748306422143944,0.15310006449246952,0.057559789277310834,0.003428133911189943,0.0024825277864080593,0.5592307461570153,last,null_a,29,0,3,4233
4,51,13,0.23740540486233047,0.25941854321420377,0.0027285842354716123,0.002176934155799154,0.4597331807594085,0.17338357844686958,0.15853986747525917,0.003060138485460719,0.002411993196739601,0.49919973166216763,last,null_a,29,0,3,4234
5,51,13,0.2910642995764002,0.29844213118687624,0.0026336122221493545,0.0021032999611002743,0.4437315542748151,0.16273599817903614,0.12205386757202685,0.003100847562231567,0.002501272648182314,0.5058405945828411,last,null_a,29,0,3,4235
6,51,13,0.3028624731184035,0.3184590281666024,0.0025858853736626017,0.002063032913614442,0.4356901621208929,0.07856700261763552,0.04206517877746425,0.0031251210036503103,0.002439538206233345,0.5098003158504653,last,null_a,29,0,3,4236
7,51,13,0.3528888832523845,0.3699191210626501,0.0025113983602929268,0.001986277401839501,0.42314000840508126,0.09652372943512183,0.06820697035294152,0.003048288427163331,0.002429017458058117,0.49726663420584566,last,null_a,29,0,3,4237
8,51,13,0.3633589325793008,0.3666522401975956,0.002511780939984738,0.0020017813002392174,0.42320446841929804,0.17017160055134736,0.16368258314230083,0.0029165671538444794,0.0022990071809132597,0.4757789712757577,last,null_a,29,0,3,4238
9,51,13,0.3829534896705658,0.39898256127257137,0.0024760588884704,0.001953064869640943,0.41718573821025995,0.036179010862555164,0.01960070966617763,0.0030667222614867485,0.0023875409646066585,0.500273741626466,last,null_a,29,0,3,4239
1,52,12,0.18040666748981357,0.16354007413615293,0.003608892577296121,0.0028982620267224138,0.6335265092315306,-0.07145391921511325,0.005890758598270571,0.004064307170167284,0.003369135416338312,0.7351986808415322,last,null_a,29,0,4,4241
2,52,12,0.13231712557105815,0.13933752018056544,0.003104045348923946,0.002462803543791353,0.5449026182634416,-0.0008976098528337336,0.008360028387041939,0.003160324664968554,0.0025641012877310188,0.5716759160750653,last,null_a,29,0,4,4242
3,52,12,0.1785753796765033,0.1936529695858757,0.0028085940975505885,0.002268383169605862,0.49303734493605195,-0.03333681244129006,-0.011383828806452539,0.0029129096560788392,0.0024223304155056476,0.5269206403195107,last,null_a,29,0,4,4243
4,52,12,0.19831297691072974,0.2131889602787715,0.0026807824616079095,0.002139153923199171,0.4706005287040202,0.00924746894896149,0.05469214979102393,0.0026415462243837193,0.0022006288144247187,0.47783329808433417,last,null_a,29,0,4,4244
5,52,12,0.2452349178910977,0.25852987353142987,0.002579843165785253,0.002056301172790129,0.45288104319505346,-0.08602442333785619,-0.07799962862317503,0.002759084322945021,0.002220830858570139,0.4990949427860889,last,null_a,29,0,4,4245
6,52,12,0.2430036794666008,0.26709451072553886,0.0025380025377115976,0.002051403787332816,0.44553609000516997,0.0889468740215009,0.11161802853991365,0.0025274342379740505,0.0021241076890520434,0.4571914079997463,last,null_a,29,0,4,4246
7,52,12,0.28297167551549574,0.2974791309663085,0.002494541132700203,0.0020060454918219947,0.4379066159730569,-0.08339421772257595,-0.08421391220224621,0.0025802159310203557,0.0021690986175470295,0.46673916841142526,last,null_a,29,0,4,4247
8,52,12,0.29360108655389555,0.3104494275870743,0.0024741803760204278,0.001988593951273233,0.4343323674111019,0.09282955850120031,0.11617887835358792,0.0023893618698443615,0.0020015697790814195,0.4322152881693557,last,null_a,29,0,4,4248
9,52,12,0.3343721447092234,0.36334021483031265,0.002419167626289542,0.0019511718250978883,0.4246751014898348,-0.21177330132554018,-0.225489738162252,0.0026879580568909592,0.0022201332491849288,0.48622880477369607,last,null_a,29,0,4,4249
