q,n_train,n_test,test_train_spearman,test_train_pearson,test_train_rmse,test_train_mae,test_train_norm_stress,test_test_spearman,test_test_pearson,test_test_rmse,test_test_mae,test_test_norm_stress,layer,label,realization,repetition,fold,seed
1,51,13,0.6388914051854778,0.874634429808792,0.0021282314518486036,0.0017422955533511835,0.41177315498683975,0.5451636970624312,0.5417568611370011,0.0020441996211861464,0.0017178428458208526,0.5175969916981065,first,oracle,0,0,0,4201
2,51,13,0.7077284270710542,0.8974870067479843,0.0014819491405788753,0.0011697221321092367,0.2867295625276799,0.4818093299105957,0.4629654158735654,0.0018631360782783465,0.0014223589357374232,0.4717512024004357,first,oracle,0,0,0,4202
3,51,13,0.7496722409315735,0.9117273563756402,0.0011792048142690366,0.0009069452002586079,0.22815417295213122,0.7301685656116035,0.6949506669118015,0.0012923244024130778,0.0009324462561034752,0.3272201090610373,first,oracle,0,0,0,4203
4,51,13,0.7814287594253377,0.9365123244751308,0.0009809943548810334,0.0007828632843139533,0.18980414004443458,0.6142844497274875,0.5418712061687394,0.0012699529597326412,0.0008203587589820576,0.32155559796763367,first,oracle,0,0,0,4204
5,51,13,0.8087575658404557,0.947303988182184,0.0008631662953036858,0.0006878328577469876,0.16700660465607342,0.5352495605660161,0.5688098179783545,0.0013529372880865388,0.0010045558819028024,0.3425674591718452,first,oracle,0,0,0,4205
6,51,13,0.8273874159952683,0.9522403214633304,0.0007654056316633901,0.0006197304974099337,0.14809173669572745,0.5955942791385829,0.6079177207366835,0.0012744920791812853,0.0009204830887150786,0.3227049155524854,first,oracle,0,0,0,4206
7,51,13,0.8393402045249526,0.9609633821131695,0.0006973747924534847,0.0005611259361139565,0.13492903614756455,0.6428128833192124,0.5864808526042193,0.0012336920511869663,0.0009340249454743846,0.3123742357440212,first,oracle,0,0,0,4207
8,51,13,0.8739878379974216,0.9664690037965906,0.0006287233130260032,0.0005084337915975519,0.12164625327457694,0.4686073420250635,0.507314208714402,0.001361262545862676,0.0010500728506363773,0.3446754374413743,first,oracle,0,0,0,4208
9,51,13,0.8841098286050656,0.9714516844887293,0.0005774765147428995,0.00046715623426469405,0.11173095210107048,0.3346653346653346,0.38914376168438497,0.0016815515549363207,0.001385362033938288,0.42577349941748005,first,oracle,0,0,0,4209
1,51,13,0.6354470114878729,0.8596193089949509,0.002418036741141472,0.001881713609998366,0.3587483469619219,0.7355808748213811,0.8483142889046973,0.0033473362071686254,0.0030020891844056096,0.4153240620666956,first,oracle,0,0,1,4211
2,51,13,0.7452950103375869,0.9229304112804195,0.0016485871307593634,0.0012935766222170165,0.2445901246742126,0.682722340950189,0.8731529749482448,0.002357308072523579,0.0017790651677080528,0.29248533867807713,first,oracle,0,0,1,4212
3,51,13,0.7949760381768491,0.9436943859700027,0.0013151839680163328,0.0010340275916893892,0.1951252710303941,0.7808773504976035,0.9011998507672069,0.0021122601592601866,0.0015351285820844015,0.2620807756349145,first,oracle,0,0,1,4213
4,51,13,0.8081493998303227,0.9579570586865385,0.001107265231921322,0.0008801605374316732,0.1642777236762188,0.7833558846217075,0.8926674604575433,0.002143667239528356,0.0016908430567797023,0.26597764029006793,first,oracle,0,0,1,4214
5,51,13,0.8495486642335632,0.9654151607325042,0.0009769517116570226,0.0008025561561026857,0.14494395624986559,0.8765791170854461,0.92756276711245,0.001995219541840286,0.0015929700107262027,0.24755884486813795,first,oracle,0,0,1,4215
6,51,13,0.865756597221822,0.971137675805114,0.0008814317099111916,0.0007090007549175719,0.13077227633075061,0.7701791879007069,0.915299173812263,0.0020859264445787546,0.0015234612601035713,0.25881339385014634,first,oracle,0,0,1,4216
7,51,13,0.8887425548045279,0.9766566659934812,0.0007911109128951327,0.0006437089366932607,0.11737196852132571,0.7141845496275876,0.9215953926753048,0.00196048342435721,0.001449096731415407,0.24324892661654401,first,oracle,0,0,1,4217
8,51,13,0.9016965319961202,0.9793455979113856,0.0007374305396695961,0.0005915823335284718,0.10940776151350773,0.803209448779069,0.9258529718152052,0.0020256361540876193,0.0016432940259220369,0.25133281622058706,first,oracle,0,0,1,4218
9,51,13,0.9090158119868572,0.9824623064410962,0.0006790731657895737,0.0005562543592870674,0.10074965841015542,0.8065984648263128,0.9361416108159868,0.0017227114387856832,0.0013251957081790316,0.213747131522958,first,oracle,0,0,1,4219
1,51,13,0.6432188954585275,0.8060730382745753,0.0023718807038024484,0.001833296644592747,0.4035002297703307,0.33931890893916206,0.7276646991044236,0.0034996585238561144,0.00313277050221437,0.5898012451711441,first,oracle,0,0,2,4221
2,51,13,0.7039371275755233,0.8818381813040732,0.0016074138588634314,0.0012572961108263591,0.27345045657128836,0.36038644899404393,0.6024904963138142,0.0027756841711577525,0.0022978498395323952,0.4677890626159804,first,oracle,0,0,2,4222
3,51,13,0.7421511997052473,0.912569427980299,0.0012906792204782128,0.0010222101107796638,0.21956810947019959,0.7100873809734568,0.7303278802627545,0.002012983758586815,0.0014209004243542955,0.33925033520573455,first,oracle,0,0,2,4223
4,51,13,0.7789303788680716,0.9282343228286012,0.0010938644871553737,0.00086187907579643,0.18608632853971727,0.6203796203796202,0.8503433757441473,0.001702998749110061,0.0012593067107887965,0.28700822548917665,first,oracle,0,0,2,4224
5,51,13,0.8171812209535877,0.942974087341282,0.0009494599412653884,0.0007620203904212332,0.16152047775595776,0.3285954551777336,0.7271356489717321,0.0026179542863322405,0.0021152089529417437,0.44120667412389303,first,oracle,0,0,2,4225
6,51,13,0.85526991288691,0.953477376889593,0.0008501025880930317,0.0006938116200641585,0.14461797723384173,0.25560515433933156,0.8145560071383732,0.0020453601789824235,0.001616531722266788,0.3447067684358184,first,oracle,0,0,2,4226
7,51,13,0.8617124785453689,0.9608587400867323,0.0007772418508447572,0.0006383046119443987,0.13222303503721974,0.7036634251824124,0.7972360351024879,0.0016253850632296915,0.0011718588066995921,0.2739279068630826,first,oracle,0,0,2,4227
8,51,13,0.8695277617695563,0.9641531874198788,0.0007373028129823396,0.000576473033041196,0.1254286752161477,0.19804246386524865,0.5577279560434345,0.0027273976770066264,0.0022624560108101357,0.4596512874070142,first,oracle,0,0,2,4228
9,51,13,0.8862179864623975,0.971652185210462,0.0006502505132047559,0.0005114866554253685,0.11061948902647993,0.5738691688058776,0.7193921058573104,0.0021414126306064122,0.0017011902096128644,0.36089459224302445,first,oracle,0,0,2,4229
1,51,13,0.6921075369268352,0.8565921390818477,0.00227737229371993,0.0017631232880160482,0.3917050259270476,0.6445073913428343,0.900619365747541,0.002198719961707853,0.001782166734992367,0.386440455634297,first,oracle,0,0,3,4231
2,51,13,0.7859631167285098,0.9176127932241656,0.0015341867789028937,0.0011937208669968228,0.2638780991866216,0.8220766575196955,0.9177517807401757,0.001719020159858189,0.0013561769118661997,0.3021298507264869,first,oracle,0,0,3,4232
3,51,13,0.8120807380936577,0.9319766758310157,0.0012392405866632043,0.0009535192305862532,0.21314774376914256,0.6434198712679725,0.9146134191006268,0.0016485076405956037,0.0011479096549404412,0.289736780873885,first,oracle,0,0,3,4233
4,51,13,0.8327412944967933,0.9492326331572379,0.0010309502621182979,0.0007976877073926026,0.17732208311576433,0.6630711061090808,0.9328041014231114,0.0015861887168116243,0.0010379698744353853,0.2787837928985478,first,oracle,0,0,3,4234
5,51,13,0.8671316206302427,0.956755745424534,0.0009190239773039142,0.0007122344456563635,0.1580709099913547,0.600880132525702,0.9151216312226003,0.0015968462374136797,0.0011792955704141121,0.2806569268988373,first,oracle,0,0,3,4235
6,51,13,0.8828684617212819,0.9647742963919882,0.0008246907086997423,0.0006500441462268666,0.14184571241330582,0.827488966729473,0.9387308581524266,0.0011486946361501848,0.0007564097707020191,0.20189113953090693,first,oracle,0,0,3,4236
7,51,13,0.8975343212332041,0.9705432603253337,0.0007353381310601241,0.0005767319542758284,0.126477187101265,0.28152859798429414,0.9078321749774559,0.00214692981872168,0.0016840433163319512,0.37733797473563985,first,oracle,0,0,3,4237
8,51,13,0.9054487968689291,0.9741996739377667,0.0006855754874473851,0.0005255770126127281,0.11791807814034623,0.43276976188368593,0.8887174518072152,0.001853468094992787,0.001342646218241775,0.3257600183773721,first,oracle,0,0,3,4238
9,51,13,0.9219350368350134,0.9771593291030631,0.0006482499817256058,0.0004888098485060381,0.11149814046620865,0.27255023457555105,0.8590456312754298,0.0019449090573486034,0.0014920957384744642,0.34183140890087144,first,oracle,0,0,3,4239
1,52,12,0.6113124583281887,0.8261756980902987,0.0021908072171031444,0.0017552248337441396,0.4182598322362502,0.5833002818077446,0.6550055074908293,0.002002764978993969,0.0015863783358728632,0.4713205087122691,first,oracle,0,0,4,4241
2,52,12,0.7070948512161995,0.8852166429445303,0.0015134446052319985,0.001183250862955857,0.28894057027994124,0.6827053543471455,0.6337528720713252,0.0015295911450585267,0.0011734503745515303,0.3599661888300564,first,oracle,0,0,4,4242
3,52,12,0.760973404123966,0.9113807798453117,0.001197581326686028,0.000925527150014213,0.22863726250239996,0.7695021396513935,0.7481253197157123,0.0011719451096928646,0.0008613141359642132,0.27579959260160414,first,oracle,0,0,4,4243
4,52,12,0.7956645017903444,0.93010269907657,0.0010148824773833088,0.0007915098138183803,0.19375715554339795,0.6791984135267718,0.7067428521054784,0.0011700788500356783,0.0008323360641250148,0.2753603965600117,first,oracle,0,0,4,4244
5,52,12,0.8372468699839487,0.946067473491699,0.0008767990398326415,0.0006983291229900727,0.16739483804979635,0.6752322304561111,0.6942208305655623,0.0011365350795633502,0.000819809428711649,0.26746637647829097,first,oracle,0,0,4,4245
6,52,12,0.8553352265711817,0.953186212987662,0.0007884476487588263,0.0006285280274516572,0.15052715671303477,0.6834985909612777,0.6930498545087589,0.0010881002730637548,0.0008138155991755918,0.2560679758280875,first,oracle,0,0,4,4246
7,52,12,0.8633941474256082,0.9600954345839896,0.0007114043801322229,0.0005795855160030387,0.13581837523781912,0.5811293184427514,0.6141931578921171,0.001391742259699592,0.0010301027429937722,0.32752553430781256,first,oracle,0,0,4,4247
8,52,12,0.8787399432028645,0.9650311780942314,0.0006542743999040392,0.0005264451578412033,0.12491135623616707,0.8025675816720593,0.7805372982933759,0.0009230291911748272,0.0006446685633325561,0.21722098823563657,first,oracle,0,0,4,4248
9,52,12,0.8990655636498333,0.9700280475360326,0.0005854300539757181,0.0004608507566213646,0.11176787909513926,0.29101346414779256,0.23122485600038195,0.0018618731907401563,0.0013542456373995236,0.4381637529223186,first,oracle,0,0,4,4249
1,51,13,0.651852588135484,0.8092800200855124,0.0022181643488069533,0.0017669287832815844,0.4100810577394002,0.14520922115858823,0.09282047673186031,0.003386966969968787,0.003140531340425545,0.7208189998656,first,oracle,0,1,0,796101
2,51,13,0.6520075325292639,0.8540219364158619,0.0016163500216257289,0.0012443739220991646,0.2988211973120427,0.6094285461374068,0.630522911714663,0.0016036811079272303,0.001309484053630431,0.3412976337144842,first,oracle,0,1,0,796102
3,51,13,0.7162981326132954,0.887350556514502,0.0012687533340774038,0.0009890362477022318,0.23455958505901195,0.5429886569127075,0.49859077871695673,0.0016397846321488537,0.0011498975713026367,0.34898123572531037,first,oracle,0,1,0,796103
4,51,13,0.7474700376329998,0.9132408971268914,0.0010672007939237726,0.0008386801922617325,0.1972977478553263,0.560692472084877,0.5616355702094341,0.0016918941414680647,0.0012458426215325525,0.3600712536451801,first,oracle,0,1,0,796104
5,51,13,0.7817800298540747,0.933848191550589,0.0009161567585080324,0.0007437737868691597,0.16937362318808563,0.5820887972786707,0.4462534112883357,0.001612976827391337,0.0010767903019134346,0.3432759616009266,first,oracle,0,1,0,796105
6,51,13,0.7967444959946688,0.9449598947366866,0.0008298321179995918,0.000691806280545597,0.15341443607568123,0.47933079578649196,0.36079535183969014,0.001505216236077516,0.0009918936853376178,0.32034220336103747,first,oracle,0,1,0,796106
7,51,13,0.8346288326193729,0.9542088647635827,0.0007364671446250206,0.0005968384800585867,0.1361536740145436,0.49915906877932187,0.4597041815205425,0.0013999763069323641,0.001051321666528515,0.29794489593378665,first,oracle,0,1,0,796107
8,51,13,0.8338560459113045,0.9590476643582528,0.0006909139487255036,0.0005702444476555153,0.12773206956132468,0.4566952035306466,0.4161405363536454,0.0014957883319770557,0.0010648458303851114,0.31833574375727425,first,oracle,0,1,0,796108
9,51,13,0.8718118636594744,0.9641675626249956,0.0006304080474918924,0.0005172382652225697,0.116546097705497,0.47407023356390443,0.45287078475164383,0.00242816717208273,0.0022399838757930744,0.5167658994038804,first,oracle,0,1,0,796109
1,51,13,0.7166686321230569,0.9289783914589144,0.0021857956816039308,0.0017676725560230094,0.34513014683287324,0.5014099824226406,0.9763507805939863,0.0022438666112439606,0.001932393895291578,0.32201642760998356,first,oracle,0,1,1,796111
2,51,13,0.8144533266968984,0.9581411556479278,0.001454036180531431,0.0011643728614891835,0.22958766215462567,0.7700021497489851,0.9883298855866586,0.0018087728892989972,0.0016080045662022547,0.2595762962250901,first,oracle,0,1,1,796112
3,51,13,0.8122982284704703,0.9662884070905522,0.0011621912195604223,0.000909247565330258,0.18350627628673563,0.6538145398904892,0.976903339131266,0.0013244278267556177,0.0009516283730102391,0.1900681240417678,first,oracle,0,1,1,796113
4,51,13,0.8161314037163265,0.9723340707035156,0.000986026203916102,0.000768177064431598,0.15569038378230682,0.7276141579939047,0.9805329760110997,0.0011249091740619076,0.0008515200992726183,0.16143527953129688,first,oracle,0,1,1,796114
5,51,13,0.8384191438966072,0.9768231255013463,0.0008624229758636403,0.0006838408345303131,0.1361738294191561,0.4168110370642016,0.9718384016845243,0.0016908272013373706,0.0014474226388370105,0.24264995626393296,first,oracle,0,1,1,796115
6,51,13,0.8570324825707115,0.9805115209848989,0.0007704383367631765,0.0006242716970787775,0.12164974911910889,0.5482239279707634,0.9740767669340051,0.0014757766207093039,0.001113804393787282,0.21178813079610273,first,oracle,0,1,1,796116
7,51,13,0.8685505785771073,0.9823009505707607,0.0007269764841343617,0.0005664953240224593,0.11478726160224975,0.6772594494113481,0.9862026611460221,0.0014726169502170153,0.0012646781907024744,0.21133468770850874,first,oracle,0,1,1,796117
8,51,13,0.8935790598519352,0.9855584740631712,0.0006500952374993622,0.0005190272971320365,0.1026479586641265,0.5650172612197929,0.9779269235626462,0.0014374051584098641,0.0011209678382739909,0.2062814571150916,first,oracle,0,1,1,796118
9,51,13,0.8797394331876315,0.9865526992794407,0.0006211475921178001,0.0004870050284646826,0.09807721804775135,0.6494138772619785,0.9778053591695555,0.0014241377712537417,0.001161476235706387,0.20437745952703326,first,oracle,0,1,1,796119
1,51,13,0.724288001069911,0.8314584558719038,0.002345620770666722,0.0017945072391215484,0.3926086222696444,0.7657532341076644,0.8732434605056062,0.002360405018819673,0.0017913958446546942,0.3765195215618642,first,oracle,0,1,2,796121
2,51,13,0.8149179951751888,0.9113732901845131,0.0015428966456618592,0.0012081097500234287,0.25824913128884763,0.8858609744685694,0.8781269187628552,0.0017464009014962897,0.0012358272994144916,0.2785767809523651,first,oracle,0,1,2,796122
3,51,13,0.8496796443336468,0.9383417053012731,0.0012223897642222393,0.0009462438392521582,0.20460287835505292,0.8733418480253922,0.857262774736256,0.0017412534312409092,0.001178930257232332,0.2777556832922784,first,oracle,0,1,2,796123
4,51,13,0.8746643969488429,0.9478965222946696,0.0010519892296351721,0.0008172172352799348,0.17608133729655376,0.886265633101076,0.9059094214485637,0.0014373180923989994,0.0010215907984078454,0.2292735001694329,first,oracle,0,1,2,796124
5,51,13,0.8974039175937936,0.9581162960869071,0.0009169161636733237,0.000706454018676189,0.15347288711730994,0.785151557303456,0.8744065833199162,0.0016697106013395038,0.0011543823706629767,0.26634354348115014,first,oracle,0,1,2,796125
6,51,13,0.9124959050704327,0.9654020694296124,0.0008280219130716467,0.0006534040933231175,0.13859381983888677,0.652828184473754,0.8304353539608771,0.0019157315150541442,0.0012477612777537807,0.30558751898005404,first,oracle,0,1,2,796126
7,51,13,0.9206873288838254,0.97065573154397,0.0007512802561573713,0.000579975653817648,0.1257488465300772,0.8591787958876566,0.9048908468441998,0.001409568389179171,0.0010327239381906117,0.2248470119623208,first,oracle,0,1,2,796127
8,51,13,0.9282266521486416,0.9717907711401109,0.0007214127620546457,0.0005423607227003608,0.12074964296871689,0.7406138165631836,0.8649793565604825,0.0018049349246640491,0.0013358045035764864,0.2879138236304207,first,oracle,0,1,2,796128
9,51,13,0.9459236654070725,0.9755014744794852,0.0006709703778276647,0.0005004252230880061,0.11230662642358205,0.5811024418619355,0.8217406975720332,0.002091022218224902,0.0016578035489827215,0.3335489794776682,first,oracle,0,1,2,796129
1,51,13,0.47853116338163687,0.8071117653670677,0.002296126971541205,0.0018238674962151617,0.4271250740746166,0.1313496629952326,0.1572132082952258,0.002886582498504416,0.0024345615177839746,0.6250271999305157,first,oracle,0,1,3,796131
2,51,13,0.6295796300538924,0.8426902110611179,0.0016045593798986377,0.0012249618764330911,0.2984798107816781,0.2989542103466154,0.28571698826000724,0.001940900390418045,0.001534124421099498,0.420260130100411,first,oracle,0,1,3,796132
3,51,13,0.6817571443653521,0.8935622254536639,0.001255117875193219,0.0009815550092424957,0.2334767728695959,0.2184018513132437,0.1368117787021479,0.0017211641725918922,0.001120686859491726,0.3726809900542281,first,oracle,0,1,3,796133
4,51,13,0.7498663846511251,0.9087632096887066,0.00104311909389822,0.0008331749036570046,0.1940408025218516,0.3092730054755371,0.2625290507157996,0.0022079482452582806,0.0016967478828419068,0.4780835850145606,first,oracle,0,1,3,796134
5,51,13,0.749541919643688,0.9350133248527852,0.000911027081166085,0.0007316617051917556,0.16946907307388984,0.4991843599438536,0.4200039040722247,0.0015196790988900543,0.0011015570159975715,0.3290537417393431,first,oracle,0,1,3,796135
6,51,13,0.7779977890262639,0.9439203066825086,0.000816671967836566,0.0006694989227566665,0.15191715400769876,0.4745254745254745,0.43052085848887395,0.0016881420916381405,0.00121263309180855,0.365530770441556,first,oracle,0,1,3,796136
7,51,13,0.8497077673793422,0.9532102691173676,0.0007318296793091774,0.0005929200228170623,0.13613480868400046,0.3318074330732558,0.2993128083590545,0.00204491658974958,0.0015600819524561166,0.4427825952817414,first,oracle,0,1,3,796137
8,51,13,0.8318728153169883,0.9596523752739827,0.0006680677447339683,0.0005533263156813883,0.12427382653182582,0.2615232868397425,0.22494619509820046,0.0020254145582266976,0.0015605109002704083,0.438559850855757,first,oracle,0,1,3,796138
9,51,13,0.8587693174030347,0.9640441554981427,0.0006218284979229267,0.0004934670142983813,0.11567241120762704,0.4811011773037089,0.3956031890188982,0.0018466416867006855,0.0013743401093473922,0.3998504402044646,first,oracle,0,1,3,796139
1,52,12,0.6334966786022965,0.8035783066262487,0.002403086719735281,0.0018184567420302781,0.4063631381246917,0.4436906377204885,0.5731953688734264,0.0028060688978573615,0.00212439041634402,0.47286667516290026,first,oracle,0,1,4,796141
2,52,12,0.7683718483763429,0.8727248471180494,0.0016610826261214636,0.0012716036068046942,0.2808898834535105,0.6473854503705251,0.7623360835694606,0.0020143685341275585,0.001491622677131452,0.3394527311902385,first,oracle,0,1,4,796142
3,52,12,0.7940414866032844,0.9211539700588696,0.0012696086621625685,0.0010002837060314727,0.21469144492775766,0.6358208955223882,0.6732165310079902,0.002248779261695761,0.0016173963812720527,0.3789546199187479,first,oracle,0,1,4,796143
4,52,12,0.8164963575750093,0.9347501163262029,0.0010954996558923643,0.0008612931254187534,0.18524952692176674,0.8347562884876321,0.871638474291515,0.001473801266761023,0.001105641380116453,0.24835865769236756,first,oracle,0,1,4,796144
5,52,12,0.8532756142733672,0.9442507796235109,0.0009827057981642124,0.0007644274181256549,0.1661760304843802,0.515290679469784,0.7093280750986577,0.0021218543184835584,0.0014384733345453975,0.35756577378677196,first,oracle,0,1,4,796145
6,52,12,0.871401061859489,0.9544081102857866,0.0008769092789757099,0.0006897814128829602,0.14828578741198498,0.6996973176077654,0.8039731336868817,0.0016141970965595925,0.001105340362424297,0.27201755975791503,first,oracle,0,1,4,796146
7,52,12,0.8794946536609457,0.9643942770470871,0.0007685804331002854,0.0006245164673552354,0.12996732665988495,0.6898862331698155,0.7601756023363665,0.00197899556012382,0.0013633462902008257,0.3334918295813922,first,oracle,0,1,4,796147
8,52,12,0.9012652920113595,0.9707042447544851,0.0006949665720469014,0.0005553082231093267,0.11751918679815603,0.6421667884354453,0.7099953401168182,0.002174865260454203,0.001669454621965532,0.36649894998071814,first,oracle,0,1,4,796148
9,52,12,0.9147958019508582,0.9718557083684036,0.0006695634151469186,0.0005095856196580725,0.1132235005578825,0.6477194447343703,0.7401483950303704,0.0019509463340404997,0.0015522192499344075,0.32876509450762414,first,oracle,0,1,4,796149
1,51,13,0.6749044269379743,0.8755702753425867,0.002114854695778287,0.0017361922210009375,0.4091201646122959,0.38066996294844385,0.37518960110183197,0.002380190822065678,0.002025874003966656,0.590891527865646,first,oracle,0,2,0,1588001
2,51,13,0.7403623598850569,0.8816435406189679,0.0014919227925843076,0.0011777986323582028,0.28861353912841936,0.6435969094196942,0.6878883129265229,0.0019721250027849046,0.00166960956022866,0.4895876184524917,first,oracle,0,2,0,1588002
3,51,13,0.772764596684231,0.9189412967087481,0.0011821968479634555,0.0009268923599295613,0.228696831989658,0.6070005943423664,0.565825699509573,0.0013564984685285177,0.000919768983795782,0.3367559630872769,first,oracle,0,2,0,1588003
4,51,13,0.8079892672904848,0.9358047474386106,0.0009884572576648756,0.0007774987264956584,0.19121776866057938,0.31653156969612667,0.556382260040197,0.0022359091131509573,0.0019065926367587758,0.5550730385943967,first,oracle,0,2,0,1588004
5,51,13,0.8103648205486159,0.9428760419599851,0.0008716947274320724,0.0007029491713170375,0.16862997306178396,0.6592268491002667,0.6509989129504677,0.001397362171430045,0.0010800069506900305,0.3469005345299883,first,oracle,0,2,0,1588005
6,51,13,0.8205588275646364,0.9539001775238147,0.000778616039016499,0.0006218229195795538,0.1506238337263049,0.6965060256199496,0.7165645970222062,0.0011748185250251995,0.0008305038267043932,0.29165321821321166,first,oracle,0,2,0,1588006
7,51,13,0.8626456448478498,0.9580168897089314,0.0007052874789862329,0.000575211337949578,0.13643837095656852,0.4821128238849757,0.6220277244968812,0.0017706024942390523,0.0013767447090254003,0.43955888047482267,first,oracle,0,2,0,1588007
8,51,13,0.8985136867410586,0.9654870305406904,0.0006281047146806202,0.0005043627986992848,0.12150730959288289,0.44637640840172477,0.6589603991957067,0.0019354894076650622,0.0016288252269479164,0.48049269103157016,first,oracle,0,2,0,1588008
9,51,13,0.8876674556491745,0.9707498163297532,0.0005905713795210919,0.00048042549104723655,0.11424645886419314,0.5364129541344731,0.4795709870745681,0.0013481087550241883,0.0009553060599519892,0.3346731844356788,first,oracle,0,2,0,1588009
1,51,13,0.6801830773216582,0.8124972648373099,0.002356401653815817,0.001848353182243743,0.4009975020624108,0.6424082246867057,0.6810679692162042,0.002527239242448609,0.0019429464620417218,0.43608612459460705,first,oracle,0,2,1,1588011
2,51,13,0.7439553980847998,0.886438326411774,0.0016188295461419752,0.0012564600315303734,0.2754821544181862,0.7345186459110509,0.797853563134902,0.0018194872653285862,0.0012696525944511168,0.313960442272025,first,oracle,0,2,1,1588012
3,51,13,0.7725456239799733,0.9108062819228224,0.0012836918218964858,0.0009954834039477554,0.21845054011266227,0.7622124710732305,0.8013873828866523,0.002060329160229912,0.001464255919876559,0.35551875888228024,first,oracle,0,2,1,1588013
4,51,13,0.805153739590973,0.9398951337040511,0.0010556718306776085,0.00083790251726445,0.17964754286005152,0.7538410956132475,0.7844674692229203,0.0017202357811831228,0.0010568447066802726,0.2968341669458621,first,oracle,0,2,1,1588014
5,51,13,0.8552948653989033,0.9490150377614304,0.0009314254114098572,0.0007429812216831961,0.158504074518868,0.6292821102947685,0.7677668726563949,0.0019552052590904364,0.0013947164142777736,0.3373791724592063,first,oracle,0,2,1,1588015
6,51,13,0.8628877583305565,0.9581856583023574,0.0008371719456347326,0.0006859566339035968,0.14246461695213852,0.7422324510932105,0.8280556649875319,0.0014841028606514422,0.0010122345708434637,0.25608840434679114,first,oracle,0,2,1,1588016
7,51,13,0.8856174791440644,0.9614844490008961,0.0007867447066222579,0.0006195917084804856,0.13388322895015617,0.6173193894712882,0.6906833547974195,0.00199947162008912,0.0014217286367130245,0.34501752560503596,first,oracle,0,2,1,1588017
8,51,13,0.8924280325907805,0.9699083453341448,0.0006991650140462959,0.0005666208670240168,0.11897947181796918,0.503989681204871,0.6713962247091039,0.002081609017750776,0.0015663703760087871,0.3591906908633648,first,oracle,0,2,1,1588018
9,51,13,0.9089633128898417,0.9741364998724183,0.0006421469736788484,0.00051450659808717,0.10927650300413587,0.5887403735505,0.7841217841538561,0.001898309297355011,0.0014392755339349005,0.32756152676839106,first,oracle,0,2,1,1588019
1,51,13,0.6369107274884283,0.8275266083709552,0.002230669056033025,0.0017727835081435884,0.41336748679845786,0.353077302444391,0.40859829102558554,0.002603252661760404,0.002086089323568343,0.5571033383680304,first,oracle,0,2,2,1588021
2,51,13,0.7280745241770076,0.8514564901117712,0.001576153569074311,0.0012155205260196797,0.29207857521246827,0.13155199231148598,0.16504830809201623,0.0025223458286175804,0.001808280953996571,0.5397890501689848,first,oracle,0,2,2,1588022
3,51,13,0.7805943737767711,0.9046612806128703,0.0012261595511764989,0.0009675942529952511,0.2272208379422871,0.626171297057373,0.650602421337097,0.001619770591337904,0.0011645342854407997,0.34663542923816176,first,oracle,0,2,2,1588023
4,51,13,0.7988017194339551,0.9287687093583482,0.001031652453016929,0.0008260097087672201,0.1911765353985161,0.7034610958661591,0.6821503266046136,0.0015559199324061827,0.0011437161251652934,0.33297120994420903,first,oracle,0,2,2,1588024
5,51,13,0.8367885425311861,0.9379026150573128,0.0009192556012712869,0.0007264206192298205,0.17034816374719614,0.7802703625488435,0.7698512255106347,0.0011209879590941883,0.0008617337175602546,0.23989455324687003,first,oracle,0,2,2,1588025
6,51,13,0.8487969183400633,0.9518963415843534,0.000798662091329503,0.0006501636311787124,0.14800086126679535,0.567622251166555,0.5734805524998539,0.0016211465370855238,0.0011082313665552888,0.34692988547004133,first,oracle,0,2,2,1588026
7,51,13,0.8855437745294309,0.9623710720089746,0.0007092147205341323,0.0005767377179160724,0.13142528060573258,0.3623085774984509,0.3475984729448745,0.0019483207612905067,0.0014128060726551778,0.4169460829793947,first,oracle,0,2,2,1588027
8,51,13,0.8923075523101002,0.9634419292159769,0.000675629103980755,0.0005400055873047882,0.12520149681777085,0.6573047205958598,0.7263195685667682,0.0014241258174859095,0.000959992253430473,0.30476690135831364,first,oracle,0,2,2,1588028
9,51,13,0.9114530053612488,0.970054232989786,0.0005936207701420233,0.00048483376332910045,0.11000445144532471,0.037468860253670376,0.09527368909568804,0.002340904611279844,0.0016886856995464523,0.5009601230420813,first,oracle,0,2,2,1588029
1,51,13,0.744527617654388,0.8962215543130366,0.0023318816090108553,0.0019029949519571215,0.3292719579073644,0.7284993487525132,0.7717806715510788,0.003690187491797191,0.0024968237717718656,0.4112455592462469,first,oracle,0,2,3,1588031
2,51,13,0.8012552184102432,0.9338174074507448,0.001634434225049579,0.0012871534421190721,0.23078931420586343,0.7540434249295009,0.79641692591551,0.0032534005766087126,0.0018688642826237912,0.3625687156963147,first,oracle,0,2,3,1588032
3,51,13,0.8184160820669177,0.953632894745883,0.0012974998247088647,0.0010234902239315963,0.18321269228053727,0.6809266682684404,0.8208665659520051,0.003145509035087413,0.0018654520004948523,0.3505449587925001,first,oracle,0,2,3,1588033
4,51,13,0.8603029910238484,0.9646231410070515,0.0010901369921372125,0.0008592527499785277,0.153932146641238,0.6734404835670658,0.8781432293662044,0.002684219570835347,0.0016238436810916696,0.2991374777031441,first,oracle,0,2,3,1588034
5,51,13,0.8702403083372847,0.9713146814164798,0.0009678727942565379,0.0007716493212179217,0.13666790318111657,0.796532581342708,0.8480369743840119,0.0027721729084325525,0.0013713940887045977,0.3089392613762335,first,oracle,0,2,3,1588035
6,51,13,0.8872348630897665,0.9759143395037898,0.0008761427509846871,0.0006972405962603756,0.12371521689106874,0.728828133891425,0.8657722072868272,0.0026815652618638573,0.0016730529243330623,0.29884167355232,first,oracle,0,2,3,1588036
7,51,13,0.906575159848427,0.9791051289994078,0.0008053018500675221,0.0006349558623909056,0.11371216954304707,0.6077593292783166,0.8695894867674191,0.002944032657774177,0.0019885421554380876,0.32809182717052476,first,oracle,0,2,3,1588037
8,51,13,0.918252976637037,0.9823301046608699,0.000736798867648942,0.000578181547016522,0.10403924658834034,0.7920054628915388,0.9071824196416541,0.0022966461143705476,0.0013152773008067709,0.25594512956171056,first,oracle,0,2,3,1588038
9,51,13,0.9298098190358182,0.9832222694814111,0.0007110460892695256,0.0005551764475582387,0.10040284080951443,0.7330264672036823,0.9200191402524177,0.0026060881829650696,0.0020340571573832225,0.29043028155909417,first,oracle,0,2,3,1588039
1,52,12,0.5599451290282751,0.8391511703024905,0.0021663626767147773,0.001772435185550149,0.41903465549199387,0.2145287548272623,0.3684997913864718,0.0023272281285969133,0.0018811632477674105,0.5728644302453534,first,oracle,0,2,4,1588041
2,52,12,0.6608718607235461,0.879949427525159,0.00152994285640286,0.0011943119173744353,0.2959334024012159,0.5946978394739589,0.4873785773642818,0.0016398672979220132,0.001100318564671699,0.40366547385642815,first,oracle,0,2,4,1588042
3,52,12,0.7126033831337203,0.9090138043694234,0.00120190183950916,0.0009360359990265137,0.23248116701201063,0.5106147583759525,0.5267367675639106,0.001552160764987536,0.0011754237524249317,0.3820758615614801,first,oracle,0,2,4,1588043
4,52,12,0.7488803555994568,0.9280316128008632,0.0010128188498963098,0.0007995139014273241,0.19590727000785327,0.5379605469157709,0.5012348477818782,0.0013057693339107194,0.0009173621489467341,0.3214247869862272,first,oracle,0,2,4,1588044
5,52,12,0.7793029262871961,0.9386130310778613,0.0008864846532070424,0.0007013569674912368,0.17147073075449776,0.4453188602442335,0.4643316590326358,0.0013075843962897407,0.0010046092735513034,0.3218715780261089,first,oracle,0,2,4,1588045
6,52,12,0.8206747005803187,0.945972187971291,0.0007875191120547704,0.000636386370523127,0.1523280489274599,0.3569773510072018,0.41970276127774686,0.0016886734546471382,0.001294360647731526,0.4156794706027036,first,oracle,0,2,4,1588046
7,52,12,0.8297834300530931,0.9583041549810958,0.0007045310193922719,0.000571666212286789,0.13627584899226586,0.08527293601920469,0.13949904945140917,0.0021092052293207693,0.001623721910057402,0.5191964797597389,first,oracle,0,2,4,1588047
8,52,12,0.8663199901222373,0.9640256941654183,0.00064562067779846,0.0005209758984993985,0.12488095424079544,0.4998851894374283,0.45206114424277627,0.0013448852043257474,0.0009329918314254961,0.3310534480287378,first,oracle,0,2,4,1588048
9,52,12,0.8760662797876282,0.9677342818868744,0.0006017360269872429,0.0004830230563075825,0.1163924450305318,0.5905646592213757,0.5459537607303279,0.0012174644771493766,0.0009025226783345807,0.2996878928524394,first,oracle,0,2,4,1588049
1,51,13,0.6427464859369124,0.8433506417995922,0.002149995472368539,0.0017320176699243304,0.415286091965198,0.6227316986810658,0.6261662926236103,0.0020121708327016205,0.0015051453235735797,0.49457438976507606,first,oracle,0,3,0,2379901
2,51,13,0.7493012473126638,0.8894289121038778,0.001488066939657842,0.0011617697549650122,0.2874301420143587,0.6765512968044614,0.6988220506797884,0.0015236834332567838,0.001150027533255217,0.37450836278466,first,oracle,0,3,0,2379902
3,51,13,0.8029631890331486,0.9144861644599281,0.0011676347931603524,0.0009122210107715632,0.2255365168559927,0.4750818801451713,0.41374699552048144,0.0016562960369235417,0.0010800150958087747,0.4071034071356335,first,oracle,0,3,0,2379903
4,51,13,0.8051505278815086,0.9329560769875894,0.0010043070398898836,0.0007775135720994763,0.193988662343338,0.7523994992349422,0.743878562496416,0.0012121491821453917,0.0008615868333932286,0.297935906991994,first,oracle,0,3,0,2379904
5,51,13,0.8375909757881576,0.9460972827200488,0.0008598298039394582,0.0006773030193964367,0.16608191208879547,0.33666333666333664,0.2794627626825288,0.001698349216717797,0.0010532376365358757,0.41743971924015794,first,oracle,0,3,0,2379905
6,51,13,0.8637159264390063,0.9543314138127013,0.0007735054852684637,0.0006144618939665807,0.14940778909497243,0.7485552422261282,0.7583131691358709,0.00105718689347873,0.0007671549137706215,0.2598475011228892,first,oracle,0,3,0,2379906
7,51,13,0.8754063430109,0.9611461423705479,0.0006980047885684861,0.0005569069367406622,0.13482432151276313,0.6202278733924304,0.6166491459296264,0.0013814284333637235,0.0009389139208204698,0.33954329986866544,first,oracle,0,3,0,2379907
8,51,13,0.8931165736890502,0.9674315575240588,0.000637546515220205,0.0005115090988192446,0.12314639921550743,0.6272588171322347,0.6418882662115395,0.0012172648347707705,0.0008086001190608569,0.2991932906764846,first,oracle,0,3,0,2379908
9,51,13,0.8975943966704949,0.9693973018862172,0.0005988922853958471,0.00048637725709310193,0.11568007463576405,0.6816854032043905,0.7032836171461719,0.0013104431578326125,0.0009618061787312524,0.3220957259561819,first,oracle,0,3,0,2379909
1,51,13,0.6586654474248924,0.8490098820637826,0.002322157426446507,0.001837540092929294,0.40810204115655413,0.5669899720532632,0.9039138682197235,0.002512583824043144,0.002115534317232269,0.46604023205758605,first,oracle,0,3,1,2379911
2,51,13,0.7453284450566274,0.8949941257703802,0.0015934087935920013,0.0012193747005807456,0.28002984365137645,0.6155490079540712,0.822434733175636,0.0018342984249002513,0.0013231192675945348,0.3402301867198118,first,oracle,0,3,1,2379912
3,51,13,0.7970467260904289,0.9216578824250499,0.0012415569024133246,0.0009590060391087958,0.2181944687799392,0.4794572516091503,0.8664244527506998,0.0021043960149416197,0.0016394784648505194,0.3903285525281689,first,oracle,0,3,1,2379913
4,51,13,0.8106389275986805,0.9381985159532826,0.0010473391497246238,0.0008317994367192344,0.18406213115355072,0.403254972875226,0.8408361249385696,0.00235163562686098,0.0018008526647244837,0.43618716429273613,first,oracle,0,3,1,2379914
5,51,13,0.8681020509976639,0.9512883874504727,0.000896296339365859,0.0007237543419001484,0.157517471214728,0.1330188798543229,0.7995728157637846,0.0025360554949804804,0.0019676070635723845,0.47039381535528213,first,oracle,0,3,1,2379915
6,51,13,0.8661845369200826,0.9611980580418811,0.000799152375779726,0.0006504880122673972,0.14044513607756842,0.5586944700868751,0.8678374705223579,0.0016065017701663521,0.0011332379420740941,0.2979779025101268,first,oracle,0,3,1,2379916
7,51,13,0.8691027867261859,0.9664568226150565,0.0007361752828117538,0.0005934912531038078,0.1293773764616044,0.7133246500335108,0.8902224756766067,0.0013320732329923585,0.0009272895692948011,0.2470762219675891,first,oracle,0,3,1,2379917
8,51,13,0.8996958017027988,0.9711960310883274,0.0006665384260342857,0.000517051062049601,0.11713921247368754,0.5549766689007195,0.8770737300868916,0.0016247795313556312,0.0011309480121941393,0.30136810664367,first,oracle,0,3,1,2379918
9,51,13,0.9012444633011134,0.9737484032796015,0.0006467718091705491,0.0004950647682849976,0.11366537534405127,0.45687224168236823,0.7974394773489821,0.0018195926712556835,0.001442420040459283,0.33750252733765923,first,oracle,0,3,1,2379919
1,51,13,0.7562663333955361,0.8876575707409289,0.0023012815295338014,0.001790867194063537,0.34746572880690635,0.6075569999620632,0.9151255655932226,0.0029482782416822306,0.0024186044095262944,0.3806707760901345,first,oracle,0,3,2,2379921
2,51,13,0.8080525132614778,0.9315598180848832,0.001608908195909138,0.0012482586103976184,0.24292571408602281,0.7374018386676614,0.8885302758601087,0.002311626696428071,0.0015446614607159193,0.2984686845763425,first,oracle,0,3,2,2379922
3,51,13,0.8314457403097372,0.9528537294369568,0.0012615177064653387,0.0009882970051022185,0.1904739440413423,0.8169172599552347,0.9343290412021247,0.001815894684943889,0.0012902282880349182,0.2344616017724033,first,oracle,0,3,2,2379923
4,51,13,0.8527915437501533,0.9640197717554612,0.0010633200071064903,0.0008442139016994918,0.1605484841739763,0.8168919687907029,0.9462248312512528,0.001546237324830274,0.0011072020325031686,0.19964444133564066,first,oracle,0,3,2,2379924
5,51,13,0.8660520333167915,0.9704912867884425,0.0009368634832758309,0.0007470281049362199,0.14145507571816288,0.8395781433756118,0.9362287285756504,0.0017201497315725647,0.001197782380638908,0.22209936770938635,first,oracle,0,3,2,2379925
6,51,13,0.8996757079307646,0.9753157148708289,0.0008411449540469496,0.000672124752277149,0.12700273336369394,0.6795609453837301,0.9516824280814462,0.0015926104125061492,0.0010926075429780675,0.20563196280688376,first,oracle,0,3,2,2379926
7,51,13,0.9066773992663796,0.980797801588938,0.0007362659002808221,0.000594708853531543,0.11116726239426035,0.8307515269540586,0.920924229969829,0.0018256463990758026,0.001397445822694037,0.23572070701366662,first,oracle,0,3,2,2379927
8,51,13,0.9209218248504948,0.982133703883586,0.0007031345702592618,0.0005529917780031873,0.10616483153799927,0.8018690170588905,0.9389034828333382,0.0016900387117623707,0.0013494034935606037,0.21821154426112463,first,oracle,0,3,2,2379928
9,51,13,0.9238812915947257,0.9838520639376505,0.0006665200591886208,0.0005226942729154421,0.10063648239392643,0.8238976213659758,0.9456247295097422,0.0015992392640201832,0.0013345626459506737,0.20648785558347388,first,oracle,0,3,2,2379929
1,51,13,0.6779155692639733,0.8416546124976703,0.0023840547323784288,0.0018396001022004788,0.39325263285054163,0.5532062873835025,0.8601013306765757,0.0032512231546189666,0.0029473868914875233,0.5168082317967736,first,oracle,0,3,3,2379931
2,51,13,0.7352038603759544,0.8831831642191301,0.0016928706080761116,0.0013067306586530673,0.2792409983964896,0.7276394491584365,0.9233321414808372,0.0021002768831441788,0.00167882827139964,0.33385600761341533,first,oracle,0,3,3,2379932
3,51,13,0.756422965995573,0.9188335010352179,0.0013174876147290261,0.0010251085383965355,0.21732113202086042,0.8404886252987518,0.8910921407742368,0.0018486217225820419,0.00145774089704889,0.2938533832571387,first,oracle,0,3,3,2379933
4,51,13,0.8260090161743333,0.9338764859167588,0.0011157197292654152,0.0008813111491804757,0.18403928194181757,0.5785227430797051,0.9081319449680465,0.0019918675296612684,0.001488255553857092,0.3166234635463808,first,oracle,0,3,3,2379934
5,51,13,0.8294840034633756,0.9461513863848529,0.0010019524301559135,0.0007915045196724539,0.16527323211104333,0.7871748504659896,0.8449913254693457,0.0015984939388874483,0.0011703256375180683,0.2540935478146532,first,oracle,0,3,3,2379935
6,51,13,0.8454784812995333,0.9585406457250653,0.0008709505332721662,0.0007128738794145367,0.14366431510159472,0.7478217984547099,0.8594182173412308,0.0016081602815382577,0.0012006180703495867,0.2556300912063946,first,oracle,0,3,3,2379936
7,51,13,0.8580870350206445,0.9629442116057921,0.0008053932894636157,0.0006222434294159436,0.1328505706099078,0.6780940578408932,0.8552468265817957,0.0022582448389157784,0.0020561834850077077,0.3589662925801324,first,oracle,0,3,3,2379937
8,51,13,0.8908996294675495,0.9701916031557551,0.0007133421780791205,0.0005592612963791377,0.1176666314925968,0.6319882648996573,0.8955070971497585,0.002768708615922132,0.0025481280016279814,0.44010864099634694,first,oracle,0,3,3,2379938
9,51,13,0.8978493981668219,0.9717996400350137,0.0006952474919002679,0.0005347054551688631,0.11468189171972291,0.644456809013771,0.8430587621309178,0.001962714811834209,0.0016059708783138643,0.3119894031218085,first,oracle,0,3,3,2379939
1,52,12,0.516371305099395,0.8043367513289279,0.002239211964870035,0.0017725557701392337,0.4192210475937207,0.25314685314685315,0.3502975664762699,0.0022810423117431175,0.0017258547127329605,0.5113338219359422,first,oracle,0,3,4,2379941
2,52,12,0.6819841955797012,0.866157265504593,0.0015590537199839135,0.0012067324367682015,0.29188310173417553,0.13595658073270014,0.1791987233001138,0.0018350932871646357,0.0013135398711428437,0.41136688228190915,first,oracle,0,3,4,2379942
3,52,12,0.6992467712063218,0.9006121539642126,0.0012492939736923028,0.0009591067804882839,0.23389046531564373,0.5787913578958356,0.5511518303865949,0.0013538495035202588,0.0009928543672919833,0.30348803150086096,first,oracle,0,3,4,2379943
4,52,12,0.7617547845413014,0.9255476956839808,0.0010200259626967105,0.0008083288218336788,0.19096734001210441,0.03166684062206451,0.06551980318512562,0.0016616711696138696,0.0011482644156481613,0.3724914113101791,first,oracle,0,3,4,2379944
5,52,12,0.7635028522039757,0.9360824728714625,0.000915422083518887,0.0007283928755177507,0.17138359872308387,0.6199144139442648,0.6161262338516491,0.0012033430107555249,0.0008910989393282466,0.2697494814637266,first,oracle,0,3,4,2379945
6,52,12,0.808438029386344,0.9468923142868282,0.0007995401444870213,0.0006562226749883421,0.14968840030494301,0.39425947187141225,0.40575213406362126,0.0013588619271919192,0.0009266282229519456,0.3046116501816708,first,oracle,0,3,4,2379946
7,52,12,0.8316979380170392,0.9573258357739688,0.0007183584643627618,0.0005916972766027843,0.1344897190183835,0.13278363427617162,0.07394945051788421,0.0016688522511476647,0.0011815977539507635,0.3741011709570763,first,oracle,0,3,4,2379947
8,52,12,0.856723249783924,0.9650084428291492,0.0006484328873028375,0.000537230648074355,0.12139838415212027,0.32278467800855865,0.37944306948348594,0.001663476722199368,0.0012815576718723139,0.3728961561496309,first,oracle,0,3,4,2379948
9,52,12,0.861437066304482,0.9674475704386534,0.0006147039757377264,0.0005049913160602373,0.11508372084093949,0.42294123786661103,0.4073842515100076,0.0015303566478953826,0.0011001557926150617,0.34305506288282656,first,oracle,0,3,4,2379949
1,51,13,0.6272716050460402,0.8158716062937184,0.0023599384209674733,0.0018514021456250398,0.41248831177441014,0.6525499816639055,0.8451325635198647,0.002105322396131243,0.001695565146856956,0.38277909818907474,first,oracle,0,4,0,3171801
2,51,13,0.7543981067055057,0.8880085107269964,0.0016140628598013123,0.0012377465526093939,0.2821184053880007,0.6065200622162646,0.8299123133096544,0.0016931729831640477,0.0012225159297086438,0.30784417092822164,first,oracle,0,4,0,3171802
3,51,13,0.7790951230932944,0.9156538110260699,0.0012655995804828342,0.000986918360473662,0.22121129504800804,0.7437499209651107,0.9156627094748653,0.0014961993967870933,0.00115792085376154,0.2720314270468146,first,oracle,0,4,0,3171803
4,51,13,0.8131215790147233,0.9343118761341717,0.0010607290014698733,0.0008442445799182943,0.1854024288002786,0.5831763173535325,0.8988562132261952,0.0024687507729747858,0.0022001075947356685,0.4488558124253956,first,oracle,0,4,0,3171804
5,51,13,0.821896051623206,0.9484447406546941,0.000926418249581606,0.000723316697610007,0.16192655552862315,0.6622870800085989,0.8586126126450445,0.0018192066798815975,0.0015085045458927957,0.3307589819137652,first,oracle,0,4,0,3171805
6,51,13,0.8397784381638047,0.9598041077538636,0.0008073349048676567,0.0006572708851816319,0.14111224639873926,0.7852527219615827,0.8838473699177508,0.0015061497197662297,0.0011675949846964937,0.2738405445784776,first,oracle,0,4,0,3171806
7,51,13,0.8711295812770843,0.9638235022419683,0.0007447576298475196,0.0006119100298998795,0.13017450569365877,0.5629686768927274,0.913741797508682,0.002113201759031614,0.0017139704172659277,0.3842116842057583,first,oracle,0,4,0,3171807
8,51,13,0.8875629515642918,0.9680379088561181,0.000706630696359896,0.0005686178639365899,0.12351038501673121,0.5693926326837718,0.8415576603273027,0.001970717959212498,0.0016503060019357023,0.35830599845352545,first,oracle,0,4,0,3171808
9,51,13,0.897477704559952,0.9731481655505868,0.0006399046733294827,0.0005055525569702501,0.11184749400792597,0.6656002225622479,0.8772520934314539,0.001820911804535243,0.0015558477569628908,0.33106899907713255,first,oracle,0,4,0,3171809
1,51,13,0.6756357908291036,0.8632659410692942,0.002461396034965009,0.001916136043420794,0.36510437740284213,0.6980993689854449,0.8679724082734612,0.002706036668879008,0.002225228915644313,0.3394977882385154,first,oracle,0,4,1,3171811
2,51,13,0.7586570393342175,0.9220881740138535,0.0016513194084860326,0.001299444212352953,0.2449439001136171,0.8050304126253492,0.9115386253748022,0.0020598707640877767,0.0015021695650122404,0.25843018925337735,first,oracle,0,4,1,3171812
3,51,13,0.7849841218025166,0.9442653946347,0.0013156070404964347,0.0010320793301767264,0.19514693393664903,0.8224560249876705,0.931883622058903,0.0017054991777322706,0.0012569481558070304,0.2139709359232638,first,oracle,0,4,1,3171813
4,51,13,0.832765505845064,0.95663979097377,0.0011177387674976328,0.0008962222209611503,0.16579669058093882,0.6549526422944143,0.9497078570129752,0.0017547168577619022,0.001118943056628646,0.220145757463732,first,oracle,0,4,1,3171814
5,51,13,0.8503094276190213,0.9671740224238276,0.0009601233971831639,0.0007633509575994061,0.142417250283514,0.6697732647099734,0.8737962157973348,0.0024137567324803173,0.0019518102725626129,0.30282851723600696,first,oracle,0,4,1,3171815
6,51,13,0.869448910184627,0.9725690601792556,0.000868673074041683,0.0007097671746944063,0.12885221937440483,0.7642104730712325,0.936716818931698,0.001650655758524134,0.0011137882370889339,0.20709031241408085,first,oracle,0,4,1,3171816
7,51,13,0.8849414554775539,0.975404199482855,0.0008181480090716315,0.0006500020679592502,0.12135772351632933,0.770937922836657,0.9290240208596684,0.0016777502903572526,0.0011649124046478386,0.2104895766356231,first,oracle,0,4,1,3171817
8,51,13,0.8933229466100241,0.9796890010139996,0.0007328643580364836,0.0005754083124960324,0.10870740886906793,0.8204833141542002,0.9255324291635236,0.0018238912487976496,0.0014551700260832408,0.2288243363719443,first,oracle,0,4,1,3171818
9,51,13,0.9071318149798412,0.9833647803978427,0.0006625421330632201,0.0005326354275542675,0.09827635600243288,0.740967892866627,0.9423561906209453,0.0016486538885733878,0.0013237233899659178,0.20683915897317012,first,oracle,0,4,1,3171819
1,51,13,0.538085727278432,0.8166288991913135,0.0022383644726836982,0.001811814464672019,0.42105647062982243,0.5309753537601639,0.5328513238219034,0.00261408880416351,0.002265762315080595,0.5907665172437276,first,oracle,0,4,2,3171821
2,51,13,0.674506998479626,0.8628296074755907,0.0015790767604486125,0.0012253228584913902,0.2970385277831472,0.3049987986696847,0.3466873591510857,0.0018650405781370936,0.001397720742171762,0.4214866477027923,first,oracle,0,4,2,3171822
3,51,13,0.6991462040970543,0.8954636139060324,0.0012448723421025498,0.000969151373573688,0.23417167362468655,0.6984534452888883,0.6960006888883933,0.001450854903991513,0.0011067740414487845,0.32788346642696403,first,oracle,0,4,2,3171823
4,51,13,0.7461310018408859,0.9166485683534852,0.0010454408952251173,0.0008173127480734244,0.19665682643175725,0.52773808470011,0.5128321664353984,0.0014855414149507356,0.0011439931764875822,0.3357223849985439,first,oracle,0,4,2,3171824
5,51,13,0.7606807045271762,0.9351991433013777,0.0009028208981326974,0.0007304247715183582,0.16982872343521024,0.6049520100153011,0.5809549323770807,0.0015948047230860331,0.0012803013126162796,0.3604151589803648,first,oracle,0,4,2,3171825
6,51,13,0.8148080970654363,0.9454480888300929,0.0007926980944928958,0.0006244129406194484,0.14911363453780527,0.43631052491811984,0.40925819532951424,0.002263085853097503,0.0018313379999216623,0.5114422071387044,first,oracle,0,4,2,3171826
7,51,13,0.8260572741678255,0.9539668996965776,0.000727877250050092,0.000599769765218304,0.13692025123610896,0.1410867613399259,0.07012836377380724,0.0018746411826654965,0.0012907616288237288,0.42365631986222524,first,oracle,0,4,2,3171827
8,51,13,0.8309266786493624,0.9608532266576114,0.0006725303002241852,0.000561013064433348,0.1265089926416221,0.5888668293731584,0.49948064960509775,0.0015823494571605068,0.0011875151334255262,0.35760035251302213,first,oracle,0,4,2,3171828
9,51,13,0.8591901336944063,0.9652515288539005,0.000614662270183559,0.0005111688422606797,0.11562349620502382,0.48975075557354036,0.4735692406435921,0.0019776245120754574,0.001644732795327347,0.4469298608195127,first,oracle,0,4,2,3171829
1,51,13,0.7488335318279584,0.8572260166758392,0.0022810845481276345,0.0017634464245196437,0.38609588369664366,0.7685099710416164,0.8220728195791612,0.0022661376307488053,0.0016234240859271715,0.3870808424516338,first,oracle,0,4,3,3171831
2,51,13,0.8395958236577155,0.910862370413505,0.0015413320568919762,0.0011873782610932965,0.2608855349373815,0.8118337358843688,0.9274786705928988,0.0016635117232964266,0.0012813833115101034,0.28414581292177743,first,oracle,0,4,3,3171832
3,51,13,0.8666743226134156,0.9385804181946755,0.0012074295139051245,0.0009363148251157153,0.20436926178613668,0.8519708139961304,0.8905136441187637,0.0015719306242861337,0.0009985290076258162,0.2685027696765015,first,oracle,0,4,3,3171833
4,51,13,0.8792713059453023,0.9501427835039511,0.001036226679585962,0.0008011688527012921,0.17539150659416716,0.7287522603978298,0.8979633658637578,0.0016892124158967236,0.0011033539488747807,0.28853576947531046,first,oracle,0,4,3,3171834
5,51,13,0.8982273916653337,0.9576695697079171,0.0009354391148251343,0.0007142234411366074,0.15833222489682466,0.8400333843371818,0.9320553449279853,0.0013175863859652265,0.000871128348735486,0.22505802002577344,first,oracle,0,4,3,3171835
6,51,13,0.9147586367396833,0.968904351572895,0.0007997032154756741,0.0006236703187356745,0.1353575955470685,0.8158803222094361,0.9081429117274136,0.001400667316615677,0.0010080503123985963,0.23924914248518725,first,oracle,0,4,3,3171836
7,51,13,0.9258369344282571,0.9707462647055982,0.0007546760410088194,0.000586499425862856,0.1277363056082922,0.8154756635769294,0.9286933135446396,0.0012692185407931842,0.0008423110349168475,0.21679626839925029,first,oracle,0,4,3,3171837
8,51,13,0.9307109505951792,0.9741205825956332,0.0007019558516500047,0.0005291539088485861,0.11881289761105078,0.7772607139695747,0.8784054678876231,0.0016595478120486524,0.0011959632336714136,0.28346873396400696,first,oracle,0,4,3,3171838
9,51,13,0.9376071084518522,0.9778881770946173,0.0006504201261315465,0.0004818215262968682,0.11008997171059288,0.7217213166580255,0.8538820013307107,0.0017121614079075006,0.0013912479916164044,0.292455705775919,first,oracle,0,4,3,3171839
1,52,12,0.539273885664897,0.8407209393944781,0.0021754755585519352,0.0017466481662235661,0.41898448255964243,-0.21824444212503918,-0.0034844679302605827,0.0028678338760067894,0.002358416828184441,0.7031264764212531,first,oracle,0,4,4,3171841
2,52,12,0.6625318187430548,0.8763873093539563,0.001522605724077618,0.0011723476855345731,0.2932453867096759,0.45262498695334524,0.5604054316071484,0.0016248708426275377,0.0011426305485717828,0.3983807150667845,first,oracle,0,4,4,3171842
3,52,12,0.7285701938510927,0.9049978064726768,0.0011999216188926954,0.000918154129567648,0.23109822430665672,0.4856069303830499,0.49464877215921493,0.0014464962347794557,0.0010759342469271091,0.35464739057105704,first,oracle,0,4,4,3171843
4,52,12,0.7544966539078898,0.929395008651235,0.0009980546629593913,0.0008015241775923373,0.19221977230791115,0.4076192464252167,0.42090273188728267,0.001716678311882784,0.0011908064483915617,0.4208897811973783,first,oracle,0,4,4,3171844
5,52,12,0.7946226941597728,0.9405759742662954,0.0008760408448613939,0.0007053115396045418,0.1687205901452101,0.47324913892078074,0.36072209529910254,0.0016490316150304734,0.0010936786851589147,0.404304377141293,first,oracle,0,4,4,3171845
6,52,12,0.8460990245709348,0.9545764851945409,0.0007670183858829089,0.0006067207031893693,0.1477234714311366,-0.027909404028807018,0.044030182404372384,0.0018684796927315463,0.0014182194438104485,0.4581079655995693,first,oracle,0,4,4,3171846
7,52,12,0.8431861217434252,0.9579842488718756,0.0007119795955097215,0.0005844599645708768,0.13712330678457613,0.6407473123891035,0.6589516022798155,0.0011067682833755977,0.0008032443715162511,0.27135396154405445,first,oracle,0,4,4,3171847
8,52,12,0.858080158044203,0.963680250119852,0.0006533035594892046,0.000525685005017934,0.1258226288734571,0.48619142051977876,0.5109810076535165,0.001510748116697338,0.0011302292066687788,0.37040046459473813,first,oracle,0,4,4,3171848
9,52,12,0.8930825534016545,0.971383588302535,0.0005860874980104803,0.0004769420446898963,0.11287718959805278,-0.09804822043628014,-0.11756880383508195,0.002271786267700006,0.0018540470551906727,0.5569894012878706,first,oracle,0,4,4,3171849
1,51,13,0.6824386032324948,0.8093241919875804,0.0023110006284474396,0.0018061684216990896,0.39838051277355746,0.4543431252292012,0.6824245307847641,0.0027295417331764655,0.002160752334808522,0.48397867106405756,first,oracle,0,5,0,3963701
2,51,13,0.7656551895542691,0.8812465050753413,0.0016246300295158183,0.001261496704138566,0.28006091225541685,0.612792271020119,0.7930209064837509,0.0019864795338108286,0.0013673055559848886,0.3522253252932982,first,oracle,0,5,0,3963702
3,51,13,0.7978758824171753,0.9138882443150396,0.0012765804143834085,0.0009976023766247108,0.22006257974079532,0.5418252633442506,0.81792862966082,0.0018823094003133146,0.0012341282920075097,0.33375478052678853,first,oracle,0,5,0,3963703
4,51,13,0.8158978547921916,0.9390462056507205,0.0010717389379286228,0.0008429192744499333,0.18475109975986023,0.6561413270274029,0.774326483678683,0.001676659156399089,0.001187515090990028,0.29729066256007797,first,oracle,0,5,0,3963704
5,51,13,0.845989184280148,0.946665574414582,0.000944334914068214,0.0007512324891642554,0.16278863045970163,0.5909154137002237,0.7840432932581972,0.0018180293084804717,0.0012346234156350151,0.3223571920440761,first,oracle,0,5,0,3963705
6,51,13,0.875810400766989,0.9595647687753042,0.0008166039325836603,0.0006675752454306893,0.14076979875775097,0.23119918056626917,0.6928138404142521,0.002471053970887237,0.0019247174370179852,0.43814586251656684,first,oracle,0,5,0,3963706
7,51,13,0.8809536652440166,0.96503613552901,0.0007494165907855106,0.0005925013926373872,0.12918774752506873,0.4504482858913238,0.7565313548537292,0.0019213222467552497,0.0014453322312283938,0.34067220016023775,first,oracle,0,5,0,3963707
8,51,13,0.8900617438791817,0.9688620714675814,0.0006978213305159928,0.000540087909313052,0.12029352828954022,0.4581115087444201,0.837184152045718,0.0018237408163362544,0.0013712779976370628,0.3233699070900545,first,oracle,0,5,0,3963708
9,51,13,0.9068363788848715,0.9758927736908463,0.0006196310056152325,0.0004827248183928585,0.10681473414969503,0.48370616725047105,0.7252275440721638,0.0019120012794734008,0.0014946709073293475,0.3390194870680473,first,oracle,0,5,0,3963709
1,51,13,0.6582157257483405,0.8024500102015597,0.0024056918048609684,0.0018563577645655245,0.4017380253414521,0.6555343390786428,0.7948608632479196,0.0029400260416147946,0.002641599319599906,0.472781417100152,first,oracle,0,5,1,3963711
2,51,13,0.724861579439657,0.8930001042608817,0.0016510154535728865,0.001278683022180352,0.27571099788691583,0.7167136660807546,0.8681028063454789,0.0017592598679209083,0.0013265602612484583,0.2829040837156127,first,oracle,0,5,1,3963712
3,51,13,0.7545647450157974,0.9218539822502001,0.0012898926805288452,0.0010202827193195364,0.21540537209752803,0.6338598110750009,0.8677290918034446,0.0018070698736363617,0.00121310930680382,0.29059234291256303,first,oracle,0,5,1,3963713
4,51,13,0.7955448813339233,0.9347110629544337,0.0011264387146485298,0.0008747140870779721,0.18810940951649327,0.6209360259993171,0.8708942791732439,0.0016354377670680415,0.001141887955706,0.26299242732858863,first,oracle,0,5,1,3963714
5,51,13,0.8337429360920874,0.9463476732779145,0.0009859509602044233,0.0007794928517083796,0.16464868485467737,0.4733114986279543,0.8572005613734003,0.0021731259757175317,0.0016817543692254655,0.349457305409643,first,oracle,0,5,1,3963715
6,51,13,0.8506150753030577,0.9573357758683096,0.0008826864292327274,0.0006989415972865221,0.14740404500656604,0.5426345806092642,0.8604042018539935,0.0017860889033823805,0.0013588994751597167,0.2872184228491321,first,oracle,0,5,1,3963716
7,51,13,0.8473321317696864,0.9639309364483962,0.0007989340063328372,0.0006336306454109094,0.13341782577209155,0.712844117907409,0.8565588307064967,0.0016931934188824907,0.0012847447210589233,0.27228003176605836,first,oracle,0,5,1,3963717
8,51,13,0.8760691080819292,0.9692059105907498,0.000738534788463632,0.0005758787755005752,0.12333147037531413,0.4621328039049557,0.7738818076119267,0.002205100284265495,0.0018151250804694585,0.35459904860923747,first,oracle,0,5,1,3963718
9,51,13,0.8946350946293135,0.9734792514366652,0.0006790973185464199,0.0005309955502930058,0.11340572188684027,0.4602612577296121,0.8331789692966062,0.002052083673276272,0.0015426231379475097,0.3299926644618328,first,oracle,0,5,1,3963719
1,51,13,0.6057738218667343,0.7912021869383608,0.0022542477729589785,0.0017904350744449749,0.4156073987761421,0.47260334602106746,0.5591066304318478,0.002234538301893628,0.0016663356246611977,0.475351153093288,first,oracle,0,5,2,3963721
2,51,13,0.763878578935501,0.8684661142379746,0.0015297094346649386,0.0011819322430240535,0.2820269211977113,0.12512803652044158,0.12489964185349792,0.0023496887959742075,0.0016522949010412897,0.49984700536580406,first,oracle,0,5,2,3963722
3,51,13,0.781245980216199,0.9080399430549975,0.001227114218843687,0.0009504302862541273,0.22623855044355096,0.5106665486412322,0.5106323283402294,0.0018406260789826398,0.0012453896462414889,0.39155459018828026,first,oracle,0,5,2,3963723
4,51,13,0.8233120860909426,0.9303077941943871,0.0010128966138882548,0.0008079838434336843,0.18674403584956784,0.19098622896091252,0.2161851670710511,0.002184099234982279,0.001529406716207694,0.4646212995942717,first,oracle,0,5,2,3963724
5,51,13,0.8476918020539458,0.9440799327381956,0.0008939967948771036,0.0007128226848150032,0.16482291205521468,0.3946812680989896,0.36131174458411386,0.0017558967688763123,0.0011038212317443907,0.3735302067057013,first,oracle,0,5,2,3963725
6,51,13,0.8779500580825303,0.9588611940012708,0.0007724456747610442,0.0006263563902049514,0.14241297759470448,-0.04156602890780106,-0.015541117016500447,0.002342535013188285,0.0016593953920054933,0.4983251881325146,first,oracle,0,5,2,3963726
7,51,13,0.8805620425681618,0.9594202594426859,0.0007284618984043368,0.0005720510144069432,0.13430384997384495,0.6854537867196094,0.696303885458402,0.0013287076095391602,0.0009624416020213619,0.2826546735775454,first,oracle,0,5,2,3963727
8,51,13,0.8913127047155964,0.9661654343125906,0.0006665149829338345,0.0005340687496191098,0.12288292423988857,0.7253885355151177,0.704256949402274,0.0013325269081130248,0.0008764660224479403,0.28346714923730726,first,oracle,0,5,2,3963728
9,51,13,0.9078461732811135,0.9713491842957214,0.000607978831246701,0.0004882868526126095,0.11209082852224629,0.7905891576777653,0.784184912302884,0.0010871400144320884,0.0008436950854734154,0.2312662347278696,first,oracle,0,5,2,3963729
1,51,13,0.7255826905659575,0.9080323232775183,0.0023226038683741546,0.0018624593108129684,0.35552041840550125,0.6513865880954488,0.9814023577574721,0.0028853442209740136,0.0026537228602328765,0.38672930360734337,first,oracle,0,5,3,3963731
2,51,13,0.7835858340883594,0.939667474129971,0.00158385472155364,0.0012400331892266092,0.24244026326127197,0.745115643849821,0.9622032918660234,0.0017071937455072968,0.0013732378975576556,0.22881909323802488,first,oracle,0,5,3,3963732
3,51,13,0.8023649463817456,0.9547926095257396,0.0012462004414773992,0.0009751232079330681,0.19075560340012024,0.8020460552106122,0.965587009221592,0.0016320296933543985,0.0012023416228436985,0.21874468293574778,first,oracle,0,5,3,3963733
4,51,13,0.8337607240214292,0.9647193757427103,0.0010533617206806803,0.000835047785456529,0.1612378265480467,0.7751362561489143,0.9555375463316922,0.0018236148079754093,0.0013532035224930242,0.24442327525770832,first,oracle,0,5,3,3963734
5,51,13,0.8580316536202636,0.9713592765212455,0.0009266377424125348,0.0007552328741701052,0.14184021751562986,0.680951959432972,0.9671448103568145,0.001721699086218881,0.0013564462592536854,0.2307632773222672,first,oracle,0,5,3,3963735
6,51,13,0.8775996523448031,0.9754535721720072,0.0008432376277991314,0.0006652627933356291,0.12907418192679762,0.6822923911531507,0.9524757490021012,0.0016821583935880367,0.0012941217102298889,0.22546354760055085,first,oracle,0,5,3,3963736
7,51,13,0.8944765267684454,0.9794899640564052,0.0007630095063282623,0.0006238578586115918,0.11679368256933423,0.7558390976112495,0.9733916987828134,0.0014232530588864833,0.0010571929812846336,0.19076187177916207,first,oracle,0,5,3,3963737
8,51,13,0.9035254770088541,0.982220123588234,0.0007069493743326223,0.0005642378012427148,0.10821257157819948,0.6751349915906877,0.9603971256839409,0.0014226022523619946,0.0010663907981809813,0.19067464268803003,first,oracle,0,5,3,3963738
9,51,13,0.9093902231940434,0.9848336308815613,0.0006451927355010411,0.0005111054974678325,0.09875949764868328,0.5158512373702246,0.9462075810379041,0.002360221187012887,0.002139408501169281,0.3163458589716086,first,oracle,0,5,3,3963739
1,52,12,0.5248461785405606,0.8212883788529628,0.00216712157323191,0.0017390566073353588,0.4201789678770809,-0.2978603486066173,-0.27383603245247173,0.002808068657499517,0.0021010895861673755,0.6954390001660102,first,oracle,0,5,4,3963741
2,52,12,0.6747349549327077,0.8859451370040277,0.0015080711345010459,0.0011838171971893532,0.29239696591403835,0.5147479386285357,0.5285237620047641,0.0019143283235092924,0.0015403251138309565,0.4740975872278884,first,oracle,0,5,4,3963742
3,52,12,0.7673357698481295,0.9077386664073115,0.001192615685307484,0.0009265567935638919,0.23123392518269706,0.010291201335977457,0.04604631997736148,0.001751422018301457,0.0012526245741534996,0.43375263422543664,first,oracle,0,5,4,3963743
4,52,12,0.7537513273243609,0.9297273121662397,0.001014772771610868,0.0007888359251036659,0.19675231010198174,0.6510593883728213,0.5977356870580206,0.001118259817052068,0.0007324907532621883,0.27694532575603503,first,oracle,0,5,4,3963744
5,52,12,0.801583257192246,0.9367434934068559,0.000878534723917417,0.0007034062765533678,0.1703373812062059,0.20559440559440562,0.167978514412552,0.0017282324926961136,0.0010687625415650819,0.4280095764628588,first,oracle,0,5,4,3963745
6,52,12,0.8214394863563402,0.9506861928387949,0.000788808326732998,0.0006377595346796973,0.15294050535671072,0.3353929652437116,0.3083626244102973,0.0012439955023879393,0.0008743076860518798,0.3080846994539096,first,oracle,0,5,4,3963746
7,52,12,0.8451078898629462,0.9581946325454208,0.0007085658316028441,0.0005819318374704591,0.13738244474759245,0.5386285356434611,0.5354499029672013,0.0011629364085213487,0.0008044987435912821,0.28800981451746316,first,oracle,0,5,4,3963747
8,52,12,0.8629302383010248,0.9638820094771391,0.0006580786160426119,0.0005343292291141242,0.12759357716069042,0.1055213443273145,0.15508623028900156,0.0018783266460104975,0.0013437235273900995,0.46518150515945517,first,oracle,0,5,4,3963748
9,52,12,0.8748156562538585,0.9680160198570726,0.0006037080766814662,0.0004757784371470218,0.1170517795089711,0.23323243920258852,0.2134298423023568,0.001604803436710199,0.001046979049346886,0.3974414566068742,first,oracle,0,5,4,3963749
1,51,13,0.7546639786030973,0.8984139479013687,0.002383104265996842,0.0018761078780073328,0.34152130689425303,0.7383376117553333,0.9745639393641811,0.002768834368343034,0.0024965520918849957,0.31291030118429813,first,oracle,0,6,0,4755601
2,51,13,0.7942487918619563,0.9432451780332395,0.001590348723318064,0.0012539951842986353,0.2279119643042558,0.7646910051973344,0.8487525431170185,0.0032199584095980714,0.0018254148054535175,0.36389253444264474,first,oracle,0,6,0,4755602
3,51,13,0.8163329178973414,0.9536509601630512,0.0013175913265071238,0.001020489274666414,0.1888232580512034,0.8589764665714034,0.8664298132889264,0.002713215633019165,0.0012426578351378114,0.30662474094253594,first,oracle,0,6,0,4755603
4,51,13,0.845339183695452,0.9640411357962037,0.0011163458209195514,0.0008716203934906537,0.15998287995464824,0.8844446692547957,0.9161455670015668,0.002242645549706161,0.0012305661470209893,0.25344488006631116,first,oracle,0,6,0,4755604
5,51,13,0.8602600035279393,0.9738698024639689,0.0009338527688666638,0.0007611494093659857,0.13382990522940988,0.8121878121878121,0.8711793031184221,0.0027067563604785514,0.0015458665112959259,0.3058947684533096,first,oracle,0,6,0,4755605
6,51,13,0.8838999145685282,0.9760338461976352,0.0008786520976981204,0.0006893672755938121,0.1259191286730031,0.7607708746949252,0.88980913957924,0.00246940894491647,0.0013497940071098091,0.2790717659154978,first,oracle,0,6,0,4755606
7,51,13,0.9038090544842629,0.9806468851209181,0.0007810090413308668,0.0006082758477281972,0.11192595821231212,0.7540434249295009,0.8580098207722342,0.0031795890045002743,0.0022272006554104585,0.3593303248528591,first,oracle,0,6,0,4755607
8,51,13,0.9118992270979996,0.9830366070704359,0.0007291801935159272,0.000563634476184118,0.10449839572873049,0.8285006133107399,0.9267581322220446,0.0020032251138420907,0.0013412569647555668,0.22638760226289556,first,oracle,0,6,0,4755608
9,51,13,0.9359350842694915,0.9861514157452878,0.0006542875175380538,0.0004890403241605227,0.09376556924617947,0.7030564372336524,0.8446488751525276,0.003015714118504903,0.002211427877941665,0.3408105677595373,first,oracle,0,6,0,4755609
1,51,13,0.6613297251287277,0.8422454794308983,0.002289826473351592,0.0017919010040178345,0.40283987840758445,0.6794597807256035,0.874678072308882,0.0019943737691869366,0.0016012609067306617,0.374738639959811,first,oracle,0,6,1,4755611
2,51,13,0.7580731258481177,0.9103867238366761,0.00153144674141868,0.0012014575350905578,0.2694212099826947,0.7725059750376205,0.8649985581445719,0.0015413783908074883,0.0011649322531884414,0.2896217603534372,first,oracle,0,6,1,4755612
3,51,13,0.7858686183538819,0.926686644200057,0.0012385131589128682,0.0009663694944675738,0.21788659365632465,0.7035116781952225,0.8971802415208993,0.0014015161713785158,0.0009799525037075113,0.2633419432497751,first,oracle,0,6,1,4755613
4,51,13,0.8325109984578853,0.9484449562443784,0.001013190052640865,0.0008016961565138455,0.17824641402289798,0.5237167895395742,0.7584224809280318,0.0019025967355379922,0.0014817735590525846,0.3574939282109334,first,oracle,0,6,1,4755614
5,51,13,0.8406600524118043,0.951743258313281,0.0009157398004738709,0.0007232413318924773,0.16110238665200266,0.6352508251242428,0.8659091248861754,0.0014611242370887031,0.0010303896656804151,0.2745421735275616,first,oracle,0,6,1,4755615
6,51,13,0.8671285324480653,0.96057293320296,0.0008125951291920098,0.0006340136522595826,0.1429565632365026,0.6466318491634947,0.8623219927632351,0.0014969101771460335,0.0012092008772457395,0.2812662764584954,first,oracle,0,6,1,4755616
7,51,13,0.8796335703025907,0.9687096344521137,0.0007164177609293358,0.0005714103004540465,0.12603646916501265,0.6778664373601081,0.8711129679096264,0.0014694280251414766,0.0011562347565635676,0.276102437851876,first,oracle,0,6,1,4755617
8,51,13,0.8938679490006889,0.9711227022402684,0.0006841428533575237,0.0005367410894852945,0.12035847566063392,0.626398917538158,0.8568951769149284,0.0013181864163620053,0.0010261451050031765,0.24768445740357795,first,oracle,0,6,1,4755618
9,51,13,0.9109681607593997,0.9750780751209966,0.0006284194077296705,0.00048321402082868615,0.11055527601978091,0.38178277418783746,0.8433497573823355,0.0016033362089508192,0.0012619933165707471,0.30126350417529585,first,oracle,0,6,1,4755619
1,51,13,0.6062918953088124,0.810461204399822,0.002227826482115262,0.001786096292097393,0.41874795953631166,0.4764728941944132,0.47740993843739815,0.002247707922469386,0.0017719999317762152,0.5099543308040051,first,oracle,0,6,2,4755621
2,51,13,0.7423548550259053,0.8710213053981344,0.0015529001035936788,0.001205745644706225,0.2918870724286222,0.6413459957763754,0.6994221631875781,0.0016728150804413147,0.0012182365909344582,0.37952408601563636,first,oracle,0,6,2,4755622
3,51,13,0.7662720436502609,0.9094076503846671,0.0012149290068989283,0.0009416330226982732,0.22836116129536269,0.6381340178808532,0.6022123785510962,0.0013190561035510676,0.000883242239423821,0.2992641374152939,first,oracle,0,6,2,4755623
4,51,13,0.8074712761999316,0.9214762790509782,0.0010294008414999424,0.000805037997089398,0.19348881314750488,0.6706078731395186,0.7625499079945444,0.001293249227239093,0.0009105483884710731,0.29340913810321406,first,oracle,0,6,2,4755624
5,51,13,0.8276424586673577,0.9394094411516659,0.0008907916040000708,0.0007277282505187381,0.16743546660462444,0.5781939579407934,0.6326349694688648,0.0017886804573661519,0.001375050204486027,0.40581133186390733,first,oracle,0,6,2,4755625
6,51,13,0.8493485912042312,0.951559627306163,0.0007960981868857657,0.0006390059747603305,0.1496366499030261,0.35479710163254463,0.3613824561063874,0.0018237781814500447,0.0013481463435841897,0.4137742153947363,first,oracle,0,6,2,4755626
7,51,13,0.8759084402571804,0.9594446846954812,0.0007218081069762184,0.0005924596862110054,0.13567289661000684,0.5205301028085838,0.5598486757016792,0.0017319185806329517,0.00123766794350678,0.3929333397656912,first,oracle,0,6,2,4755627
8,51,13,0.8659548996933722,0.9635886535494647,0.0006625667094045715,0.0005406166188586539,0.12453773211117536,0.599590283134587,0.6251257842498791,0.001644146727099562,0.0011400698957615386,0.37301988197849223,first,oracle,0,6,2,4755628
9,51,13,0.9138767342613471,0.9695509703881281,0.0006033424739367883,0.0004768688018964616,0.11340579344524959,0.5324928236320641,0.4830656266355241,0.0015943102865330443,0.0010795774326997512,0.36171311545215845,first,oracle,0,6,2,4755629
1,51,13,0.6112166811907305,0.8564229837484463,0.0021661705324981864,0.0017679196355071456,0.4202100374298359,0.5415217693698706,0.5818562294528533,0.001959237121608817,0.001597023858921023,0.4844400379172375,first,oracle,0,6,3,4755631
2,51,13,0.7206958687369399,0.8742603112552255,0.001505835957310859,0.0011752599562519297,0.29211337449736025,0.3566433566433566,0.42165801889752647,0.0018330491809347717,0.00136834487929214,0.4532388677828968,first,oracle,0,6,3,4755632
3,51,13,0.7817309071695729,0.9041291368387954,0.001178141277634191,0.0009189842651927048,0.22854469809509914,0.17672201216505012,0.13980768629593213,0.0017991093639545617,0.0011738044789805179,0.4448469247947526,first,oracle,0,6,3,4755633
4,51,13,0.7811532935751151,0.935389535603999,0.0010002607138395773,0.0007868838748560562,0.19403808965925687,0.6750085357680293,0.6416905041862027,0.0011389989071444047,0.0007827044740879266,0.2816283275153745,first,oracle,0,6,3,4755634
5,51,13,0.8229534040249801,0.9374707708918413,0.000864816647629595,0.0006814256529264563,0.16776363191095237,0.3847418404380429,0.4518073267706127,0.0015557183905289043,0.0010827219057775526,0.3846661885813538,first,oracle,0,6,3,4755635
6,51,13,0.8364789831497249,0.9537120299972943,0.0007671897689314176,0.0006178891935664268,0.14882523637077874,0.6622112065150039,0.5730894206051137,0.001292625511673369,0.0008569215487815746,0.31961396861122915,first,oracle,0,6,3,4755636
7,51,13,0.8736178325968086,0.9564549890570538,0.0007011215872922445,0.0005671166232111438,0.13600883403171618,0.2571226242112318,0.24682723661328027,0.0015785520739424923,0.001102471736398283,0.3903120342713261,first,oracle,0,6,3,4755637
8,51,13,0.8734175125129023,0.965704037161047,0.0006324484832705396,0.0005091626346656831,0.1226871092743844,0.03256237433452623,0.01563543639653949,0.0019354421628700387,0.0013689508191444618,0.47855650774801156,first,oracle,0,6,3,4755638
9,51,13,0.8914229734072101,0.9682202443802308,0.0005910584838620754,0.000479412124762328,0.11465796616689632,0.4872975126139683,0.5129397495662443,0.0016547280755835243,0.001174951415161565,0.4091472761705111,first,oracle,0,6,3,4755639
1,52,12,0.5926577602173108,0.7937293889340769,0.002319485383803687,0.0018490401552564246,0.41307054502117735,-0.2136520196221689,-0.18494531013525492,0.003811934719678964,0.0033412498053420657,0.711892706940988,first,oracle,0,6,4,4755641
2,52,12,0.662723941227312,0.8259071019954675,0.001662254570438291,0.0012914774450193144,0.2960261815700244,0.3743033086316669,0.3229896283638131,0.002213630922426107,0.0015232138977652775,0.4134036455028578,first,oracle,0,6,4,4755642
3,52,12,0.7045751821212496,0.8753541033677743,0.0013124795493009872,0.0010217975986576307,0.23373574437871664,0.5704832480951885,0.4645279502668084,0.0017098649848783535,0.001091845993346687,0.3193235199712909,first,oracle,0,6,4,4755643
4,52,12,0.7476586739103592,0.9090766062769219,0.0011026327324301672,0.0008934236217064303,0.1963647225041829,0.5504435862644819,0.44516204975333223,0.0019303941570869287,0.0012649511920313585,0.36050814691480787,first,oracle,0,6,4,4755644
5,52,12,0.7910623533769602,0.9234696010178131,0.0009536834369018965,0.0007775560367534631,0.1698387667408891,0.43625926312493485,0.38432906940561606,0.002028867131873043,0.00144380075662995,0.3788983339815271,first,oracle,0,6,4,4755645
6,52,12,0.8073852080503766,0.9399302844128554,0.0008454533498005097,0.0006935526710657144,0.15056437881896756,0.6389103433879554,0.5575476856527842,0.0019944114504544465,0.0015336447305659166,0.37246360985365784,first,oracle,0,6,4,4755646
7,52,12,0.8383436967526855,0.9476415659480558,0.0007727233226408121,0.0006229254796264181,0.13761209545126862,0.2418745433670807,0.20219867130024885,0.002152901994004243,0.0015680840069296894,0.4020622967067516,first,oracle,0,6,4,4755647
8,52,12,0.8532054821582912,0.959158394915936,0.000678869277547612,0.000557915743314894,0.12089789590088611,0.4421876630831856,0.47056269496481873,0.0021790278414273462,0.001830998634953382,0.4069413939659844,first,oracle,0,6,4,4755648
9,52,12,0.8743864674651192,0.9635456674784575,0.0006362029648151486,0.0005098762685809927,0.11329957379999793,0.21661621960129426,0.4473301070751579,0.002832544209608538,0.0024882877850767805,0.5289879583976894,first,oracle,0,6,4,4755649
1,51,13,0.5911258326356786,0.8267242364210905,0.002151507745145237,0.001752920250957938,0.41851945976690896,0.4299118602916071,0.4831954886655261,0.001980992433402202,0.0015785692687656397,0.5050367615349713,first,oracle,0,7,0,5547501
2,51,13,0.721673381335488,0.8880222978335423,0.0014884637835929997,0.0011573793613056846,0.28954162958400104,0.519821950201697,0.5516842683431502,0.0015696319990114583,0.0012046903114435452,0.40016400275743175,first,oracle,0,7,0,5547502
3,51,13,0.7586974327570977,0.913711394710729,0.0011699674683353794,0.00091190095245851,0.22758651643130717,0.45823796456707844,0.43932581111720825,0.001367672195149646,0.00091493015241705,0.3486761103340187,first,oracle,0,7,0,5547503
4,51,13,0.8005334484717451,0.9320427871161248,0.000988701076848141,0.0007825395352568967,0.1923258893616078,0.6417253632443506,0.6363568849663341,0.0013088181932488098,0.0008655074936212381,0.3336717953138328,first,oracle,0,7,0,5547504
5,51,13,0.8092911213691829,0.9435809522289332,0.0008619851593744385,0.0006960012963558507,0.16767662772421488,0.6515383350826388,0.5945341877909572,0.0012625352294224734,0.000790328850135149,0.32187235692579763,first,oracle,0,7,0,5547505
6,51,13,0.8600918005386777,0.9521161378021238,0.0007559116596132589,0.000627080388771368,0.14704280759700106,-0.2097775642079439,-0.06315560017440111,0.0020039122833553713,0.0015554937891740343,0.5108799775917516,first,oracle,0,7,0,5547506
7,51,13,0.8463768129070532,0.9596492885899838,0.0006942434304184303,0.0005648030535334066,0.13504686938778984,0.5899290582834886,0.6170122303025029,0.0012500896722026388,0.0009331379103567616,0.31869947054429404,first,oracle,0,7,0,5547507
8,51,13,0.8706487307241844,0.9660083771834808,0.0006293616748891882,0.0005082342362030107,0.12242582382841447,-0.05461626980614322,0.07578896980471068,0.0019102062801294767,0.0014734163201781728,0.4869904484811763,first,oracle,0,7,0,5547508
9,51,13,0.8813931753315019,0.9699026526647371,0.0005910427938971617,0.00047353779291729693,0.1149718895314813,0.47288154883091593,0.4826004364115582,0.0013466071393207085,0.0009377066083237253,0.34330575787935086,first,oracle,0,7,0,5547509
1,51,13,0.6534809248339751,0.8603873250024279,0.0024477273530811145,0.0019457583611360032,0.3615267167984048,0.6394238672719684,0.877853203092608,0.00298422593086116,0.0024491492231366726,0.3714963225642727,first,oracle,0,7,1,5547511
2,51,13,0.7459371051759086,0.9171821982662834,0.0016756422528242066,0.0013301906806002187,0.24749057178679287,0.7328494290519606,0.887366951815567,0.002205972038861512,0.0015825280566714413,0.2746140939403257,first,oracle,0,7,1,5547512
3,51,13,0.781854846214292,0.9405177909597052,0.001340181517196445,0.001056465023931511,0.19794337928039635,0.7339622402913542,0.9536679404435777,0.0017170573058167922,0.001237219147560022,0.21375073118508237,first,oracle,0,7,1,5547513
4,51,13,0.8048274216742295,0.9578560885745158,0.001092992490265975,0.0008853909895295441,0.1614338239076237,0.7289292985495517,0.8689934864620075,0.0025001866302767116,0.0020605096113832802,0.31123988611818404,first,oracle,0,7,1,5547514
5,51,13,0.843692688485758,0.9641675317313605,0.0009935302939868115,0.000798122902004831,0.14674336370538688,0.8599375308236067,0.9407647420142867,0.0016224783786411615,0.0011905165267186398,0.2019769163158838,first,oracle,0,7,1,5547515
6,51,13,0.8632510932576665,0.9712945882901491,0.0008806637380233929,0.0007022880782371799,0.1300730938885974,0.36883369794762194,0.8994878090558621,0.0023947487483588644,0.0018663445679972046,0.298114276228405,first,oracle,0,7,1,5547516
7,51,13,0.8710223184161232,0.975625913023823,0.0008059468734569641,0.0006488792636345532,0.1190374927616295,0.7897039669191568,0.9057590561708211,0.0019354341673744374,0.0014849041368470693,0.24093573757579548,first,oracle,0,7,1,5547517
8,51,13,0.880692652086384,0.9793281139001194,0.0007385718692499405,0.0005921440199640747,0.10908627657140181,0.7835835051024924,0.9079737728787729,0.002064235766216873,0.0017653744807690198,0.2569698185800295,first,oracle,0,7,1,5547518
9,51,13,0.9016498386815982,0.9811369159033805,0.000700618169448405,0.0005479656853458672,0.10348055563098353,0.7022218288041073,0.9020458133036579,0.002325259725826567,0.001975518037466707,0.2894638198194678,first,oracle,0,7,1,5547519
1,51,13,0.6313682639952709,0.816820037367423,0.0021702011473939005,0.0017500153294083068,0.41631719619050134,-0.08916400055640562,-0.06364970329644182,0.002603475037275009,0.0020065014173089113,0.6290652119875083,first,oracle,0,7,2,5547521
2,51,13,0.7017970173265959,0.8879891986940395,0.0015165655025214712,0.001176726742840111,0.290928008496892,0.6039909457630975,0.5880580196264287,0.0016992083820624982,0.0013278392889769814,0.41057158826915435,first,oracle,0,7,2,5547522
3,51,13,0.739805951808217,0.9082313462365592,0.0012085329660477472,0.0009390960701895598,0.2318370610636617,0.6239456745785859,0.5641946187477072,0.00131012871229669,0.0009171390740395394,0.3165601299540256,first,oracle,0,7,2,5547523
4,51,13,0.7902677544534468,0.925685580240769,0.00100911757425459,0.0008002041484123509,0.19358251636938179,0.6617053832243706,0.6642147795072941,0.0012457658627900053,0.000848464347939378,0.3010084426939776,first,oracle,0,7,2,5547524
5,51,13,0.8146327294935232,0.9452353641606662,0.0008790606621974938,0.0007049446910646662,0.16863324886124081,0.4279138582936051,0.36436094797346497,0.0015499337288266783,0.0010633972719273125,0.3745030682957733,first,oracle,0,7,2,5547525
6,51,13,0.8251866126726148,0.9506088748973187,0.0007775853015243995,0.0006368091595632111,0.1491668792629325,0.7111243187192554,0.7159799742895523,0.0012892867144814219,0.0009695463789052755,0.31152417778003133,first,oracle,0,7,2,5547526
7,51,13,0.8571020284333462,0.9599019687502657,0.0006950177497446554,0.0005746452349482404,0.1333276600760218,0.6099343694280402,0.5930904168699624,0.001507166422720505,0.0011782079938717153,0.3641694088227123,first,oracle,0,7,2,5547527
8,51,13,0.8744711179203011,0.9644520390865658,0.0006581188416406836,0.0005386729981643379,0.12624921484398252,0.7675489067894131,0.7637318969415104,0.0009487170932120759,0.0007385752041659411,0.22923397029467493,first,oracle,0,7,2,5547528
9,51,13,0.883219773325781,0.9692527663649789,0.0006126653601035157,0.0004904519016686563,0.11752971618673855,0.48380733190859765,0.5137987001605094,0.0012005892352499347,0.0008117271524147882,0.2900926304148168,first,oracle,0,7,2,5547529
1,51,13,0.5587312545283043,0.816160785543802,0.0021951394147636523,0.0017532493822674786,0.42001235078077714,0.533276849732546,0.5619579650721146,0.0019493766448921554,0.0014784233458847809,0.4739194694686077,first,oracle,0,7,3,5547531
2,51,13,0.7212781763683077,0.8872667894621422,0.001494561725058473,0.0011655589068649884,0.285965610797604,0.6314065681154288,0.6010184450152993,0.0015544807350019645,0.0009871101417261551,0.3779150053744788,first,oracle,0,7,3,5547532
3,51,13,0.7639954769248556,0.916556847309624,0.0011847455790443848,0.0009051072924151199,0.22668618329425874,0.7136281440078907,0.696577529660025,0.0013295958196782804,0.0008922213049493921,0.3232424822163955,first,oracle,0,7,3,5547533
4,51,13,0.8211634112834435,0.9339950689493323,0.0009931214420827675,0.0007762649664979526,0.19002131194700897,0.6683063771671366,0.6975398158067186,0.0012991616888946202,0.0008034644166443857,0.3158435389939438,first,oracle,0,7,3,5547534
5,51,13,0.8332117687575773,0.9463257252853512,0.0008545676880126005,0.0006882566403535993,0.1635107916743008,0.24498286523602977,0.518102538702511,0.002073427180534516,0.0015992121248393013,0.5040778096708299,first,oracle,0,7,3,5547535
6,51,13,0.878228241533069,0.9585276212528486,0.0007465328669437515,0.0005998244897120789,0.14283968584014425,0.4762199825490964,0.46673165775598563,0.0017403962090137388,0.0011817550590482318,0.4231135374490945,first,oracle,0,7,3,5547536
7,51,13,0.8692432372516132,0.9609035502515104,0.0007025349772582594,0.0005716506036805087,0.13442124236821265,0.7689905031677182,0.7841175323758244,0.001014225767142474,0.0007353530766835666,0.24657181501840778,first,oracle,0,7,3,5547537
8,51,13,0.8801048269028596,0.9664386952927888,0.0006549000997332628,0.0005134946453859527,0.1253069069625125,0.6087456846950517,0.6121510490327472,0.0011528998376271046,0.0007528942203484009,0.28028533163682623,first,oracle,0,7,3,5547538
9,51,13,0.8955709785321102,0.9715340462775433,0.0005865820680014575,0.00047267195879938334,0.11223510982953598,0.5067970004678866,0.6162290810928921,0.0014993104454591774,0.0011026043722596895,0.3645023719467332,first,oracle,0,7,3,5547539
1,52,12,0.7329688603531301,0.8787956086268305,0.0022761010638603406,0.0018268768904302467,0.35043023197662254,0.6179939463521554,0.6049594474474312,0.0038350045437256773,0.002648931542010287,0.504701596081089,first,oracle,0,7,4,5547541
2,52,12,0.7858818125694531,0.9071974440654269,0.0016725203818474751,0.0013059252640962105,0.2575024961336263,0.7056257175660162,0.6772042784904907,0.003180194872151296,0.0021975510652841603,0.41852608243962097,first,oracle,0,7,4,5547542
3,52,12,0.8226192369428325,0.9281196214183258,0.001320139639657408,0.0010508230345530245,0.20324969198954082,0.8363010124204157,0.8039907593377364,0.0023646034451894507,0.001357900433297886,0.31119106099586524,first,oracle,0,7,4,5547543
4,52,12,0.840803753549821,0.9458556883166193,0.0011114359931727572,0.0008873318420167844,0.1711175215805775,0.8339630518734997,0.729941668759803,0.002703504271357391,0.0014377605581956901,0.35579173510979767,first,oracle,0,7,4,5547544
5,52,12,0.8445340412396592,0.9572387027913063,0.0009672691911373297,0.0007771131574284238,0.14892149229050788,0.8862331698152595,0.8601651405104124,0.0019110353242488692,0.0012105751133031522,0.2514997224432853,first,oracle,0,7,4,5547545
6,52,12,0.8739764909248056,0.9630147814700261,0.000884309228635334,0.0007141557151820632,0.13614891405751864,0.7257488779876842,0.7841685828129767,0.002418732314052444,0.00172469543788745,0.31831463182811165,first,oracle,0,7,4,5547546
7,52,12,0.8956136807013212,0.970759643505413,0.0007756318761544519,0.0006171596935442642,0.11941686711761286,0.6643356643356645,0.7536128626503887,0.002843758151952413,0.0022884417511340885,0.37424969430796473,first,oracle,0,7,4,5547547
8,52,12,0.9013759723422646,0.9736900655412646,0.0007376374300838176,0.0006041982622569901,0.11356721361946195,0.8527084855443066,0.8879084719826915,0.0016980373752381172,0.0011943176849224836,0.22346835935048195,first,oracle,0,7,4,5547548
9,52,12,0.9084316582294112,0.9765452173990762,0.0006894506499163021,0.0005526295080074242,0.10614834069662715,0.7849493789792298,0.7874692678780328,0.0023415178879166824,0.001388207413492946,0.30815291137462164,first,oracle,0,7,4,5547549
1,51,13,0.6410043806070064,0.8875444296448106,0.0023727599864851886,0.0018639041790689283,0.3601358437129769,0.7302191479406669,0.9291266790528185,0.0022259056522561664,0.0018098200466384739,0.29184370169023743,first,oracle,0,8,0,6339401
2,51,13,0.7297875182429214,0.9301728256204325,0.0016088384553754748,0.0012466275516964734,0.24418837043134953,0.7135016881852324,0.9124930179332104,0.002012675767748217,0.0014588190927591015,0.2638866322867314,first,oracle,0,8,0,6339402
3,51,13,0.7925457211547725,0.9494420770922131,0.0012804894501675281,0.0010004032696312936,0.19435178910984524,0.7390963466912834,0.9457034042309994,0.0015682294926753122,0.0011881873329836884,0.20561424055788988,first,oracle,0,8,0,6339403
4,51,13,0.8067318006836163,0.9595729200929356,0.0010981792764316164,0.0008547410456438563,0.16668087902631,0.6941286561539726,0.9319620635215439,0.0018420131073425903,0.001442869703646317,0.24151065130002702,first,oracle,0,8,0,6339404
5,51,13,0.8454522523389068,0.9688322744248494,0.0009540160495938524,0.0007593871102731654,0.1447998857419825,0.7229352925555457,0.9423564352687407,0.0017737019691789159,0.0012921865375884382,0.23255421803514323,first,oracle,0,8,0,6339405
6,51,13,0.8717163770665496,0.9738477753756267,0.0008611833313130698,0.0006838422568567026,0.1307098009830336,0.6526258551575007,0.9284321941494913,0.0019830471862687118,0.0015247776066038647,0.2600019595980912,first,oracle,0,8,0,6339406
7,51,13,0.8690047884117568,0.9779583792161795,0.0007858585572606133,0.000626290518906348,0.11927705969846115,0.7158284753221462,0.9324414433635677,0.0016642214422047151,0.0011397263876598038,0.21819996981138629,first,oracle,0,8,0,6339407
8,51,13,0.8998152114136577,0.9818208645447764,0.0007059595406465469,0.0005636946217185265,0.10715004309162426,0.5663576929399714,0.9416250677522326,0.0017770718860505616,0.0013603680379414838,0.23299605572633764,first,oracle,0,8,0,6339408
9,51,13,0.9082463605155404,0.9846555766015204,0.0006473137522950896,0.0005153656940147761,0.098248826538554,0.640536678511362,0.9320568386974026,0.0017123040592131756,0.001314706358946474,0.22450419430557347,first,oracle,0,8,0,6339409
1,51,13,0.6784340544636749,0.8018537362806876,0.0023765353252823617,0.0018840519481188244,0.4038918043098253,0.5715929639980273,0.5847121932391744,0.002914999104828211,0.0023055212760962917,0.49150714606727214,first,oracle,0,8,1,6339411
2,51,13,0.761866937065153,0.877439596352413,0.0016223759513579465,0.001296648845176705,0.2757225374653233,0.40975480215986543,0.7801886836171198,0.0024869021269439935,0.0017269180715627096,0.41932437129681605,first,oracle,0,8,1,6339412
3,51,13,0.8085794806682265,0.9084619666041964,0.0013053651668422743,0.0010279655078174106,0.2218466045550917,0.6341380138848492,0.8624960514595406,0.0019199856130107126,0.0012363867855694525,0.3237347989500434,first,oracle,0,8,1,6339413
4,51,13,0.8133193462013629,0.9340789674701832,0.0010743054868238675,0.0008620574374032131,0.1825780483198515,0.7717978224307338,0.8042806398871523,0.0016895312547177432,0.0012395975447584062,0.2848771664534402,first,oracle,0,8,1,6339414
5,51,13,0.8540485574236357,0.9435370639219922,0.0009503179035984282,0.0007516028381125897,0.16150637807443344,0.5214152935671922,0.8164710340983596,0.0019602842917934805,0.0013877041158274165,0.3305296856331963,first,oracle,0,8,1,6339415
6,51,13,0.8633209273506377,0.9568849327513376,0.0008374974036134258,0.0006820721399204947,0.1423325518672992,0.2921761782521276,0.7035011519780572,0.00238518585781697,0.0017084650623551713,0.40217367198290316,first,oracle,0,8,1,6339416
7,51,13,0.8873930603687733,0.961444931062593,0.0007764774809850232,0.0006207753238849349,0.13196222562512425,0.589827893625362,0.8209553177316797,0.0016492300265005485,0.0010825834892795655,0.2780818499021486,first,oracle,0,8,1,6339417
8,51,13,0.8943322880728803,0.9679330673921547,0.0007028821515428142,0.0005675990592814051,0.11945471097513345,0.7014125115390938,0.8464546764285062,0.0014824363941003695,0.0010938843621296625,0.24995825215989922,first,oracle,0,8,1,6339418
9,51,13,0.9084423571443981,0.9724470138017369,0.0006469231749777116,0.0005135986222487009,0.1099444917194928,0.6575323410766448,0.8532089067976013,0.0016469219166305958,0.0012152328384492624,0.27769267225433697,first,oracle,0,8,1,6339419
1,51,13,0.6900996420508626,0.830821999206002,0.0023329900086214946,0.0018524961752788669,0.3821999282882092,0.42272916956461254,0.8719636291389927,0.002913333480551802,0.0022993498526561774,0.4521213171515384,first,oracle,0,8,2,6339421
2,51,13,0.7512596489222737,0.883275924852414,0.0016427866500763899,0.001279862915573661,0.26912800206247695,0.5562412271273031,0.872632943472925,0.002119611515938529,0.0016910154321506758,0.3289433073258009,first,oracle,0,8,2,6339422
3,51,13,0.7673339665616574,0.923215259354194,0.0013115734102743925,0.0010256655521143983,0.21486729968800447,0.7219995194678739,0.8193295260690551,0.0019499352408948846,0.0012950705129115563,0.30261118246806956,first,oracle,0,8,2,6339423
4,51,13,0.8204539528978925,0.9360588854373294,0.001126932060776962,0.0009037224814544132,0.18461860154692064,0.6457972407339495,0.8058452005249284,0.002065040264544511,0.0016889473435219154,0.3204743743239402,first,oracle,0,8,2,6339424
5,51,13,0.8245756467106412,0.9493848952114525,0.0009717832436226888,0.0007825629555168135,0.15920149021286856,0.5944561767346578,0.7610484967046413,0.0022046736784577243,0.0016284702545410422,0.34214413627815715,first,oracle,0,8,2,6339425
6,51,13,0.8393587747937793,0.9599823918533131,0.000856927782313286,0.0006749656476515059,0.1403854005966507,0.7276141579939047,0.7948857593784702,0.0021650047970502616,0.0018123519003937344,0.3359879076721297,first,oracle,0,8,2,6339426
7,51,13,0.8801748256988803,0.9640398651841398,0.0007984629023596179,0.0006398301726250686,0.13080744576482783,0.7336081639879107,0.8959600428779239,0.0014382689254761,0.0010642340146815885,0.22320549478641108,first,oracle,0,8,2,6339427
8,51,13,0.8874554828245188,0.9702176928585994,0.0007281105089109236,0.0005656576265226481,0.11928203004010182,0.5591244198839135,0.8219419405895609,0.002188508984988896,0.001816177665651947,0.33963553142695646,first,oracle,0,8,2,6339428
9,51,13,0.9037205265951778,0.9723482622168433,0.0006949625504459537,0.0005422473924408304,0.1138515964328452,0.3737401838667661,0.8713713757571675,0.0022695147684183153,0.0017230463867020907,0.35220684938471547,first,oracle,0,8,2,6339429
1,51,13,0.5804612690073495,0.8471492200060415,0.0022035616206832393,0.0017975366291590297,0.4200653244738974,0.35211623819218757,0.3496570205802897,0.0021894338459655304,0.0017309793659709043,0.5219789458613343,first,oracle,0,8,3,6339431
2,51,13,0.6783629439220703,0.8811418986648938,0.001537378476086295,0.001193301817461229,0.2930707189373438,0.4945307856700262,0.586896171523994,0.0016297298502000693,0.0012836724414921853,0.38854093299678316,first,oracle,0,8,3,6339432
3,51,13,0.7338655245718008,0.9081812689840764,0.0012026246760992987,0.0009473718340739649,0.22925654542364493,0.4213381555153706,0.41444080480542206,0.002113590408987784,0.001420277044907074,0.503897249829689,first,oracle,0,8,3,6339433
4,51,13,0.7671299818349006,0.9247263844504274,0.0010223986439107853,0.0008005415602948605,0.19490002642308377,0.6111989276546237,0.6145204100476747,0.0013296606408831257,0.000976976673683818,0.3170019779133382,first,oracle,0,8,3,6339434
5,51,13,0.8010263635230179,0.9426985754492605,0.000886462578850571,0.0007103887780699282,0.1689865113476494,0.29632392923532164,0.2905219492656322,0.0018488504889456838,0.0014405012715512481,0.44078108642259206,first,oracle,0,8,3,6339435
6,51,13,0.8172418316757891,0.9481798723556015,0.0007905875752125973,0.0006570258138982427,0.15070984318729447,0.3937454950113178,0.34930229377148503,0.001556979804184223,0.0011266976772862137,0.3711967266848684,first,oracle,0,8,3,6339436
7,51,13,0.85730996603329,0.9570773019309791,0.0007048214759689264,0.0005882644698540509,0.13436023718150353,0.1041110787946231,0.12539454155965965,0.0020887487378611447,0.0016619367227048625,0.49797479214410467,first,oracle,0,8,3,6339437
8,51,13,0.861642232694774,0.9641518602179372,0.0006495565232069932,0.0005341175172512287,0.1238250698886651,0.2276837086963669,0.20637905758634625,0.0020195134565043744,0.0016419420070698733,0.481468534489591,first,oracle,0,8,3,6339438
9,51,13,0.8729664732119549,0.9699010746805349,0.0005937307520171018,0.00047715170939509387,0.11318299368404496,0.443139139341671,0.4073931753371569,0.0017133754553951734,0.0014740613397602033,0.4084827297796037,first,oracle,0,8,3,6339439
1,52,12,0.6051066551426102,0.8415480435513238,0.0020653505669327777,0.0016518187875480005,0.4134640237954424,0.45863688550255716,0.42775093648065177,0.0018909080257825358,0.001291667743501763,0.5227503516445008,first,oracle,0,8,4,6339441
2,52,12,0.7475531300160514,0.9081696145675922,0.0014128152123556487,0.0010887818362002473,0.2828324992049602,0.7623212608287238,0.7414445799416106,0.001302271669518738,0.0009182785150464865,0.36001908284030026,first,oracle,0,8,4,6339442
3,52,12,0.8169683664649957,0.9235211118288156,0.0010902358237585127,0.0008489383160706952,0.21825509809047586,0.08473019517795638,0.08422805818820708,0.0021241188655132044,0.0014726590138962432,0.5872225770590948,first,oracle,0,8,4,6339443
4,52,12,0.8385771082849736,0.938408621942944,0.0009365034156175842,0.0007174632057933533,0.1874792961150719,0.42168875900219194,0.42579193052203107,0.001600241182168781,0.00104178330802148,0.44239414571660757,first,oracle,0,8,4,6339444
5,52,12,0.8477384368440548,0.9499453587189394,0.0008135342625306024,0.0006440947858660543,0.1628620124189835,0.5542010228577393,0.616217744297123,0.0013533303479024935,0.0008609026777466615,0.3741344928526756,first,oracle,0,8,4,6339445
6,52,12,0.8921610569206074,0.9595271336452404,0.0007267014351397377,0.0005731920418935952,0.1454788859002347,0.4213130153428661,0.4167523374345818,0.0014757492456232834,0.0009010086217494938,0.4079777686539888,first,oracle,0,8,4,6339446
7,52,12,0.8806684775898258,0.9651383758866419,0.0006667802038512896,0.0005237596873590951,0.1334832112695145,0.5745329297568105,0.6165523601488292,0.0013548719660307553,0.0009079372084396398,0.3745606803814513,first,oracle,0,8,4,6339447
8,52,12,0.9208064699345598,0.9699279038306357,0.0006023405573845117,0.00047552166269735084,0.1205829918362211,0.392672998643148,0.3741885815533403,0.0015561232387228375,0.0009722441701864771,0.43019753428139257,first,oracle,0,8,4,6339448
9,52,12,0.9130595382145944,0.9734765286692835,0.0005557033861210269,0.0004460967175042979,0.11124666278982864,0.575618411439307,0.5869353184352208,0.0013909052739419956,0.0009913663076868988,0.3845222565790668,first,oracle,0,8,4,6339449
1,51,13,0.6712158609695442,0.8911417023124137,0.0023799218222182606,0.0018881887653519305,0.3602270048798284,0.7487575715423817,0.9235525095513331,0.0024347580048466374,0.002020377530430004,0.31925218355684976,first,oracle,0,9,0,7131301
2,51,13,0.7381478862092983,0.9305965690173295,0.0016328028617038476,0.0012717585540377757,0.2471424392766664,0.7431682241808822,0.9425830852878184,0.0019148540520017503,0.0014531091136093458,0.251080943599874,first,oracle,0,9,0,7131302
3,51,13,0.7621980725460933,0.9502342569374745,0.001262610298514289,0.0009969546038351399,0.19110977592545333,0.6954690878741512,0.9142405905785524,0.0019105975048396148,0.00141031781552387,0.25052281339834287,first,oracle,0,9,0,7131303
4,51,13,0.7954362184970418,0.9601812578638714,0.001094316820408071,0.0008729159176533752,0.16563673097370532,0.8204074406606052,0.9487807329108039,0.0017130766848920788,0.001147940002062013,0.2246233388137374,first,oracle,0,9,0,7131304
5,51,13,0.8426832234956146,0.9680267480344491,0.0009512230725058127,0.000768391606662846,0.14397793876354148,0.7312055033574021,0.9444129467896802,0.0018639538353742075,0.0013101371925174855,0.2444067668358948,first,oracle,0,9,0,7131305
6,51,13,0.8435084681249364,0.973332239590264,0.0008629042333097516,0.0007005583919727054,0.13060992363756288,0.7787781838414749,0.9360870522590325,0.0019079682377912087,0.001577103767568814,0.25017805665262655,first,oracle,0,9,0,7131306
7,51,13,0.8655615476354983,0.977194183811477,0.0007933959489930544,0.0006169730069069244,0.12008909020514305,0.6247044095145361,0.933337925210218,0.0017411726867671594,0.0013670564246885978,0.2283073640556636,first,oracle,0,9,0,7131307
8,51,13,0.8748965458970575,0.9807910672851654,0.000723115700934678,0.0005843742994729556,0.10945141167976899,0.8441558441558441,0.954477602051964,0.00139676129855281,0.0009959184420211577,0.1831471931021635,first,oracle,0,9,0,7131308
9,51,13,0.9041216608721389,0.9821780622061933,0.000687982995997891,0.0005242474846440071,0.10413369537726057,0.6819888971787705,0.9578880240018011,0.001467217900623391,0.0011702899987043867,0.1923856570530997,first,oracle,0,9,0,7131309
1,51,13,0.718374914539705,0.8839319577414929,0.00210081014521231,0.0016874382688416895,0.36677305356692536,0.8178530330429064,0.9458991263818053,0.0018493208817159294,0.0015549460506103345,0.3401030459077884,first,oracle,0,9,1,7131311
2,51,13,0.8217783301186043,0.925866543714286,0.0014625859558856605,0.0011280998215161349,0.2553477373321002,0.8772366873632695,0.9459833381834512,0.0014033727705632475,0.0011264933170456232,0.25809006891748715,first,oracle,0,9,1,7131312
3,51,13,0.8480205905164313,0.9452718267373991,0.0011710860289634389,0.0008762645168895985,0.20445579045367632,0.8228101012911138,0.9297023069841603,0.0014166724633380213,0.0010349030173389974,0.26053597544839774,first,oracle,0,9,1,7131313
4,51,13,0.870186326912824,0.9566095299441338,0.0009813687581363697,0.0007312026686768113,0.17133371947824536,0.8339887960141124,0.9526699309668037,0.001289073371495911,0.0009831311016369262,0.2370696099195001,first,oracle,0,9,1,7131314
5,51,13,0.8841527749252124,0.9634554067188797,0.000877598188661343,0.0006667288592228884,0.15321678077082687,0.8968120487107828,0.9580229356717243,0.001138726832521764,0.0008353428627176249,0.20941982974757214,first,oracle,0,9,1,7131315
6,51,13,0.9044697195914112,0.9693966913798946,0.0007871183547950294,0.0006063691889007675,0.137420224842627,0.666738324966173,0.9211638341093479,0.0014331892328574912,0.0010478343607212759,0.26357352489569347,first,oracle,0,9,1,7131316
7,51,13,0.9130885066423915,0.9752004442861594,0.0007023711311144458,0.0005482237236517747,0.12262450516206273,0.8574084143704396,0.9514231964425507,0.0011820698977057374,0.0009222707469359454,0.2173909226140364,first,oracle,0,9,1,7131317
8,51,13,0.9236557307684894,0.9784058885139721,0.0006492814954208614,0.0004926396673776735,0.11335577241128682,0.8332300610781623,0.9455003300185423,0.0011481713044403056,0.0008287800628723229,0.2111567341962507,first,oracle,0,9,1,7131318
9,51,13,0.9291390658668907,0.9802616520575392,0.0006146907728473031,0.0004518051685585255,0.10731669983145206,0.8716473400017704,0.9326073124634956,0.0012450437519950818,0.0009733278893592829,0.22897225491180748,first,oracle,0,9,1,7131319
1,51,13,0.6672866638458523,0.8276349595624592,0.0022178928678729995,0.0017509588352471312,0.4085571270305704,0.3751059067514763,0.5802118635478861,0.002670460861521806,0.0020646398866232653,0.5598228095294964,first,oracle,0,9,2,7131321
2,51,13,0.7469050238218254,0.863442997161344,0.001569421117138044,0.0012124435860676585,0.28910241428114986,0.6433692889389092,0.693764076004171,0.0017704308925899376,0.001343422392612095,0.3711447752889748,first,oracle,0,9,2,7131322
3,51,13,0.7908688382324528,0.90655566790642,0.0012422988981039493,0.0009721038902769734,0.2288433657344968,0.7311802121928703,0.6894157899523607,0.001553817929807567,0.001033793400427944,0.3257350562578446,first,oracle,0,9,2,7131323
4,51,13,0.8270952739612878,0.9329261617350015,0.0010188875702374645,0.0008312012814295869,0.1876888575157335,0.5055577334058348,0.4845410149238795,0.002023052827540514,0.001440283760544101,0.4241032452709002,first,oracle,0,9,2,7131324
5,51,13,0.8493298150565927,0.9456432285294785,0.0008932516631137844,0.0007165447540632957,0.16454551907506473,0.5481733456417001,0.5182929369475249,0.0016828908282826292,0.0011955068476376392,0.35279328942635,first,oracle,0,9,2,7131325
6,51,13,0.8726700077229259,0.9488848228724343,0.0008082152006195416,0.0006560173874786277,0.148880987522281,0.6600614575298119,0.7079679296685517,0.001546248941786932,0.0011311240501305374,0.32414832933738635,first,oracle,0,9,2,7131326
7,51,13,0.9003284261157765,0.9596727772448852,0.0007278566268784095,0.0005768793566825546,0.13407816792016158,0.6615789274017122,0.642696055702693,0.0016093590745350317,0.00110031021543542,0.33737843966549164,first,oracle,0,9,2,7131327
8,51,13,0.9133670194990292,0.9631341627626206,0.0006866850143569841,0.000552688318944472,0.12649396222175877,0.7285752222461084,0.726374483009327,0.0014738970014963446,0.0009463380947796004,0.3089808101005363,first,oracle,0,9,2,7131328
9,51,13,0.916209876484242,0.9672497469994039,0.0006355740328709928,0.0005085665434347568,0.11707882948107987,0.725287370856991,0.7862692289751442,0.0014109514016327261,0.0010337358310637708,0.2957851916696827,first,oracle,0,9,2,7131329
1,51,13,0.5969130860360965,0.8129232537464455,0.00227978335369632,0.0018392186308037106,0.4223895642688881,0.4158752639765298,0.49258186571755386,0.0022994314786245196,0.001861648248056605,0.49548076937328134,first,oracle,0,9,3,7131331
2,51,13,0.6713660701506521,0.8612825724936355,0.0015931759810357078,0.0012473728738750369,0.29517756910640663,0.6138292087659175,0.5778123580055858,0.0017359319159922532,0.001197472160668423,0.374058061443077,first,oracle,0,9,3,7131332
3,51,13,0.7154817819486445,0.8941518861141673,0.001253262609928066,0.0009772786754599055,0.23219971619834875,0.7216201519998988,0.7201358748301849,0.0014981116241033188,0.0011196160458616473,0.3228126199967441,first,oracle,0,9,3,7131333
4,51,13,0.7536671957477625,0.9200738231913574,0.0010589572400311067,0.0008319419993754828,0.19619955837948683,0.5281680344971483,0.49636621181993285,0.0014534144643849672,0.001002627592648232,0.313181290125894,first,oracle,0,9,3,7131334
5,51,13,0.7737843144392033,0.9335601625368231,0.0009255396318870772,0.000753970953240632,0.1714804528213275,0.3198952945788388,0.26683245347768336,0.001862040970020385,0.0013121971383703885,0.4012320006083235,first,oracle,0,9,3,7131335
6,51,13,0.8054595519780589,0.9459356257320286,0.0008222416894553183,0.0006662793946046087,0.1523418040445125,0.7126670797556873,0.6994602745229351,0.001094046464053604,0.0008105135828655041,0.23574478682167996,first,oracle,0,9,3,7131336
7,51,13,0.8181320928338854,0.9552825454187958,0.0007254482757360021,0.000594615962589212,0.13440828953809583,0.6280428432327165,0.6140765807733467,0.0017297035254873494,0.0013548217364341185,0.3727159698225983,first,oracle,0,9,3,7131337
8,51,13,0.8467430301375285,0.9610383395039441,0.0006840848502393149,0.0005539076122825751,0.12674463182961795,0.642838174483744,0.5898484612724101,0.001382596698418228,0.001033197054089142,0.2979215002636249,first,oracle,0,9,3,7131338
9,51,13,0.8745301227877703,0.964605403266334,0.0006321316015931417,0.0005128490829982637,0.11711893207949449,0.4330479646935343,0.3646243101574244,0.0015173462101414636,0.0009135784687034617,0.3269572825263088,first,oracle,0,9,3,7131339
1,52,12,0.6070326707000865,0.814067795106604,0.0023703927936914314,0.0018532264293706342,0.4065459772485705,0.42456946039035603,0.9230667920992655,0.0034051073050192686,0.0032702160562610542,0.588986273026695,first,oracle,0,9,4,7131341
2,52,12,0.693528830719842,0.883951542657988,0.001645373507525846,0.0012808533810404314,0.2821979472500374,0.6047176703893123,0.8519585487860734,0.0020808021734841824,0.0016450459204055477,0.35991932332345683,first,oracle,0,9,4,7131342
3,52,12,0.7464315594517842,0.9105072569719875,0.001291046139080381,0.001013013416286492,0.22142727386039837,0.579208850850642,0.9015993954815172,0.0022210506334206384,0.0017072513421651767,0.38417829971281897,first,oracle,0,9,4,7131343
4,52,12,0.8024540313618965,0.9264276187903029,0.0011274859173706353,0.0008865463258027347,0.1933750665001032,0.571568729777685,0.8628974788798172,0.0018483982329774746,0.0013431006792648176,0.3197200818622574,first,oracle,0,9,4,7131344
5,52,12,0.7999226077293493,0.9455546147572065,0.0009294847277663308,0.0007657081146742311,0.159415890055467,0.2786139233900428,0.8560349567616884,0.002705428518193756,0.002303102804300793,0.46796183413140846,first,oracle,0,9,4,7131345
6,52,12,0.8339546116804544,0.9525362135812645,0.0008619070610804043,0.0006840066372998119,0.14782564703071346,0.3369376891764952,0.7992138972294248,0.0022316105413081994,0.0016577049947252582,0.3860048620596301,first,oracle,0,9,4,7131346
7,52,12,0.8520161007531796,0.962813396991091,0.000761459309265722,0.0006145471674223904,0.1305978569646094,0.30124204154054907,0.8339970989427713,0.0025358973766862183,0.0020323608739195834,0.43863779049516227,first,oracle,0,9,4,7131347
8,52,12,0.8595010742066923,0.9679338431624682,0.0006961898016682763,0.0005623439009639745,0.11940348621670761,0.18104581985179005,0.8370030148515365,0.0023762195924518998,0.001956688846568447,0.41101809613701346,first,oracle,0,9,4,7131348
9,52,12,0.8705889616001975,0.968777367011348,0.0006841963557533683,0.0005304807085554647,0.11734649076724839,0.550777580628327,0.8686044895076385,0.0017901366665631063,0.0014384396742529236,0.3096424955223163,first,oracle,0,9,4,7131349
1,51,13,0.7122034912764205,0.9704032119613302,0.0013402365288577504,0.0009491919668436469,0.22559874774723734,0.5976934457947116,0.612317065602481,0.0015302811701454712,0.001105956407366489,0.44251539380301547,middle,oracle,0,0,0,4201
2,51,13,0.7988698653206694,0.9835341857811986,0.0009108190361056486,0.0006713819460736908,0.15331594800277917,0.4859317897292581,0.45006819446033053,0.001473381423097035,0.0010401191626128229,0.4260615456712783,middle,oracle,0,0,0,4202
3,51,13,0.8657599324585734,0.9892879449468718,0.0007227927262243825,0.0005464669802390208,0.12166593762073126,0.5717700021497489,0.5334633864490483,0.0013233364962444707,0.0008421184995683034,0.3826726631641536,middle,oracle,0,0,0,4203
4,51,13,0.8936002241937908,0.9920166056967512,0.000618016786224561,0.0004732878221800685,0.10402925905762354,0.6672188570922747,0.6457857398434039,0.0012533848421219628,0.000835950373663965,0.3624445610512254,middle,oracle,0,0,0,4204
5,51,13,0.9128365933282416,0.9938409036379606,0.0005397381216603616,0.0004041726971959308,0.09085280227498364,0.3792283665701387,0.4179041063989544,0.0015767757545449015,0.0011216872549855866,0.4559603539362344,middle,oracle,0,0,0,4205
6,51,13,0.9316143879972322,0.9948545852159093,0.0004931419034732303,0.00035916844426355036,0.0830093744572588,0.6500967387043336,0.675477825591303,0.0012944670369270388,0.0010635759891299188,0.3743244063810429,middle,oracle,0,0,0,4206
7,51,13,0.937084052742528,0.9955496409300467,0.0004589734543414194,0.0003430160945873962,0.07725788270887962,0.44731218148939667,0.4322647886866636,0.001537031809313106,0.0011490135203863527,0.44446749372293026,middle,oracle,0,0,0,4207
8,51,13,0.9442856112286633,0.9956869940064839,0.0004522854629475338,0.00033023011437109375,0.07613210942116688,0.7688134650159966,0.7475867821146511,0.0010293749695496237,0.0007727555457478461,0.29766704244156444,middle,oracle,0,0,0,4208
9,51,13,0.9474480744813542,0.9962989257904875,0.00041762136843497704,0.00031150909661212646,0.07029718689410397,0.6802438068260853,0.7001776976941434,0.0010312916171223766,0.0007263793157750515,0.2982212844148599,middle,oracle,0,0,0,4209
1,51,13,0.7550684069410477,0.985161212527695,0.0010591954238576918,0.0008112475680152207,0.18877923962502252,0.6172435159776932,0.6599418681119635,0.0008528967160149852,0.0006734180789178838,0.4756819370465339,middle,oracle,0,0,1,4211
2,51,13,0.8728141640669662,0.990465049450821,0.0007305924793572475,0.0005284412259740185,0.13021269694170384,0.060635566964680886,0.04993109359206414,0.0010345251749766975,0.000699614330831816,0.5769806940465154,middle,oracle,0,0,1,4212
3,51,13,0.8932893471879341,0.9921436866981371,0.0006234478037081855,0.00044152715199458965,0.11111641882030482,0.5843650020865211,0.5311547927457152,0.0006687209623977701,0.0004297418466552463,0.3729624897880422,middle,oracle,0,0,1,4213
4,51,13,0.8984114884988684,0.9934441144954864,0.0005589446297033217,0.0003941303207306094,0.09962008880625565,0.7314837061672503,0.6830288446009387,0.0005926137393701119,0.0003856842194746619,0.3305155784642648,middle,oracle,0,0,1,4214
5,51,13,0.930380309223387,0.9944646265362965,0.000508527266098329,0.0003496073088828364,0.09063425734317752,0.20848771481682873,0.21146884243875957,0.0008202121877394249,0.000571504023011772,0.4574529540646161,middle,oracle,0,0,1,4215
6,51,13,0.9335384078452673,0.9950003170550923,0.00048168649829778747,0.0003281127095365771,0.08585045671280511,0.4103364989440938,0.42282878792151085,0.0007498953886002865,0.0005211482062877734,0.4182355076923291,middle,oracle,0,0,1,4216
7,51,13,0.9360442823912839,0.99537479797634,0.00046150637709803946,0.00031488256959109857,0.0822537758267092,0.5611730042109788,0.5818202699218711,0.0005709852659795652,0.00039786917286337153,0.31845283519818113,middle,oracle,0,0,1,4217
8,51,13,0.9397447069792751,0.9957614026075442,0.00044146554684332354,0.0002856746858696864,0.0786819206130978,0.4523957055602625,0.4666760003348725,0.0007386563088930154,0.0005376064338453568,0.41196719043258584,middle,oracle,0,0,1,4218
9,51,13,0.9576881983512235,0.9959938189228255,0.0004290596936457701,0.0002720090193276704,0.0764708389932357,0.618027542078175,0.6736196468591519,0.0006226806186988195,0.0004773980726422974,0.3472846328309518,middle,oracle,0,0,1,4219
1,51,13,0.7601996892712268,0.9749938645968388,0.0012403303780769196,0.000897813757521709,0.21612757981367559,0.76856055337068,0.7504081010020786,0.001278790586797768,0.000961383703918624,0.43448611422488037,middle,oracle,0,0,2,4221
2,51,13,0.8525578301229688,0.9854482862335692,0.0008807409086981199,0.0006223704688884405,0.15346911145960604,0.708999860898595,0.6531777868888622,0.0012886396417703416,0.0009507743692616652,0.4378324616784822,middle,oracle,0,0,2,4222
3,51,13,0.8930180812654728,0.9882449301877172,0.0007485291953485678,0.0005096970559450526,0.13043121918967562,0.8266290671353962,0.7835513274084718,0.0009069093394175359,0.0006415908308694009,0.30813451311406387,middle,oracle,0,0,2,4223
4,51,13,0.9223913878093062,0.9901629656485794,0.000678483103821139,0.00045628000844082013,0.1182256870953133,0.8160320691966261,0.8359545485179749,0.0008545828066637791,0.0006030556095589104,0.2903558774861836,middle,oracle,0,0,2,4224
5,51,13,0.9367559230922403,0.9923418775362243,0.0006011145167184746,0.00039857608113571613,0.10474421007946502,0.8064467178391228,0.7946393286549932,0.0009532903831193712,0.0006788860761658417,0.32389308974088077,middle,oracle,0,0,2,4225
6,51,13,0.946036486995953,0.9923475382323462,0.0005949838336005022,0.0003953864645967086,0.10367593848964368,0.885203404190746,0.8906912277605914,0.0007110153233760144,0.0005016741802403306,0.2415769150925458,middle,oracle,0,0,2,4226
7,51,13,0.947267848169482,0.9932827055461995,0.000557408839170834,0.0003568024406472122,0.09712849536389537,0.8755421793396475,0.8673154671494158,0.0008133120399593231,0.0005898137288320377,0.27633358545367553,middle,oracle,0,0,2,4227
8,51,13,0.955992951038889,0.9940123615626694,0.0005279341653448266,0.0003275655380512949,0.09199253317800636,0.8019954728815487,0.7747853001808581,0.0009440461602296387,0.0006935203417359048,0.3207522420337935,middle,oracle,0,0,2,4228
9,51,13,0.9528914279144985,0.9943345471114624,0.0005147483212192929,0.00031334780240627885,0.0896948997175807,0.7968866576461513,0.7681521070668071,0.0009803780830738877,0.0007387089972096983,0.3330964961610037,middle,oracle,0,0,2,4229
1,51,13,0.7516790240619625,0.9728876714772804,0.001237219739401462,0.0008769310916618165,0.2162643436089097,0.5245261068045878,0.47906661970939923,0.001297174016760604,0.0008745313361911156,0.4871792094593265,middle,oracle,0,0,3,4231
2,51,13,0.8347284367885343,0.9837897199318897,0.0008915925766905902,0.0006248214547689621,0.15584918121161614,0.6106172308703953,0.531249344645472,0.0010597781453330647,0.000685469579684801,0.3980205218224921,middle,oracle,0,0,3,4232
3,51,13,0.8725447098780488,0.9884900126433004,0.0007413776080126912,0.0005109576317015672,0.12959180706312837,0.7815855031044903,0.764947683416907,0.0007881974336210433,0.0005815923158172524,0.2960230452104689,middle,oracle,0,0,3,4233
4,51,13,0.9029773040844872,0.9907047616432708,0.0006540313091807016,0.00045573918666135053,0.1143237917041862,0.7792587159675767,0.7712806771249108,0.0008175805847550645,0.0005819377042351215,0.30705846540539733,middle,oracle,0,0,3,4234
5,51,13,0.9190630685858084,0.9921642172494562,0.0005970598003569896,0.0004081018245336407,0.10436524871639825,0.769395161800225,0.7264067337007551,0.0007977916445338204,0.0005570324348597966,0.2996263397781055,middle,oracle,0,0,3,4235
6,51,13,0.9289245813207304,0.9930397713909811,0.0005615487495228663,0.00038290728293836885,0.09815796487268948,0.8273372197422829,0.7784590910348057,0.0007028907108003983,0.0005005734269677468,0.26398442799462807,middle,oracle,0,0,3,4236
7,51,13,0.9459824232199676,0.9937285696273097,0.000531869104762016,0.0003441220681540291,0.09297000295425444,0.7775642079439546,0.7338249371065141,0.0008377540713529576,0.0006287655496153474,0.31463501498611074,middle,oracle,0,0,3,4237
8,51,13,0.9448992536151906,0.9941859546860305,0.0005121445817513545,0.00033231761555055096,0.0895221829057615,0.6548767688008194,0.6492488452771,0.0009389399570791866,0.0006823694791950174,0.3526373640769834,middle,oracle,0,0,3,4238
9,51,13,0.9527303895078885,0.9946508266497311,0.0004910343842457262,0.0003050100739471266,0.0858321488223918,0.6931423007372374,0.6993531470761658,0.0008690343728838067,0.0007136928963462934,0.32638294731789197,middle,oracle,0,0,3,4239
1,52,12,0.8295151500185208,0.988315974637084,0.0015199596101558978,0.0010198910901656104,0.14108673489397533,0.8183905646592216,0.991582510519286,0.0019118979718249533,0.0013289522046817253,0.12899121252630558,middle,oracle,0,0,4,4241
2,52,12,0.8992027163847389,0.9924820132523695,0.0011737135833991008,0.0007323328230361548,0.10894724838477916,0.8320843335768711,0.9878059102443164,0.001981647379272885,0.0011842661121133067,0.1336970392870883,middle,oracle,0,0,4,4242
3,52,12,0.9222475861217435,0.9928319756832643,0.0011246147229333802,0.0006482954416053487,0.10438976023585862,0.8883623838847721,0.9906767817515232,0.0017735494935618222,0.0010172462032450773,0.1196571694835713,middle,oracle,0,0,4,4243
4,52,12,0.9452922089146809,0.9940657863796526,0.0010184108943168005,0.000573166261225368,0.09453163551159986,0.9047698570086632,0.9925141786366899,0.0015449417013195705,0.0009007331699623007,0.10423354502826503,middle,oracle,0,0,4,4244
5,52,12,0.9489348314606741,0.9943007865928368,0.0009947486886187212,0.0005313460272465908,0.09233524600228309,0.8456946039035593,0.9898461933420035,0.0017963652260059083,0.0010621008468908687,0.12119649272989978,middle,oracle,0,0,4,4245
6,52,12,0.9589281639708606,0.9947484455684652,0.0009543922116734269,0.0004999839091330218,0.08858924938106263,0.8113766830184742,0.9913038871200232,0.0016978783495993942,0.0010559952820514984,0.11455181723318464,middle,oracle,0,0,4,4246
7,52,12,0.9640201012470677,0.9953411339006877,0.0008982798591372152,0.0004658703551948534,0.08338075005406946,0.8604321052082248,0.989496881865422,0.0017928890931557604,0.001085479736170289,0.1209619663075431,middle,oracle,0,0,4,4247
8,52,12,0.9680521545869861,0.9950916217397632,0.0009214631978784708,0.00044451399385933067,0.0855326898458178,0.7917545141425739,0.9893755046982137,0.001881714494542573,0.0013091162176289476,0.12695480504521073,middle,oracle,0,0,4,4248
9,52,12,0.9730982590443265,0.995375801023982,0.0008943236266130756,0.00043297130583127674,0.08301352192143838,0.9072748147375015,0.9912709020929628,0.0016641332225081611,0.0010334842597483848,0.11227511370376066,middle,oracle,0,0,4,4249
1,51,13,0.8279116246259387,0.9800587995322515,0.001175986245851293,0.0008534837383162547,0.20493272108221636,0.8690170588904766,0.8342397622081108,0.0010906610927763278,0.0008528698133875338,0.40740628701718595,middle,oracle,0,1,0,796101
2,51,13,0.8913292161963048,0.9865907607149863,0.0008418111009920977,0.0005880857796653007,0.14669783781241774,0.9107474803677336,0.8680835602483905,0.0007982852084669778,0.0005812924833875137,0.29819200016972547,middle,oracle,0,1,0,796102
3,51,13,0.9206233829248726,0.9917180513763738,0.0006527097024936373,0.00046955043153230544,0.11374416655014136,0.9298170184246133,0.9084169559233626,0.0007213493517246583,0.0005625864272045004,0.2694533278713614,middle,oracle,0,1,0,796103
4,51,13,0.9373396718752907,0.9932591350499669,0.0005746879080174697,0.00041337234286447294,0.10014773317166771,0.8871761150242161,0.9155351984941192,0.0007169864103541651,0.0005751929005485152,0.2678235917819391,middle,oracle,0,1,0,796104
5,51,13,0.9511193878053531,0.9942914845992129,0.0005190567783738193,0.00037675789360273307,0.09045319906043078,0.8394769787174851,0.8924637687010335,0.0007413211172218813,0.0004681047734120934,0.2769135947501307,middle,oracle,0,1,0,796105
6,51,13,0.9502101034450441,0.9952616464470875,0.0004728625685383904,0.00033244985236095435,0.08240318559027797,0.9076619582948696,0.9045897768886676,0.000727911994898616,0.0005688366805904424,0.271904742069804,middle,oracle,0,1,0,796106
7,51,13,0.9608535027315177,0.9953666803222213,0.00046492102760196756,0.000326136700358603,0.08101925648445002,0.9516938757445086,0.9426216026908529,0.00052262566673316,0.0003890584559473143,0.1952219473068741,middle,oracle,0,1,0,796107
8,51,13,0.9677719778513926,0.9964219030179874,0.0004075941510387347,0.0002644174817923941,0.07102921378905847,0.8034117780953224,0.8108696705650597,0.0009590606380228691,0.0007931860657305861,0.3582481635671225,middle,oracle,0,1,0,796108
9,51,13,0.972195407650753,0.996442205922544,0.0004072550737959696,0.0002795225548305518,0.07097012464387327,0.9324725907004388,0.9321498595910064,0.0005961722067921653,0.00046760167704621363,0.22269457194421866,middle,oracle,0,1,0,796109
1,51,13,0.7756121477063534,0.9886519699091832,0.0014847025273323044,0.0009937506755374325,0.1443885855381461,0.7971142781269362,0.9942876951601659,0.0014156636244051037,0.0009232828983851737,0.09998996561707384,middle,oracle,0,1,1,796111
2,51,13,0.8665398837492936,0.9919652779310504,0.0011811726295176351,0.0007235052529554709,0.11487004441142991,0.8569025910798063,0.9932606061397862,0.0014475525382300566,0.0008912545952528361,0.10224231662896253,middle,oracle,0,1,1,796112
3,51,13,0.8976971713733582,0.9937113384760458,0.0010211646006280906,0.0006134585728911395,0.09930912729787185,0.700704358932207,0.9890955819248318,0.0018138373036144131,0.0010451077544371297,0.1281134349267364,middle,oracle,0,1,1,796113
4,51,13,0.9178670773921511,0.9938842144310659,0.0010015816865476992,0.0005603138938611196,0.09740467222170027,0.8969132133689095,0.9908712282396942,0.0016425952650575338,0.0008142241633170943,0.1160184109024416,middle,oracle,0,1,1,796114
5,51,13,0.9423852262682257,0.9945520182164603,0.000943274965479227,0.0005034180302711496,0.09173429392876992,0.8297904627018551,0.9926226966682823,0.0015378764563548988,0.0008997268244208102,0.1086219998474938,middle,oracle,0,1,1,796115
6,51,13,0.951920956371315,0.9950416919354123,0.0008973303697482624,0.00046709390719894896,0.08726614285568218,0.4903577435223004,0.9914863728701067,0.0017066739861039226,0.0011263453058262785,0.12054436537620082,middle,oracle,0,1,1,796116
7,51,13,0.9494355461791939,0.9950941227594241,0.0008918909838618352,0.0004449854245064256,0.08673715794464512,0.6620847506923455,0.9883438140418059,0.001871675034467175,0.0012495897594715904,0.13219858101627266,middle,oracle,0,1,1,796117
8,51,13,0.9599323185758851,0.9954738633279128,0.0008563662777749567,0.00042096136148667444,0.08328235001570657,0.7184081741043766,0.990179148073777,0.0017343470374430578,0.001151815557536734,0.12249894512538555,middle,oracle,0,1,1,796118
9,51,13,0.9621406570630513,0.9955530101407468,0.0008484902761712397,0.00040467684492055716,0.08251640215051355,0.8871508238596846,0.9916245321082503,0.0015715108198624086,0.0008743320537407819,0.11099763399722432,middle,oracle,0,1,1,796119
1,51,13,0.7226597467229445,0.9763925418008297,0.0012097654492155118,0.0008747496904094545,0.2082431123288474,0.4713893701235473,0.49747207115105224,0.001115946188363238,0.0007521346072055529,0.4811319158772585,middle,oracle,0,1,2,796121
2,51,13,0.8183023957870277,0.9856505754282933,0.0008769454247545817,0.0006022443565279099,0.15095309980282381,0.7340634049494809,0.7761116883523143,0.0007903369420406643,0.0006111314270311269,0.34074790619637485,middle,oracle,0,1,2,796122
3,51,13,0.8763847203004578,0.9897295478596222,0.0007218377950613229,0.0005087872486685687,0.12425363043525346,0.6704814173168603,0.7522356926945633,0.0007671454873777063,0.0005591787041592167,0.3307490826596098,middle,oracle,0,1,2,796123
4,51,13,0.8983562306257742,0.9917846512958793,0.0006487646292920991,0.00044029296372532335,0.11167517278681209,0.6868448007688513,0.678510795617328,0.0007865748174832501,0.0005875871832127156,0.3391258941182365,middle,oracle,0,1,2,796124
5,51,13,0.9080448463345253,0.9929826757629571,0.0005960915421088983,0.00040090087901574955,0.10260828497140018,0.7712667079755687,0.7670883512205018,0.0006686162460621548,0.0005230943343315668,0.2882689316107372,middle,oracle,0,1,2,796125
6,51,13,0.9220562171036539,0.9936534773417676,0.0005642796235915678,0.00038251584353909404,0.09713233678202479,0.620404911544152,0.6162130473082272,0.0008287388264412278,0.0005914363331837296,0.3573045936133904,middle,oracle,0,1,2,796126
7,51,13,0.92733577335411,0.9943167857674767,0.0005385912602889872,0.0003509700354662427,0.09271046746162682,0.7878071295792815,0.7932464014314312,0.000680503108724065,0.0005272779133070124,0.29339386421585045,middle,oracle,0,1,2,796127
8,51,13,0.9472257253645824,0.9947611221164467,0.0005201917537118524,0.00032089194710115967,0.08954326631745271,0.7824201115340356,0.7783710529995808,0.0006344778140023078,0.0004980414054990338,0.273550400024469,middle,oracle,0,1,2,796128
9,51,13,0.9514095945785026,0.9953494792002344,0.0004916829669312434,0.00030371458703067967,0.08463590308289905,0.5946837972154427,0.6089184669519776,0.000878917991172865,0.000670536039677052,0.3789389680269663,middle,oracle,0,1,2,796129
1,51,13,0.7715768818188091,0.966856485386168,0.0013035528506623625,0.0009167851229493927,0.22072001732472613,0.4720216492368391,0.46230399270738465,0.001853653697174385,0.0013469750034369697,0.5247873308234164,middle,oracle,0,1,3,796131
2,51,13,0.8455531329567012,0.9843419219157354,0.0009000828862201319,0.0006511439755512465,0.15240372504977492,0.6626158651475107,0.6164740227281874,0.0013881469645805602,0.0009828601514557226,0.392997862245424,middle,oracle,0,1,3,796132
3,51,13,0.8950241644079014,0.9885186080952236,0.0007374890784691356,0.000531788370063023,0.12487303609807052,0.7064454532808964,0.6393915716486223,0.0012700918719552121,0.000823235546869705,0.3595753211076662,middle,oracle,0,1,3,796133
4,51,13,0.9215159911014236,0.9918410354670791,0.0006154286165472856,0.00045228246988562073,0.10420552940176324,0.38598110750009484,0.38339116349051566,0.001666358602905422,0.00108821463466162,0.4717622740139608,middle,oracle,0,1,3,796134
5,51,13,0.9348749319158767,0.9933461530346841,0.0005540720542113106,0.0004124533073133802,0.09381652101219107,0.7157020194994878,0.7243526919586023,0.0011944738624703728,0.0008014833506501612,0.33816712958827944,middle,oracle,0,1,3,796135
6,51,13,0.9407058316244019,0.9939254734477407,0.0005279761975964039,0.0003926577830958584,0.08939792155055888,0.7631988264899657,0.7799388056632764,0.0010831003826051889,0.000688168277152894,0.3066362177938814,middle,oracle,0,1,3,796136
7,51,13,0.9470779455534539,0.9948277920203962,0.0004867968175685702,0.00034625087091877805,0.08242535157110116,0.7897292580836883,0.7994482065421666,0.0009359444317589312,0.0006540485576642708,0.2649749415926642,middle,oracle,0,1,3,796137
8,51,13,0.9614910270602167,0.9956136178231124,0.000447660927811735,0.0003164571907061494,0.07579878920291022,0.5209600526056222,0.535083266592247,0.0014631296957184597,0.0010418775198693243,0.41422620030646057,middle,oracle,0,1,3,796138
9,51,13,0.9612461548014314,0.9956976948731495,0.0004434408547397908,0.00030959095348827585,0.07508423850319917,0.6181287067363017,0.5551579992448582,0.0013756324038103035,0.0009082683135680953,0.3894548687763301,middle,oracle,0,1,3,796139
1,52,12,0.7208099765403136,0.968170658167151,0.0012940681586823162,0.000902410033057354,0.22801190131898916,0.5119507358313329,0.6039439004824024,0.0015201552963003918,0.0011190677125693976,0.476350679847913,middle,oracle,0,1,4,796141
2,52,12,0.8114255587109521,0.9828827167426354,0.0009062546903588699,0.000644003588787709,0.15968003975801826,0.625091326583864,0.7248980220080751,0.0011410351612497762,0.0008812819050555566,0.35755088714587385,middle,oracle,0,1,4,796142
3,52,12,0.8717129028275096,0.9876443993544698,0.0007565463428189319,0.0005283777729787198,0.13330176537047478,0.7357269596075567,0.8089325274396313,0.0009719595223556023,0.0007245930146801524,0.3045699214978452,middle,oracle,0,1,4,796143
4,52,12,0.8942004198049142,0.9898073002491191,0.000690056855887883,0.0004633242406965321,0.12158646719923348,0.6808266360505167,0.8285561118304345,0.0009112353274659667,0.0006605162489841433,0.2855415948595784,middle,oracle,0,1,4,796144
5,52,12,0.9142363254722805,0.9916643693874496,0.0006180872829690293,0.00042872949592972874,0.10890559019268319,0.6301012420415407,0.7789649925306135,0.0010168473447853623,0.0007803552335213809,0.31863581646485734,middle,oracle,0,1,4,796145
6,52,12,0.9245285590813681,0.9922873488070952,0.0005946383081549767,0.00039844480234425573,0.10477393352880432,0.6224193716731031,0.80295562515644,0.0010458067617095308,0.0008387061231175401,0.32771044059924637,middle,oracle,0,1,4,796146
7,52,12,0.9354342511421164,0.9930188511075,0.0005651949073282232,0.0003625973161760319,0.09958607247313853,0.7359357060849598,0.8595307306613625,0.0008287502476927406,0.0006243731532182613,0.2596943515398266,middle,oracle,0,1,4,796147
8,52,12,0.938761624891962,0.9938000082215177,0.0005335010812468978,0.0003371160701098728,0.09400169154513946,0.6535643461016597,0.809715815444253,0.0010427996291394537,0.0008617830575387828,0.32676813579155,middle,oracle,0,1,4,796148
9,52,12,0.948522286702062,0.9940273713256307,0.0005189077322382297,0.0003146270139033632,0.09143037624636402,0.6150297463730301,0.7836714016924251,0.0010175433143009705,0.0007569489975241357,0.3188539030989797,middle,oracle,0,1,4,796149
1,51,13,0.8395597536898836,0.9728183852505015,0.00124959206350465,0.0008770229578311668,0.2153126994137769,0.8932965768408806,0.9346907872415324,0.0008923685810227366,0.0007181243011161376,0.2936870234157771,middle,oracle,0,2,0,1588001
2,51,13,0.899173693036009,0.9852690216546971,0.000873577067325639,0.0006109431609543476,0.1505229122409148,0.8526283842739538,0.8225327830856952,0.00114233124137785,0.0006910748497171291,0.37595212244094295,middle,oracle,0,2,0,1588002
3,51,13,0.9187817146015677,0.9893529973526403,0.0007328101407110458,0.0004962766770927649,0.12626787106166493,0.9263015465547111,0.8930360857423307,0.0008270313993606561,0.0005506077103822947,0.2721839328668917,middle,oracle,0,2,0,1588003
4,51,13,0.9407412016042734,0.9908848262462894,0.0006636285598363688,0.0004473502082858813,0.11434744249711218,0.9386942171752298,0.8802836687423402,0.0008692867830863163,0.0005162516183330917,0.28609058325059056,middle,oracle,0,2,0,1588004
5,51,13,0.9494688985467097,0.9924186482026769,0.0006044470096966402,0.0004068521864896308,0.10415008314422179,0.8988100507087848,0.8595465423093959,0.0009346979392011383,0.0005647279506876955,0.3076180194984354,middle,oracle,0,2,0,1588005
6,51,13,0.9566904684533543,0.9933086226297623,0.0005677849280663535,0.0003686908400301748,0.09783297215056998,0.8729118982283538,0.7987327154986796,0.0010757522228349399,0.0006743247887776087,0.35404033151325126,middle,oracle,0,2,0,1588006
7,51,13,0.9612117318640943,0.9941599640982843,0.0005303382240793587,0.0003382085021143762,0.09138066570987813,0.8897811049709783,0.8268012497125683,0.0010287638760107319,0.0006186188682655628,0.33857601776722723,middle,oracle,0,2,0,1588007
8,51,13,0.9656696257765541,0.9941891521970894,0.0005279753789698545,0.00032755485697449194,0.0909735323951889,0.9005045587324068,0.8424641403596976,0.0009661497202147504,0.0006218803795679453,0.3179691010396817,middle,oracle,0,2,0,1588008
9,51,13,0.9660306960367341,0.994374233607543,0.0005184757411276881,0.00032757094392913165,0.08933668407725583,0.8999987354417732,0.8473647991671792,0.0009701232247946604,0.000601088444378721,0.3192768193496039,middle,oracle,0,2,0,1588009
1,51,13,0.8373240744965068,0.9877335746212196,0.0015362829283005657,0.001049327535047774,0.14797441115793372,0.8335082638880106,0.9898612517632895,0.0018717572937119906,0.0013523007454187875,0.13073844194143217,middle,oracle,0,2,1,1588011
2,51,13,0.8910212626695762,0.9915526306553505,0.0011982865111932457,0.0007478101398354139,0.1154186755745973,0.8843940869257325,0.9905585490463199,0.0016656326878949914,0.0009640852941182146,0.11634105724800144,middle,oracle,0,2,1,1588012
3,51,13,0.9197327511849147,0.9930621549466906,0.0010678576490622377,0.0006266062153149172,0.10285579817988132,0.8493658240493683,0.9926137224506423,0.001474966227186593,0.0009615570833653595,0.10302339256613006,middle,oracle,0,2,1,1588013
4,51,13,0.9368885090470561,0.9940829786503904,0.0009804722356569727,0.0005635029088333973,0.09443885566608229,0.8971914161787579,0.9880660429253131,0.0018583309694037069,0.001051928878088695,0.12980064048236356,middle,oracle,0,2,1,1588014
5,51,13,0.9557873192816377,0.994187852451818,0.0009681762698472866,0.0005159772109615234,0.09325451112459923,0.7685352622061482,0.9920258733400502,0.0016512420391775603,0.0010890212844188601,0.11533589968929238,middle,oracle,0,2,1,1588015
6,51,13,0.9563264747140467,0.9948074301957096,0.0009142020980150824,0.0004940664982796534,0.08805573155901326,0.8062443885228695,0.9920689246151719,0.0016154223025310597,0.00109448826968341,0.11283396390111722,middle,oracle,0,2,1,1588016
7,51,13,0.9619271195594258,0.9950116654266723,0.0008954627440433318,0.00047395985790462525,0.08625076138173134,0.7865425713526979,0.9903441065862284,0.0017261123341004128,0.0011417048399830479,0.12056543758867315,middle,oracle,0,2,1,1588017
8,51,13,0.9723256465871141,0.9952089851697887,0.0008770968612010962,0.0004448238599348665,0.08448176385600753,0.7417519189671088,0.9910369002565078,0.0016934736858843112,0.0012353831572767741,0.11828569436064745,middle,oracle,0,2,1,1588018
9,51,13,0.9720392279841022,0.9948973820956769,0.0009049229281736418,0.00043819560722573313,0.08716196409728633,0.8373019385677613,0.9904282110399782,0.001663298216829864,0.0010881934654010984,0.11617799918975989,middle,oracle,0,2,1,1588019
1,51,13,0.7323266628049292,0.9755913979793185,0.0012140506471529629,0.0008646813284459134,0.20501203912688307,-0.0005184688728992526,0.0038352345650079656,0.0018497470844071374,0.0013842274090908372,0.6331699570307956,middle,oracle,0,2,2,1588021
2,51,13,0.8162669543260325,0.9840002601605384,0.0009198516616078348,0.0006616856150705756,0.15533179384460544,0.43909255301660355,0.36557364195509956,0.0013559023294848068,0.0008861369620317422,0.4641264889318715,middle,oracle,0,2,2,1588022
3,51,13,0.8646623101612062,0.9891569604029686,0.0007424554732171327,0.0005347957110155812,0.1253755853449016,0.5447590384299245,0.6274578097791742,0.0012313947748099996,0.0008909471395723853,0.42150744997891954,middle,oracle,0,2,2,1588023
4,51,13,0.8774669840384627,0.9913707293094517,0.0006534709008119305,0.00046988229431653954,0.11034910462730944,0.06903223358919561,0.06454447958430012,0.0016287264986844794,0.0012454508970190232,0.5575144277183707,middle,oracle,0,2,2,1588024
5,51,13,0.9011335769730641,0.9929787033407529,0.0005912524286833477,0.00042925397366417174,0.09984251178264307,0.5269793497641599,0.566163919963011,0.0011240352196546228,0.0008526987957652471,0.3847581854456212,middle,oracle,0,2,2,1588025
6,51,13,0.9162473876037568,0.9939512589985402,0.0005530050662012444,0.00039470593006409125,0.09338382754894231,0.3520403646985925,0.3113200061571053,0.001290864664658233,0.0009542261298575092,0.44186404246513,middle,oracle,0,2,2,1588026
7,51,13,0.9313427926686718,0.9946457110384251,0.0005269818180399599,0.0003666392157425266,0.08898938224078239,0.6361360158828513,0.5542054007221114,0.0010080437619699354,0.0006883047761494968,0.34505421353656857,middle,oracle,0,2,2,1588027
8,51,13,0.9425459352687369,0.995169276274571,0.0005054663641452939,0.0003371155305477806,0.08535615072278117,0.6595303430746469,0.648219399074364,0.0011073632964833072,0.0008265640394759271,0.3790513723537189,middle,oracle,0,2,2,1588028
9,51,13,0.9431703245292417,0.9955994787060198,0.00048426980318961487,0.0003279058911343511,0.08177676942251033,0.15562918094563663,0.14355639258853123,0.0014424836659268294,0.001074114756033159,0.49376335201266114,middle,oracle,0,2,2,1588029
1,51,13,0.7589276052687188,0.9791513560347036,0.0011774946105800675,0.0008700909817959007,0.20643340513699682,0.7129199914010039,0.6881494899616367,0.0010561918776606236,0.000751600810799597,0.44047819575320907,middle,oracle,0,2,3,1588031
2,51,13,0.8492915215975931,0.9871127495472541,0.0008269486437623602,0.0005880836150470521,0.14497715987098134,0.7287269692332984,0.7104826966926597,0.0008100461067125806,0.0005627487386858158,0.3378246463625227,middle,oracle,0,2,3,1588032
3,51,13,0.8770832259332197,0.9907684213338861,0.0006645373170967297,0.00048251042041876275,0.11650388882994717,0.7512866879955487,0.6969299917402692,0.0008172590432375007,0.0005737524556476999,0.34083275628438303,middle,oracle,0,2,3,1588033
4,51,13,0.9085128912253295,0.992718990912712,0.0005858073682792841,0.0004219596201823183,0.102701285170776,0.8209891374448335,0.8032539747547482,0.0007561457858588792,0.0005767445779404695,0.3153458557352516,middle,oracle,0,2,3,1588034
5,51,13,0.9278594466998696,0.9938427570741463,0.0005358436098289518,0.00037971605181610934,0.09394184907852635,0.7235422805043058,0.7851896692095193,0.0007564102481174406,0.0005400900485132041,0.31545614806087896,middle,oracle,0,2,3,1588035
6,51,13,0.9280845545927197,0.9947306872736568,0.0004927401757892988,0.00034253890033233135,0.08638513622230351,0.7648933345135877,0.7448898951280377,0.0007877149907168999,0.0005994758756138888,0.32851159454780904,middle,oracle,0,2,3,1588036
7,51,13,0.940661197097998,0.9950009634624674,0.0004794294914452726,0.00033191514112887254,0.08405156299899388,0.7029552725755256,0.701057821061927,0.0007868563680188632,0.0005497754475815972,0.3281535113388171,middle,oracle,0,2,3,1588037
8,51,13,0.9454897140475064,0.9955884100256905,0.0004497399189854103,0.00031585825053416673,0.0788465119653151,0.7951668584579976,0.804560078935273,0.000708998834857019,0.0005176215028440093,0.2956835156322753,middle,oracle,0,2,3,1588038
9,51,13,0.956921629183272,0.9964019914656719,0.0004059520159578087,0.00026753629342642386,0.07116980088351796,0.6941286561539726,0.6729738309258252,0.0009451501141571972,0.0007378206466753808,0.39416892498928446,middle,oracle,0,2,3,1588039
1,52,12,0.700630793925176,0.9750094541222838,0.0011768890721745797,0.0008522243416065892,0.2134251066776007,0.03066485753052918,0.062490160725800305,0.001492730324425758,0.0010072581697863803,0.5996651335086389,middle,oracle,0,2,4,1588041
2,52,12,0.8000927521916286,0.983811701901097,0.0008859165435965166,0.0006231105578640237,0.1606581599701439,0.3428660891347459,0.35980058727475733,0.001082216625594923,0.0006831166651535212,0.4347520557822801,middle,oracle,0,2,4,1588042
3,52,12,0.8437449067786147,0.9889531434869764,0.0007151330712020991,0.000508898042832826,0.12968711802886676,0.6236718505375223,0.6545665838900245,0.0007730695789568658,0.00048146261025042674,0.31056036357737493,middle,oracle,0,2,4,1588043
4,52,12,0.8833427336708236,0.9910551751570857,0.0006369232036176238,0.00043034569914888825,0.11550400619011433,0.5877674564241729,0.595300916439653,0.0007860172248635894,0.000550758127662062,0.3157617396626801,middle,oracle,0,2,4,1588044
5,52,12,0.9010926781084085,0.992829831792483,0.0005688490955813241,0.0003892609961538768,0.10315898225104032,0.6343596701805657,0.6839205116896352,0.000818667873290935,0.0005905926862558125,0.3288782786168009,middle,oracle,0,2,4,1588045
6,52,12,0.9106996913199161,0.9936976373180362,0.0005380569682980874,0.0003591851087767065,0.0975749274699792,0.5784573635319905,0.6370300777963994,0.0008070100914774601,0.0005808171850360003,0.3241950714941203,middle,oracle,0,2,4,1588046
7,52,12,0.9203305099394988,0.994321784532831,0.00051031026163794,0.0003235030308749699,0.09254315007574097,0.47078593048742307,0.44885343193762994,0.0009168035534968263,0.0006673860426200068,0.3683017061506828,middle,oracle,0,2,4,1588047
8,52,12,0.9344388689961723,0.9947420088076941,0.0004933085579558104,0.0003100630240539395,0.08945994494804375,0.6131927773718819,0.5833144941741134,0.0008793295829131265,0.000662679804634473,0.35324752442377383,middle,oracle,0,2,4,1588048
9,52,12,0.9411057167551551,0.9951079387895341,0.0004744048090253816,0.0002870171763466321,0.08603180993730007,0.5431792088508507,0.5912591255872083,0.0009006950405732421,0.0007345247622210489,0.3618305349050241,middle,oracle,0,2,4,1588049
1,51,13,0.6907809362149558,0.9739900817898411,0.0012398827175902937,0.0008736742048008495,0.21916501385420004,0.4777627435855284,0.5120036808346364,0.0012627859922684967,0.0008444862246002805,0.47792519953993257,middle,oracle,0,3,0,2379901
2,51,13,0.7946163678925898,0.9843172603421365,0.0008754870105787896,0.0006238071620170975,0.1547534456933015,0.47255276369200416,0.5129669669444856,0.0011946475337666594,0.0008305190600871838,0.45213691350000484,middle,oracle,0,3,0,2379902
3,51,13,0.8511550542507139,0.9891012663119776,0.0007162803615641656,0.0005095440094546363,0.12661164893950508,0.4684050127088102,0.4981419518345203,0.0009762357269257042,0.0006747195162055253,0.3694748416957222,middle,oracle,0,3,0,2379903
4,51,13,0.8970355592236754,0.9910506646087163,0.0006367652546980626,0.00045238108833771173,0.11255634415084181,0.4231844105261826,0.44660813621383644,0.0010062366865262544,0.00067123018876457,0.3808292712596145,middle,oracle,0,3,0,2379904
5,51,13,0.9046448401087499,0.992492586283917,0.0005806610964076782,0.0003955898013258825,0.10263922178552028,0.45866791436411686,0.4707748267158754,0.0009502400899168854,0.0006873703187309278,0.35963630208515157,middle,oracle,0,3,0,2379905
6,51,13,0.9119327029928026,0.9932076878000891,0.0005528959703119774,0.0003761017186079475,0.09773138319796879,0.5451636970624312,0.5101550171938405,0.0009031558021647592,0.0006007734351617674,0.3418163644576316,middle,oracle,0,3,0,2379906
7,51,13,0.9226917238199972,0.9941304979137824,0.0005131620118969802,0.00033299525876372707,0.09070790152267807,0.5045713779890995,0.5768207591735076,0.0010211484014439093,0.0007674245998592207,0.38647289129589646,middle,oracle,0,3,0,2379907
8,51,13,0.9364214523745483,0.9945095390527028,0.0004962257553333337,0.0003202723167721973,0.08771420312544273,0.5206818497957738,0.5658339311090975,0.0010581035669998795,0.0007910604284034131,0.4004592713955365,middle,oracle,0,3,0,2379908
9,51,13,0.94235030922174,0.9947712808839211,0.00048431409238689795,0.0002993976229344782,0.0856086654502698,0.4849454343125229,0.5559756407307864,0.00102905431557016,0.0007556048511733548,0.3894650337566679,middle,oracle,0,3,0,2379909
1,51,13,0.7816502438510997,0.9821748128312475,0.0011444322280300622,0.0008494207088958135,0.21077905156777496,0.7699768585844535,0.8260601459962876,0.0008288387346880524,0.000677313651017649,0.4195826930998443,middle,oracle,0,3,1,2379911
2,51,13,0.853008251787481,0.9872353213664675,0.0008372435212446052,0.0005835673294332328,0.1542017002116149,0.730750262395832,0.8370392256313218,0.0007289080129432408,0.0005681624089462229,0.36899480477090424,middle,oracle,0,3,1,2379912
3,51,13,0.892100932334552,0.9898774600722337,0.0007219388536843428,0.00048252659560996564,0.132965136023341,0.7854297601133043,0.8103144730862463,0.0006794904529008831,0.0005084953446295074,0.3439781735962046,middle,oracle,0,3,1,2379913
4,51,13,0.9112492265133038,0.9916126043689419,0.0006536839461771841,0.00041081550464994654,0.12039409484078949,0.7120348006423955,0.7671781927155737,0.0007255455272597572,0.0005948980494290268,0.36729261502090815,middle,oracle,0,3,1,2379914
5,51,13,0.923436222779321,0.9926197151174542,0.000614402667678462,0.0003852514036958014,0.11315935395920643,0.7590510755067716,0.7871601642045246,0.0006695235370593659,0.0004814895873588855,0.33893262587303113,middle,oracle,0,3,1,2379915
6,51,13,0.9348530264102985,0.9931489068409657,0.0005911544411191064,0.00036216843113262006,0.10887754589334252,0.7938517179023507,0.8398804456558819,0.0006239042213602256,0.0004687091242799081,0.3158387783761216,middle,oracle,0,3,1,2379916
7,51,13,0.9397857180385907,0.9938112516734637,0.0005659678105550942,0.00033949430222375847,0.10423872677199654,0.7261725616155996,0.7750197139466147,0.0006990552506361614,0.000565744637314022,0.353882453138366,middle,oracle,0,3,1,2379917
8,51,13,0.9475251555085016,0.9940334749213084,0.0005522006892450568,0.0003167220850941562,0.10170312815682722,0.785606798265026,0.8126505196082161,0.0006292556941499852,0.0004550834041562919,0.31854785225407334,middle,oracle,0,3,1,2379918
9,51,13,0.9500491473899588,0.9942130873048985,0.0005470743913912804,0.0003140663774393694,0.10075897770981225,0.7777159549311448,0.8176696612399665,0.0005914300174934246,0.00041357589995636476,0.2993993754567661,middle,oracle,0,3,1,2379919
1,51,13,0.8292389665015407,0.9748301710598131,0.0012335104536410565,0.0009120612992593887,0.2058958001024891,0.8077871495593013,0.8173802070585341,0.0013738687136059643,0.0009615281586172284,0.4212972234443041,middle,oracle,0,3,2,2379921
2,51,13,0.8862110689343201,0.9849464603119626,0.0008960806243919867,0.0006278066556557721,0.1495724957749034,0.8607974304176836,0.893237108629098,0.0008644851455007469,0.0006178883242121261,0.2650946104976713,middle,oracle,0,3,2,2379922
3,51,13,0.9201417912082499,0.9898025654075621,0.0007270342617544504,0.0005091368300271398,0.12135551878299268,0.8702057436234651,0.7760012670739639,0.0011462823449542553,0.0006142935571027183,0.3515078001484793,middle,oracle,0,3,2,2379923
4,51,13,0.9365768497017144,0.992164974632042,0.0006302822662115054,0.0004376540474504695,0.10520581411285783,0.8696240468392367,0.7779608426965019,0.0011046519690621956,0.0006004879623112686,0.3387418337933436,middle,oracle,0,3,2,2379924
5,51,13,0.9486491302937823,0.9938964383409876,0.0005574744965742244,0.00038469250993803956,0.09305284537319612,0.8730130628864805,0.7785449447647621,0.0011250268243128115,0.0007103729657623923,0.344989788827296,middle,oracle,0,3,2,2379925
6,51,13,0.9587209688228656,0.9947849911137693,0.0005162872968227769,0.0003639169318617843,0.0861779369184089,0.8652486753752577,0.7645391878095796,0.0011260211184249767,0.000619538206923862,0.3452946893935536,middle,oracle,0,3,2,2379926
7,51,13,0.9621229103094718,0.9948309081193676,0.0005166053422415652,0.0003501244213230002,0.08623102460467623,0.8887694583897116,0.8657146696491217,0.0008612370883699869,0.0005385188817942997,0.2640985928744255,middle,oracle,0,3,2,2379927
8,51,13,0.9660661483681303,0.9958109481039277,0.0004657259748054416,0.0003130566913888727,0.07773831338682902,0.8400586755017135,0.772903212564208,0.001110901597430178,0.0006688740213877082,0.3406582840719725,middle,oracle,0,3,2,2379928
9,51,13,0.975268107741488,0.9960218417004106,0.00045883972570008656,0.000279713113318472,0.07658887053852,0.7380341177809532,0.7281624265886266,0.001239466229857117,0.0008436288195053995,0.3800826643917223,middle,oracle,0,3,2,2379929
1,51,13,0.749006717084466,0.9691192203424376,0.001342568882144948,0.0009543687714169438,0.2262676385369543,0.7589499108486449,0.7779444161452324,0.0012787919837318527,0.0009440910854518466,0.3763652713721341,middle,oracle,0,3,3,2379931
2,51,13,0.8291060923163885,0.9826551056054675,0.0009319585749290626,0.000671733412877446,0.15706610570815968,0.7239216479722808,0.7507473795969187,0.0011539036255640964,0.0008099472212861626,0.33960898777715964,middle,oracle,0,3,3,2379932
3,51,13,0.8735489867221342,0.9884611538979007,0.0007490375153103997,0.0005323428677283445,0.12623780576092183,0.7136534351724224,0.7192071000183933,0.001090421824893719,0.000739222008852367,0.32092546032277713,middle,oracle,0,3,3,2379933
4,51,13,0.9113356956142705,0.9911953185596859,0.0006486141351028544,0.00047163799603052093,0.109313116535921,0.7219742283033421,0.7803347421540912,0.0010749046501784807,0.0007467598409376185,0.31635855206332253,middle,oracle,0,3,3,2379934
5,51,13,0.9170730028149398,0.9926593051865567,0.0005892611377866802,0.00041907983355130983,0.0993101567463532,0.6114265481354089,0.5866563750677092,0.0013234229874214572,0.000902519196387658,0.38950076176379966,middle,oracle,0,3,3,2379935
6,51,13,0.9312335945468796,0.9939970234899557,0.00053143381204938,0.00037845249372899,0.08956432350718126,0.5372475625640183,0.5321856816473556,0.001381923095778385,0.0009122455406507159,0.40671811176063166,middle,oracle,0,3,3,2379936
7,51,13,0.9467743566575361,0.9945599811321977,0.0005082257315198508,0.0003387388999332708,0.08565298782360543,0.5485780042742068,0.5293163684448737,0.0014900263074123345,0.0010734491162129789,0.43853430634145574,middle,oracle,0,3,3,2379937
8,51,13,0.9428279480651756,0.9946938450713416,0.0005000212287979706,0.00035090977426612045,0.08427025545066084,0.7128188267428772,0.676090028514952,0.0011397884065644558,0.0008037676403602401,0.335454693492507,middle,oracle,0,3,3,2379938
9,51,13,0.9516274967129388,0.9954089553981608,0.0004639251551890267,0.00031947559451558926,0.07818686304929424,0.5856801426421678,0.6201766012531823,0.0012876042515868925,0.0010814379377022717,0.37895883750709464,middle,oracle,0,3,3,2379939
1,52,12,0.7751158414619088,0.9877755878498408,0.0015445831789338467,0.0010541642362398317,0.14462398996589623,0.7108861287965765,0.9914262798215325,0.001836735934448065,0.0012611980561548675,0.12220925537513201,middle,oracle,0,3,4,2379941
2,52,12,0.8709281639708606,0.9910773109815286,0.0012705542995285382,0.0007789349353680232,0.11896583801526149,0.9113662456946041,0.9959554275781639,0.0011500946849917707,0.0006840335119499109,0.07652282096063902,middle,oracle,0,3,4,2379942
3,52,12,0.89971147055192,0.9929531614185347,0.0011116056835594162,0.0006501969357205333,0.10408299884250889,0.8064085168562782,0.9930929715424729,0.0015690971975694363,0.0009832642714389006,0.10440161622023804,middle,oracle,0,3,4,2379943
4,52,12,0.9248328435609334,0.9935384972337397,0.0010575304189913435,0.0005963917213732923,0.0990197684338401,0.8622273249138921,0.9953391418839226,0.0012724145425824557,0.0008580999330759863,0.08466150787441241,middle,oracle,0,3,4,2379944
5,52,12,0.9386790961847142,0.9940983219804498,0.0010084117866283175,0.0005571779095653604,0.09442064247487934,0.8082454858574263,0.9950781111499207,0.0013486593604244512,0.0008836871356556304,0.08973454109596957,middle,oracle,0,3,4,2379945
6,52,12,0.9476164958636868,0.9941682666124364,0.0010011598346827816,0.0005309113733890071,0.09374162030261388,0.8798455276067217,0.9955335932502458,0.0012270222316823757,0.0007419473182976817,0.08164128030069631,middle,oracle,0,3,4,2379946
7,52,12,0.9532076552660823,0.9940351905585093,0.0010114743306265785,0.0004983893095513474,0.0947073977228423,0.7367289426990921,0.994617402629171,0.0013372183607252529,0.0008831214731494911,0.0889733015362904,middle,oracle,0,3,4,2379947
8,52,12,0.9647149524632671,0.9947802287966339,0.0009459364440779812,0.0004607879315569938,0.08857088738409004,0.5166266569251644,0.9930865686611361,0.0016105153695877615,0.00116363241335407,0.10715742007120353,middle,oracle,0,3,4,2379948
9,52,12,0.9695556488455365,0.9947266792564875,0.0009505490830611329,0.00045284821565680713,0.08900278270906445,0.698820582402672,0.9944568223659345,0.0013536342080228035,0.0009012995528442245,0.09006554807917103,middle,oracle,0,3,4,2379949
1,51,13,0.7615088726356258,0.9822419796717137,0.0011193906611186115,0.0008484258138566265,0.20182723047575674,0.5986292188823834,0.6138377244861503,0.0009752687504477726,0.0007468006999223791,0.4957724362324801,middle,oracle,0,4,0,3171801
2,51,13,0.841886760724186,0.9880459499224239,0.0008081575333968101,0.0005656553228508815,0.14571159329719832,0.6939516180022509,0.6753862378089917,0.0006947994970165091,0.0004465667339416908,0.35319745369758265,middle,oracle,0,4,0,3171802
3,51,13,0.8796828988659041,0.9906831544455017,0.0006838264898772622,0.00046959805445998096,0.12329458460906507,0.6534857547515774,0.6538981194453453,0.0006322435806718481,0.00044764762910462513,0.3213975021122287,middle,oracle,0,4,0,3171803
4,51,13,0.9050358039724069,0.9920023333567138,0.000615573241779749,0.00041433273218309535,0.11098845725516164,0.7905132841841702,0.830628350714812,0.0004763550879040066,0.00036432061074419356,0.24215245524218562,middle,oracle,0,4,0,3171804
5,51,13,0.9175219421520067,0.9930170722771101,0.0005683516362531828,0.00037654977138576256,0.10247435561657767,0.6761972205010179,0.6126919627102864,0.0006180492461634932,0.0004285845359778724,0.31418189123914897,middle,oracle,0,4,0,3171805
6,51,13,0.9268928868541108,0.9938922024070914,0.0005330870788603197,0.0003446742214480202,0.09611612144528082,0.5924834659011874,0.5407501259908897,0.0007472789269219574,0.000501790893651819,0.3798750795359685,middle,oracle,0,4,0,3171806
7,51,13,0.9370833527545679,0.9945274025628207,0.000504993945810701,0.000309556522380198,0.09105090209359759,0.4859570808937897,0.46315442192994716,0.0008193778399983413,0.0006050395414362092,0.41652616034746925,middle,oracle,0,4,0,3171807
8,51,13,0.9437546085972025,0.9947410265419432,0.0004917975466474091,0.0002929642949937393,0.0886715784241306,0.4997913478926137,0.48038884892653055,0.0007980044500052989,0.0006056572102322317,0.40566111661205534,middle,oracle,0,4,0,3171808
9,51,13,0.9559213463881362,0.9950070064808076,0.0004797059676962492,0.0002820668329734568,0.08649145491894356,0.49665524349068646,0.47031882458818414,0.0007889324346595805,0.0006112592405427581,0.4010494081497261,middle,oracle,0,4,0,3171809
1,51,13,0.8919180295981262,0.9892726659765404,0.0013895873446968447,0.000988413107728087,0.13333259383855384,0.8763514966046612,0.9789215261330196,0.002461182919034564,0.0014838975353830383,0.1716415504776004,middle,oracle,0,4,1,3171811
2,51,13,0.9318798481372002,0.9923296366349337,0.0011351862326724894,0.0007199403182817024,0.10892249808525678,0.9462562753701994,0.9883314674195157,0.001824785486093697,0.0010258101715796108,0.12725954162115058,middle,oracle,0,4,1,3171812
3,51,13,0.9500781351266641,0.99333737782657,0.0010439349328649023,0.0006101944981928996,0.10016682501373825,0.9383654320363181,0.9935631898114484,0.0014435347837723565,0.0008513887130421305,0.1006713261898578,middle,oracle,0,4,1,3171813
4,51,13,0.9621168986481666,0.9944770190407908,0.0009476429274118876,0.0005518336338186045,0.09092749011193141,0.9331554521427938,0.9913599765639433,0.001571817293664122,0.0009190670269342028,0.1096176782576748,middle,oracle,0,4,1,3171814
5,51,13,0.9701905597811953,0.9946844576341949,0.0009272166384762106,0.0005110195140822551,0.08896756287404792,0.903868283615119,0.9863648044458586,0.001978408205904028,0.0011182525947754467,0.13797310606729682,middle,oracle,0,4,1,3171815
6,51,13,0.9739210426757129,0.9947736518357524,0.0009184540135636377,0.00048216305349778246,0.08812677836857115,0.9165138658809544,0.9859853063665772,0.001997824377500258,0.0011914213963484241,0.13932717925354476,middle,oracle,0,4,1,3171816
7,51,13,0.9752571961644613,0.9950128772886158,0.0008968691614954496,0.0004695666122441688,0.08605568559066389,0.9171714361587778,0.9909784030840799,0.001627873566112844,0.0010403498488679346,0.11352701203481139,middle,oracle,0,4,1,3171817
8,51,13,0.9812603340869595,0.9951857066699323,0.0008810385362986125,0.00043926342348741393,0.0845367178714805,0.9155780927932827,0.9896774830415385,0.0017138942518523847,0.0010074214482897156,0.1195260476039648,middle,oracle,0,4,1,3171818
9,51,13,0.9821165840653422,0.9953520633859377,0.000865577173806903,0.00041771198093417923,0.08305318135744619,0.8955221993196677,0.9842249501122581,0.002120742914455393,0.0012106113614566139,0.14789945078291714,middle,oracle,0,4,1,3171819
1,51,13,0.6997077591441897,0.9721285351448626,0.001234661529041446,0.0008985850815451927,0.21477205328590124,0.06814704283058713,0.05630659041818008,0.0017213312479883662,0.0012259278600685248,0.5916646809434115,middle,oracle,0,4,2,3171821
2,51,13,0.8058528628601705,0.9854981459955379,0.0008368121173197182,0.0006262397186601928,0.14556528443128094,0.5209094702765589,0.482238189987746,0.0012070268719073737,0.0008749094978206018,0.4148853800753329,middle,oracle,0,4,2,3171822
3,51,13,0.8439853658046492,0.9898944050352099,0.0006872275650232396,0.000502374258987408,0.1195447268283328,0.6236674717687376,0.618720344864004,0.0008812939799141303,0.0006337660311469904,0.3029228232814649,middle,oracle,0,4,2,3171823
4,51,13,0.8812934476350535,0.9922684978013838,0.0005957025802883335,0.0004407332977248741,0.10362375704340913,0.6419276925606039,0.6230109527722805,0.0009132625647824767,0.000564795257884941,0.31391122693035417,middle,oracle,0,4,2,3171824
5,51,13,0.9022032821035476,0.994126001623429,0.0005141799512258749,0.00038364035397207846,0.08944271874167924,0.49966489206995535,0.5657361315183077,0.0010398648155328129,0.0007775519927056088,0.3574275927573584,middle,oracle,0,4,2,3171825
6,51,13,0.9174412376577711,0.9950580336467677,0.00047031509251412463,0.0003545156833257969,0.0818123313431728,0.5178745305327583,0.46621165871383363,0.0010486564857758527,0.0007033283126418564,0.36044951011079446,middle,oracle,0,4,2,3171826
7,51,13,0.9423263037522811,0.995706409632859,0.00043827434841239724,0.0003129862470599085,0.07623877434988195,0.027099482795685324,0.04804770386434426,0.0014166846193720268,0.0010630948669018273,0.4869500012259429,middle,oracle,0,4,2,3171827
8,51,13,0.9367203884093193,0.9959821872627356,0.0004231734529370366,0.00031493089352974997,0.0736119407996239,0.4879045005627284,0.463384121123221,0.0011069717570432519,0.0008159996795027414,0.3804939300380318,middle,oracle,0,4,2,3171828
9,51,13,0.9484015816104433,0.9966917835708714,0.00038365278913371823,0.00027880857177972255,0.06673723553619007,0.4541913782420111,0.4858269690190109,0.0011577109839912881,0.0009326358991103891,0.397934273701466,middle,oracle,0,4,2,3171829
1,51,13,0.7178081301707492,0.9719345399248925,0.0013388411179344063,0.0009412744834326694,0.22500759223497116,0.6354784456050278,0.6379042167133493,0.0013999871844987142,0.0009795137314098385,0.44338644928672477,middle,oracle,0,4,3,3171831
2,51,13,0.8159795475047241,0.9843859337886134,0.0009008751509431074,0.0006551274771240274,0.1514023926384638,0.5739956246285359,0.5632096721571359,0.001284146338093624,0.0008177712512112356,0.40669878375762003,middle,oracle,0,4,3,3171832
3,51,13,0.86357741117441,0.9880487459260119,0.0007702146747583098,0.0005490031339368086,0.1294434023200499,0.5784974519151734,0.5755610726951352,0.0012625642050166253,0.0008537992590506714,0.3998635602220057,middle,oracle,0,4,3,3171833
4,51,13,0.8953787700733901,0.9904641569065287,0.0006846786369832389,0.00047917428402331194,0.11506809097707159,0.6399549817271335,0.6226800192045427,0.0011540746626829959,0.0007336104889282158,0.36550410786939463,middle,oracle,0,4,3,3171834
5,51,13,0.9149650508364197,0.9922166796267646,0.0006185934463015934,0.0004426026339680351,0.1039617173839097,0.6244262067046877,0.5966772185327732,0.0011774194349640245,0.0007657515257204123,0.3728975724708572,middle,oracle,0,4,3,3171835
6,51,13,0.9350040591066539,0.9933833366834582,0.0005710175842136181,0.00039081318175891586,0.09596604856740804,0.5957713172903045,0.6241881075682564,0.0011518845643391689,0.000816336536424423,0.3648104872855706,middle,oracle,0,4,3,3171836
7,51,13,0.9326116649617154,0.9942962942650128,0.0005301326707603919,0.00035940376661006823,0.08909487034348354,0.5558112773302646,0.548969440999469,0.0012801717377721117,0.0009387965887576297,0.40543999800343455,middle,oracle,0,4,3,3171837
8,51,13,0.9455688538627722,0.994720875477077,0.0005100596109076898,0.00034019703064511593,0.08572136260926241,0.5561653536337081,0.5657764771267866,0.0012560494363385833,0.0008453583959679523,0.3978002840834347,middle,oracle,0,4,3,3171838
9,51,13,0.9450237279448204,0.9947101552466904,0.0005114335304096897,0.00034440491343605464,0.08595226552591816,0.6522717788540573,0.6541729327844905,0.0010466812590500178,0.0007153488972892609,0.33149181087062457,middle,oracle,0,4,3,3171839
1,52,12,0.7538006667489814,0.978367795132879,0.0011815517183318,0.0008507222844020307,0.20911312804933696,0.627053543471454,0.5858978936953532,0.0011709424697507282,0.0008770581759246261,0.48052804368199703,middle,oracle,0,4,4,3171841
2,52,12,0.8457345845166071,0.9853463701560923,0.0008565523212666836,0.000592725849431522,0.1515941557690646,0.6665483769961382,0.5900912078862409,0.0009974220655878242,0.0006497184048772356,0.4093192332533685,middle,oracle,0,4,4,3171842
3,52,12,0.8887292752191629,0.9889395696782897,0.0007180254412001044,0.0004989528438248356,0.1270774217487066,0.8728733952614552,0.8439397015969035,0.0006443311558019717,0.0004034819932629912,0.2644187889493782,middle,oracle,0,4,4,3171843
4,52,12,0.9100679590072849,0.9909239870202258,0.000644540938295754,0.0004401428348334847,0.11407200351176733,0.8699091952823298,0.8731567207943469,0.000535370664270867,0.0003748747688500693,0.2197038920294495,middle,oracle,0,4,4,3171844
5,52,12,0.926206889739474,0.9923596106270322,0.0005875161386190243,0.0003955313258868613,0.10397965287507761,0.7999373760567791,0.8130660838556197,0.0007024668760361146,0.000471293483596473,0.28827636063529005,middle,oracle,0,4,4,3171845
6,52,12,0.9345926163723917,0.9934120303824828,0.0005443813908416265,0.0003592176519721231,0.09634558836871306,0.8182235674772989,0.8029998913068702,0.000632972402502564,0.0004589354572261368,0.2597574160445311,middle,oracle,0,4,4,3171846
7,52,12,0.9476605012964564,0.9940036716291052,0.0005179574778191633,0.0003334384729590085,0.09166903716769385,0.7880805761402778,0.8042774884660918,0.0006715714977801471,0.0004508287565284163,0.2755976030911078,middle,oracle,0,4,4,3171847
8,52,12,0.9473170020990246,0.9944344204479663,0.0004992978888788314,0.0003127768820451414,0.08836662987490373,0.63005949274606,0.5469304127611646,0.0009566857836240063,0.0006460633325894761,0.3926019936069845,middle,oracle,0,4,4,3171848
9,52,12,0.9588714162242252,0.9948810570750992,0.00047805541091918406,0.00027974651882057763,0.08460709828204838,0.8306231082350486,0.7805787651159357,0.0007005932747141662,0.0005040601943793773,0.287507477448341,middle,oracle,0,4,4,3171849
1,51,13,0.7610148458387691,0.9787533752875207,0.0011779733217580784,0.0008403695998395808,0.21309483759048556,0.7575083144703397,0.7430983466340971,0.0008339609939480975,0.0006207042838476305,0.403187130235978,middle,oracle,0,5,0,3963701
2,51,13,0.860494211264272,0.9844545250791392,0.000880841048321399,0.0005871075376333039,0.1593437446061535,0.7125659150975606,0.7261448458833469,0.0007290466161916246,0.0004721926589150229,0.3524651813737532,middle,oracle,0,5,0,3963702
3,51,13,0.8925458776226695,0.9882559340718245,0.0007525211539247526,0.0004841190027894317,0.13613073413213758,0.8315608442190721,0.851375665559104,0.0005522684579365519,0.000395191537139805,0.26699993919517206,middle,oracle,0,5,0,3963703
4,51,13,0.9117085833182491,0.9902390964198711,0.0006742018106946124,0.0004289405380998268,0.12196280059955818,0.8046004628283109,0.7753786658478286,0.0006697120003562805,0.0004994602117074142,0.3237792432352658,middle,oracle,0,5,0,3963704
5,51,13,0.9194218741790582,0.9910454382394589,0.0006500385077837594,0.0003990090697154118,0.11759167010421458,0.7780194489055248,0.8083193005764844,0.0006383100060727428,0.00046797659990959844,0.30859762197150903,middle,oracle,0,5,0,3963705
6,51,13,0.9332211897720065,0.9920716387553565,0.0006142066034645968,0.0003674511786762131,0.11110969492666646,0.7409931840311587,0.735204925269793,0.0007232359895082374,0.0005610191913622299,0.3496559733720018,middle,oracle,0,5,0,3963706
7,51,13,0.9341560031049817,0.9923004971317071,0.0005984288897938114,0.0003509393491561676,0.10825551370700408,0.8448639967627308,0.8385142680036816,0.0005746054581406458,0.0004335527202489908,0.2777989946374817,middle,oracle,0,5,0,3963707
8,51,13,0.9462613890099913,0.9925234843615577,0.0005906946484804187,0.00033235906838164026,0.10685639297470832,0.813882320211434,0.813513001258765,0.0005941312774878245,0.00041231974941124294,0.2872389554092981,middle,oracle,0,5,0,3963708
9,51,13,0.9520437013189254,0.9931426774554246,0.0005673500047785891,0.0003186004465033395,0.10263335755755244,0.7343163165947977,0.7148233479813653,0.0007125914538036872,0.0005424309459702969,0.3445097616971677,middle,oracle,0,5,0,3963709
1,51,13,0.8303593589954956,0.9864994878690817,0.0015512562309898644,0.0010676426387990574,0.15002638035741608,0.8211914667610869,0.9871494435439301,0.0024282496312734688,0.0014955491679579118,0.16191409529163217,middle,oracle,0,5,1,3963711
2,51,13,0.8930014462574773,0.9911866887670973,0.0011996193014661824,0.0007791518306483128,0.11601857772459719,0.8170942981069563,0.9915106085250464,0.001701776501392232,0.001089052053573427,0.11347334271681841,middle,oracle,0,5,1,3963712
3,51,13,0.9231331691683137,0.9925223566436245,0.0010903833119450524,0.0006611667741363935,0.10545405602584576,0.8971661250142262,0.9943743465148888,0.0014308585756035248,0.0009285877121955306,0.09540871283386879,middle,oracle,0,5,1,3963713
4,51,13,0.9398427464694664,0.9931570997155916,0.0010371846716116546,0.0006017843883984925,0.1003090649600804,0.7809532239911987,0.9914430628648176,0.001945927201231162,0.0013210888007238876,0.1297531515017609,middle,oracle,0,5,1,3963714
5,51,13,0.9464549974446321,0.9940089892909509,0.0009685585137419171,0.0005468429334557894,0.0936720350114796,0.7803715272069702,0.9912165815494336,0.0018423981146169232,0.0013363960536527354,0.12284989980159595,middle,oracle,0,5,1,3963715
6,51,13,0.959311717485518,0.9938768609152101,0.0009778858536157232,0.0005087510411222481,0.09457410844826933,0.7854550512778359,0.9926404280128265,0.0019474366219045431,0.00134269922001597,0.12985379868382876,middle,oracle,0,5,1,3963716
7,51,13,0.9620993165976369,0.994298618948948,0.0009432910365931797,0.000501380227292211,0.09122834578615423,0.9163621188937644,0.9933135655906726,0.0016331898182388518,0.0010489621261622485,0.10890002759764368,middle,oracle,0,5,1,3963717
8,51,13,0.9647167362839005,0.9944492972625807,0.0009299177512191544,0.0004531717453194886,0.0899349775094824,0.7564207943954779,0.988122495053999,0.0021556094998935456,0.0015342400526482717,0.14373462986763413,middle,oracle,0,5,1,3963718
9,51,13,0.9758102690045496,0.9942685305842203,0.0009449322325415638,0.0004543830041552476,0.09138707049112202,0.8149445491217643,0.9928467828406288,0.002077560162611198,0.0014549615952975405,0.13853035116769039,middle,oracle,0,5,1,3963719
1,51,13,0.7500327759068426,0.9705209653852185,0.001321075137692771,0.0009242702674934276,0.22182800755598212,0.7705332642041504,0.7818379488436006,0.0011954483439805424,0.0008737930373553868,0.3770194601466841,middle,oracle,0,5,2,3963721
2,51,13,0.8488002947525772,0.984085773956728,0.0009160722907086155,0.0006343842001937576,0.15382205389168047,0.7211902022028602,0.6497983859338025,0.00121656995843905,0.0007981306478929854,0.38368077656463745,middle,oracle,0,5,2,3963722
3,51,13,0.8958431503213437,0.9895769935015016,0.0007206368181849978,0.0005211131472327578,0.12100555448242567,0.8236952920497224,0.7771706174395256,0.0009832294337904798,0.0006462571419980841,0.31009004462182777,middle,oracle,0,5,2,3963723
4,51,13,0.920560631063028,0.9915028136336828,0.0006491882974464113,0.00046529065445331135,0.10900829365595723,0.7435223004843257,0.7528118908785041,0.00103480948389458,0.0006709374740379528,0.3263573160121031,middle,oracle,0,5,2,3963724
5,51,13,0.9343780639914169,0.9932131378665475,0.0005779242776953888,0.0004094720918939258,0.0970420132675393,0.7610490775047736,0.6919928447451674,0.0010979147527812956,0.0007850702537597385,0.346259400889196,middle,oracle,0,5,2,3963725
6,51,13,0.9451963367406551,0.9937072411251227,0.000559827745451751,0.0003944923932993911,0.0940033384967086,0.8531594987291189,0.8175994304935094,0.0008312013516178117,0.0005419861632580862,0.26214356014469675,middle,oracle,0,5,2,3963726
7,51,13,0.9502266561015149,0.9943111547057526,0.0005343978545804317,0.0003591532390338427,0.08973328461150505,0.7823695292049722,0.7579600273996515,0.0009571151475908126,0.000662408231228945,0.30185414372766517,middle,oracle,0,5,2,3963727
8,51,13,0.9582914232698726,0.9949229718254193,0.0005073606771818595,0.0003377192927554872,0.08519334360350335,0.8085711756597832,0.7764973229158142,0.0008931050011452259,0.0005696846791159313,0.28166667935219225,middle,oracle,0,5,2,3963728
9,51,13,0.96321637385484,0.9951766769501564,0.0004947045961727984,0.0003173659198146517,0.08306820086664864,0.8123901415040654,0.808932886167872,0.0008528985765261114,0.0006473284605192655,0.26898641208622864,middle,oracle,0,5,2,3963729
1,51,13,0.7571095306572492,0.9814875693203572,0.0011523268316245387,0.0008606427788417998,0.20682302472746703,0.7510843586792952,0.7552203506548757,0.001007808021418293,0.0008116989504833208,0.47215006746457583,middle,oracle,0,5,3,3963731
2,51,13,0.8419393421727264,0.9887834810917587,0.0007934483763911511,0.0005910790163228302,0.142410459139413,0.7006790677676752,0.7044923524430626,0.0009973068065556358,0.0007910121372867974,0.4672303315620118,middle,oracle,0,5,3,3963732
3,51,13,0.87707017321655,0.9913068642956671,0.0006612360898664282,0.00048556950476643914,0.11868060728251607,0.6447350118236195,0.6399020243830644,0.0008425885968254425,0.0005883222785939043,0.3947460770119188,middle,oracle,0,5,3,3963733
4,51,13,0.9005655985069997,0.9929793964686539,0.0005838042371036061,0.00042229350596750787,0.10478290954681257,0.6243503332110927,0.6161963479374452,0.0009076914674002159,0.0006801887838737322,0.42524625569749686,middle,oracle,0,5,3,3963734
5,51,13,0.9159136580497874,0.9934779982121382,0.0005538202625413145,0.0003841087411519826,0.09940129719332606,0.7800427420680586,0.72318182017402,0.0007432412226570915,0.0005465067880734577,0.34820261990586887,middle,oracle,0,5,3,3963735
6,51,13,0.9341438150793216,0.9942489846235004,0.0005159028392987137,0.0003422171741375697,0.09259576602830893,0.7728347601765322,0.7035405426690077,0.0007792657324213209,0.0005935570366546564,0.36507981710422255,middle,oracle,0,5,3,3963736
7,51,13,0.9376501371235237,0.9947829714709647,0.0004925651660514199,0.000335994376568177,0.08840705147386099,0.6860354835038378,0.6371018689828408,0.0007256751387678616,0.0004901157820960788,0.33997304887931923,middle,oracle,0,5,3,3963737
8,51,13,0.9477126287545501,0.9953932143782362,0.00046362978628207283,0.00030260446967500824,0.08321364401228393,0.6609719394529521,0.6451025705975344,0.0008371515057618806,0.0006455946101010428,0.3921988429575013,middle,oracle,0,5,3,3963738
9,51,13,0.9504699636813303,0.9957037569992364,0.0004467439383495976,0.00028390529157910823,0.08018292212970914,0.6069500120133031,0.6244157585151285,0.0009630170393263562,0.0007965703872279576,0.4511658474870937,middle,oracle,0,5,3,3963739
1,52,12,0.7430828003457217,0.9709080316253067,0.0012406705136317963,0.0008944409034005043,0.2208305697838689,0.25556831228473026,0.2531501929550552,0.0016677811674201547,0.0012074000590067602,0.5820712434209544,middle,oracle,0,5,4,3963741
2,52,12,0.8098984565995802,0.9840278886272091,0.000861009201293112,0.0006223168357554665,0.15325354348442286,0.5935706084959818,0.5745579484187942,0.0010669439800214963,0.0007579718883308802,0.37237343917984167,middle,oracle,0,5,4,3963742
3,52,12,0.8484501790344486,0.9895611119998082,0.0006871445700639698,0.0004987334145911348,0.12230686976425707,0.5564137355182132,0.5519137786050173,0.001125491291683744,0.0007987365275054654,0.3928069991479723,middle,oracle,0,5,4,3963743
4,52,12,0.8943574762316336,0.9920298594908643,0.0005915564528334696,0.00043952677539863514,0.1052928614835354,0.534244859617994,0.6036423963936983,0.0010047862781660262,0.0006540033728525868,0.35067981922898883,middle,oracle,0,5,4,3963744
5,52,12,0.9126700086430425,0.9938404954319595,0.0005289361475192718,0.00039156400068130414,0.09414689037304755,0.5114914935810458,0.5421257012871203,0.0011023718965908992,0.0007522467827679972,0.38473811378596223,middle,oracle,0,5,4,3963745
6,52,12,0.9230135572292876,0.9945879633023516,0.000493674238219689,0.00035887302545224654,0.08787052010653781,0.5172111470618934,0.49288667071252307,0.0010613243094053887,0.0007232845934003144,0.3704121215159698,middle,oracle,0,5,4,3963746
7,52,12,0.9329954315347574,0.9950652991692651,0.00046653632897608724,0.00034466157962582717,0.08304016434716327,0.582214800125248,0.6743787289211282,0.0009179234781392023,0.0006557774989874051,0.3203638886942596,middle,oracle,0,5,4,3963747
8,52,12,0.9449752808988764,0.9958816763044478,0.00042619482338343816,0.00031203334470231007,0.07585966189459373,0.47429287130779674,0.5203200322857097,0.0010211709959280085,0.0006843770766852453,0.35639823914349783,middle,oracle,0,5,4,3963748
9,52,12,0.9501464378318311,0.9962725920669424,0.0004077471503742179,0.00028647668489294436,0.07257610667420938,0.4961277528441709,0.48633130513237754,0.0010047600375246441,0.0006656908399461331,0.3506706609994466,middle,oracle,0,5,4,3963749
1,51,13,0.767282167452602,0.9790049008567779,0.0011943860434302286,0.0008576463280336907,0.20080519771014885,0.4054553041894814,0.7396565219576551,0.0014813376844436785,0.0012006985387855514,0.528692367416226,middle,oracle,0,6,0,4755601
2,51,13,0.8423098416824877,0.9869765578584715,0.0008519729008718818,0.0006051725523776682,0.14323726214342786,0.7369718888706229,0.8418801699442101,0.0008861931618216343,0.0006142223784537605,0.31628410296434617,middle,oracle,0,6,0,4755602
3,51,13,0.8865487513614765,0.9906542874735523,0.000712493860826881,0.0005042248255501499,0.11978746015794922,0.6379316885645999,0.8790150288138674,0.0008325756090639225,0.0005662701882599086,0.2971478916870472,middle,oracle,0,6,0,4755603
4,51,13,0.8954953386566455,0.9925982877126474,0.0006318014161601987,0.0004366095436882596,0.10622110747479772,0.7836087962670241,0.8489383005151494,0.0007700510732325463,0.0005289907627915022,0.27483276042600374,middle,oracle,0,6,0,4755604
5,51,13,0.9264177597321795,0.9942582069457052,0.0005625439761018299,0.00038767308196981006,0.09457725579022976,0.6596567988973052,0.7677588877331755,0.0009475059876653222,0.0006279324018853003,0.3381667725195003,middle,oracle,0,6,0,4755605
6,51,13,0.9291803239807803,0.9947506667267684,0.0005400053497793393,0.00037119264682365194,0.09078796727694072,0.7620607240860404,0.8308382091062332,0.0008177392502730329,0.000540929719067749,0.29185276571046226,middle,oracle,0,6,0,4755606
7,51,13,0.9383549426479276,0.9950796538990052,0.0005271583957942704,0.00035638124219815846,0.08862808341934303,0.6950644292416444,0.8125488857401539,0.0008439375368574178,0.0005858047619889306,0.30120298632660014,middle,oracle,0,6,0,4755607
8,51,13,0.9473036299069773,0.9958164007124244,0.0004937024203015011,0.0003177873698622759,0.08300332431372152,0.7120600918069272,0.8289260658886368,0.0008274536259077284,0.0006004589725513485,0.2953198457059371,middle,oracle,0,6,0,4755608
9,51,13,0.9504700460328552,0.9963324115036098,0.0004627892543002873,0.0003025499718865397,0.0778060730189118,0.670886075949367,0.7800752357078775,0.0009465784477873921,0.0006922261140459182,0.3378357316912775,middle,oracle,0,6,0,4755609
1,51,13,0.8170284176994507,0.9876427604938754,0.0015262082070078284,0.0010510709649951125,0.1477251259023723,0.8088746696341633,0.9896491603428077,0.0023036787384494934,0.0016993138487184395,0.15676631079164882,middle,oracle,0,6,1,4755611
2,51,13,0.8663381225137045,0.9906007674733509,0.0012518423362584546,0.0007767823595244829,0.12116863602526252,0.8658050809949543,0.9915439598066677,0.0016473488959403272,0.0010972058590813375,0.11210278789874885,middle,oracle,0,6,1,4755612
3,51,13,0.9018449706194464,0.9926026243414076,0.001094079300940738,0.0006555243099334448,0.1058983969136925,0.8221778221778221,0.9919084693888794,0.0018011807301373155,0.0011211496250790258,0.1225711091654571,middle,oracle,0,6,1,4755613
4,51,13,0.9263057204827841,0.9936576350730593,0.0010061628444044456,0.0005829103099866984,0.0973887652978486,0.8426383742839437,0.9916974502506922,0.001620595565191035,0.0009943960744953544,0.11028221244568975,middle,oracle,0,6,1,4755614
5,51,13,0.944331481027938,0.994014300957172,0.0009744301672991639,0.0005597510293868769,0.09431728809108698,0.8152480430961442,0.9887842420587318,0.001961428443589725,0.0011686986684308859,0.13347603372435618,middle,oracle,0,6,1,4755615
6,51,13,0.9518207757414807,0.9947890094844344,0.0009087939273143784,0.0005047559375010177,0.08796420875958459,0.8755421793396475,0.9909415006420096,0.0017257989475200778,0.0010052491707991508,0.11744134703128203,middle,oracle,0,6,1,4755616
7,51,13,0.9582747882618771,0.9945842376909586,0.0009252527573195901,0.00047966275931710746,0.08955729594360153,0.87966463915831,0.991573364441752,0.001662946128214016,0.0010368777169550768,0.11316418614030761,middle,oracle,0,6,1,4755617
8,51,13,0.9622789664488357,0.9948144478945848,0.0009046138045663386,0.00044150532217747266,0.08755960527468251,0.7060660858129212,0.9910035012839721,0.0017580308645873813,0.0012659521617977404,0.11963474259640515,middle,oracle,0,6,1,4755618
9,51,13,0.9675570403718466,0.9944451072914825,0.0009358598272294625,0.00044765744557565093,0.09058397810314985,0.7398550816272335,0.9915448086327641,0.0016870384837215095,0.00124706847755807,0.1148036811046674,middle,oracle,0,6,1,4755619
1,51,13,0.7098557728336483,0.9821067223489355,0.001155624175247129,0.0008398476336069102,0.21436549036752783,0.5260941590055513,0.5875972788889393,0.0010176212111784537,0.0007371289152250691,0.49856661627521626,middle,oracle,0,6,2,4755621
2,51,13,0.8078478285467607,0.9871209319435349,0.0008461291600396646,0.0005758156524538151,0.15695491336305684,0.4689361271639752,0.4913173261757218,0.0008865641842386843,0.0005531768883195184,0.4343574019401661,middle,oracle,0,6,2,4755622
3,51,13,0.865984875648374,0.9898790632325172,0.0007186657453313193,0.000482982191666964,0.13331075812371976,0.6696721000518469,0.7181396275837969,0.0006257308436068863,0.00041076978665644133,0.3065664374613885,middle,oracle,0,6,2,4755623
4,51,13,0.901181134978596,0.9917944837133308,0.0006479441126032877,0.0004290108956628119,0.12019206624788156,0.583682140644166,0.6009527462013321,0.0007461662013148693,0.000448885212317426,0.3655717413139186,middle,oracle,0,6,2,4755624
5,51,13,0.9172592407881172,0.9930997865160335,0.0005976417698671777,0.0003747897188181779,0.11086110329450123,0.3956676235157248,0.4337598097578865,0.0008558319471236258,0.0005645745404894717,0.4193006526303923,middle,oracle,0,6,2,4755625
6,51,13,0.914882081675254,0.9937374651977128,0.0005758903773176535,0.00037041673776089094,0.10682627256844947,0.6714930638981271,0.7053616973361326,0.0006125290647510077,0.0003931464009265819,0.3000984451075667,middle,oracle,0,6,2,4755626
7,51,13,0.9361363925716947,0.9943628084289857,0.000550873578620338,0.00033582548626245163,0.10218571689728677,0.5913959458263255,0.6226854478481917,0.0007373636883437893,0.0005280988155822238,0.3612590962368493,middle,oracle,0,6,2,4755627
8,51,13,0.9393823602704621,0.9947658385194944,0.0005327903683973587,0.0003172173660576317,0.09883132512364716,0.6574058852539865,0.7114707379271737,0.0006281024675274104,0.0004343536990259275,0.30772837522383334,middle,oracle,0,6,2,4755628
9,51,13,0.9423719264969819,0.9951250081746914,0.0005218668673377445,0.00030221310092267323,0.09680504208861662,0.6685087064833899,0.6778716142049172,0.0007146943782654821,0.0004954709107945054,0.3501526441553849,middle,oracle,0,6,2,4755629
1,51,13,0.798017609391236,0.9752544874316358,0.0011899121294393015,0.0008616106587241344,0.2119725658790628,0.7105932042640903,0.7339406914646714,0.001179496525079942,0.0008864530260360307,0.46087861705640276,middle,oracle,0,6,3,4755631
2,51,13,0.8837496230358954,0.9866444890763634,0.000817431554044184,0.0005887658512389954,0.14561836933530836,0.7461019992665563,0.7337155356927718,0.000986434290584703,0.0006940019603415503,0.3854411284771515,middle,oracle,0,6,3,4755632
3,51,13,0.9119994900793587,0.9905569617941692,0.0006675868077545644,0.0004811572786859644,0.11892482233409,0.7786264368542849,0.7925651212075491,0.0008687473084406189,0.0005769653131148958,0.3394559030671564,middle,oracle,0,6,3,4755633
4,51,13,0.9235195625223482,0.9926888974010499,0.0005923185475946257,0.00042632126215840876,0.10551643204994934,0.8308526916121852,0.8020325930260989,0.0007671873907606296,0.0005281998605723993,0.2997721961520019,middle,oracle,0,6,3,4755634
5,51,13,0.9410764546614503,0.9936888044923224,0.0005420523631352691,0.00038848548392955874,0.09656194555200867,0.8083941375080615,0.7780248847233833,0.0007736205816551566,0.0004958210527270464,0.30228591286051737,middle,oracle,0,6,3,4755635
6,51,13,0.9506375490341564,0.9945654330530593,0.0005038738708587196,0.0003503818327185218,0.08976077698751339,0.8406150811214103,0.8360820759966385,0.0006905384630949283,0.0004554503274096294,0.26982225477423444,middle,oracle,0,6,3,4755636
7,51,13,0.955888282250957,0.9954089514977431,0.00046515968322648665,0.0003211765503168715,0.08286417892342374,0.8158550310449044,0.7705380139158152,0.0008467452536478994,0.0006078986955348958,0.3308587801679766,middle,oracle,0,6,3,4755637
8,51,13,0.9618018217145488,0.9954924907221451,0.00045782369506408024,0.00031482545364427836,0.08155733600992518,0.8468114164316696,0.8693831795530165,0.0006640377471336816,0.000501499104966151,0.25946731682950747,middle,oracle,0,6,3,4755638
9,51,13,0.9644643288606023,0.9959733279858876,0.00043313824203192734,0.00029582098514494394,0.07715983581671494,0.8618090769989503,0.8555623525959245,0.0007400236901078065,0.0005350631589416575,0.28915820236328876,middle,oracle,0,6,3,4755639
1,52,12,0.7464592665761206,0.9663602655631781,0.0013537129552593052,0.0009491328848263569,0.23006313922053925,0.7129318442751279,0.7652541680477756,0.0013344484089311943,0.0010049749006516943,0.3984321655287581,middle,oracle,0,6,4,4755641
2,52,12,0.847958661563156,0.982011459308928,0.0009447626991556802,0.0006613896328142276,0.16056215724447365,0.7049159795428452,0.6952490314982118,0.0011331497483549006,0.0008004971533950558,0.3383295338236559,middle,oracle,0,6,4,4755642
3,52,12,0.8859124830225954,0.9874669152140868,0.0007787299143359536,0.0005519308883866043,0.13234493176786755,0.5344536060953973,0.48726006553592044,0.0014673428517506465,0.0009899029714565673,0.4381110472936224,middle,oracle,0,6,4,4755643
4,52,12,0.9105011482899124,0.9895192078215737,0.0006979498147737681,0.0004812120269537641,0.11861637637536619,0.7729673311762866,0.7488380957319832,0.0009726353134225202,0.0006806438568832982,0.2904040288129704,middle,oracle,0,6,4,4755644
5,52,12,0.9276739350537104,0.9910259554461356,0.0006440664847258136,0.00043227772466860676,0.10945891946079138,0.7685419058553388,0.7508823666739467,0.0011114648369159278,0.0008071313050980796,0.3318549738735644,middle,oracle,0,6,4,4755645
6,52,12,0.9338602790467959,0.9917656748345802,0.0006156389786073302,0.0004138800957185307,0.10462767272386654,0.7862853564346103,0.7169022164999732,0.0009802582436212466,0.0006809105796525861,0.2926800408089574,middle,oracle,0,6,4,4755646
7,52,12,0.9488939869119646,0.9928718735253075,0.0005723256563285467,0.0003824500931912238,0.09726658568188054,0.785742615593362,0.7596788901526433,0.0009472043014835266,0.000683954637123535,0.2828109790625073,middle,oracle,0,6,4,4755647
8,52,12,0.9507459686381036,0.9932150687754806,0.0005583779337034708,0.00035292099754396746,0.09489617411151359,0.700448804926417,0.6512292079073156,0.0011076893374645704,0.0007504225780195215,0.33072770629822085,middle,oracle,0,6,4,4755648
9,52,12,0.954927176194592,0.9934910470574498,0.0005471562702782009,0.00034304407825448604,0.09298905554190563,0.6617472080158648,0.6670696739431393,0.0011036821935455736,0.0007795088923420199,0.3295312756092966,middle,oracle,0,6,4,4755649
1,51,13,0.7374211340035539,0.9734469213162654,0.0012318163115378035,0.0008714429787361443,0.21253704768721635,0.19447640966628307,0.15721607617960082,0.0016382857751399134,0.0011848384729565833,0.5832544518015018,middle,oracle,0,7,0,5547501
2,51,13,0.7993737743004938,0.9845051127026434,0.0008862176566187372,0.0006323514700775353,0.1529076069068186,0.6058624919384413,0.6421766582478993,0.0009457630757221017,0.0006652883807165478,0.3367059231270485,middle,oracle,0,7,0,5547502
3,51,13,0.8472377157465831,0.9896326159674957,0.000706025025588108,0.0005195710450030851,0.12181724915174799,0.5882851325889299,0.5747746989100004,0.0009541719864643215,0.0006632056434892155,0.3396996222115579,middle,oracle,0,7,0,5547503
4,51,13,0.8823382002535438,0.9922077324260022,0.0006054606380398316,0.00045088779240010383,0.10446591370360739,0.5761706647782597,0.5648567546745706,0.0010515287134518015,0.0007040852416501303,0.3743600857826474,middle,oracle,0,7,0,5547504
5,51,13,0.9099583251873951,0.9942496258517858,0.0005162855636200791,0.0003832057557973887,0.08907968536181751,0.3244477041945396,0.3684237097210474,0.001293951132822886,0.001002026326615174,0.46066612436288246,middle,oracle,0,7,0,5547505
6,51,13,0.9138738931337438,0.994437209970295,0.0005080503550329759,0.00037920190546514147,0.087658786073671,0.6246538271854727,0.6587447899933071,0.0008035480178131162,0.0005785943699511882,0.28607521699670907,middle,oracle,0,7,0,5547506
7,51,13,0.9390364015150703,0.9955316222994475,0.00045497981085600983,0.0003246619833968034,0.07850201759051538,0.13633202240797176,0.15784518608070996,0.0013210130749439976,0.000981968531824442,0.47030058402556557,middle,oracle,0,7,0,5547507
8,51,13,0.9453066466080313,0.9958777949170738,0.0004370097177983344,0.0003171853231212747,0.07540146559313614,0.36708860759493667,0.3956138178320948,0.0012377539056189985,0.0009913935676447206,0.44065906366386093,middle,oracle,0,7,0,5547508
9,51,13,0.9423634442899346,0.9963875292426151,0.00040837950860644776,0.0002875532421714214,0.0704616218199079,0.35980475220981545,0.4049607728722707,0.0012345924151856379,0.0009969882023674842,0.43953352537404217,middle,oracle,0,7,0,5547509
1,51,13,0.7758393555630841,0.975551953261354,0.0012547967649298622,0.0009016613303072932,0.21626776205445888,0.6794344895610718,0.6226982567278404,0.001437817258721594,0.0010233972857445364,0.4616006418957192,middle,oracle,0,7,1,5547511
2,51,13,0.8543283879046691,0.9850538015710433,0.0008818652782698668,0.0006320506312522758,0.15199196833729256,0.6714171904045322,0.5960241079073315,0.0013239584440180234,0.0008011420457874537,0.4250471079651388,middle,oracle,0,7,1,5547512
3,51,13,0.8940729631215049,0.9893521087160004,0.0007161699648705535,0.0005159141010343567,0.12343391366794958,0.6110977629964971,0.5634440167202425,0.0013460975827512115,0.0008046033460345339,0.43215471540848277,middle,oracle,0,7,1,5547513
4,51,13,0.9256990368000965,0.9923126906272416,0.0006033333435021137,0.00043182797453072486,0.10398620367763668,0.6211130641510388,0.5705042257449611,0.0013090066666361275,0.0008693734832545155,0.4202469499512465,middle,oracle,0,7,1,5547514
5,51,13,0.9346243362261226,0.9927955931609378,0.0005806223527122744,0.0004086039148105268,0.1000719003502508,0.8557391975113493,0.7858719602287567,0.0009540575761301269,0.0006418015623761712,0.3062931585191206,middle,oracle,0,7,1,5547515
6,51,13,0.949132410216662,0.9936336697432933,0.0005432126282440509,0.00037371418546555907,0.09362422881017567,0.8506303822759518,0.8183652375399838,0.0008505935288748897,0.000588018852798964,0.2730767881240326,middle,oracle,0,7,1,5547516
7,51,13,0.9546005514587502,0.9945879558059392,0.000499351492954008,0.00034181670070333503,0.08606463841636744,0.8152227519316126,0.7209275899037129,0.0010684440243193837,0.0007414812390772748,0.3430160852944461,middle,oracle,0,7,1,5547517
8,51,13,0.9589996463825526,0.9952032370268415,0.0004700828534979384,0.0003093402157433545,0.08102010584308111,0.7395768788173851,0.6500550499478555,0.0012350737227653694,0.0008498012389741728,0.3965113228115877,middle,oracle,0,7,1,5547518
9,51,13,0.9640268775612353,0.9952630364038618,0.0004664857682049371,0.00030963521985449154,0.08040013804592164,0.8201292378507569,0.7515221886174669,0.0009798729421441404,0.0006954296615360032,0.31458099165685655,middle,oracle,0,7,1,5547519
1,51,13,0.893949518185934,0.988392441192927,0.0014714272223024043,0.0009839985726999706,0.14312071223940825,0.9192706028149065,0.9930550035984068,0.0015449234981536406,0.0010470545751758342,0.10662662643935493,middle,oracle,0,7,2,5547521
2,51,13,0.926395813050839,0.9914752537949402,0.0012028012938470152,0.0006940960131845242,0.1169923834822784,0.9571314761188179,0.9954755995569242,0.0012411856391980002,0.0008460876980076609,0.08566342453255621,middle,oracle,0,7,2,5547522
3,51,13,0.9487412816499555,0.993401667591784,0.0010429526496788092,0.0006068728777876889,0.10144445052501007,0.9276419782748895,0.9961306638690014,0.0011457324735844668,0.0007167808480736855,0.07907549377450133,middle,oracle,0,7,2,5547523
4,51,13,0.9563684328158968,0.9932975492434609,0.001043981505714528,0.0005523788683719686,0.10154452384592733,0.9542229921976756,0.9939165990281836,0.001414446730811249,0.0007339118347779012,0.09762145722090586,middle,oracle,0,7,2,5547524
5,51,13,0.9662964444070384,0.9940576148044674,0.000981521819755207,0.0005126291576299719,0.09546928301494682,0.955588715082386,0.9955161145889854,0.001227494679266824,0.0006764394109580465,0.08471850986725249,middle,oracle,0,7,2,5547525
6,51,13,0.971098691220158,0.9945371547320403,0.0009394760105217723,0.00047062833019674685,0.09137963041578163,0.9348499601664157,0.9967300290140529,0.0010314016721029492,0.0006652697937044429,0.07118467738478941,middle,oracle,0,7,2,5547526
7,51,13,0.9755266503533785,0.9945710000850543,0.0009356911227291169,0.0004458007393910011,0.09101148727664392,0.9427408035002971,0.9944418398306571,0.0013419341509980666,0.0009556594580027383,0.0926168263967036,middle,oracle,0,7,2,5547527
8,51,13,0.9768793153228352,0.9946735253609545,0.0009266159274728923,0.00043510258644278993,0.09012877395647699,0.9290582834886632,0.9947947047700728,0.001299745187447976,0.0007359882545342098,0.08970505318482917,middle,oracle,0,7,2,5547528
9,51,13,0.9809266457087524,0.9947549691002218,0.0009192442478675127,0.00041028855984464463,0.08941175579918628,0.9564991970055261,0.9953894664199143,0.0012333099600768571,0.0007269970422882972,0.08511986551710336,middle,oracle,0,7,2,5547529
1,51,13,0.6655953282309426,0.9669233618101349,0.0013808857228928494,0.0009669039370511192,0.2349254196922222,0.5857560161357629,0.5943831115159347,0.0015909816037361685,0.0012482962908744405,0.45840593295506105,middle,oracle,0,7,3,5547531
2,51,13,0.7842784927628655,0.9803517285440926,0.000978612002636723,0.0006767322898315768,0.16648795162691207,0.5215923317189141,0.5274945400465496,0.001483202358699823,0.001173793202073096,0.4273517427255484,middle,oracle,0,7,3,5547532
3,51,13,0.8581268931586141,0.9844151590875261,0.0008403437629157297,0.000573759456324398,0.1429648434449328,0.5553307452041629,0.6097782161933476,0.0012436173350712798,0.0009409167298424567,0.35832065146679914,middle,oracle,0,7,3,5547533
4,51,13,0.8657835261704087,0.9879308167060484,0.0007401619348795857,0.0005195892648582953,0.125921247724629,0.6841133549994309,0.7173270679875495,0.0011360148166747177,0.0009036974721987304,0.32731738108450387,middle,oracle,0,7,3,5547534
5,51,13,0.893698798968893,0.9894613300706692,0.0006918331300639857,0.00045994884009257516,0.11769923154595256,0.5531051227253757,0.6017823375482237,0.0011646656270845063,0.0008979982996375807,0.3355724743206389,middle,oracle,0,7,3,5547535
6,51,13,0.9125727802187684,0.9905649632712574,0.000650455809227579,0.00042513915554747,0.1106598478358591,0.6015377028035256,0.6670677824432932,0.0011626849550995873,0.0009440236070230223,0.335001787779077,middle,oracle,0,7,3,5547536
7,51,13,0.9276453739113334,0.9913931222431482,0.0006220750674903248,0.0003741989202152773,0.10583152819052782,0.5438485565067842,0.6197584905663537,0.0012150874886168992,0.0009462907350836505,0.350100411301688,middle,oracle,0,7,3,5547537
8,51,13,0.9307702025172225,0.9919044889103723,0.0006026874908468015,0.0003738363583122454,0.10253318531950935,0.6900314874998419,0.7068565616542833,0.0010999932765880717,0.0008975944467398497,0.31693857616864557,middle,oracle,0,7,3,5547538
9,51,13,0.9400791776969669,0.99220672087745,0.000591363497193219,0.00035708982577223,0.10060667256211273,0.6070764678359615,0.6130616494014791,0.001308080620193482,0.0011562000458324624,0.37689431208512236,middle,oracle,0,7,3,5547539
1,52,12,0.7587478948018275,0.9835448083732055,0.0010664612835396751,0.000817610903298343,0.195025257943666,0.5827575409664962,0.6485025429803734,0.0008537473765445855,0.0006381429677883826,0.46553453844301007,middle,oracle,0,7,4,5547541
2,52,12,0.8500341770588961,0.9884855286555712,0.0007735168918673939,0.0005490086032981747,0.1414541096696166,0.610186828097276,0.5904484146545222,0.0007008020044873733,0.0004669184893836563,0.3821359182612116,middle,oracle,0,7,4,5547542
3,52,12,0.890740338313372,0.9915239512543812,0.0006282800038901405,0.00045015573423819107,0.11489443799856772,0.47521135580837076,0.5232139181762329,0.0007615044077694132,0.0005149633999345851,0.41523595003953484,middle,oracle,0,7,4,5547543
4,52,12,0.9114428447956537,0.9931209353661437,0.0005626341033488345,0.0004003236588900655,0.10288968087928484,0.6617472080158648,0.7037019320946796,0.0005562229499597141,0.00039076254275643784,0.3032993147562336,middle,oracle,0,7,4,5547544
5,52,12,0.9232185701938511,0.9939072165144762,0.000526678729960591,0.00036338877516886624,0.09631447174817706,0.724371151236823,0.7639808522787609,0.0005330287186613958,0.0003859369079893713,0.2906518782209611,middle,oracle,0,7,4,5547545
6,52,12,0.9354261019878998,0.9945673747845698,0.0004928818174999569,0.00032770618786909743,0.0901339833684604,0.5922763803360819,0.6338745289233547,0.0006393875756490845,0.00047529060402952953,0.34864763054466275,middle,oracle,0,7,4,5547546
7,52,12,0.938075713050994,0.9950990348152401,0.000469804029979129,0.00030673994868002553,0.08591371627251838,0.6788226698674461,0.7318537925419379,0.0006036236990977534,0.00046669909171718474,0.32914617118950507,middle,oracle,0,7,4,5547547
8,52,12,0.9424164958636869,0.9953571678705467,0.0004569292252885085,0.00029594574173878344,0.08355928283502063,0.6741049994781338,0.714760413464167,0.0006047639353555468,0.00043847234487851585,0.3297679234485121,middle,oracle,0,7,4,5547548
9,52,12,0.9511415236448945,0.9956872028727691,0.0004402418531888826,0.00026988167044599736,0.08050763989367574,0.7632397453292976,0.7686925715932424,0.0005511246367032763,0.0004162290401326884,0.3005192875797171,middle,oracle,0,7,4,5547549
1,51,13,0.810206623269609,0.989258953421126,0.0014255981775479478,0.000963995133806161,0.13752895890194367,0.5810518595328722,0.9907028376409059,0.0020159806087051272,0.0012728029932102909,0.14281266626475572,middle,oracle,0,8,0,6339401
2,51,13,0.8717024596588703,0.992407988509953,0.0011510604784074085,0.0007124884038459681,0.11104401767742844,0.8489864565813933,0.991842305376758,0.0015823052589157922,0.0008735368985215946,0.11209097542642163,middle,oracle,0,8,0,6339402
3,51,13,0.9057060630321865,0.9938749134717685,0.0010132532638600718,0.0005982142066161182,0.09774961042834612,0.813199458769079,0.9898453926862517,0.001721785748799313,0.0009305141008074414,0.12197181483835144,middle,oracle,0,8,0,6339403
4,51,13,0.9223462591737539,0.9944706764869701,0.0009535392579884665,0.0005603561689315164,0.09198893733776185,0.7760467380720545,0.987537429193364,0.001916488940079845,0.0012050116828579676,0.13576464685119977,middle,oracle,0,8,0,6339404
5,51,13,0.9394958818473026,0.9946118735643474,0.0009378828865209451,0.0005055788449292098,0.09047855067900933,0.6219223814160523,0.9899696492378373,0.001769592793160371,0.0011015472151109963,0.1253584800879867,middle,oracle,0,8,0,6339405
6,51,13,0.9479930356962565,0.995169038628924,0.0008871404967321726,0.00048476860190806474,0.0855833788488589,0.8564220589537045,0.9908162370985135,0.0016575921742225934,0.0009413718913921814,0.11742432291170282,middle,oracle,0,8,0,6339406
7,51,13,0.9587452213468984,0.9955581874902132,0.0008499455241344884,0.0004456371562120211,0.08199514063537831,0.8052580331061343,0.9904613271214947,0.0016654137267758944,0.0009195339186316869,0.11797840402222713,middle,oracle,0,8,0,6339407
8,51,13,0.9627721697304452,0.9955893824525675,0.0008464454551152415,0.0004226205043890661,0.08165748528769128,0.7868966476561413,0.9894592098480353,0.0017759110106519431,0.0011029651983442833,0.12580606449535436,middle,oracle,0,8,0,6339408
9,51,13,0.9679843624336719,0.9957619603552308,0.0008294629464741876,0.00040524165297492574,0.0800191647779354,0.7147662464118159,0.9899489244044753,0.0018461012757321745,0.0010014829481021924,0.13077836376185195,middle,oracle,0,8,0,6339409
1,51,13,0.7526538190601945,0.9774187905364162,0.0012376029661747094,0.0009009396414816341,0.21430490546658704,0.7450650615207577,0.8001762895499164,0.0011204604704881758,0.0008135512139177253,0.3910127550305187,middle,oracle,0,8,1,6339411
2,51,13,0.8344062776237894,0.9863810275978382,0.0008520077768741198,0.0006134567426760482,0.14753475150772183,0.7476447603029881,0.7785471835632866,0.0010431992044134882,0.0007799124897626835,0.3640505004033231,middle,oracle,0,8,1,6339412
3,51,13,0.8786049174071853,0.9893661391095265,0.000709276218523619,0.0005197797063863103,0.12281917312320406,0.7706091376977453,0.8368912618885932,0.0008823510527084494,0.0006124652029111809,0.3079185077125397,middle,oracle,0,8,1,6339413
4,51,13,0.9051039498591211,0.9910233429627933,0.000647724577350241,0.0004619196142536272,0.11216081256372237,0.8139329025404974,0.8350308153447621,0.0008338234593372948,0.0006255799986162764,0.2909835881157879,middle,oracle,0,8,1,6339414
5,51,13,0.9215567139304025,0.9930034353108613,0.0005680335563757278,0.00039798653493747953,0.09836141390094642,0.8061179327002111,0.8722958186438338,0.0008181181597151694,0.0006273096498955018,0.285502830306321,middle,oracle,0,8,1,6339415
6,51,13,0.928657021216882,0.993712147893943,0.0005392766589218704,0.000373850710425332,0.0933818329215879,0.7612766979855586,0.8110041368894119,0.0008633711598323768,0.0006645228745742514,0.3012949985400797,middle,oracle,0,8,1,6339416
7,51,13,0.941572046137277,0.9941978877433857,0.0005171101752497565,0.0003585809902885723,0.08954345638427086,0.7089492785695316,0.7797480869232866,0.0009203738924276862,0.0007203030384700883,0.32118753031913366,middle,oracle,0,8,1,6339417
8,51,13,0.9487323876852846,0.9947483388283672,0.0004907691636001883,0.0003264471225738184,0.08498221326693808,0.7847974810000126,0.8541842632121159,0.0007900497653786695,0.0006079227043626328,0.2757076608310284,middle,oracle,0,8,1,6339418
9,51,13,0.9500402946010504,0.9949699430932812,0.0004801104749590522,0.00031544217144795895,0.08313654117009699,0.7852780131261142,0.8291806784979767,0.0008726896173944834,0.0006508371489653974,0.3045469077862905,middle,oracle,0,8,1,6339419
1,51,13,0.745420884643137,0.9730251498053238,0.0012616774701215267,0.0008976376447826598,0.21572187499111312,0.4222486374385108,0.41236534295300453,0.0015889048476709004,0.0010853087130705031,0.5310411913329751,middle,oracle,0,8,2,6339421
2,51,13,0.8403129819108287,0.9835487653686479,0.0009153652367388237,0.0006429892107040463,0.15650933764551025,0.5384362472970068,0.537415594915295,0.0013097441249843803,0.0008653420038087808,0.4377405490911628,middle,oracle,0,8,2,6339422
3,51,13,0.874013243442801,0.9889916638156289,0.0007226684365408564,0.0005124324402547256,0.12356199886209723,0.5139544000303493,0.4796768136592867,0.0011720687864629703,0.0008449310571222748,0.3917269215962561,middle,oracle,0,8,2,6339423
4,51,13,0.9026657270906704,0.991031988516521,0.0006496320633828925,0.0004662298927985358,0.11107422466203246,0.46908787415116526,0.393271343358453,0.001239088183966371,0.0007128657300543585,0.41412603551726523,middle,oracle,0,8,2,6339424
5,51,13,0.9193836218958209,0.992688053041838,0.0005848353296205869,0.00042000741409065805,0.09999526571132843,0.5945573413927844,0.5706002910778074,0.0011169488407605829,0.0007680713203528207,0.3733048230829867,middle,oracle,0,8,2,6339425
6,51,13,0.931452320196563,0.9934049616929963,0.0005546332189781846,0.0004001265051996509,0.09483130258227253,0.5696455443290885,0.5427589308720859,0.0011542512457627277,0.0008112268255391553,0.3857719721517061,middle,oracle,0,8,2,6339426
7,51,13,0.9457538977388412,0.9939011786115388,0.0005344421938049242,0.00036066568074888644,0.09137903691888637,0.5429127834191124,0.4835020275690365,0.0011312591997152462,0.000786191347254043,0.37808760795448254,middle,oracle,0,8,2,6339427
8,51,13,0.9514548055655795,0.9947391216010142,0.0004962055830903583,0.00033219684625344415,0.08484133330446188,0.37811555533074515,0.32641973955046905,0.001291276860538803,0.0008544139185132844,0.43156845003424577,middle,oracle,0,8,2,6339428
9,51,13,0.9547794189704643,0.9951369049065164,0.000477518258915882,0.00031726194584968525,0.08164617074909303,0.3452876237686364,0.3638291360041332,0.001386552031587937,0.0009869175374218426,0.4634111625872032,middle,oracle,0,8,2,6339429
1,51,13,0.7952812741032618,0.9781057735681157,0.0012073832899967942,0.0008862844673447915,0.20858094075963468,0.8008826616421554,0.8849684812711437,0.0010397237894045844,0.0008361585147351211,0.3712922303470382,middle,oracle,0,8,3,6339431
2,51,13,0.8605856214567226,0.9874244299287327,0.0008206809484450531,0.0006016682122987708,0.14177635694347976,0.8666143982599679,0.8627782325772979,0.0008111722688233015,0.0005470486495600046,0.28967497325375985,middle,oracle,0,8,3,6339432
3,51,13,0.9023630852372869,0.9912295176417989,0.0006614698583604322,0.00046819378058914285,0.11427191885463943,0.7821419087241872,0.7806948971453821,0.000936368612338473,0.0006644715035640269,0.33438341417696127,middle,oracle,0,8,3,6339433
4,51,13,0.9271474765928144,0.9934071872219469,0.0005636174611948088,0.00041371348610014697,0.09736747332728304,0.7049532745735276,0.8095464178962689,0.0009239661181226416,0.0006492996795179325,0.3299544016005544,middle,oracle,0,8,3,6339434
5,51,13,0.9372177916186899,0.9946110902898815,0.0005052118610319838,0.0003720588876279484,0.08727764093642276,0.7961279227102012,0.808794472683686,0.0008789057066559275,0.0005681664671438325,0.3138630311382006,middle,oracle,0,8,3,6339435
6,51,13,0.9443788743304202,0.9953978038855112,0.00046468850807944,0.00034658936606689225,0.08027704787570653,0.7686111356997432,0.8845598359491658,0.0007841228408940028,0.0005658739923201742,0.28001544393662053,middle,oracle,0,8,3,6339436
7,51,13,0.9507282180628844,0.9958721488635095,0.00043982684746644607,0.0003185009116564064,0.07598208321745056,0.8569784645734012,0.8446259360077645,0.000727977010586926,0.000528565201326722,0.25996539721090406,middle,oracle,0,8,3,6339437
8,51,13,0.9603536701521673,0.9962704036446154,0.0004178930145233009,0.0003012101793551414,0.0721929140715383,0.7678018184347297,0.8903728146328748,0.000739268871811386,0.0005734746953939112,0.263997795412738,middle,oracle,0,8,3,6339438
9,51,13,0.9651837517806459,0.9966720179809563,0.0003940273786701997,0.00028407521506607444,0.06807001720911782,0.7729612159991905,0.879440869038304,0.0008025754903088576,0.0006393576683681695,0.2866050068829266,middle,oracle,0,8,3,6339439
1,52,12,0.7522421533522657,0.972999203619139,0.0012349910428694222,0.000899869212351683,0.218490266710331,0.7140590752531053,0.7184167414393418,0.0010827590252989842,0.000788620120511167,0.4183991981326095,middle,oracle,0,8,4,6339441
2,52,12,0.8469472280528461,0.9846616006759673,0.0008761860891758382,0.0005974108613240819,0.15501175771049855,0.6303099885189438,0.6083079673527793,0.0009397474904366025,0.000603897670110056,0.3631367527388973,middle,oracle,0,8,4,6339442
3,52,12,0.8800493394246203,0.988988523331791,0.0007171981219027715,0.0004973665599976609,0.12688416636172584,0.5172946456528547,0.47063742771314665,0.0011609865781827848,0.0008253043165723888,0.4486278497842738,middle,oracle,0,8,4,6339443
4,52,12,0.9169359674033832,0.9907437836206977,0.0006456262475090519,0.00042897986098535095,0.1142219223596084,0.7369376891764953,0.7443668353335452,0.0007584283144249521,0.0005345560969866203,0.2930714879137977,middle,oracle,0,8,4,6339444
5,52,12,0.9231840968020742,0.9921840194169038,0.0005937620242056654,0.0004037882296750632,0.10504628659471062,0.7599415509863272,0.6926261645905151,0.000825995471232987,0.0005413434062567572,0.3191807546740317,middle,oracle,0,8,4,6339445
6,52,12,0.9339652302753427,0.9928417180688105,0.0005679444036742876,0.000373423161943373,0.10047872407812704,0.7392756497234111,0.7514645527415847,0.0007659325020253429,0.0005489413177542082,0.29597125231315075,middle,oracle,0,8,4,6339446
7,52,12,0.9459837510803804,0.9937670353239554,0.0005270582035772701,0.0003393240464463395,0.09324528152358548,0.772341091744077,0.7798226928007401,0.0007270451741815116,0.00053165579200601,0.28094443064072355,middle,oracle,0,8,4,6339447
8,52,12,0.9476252376836647,0.9942098362538604,0.0005082083551873775,0.0003242261006742554,0.08991043271967201,0.7196117315520303,0.6611848254416809,0.0008905346578236279,0.0006252514436012615,0.3441199547053578,middle,oracle,0,8,4,6339448
9,52,12,0.952390665514261,0.9943966519452238,0.0004984009473246511,0.0003048233650749772,0.08817534065399567,0.7414466130884042,0.72974089130258,0.0008466063503656153,0.000590082575846437,0.3271452002250799,middle,oracle,0,8,4,6339449
1,51,13,0.7689297744078801,0.9866553771238579,0.0010716182116101963,0.0008454137465522011,0.19240137888491052,0.5112482454254605,0.48950135753713186,0.0010417976947647352,0.0008430934816765942,0.5372201782699242,middle,oracle,0,9,0,7131301
2,51,13,0.8446957300569723,0.989844945640689,0.0007622672671219156,0.0005673366307526114,0.13685963124191228,0.582367000088519,0.601724010753363,0.0007511472088942243,0.0005652866567315244,0.38734145746045157,middle,oracle,0,9,0,7131302
3,51,13,0.8857250302353622,0.9921965270852529,0.0006309530060400223,0.0004564557906857967,0.11328309565705452,0.45173813528243906,0.5047052438450528,0.0007797174525646062,0.0005860181509155334,0.4020741752183689,middle,oracle,0,9,0,7131303
4,51,13,0.8949992942474331,0.993532642441791,0.0005556748260499872,0.00040791002095675363,0.09976743730680461,0.6876794091983965,0.682980032197027,0.0005759447477854219,0.00041164745698123726,0.2969954163210003,middle,oracle,0,9,0,7131304
5,51,13,0.9292096822993466,0.9947075433840302,0.0004951675525528333,0.0003676580543182932,0.08890378948215052,0.4954918499222296,0.45089533142278204,0.0006940792837439199,0.0004776449986819369,0.35791343983591206,middle,oracle,0,9,0,7131305
6,51,13,0.9307567380429291,0.9953776014537634,0.0004603805354651647,0.0003304248572426218,0.08265802958142666,0.6118564979324473,0.5996604677422116,0.0007317114679507669,0.0005426941902254698,0.37731909681699655,middle,oracle,0,9,0,7131306
7,51,13,0.9344350924222926,0.9958676044025256,0.0004352875726701627,0.0003082394465842867,0.07815276773559467,0.5245766891336512,0.518894102404159,0.0006944305312790259,0.0005035548245485315,0.3580945664254359,middle,oracle,0,9,0,7131307
8,51,13,0.9472057551198353,0.9963377109477619,0.00040708984253896667,0.00027550880325470314,0.07309006713953559,0.4010799327255023,0.45487424769823,0.0008364885087226926,0.0006819746928166403,0.4313491074466519,middle,oracle,0,9,0,7131308
9,51,13,0.9561741655690579,0.9965830927865535,0.000393945975484376,0.0002602884722187373,0.07073017989817999,0.47675109700426155,0.4658987040320585,0.000732221309633709,0.0005462541614481167,0.37758200509676715,middle,oracle,0,9,0,7131309
1,51,13,0.7564472185196062,0.9878420744506152,0.0014997912463544044,0.0010011694714829658,0.1456811439275386,0.4556076834557847,0.9866716056761644,0.00224395299420096,0.0014649858553805006,0.15619688202360413,middle,oracle,0,9,1,7131311
2,51,13,0.8256882569855092,0.9917995358514153,0.0011730441264209653,0.0007471126032682188,0.11394279745923028,0.6494897507555735,0.9881024833926886,0.0019228215293713262,0.0011323569865534168,0.13384359135499874,middle,oracle,0,9,1,7131312
3,51,13,0.8762537402003744,0.9936404579600373,0.0010201394540110362,0.0006198167155700487,0.0990905120877231,0.7403861960823986,0.9890952276755594,0.001816114539148652,0.0010236170782741525,0.12641594059494352,middle,oracle,0,9,1,7131313
4,51,13,0.9085849488094685,0.9946180312500574,0.0009322984228353027,0.0005586787632599711,0.09055813670777538,0.6714171904045322,0.9894225769383789,0.0017919138367805169,0.0010375269271424394,0.12473138023986799,middle,oracle,0,9,1,7131314
5,51,13,0.9199161068547266,0.9949558424790624,0.0009000696400698724,0.0005146838495225742,0.08742761707574483,0.5986798012114467,0.9894074001736455,0.0017930549474462112,0.0009987938366683377,0.12481081057039896,middle,oracle,0,9,1,7131315
6,51,13,0.9331991607391411,0.9950244203211687,0.0008927831487354161,0.000488732348196745,0.0867198489810837,0.7612008244919637,0.9908639533157866,0.0016513554569080747,0.0009323816773623003,0.1149474049359724,middle,oracle,0,9,1,7131316
7,51,13,0.9413616791673536,0.9954021594008247,0.0008575325494194649,0.0004661029032764539,0.08329580737198528,0.46762098660832835,0.9885165870279141,0.0018923553956550002,0.0011491054942359001,0.13172290740747297,middle,oracle,0,9,1,7131317
8,51,13,0.9472680952240562,0.9953637565976517,0.0008605925489013994,0.0004397306088063353,0.08359303822063135,0.3140277444074912,0.9874769467308963,0.002056706048201214,0.001509552573486641,0.14316301312831695,middle,oracle,0,9,1,7131318
9,51,13,0.9549859565944877,0.9957409500532765,0.000824837073144759,0.0004124836217519588,0.08011995580161992,0.4554559364685947,0.9887518203594186,0.0019367020719558356,0.0012873548143259093,0.13480978693846205,middle,oracle,0,9,1,7131319
1,51,13,0.7629292305584108,0.9765637729655574,0.001183006748283928,0.0008489432735656446,0.2104412640392869,0.7435981739779208,0.7448707204502092,0.0009651418135035925,0.0006842989791752088,0.4050925956464989,middle,oracle,0,9,2,7131321
2,51,13,0.8591530343325152,0.9859345186464508,0.0008446119317318484,0.0005933905700338114,0.15024529893354016,0.7076088468493531,0.6596797627511474,0.0008549664356531789,0.0005498312855950189,0.35884941234917545,middle,oracle,0,9,2,7131322
3,51,13,0.8928496723973994,0.9902099931835614,0.0006839688483329852,0.0004810408301533102,0.12166901770888586,0.8265026113127377,0.8692402629627899,0.0006512684969680641,0.00047682794757776943,0.27335262259736826,middle,oracle,0,9,2,7131323
4,51,13,0.9203766577567807,0.9922350090736376,0.0006017283479858263,0.00042341614532848923,0.10703951971710787,0.8218743282034421,0.8589025259570594,0.000638145259613334,0.00042833004255589125,0.26784449290188395,middle,oracle,0,9,2,7131324
5,51,13,0.9328810779748704,0.9933472074737796,0.0005542469690918084,0.00038240262289667554,0.09859321000054884,0.8278683341974481,0.8225759879227267,0.0006299893278882788,0.0004396312966263442,0.2644212575739847,middle,oracle,0,9,2,7131325
6,51,13,0.9417609605350081,0.994088904815749,0.000518032524591048,0.00035440833786340713,0.09215113899099993,0.7472148105059496,0.7329872789381209,0.0006977011184106089,0.0005166156127974453,0.29284147996492,middle,oracle,0,9,2,7131326
7,51,13,0.9524114420526083,0.994585241392001,0.0004952348048702926,0.00032906502769380094,0.08809572598324784,0.8152733342606759,0.8171403828618329,0.0006292977183896205,0.0004477701800914777,0.2641309728893245,middle,oracle,0,9,2,7131327
8,51,13,0.9537270488359364,0.9952286822832072,0.0004654458794837768,0.00030841346935007774,0.08279666989434221,0.7182058447881232,0.725220352063098,0.0007728054690640797,0.0005696317555439827,0.32436453276906224,middle,oracle,0,9,2,7131328
9,51,13,0.9592249189784522,0.9953867343162008,0.0004560484093607318,0.0002915197296854933,0.08112498417121869,0.7538158044487159,0.7301915264757232,0.0007441740943558859,0.0005095746338643517,0.3123472750612377,middle,oracle,0,9,2,7131329
1,51,13,0.7885723012623005,0.9612622615040121,0.0013913551985411043,0.0010011678974929262,0.22677825526594805,0.5315064682153289,0.5937178591401332,0.002378045986552238,0.001711859112181383,0.5368498904300025,middle,oracle,0,9,3,7131331
2,51,13,0.8564962506174305,0.9804315828171527,0.0009727128387814365,0.0007046116757805728,0.15854335448269413,0.5281933256616801,0.482990681558034,0.0019129543492784585,0.0012188626834161238,0.4318542780985779,middle,oracle,0,9,3,7131332
3,51,13,0.8941074272346045,0.9875189082032776,0.0007809482480735297,0.0005635472437509365,0.12728746860385687,0.4993866892601069,0.45621019812282915,0.0019521220854672385,0.0012837026305722442,0.44069649351419465,middle,oracle,0,9,3,7131333
4,51,13,0.9212096022536646,0.9893748098553183,0.0007074112516352705,0.0005120518163561411,0.11530160635440914,0.7445845293946559,0.7395401060942207,0.0013370828351919732,0.00083969230829494,0.3018498286525376,middle,oracle,0,9,3,7131334
5,51,13,0.9306738100575258,0.9908455788988375,0.0006553204309348443,0.00046164110282521204,0.10681127588653114,0.6692168590902767,0.6011831108133547,0.0016040331505990748,0.001055277546443752,0.3621145368991328,middle,oracle,0,9,3,7131335
6,51,13,0.9446118056181197,0.9920844651774035,0.0006083105431935164,0.0004177034891985997,0.0991490913247422,0.36425599716738954,0.34094923997776533,0.002122336871998307,0.0014885037098714743,0.47912291168084065,middle,oracle,0,9,3,7131336
7,51,13,0.9516718018332436,0.9920402220274599,0.0006098037735957892,0.00040501305071637453,0.09939247431256054,0.7173712363585781,0.7083825729307114,0.0014509241085566493,0.0009879086813053403,0.3275497837744509,middle,oracle,0,9,3,7131337
8,51,13,0.95724123545075,0.9935315683177948,0.0005510559867108786,0.0003716705211040673,0.08981711884296859,0.666662451472578,0.6143624859634524,0.0015945199840087796,0.001085181303722786,0.35996691550302734,middle,oracle,0,9,3,7131338
9,51,13,0.9646505256580173,0.993890121411144,0.0005347355005110397,0.00034734856378355156,0.08715702788318186,0.5406112874467305,0.48836371728619954,0.0018422970958684455,0.0012451308774906911,0.41590322460097673,middle,oracle,0,9,3,7131339
1,52,12,0.7871137671317447,0.981965351491317,0.0011172535604778973,0.0008608599633803576,0.19786925325493873,0.753386911595867,0.8806536185128356,0.000926391097534034,0.0007904686348561328,0.4074878156856659,middle,oracle,0,9,4,7131341
2,52,12,0.8500236078528213,0.9888215558231123,0.0007826266742075689,0.0005672202880772295,0.13860573918118335,0.7361027032668824,0.857222073452418,0.0009590655773139184,0.0008401807648714307,0.42186020379433015,middle,oracle,0,9,4,7131342
3,52,12,0.885468378812199,0.9917468027230381,0.0006388457979506933,0.00047518465323982185,0.1131416765693627,0.8448596179939466,0.8520271068996197,0.0005858219256178622,0.00040262963479040714,0.2576830644057688,middle,oracle,0,9,4,7131343
4,52,12,0.9113611556982345,0.993524452081698,0.0005532857343591508,0.000404782774181431,0.09798870996430481,0.7229516751904813,0.7817522082517541,0.0006670864889181112,0.0005014388461068782,0.29342857133045236,middle,oracle,0,9,4,7131344
5,52,12,0.9324276083467096,0.9946987093297295,0.0004939423187174429,0.00035411607689015144,0.08747879730526657,0.789082559231813,0.8890245656157091,0.0007165261438248626,0.0005972429423051175,0.3151753875939421,middle,oracle,0,9,4,7131345
6,52,12,0.933143746141499,0.9954342481409768,0.0004577206804027114,0.00032976500133083327,0.08106382690057107,0.8700761924642524,0.9018307545617334,0.0007066979971154774,0.0005908725443420697,0.31085232140137375,middle,oracle,0,9,4,7131346
7,52,12,0.9508806519323374,0.9959005011935734,0.000432499013956296,0.00030528917628578934,0.07659698742729817,0.8431478968792403,0.8401864598431052,0.0006161551453096658,0.00047492793525503535,0.2710256121351552,middle,oracle,0,9,4,7131347
8,52,12,0.9471142116310657,0.9962945856428727,0.0004102210449656489,0.0002904358253696434,0.07265148638424893,0.7345162300386183,0.779288635110204,0.0007408782313243541,0.00061689895316569,0.32588703947506287,middle,oracle,0,9,4,7131348
9,52,12,0.9592382269415978,0.9966272332621301,0.00039129940152086913,0.0002661253170804348,0.06930040155335943,0.8232334829349757,0.8197137886639695,0.0005639648703420206,0.00043358180307971134,0.24806889201639482,middle,oracle,0,9,4,7131349
1,51,13,0.7265922379076256,0.7043596007590589,0.0025793848183673696,0.0017312652177971857,0.4444245985379133,0.5912441988391356,0.5737936027821945,0.0027578882008724476,0.0015787488058110603,0.4872597897936262,last,oracle,0,0,0,4201
2,51,13,0.8254440023631593,0.8215620615550725,0.0017875808612096641,0.0012270281687578757,0.3079978221706402,0.6809013771039087,0.6575217105510173,0.0022332182574243864,0.0014325954184801434,0.39456184566570185,last,oracle,0,0,0,4202
3,51,13,0.8781199492780488,0.8686531469255049,0.0014277941859080186,0.0010023187714351199,0.2460070530571613,0.8675754625121713,0.8528105852542187,0.0015014004830298327,0.000977330776494697,0.2652653155141441,last,oracle,0,0,0,4203
4,51,13,0.9006194564041733,0.8963639069098501,0.0012382951286765312,0.0009051413473906861,0.21335661569949596,0.8097851515573035,0.794342927950746,0.0016879353515752097,0.0011340601636574072,0.2982220324716514,last,oracle,0,0,0,4204
5,51,13,0.9200650807629637,0.9155388027890515,0.0010961319444190284,0.000804305636774086,0.188862086755768,0.7674983244603498,0.7433541575061209,0.0018703902567583578,0.0011186849091962532,0.3304579072682558,last,oracle,0,0,0,4205
6,51,13,0.9311528488768815,0.923094884593261,0.0010372882904781798,0.0007796544438660923,0.17872340287543162,0.8036899809051707,0.7704572020349262,0.0016913640019527235,0.001030287636457447,0.29882780157487127,last,oracle,0,0,0,4206
7,51,13,0.9357800575241868,0.9353327204668608,0.0009445540404175954,0.0007215707944952385,0.1627454140307986,0.8333312257362889,0.79837271230413,0.0016343781837214588,0.0010732582636197887,0.2887596277439669,last,oracle,0,0,0,4207
8,51,13,0.9484630981994169,0.9423284582417172,0.000887583884871876,0.0006724090444078771,0.1529295314502868,0.8025012961721822,0.7860418212857315,0.0016374156281831315,0.0010341080999722173,0.2892962791388408,last,oracle,0,0,0,4208
9,51,13,0.9503580479592221,0.9463245924647351,0.0008554594174891214,0.0006551188666583349,0.1473945281354803,0.8682583239545265,0.8785820244111845,0.0012537150725174127,0.0009025465150687684,0.22150460722181717,last,oracle,0,0,0,4209
1,51,13,0.7657525290565002,0.7437292733519123,0.002588788620252664,0.0018656773969188544,0.4348115210966532,0.7420807041060205,0.6366426599086442,0.0029619858121042644,0.002070684255292273,0.49138784321767026,last,oracle,0,0,1,4211
2,51,13,0.8628600882182472,0.8384826719471031,0.0017774684407747203,0.001228789593151967,0.29854262738497417,0.7714437461272904,0.7024790383122155,0.002336191049521123,0.0013332616408418517,0.38756967588344426,last,oracle,0,0,1,4212
3,51,13,0.9023994022596927,0.8820167736684386,0.0014263810475016712,0.0010172530524079413,0.23957418078696105,0.7618078124407238,0.6987207368089616,0.0022701679836496735,0.0011801062967327512,0.3766165741472339,last,oracle,0,0,1,4213
4,51,13,0.9209270953480775,0.9038437718472507,0.0012489632026419911,0.0008970404581248894,0.20977517657718575,0.905866285613121,0.9062939784497474,0.001305859397102724,0.0009310282603194379,0.21663960376365468,last,oracle,0,0,1,4214
5,51,13,0.9397898767905897,0.9238452955386436,0.001091768202778954,0.000834878312062316,0.18337279035510615,0.8353039365697593,0.7675441343844743,0.0019019776381985066,0.0011330599073188115,0.31553449232041886,last,oracle,0,0,1,4215
6,51,13,0.9434089792479097,0.9302568091705306,0.0010341790170610365,0.0007727278791897487,0.17370014221194433,0.9163368277292328,0.9295633635844581,0.0011309667234756416,0.000847554068407946,0.1876252400428744,last,oracle,0,0,1,4216
7,51,13,0.9559749572307356,0.9398638332346155,0.0009556745399502043,0.0007200354573114575,0.16051457316300174,0.6982764071371665,0.602095639802684,0.0024136994436986846,0.001509921485839212,0.4004281718595338,last,oracle,0,0,1,4217
8,51,13,0.959702475470363,0.9493044660635166,0.0008746724169741902,0.0006679521414029348,0.1469095008802669,0.70862049343062,0.611688280932715,0.0024096115593338846,0.0015351321380696898,0.3997499995762185,last,oracle,0,0,1,4218
9,51,13,0.9635695795444083,0.9518979293406788,0.0008497220159132478,0.0006488292316739354,0.1427188451610599,0.8176507037266529,0.8018662476538646,0.0017846857244195487,0.0011307237066552716,0.2960759856985491,last,oracle,0,0,1,4219
1,51,13,0.7599924928350056,0.7260394123265721,0.002619962660730185,0.0017738474825869986,0.4305900443616643,0.5507024620948671,0.44899959552203944,0.003411712190980099,0.002271460054204019,0.5387175844391395,last,oracle,0,0,2,4221
2,51,13,0.8409320183222259,0.827417541816782,0.0018349268512359686,0.0012567423768795152,0.3015696544522139,0.7085952022660882,0.683131373173321,0.0024048698379939668,0.0015720491206821932,0.3797347482709193,last,oracle,0,0,2,4222
3,51,13,0.8810413696178542,0.8695737066349449,0.0014862876143326724,0.001057700923717331,0.24427090484233646,0.7718231135952653,0.6659421597464603,0.0023752843702244527,0.001360786454651095,0.37506313154620496,last,oracle,0,0,2,4223
4,51,13,0.9089395132991945,0.8988739557788725,0.0012640703682008489,0.000915907465905268,0.20774956989966156,0.786921938820673,0.7972108919870491,0.0018757664976632945,0.0012289440578971858,0.29618805456820824,last,oracle,0,0,2,4224
5,51,13,0.9268314937924245,0.916399125963046,0.0011265358517473561,0.0008468902782469544,0.18514581511009345,0.8352786454052276,0.7957977165400826,0.001762465922434781,0.0012254929853110254,0.2782976204442397,last,oracle,0,0,2,4225
6,51,13,0.937183409857115,0.9245742248166405,0.0010587580274130605,0.0007978376112371585,0.17400655086626346,0.642231186534984,0.5769588594092513,0.002612112937316999,0.0016082737297275927,0.4124589335507192,last,oracle,0,0,2,4226
7,51,13,0.9475233437749576,0.9363022014077836,0.0009687939957323839,0.0007487270850302464,0.15922099037986306,0.7598603927717851,0.7391897208859087,0.0019173398187142137,0.0012311364772635406,0.30275258224228213,last,oracle,0,0,2,4227
8,51,13,0.9513110609791628,0.9414349334527192,0.0009250304606939163,0.000722584057486769,0.1520284670755862,0.8799428419681584,0.8705910819389229,0.0014494373785731236,0.0010065652260140496,0.22886965830385497,last,oracle,0,0,2,4228
9,51,13,0.9582243479529798,0.9477700681987445,0.0008728112471493926,0.0006714859852642635,0.14344625565185506,0.7512866879955487,0.7623581723653354,0.002074139105938477,0.0014961464836069829,0.32751156791480096,last,oracle,0,0,2,4229
1,51,13,0.7040282495376373,0.7125446147683918,0.0025419952403024993,0.001767442832400492,0.4373243629649597,0.16713666080754686,0.22495444671435816,0.0036108050563577326,0.002889594862825043,0.6451217989603899,last,oracle,0,0,3,4231
2,51,13,0.7942910381941429,0.7943439828100158,0.0018125369740540306,0.0012380332963061683,0.3118285057977869,0.6151443493215645,0.6078476505426699,0.002082399014483349,0.0013462501492995135,0.3720502706207982,last,oracle,0,0,3,4232
3,51,13,0.8512648700089416,0.843558941725423,0.001454287326436804,0.001030149938452567,0.2501953066309856,0.7455203024823278,0.7654743753107011,0.0018865964633368345,0.0013534628460585973,0.33706735349702244,last,oracle,0,0,3,4233
4,51,13,0.8896676918333474,0.8773274941644148,0.0012467274508103261,0.00089024753534863,0.2144867463055013,0.7469366076961013,0.7531433943269044,0.0016370254102316129,0.0010266981591117896,0.29247792697448227,last,oracle,0,0,3,4234
5,51,13,0.8992054807245549,0.9003684773457201,0.0011025662273995126,0.0008197881314974108,0.18968527768242047,0.6251343593115745,0.6747022354879861,0.0018877351426192291,0.0011958565124979056,0.33727079478383576,last,oracle,0,0,3,4235
6,51,13,0.9238972677905234,0.9156390990895836,0.001000531733311582,0.0007543756230464441,0.17213128331611077,0.7940540472186041,0.8039974338110262,0.0017734543779024865,0.0013691005708454228,0.3168529069804434,last,oracle,0,0,3,4236
7,51,13,0.9285194118190578,0.9277313793420132,0.0009228466960274831,0.0007056869499505791,0.15876636472635966,0.7144880436019677,0.739871913646641,0.0015824928514471428,0.0011557148176111484,0.28273490793140016,last,oracle,0,0,3,4237
8,51,13,0.9402339985634598,0.9365938970940193,0.000862393410022282,0.0006565063466058314,0.14836599324957556,0.6964807344554179,0.6946983115031092,0.001737348691671303,0.001207979701415177,0.31040211141252755,last,oracle,0,0,3,4238
9,51,13,0.9444256499964672,0.9417834645438236,0.0008254256415372722,0.0006312843909545899,0.14200606560430615,0.7919801717270071,0.7913780684127285,0.0013636174771898663,0.0010740432308197292,0.24362970203268727,last,oracle,0,0,3,4239
1,52,12,0.784186492159526,0.7707436930611689,0.002461111957493999,0.0017311808077469476,0.42649958102450597,0.7462895313641583,0.8159214941237551,0.0022319538249199623,0.0015581401685781516,0.41073254903064826,last,oracle,0,0,4,4241
2,52,12,0.864516705766144,0.8448818253150616,0.0017320193111214361,0.0011954863959430313,0.3001511200131769,0.8253209477090075,0.878555588669309,0.001723774645607508,0.0011321810333682753,0.31721550250716474,last,oracle,0,0,4,4242
3,52,12,0.8964501790344487,0.8816034273977811,0.0014181098177174867,0.0009821135060026458,0.24575202329239076,0.892286817659952,0.8546459517158495,0.0015487616861246628,0.0009260063500586812,0.28500895855486574,last,oracle,0,0,4,4243
4,52,12,0.9196309667860231,0.9095171230188805,0.0012069984026898803,0.0008751014487942602,0.20916736903292102,0.8165118463625928,0.8204089012394441,0.0017334926587315575,0.000967564814160733,0.3190038478830361,last,oracle,0,0,4,4244
5,52,12,0.9424050376589702,0.9244889610873627,0.0010787846055923484,0.0008007985003082186,0.18694849736511648,0.7700031311971611,0.8471585838535306,0.001771221873993877,0.0011245000123409272,0.3259469201744955,last,oracle,0,0,4,4245
6,52,12,0.9457798246697123,0.9308315317794094,0.0010264821373729683,0.0007685255844118768,0.1778847159657416,0.8301638659847617,0.8771784691368684,0.0015963343466554303,0.0010147287423295087,0.2937634587178216,last,oracle,0,0,4,4246
7,52,12,0.9542054574638844,0.9399315066114805,0.0009494881979224913,0.0007052335670560414,0.1645420141772007,0.8280764012107297,0.8368734750796021,0.001714985805980581,0.0011957830817486467,0.31559814713776374,last,oracle,0,0,4,4247
8,52,12,0.9601209532040993,0.944975528976464,0.0009072440683199111,0.0006766592109548189,0.1572212974087563,0.8981734683227222,0.9049419489814137,0.0013001258679665954,0.0008329621332052387,0.23925405886466006,last,oracle,0,0,4,4248
9,52,12,0.9585822941103841,0.9480580728636371,0.0008800502880904152,0.0006623607620869436,0.15250873817753702,0.891159586681975,0.9068540263355814,0.0013103401037298245,0.0009194375000349732,0.241133720999508,last,oracle,0,0,4,4249
1,51,13,0.749753027777334,0.7118757967567162,0.0026789949850578028,0.001808127475230889,0.43182596239184584,0.43689222170234826,0.5778342260759721,0.0035848729442267994,0.002426783608746989,0.5386857058620143,last,oracle,0,1,0,796101
2,51,13,0.8286754350178116,0.8164208395419879,0.0018934745753375933,0.0013037933506444212,0.3052082909151119,0.6012089176646139,0.6277530292664941,0.002921564326334443,0.0018692263981957102,0.4390127532657072,last,oracle,0,1,0,796102
3,51,13,0.8810938687148698,0.8845100813225354,0.0014234443971682092,0.001072099057629735,0.22944434392257002,0.2547452547452547,0.16901816883019305,0.0038970591370360245,0.0022437811725725147,0.5855967797690097,last,oracle,0,1,0,796103
4,51,13,0.9023468208111525,0.8961773451552403,0.0013024006493434505,0.0009506802529820427,0.20993335820311948,0.5886139177278418,0.5930155064337596,0.0029324815054988748,0.0017442786308986447,0.4406532377279767,last,oracle,0,1,0,796104
5,51,13,0.9206517118493798,0.9127230560770014,0.0011730969097216465,0.0008809560319763709,0.18909094822681063,0.6272841082967665,0.5773204644144271,0.0027515461759089776,0.0013356141382155503,0.4134647495299571,last,oracle,0,1,0,796105
6,51,13,0.9298550711986576,0.9217861698525491,0.0011053693305413668,0.0008233807972752006,0.17817397106816799,0.615650172612198,0.6111934467503856,0.002506749257706513,0.0014679426324753987,0.3766800146937878,last,oracle,0,1,0,796106
7,51,13,0.9391623993479075,0.9350002818477974,0.001001708077951237,0.000780531864021084,0.16146486171479185,0.2782154554306453,0.2314356752651023,0.0035265617225602465,0.0021208846843942973,0.5299234925027627,last,oracle,0,1,0,796107
8,51,13,0.9483667057397199,0.9421781885498737,0.0009414559234780286,0.0007286556005972701,0.15175284480669976,0.46929020346741857,0.48031218131485137,0.0030330224682025286,0.0019369772629188808,0.45576115934882105,last,oracle,0,1,0,796108
9,51,13,0.9521565229078058,0.9473300181860641,0.0008988296364840538,0.0006821232975857812,0.1448819333242107,0.7440028326104274,0.7178526686735766,0.0022038775135626225,0.001292898528470558,0.3311685888167403,last,oracle,0,1,0,796109
1,51,13,0.7797074478554261,0.7508144161061406,0.002327617623099376,0.0016945920852907543,0.43571720719212886,0.7078111761656065,0.7794055162507825,0.001940648643960934,0.0015251436137886213,0.45323329931028117,last,oracle,0,1,1,796111
2,51,13,0.8649499228613268,0.8351600528619152,0.0016276385211561218,0.0011430592420528596,0.304684972187201,0.6774870698921331,0.7517650886965047,0.0018379482497785837,0.0012079384366360279,0.42924789698586635,last,oracle,0,1,1,796112
3,51,13,0.9018403177582991,0.8790182247619867,0.0013005898692323647,0.0009162235708549027,0.243463264713436,0.779233424803045,0.781443310372326,0.0014414071020372816,0.0009988033203744528,0.3366367727298808,last,oracle,0,1,1,796113
4,51,13,0.9167011033292578,0.8941091075964377,0.0011739345536157706,0.0008462359626542397,0.21975408677594627,0.7375788768193831,0.7948456940931915,0.001442824656037039,0.000912171130636546,0.33696783867438335,last,oracle,0,1,1,796114
5,51,13,0.9285745461648647,0.9142343841158628,0.001041304461935468,0.000758043920282587,0.19492646364615257,0.882042008624287,0.888032619465469,0.001108169477118858,0.0007869042687130566,0.2588100168840454,last,oracle,0,1,1,796115
6,51,13,0.9428310774231153,0.9241273858033565,0.0009659023864583328,0.0007108556562931829,0.1808116101507403,0.8079388965464914,0.8181871669093005,0.0012165770252268477,0.0007835292646693997,0.28412830974041636,last,oracle,0,1,1,796116
7,51,13,0.9482904070520576,0.9338557015700779,0.0008968273296939247,0.0006756860312667172,0.16788113973268715,0.9104692775578851,0.9066634962145083,0.0009720954409638535,0.0006991478075292596,0.22703028975573752,last,oracle,0,1,1,796117
8,51,13,0.9537224783263138,0.9404918556293715,0.0008436435587703258,0.0006312575944908988,0.15792543055399483,0.7643622200584225,0.7891730397497894,0.001295573472923446,0.000918131048847673,0.30257771877421474,last,oracle,0,1,1,796118
9,51,13,0.9592793121605365,0.9436098924413971,0.0008166532626013084,0.0006161479917127532,0.15287299567322032,0.7614537361372804,0.808525365350856,0.0013905638681052863,0.0009660659969359701,0.3247624714573076,last,oracle,0,1,1,796119
1,51,13,0.7712029235450091,0.7753576501554345,0.0023439292144957764,0.0016763080173615584,0.4203544418816357,0.644912049975341,0.5782852466577012,0.002930463666677224,0.002389629407824222,0.5817955263764976,last,oracle,0,1,2,796121
2,51,13,0.8421942201417664,0.8322578002658778,0.0016610718732763426,0.0011718122557470515,0.29789250285297736,0.7648174610199925,0.7540660640702662,0.0023743501590571987,0.0019643673980774827,0.47138830496305767,last,oracle,0,1,2,796122
3,51,13,0.884601343680418,0.877018437037663,0.001344672697595743,0.0009625204322765002,0.24115026077394822,0.8230124306073674,0.8097559620296416,0.0014900780030433418,0.0010350833886331114,0.29583056291758086,last,oracle,0,1,2,796123
4,51,13,0.9062991587132936,0.8998009945382344,0.00115198384897934,0.0008430202744386754,0.2065939213947374,0.8592799605457833,0.8436188193261798,0.001438771360633693,0.0010438563629163202,0.2856444700590475,last,oracle,0,1,2,796124
5,51,13,0.9306342401498928,0.9148948235488039,0.001045498951773345,0.0007740641097438729,0.18749718448944716,0.8033611957662591,0.8208102456776315,0.00137877877893203,0.0008861936680679563,0.2737339263295018,last,oracle,0,1,2,796125
6,51,13,0.9371339165907523,0.9264629150870349,0.0009563980677386023,0.0007197533406972105,0.17151805331605052,0.825718585212256,0.8140224956785531,0.0013868139936667227,0.0009103453718375726,0.2753291865059978,last,oracle,0,1,2,796126
7,51,13,0.948615572047455,0.939895450721966,0.000850714624113761,0.0006514886056529653,0.15256504710480875,0.6978464573401282,0.7266427914486865,0.0017862163048877795,0.001189754094725375,0.3546239686031678,last,oracle,0,1,2,796127
8,51,13,0.951444388097701,0.9437626685245863,0.00082056711850235,0.0006110914405422692,0.1471584683493431,0.8531089164000556,0.8557769096027387,0.0012866624999171997,0.0008632281758566129,0.255445749053431,last,oracle,0,1,2,796128
9,51,13,0.9552984806308389,0.9487641216228903,0.0007799986178803816,0.0005951893277243681,0.13988301423944124,0.8459262256730611,0.8663667371052656,0.0012449498809669038,0.000874177170556947,0.24716439229248985,last,oracle,0,1,2,796129
1,51,13,0.6994950451558115,0.7128135335679313,0.0026282136092156834,0.001825931019111727,0.4393503012802172,0.6394238672719684,0.6262661011601035,0.0026777464415809666,0.0018518472727972522,0.44205322184167983,last,oracle,0,1,3,796131
2,51,13,0.8182165443224965,0.8121657670168263,0.0018224305287068393,0.0012406242112565538,0.3046500478659942,0.6962784051391646,0.7588783117746891,0.002169325914189983,0.0014956319150398313,0.35812110314154766,last,oracle,0,1,3,796132
3,51,13,0.8650710619542048,0.8588243081272111,0.001489424915110386,0.0010404225358310642,0.24898253433186163,0.810746215809507,0.7923222953204715,0.0016709734261377304,0.001115360601143278,0.2758510571299285,last,oracle,0,1,3,796133
4,51,13,0.9026269395225225,0.8923603902895183,0.0012514950749453102,0.000919771678627884,0.209208542372633,0.6043197309020093,0.7061126196759304,0.002069119081755187,0.0013731574928888646,0.341578553615388,last,oracle,0,1,3,796134
5,51,13,0.922309159811863,0.9113097934150737,0.0011163052045122788,0.0008349930616559989,0.18660927186565515,0.7413978426636655,0.7687738732238218,0.0017976601630145094,0.0011582402496584613,0.2967650164695309,last,oracle,0,1,3,796135
6,51,13,0.931461790621907,0.9212104588217538,0.0010394526146582138,0.000781313430339817,0.17376206325667728,0.7172953628649831,0.6926258889647648,0.001975361345925961,0.0012827721761867624,0.3261006470622118,last,oracle,0,1,3,796136
7,51,13,0.9427204793254025,0.9361603484225436,0.0009320677717127783,0.0007275788958600234,0.15581087278434527,0.6472135459477232,0.6038275976207056,0.0023281000777235724,0.0015684476131755767,0.3843321847605385,last,oracle,0,1,3,796137
8,51,13,0.9457280393600758,0.9387172948433115,0.0009112062127402915,0.0007073567540251016,0.15232351080296044,0.8031841576145374,0.8521043946320129,0.0013825124839189668,0.0009485530844003251,0.22823075712571864,last,oracle,0,1,3,796138
9,51,13,0.9512647794222644,0.947401168616649,0.0008439057234407629,0.0006530510846379638,0.14107309715835645,0.6602132045170019,0.7230284247011005,0.002094456523769285,0.001509350942776633,0.3457613611066552,last,oracle,0,1,3,796139
1,52,12,0.7174858130633412,0.7079999999965032,0.002752658004226935,0.0018275542379358866,0.4369868678857569,0.3939254775075671,0.3563280360930182,0.0040831426064802945,0.0029478844078274623,0.5920536749447639,last,oracle,0,1,4,796141
2,52,12,0.8173208544264724,0.8206589027531126,0.001869771597602786,0.0012910411439032408,0.2968278779432523,0.5997495042271163,0.5835833248784138,0.003186130784965185,0.00195321445154745,0.46198740085625933,last,oracle,0,1,4,796142
3,52,12,0.8675856278552908,0.8643265398219426,0.0015344571678492748,0.0011293429728115169,0.24359641868101212,0.3792714747938629,0.3399747933892998,0.003431639387121969,0.002175962443411674,0.4975860277341906,last,oracle,0,1,4,796143
4,52,12,0.8996426225459933,0.8974422232530442,0.0013008180285410391,0.000968603870378228,0.20650600078490913,0.5445986848971924,0.5089809485374787,0.002977965400948835,0.001952690394632087,0.4318035222898904,last,oracle,0,1,4,796144
5,52,12,0.9173064328929498,0.9111339937646384,0.001191962229468775,0.0009110613214731546,0.18922504738832133,0.6370733743868073,0.6256577524222222,0.00263982498253618,0.0017658160531542836,0.38277332749560566,last,oracle,0,1,4,796145
6,52,12,0.9252095320409928,0.9194458053132318,0.001126826425173962,0.0008514792392733839,0.17888468143573952,0.8827262289948858,0.8764320703331595,0.001497392127598832,0.0010903405794801088,0.21712112395272173,last,oracle,0,1,4,796146
7,52,12,0.936839511050747,0.9284792798578931,0.0010584724146521425,0.0008066455127408964,0.16803342242735841,0.7152698048220437,0.6850189850061849,0.002474488220142658,0.0016269943150097584,0.35879957805486923,last,oracle,0,1,4,796147
8,52,12,0.9478512408939376,0.9398681225485371,0.0009704862891986343,0.0007512099837210078,0.1540655479873479,0.477048324809519,0.6123962269282774,0.0027497247705982777,0.0018719715749132221,0.39870874285301916,last,oracle,0,1,4,796148
9,52,12,0.9547611803926411,0.9448443474014845,0.0009303078162198166,0.0006976118410203248,0.14768718022917193,0.7147270639807954,0.7849562079341615,0.0021293696236210934,0.001578257279656953,0.3087575508579537,last,oracle,0,1,4,796149
1,51,13,0.7681223177079001,0.7640419225813486,0.0024829508768866725,0.0016862213889619411,0.4208565858166969,0.5016881852324889,0.45655263278831565,0.003262031686238333,0.0021547429300378747,0.5577421374535242,last,oracle,0,2,0,1588001
2,51,13,0.8440428883446733,0.8356618652545389,0.0017770528080248823,0.0012171081215861406,0.3012078831535664,0.730522641915047,0.7199791907078982,0.002357501742059378,0.001427982132863485,0.40308561876137944,last,oracle,0,2,0,1588002
3,51,13,0.8881693058408805,0.8762514033511668,0.0014560765380811158,0.0010061924139513078,0.2468028692025483,0.8066743383199078,0.8026554547170872,0.001982387420990069,0.0012792320411828828,0.33894857677455376,last,oracle,0,2,0,1588003
4,51,13,0.9225511085915203,0.9044613243568945,0.0012409932431674316,0.0008976290521541217,0.21034656150584538,0.7812567179655786,0.7955884737959117,0.0018774350364213603,0.0012208488468381325,0.3210038193563025,last,oracle,0,2,0,1588004
5,51,13,0.9327115985369757,0.9239806168755741,0.0010969381424260538,0.000833178568796724,0.185929430086993,0.586514751071713,0.540597956375264,0.002786194023816152,0.0016190497942050552,0.4763834198052968,last,oracle,0,2,0,1588005
6,51,13,0.9442914170111567,0.9327921209443302,0.0010214465378705028,0.0007875200189739388,0.17313371219872345,0.7391975113494101,0.755149514010253,0.0022634091982536198,0.0015012923899394516,0.386997676782747,last,oracle,0,2,0,1588006
7,51,13,0.9478590909412827,0.9383506545867553,0.0009757359068262182,0.000750528267745516,0.1653858262876876,0.838389458642623,0.8221685219837088,0.001704045142972627,0.0010501323307834057,0.2913576175143901,last,oracle,0,2,0,1588007
8,51,13,0.952031472117503,0.9449875233297154,0.000919389274546766,0.0007258800958857805,0.15583515353610525,0.8623401914541154,0.8910425888422726,0.001416611339208469,0.0009732185534143484,0.2422121892942593,last,oracle,0,2,0,1588008
9,51,13,0.9581454963680506,0.9507241634254667,0.0008696176006805617,0.0006830242440303379,0.14739892673488167,0.8256680028831928,0.8084817254236157,0.0019208449649245353,0.0011715374539857447,0.3284260483960165,last,oracle,0,2,0,1588009
1,51,13,0.7458725004047576,0.7276293188367456,0.002491328107562129,0.0017438280935396305,0.4368941933427893,0.6992374713893701,0.6516956535945728,0.002704589317936742,0.0020953548041825975,0.5035862783106126,last,oracle,0,2,1,1588011
2,51,13,0.8386533516329401,0.8252453338403873,0.001731567290468456,0.0011928023272173812,0.3036579936186143,0.8246057739728625,0.8244106466086072,0.0016068656917605055,0.0011300710717202802,0.29919348867205997,last,oracle,0,2,1,1588012
3,51,13,0.8868599989491944,0.8690187639186878,0.0013823096538066852,0.0009673830509834006,0.24241008613706314,0.6648667787908294,0.782662368240289,0.0018487214236782641,0.001170196633083483,0.344226287965029,last,oracle,0,2,1,1588013
4,51,13,0.909067652271675,0.8977285927977647,0.00117581320633961,0.0008549116701369605,0.20619763440481786,0.7723289368858989,0.8325567973681994,0.001725332001441211,0.0012604137600246343,0.32125155405065525,last,oracle,0,2,1,1588014
5,51,13,0.9302027593360688,0.9145248491522835,0.0010549344565993627,0.0007863231918664052,0.18499961407993648,0.6025493493847923,0.689415619611182,0.00196224325486091,0.00123148117641033,0.3653637065346942,last,oracle,0,2,1,1588015
6,51,13,0.9363694473866814,0.9285673370982471,0.0009454898252664658,0.0007225809990085402,0.16580674912700394,0.68848872646341,0.6600715065930431,0.001999856581083871,0.0013684635986240088,0.3723671931054221,last,oracle,0,2,1,1588016
7,51,13,0.9445994528894103,0.9373343022769391,0.0008823117371536893,0.0006740673056674624,0.15472746183474076,0.7255149913377762,0.7289951307753244,0.001889904654455634,0.0012546378814919056,0.35189447987070593,last,oracle,0,2,1,1588017
8,51,13,0.9538646994095229,0.9407013345988279,0.000853116277201272,0.0006494924274527829,0.1496075714090414,0.7345945194046458,0.7321560169393357,0.0015816539965889337,0.001055798799741438,0.29449914796119775,last,oracle,0,2,1,1588018
9,51,13,0.9583561103925481,0.9508531410119367,0.0007746115230835263,0.0006031331882525738,0.13584050832339717,0.6390697909685251,0.6794676344959477,0.0019331328499127356,0.001316225095256599,0.35994343795981526,last,oracle,0,2,1,1588019
1,51,13,0.8157880390339638,0.7704445027163498,0.0024534791888897096,0.0017742100510879685,0.4261152571835087,0.8389964465913833,0.8098919225602782,0.0025661515211807865,0.002045727900878637,0.4700267484888351,last,oracle,0,2,2,1588021
2,51,13,0.8852049803566906,0.8580860044525469,0.0016733994581127913,0.0011673640692649325,0.2906326019366656,0.8409438662603219,0.7137000351039875,0.0023830385290698653,0.0014098187710663655,0.4364870281809887,last,oracle,0,2,2,1588022
3,51,13,0.9090972576448154,0.8884214486314805,0.0013922641596439836,0.0009942969577397028,0.24180559718648037,0.8066743383199078,0.6852327572484916,0.0022866486849740177,0.0011174391118327813,0.41883187234402164,last,oracle,0,2,2,1588023
4,51,13,0.9347703866552317,0.9096800196110715,0.0012042255052721995,0.0008811876258688137,0.20914742754276974,0.9169185245134612,0.9382581856798682,0.0011381825686278492,0.0008353739139178684,0.20847414796171307,last,oracle,0,2,2,1588024
5,51,13,0.943057955873747,0.9245664343053527,0.0010837598356988744,0.0007950140722877427,0.1882251959605851,0.9443341468657924,0.933337235090573,0.0011256317915248806,0.0008815525098474358,0.20617529658679423,last,oracle,0,2,2,1588025
6,51,13,0.9531948109316047,0.9338995284374225,0.0010040949464615251,0.000747448607765588,0.17438916061959212,0.918081918081918,0.8460223992017379,0.0016027083017039075,0.000969897977738888,0.2935585703370004,last,oracle,0,2,2,1588026
7,51,13,0.957563641670069,0.9389039252011504,0.0009586128202425002,0.0006975674457340878,0.1664899177815703,0.9080919080919081,0.8266079990740968,0.0016438660451573491,0.0009955939348809141,0.30109719000574753,last,oracle,0,2,2,1588027
8,51,13,0.9613552293959368,0.947462595055981,0.0008880887267926801,0.0006718883958029991,0.1542414371936411,0.9435501207653105,0.886823867239575,0.0013578304820919761,0.000759172740221648,0.2487057530426148,last,oracle,0,2,2,1588028
9,51,13,0.9647619472709775,0.9508477226201828,0.0008568444576764206,0.0006438728634574109,0.14881499631316614,0.9055880828032726,0.8383504810345671,0.001567537391742781,0.0009983251119786982,0.287116523437597,last,oracle,0,2,2,1588029
1,51,13,0.6563931629787731,0.6932207238422354,0.0025716023765157215,0.0018458475738942553,0.44702734942176514,0.5228568899454975,0.5279518424954038,0.002821682440293051,0.0020512581054429476,0.5137139086995284,last,oracle,0,2,3,1588031
2,51,13,0.7992064771780042,0.7947203211060425,0.0017691173564806514,0.001191122233562656,0.3075295970736753,0.33901541496478205,0.43548572954436765,0.002683677785529042,0.002052261429881678,0.4885888593299809,last,oracle,0,2,3,1588032
3,51,13,0.8514467433513084,0.8493059063629496,0.0013944607731486093,0.0009777629692396509,0.24240221154945615,0.6527270198156274,0.6646594627036659,0.00210545263010471,0.0013908031578039129,0.3833175146670514,last,oracle,0,2,3,1588033
4,51,13,0.8773067691470999,0.8812317277754169,0.0011986360462744486,0.0008696985810114181,0.2083615645951614,0.4881827033725767,0.49691439018835426,0.002213390985251862,0.0014229150417284957,0.40296871053850547,last,oracle,0,2,3,1588034
5,51,13,0.9068487316135809,0.8978743037503301,0.0010781687583868293,0.0008066789758394325,0.18742046853450373,0.5459224319983813,0.595452420477682,0.0020856883284508386,0.0014319575692768975,0.3797192370896949,last,oracle,0,2,3,1588035
6,51,13,0.9215569198092144,0.9172453535739286,0.0009599809420028932,0.0007383642131061624,0.16687561806518617,0.5492102833874984,0.588322257756607,0.0018436772404063272,0.001145225278416253,0.3356588353192322,last,oracle,0,2,3,1588036
7,51,13,0.9271972169137513,0.9276628697878373,0.0008920739943639941,0.0006723844226544379,0.15507120262073104,0.6710631141010888,0.6778182086985503,0.0015543079251016635,0.0011102262702928235,0.28297642148692775,last,oracle,0,2,3,1588037
8,51,13,0.9358307860634207,0.938048451932087,0.0008191439354169769,0.0006341867463737475,0.142393608587539,0.5685074419251634,0.5958001564190196,0.0018319740433907369,0.0011280916757641598,0.33352815789171303,last,oracle,0,2,3,1588038
9,51,13,0.9475948248984234,0.9436977775764064,0.000780490628455686,0.0006046899266630481,0.13567441843781483,0.6378811062355365,0.6392600520688337,0.0016713406586069599,0.0010990450647946992,0.3042833347370779,last,oracle,0,2,3,1588039
1,52,12,0.7194829979009755,0.7130556208224068,0.002766064649085123,0.0018923042600922347,0.4374391447635544,0.3794384719757855,0.3008881152425213,0.004123609479139691,0.002883703363354305,0.584587869134991,last,oracle,0,2,4,1588041
2,52,12,0.8242083714038771,0.8114264545727832,0.001924920449366394,0.0013412785895213807,0.30441644065955437,0.744828306022336,0.7249347147204286,0.002510804501372644,0.0015496315206950662,0.35594686177174123,last,oracle,0,2,4,1588042
3,52,12,0.870051463143598,0.8617349923049347,0.0015580366249424659,0.0010937765023025213,0.2463956180310351,0.7184010019830915,0.5866391739865789,0.002882701795258463,0.0015653320862450083,0.4086692758775352,last,oracle,0,2,4,1588043
4,52,12,0.894556562538585,0.8907669971224498,0.001347449964961853,0.0009942153765332923,0.2130924020447417,0.8151341196117317,0.7206158703350054,0.0022734816510394888,0.001342248606154916,0.32230253631484895,last,oracle,0,2,4,1588044
5,52,12,0.9169586862575627,0.9091071921710848,0.0012100762170709318,0.0009022366336223567,0.19136743809270815,0.860390355912744,0.8172612886854391,0.0018785893681659783,0.0011854783363106117,0.26632021321886085,last,oracle,0,2,4,1588045
6,52,12,0.9297904926534141,0.9209308509820844,0.0011226590022629852,0.0008559837806525013,0.17754284737106757,0.7538461538461539,0.7509344233874674,0.0021756286156569262,0.0013091844731954018,0.30843029702253427,last,oracle,0,2,4,1588046
7,52,12,0.94149183849858,0.9363562658312973,0.0010012558689796967,0.0007807168667645133,0.1583435554049082,0.5789166057822775,0.4981927529542437,0.0029514808134624587,0.001763261203375447,0.41841980630396614,last,oracle,0,2,4,1588047
8,52,12,0.9465031732312631,0.9344497304128028,0.0010135466931422358,0.0007771830876417569,0.16028728712928367,0.8591796263438055,0.8376120701576799,0.0017277161830476391,0.0011883963649258111,0.24493151619405437,last,oracle,0,2,4,1588048
9,52,12,0.949143844919126,0.9459538475050894,0.0009214765335448687,0.0007198775719240101,0.14572685670484034,0.7898340465504645,0.6855342973947925,0.0023467772536776657,0.0014660026733009244,0.3326933651214983,last,oracle,0,2,4,1588049
1,51,13,0.7599813342034045,0.7591746963922521,0.0022162012263913164,0.0016032185627070888,0.4300664359808195,0.7740993184031157,0.7404986842677924,0.0018092627781348205,0.001251676845353709,0.4535300426471797,last,oracle,0,3,0,2379901
2,51,13,0.856145597825129,0.8379402498612953,0.0015471472002478147,0.0010707666485773144,0.3002327019878631,0.7431682241808822,0.6842186513769152,0.0016177883493273656,0.000959198717369446,0.40553292088446224,last,oracle,0,3,0,2379902
3,51,13,0.8893389445466243,0.877951400904109,0.0012638850799889768,0.0009001910133912669,0.24526407862578103,0.8749351913908875,0.8767541029999111,0.0009670885375401027,0.0006923738086476226,0.24242122867653337,last,oracle,0,3,0,2379903
4,51,13,0.9180521624439824,0.9011420799702479,0.001096831502821949,0.0008326374438941618,0.21284638311396345,0.5952907851642029,0.4690163242806649,0.0019853557727048596,0.0011889748570588939,0.49767148207896367,last,oracle,0,3,0,2379904
5,51,13,0.9332993413689754,0.9215091843977039,0.0009645802390857219,0.0007379544358715256,0.1871822742001658,0.6368441684897381,0.5626489166279335,0.001743672809989766,0.0010484757854608447,0.43708852767790574,last,oracle,0,3,0,2379905
6,51,13,0.9419073815459783,0.9310166802522666,0.0009007844307417493,0.0006997870202380637,0.17480233523149963,0.7448121498754409,0.7343134486245603,0.0013620857218687834,0.0008246495724093467,0.3414356405237622,last,oracle,0,3,0,2379906
7,51,13,0.9476710412345611,0.936444337621211,0.0008553389034733334,0.0006687972486050229,0.16598337253494808,0.7797392480936784,0.7849064570531091,0.0012921738946132886,0.0008323642238551094,0.3239107600144678,last,oracle,0,3,0,2379907
8,51,13,0.9497347704443011,0.9432847319461867,0.000809023429570563,0.0006375502597781579,0.15699559175271235,0.6813566180654788,0.6401738576507517,0.0015675785742367413,0.0009199539867348052,0.39294677711731335,last,oracle,0,3,0,2379908
9,51,13,0.954172899990826,0.9453894792037253,0.0007930687227785954,0.0006271413657640849,0.15389949027716476,0.9116832534554054,0.9278765634089795,0.0007896908146770064,0.0005979314632948953,0.1979527314588134,last,oracle,0,3,0,2379909
1,51,13,0.7065094186262348,0.7123250647319672,0.0028158288794573635,0.0020918214590958393,0.4086246861913987,0.02520264545581001,-0.05532893274372433,0.005675522253506345,0.003950966842804123,0.6476214310452533,last,oracle,0,3,1,2379911
2,51,13,0.7969348927198451,0.7858154191104176,0.002040725097593949,0.0014095071068607635,0.29614393782619974,0.7258437764766879,0.7231645994044951,0.0028050676437891614,0.0019248351448660423,0.32008013368763766,last,oracle,0,3,1,2379912
3,51,13,0.8578573977939343,0.8418035691808958,0.0016277980287431923,0.0011835851234754653,0.23622119352875823,0.20062216264747906,0.19239963007771552,0.004622033071996735,0.002774098947000646,0.5274100846976209,last,oracle,0,3,1,2379913
4,51,13,0.8813051003758028,0.8764255841596148,0.0014007988202922772,0.0010486973731468493,0.20327974563195772,0.02864224383211725,-0.024873260908843876,0.004852846493590813,0.0031911255405482316,0.5537476994087357,last,oracle,0,3,1,2379914
5,51,13,0.9027043499557689,0.8981343398559838,0.0012425750321022604,0.0009508366798420478,0.18031878153757017,0.4122839186130325,0.37239539160245594,0.00398796914404105,0.0025896470395056154,0.4550584366808863,last,oracle,0,3,1,2379915
6,51,13,0.9112961668824002,0.9127028991809363,0.001142341657590835,0.0008859567776985169,0.16577321326655747,0.6692674414193401,0.5386718195407606,0.0032263327450729874,0.0019407139871877317,0.3681497730189443,last,oracle,0,3,1,2379916
7,51,13,0.9247569765329446,0.9182067510927563,0.0010990256502045833,0.0008528131197589922,0.15948732350443448,0.7160055134738679,0.6601888401180624,0.0028283551117913807,0.0019100909811706347,0.32273741572784115,last,oracle,0,3,1,2379917
8,51,13,0.9330669041904243,0.9273299569932633,0.001034268486190095,0.0008124724521237795,0.15008995706036116,0.5425839982802008,0.491617167713774,0.003518746919079299,0.0022384607701142144,0.40151651485682327,last,oracle,0,3,1,2379918
9,51,13,0.9392620858685935,0.934905774821059,0.0009788891270381154,0.0007760646822260362,0.1420534696800203,0.5863124217554597,0.5336122823332308,0.003254159051748363,0.0023393196101484906,0.3713249720129536,last,oracle,0,3,1,2379919
1,51,13,0.7846548804066451,0.7695603855195231,0.0022931269129730513,0.0016856024655196992,0.4283987541945286,0.7896280934255618,0.7939094013222828,0.001907179410011366,0.0014554230666423158,0.43392079348062773,last,oracle,0,3,2,2379921
2,51,13,0.863545952891963,0.8453404244530576,0.0015801650555239645,0.0010891136543400009,0.29520421978325534,0.8645658139329025,0.8366189417520781,0.0013002424882420556,0.0009363130658722475,0.29583071694962154,last,oracle,0,3,2,2379922
3,51,13,0.8973690005473083,0.8839069070821866,0.0012704174037337496,0.0008918730778068896,0.23733759783969782,0.8723049102795938,0.8238850917928787,0.0013936124456465542,0.0009806737251238456,0.31707421705849226,last,oracle,0,3,2,2379923
4,51,13,0.919994629033557,0.9068451522689267,0.001099367540133749,0.000793453451056673,0.2053823021877971,0.8410450309184486,0.8167440049137595,0.0012695216102604474,0.0008012401595504967,0.2888411135173353,last,oracle,0,3,2,2379924
5,51,13,0.9344934796533264,0.9227207880348313,0.0009727234282750766,0.0007270550591232888,0.18172282680534346,0.837403103225888,0.8663910624253439,0.0012104671992947424,0.0008522683647281797,0.27540507455306346,last,oracle,0,3,2,2379925
6,51,13,0.9442109595714953,0.9323550334664044,0.0008970105056399802,0.0006662712643765099,0.16757824477204927,0.7914490572718419,0.7566192185353181,0.0014678572550600206,0.0009177937916477938,0.3339663701739232,last,oracle,0,3,2,2379926
7,51,13,0.9538865225635764,0.941631775677079,0.000822476765386887,0.0006187181514274239,0.15365395593777534,0.7635781939579407,0.6857708804697141,0.0016575209859279324,0.0010007349529012085,0.37711859600054853,last,oracle,0,3,2,2379927
8,51,13,0.9568716006319984,0.9436682812375279,0.0008087788286052103,0.0006119065062261432,0.15109492659704968,0.8901604724389534,0.8776442118550539,0.000963942024688137,0.0006344185048451819,0.21931575289998886,last,oracle,0,3,2,2379928
9,51,13,0.9594393623488499,0.9524034948567774,0.000740931781508156,0.0005629951969790587,0.1384198364013344,0.903488916147144,0.8830676990400035,0.0011340596012832617,0.0007480737274081076,0.2580208445309425,last,oracle,0,3,2,2379929
1,51,13,0.678022338015786,0.6721456586388944,0.002705466712162051,0.0018378795871912459,0.4527049007270048,0.46868321551865855,0.5073256569203498,0.0029854473057030462,0.001956572660040455,0.49153535388544395,last,oracle,0,3,3,2379931
2,51,13,0.7900386936874096,0.7918069967607401,0.0018883889407863017,0.001290333768943413,0.31598353220523046,0.6006272208803854,0.5500400991697756,0.0025917533167413498,0.001743448576286032,0.4267160841508241,last,oracle,0,3,3,2379932
3,51,13,0.8465471570359577,0.8573469288207347,0.0014869089275219218,0.0010683473717640335,0.24880400686430246,0.4440749124293427,0.36638967617963974,0.0028972412307740184,0.0017430379046940354,0.47701277156678673,last,oracle,0,3,3,2379933
4,51,13,0.8836867476467639,0.880921585974574,0.0013037824123330415,0.0009468231534405989,0.2181615042208995,0.72890400738502,0.7043945812268889,0.0020370483472224236,0.0012262846588736655,0.33538735663530317,last,oracle,0,3,3,2379934
5,51,13,0.8994054302266,0.9017204494338815,0.0011615816611973368,0.0008534388236347083,0.19436709690595974,0.5305706951276571,0.5609895094822641,0.0026375342416929677,0.0018387061783214315,0.4342536290622046,last,oracle,0,3,3,2379935
6,51,13,0.9215738430475466,0.9168297137477267,0.0010589578435026912,0.0007950646986906952,0.1771950855140495,0.6574817587475814,0.6794267479401858,0.0021389386537231285,0.0014288939512493413,0.352162962678541,last,oracle,0,3,3,2379936
7,51,13,0.9297179970857441,0.932852149423044,0.0009524797725144296,0.0007432936469178016,0.1593781431212071,0.28324839717244776,0.2670004172583392,0.002962231649724754,0.001937583850948798,0.48771304033960644,last,oracle,0,3,3,2379937
8,51,13,0.9307412147805174,0.9339399591780804,0.0009423330636397281,0.0007361228381967337,0.15768029749140197,0.5641320704611843,0.5904730779947942,0.0022591473835341888,0.001343751215733509,0.37195458332946557,last,oracle,0,3,3,2379938
9,51,13,0.934616595182798,0.9386055781812304,0.000908374761502974,0.0007026668450933682,0.15199806539127325,0.7436740474715158,0.7831268058068751,0.0015869438176621116,0.0010918393462562702,0.26128044180206056,last,oracle,0,3,3,2379939
1,52,12,0.7314379553031238,0.7544256959597022,0.002452922997040112,0.0017108118408115107,0.4285623210185712,0.4926625613192779,0.42887355704085883,0.002930803831278472,0.0020907252082340783,0.5442402582462349,last,oracle,0,3,4,2379941
2,52,12,0.8264781331028522,0.8169353202791065,0.0017566769535061297,0.0012162764355133698,0.30691772769991627,0.8282851476881328,0.8151078900808854,0.0017101658609131494,0.0011827135164429552,0.3175719575135332,last,oracle,0,3,4,2379942
3,52,12,0.870013878256575,0.8677771523793689,0.0013968370417885838,0.0009832169637918023,0.24404831518803732,0.8535017221584387,0.8462107197214234,0.0012920428063167497,0.0009391039863137175,0.23992793481107086,last,oracle,0,3,4,2379943
4,52,12,0.8992392147178665,0.8922169642864624,0.001215669317119207,0.0008767562095031395,0.2123956050656038,0.791170024005845,0.7847764431292268,0.0014756663259519083,0.0008481312622425816,0.2740261950493645,last,oracle,0,3,4,2379944
5,52,12,0.9241660451907643,0.9139446942661684,0.0010539864331450893,0.0007772930666759822,0.18414718792876889,0.7970149253731343,0.7970490746333074,0.0015484293438830792,0.0010834991493841298,0.2875380388810826,last,oracle,0,3,4,2379945
6,52,12,0.9325418446721818,0.9260134952774551,0.0009752329008805658,0.0007272318743896441,0.17038776840503275,0.6829558501200294,0.6844966313713778,0.0017390520655871905,0.001108630183212642,0.3229360270304943,last,oracle,0,3,4,2379946
7,52,12,0.938405580935918,0.9346189430841317,0.0009064480857445219,0.0007062487933998962,0.15837003280505368,0.748293497547229,0.784301420788294,0.0016339517084445285,0.001113618963889034,0.30341924978916585,last,oracle,0,3,4,2379947
8,52,12,0.945885121619953,0.940202460259848,0.0008644004710809689,0.0006650428362463805,0.1510236858731479,0.8122116689280869,0.8138778863473297,0.0013940034783159931,0.0010050868197353856,0.258861683248141,last,oracle,0,3,4,2379948
9,52,12,0.9524594641313744,0.9484065558181716,0.0007999544426962878,0.0006223033417273146,0.13976400118745042,0.8539609644087257,0.8403561200593104,0.0013760792422388974,0.0009719709634241096,0.2555332138475774,last,oracle,0,3,4,2379949
1,51,13,0.6830913214175067,0.6809848097110343,0.002848255213536496,0.0019269773021179893,0.4377434269491874,0.6083663172270767,0.6365594744237086,0.0035662876574716297,0.002603057578579888,0.47214269991661173,last,oracle,0,4,0,3171801
2,51,13,0.807206186641825,0.8071620654921066,0.0019470538612609333,0.001366078233619996,0.29923934682269915,0.6073040883167464,0.578661722984236,0.003203578210823626,0.002014450275463377,0.4241234053802144,last,oracle,0,4,0,3171802
3,51,13,0.8553979695078656,0.8573045094980916,0.0015803206133791778,0.0011322004505574692,0.24287674703142575,0.44377141845496276,0.36843621927787223,0.003633978970176659,0.0021534246740722166,0.4811043884316966,last,oracle,0,4,0,3171803
4,51,13,0.8912019419148342,0.887423689364036,0.0013632106112278506,0.0009892577061517255,0.20950948558835294,0.6892727525638918,0.7097213418000388,0.0024863396302773747,0.001460106402273084,0.32916781221767405,last,oracle,0,4,0,3171804
5,51,13,0.9127195306358377,0.9034867080164873,0.0012433950057398103,0.0009191342120470959,0.19109523201337061,0.6799150216871737,0.7146517319171813,0.002744590264391779,0.0017951360784219904,0.36335774958587747,last,oracle,0,4,0,3171805
6,51,13,0.9176945509478411,0.9207103682880016,0.0011227996006498743,0.0008574063549414519,0.17256113238370702,0.3377508567381985,0.32686640830844305,0.0037084561942680116,0.0023361841760581015,0.4909644673266547,last,oracle,0,4,0,3171806
7,51,13,0.9293549503889708,0.9306880270398463,0.0010463159287206827,0.00081626864688809,0.1608064888753497,0.42255213141289083,0.4292360995638537,0.00322192094796394,0.00206829614347553,0.4265518100040379,last,oracle,0,4,0,3171807
8,51,13,0.9417873130229216,0.9371793083556686,0.0009914979397365122,0.0007548532788966353,0.15238160677828544,0.27103276470365073,0.322602797342205,0.003773357002602727,0.0025274264856620762,0.4995567194995059,last,oracle,0,4,0,3171808
9,51,13,0.944814266841669,0.9412921935297485,0.0009588700553137548,0.0007203767030086126,0.14736708354545125,0.7697998204327319,0.76208488010487,0.0020863733705665573,0.0013016446823988336,0.27621606859155956,last,oracle,0,4,0,3171809
1,51,13,0.7328019958056722,0.7509960792623642,0.0024386155139485654,0.0018162510282390115,0.43324908329875045,0.5173181249130616,0.7185172029864596,0.002395299052763509,0.0018393821833393648,0.46971663236093614,last,oracle,0,4,1,3171811
2,51,13,0.8238407828797109,0.8204638429579455,0.001710685015796487,0.0011861570392727647,0.30392356263930853,0.42609289444732473,0.5571300633619374,0.0023172637489926556,0.001652319101533675,0.45441395854648325,last,oracle,0,4,1,3171812
3,51,13,0.8667397508998138,0.86506505175778,0.0013690191556689271,0.0009738857377163679,0.24322255428106082,0.47639702070081813,0.6384085561000971,0.0022306631802314204,0.0015482745148015682,0.4374316416737162,last,oracle,0,4,1,3171813
4,51,13,0.8969007909534543,0.8907770452905026,0.0011747796365289126,0.0008486613728718804,0.2087135908440406,0.7179023508137431,0.7455229394630531,0.0014610232622262684,0.0009057073433844228,0.28650573954101916,last,oracle,0,4,1,3171814
5,51,13,0.9256180852512865,0.9091658228324495,0.0010450733751308325,0.0007743682528630136,0.18566972905959875,0.5915476928135156,0.6960281428273433,0.0017792790991041623,0.0012223742795737585,0.3489155082732473,last,oracle,0,4,1,3171815
6,51,13,0.9351184865502665,0.9236569705797759,0.0009502273805800045,0.0007295056707261214,0.16881920877107276,0.6292821102947685,0.68308119629519,0.001581584073504403,0.0011151793541678695,0.3101476385360249,last,oracle,0,4,1,3171816
7,51,13,0.9399586974162868,0.9346774671243445,0.0008719124908281972,0.0006771979323321344,0.15490563609036978,0.6567988973052263,0.655251881877184,0.0015591991723670916,0.001013926894030307,0.30575797355209744,last,oracle,0,4,1,3171817
8,51,13,0.9443320163128487,0.9412587737234297,0.0008242603411773866,0.0006442392745393433,0.1464396642980391,0.7971901516205314,0.8078402020052753,0.0012345143491537516,0.000882259693174996,0.24208748465739266,last,oracle,0,4,1,3171818
9,51,13,0.951149940221028,0.9472191749474321,0.0007803587511930537,0.0006075943779506159,0.13864002408937315,0.6578358350510248,0.7137294737944215,0.001597609922112738,0.0011685002363601665,0.31329029733278285,last,oracle,0,4,1,3171819
1,51,13,0.6412412235921305,0.6915945969527031,0.0025918063791131813,0.0018279877442673616,0.44695062355045384,0.22502813642054148,0.2645929631436792,0.003475892765456882,0.0026692239263868905,0.6010708382096596,last,oracle,0,4,2,3171821
2,51,13,0.7725214949832273,0.7792228495797837,0.0018184585963959554,0.0012318660452913157,0.3135887040443012,0.6529546402964124,0.6345003371412387,0.0019758997181702842,0.0012959909930895812,0.34168364214847513,last,oracle,0,4,2,3171822
3,51,13,0.8434788627517958,0.8382519297620219,0.0014267686099752816,0.0009985799424346382,0.24604273105804367,0.4032043905461627,0.4580113227212704,0.0027984511789505236,0.0020981997723892656,0.4839238461372687,last,oracle,0,4,2,3171823
4,51,13,0.8753437970278676,0.8747334572196312,0.0012144580006035746,0.0009013298760440891,0.20943028963117677,0.5859077631229529,0.596010253322791,0.0019491171602598423,0.0012493540576402032,0.3370522522815003,last,oracle,0,4,2,3171824
5,51,13,0.89291357718059,0.8961598607861461,0.0010914930303932329,0.000820366475436861,0.1882252835191152,0.6793586160674767,0.6844965856743455,0.0016239224270292378,0.0010760960958321182,0.28081775827558597,last,oracle,0,4,2,3171825
6,51,13,0.9175179892788196,0.9172796102365603,0.0009550814983138606,0.0007378722152786667,0.16470145094671082,0.33598047522098157,0.39815704470116453,0.002634227577279216,0.0019753316192832153,0.4555253814632851,last,oracle,0,4,2,3171826
7,51,13,0.9349491306396589,0.9263843576362828,0.0008902171443689349,0.0006972822738786658,0.15351575294260233,0.3213621821216758,0.35683817352027536,0.0025349810358115516,0.0019156268769992557,0.4383631138403547,last,oracle,0,4,2,3171827
8,51,13,0.93406195766374,0.9346262975067396,0.0008383044123935359,0.000666310795728986,0.14456353023275967,0.45267390837011084,0.49056666603445864,0.002329705030372338,0.0015954114649847462,0.4028656376581571,last,oracle,0,4,2,3171828
9,51,13,0.9388887452312289,0.942527846191321,0.0007852538415785964,0.0006158352110473569,0.13541509001881213,0.33641042501801993,0.4037850856085473,0.002509212742648368,0.0017395496673210287,0.43390711631225165,last,oracle,0,4,2,3171829
1,51,13,0.732368044446106,0.7367376311931699,0.0026275489802262157,0.0017545021674235516,0.42517063322539955,0.49061065516761715,0.43715695439281416,0.0036068513718073305,0.0023234579700515683,0.5460381123842166,last,oracle,0,4,3,3171831
2,51,13,0.8262874055036841,0.8273072516804101,0.0018708798989446845,0.0012881479447980437,0.30273201272712347,0.6428128833192124,0.5933083198138629,0.0028313231128871104,0.001746219383606784,0.42863155942464115,last,oracle,0,4,3,3171832
3,51,13,0.8787648028924491,0.8676004762949753,0.0015375227431056082,0.0010737151820140792,0.24879061178466955,0.6602637868460653,0.6175914069189047,0.002698288329411382,0.0015083159720782218,0.40849153851379055,last,oracle,0,4,3,3171833
4,51,13,0.9015903397049805,0.9016062173005499,0.001299676100608548,0.0009379597738296861,0.21030401900865056,0.5294073015592002,0.4648249564622812,0.003160698122383391,0.0019851851826215646,0.47849535748897953,last,oracle,0,4,3,3171834
5,51,13,0.9217101348209751,0.9174899267134573,0.0011728150969806976,0.0008997349097467487,0.1897763052914284,0.682494720469404,0.6437258676927022,0.0026552167557957725,0.00144272447673057,0.40197097020362466,last,oracle,0,4,3,3171835
6,51,13,0.9341158155609135,0.9354330994356939,0.0010341268912890719,0.0007877008867849533,0.16733480080243254,0.3682267099988619,0.34045924842787584,0.003498550775428276,0.002352188292992176,0.5296425786843427,last,oracle,0,4,3,3171836
7,51,13,0.939023266446876,0.9359553624982259,0.0010241426779912467,0.0007966629626064357,0.16571922890556604,0.3493089189291721,0.33723492829929336,0.00347047392446582,0.0022137082808560676,0.5253920484792263,last,oracle,0,4,3,3171837
8,51,13,0.944888918498837,0.9418011929083584,0.000974257544085903,0.0007494360832677331,0.15764718376742257,0.5859330542874847,0.6092240312681697,0.002676066168525843,0.0017810231025177853,0.40512734478019685,last,oracle,0,4,3,3171838
9,51,13,0.9562635581491525,0.9499709373534088,0.000904137387303457,0.0007002737681241674,0.14630085618783542,0.5277127935355782,0.551205407278307,0.0028402239220548893,0.001934283228090476,0.42997904523308206,last,oracle,0,4,3,3171839
1,52,12,0.8745530559328313,0.8331498210853009,0.002018019222364399,0.0015613010184997221,0.401554604728348,0.6989875795845947,0.9176352067925824,0.0017266088523645233,0.001502335058006242,0.46293985565119333,last,oracle,0,4,4,3171841
2,52,12,0.9190083220150636,0.8883385393538874,0.0014045858418340836,0.0010202887021165538,0.2794908523536716,0.8492432940194136,0.9451658586119764,0.0010743470278843114,0.0008440803789773629,0.28805485233493344,last,oracle,0,4,4,3171842
3,52,12,0.9436283491789109,0.9173522579968142,0.0010971821884302824,0.0008277819584862001,0.21832228112966384,0.7828201649097172,0.9340356127141468,0.0010165888160316241,0.0006660761983004371,0.27256867072458396,last,oracle,0,4,4,3171843
4,52,12,0.9456458822076801,0.9319692116061289,0.0009866037073779494,0.000760517296827434,0.1963188741460545,0.8803047698570088,0.9337428894673535,0.0009033078954099294,0.000572078392060729,0.24219569252003925,last,oracle,0,4,4,3171844
5,52,12,0.9586841338436843,0.9381865776522498,0.0009048459923477961,0.0006867224280469079,0.18005035371840422,0.7780607452249244,0.9346319357767217,0.0009439662254277237,0.0006522735731476357,0.25309703905471026,last,oracle,0,4,4,3171845
6,52,12,0.9623416718113348,0.9452705473541924,0.0008386967234382648,0.0006448348366118292,0.16688767259244636,0.7424485961799395,0.9271037198137364,0.0010602036940991289,0.0007405803751404283,0.28426272947400144,last,oracle,0,4,4,3171846
7,52,12,0.9671715520434622,0.9521231352691135,0.0007891564210830632,0.0006086969408111085,0.15702991885556264,0.8800125247886443,0.961647468679621,0.0007744723497672933,0.0005435264144809975,0.20765219483041153,last,oracle,0,4,4,3171847
8,52,12,0.9694245215458699,0.9573986319768393,0.0007414689699174315,0.0005754699789776884,0.14754085384017507,0.8848971923598791,0.957335146245155,0.000791602916445735,0.0005761755685533016,0.21224525715282494,last,oracle,0,4,4,3171848
9,52,12,0.9709095937770095,0.9567381875164834,0.0007424210737102156,0.0005695369596765662,0.1477303077650608,0.9347876004592423,0.9668039118862066,0.0007205642914161269,0.0005030217449460259,0.19319831969977697,last,oracle,0,4,4,3171849
1,51,13,0.7705750755204657,0.7446315062143729,0.0025664468206581807,0.0017875668967249523,0.4330343687272897,0.8103921395060635,0.746313524597305,0.0026682428884709166,0.001913996249458939,0.44848432056011445,last,oracle,0,5,0,3963701
2,51,13,0.8669539472156373,0.8415184713988209,0.001753074969332837,0.0012181893219675702,0.29579483454169964,0.8350510249244426,0.7532101949140704,0.0021851595894841116,0.0013900986189492042,0.3672865832565985,last,oracle,0,5,0,3963702
3,51,13,0.9014251425463716,0.8799333338527108,0.0014274076388600863,0.0009968102937577797,0.24084526545995943,0.9204339963833634,0.9095536001793094,0.001329334575356655,0.0009386893833369986,0.22343757249459115,last,oracle,0,5,0,3963703
4,51,13,0.924206003656737,0.90625599673991,0.0012216049675657027,0.0008836036568595087,0.20612035741627827,0.8869484945434312,0.8388172115903384,0.0017411823404171773,0.0010380937874973062,0.29266187957902584,last,oracle,0,5,0,3963704
5,51,13,0.9392157219601706,0.9243165886180165,0.0010775238187763299,0.0008126622873898036,0.18180966887627262,0.8234676715689373,0.8110718038735456,0.0017493881653493726,0.0010360392729578006,0.2940411332576368,last,oracle,0,5,0,3963705
6,51,13,0.9451621608578918,0.9368950020761776,0.0009736124270060824,0.0007375922939948066,0.16427678895193296,0.873746506657899,0.8014472115527383,0.0018525168986919867,0.001109158192908868,0.31137524481968154,last,oracle,0,5,0,3963706
7,51,13,0.9533089913206433,0.9400645000198091,0.0009397214429643397,0.0007045622531259106,0.1585583923103462,0.9188406530178681,0.8995640554422631,0.0013182243155808015,0.000851759396624334,0.22157013481552906,last,oracle,0,5,0,3963707
8,51,13,0.9601303739928614,0.9472693055960997,0.0008769229245266067,0.00066758848334064,0.14796245220755508,0.8607215569240885,0.8086947188549954,0.0017739712508501617,0.0010519085971947644,0.2981731140625817,last,oracle,0,5,0,3963708
9,51,13,0.9619758304863038,0.9517497892936551,0.0008381160557297219,0.0006361457509976399,0.14141460255157348,0.9450928818017424,0.8935665645068304,0.001238070463378764,0.0007917317169403952,0.20809769341957082,last,oracle,0,5,0,3963709
1,51,13,0.7775810079596042,0.7569624263750807,0.0022765241293432412,0.0016243730092932282,0.43077567719187526,0.8383388763135599,0.7599918881260377,0.0019038215878049896,0.0013103523813362743,0.4453021169675692,last,oracle,0,5,1,3963711
2,51,13,0.8653990680772056,0.8445634591253672,0.00157990122031299,0.001103488024987093,0.29895708519151126,0.835253354240696,0.8084250501985146,0.0015470649922729029,0.001005360681419275,0.36185707765811176,last,oracle,0,5,1,3963712
3,51,13,0.9032740989796152,0.8845815170311089,0.00127937725617928,0.0009186762392930005,0.24209038543048855,0.8572313762187179,0.8292489266811369,0.0013300633874742311,0.0007317381107872749,0.3111006020402366,last,oracle,0,5,1,3963713
4,51,13,0.9193634045964996,0.9052659594337111,0.0011185441135143565,0.0008343949198320454,0.21165670583388022,0.9080160345983131,0.8715692446139521,0.0010885724283470324,0.0006301313351782615,0.25461608898675536,last,oracle,0,5,1,3963714
5,51,13,0.9335990597432311,0.9213200679691033,0.0009976169171026486,0.0007610446944720418,0.18877423590803033,0.8993411651639498,0.8789340372028476,0.0010747633222755323,0.0006768387377379863,0.25138615178756724,last,oracle,0,5,1,3963715
6,51,13,0.9435355535414203,0.9340921698169369,0.0009090038486851258,0.0007088496088667234,0.17200641251288767,0.8794876010065883,0.810946981438765,0.0013093870182561095,0.0008078874114242557,0.3062644183121972,last,oracle,0,5,1,3963716
7,51,13,0.9500250595689752,0.9406955293909183,0.0008519353938716599,0.0006560467986430778,0.1612076241531715,0.9364938858609745,0.9151989387494653,0.0008902364788660981,0.0006533920574691626,0.20822549296643145,last,oracle,0,5,1,3963717
8,51,13,0.9569686107281307,0.9439669370783819,0.0008203050035580201,0.0006447708175677733,0.15522235800484727,0.8538676513360057,0.8054942363271399,0.0012347381252741257,0.0007385977445416744,0.2888041109561447,last,oracle,0,5,1,3963718
9,51,13,0.9584962315118766,0.951497034346173,0.0007651913862684137,0.0005952685513592312,0.14479347411804508,0.8966097193945294,0.8929318630171937,0.001136179046377183,0.0007879489999569428,0.26575123312330984,last,oracle,0,5,1,3963719
1,51,13,0.7386870004659448,0.7206165444578607,0.00254849052264086,0.0017766471491509437,0.44176702843943944,0.764943916842651,0.7293620266847529,0.0023966428865044194,0.0017137314630125005,0.4323958696681398,last,oracle,0,5,2,3963721
2,51,13,0.8377973898848938,0.8256673843565056,0.001767751247919889,0.0012160354888761215,0.3064301039677562,0.7179276419782749,0.658301031511233,0.0021167895216825296,0.0013133744090630763,0.38190547756879395,last,oracle,0,5,2,3963722
3,51,13,0.8850881647188608,0.8715109101706816,0.0014013469989120884,0.000978399517189741,0.24291591199656995,0.8261485350092944,0.8493820898192861,0.0014811991153205663,0.001003193535232989,0.2672339643203387,last,oracle,0,5,2,3963723
4,51,13,0.9146131215954849,0.9023623371342162,0.0011772996400116903,0.0008668605696756305,0.2040785158627325,0.8191681735985533,0.8102473112197479,0.001602759691340315,0.0009761383893626733,0.2891655968056786,last,oracle,0,5,2,3963724
5,51,13,0.9280904015509754,0.916889758461755,0.0010680873362271174,0.0008062306035787833,0.18514715453989697,0.8684100709417164,0.8681803836250458,0.001255377303171678,0.0008250136633128032,0.22649179976841777,last,oracle,0,5,2,3963725
6,51,13,0.9373735183519547,0.9283977243552115,0.0009786922972289248,0.0007277648103249062,0.16965100872942082,0.8493152417203049,0.8574637650916777,0.001310508892891091,0.0008936556972914353,0.23643849304389447,last,oracle,0,5,2,3963726
7,51,13,0.9480032061095607,0.9366841642869068,0.0009132332933715876,0.0006826365305336944,0.15830404496331824,0.8986583037215948,0.8828519642791673,0.0012207852008621753,0.0008952466092441166,0.22025078562067263,last,oracle,0,5,2,3963727
8,51,13,0.9515079222990306,0.9414811246264825,0.0008757051699539611,0.0006749690658948263,0.1517987480364402,0.8503521794661035,0.8017324441375745,0.001457250132187273,0.0008840513131360733,0.2629131531357021,last,oracle,0,5,2,3963728
9,51,13,0.9571247080432569,0.9469826599258213,0.0008319916298876643,0.0006425670576106336,0.14422124263624542,0.8971661250142262,0.8769370496958032,0.0011752347888869207,0.0008284695786421933,0.21203270268863048,last,oracle,0,5,2,3963729
1,51,13,0.7489546709208366,0.746399025673416,0.0025668364679847814,0.0017871182430152126,0.43588742565830224,0.7554597301432744,0.7169350835089424,0.002496473952576732,0.0016941261820780323,0.4409443529076718,last,oracle,0,5,3,3963731
2,51,13,0.8465748683240294,0.836356522910142,0.0017992428008564646,0.0012323337034644884,0.3055384799076369,0.8504280529596985,0.8080483483440307,0.0018031655707859847,0.001223490625681007,0.31848747108895803,last,oracle,0,5,3,3963732
3,51,13,0.8930572805912443,0.8784516081954011,0.0014350344826622766,0.0010218619827059865,0.24369043146314762,0.7939275913959457,0.7768444465358832,0.002132806027493312,0.001469319480862265,0.3767108295682146,last,oracle,0,5,3,3963733
4,51,13,0.9142137990520678,0.9042397876713291,0.001245656366585608,0.0008979395502965206,0.21153117997897103,0.8882889262636097,0.8533248747253226,0.0015633982151526736,0.0009894222995920439,0.2761381161641886,last,oracle,0,5,3,3963734
5,51,13,0.9256894428474653,0.9167344431282788,0.0011430513425380404,0.0008416434850501822,0.19410730418885674,0.9136053819598123,0.8790499847346466,0.0014511016164745728,0.0010198142928336358,0.2563035206593009,last,oracle,0,5,3,3963735
6,51,13,0.9428950233820683,0.9323868104913241,0.0010208791832876129,0.0007731976681147791,0.1733606346417336,0.8298916273599816,0.7970886662593017,0.001814684250675164,0.0012345279282918345,0.3205219793380196,last,oracle,0,5,3,3963736
7,51,13,0.9480879870042704,0.9364965934109455,0.000984364857127172,0.0007366966206312069,0.16715995305245496,0.8596593280137583,0.8838689331771342,0.0014731497952085696,0.0010210049825299823,0.260197821216541,last,oracle,0,5,3,3963737
8,51,13,0.9522418802631887,0.9420902452570398,0.0009389559860692074,0.0007096895855230363,0.15944884400660078,0.9264027112128377,0.933067090723938,0.001134375460265532,0.0008648612362198738,0.20036117451369773,last,oracle,0,5,3,3963738
9,51,13,0.9585951356930777,0.9494614632987071,0.0008760095328466877,0.0006690462150944221,0.14875958982476892,0.8763009142755976,0.8914255969396175,0.001424624069258162,0.001056327609753799,0.251626874659501,last,oracle,0,5,3,3963739
1,52,12,0.6055066057537968,0.6678679213582465,0.002839215184955143,0.001990492692832504,0.43366587975486426,0.3950944577810251,0.38421996559504323,0.004033773533058113,0.003038813554237456,0.5353611484283692,last,oracle,0,5,4,3963741
2,52,12,0.7344270650697616,0.758312941095162,0.0020265054524164186,0.0014043726368651523,0.309531406603857,0.4788852938106671,0.43188725059268007,0.002996163670110051,0.0021302300915403884,0.3976498953557802,last,oracle,0,5,4,3963742
3,52,12,0.8084550191381653,0.808779244194399,0.0016489997524808003,0.0011910220058993985,0.2518706338866097,0.6521866193507986,0.6208246418952487,0.0026809409022084856,0.0017899849823606682,0.35581362922642934,last,oracle,0,5,4,3963743
4,52,12,0.8397236202000248,0.8441315770630196,0.0014430855735682142,0.0010671605383214332,0.22041900104619921,0.5914413944264691,0.5910752775249892,0.0025232321362463794,0.001707226606624719,0.3348825716519887,last,oracle,0,5,4,3963744
5,52,12,0.870323941227312,0.8755353560129386,0.0012775484362606837,0.000970412028031494,0.1951346165927165,0.5779981212817034,0.5456769904586448,0.0024197577117333973,0.0016522841490145103,0.32114947873384525,last,oracle,0,5,4,3963745
6,52,12,0.8955822200271639,0.8966107265000269,0.0011547676609773739,0.0008783904637273157,0.17638090140678492,0.4744181191942387,0.4125736564616977,0.002958426495620071,0.002084683107352299,0.39264142948435066,last,oracle,0,5,4,3963746
7,52,12,0.905051734782072,0.9116474194609274,0.0010660353408584189,0.000825871523804248,0.1628277970591534,0.5916083916083916,0.5683216331110877,0.002391726494515474,0.0017821623743746833,0.31742918444398327,last,oracle,0,5,4,3963747
8,52,12,0.917864032596617,0.9189969635518034,0.0010238570316226155,0.0008058836886412521,0.15638542041991804,0.6083498590961278,0.6068207090666254,0.00223940601541893,0.0016332122557273134,0.2972132585993653,last,oracle,0,5,4,3963748
9,52,12,0.9228565008025683,0.923684434453168,0.0009956357982017724,0.0007948190129476825,0.15207486795314165,0.2794906585951363,0.2740286481773457,0.003178322628463902,0.002462674586460663,0.42182597473693967,last,oracle,0,5,4,3963749
1,51,13,0.7723896090163719,0.7701650534986806,0.0022656241480011876,0.001696182668881572,0.4296522429388844,0.6694191884065301,0.6635301313702767,0.0020311071018925533,0.0015532880716758516,0.48064116446726945,last,oracle,0,6,0,4755601
2,51,13,0.8496161101323174,0.8426461168734188,0.0015570949398337358,0.0010981684478141047,0.2952869892204208,0.7614537361372804,0.7609993674624085,0.0014178157109675667,0.0009601100034086393,0.33551189579538504,last,oracle,0,6,0,4755602
3,51,13,0.8887600956792954,0.878125979997634,0.001252125460018714,0.0008995639076327254,0.23745267405123055,0.7344174812529243,0.7850767968443207,0.001321982603887258,0.0009034167775194961,0.3128339502854329,last,oracle,0,6,0,4755603
4,51,13,0.9165843700429528,0.9026358097984549,0.0010778386177939807,0.0007908557816896928,0.2044009727164543,0.7770583846533213,0.7716999449389159,0.001262703311440603,0.0009042499741987332,0.2988060991082066,last,oracle,0,6,0,4755604
5,51,13,0.9282624338861369,0.9199278570379911,0.000949628098016693,0.0007152314642198726,0.18008717051794285,0.7848986456581393,0.7762053014766651,0.0011640304208269017,0.0007410008793349008,0.27545614725104955,last,oracle,0,6,0,4755605
6,51,13,0.9431353251312311,0.9328793023188435,0.0008607890355026643,0.000663205622469439,0.16323975895437218,0.6004248915641319,0.5997198519847485,0.0015242316941677157,0.0010100051564030813,0.36069417300547907,last,oracle,0,6,0,4755606
7,51,13,0.9470949511433108,0.937569011743893,0.0008282868232866679,0.0006464381739695031,0.15707604976571501,0.6817612766979855,0.7168392142979362,0.0013280881706848164,0.0008049884657668673,0.31427877155191203,last,oracle,0,6,0,4755607
8,51,13,0.9504212115786902,0.9456976488676456,0.0007617693749035381,0.0005963580113578713,0.14446170200746178,0.8292340570821582,0.8185836198397666,0.0010336399767847883,0.0006968994460632047,0.2446005538648565,last,oracle,0,6,0,4755608
9,51,13,0.9553133039052903,0.9491980746141359,0.0007340891017848719,0.0005745263047327959,0.13921242381580404,0.8901098901098901,0.8780313955973937,0.0008369900582615725,0.0006153658299829637,0.19806531909396638,last,oracle,0,6,0,4755609
1,51,13,0.7380459761974445,0.7231889960422142,0.002443337425475028,0.0016970376944706559,0.4439345264963147,0.7572554028250229,0.7335912574548024,0.0020708604264964335,0.0013913798681619712,0.4160965094569651,last,oracle,0,6,1,4755611
2,51,13,0.8425818487686716,0.8245999583060668,0.0016885191322436371,0.00116007466349947,0.30679018527570473,0.8185358944852615,0.8032604004622422,0.0015787268997560792,0.0010316006368841705,0.31721247070508535,last,oracle,0,6,1,4755612
3,51,13,0.8843465480629027,0.874837122495611,0.0013462767304617664,0.0009479656117751335,0.24460752601714664,0.630698415508542,0.6508407530668221,0.002106588757707418,0.0012504686636317895,0.4232753775812474,last,oracle,0,6,1,4755613
4,51,13,0.9175416653421794,0.9056489263905972,0.0011267170356950185,0.0008454814472874615,0.20471531623977554,0.6419024013960721,0.6501054579965342,0.002004127886289784,0.0011700681049510032,0.40268798771793063,last,oracle,0,6,1,4755614
5,51,13,0.9326688580956407,0.9187504259769119,0.0010121607379596398,0.0007673779806268256,0.18390136919255634,0.6332528231262408,0.6149492994938422,0.0020455679145525534,0.0011801188716673737,0.4110145030597244,last,oracle,0,6,1,4755615
6,51,13,0.9398510639734643,0.9338721570347842,0.0009173978797777203,0.0006984732932966903,0.16668372903454623,0.5238179541977009,0.43965941768161293,0.002337638868717676,0.0013830359104327692,0.46970011170186826,last,oracle,0,6,1,4755616
7,51,13,0.9438015077905365,0.9388392522558766,0.0008696845014984194,0.0006759580531094457,0.15801459648939933,0.6967842284297979,0.6509656424357744,0.0019028452929024172,0.0012005481918456221,0.382337348419399,last,oracle,0,6,1,4755617
8,51,13,0.949651307173987,0.9460688649743022,0.0008165276782008197,0.0006287557922700062,0.14835643428280998,0.8857851009749744,0.8708325708651401,0.0011154972119828406,0.0007798884464457481,0.22413605971519368,last,oracle,0,6,1,4755618
9,51,13,0.9532440571433934,0.9508238290412522,0.0007722689949661869,0.0005928615005503444,0.1403149917132078,0.8417784746898671,0.8388892165985841,0.0013005108360963978,0.0008282496710896942,0.26131071533690453,last,oracle,0,6,1,4755619
1,51,13,0.6790262854537725,0.657385978346751,0.002894194197557934,0.0019284940521897191,0.43274061390038576,0.039138077112760655,-0.030317713280018192,0.005583078454701038,0.0042498251412184,0.6800183166189402,last,oracle,0,6,2,4755621
2,51,13,0.7702573633380564,0.7918636718495288,0.0019724481359981896,0.0014007966253743967,0.29492092064131165,0.47073179984572383,0.4017536927694134,0.003829803171476713,0.002760945515780157,0.4664695878411993,last,oracle,0,6,2,4755622
3,51,13,0.8331653636733918,0.8352847297059965,0.0016282553957427301,0.0011724204837509943,0.2434571391701576,0.38249092679472424,0.3680398704654845,0.003621195840019588,0.0020927610756795783,0.44106123875156794,last,oracle,0,6,2,4755623
4,51,13,0.8667604623082835,0.86676712080547,0.0014161434100787734,0.00104306961490447,0.21174210395610712,0.6316088974316821,0.6250264704443281,0.002750057878671219,0.0015964764192693771,0.3349567347892115,last,oracle,0,6,2,4755624
5,51,13,0.8893365975281695,0.893752126159655,0.001242919298839945,0.000931633376410178,0.18584159309782056,0.7129958648945991,0.6071036053785575,0.002887522724205257,0.0020027525277070404,0.351699937237966,last,oracle,0,6,2,4755625
6,51,13,0.9041254902180388,0.9111248416022257,0.0011334877808577416,0.0008823364318099945,0.16947936615685455,0.5791803133575285,0.511860641901853,0.002966661665021475,0.001974608791867778,0.3613390511693737,last,oracle,0,6,2,4755626
7,51,13,0.9164788777397734,0.9178463514055534,0.0010849738802276485,0.0008252729711944212,0.16222555604311614,0.44746392847658667,0.40485182432733974,0.0032596237913472687,0.0020332360697258656,0.39702180461687814,last,oracle,0,6,2,4755627
8,51,13,0.931325540024241,0.9291039778173299,0.0010076401708835878,0.0007817692242615071,0.15066260118508337,0.4759164885747164,0.5352003622625054,0.0031208315834934147,0.00208472061437728,0.3801169295895295,last,oracle,0,6,2,4755628
9,51,13,0.9326722345081547,0.9351661236901371,0.0009647875605995342,0.0007602941695692493,0.14425526856821802,0.02783292656710378,-0.0029523812074144897,0.004482527185551422,0.0034111390288017332,0.5459712980301543,last,oracle,0,6,2,4755629
1,51,13,0.7514366635246815,0.7589635658984681,0.0025086317469900326,0.001708565681480358,0.4262828143164694,0.554394972116491,0.59889139800797,0.0028823586972297486,0.0019307853183243772,0.5056221719907071,last,oracle,0,6,3,4755631
2,51,13,0.8493827259112319,0.8342221760351054,0.0017517680195389875,0.001176251337619132,0.2976716699430475,0.5051530747733279,0.7059569249849086,0.0027505513802013404,0.001900028549033977,0.4825005868860413,last,oracle,0,6,3,4755632
3,51,13,0.8844249878902082,0.873619774292528,0.0014549352707006456,0.0010054926083593332,0.24723194330404438,0.7883888263635099,0.8056727562864746,0.001910400818580415,0.0011230500776557087,0.33512172242539623,last,oracle,0,6,3,4755633
4,51,13,0.9097583756853499,0.8991027171599515,0.0012613307681398139,0.0009034647782694225,0.2143334230987592,0.8529571694128656,0.8581360595800362,0.0016065677116812904,0.0010596041054854583,0.28182344432396844,last,oracle,0,6,3,4755634
5,51,13,0.9264363711767685,0.9179647635425434,0.001124110029342341,0.0008389488815741753,0.19101599407102066,0.7590510755067716,0.7633578455438176,0.0018380306906131839,0.0012465487772200482,0.3224265844728556,last,oracle,0,6,3,4755635
6,51,13,0.9359357430816896,0.9262893109672852,0.0010530432520321575,0.0007896500034397723,0.1789398709522984,0.7806750211813501,0.7788093501149073,0.0018657247678724898,0.0012615407635253207,0.32728466806550033,last,oracle,0,6,3,4755636
7,51,13,0.9439285350174329,0.9363602321686925,0.0009723444409412243,0.0007350079303849266,0.1652270108064793,0.7871748504659896,0.7696695033813935,0.00182520456185064,0.0012315758046586957,0.3201766302636925,last,oracle,0,6,3,4755637
8,51,13,0.9506895540220237,0.942201292149714,0.0009243851647746121,0.0006939752492744126,0.15707746265481692,0.861758494669887,0.8447774229161635,0.0014919616428187626,0.0010196402090495607,0.26171929506687514,last,oracle,0,6,3,4755638
9,51,13,0.9549385632920054,0.9491122402984854,0.000866832209572713,0.000662203397506276,0.14729769496068165,0.7781964870572464,0.8000250822285204,0.001853252890599014,0.0012449249573002836,0.32509685650621134,last,oracle,0,6,3,4755639
1,52,12,0.7447565872329918,0.7196854706187592,0.0026058852368927013,0.0017897227996493581,0.44395196882674864,0.7260828723515291,0.7325570795066453,0.0024482288900729843,0.0016611250948234436,0.4242130330446057,last,oracle,0,6,4,4755641
2,52,12,0.8451636004444993,0.8243120053799202,0.0017850098219533749,0.0012248352063282686,0.30410342466816576,0.5753679156664232,0.49037668331801754,0.0027052703562185487,0.0017065975765092744,0.46875149119857007,last,oracle,0,6,4,4755642
3,52,12,0.8858432399061613,0.8783476485741961,0.001407588644039024,0.001006218522513955,0.23980401783327993,0.8676547333263752,0.8595818467227465,0.0015057738093074298,0.0008573425866801594,0.2609106024830841,last,oracle,0,6,4,4755643
4,52,12,0.9040113100382763,0.8964490508961371,0.0012503063681520337,0.0009043279666651316,0.21300860295735755,0.8525414883623841,0.8545850116309475,0.0014912459673517605,0.0009852378022326492,0.25839331338295285,last,oracle,0,6,4,4755644
5,52,12,0.9261538955426597,0.916709121002321,0.001101644758010245,0.0008253134347798707,0.187681848894274,0.8811815050621022,0.8460234176040377,0.001518130513875885,0.0009612660204149207,0.2630516911470873,last,oracle,0,6,4,4755645
6,52,12,0.9343875540190147,0.9292096202556319,0.001007084504628679,0.0007688891371777026,0.1715720793360565,0.7614027763281496,0.741944165687548,0.0019561864318813262,0.0013148818415800619,0.33895514542528904,last,oracle,0,6,4,4755646
7,52,12,0.9459650821089024,0.9380628117911401,0.0009372292206964586,0.0007243862914883597,0.15967117503083067,0.7896253000730613,0.7329594353479579,0.001869970063781933,0.0011688837276938077,0.32401613904486704,last,oracle,0,6,4,4755647
8,52,12,0.9477183355969874,0.9436514230943008,0.0008904564046046765,0.0006935199069394014,0.15170271828625104,0.8454858574261561,0.7853168404751308,0.00169565879313861,0.0010071682441222876,0.29381262616529363,last,oracle,0,6,4,4755648
9,52,12,0.9547105568588715,0.9499866696364669,0.0008375951794768037,0.000653248816667558,0.14269700896418722,0.8067842605156039,0.8048617128170633,0.001700249249980443,0.0012053522963666984,0.29460803039723876,last,oracle,0,6,4,4755649
1,51,13,0.7352625770130871,0.7400942315137198,0.0025531281372964776,0.001791389240797624,0.4324974304419687,0.6492621302747884,0.6154070106540835,0.0027861813141242904,0.001962761728846781,0.47310314065285874,last,oracle,0,7,0,5547501
2,51,13,0.834067236396475,0.8255001444936734,0.0017818093396248047,0.001227827702095558,0.30183677413905735,0.8576613260157564,0.8501788784165899,0.0016878371824723978,0.0012319348531338284,0.2866005409950653,last,oracle,0,7,0,5547502
3,51,13,0.8796460053828249,0.8684816627871673,0.0014495923797836184,0.0010103004268082936,0.24555954332497745,0.8330277317619089,0.8109421239705195,0.001656534572673818,0.0011561203115406683,0.28128525051800113,last,oracle,0,7,0,5547503
4,51,13,0.9040831615343274,0.8961985749918505,0.0012435195995173223,0.0009133883349995352,0.2106510141966347,0.7587981638614549,0.7749406027923773,0.001853376983380372,0.0011305327230569174,0.3147097668073226,last,oracle,0,7,0,5547504
5,51,13,0.9218543323407778,0.9183803984885047,0.00107956658002662,0.0008145470805645276,0.18287753169605916,0.8036393985761074,0.7955788316635548,0.0017475117937225035,0.0011519687649912014,0.2967334946031247,last,oracle,0,7,0,5547505
6,51,13,0.9378400397395517,0.9295399546453319,0.0009912828456197964,0.0007566171531911514,0.16792235270484562,0.827564840223068,0.8367991900880938,0.0015828943786043623,0.0010392119905622773,0.26878089306074215,last,oracle,0,7,0,5547506
7,51,13,0.9428166247305251,0.9362209190857089,0.0009380258130781431,0.0007285142188450677,0.15890066304080094,0.793522932763439,0.7857577921553778,0.0016794141701637097,0.001008020986408513,0.28517028462345134,last,oracle,0,7,0,5547507
8,51,13,0.950756588163154,0.9458250038441481,0.0008591445664838852,0.0006501017870153179,0.1455382563665314,0.6937492886859975,0.6693189452960128,0.002217763729188166,0.0014688010898371712,0.37658388568824913,last,oracle,0,7,0,5547508
9,51,13,0.9588890071090777,0.9530839052798797,0.0007976154497743161,0.0006239447868015531,0.1351152836666843,0.7076594291784164,0.7240605230452538,0.0022795354887849874,0.001570403403075172,0.38707294227647576,last,oracle,0,7,0,5547509
1,51,13,0.7920078833467593,0.7925865735320057,0.002262739844801632,0.0016760716019670885,0.40996297203870213,0.03021029603308084,0.6875915901484367,0.002950063427922192,0.0024371559223301405,0.6042687380062652,last,oracle,0,7,1,5547511
2,51,13,0.8621437946561435,0.8578454479852178,0.0016184818552965159,0.0011679944342475282,0.2932363758531158,0.5178239482036949,0.7913838749051938,0.001921232699387682,0.0011714481046490156,0.3935308128249454,last,oracle,0,7,1,5547512
3,51,13,0.8954026108397994,0.8869849018840119,0.0013105690806125023,0.0009415830331905631,0.2374487710481949,0.7807003123458819,0.8936397996956161,0.0012584698056224742,0.0008963044268387397,0.2577754613900252,last,oracle,0,7,1,5547513
4,51,13,0.921171185267378,0.9080234361861331,0.0011269375894806613,0.0008343447841636743,0.20417843639736905,0.6309766183183905,0.8516901900163124,0.001474171500151848,0.0009306424965671838,0.3019581692956924,last,oracle,0,7,1,5547514
5,51,13,0.9331364500530591,0.9240114051216539,0.001005479804016344,0.0007388554839216773,0.182172727336036,0.6676235157247815,0.8881779939557874,0.001253844615375489,0.0008813322062337817,0.25682807231115606,last,oracle,0,7,1,5547515
6,51,13,0.940097542086982,0.932282071187511,0.0009380363030769537,0.0007126921734735122,0.1699533207819293,0.779081677815855,0.8744371651282332,0.0012331807410657823,0.0008439289359587598,0.25259544018085606,last,oracle,0,7,1,5547516
7,51,13,0.9480396054834914,0.9415977412407384,0.000861896897926334,0.0006580499670322198,0.1561583911984343,0.5382845003098167,0.7922154447033652,0.0015824038603245783,0.0010463365385288339,0.324127669474568,last,oracle,0,7,1,5547517
8,51,13,0.9532062989693046,0.9470419338757011,0.0008166368191056846,0.0006246971721318488,0.14795817477910217,0.6770571200950948,0.8701449056993211,0.0013145002913764834,0.0009534782996413135,0.2692523234113614,last,oracle,0,7,1,5547518
9,51,13,0.9574521788813468,0.9522807941067746,0.000774530779756934,0.0005938646996252055,0.14032940690645015,0.7888693584896117,0.877169479579594,0.0011258455829257588,0.0008211364961132677,0.23060971609808367,last,oracle,0,7,1,5547519
1,51,13,0.8522471178201616,0.8055704583300376,0.0022339988693728494,0.0016114616786362323,0.41064101834220246,0.8566496794344896,0.8512371519078732,0.002018508754200708,0.0016722065111426238,0.4429610370896072,last,oracle,0,7,2,5547521
2,51,13,0.90352522995428,0.8736940107701519,0.0015677993654764565,0.001086521412067401,0.28818399902603614,0.9398576107436867,0.8938694404156401,0.0014451430834976416,0.000998867803168289,0.31713614205377705,last,oracle,0,7,2,5547522
3,51,13,0.9294770777001459,0.9036039801329665,0.0012826705114948288,0.0009066836506894516,0.2357732281152029,0.9074343378140847,0.9438471252247376,0.0012311954769055665,0.0008760653412338887,0.2701854149382079,last,oracle,0,7,2,5547523
4,51,13,0.945559795195052,0.9224257394268995,0.0011139255716400007,0.000803643225253142,0.20475548907689575,0.9007068880486602,0.9230359857604404,0.001354902917872538,0.0009321240237544098,0.297332969405035,last,oracle,0,7,2,5547524
5,51,13,0.9532534040414504,0.9339262744762328,0.0010193784640960904,0.0007721962499157247,0.18737637530230355,0.9562968676892727,0.9609656011894218,0.0010443973895963433,0.0007316347771502461,0.22919264029274258,last,oracle,0,7,2,5547525
6,51,13,0.9591218972210147,0.9400287354629454,0.0009635243173530617,0.000723324181653404,0.177109582417296,0.9689677411196397,0.9499726900558709,0.0010253696065185432,0.0007411988320437119,0.2250169999800029,last,oracle,0,7,2,5547526
7,51,13,0.9649531263356388,0.9473911709624848,0.0008934347434363667,0.0006709536576818482,0.16422611394159237,0.9409957131476119,0.9200878489920905,0.001168691787821952,0.0008536131167432661,0.2564690023238035,last,oracle,0,7,2,5547527
8,51,13,0.967411154645787,0.9500914496422519,0.0008686282596474006,0.000659688802730171,0.15966632660049576,0.9526802311612438,0.9453264526943614,0.001140041989668339,0.0008376038657377046,0.25018181418249785,last,oracle,0,7,2,5547528
9,51,13,0.9711295730419318,0.9549112224147542,0.0008254556201655489,0.0006174797365780473,0.15173057654959027,0.9182589562336396,0.947695106839075,0.0011163974464109563,0.0007973309982937012,0.24499302747002819,last,oracle,0,7,2,5547529
1,51,13,0.746848818906197,0.7139455098140739,0.002605771921420755,0.0017015271044280055,0.43488357929828475,0.3694153947318504,0.249581526461893,0.003888293656781501,0.00246106053047945,0.6306681019097627,last,oracle,0,7,3,5547531
2,51,13,0.843510115155431,0.8280672551330978,0.0018050201588465707,0.0012561030568648598,0.30124418063295466,0.7012101822228404,0.6706526813809727,0.0025088339302301466,0.00145070903879344,0.40692439214962545,last,oracle,0,7,3,5547532
3,51,13,0.8868153232470283,0.8714995591029994,0.0014666812370497603,0.0010281467725195797,0.2447779795363158,0.8547528420946141,0.8609581122290612,0.001569761381764438,0.0010647544830688525,0.254609995662747,last,oracle,0,7,3,5547533
4,51,13,0.9066433057351412,0.9066568414600475,0.001225442353262602,0.0008975704843338055,0.20451703866698548,0.7113772303645721,0.6012701056471702,0.002516304702265622,0.001535396474417991,0.4081361261479557,last,oracle,0,7,3,5547534
5,51,13,0.9233212600507975,0.9187151588202169,0.0011128638882957561,0.0008265678313375126,0.18572854632265368,0.8895281933256616,0.865152893338488,0.0015219060617009297,0.0009511018382850966,0.24684802433681607,last,oracle,0,7,3,5547535
6,51,13,0.9406521796060401,0.9336810294900294,0.0009923544790030937,0.0007691014087070162,0.16561643949492308,0.8134776615789274,0.7713939864109859,0.0019611107468567434,0.0010981206076786701,0.31808554124966415,last,oracle,0,7,3,5547536
7,51,13,0.9469309480818106,0.9379280909964648,0.0009538139136841733,0.0007261855458514356,0.15918431131966326,0.7999468885544835,0.8337483590200799,0.001627567503712972,0.0010613385377610223,0.26398595345453135,last,oracle,0,7,3,5547537
8,51,13,0.9530889892223264,0.9455417628052576,0.0008900515903823362,0.0006811067235858838,0.1485428629434913,0.7847721898354809,0.7852132459452239,0.0017863751533658391,0.0011512168143566375,0.28974401799799654,last,oracle,0,7,3,5547538
9,51,13,0.954189370295772,0.9502740428671435,0.0008497706669125839,0.0006710166232362538,0.1418202821865327,0.792915944814679,0.7766791961085875,0.0018823392541546613,0.0012701842685796379,0.3053090711133674,last,oracle,0,7,3,5547539
1,52,12,0.47810465489566617,0.5512488868806995,0.0029573340110236918,0.001977254369979489,0.45421097470550015,0.26542114601816097,0.3278975337422253,0.004692914214352726,0.0035727897777515934,0.6109287259026354,last,oracle,0,7,4,5547541
2,52,12,0.6394762810223484,0.6915196306770538,0.002074061081319329,0.0014183535321414696,0.31855086433699725,0.3399436384511012,0.3162974925730571,0.0032217497205175145,0.002180641239303232,0.41941091655015705,last,oracle,0,7,4,5547542
3,52,12,0.7417687615755032,0.7690471670928889,0.0016679042761277012,0.0011814263084321262,0.25617005862425246,0.5734056987788332,0.549016621291055,0.002391984360250299,0.0015513340936977667,0.3113911507517938,last,oracle,0,7,4,5547543
4,52,12,0.7928964563526362,0.8244356380791973,0.0014064458685338094,0.0010777714933756595,0.21601318837709996,0.202087464774032,0.2652199403441977,0.003572551410657163,0.0024485646561189464,0.46507866580200774,last,oracle,0,7,4,5547544
5,52,12,0.8428439066551427,0.8578622389262334,0.0012462087158412237,0.0009426872499378896,0.19140268681142125,0.3415301116793655,0.3534356036453442,0.0030201171735278537,0.0022293066998470223,0.3931621701622184,last,oracle,0,7,4,5547545
6,52,12,0.8557021360661811,0.8755427471661819,0.0011617921652953467,0.0008983700066160078,0.17843731882735425,0.46882371359983305,0.39287651906172727,0.0030214918322987974,0.002145870381924172,0.3933411247505881,last,oracle,0,7,4,5547546
7,52,12,0.8645565625385851,0.8909559235051936,0.0010867566908466485,0.0008406100838482664,0.16691277142763894,0.10380962321260831,0.10406403061466649,0.00309510581278315,0.0022069664299815576,0.40292427356851934,last,oracle,0,7,4,5547547
8,52,12,0.8809701444622794,0.9026020053974518,0.0010297214449701574,0.0008213929452399388,0.15815284288200895,0.3224089343492329,0.30593496301822287,0.0031932512932830474,0.002439089020211342,0.41570095999750284,last,oracle,0,7,4,5547548
9,52,12,0.89458352883072,0.916896028793788,0.0009614245872663668,0.0007716524097525478,0.1476632660566224,0.26325018265316774,0.2833197760576338,0.0032605406637051834,0.0024281964124585175,0.42446076413222555,last,oracle,0,7,4,5547549
1,51,13,0.7674381824162037,0.7450282417442748,0.0024965194912808762,0.0017743477596742596,0.4337027221207358,0.7820913263951238,0.7693581857926627,0.0022635355468197645,0.001501621995205666,0.4119379254435976,last,oracle,0,8,0,6339401
2,51,13,0.8518610126964639,0.836451851695859,0.0017334375425154844,0.0012054197954510884,0.30113787752945753,0.8218237458743787,0.7858976935619892,0.0019115875005496245,0.001393739296359879,0.34788735276841043,last,oracle,0,8,0,6339402
3,51,13,0.8923510339151578,0.8851047946414845,0.001354206170559286,0.0009625200544465944,0.23525668617268639,0.8213432137482769,0.7853435490105362,0.0019185319466184397,0.001326425514139241,0.3491511635846187,last,oracle,0,8,0,6339403
4,51,13,0.9224077757627274,0.9040438589728781,0.0011942286698804693,0.0008607542622137929,0.2074649233746011,0.8162849808419428,0.7536538687159704,0.0018302537181102544,0.001149616677035022,0.3330855222190169,last,oracle,0,8,0,6339404
5,51,13,0.9383415193493966,0.9210440550069935,0.0010566900119461137,0.0007929641031731206,0.1835713024550392,0.782774187837479,0.8467795962084079,0.0016446154798064575,0.0010882364259345296,0.2993014577817203,last,oracle,0,8,0,6339405
6,51,13,0.9436917743838334,0.9305402634376707,0.0009810183747004672,0.0007343380943447048,0.1704254026631928,0.8614297095309753,0.85031564430334,0.0014870599798522198,0.0009322035199421025,0.27062813480936165,last,oracle,0,8,0,6339406
7,51,13,0.9504627579229167,0.939795165802656,0.0009064562683590055,0.000697722436357886,0.15747225384929897,0.8830030728764906,0.8702373665922344,0.0013618084727160524,0.000920082310851437,0.24783377397820608,last,oracle,0,8,0,6339407
8,51,13,0.9598125382831649,0.9480908408638514,0.0008367129177696472,0.0006372221765837311,0.1453562334833188,0.8581924404709212,0.8650017777195128,0.001383873231339953,0.0009206742329074736,0.2518493110461853,last,oracle,0,8,0,6339408
9,51,13,0.9633976707365337,0.9527790772397705,0.0007962467372559032,0.000598515027620098,0.1383263293692374,0.6737439775414458,0.5718193791011502,0.0022474538326972666,0.00153095460992726,0.4090112349560078,last,oracle,0,8,0,6339409
1,51,13,0.6435999771392167,0.6815268885102109,0.0026896105984423294,0.0018128652849421245,0.4405941157453415,-0.08289179175255124,-0.118289423430291,0.004467471181054575,0.0029989724762627705,0.6843952214042978,last,oracle,0,8,1,6339411
2,51,13,0.7571054542567749,0.7798895767848539,0.0019168752522060815,0.0013302733212006072,0.31400975190571856,0.1057550044891817,0.04849095859766992,0.003566755699871538,0.0022712414430027116,0.5464099169258417,last,oracle,0,8,1,6339412
3,51,13,0.8201286643752079,0.8302495526703919,0.0015534909126331431,0.001088873110667978,0.25448254679187515,0.729435121840185,0.6513671941291643,0.002177220395446993,0.0013810652716783171,0.3335397530725996,last,oracle,0,8,1,6339413
4,51,13,0.8541939078647846,0.8657194328340952,0.0013385126275946213,0.0009933517622490338,0.2192662342684738,0.6551802627751994,0.6087081735339105,0.0023315510171664226,0.001601113335991524,0.35718246630800965,last,oracle,0,8,1,6339414
5,51,13,0.8822730601974822,0.8887836318254424,0.0012014695256409073,0.0009112902368063389,0.19681674497836457,0.25992994347424725,0.36511929509949526,0.0030195174737376804,0.0020914512497831775,0.46257563758587583,last,oracle,0,8,1,6339415
6,51,13,0.8820530169234029,0.9059855087075295,0.0010992656528741565,0.0008402657123128628,0.18007438644754417,0.48939667927009695,0.439859400047107,0.0026230012934676727,0.001754898196255243,0.40183125491652444,last,oracle,0,8,1,6339416
7,51,13,0.9055641301793137,0.9182020670957277,0.0010202677565902079,0.0007851090395706026,0.16713347660761185,0.41724098686123995,0.43973906450126055,0.002522835508324082,0.0016135701106580742,0.3864863356272408,last,oracle,0,8,1,6339417
8,51,13,0.9232423261143438,0.928959119649426,0.0009502835380356174,0.000726525106835607,0.15566912749029124,0.5185826831396452,0.5828375941033455,0.002505279201562881,0.001771382896743715,0.383796793386022,last,oracle,0,8,1,6339418
9,51,13,0.9316479050677975,0.9355956873083111,0.0009066135038464101,0.0006892407676487039,0.1485153930019955,0.6421806042059206,0.6420411970035285,0.0021547091932042676,0.001462660105953381,0.33009114453801686,last,oracle,0,8,1,6339419
1,51,13,0.7626522412049805,0.7706138464161614,0.002264195898597933,0.0017106134100790674,0.42863712290910255,0.5488056247549918,0.6273732677092788,0.0022392662743042227,0.001752781556307002,0.5197910288214213,last,oracle,0,8,2,6339421
2,51,13,0.8475781981255804,0.8416536511484863,0.001550708431079845,0.0010913554519050082,0.29356611801149907,0.5178492393682266,0.654679696350664,0.0018035848501664327,0.0012104901636037688,0.41865821657410157,last,oracle,0,8,2,6339422
3,51,13,0.8929296769036749,0.8746021072691246,0.0012482594444640056,0.000887239189981988,0.23630920683607248,0.3541648225192529,0.3923915631179536,0.002061612929578678,0.0013495573147683838,0.47855313947878364,last,oracle,0,8,2,6339423
4,51,13,0.9128951452623248,0.9022684043888503,0.0010639535253137964,0.0007792702793580844,0.20141807441745843,0.4443278240746595,0.4786129707436572,0.001938069691408145,0.0012552364658942033,0.4498755911186431,last,oracle,0,8,2,6339424
5,51,13,0.9290307736118703,0.9175830841762034,0.0009564648753214396,0.0007375654198388287,0.18106929377235714,0.3319338888959142,0.36037699354121416,0.0018677984366106742,0.001162927996112761,0.43356383389401426,last,oracle,0,8,2,6339425
6,51,13,0.9379361027931495,0.9311997063519848,0.0008636606724554039,0.0006668942051389428,0.1635004400636286,0.5919017691169589,0.7190878338826185,0.0013949195167411669,0.00102992979676716,0.32379653060923314,last,oracle,0,8,2,6339426
7,51,13,0.943471154649081,0.9369476240576708,0.0008261913590273627,0.0006456599380211764,0.156407087975534,0.8253645089088126,0.8560508423694332,0.0008939322281962049,0.0005567448158127324,0.20750455536383575,last,oracle,0,8,2,6339427
8,51,13,0.954564563842443,0.9463081034042687,0.0007492865540902889,0.0005872536675784679,0.1418481647187055,0.42821735226798513,0.5044571465105475,0.0016337279001644128,0.0011781326877669921,0.3792300700391604,last,oracle,0,8,2,6339428
9,51,13,0.9568226014747839,0.9523257753372373,0.0007060669948357779,0.0005652585758215809,0.133666228012732,0.5632468797025759,0.6087194610469073,0.001494886515977533,0.0008847247670880032,0.3470014303469414,last,oracle,0,8,2,6339429
1,51,13,0.7530587003315307,0.7302365625902847,0.002656060991247856,0.001801141986078148,0.4373909387957658,0.6301925922179087,0.5857536379303498,0.0031069165482574034,0.002187084019022408,0.49953662509510127,last,oracle,0,8,3,6339431
2,51,13,0.8335137106230007,0.819426736911246,0.0018680389556553925,0.0012636743376319185,0.30762219512787087,0.7904121195260435,0.8135792039224083,0.0019265343165051037,0.0012724756981596895,0.3097522690580892,last,oracle,0,8,3,6339432
3,51,13,0.883473827779574,0.8703126726582816,0.001486298575561062,0.0010404232531104098,0.2447585094761092,0.8103415571770002,0.7896865572453302,0.0019442514438706773,0.0012644457000437533,0.312600866332304,last,oracle,0,8,3,6339433
4,51,13,0.9068374082789303,0.8985694593323911,0.0012814293084432735,0.0009251205625349155,0.21102134705012485,0.8063961355100596,0.7987292962445103,0.0019289085241575882,0.001198792922208537,0.3101339991945688,last,oracle,0,8,3,6339434
5,51,13,0.9306197462815404,0.9139128845250241,0.001157760303433308,0.0008483955111770216,0.19065596297969575,0.5180262775199485,0.49581456270848606,0.0028006909773847983,0.0019073723292245524,0.45030102902564145,last,oracle,0,8,3,6339435
6,51,13,0.9336963168939376,0.9245040245052186,0.0010796780273414483,0.0008021827556900081,0.17779764377856802,0.7887681938314849,0.7297644881056863,0.002016789935074113,0.0011613881340258034,0.3242637586316091,last,oracle,0,8,3,6339436
7,51,13,0.9460788568554268,0.9353600684689574,0.0009941727382729827,0.000757061037410018,0.16371692847086386,0.7729612159991905,0.7520040227874348,0.001984345118063671,0.0013878995362868656,0.3190472122134844,last,oracle,0,8,3,6339437
8,51,13,0.9519242916080666,0.9405266489727133,0.000950377172282429,0.000706764755310704,0.1565048261182366,0.6597579635554319,0.6585538513247521,0.0022919676091909106,0.0015456244989931563,0.36850740808106847,last,oracle,0,8,3,6339438
9,51,13,0.9567922549379209,0.9458476199611517,0.0009061591351001611,0.0006755185179688391,0.14922315267075612,0.8117325712262421,0.7974138493175444,0.0018537289372990567,0.0012616327651779511,0.2980464659402822,last,oracle,0,8,3,6339439
1,52,12,0.7990318310902581,0.7733601886798218,0.0025806277811789282,0.0018142886653344807,0.4184492147927257,0.6456319799603383,0.5258495239918057,0.003495884230571985,0.002302815951762276,0.5355836348711427,last,oracle,0,8,4,6339441
2,52,12,0.8694606741573034,0.8475383784121527,0.0018282184522242057,0.001229848565107123,0.2964459196255349,0.779271474793863,0.7068985539442438,0.002548645007507102,0.0016129236640336463,0.3904627462144265,last,oracle,0,8,4,6339442
3,52,12,0.9098263983207804,0.88598353244077,0.0014796187861052283,0.0010263697435461817,0.23992042701929284,0.8646487840517694,0.8139555351009223,0.0019874903273466825,0.0011421190984175556,0.3044915745443346,last,oracle,0,8,4,6339443
4,52,12,0.9301205087047784,0.9116641928429509,0.0012678475302097252,0.0009216351107297726,0.20558168340371424,0.841102181400689,0.8146820832450562,0.0019579090876528844,0.0012686578983539816,0.29995960871415994,last,oracle,0,8,4,6339444
5,52,12,0.9442721817508335,0.9285115134480989,0.0011214803711379023,0.0008387295370866927,0.1818482247345736,0.8685732178269493,0.841038039395284,0.0019852196460640524,0.0011471254384777777,0.30414369696751176,last,oracle,0,8,4,6339445
6,52,12,0.9518755895789605,0.9408801153871563,0.001014886345003954,0.000776985128019772,0.16456398604557942,0.8135476463834673,0.7257348901504669,0.002423352112841645,0.0013770793974118907,0.3712673668704506,last,oracle,0,8,4,6339446
7,52,12,0.956643437461415,0.9472549321370405,0.0009548016674822327,0.0007565838208307707,0.15482124580484918,0.6804091430957104,0.5690353568752137,0.002921700596472144,0.0017939137497917116,0.44761637464399295,last,oracle,0,8,4,6339447
8,52,12,0.9595194468452896,0.9496841880308218,0.0009287767633748919,0.0007236341236932467,0.15060130336751026,0.8368020039661833,0.7564380631863769,0.0021826118417631133,0.0013258485817815723,0.33438498148808105,last,oracle,0,8,4,6339448
9,52,12,0.9641521669341895,0.9551050628787963,0.0008763389136145318,0.0006803709364091464,0.14209849749303524,0.8626865671641794,0.7812077107037068,0.002176542232862399,0.001294560328992125,0.3334550928010181,last,oracle,0,8,4,6339449
1,51,13,0.7613442107619277,0.7408274205530835,0.002593540122257772,0.0018494508938494726,0.4339191458152025,0.8012367379455986,0.7705328055063593,0.0024962657023855886,0.0018689383660991533,0.41489681043423987,last,oracle,0,9,0,7131301
2,51,13,0.8513410863450794,0.8300027090610043,0.0018126509525088403,0.0012525200896981396,0.3032704010335625,0.8554862858660326,0.868213704842411,0.0017109165854372456,0.001134382988088798,0.2843662970406447,last,oracle,0,9,0,7131302
3,51,13,0.8913289691417307,0.8784179524022917,0.0014205090367007988,0.0010050042539649251,0.23766205216497677,0.783836416747809,0.8162920520043816,0.0018918638964704195,0.0013070341773108807,0.3144410050865752,last,oracle,0,9,0,7131303
4,51,13,0.9184624377401884,0.9018989705402378,0.0012259188752726147,0.0008854376481578746,0.20510562633360963,0.8315861353836038,0.8364532890396821,0.0017583640016834408,0.0011007554283687764,0.2922523893124246,last,oracle,0,9,0,7131304
5,51,13,0.9330375870476202,0.9189308543840695,0.0010942254361036385,0.0007982148052816232,0.18307230433359278,0.8190417177758949,0.7892417015856832,0.0019715531838548567,0.0012861616934332091,0.3276859217354654,last,oracle,0,9,0,7131305
6,51,13,0.9437540733122919,0.9270827422823698,0.0010237155786831237,0.0007686855681300419,0.17127546462369583,0.772480683873089,0.7095041777465425,0.0020445918885942686,0.0013527688470790584,0.33982546505638284,last,oracle,0,9,0,7131306
7,51,13,0.9543394971253553,0.9384169497645258,0.0009362152076982256,0.000706212441148753,0.15663598173679616,0.7159802223093362,0.7417609131906356,0.0020306430064656396,0.0014687172510019777,0.33750706333385766,last,oracle,0,9,0,7131307
8,51,13,0.9551663887851716,0.9433478211816507,0.0008953526099420093,0.0006835982498993373,0.14979935585929402,0.8369731534288496,0.7742674860990859,0.0017812979010056373,0.0010418702769831158,0.2960641637042715,last,oracle,0,9,0,7131308
9,51,13,0.9628894794774234,0.9519132046279049,0.0008215327274542166,0.0006248095495810511,0.13744872357935198,0.7236687363269642,0.6614096521870614,0.0023259547475085462,0.0014706518658738211,0.3865899391372597,last,oracle,0,9,0,7131309
1,51,13,0.8112165000173761,0.7556313351166115,0.0022999805906511505,0.0016496347216507661,0.4308708665696195,0.8172207539296146,0.8096242845000876,0.0020546162028174434,0.001653035476671432,0.46815034045521664,last,oracle,0,9,1,7131311
2,51,13,0.8715499446350697,0.8445929715603261,0.0016135416659930357,0.0011033635420440713,0.30227563601994567,0.8928666270438422,0.9115956175380012,0.0014001175847892127,0.001098876648670669,0.3190209067258315,last,oracle,0,9,1,7131312
3,51,13,0.9119181267729253,0.8859398442409345,0.0013027164305517258,0.0009196567791717248,0.24404664961428768,0.8731901010382023,0.8738280351626092,0.0014255670266691764,0.000998481357463852,0.32481963685565457,last,oracle,0,9,1,7131313
4,51,13,0.9299928452995313,0.9128605698316719,0.001114876656922115,0.0008322855303323375,0.20885735872678582,0.9208133638513385,0.9089256269104576,0.0011771261688835134,0.0007938618341912499,0.2682116572262453,last,oracle,0,9,1,7131314
5,51,13,0.9446709751886385,0.9265636077137342,0.001011349117444252,0.0007726219758235132,0.18946284695135443,0.8938529824605773,0.8770788531603115,0.0012762639315970492,0.0007667821587209806,0.29080048783250034,last,oracle,0,9,1,7131315
6,51,13,0.9520695185219284,0.9362248345075429,0.0009314684865591917,0.0007242424836481169,0.17449826994949827,0.9132513056563689,0.8875384664253109,0.001207657069006599,0.0008356900838379816,0.2751682125514817,last,oracle,0,9,1,7131316
7,51,13,0.9561885359101234,0.9407972212319338,0.0008913984051779393,0.0006829150047782111,0.16699167152061,0.8613538360373804,0.842006484699305,0.0012692923579169374,0.0008799069037638952,0.2892119942796035,last,oracle,0,9,1,7131317
8,51,13,0.961161538609771,0.9469672652274597,0.000838183573677507,0.0006494484932367333,0.15702257845254367,0.9441065263850072,0.9477973112822937,0.0009764740657752516,0.0007341671056581171,0.22249248580416806,last,oracle,0,9,1,7131318
9,51,13,0.9648601102884559,0.9521568865013876,0.000797279477604461,0.0006296253755548745,0.14935973842994563,0.9286283336916248,0.9262916129029525,0.0011296717286213881,0.000821072220673893,0.2573990235410043,last,oracle,0,9,1,7131319
1,51,13,0.8023076708962958,0.7657205091168476,0.0025406432456601615,0.0018573509898675733,0.43354432093013534,0.8524766372867638,0.7777419907166323,0.002657165563788276,0.002079442240466012,0.46456432702281625,last,oracle,0,9,2,7131321
2,51,13,0.8719981016326518,0.8438485826878931,0.0017564864310309696,0.0012069321933245415,0.29973303739716767,0.8888959142123698,0.7967274508192461,0.0020806395795899824,0.0012374851455472617,0.36376767004732785,last,oracle,0,9,2,7131322
3,51,13,0.9057463741035419,0.8783581842798034,0.0014471187767088074,0.0010169734013855266,0.24694145013281737,0.8112773302646719,0.7007459946230632,0.002233005350983571,0.001389509940526686,0.39040647005791496,last,oracle,0,9,2,7131323
4,51,13,0.9255246162707177,0.9008431870262471,0.0012643811014431568,0.0008907303922513839,0.21575844895123578,0.9349764159890741,0.9176910264602056,0.0014764279918471495,0.001202297888215069,0.2581306132284241,last,oracle,0,9,2,7131324
5,51,13,0.9419804685241765,0.9193879026920274,0.0011228766756039503,0.0008293699063969529,0.19161163482695415,0.8341405430013025,0.7800671219954177,0.001890259543733924,0.0009620927479676134,0.3304826634819272,last,oracle,0,9,2,7131325
6,51,13,0.9481099336856111,0.9290820691527104,0.0010412096328421127,0.0007580250042408815,0.1776756827183561,0.9303228417152468,0.8904901051259243,0.0013344699668554317,0.0009013961793698058,0.23331144680367802,last,oracle,0,9,2,7131326
7,51,13,0.9519958139072949,0.9342128393614569,0.0009974496028772378,0.0007299943590496903,0.17020831692136304,0.9319161850807419,0.8709283609634646,0.0014266461642231858,0.0009177548265270754,0.2494270301460358,last,oracle,0,9,2,7131327
8,51,13,0.9610795164911398,0.9461133859928833,0.0009001553981299507,0.0006566910127382791,0.1536056907952224,0.8331036052555039,0.8186500177127315,0.0018147830440529236,0.0011805430438098302,0.3172867641528872,last,oracle,0,9,2,7131328
9,51,13,0.9597422100810452,0.9468646623735437,0.000893230822175538,0.0006615649669494305,0.15242405674053444,0.9201305024089834,0.8137629249973917,0.0016789006144243084,0.0009855919678829954,0.29352982166690794,last,oracle,0,9,2,7131329
1,51,13,0.6934416316274654,0.6908815553855787,0.002813602357217771,0.0019112530125695458,0.44297081305692604,0.592660504052909,0.6549744098776111,0.0033123843154362355,0.0024611467208595986,0.4714678620718779,last,oracle,0,9,3,7131331
2,51,13,0.7951630584895115,0.7959528716106644,0.0019344746458038514,0.0013280956851170393,0.3045618029468463,0.3956676235157248,0.401925183628859,0.0031468824104662427,0.0021481982835742583,0.4479111663885302,last,oracle,0,9,3,7131332
3,51,13,0.8505341649300102,0.849325801314508,0.0015597146716788207,0.0011105478794810795,0.24555995785189336,0.6208854436702538,0.6380267133198303,0.002514530153526578,0.0015269672690452988,0.35790537652099574,last,oracle,0,9,3,7131333
4,51,13,0.8892333287161577,0.8812747312590128,0.0013404633953498116,0.0009863655494853608,0.21104125058322698,0.6117553332743206,0.6401582161480479,0.0024491925037299317,0.0014294005697585313,0.3486055492277461,last,oracle,0,9,3,7131334
5,51,13,0.9067865562124096,0.9030711820810873,0.0011981785210267034,0.0009097222270448456,0.1886400586369226,0.7199003528117452,0.7237372941811802,0.002032098620195373,0.0012133401138189638,0.28923853657861237,last,oracle,0,9,3,7131335
6,51,13,0.9182740174516055,0.9194346734454926,0.001083887812870109,0.0008296114883121434,0.17064624092949027,0.7577612261156564,0.7196739042373623,0.0021784032794507874,0.0015235575486374571,0.31006279437649426,last,oracle,0,9,3,7131336
7,51,13,0.9281052660011894,0.9278657659983822,0.0010222346362665567,0.0007916910578343235,0.16093962489060415,0.6368188773252064,0.6178467466204453,0.0024819155758598905,0.001766887042490908,0.3532631841481988,last,oracle,0,9,3,7131337
8,51,13,0.9330963448605153,0.9353628349368432,0.0009684917852497694,0.0007565683901925828,0.15247840280290142,0.735429127834191,0.6991314422646631,0.0019724784235523127,0.0012362122078990844,0.28075250235951044,last,oracle,0,9,3,7131338
9,51,13,0.9438437129469608,0.9400921309967918,0.0009332607768981643,0.0007452625082092906,0.14693166718324613,0.7393239671720684,0.7140711061292461,0.001954510182135825,0.001170488612114534,0.27819499466743963,last,oracle,0,9,3,7131339
1,52,12,0.6314783553525126,0.6720941665763702,0.0026297227959525766,0.0018160975138988506,0.4508474737501131,0.42139651393382743,0.4755346744124286,0.002968790366504016,0.001889183450159167,0.5091330900540371,last,oracle,0,9,4,7131341
2,52,12,0.763031485368564,0.7866097216656225,0.0018308758884361487,0.0012301496402117923,0.31389079119741453,0.23761611522805554,0.26896948469615417,0.002849896477822821,0.0018379820542162144,0.4887433671501328,last,oracle,0,9,4,7131342
3,52,12,0.828039511050747,0.8407798586614144,0.001457566020824677,0.0010329861672178755,0.24988944056165105,0.5653063354555893,0.5977011035534381,0.0022655938251163197,0.001348445730986601,0.38853830772401127,last,oracle,0,9,4,7131343
4,52,12,0.8574275836523029,0.877395691323525,0.001247843776382386,0.0009300935829547469,0.2139340371094175,0.04481786869846572,0.03416849416835825,0.003280197312748246,0.0021376329578210846,0.5625378648048789,last,oracle,0,9,4,7131344
5,52,12,0.8856521051981727,0.9000719758056885,0.0011039303926572135,0.0008731546532089523,0.1892610998739087,-0.20225446195595453,-0.179110337581363,0.0037244783718712237,0.002545133231852531,0.6387299028267915,last,oracle,0,9,4,7131345
6,52,12,0.9098308927028028,0.9154207273329069,0.0010034279924634652,0.000772620741046595,0.1720306703765818,0.643586264481787,0.6603125603830642,0.0018144526184016231,0.0011224312585553329,0.31116978779855764,last,oracle,0,9,4,7131346
7,52,12,0.9133720212371897,0.9257047084794296,0.0009368625619225712,0.0007381378754453155,0.1606184955859002,0.49541801482099995,0.5794901710553805,0.002104859704553203,0.0014353395836741772,0.3609731888113596,last,oracle,0,9,4,7131347
8,52,12,0.9304684035066058,0.9319265960845189,0.0008941499816564712,0.0007005016284071016,0.1532957241744197,0.6221688759002192,0.6432354022338244,0.0017904375443968427,0.0011239194389314016,0.30705131955846826,last,oracle,0,9,4,7131348
9,52,12,0.9379352512655884,0.9419456204046417,0.0008251869337558159,0.0006511124810753083,0.14147249475420395,0.48343596701805663,0.5769934129734025,0.0023419877398424957,0.0018044537363216312,0.4016394920665299,last,oracle,0,9,4,7131349
