K,partition,fold,category,pair,oracle_kl,rank_b,rank_c,Weight_Distance,Weight_Cosine,Activation_Similarity,Output_Similarity,Routing_Similarity,Usage_Frequency,Jaccard_Overlap,Usage_Asymmetry,Routing_JSD_Proxy,Routing_NPMI_Proxy,Specialization_Diff
10,0,0,Geometry_only,"{8, 3}",0.0005822561797685921,2,28,57.59788131713867,0.0011514436919242144,-0.0008534836233593524,0.019968679174780846,0.16958200931549072,0.05155601486840131,0.006466214031684449,0.019426869228482246,0.8250483274459839,-0.6110958456993103,0.8713140487670898
10,0,0,Geometry_only,"{34, 20}",0.002200306626036763,4,79,59.60380172729492,0.0003390211786609143,0.0003347427991684526,0.012484636157751083,0.5479044318199158,0.2612138082776324,0.2646927445600153,0.0013533325400203466,0.3324291408061981,-0.2812475860118866,0.0184022169560194
10,0,0,Geometry_only,"{17, 53}",0.002390657551586628,5,105,57.747314453125,0.0004673199146054685,0.0001372189144603908,0.04455358535051346,0.012217813171446323,0.2926674778724184,0.04960701674450393,0.046900972723960876,0.9387812614440918,-0.5264254808425903,0.6937061548233032
10,0,0,Geometry_only,"{8, 46}",0.000740701740141958,3,49,58.54571533203125,0.0010990188457071781,-0.0002759193885140121,0.021371712908148766,0.5359499454498291,0.08692680812761489,0.09511025886864813,0.018379127606749535,0.4199141263961792,-0.4005736708641052,0.6489723324775696
10,0,0,Geometry_only,"{11, 6}",0.003061312949284911,0,220,57.1656608581543,0.0006291503086686134,-0.0017128305044025183,0.008243714459240437,-0.11812112480401993,0.25938026103045353,0.02435576119786646,0.007887163199484348,1.0908883810043335,-0.5773926377296448,0.1336454153060913
10,0,0,Geometry_only,"{44, 15}",0.004463168326765299,7,169,56.2825813293457,0.0011335349408909678,-0.0008160733850672841,0.013367177918553352,-0.24932895600795746,0.4298668177954095,0.019194230098103844,0.099419005215168,1.2253490686416626,-0.6612746715545654,1.0062981843948364
10,0,0,Geometry_only,"{19, 39}",0.0011888155713677406,8,60,60.478233337402344,0.003190880175679922,-0.001246236846782267,0.03428911417722702,0.22553010284900665,0.1449669128064941,0.04599287110497873,0.04413610324263573,0.7388498187065125,-0.47873932123184204,1.198403239250183
10,0,0,Geometry_only,"{50, 19}",0.0016140596708282828,9,14,59.54962158203125,0.0019980266224592924,0.0014464744599536061,0.013353723101317883,-0.0969630554318428,0.21177470704915574,0.026446280991735537,0.013256837613880634,1.0679525136947632,-0.5520550012588501,0.2695440649986267
10,0,0,Geometry_only,"{8, 60}",0.0006300604436546564,6,69,55.65125274658203,0.0009995551081374288,-0.0005045540165156126,0.0077588967978954315,-0.15932826697826385,0.08134282332938843,0.0034836065573770492,0.006533830892294645,1.155289649963379,-0.6396682262420654,0.24718613922595978
10,0,0,Geometry_only,"{60, 46}",0.000845514761749655,1,62,56.78702926635742,0.00016864071949385107,0.0002797922643367201,0.004935276694595814,-0.1707761287689209,0.10247862250595903,0.001951854261548471,0.011845297180116177,1.1684908866882324,-0.6672205328941345,0.4017861783504486
10,0,0,CARE_only,"{50, 36}",0.0016061303904280066,68,9,57.9776725769043,0.0009358298848383129,-0.0021849097684025764,0.01808042824268341,-0.289640337228775,0.21257480039337923,7.84129224496197e-05,0.017433250322937965,1.2895392179489136,-0.7871173024177551,0.3614746332168579
10,0,0,CARE_only,"{32, 39}",0.001366651151329279,54,4,59.333072662353516,0.0022059462498873472,0.000306123576592654,0.0112565066665411,-0.21160423755645752,0.14520027336522595,0.0022959476523935255,0.03881008177995682,1.20882248878479,-0.6706520915031433,1.0805257558822632
10,0,0,CARE_only,"{32, 46}",0.0014045903226360679,50,2,59.22602462768555,0.0016504807863384485,-0.0002732548746280372,0.010424140840768814,-0.18205498158931732,0.15271781707865917,0.0026195153896529143,0.03218894079327583,1.178958535194397,-0.6678298711776733,0.8627970814704895
10,0,0,CARE_only,"{3, 36}",0.0011441868264228106,40,8,57.93123245239258,-4.671062924899161e-05,-0.0005931874038651586,0.01584317348897457,0.05460423603653908,0.10999616621939226,0.010304591604788605,0.07114454358816147,0.9356538653373718,-0.5823670625686646,2.4090304374694824
10,0,0,CARE_only,"{50, 39}",0.0013181936228647828,13,1,58.86368942260742,0.0014256993308663368,-0.00013784710608888417,0.02065407671034336,-0.0967414379119873,0.1643691764039138,0.014907210222087009,0.05739293992519379,1.0803921222686768,-0.5754808783531189,1.4679473638534546
10,0,0,CARE_only,"{8, 32}",0.0012172157876193523,46,0,58.17008590698242,0.0013559790095314384,-0.0023174001835286617,0.02780698798596859,-0.25811684131622314,0.13193205874018635,0.0010107391029690461,0.05056807026267052,1.256845235824585,-0.6964951157569885,1.511769413948059
10,0,0,CARE_only,"{50, 3}",0.0012235806789249182,65,3,57.812896728515625,0.0008531941566616297,-0.0009084347984753549,0.009851198643445969,-0.13472111523151398,0.13094861067124497,0.001145621181262729,0.08857779204845428,1.1334211826324463,-0.6873028874397278,2.770504951477051
10,0,0,CARE_only,"{32, 19}",0.001693331403657794,79,6,60.04450607299805,0.0017294908175244927,-0.001988900825381279,0.011402573436498642,-0.21178603172302246,0.1943393395896188,0.009005918174800584,0.005326018203049898,1.200872778892517,-0.6207699179649353,0.1178775280714035
10,0,0,CARE_only,"{8, 50}",0.0011482950067147613,48,7,57.69732666015625,0.00030797248473390937,-0.0007931488798931241,0.009599950164556503,-0.2808193862438202,0.15310119513943293,0.001633097441480675,0.06915092468261719,1.278727650642395,-0.683719277381897,1.8991910219192505
10,0,0,CARE_only,"{50, 46}",0.00132088887039572,39,5,58.759342193603516,0.0007354544359259307,0.001793657778762281,0.02225114218890667,-0.09747608006000519,0.17285349957495041,0.00896817743490839,0.050771795213222504,1.087633728981018,-0.6113923788070679,1.2502186298370361
10,0,0,Neither,"{3, 6}",0.0019383806502446532,135,97,56.32676696777344,0.0007405222859233618,0.0019450541585683823,0.014363866299390793,0.05137074366211891,0.14074975413798277,0.01705352913311227,0.09909886121749878,0.9324517846107483,-0.5510393381118774,2.9631433486938477
10,0,0,Neither,"{11, 3}",0.001875939080491662,133,85,58.500404357910156,0.002648498397320509,0.00021295076294336468,0.019204961135983467,-0.048821836709976196,0.15145100261697197,0.004842615012106538,0.10698602348566055,1.0437427759170532,-0.6292853355407715,3.0967886447906494
10,0,0,Neither,"{3, 15}",0.0027534854598343372,174,172,57.61396408081055,0.0008668111986480653,0.003605710109695792,0.0174837876111269,-0.07694064825773239,0.2897338022769323,0.0037395006328385686,0.22801469266414642,1.072913408279419,-0.6665231585502625,4.429031848907471
10,0,0,Neither,"{17, 3}",0.0016256178496405482,72,10,58.9085693359375,0.0006114220595918596,0.0003708830918185413,0.025395628064870834,-0.01750599779188633,0.19313919957328354,0.011046862863553983,0.14460285007953644,1.0062657594680786,-0.5879746675491333,3.6322531700134277
10,0,0,Neither,"{19, 3}",0.001078006811439991,66,52,59.437904357910156,0.003303768578916788,-0.00027386622969061136,0.0175545122474432,0.05187952518463135,0.11569683129698465,0.0018729289727704942,0.07532095909118652,0.9463447332382202,-0.6665900349617004,2.5009608268737793
10,0,0,Neither,"{3, 20}",0.0014347771648317575,105,29,58.540313720703125,0.0020317735616117716,-0.00010324794129701331,0.010576368309557438,0.00563186127692461,0.17973763605754003,0.005749791338217565,0.13194264471530914,0.9886507391929626,-0.624798595905304,3.4685821533203125
10,0,0,Neither,"{26, 3}",0.0043193623423576355,225,217,57.42045593261719,0.0018973264377564192,-0.0014029877493157983,0.015452458523213863,0.03190091997385025,0.21917557048322303,0.008669860825918321,0.1671292930841446,0.9597057700157166,-0.6077519059181213,3.890101671218872
10,0,0,Neither,"{3, 28}",0.0017654808470979333,70,11,57.88081359863281,0.0001497494668001309,0.0014162904117256403,0.022994058206677437,-0.007010673638433218,0.16085209941159803,0.009844559585492229,0.11593548208475113,0.9970970749855042,-0.590556263923645,3.238455295562744
10,0,0,Neither,"{32, 3}",0.0012726433342322707,49,50,58.27959060668945,0.00204980606213212,-0.0036696246825158596,0.01726880483329296,0.08573199808597565,0.10564565866017703,0.039444619753865574,0.06999494135379791,0.8782050609588623,-0.4821576476097107,2.3830833435058594
10,0,0,Neither,"{33, 3}",0.001817135838791728,110,71,57.311737060546875,0.003364001866430044,-0.002486037090420723,0.020543545484542847,0.03418905287981033,0.2354941409831147,0.00785673839184598,0.18133200705051422,0.9582228064537048,-0.6166003346443176,4.034086227416992
10,0,0,Neither,"{34, 3}",0.0015380734112113714,99,17,58.75956726074219,0.0010489403503015637,0.0006296814535744488,0.015494801104068756,-0.016681503504514694,0.1783874785391629,0.004672023920762474,0.1305893063545227,1.0119315385818481,-0.6354784369468689,3.4501798152923584
10,0,0,Neither,"{3, 39}",0.0006997589953243732,41,27,58.79304885864258,0.001322752214036882,0.0007649158942513168,0.01979614794254303,0.14014481008052826,0.06519093894287667,0.0025568908207619537,0.031184855848550797,0.8576566576957703,-0.6502664089202881,1.3025577068328857
10,0,0,Neither,"{3, 44}",0.0025092686992138624,149,131,56.3770866394043,0.0022427549120038748,-0.0009415293461643159,0.01824733056128025,0.08495064824819565,0.17340356374910407,0.020378736902816497,0.12859569489955902,0.8964018225669861,-0.5408931374549866,3.4227333068847656
10,0,0,Neither,"{3, 46}",0.0007970177684910595,11,26,58.65713882446289,0.001703889574855566,0.00020376326574478298,0.017348432913422585,0.08645334094762802,0.07275848849032387,0.0025200458190148913,0.03780599683523178,0.9112444519996643,-0.6508049368858337,1.5202863216400146
10,0,0,Neither,"{48, 3}",0.002757687121629715,183,154,56.003360748291016,0.0014763418585062027,0.00023456588678527623,0.00797448679804802,-0.03555985912680626,0.13978297468037937,0.008704984497972811,0.09722165763378143,1.0265452861785889,-0.5953091979026794,2.930025100708008
10,0,0,Neither,"{3, 52}",0.002740289317443967,188,145,56.81692123413086,0.0025742242578417063,-0.001702463603578508,0.018314531072974205,0.027585919946432114,0.18667177837414364,0.011340298240914367,0.13894213736057281,0.9613866209983826,-0.5852359533309937,3.560908317565918
10,0,0,Neither,"{3, 53}",0.0015617855824530125,58,61,56.535400390625,0.001301583368331194,0.0011163802118971944,0.01666370779275894,-0.024365127086639404,0.1400496724617872,0.010711735301118781,0.09770187735557556,1.013392448425293,-0.5825905203819275,2.938546895980835
10,0,0,Neither,"{3, 60}",0.000681936158798635,14,84,55.791954040527344,0.0008158428245224059,-0.0019196507055312395,0.008759668096899986,0.08574233204126358,0.05715666827796576,0.03878681831437737,0.02596070058643818,0.8787965178489685,-0.4971100986003876,1.1185001134872437
10,0,0,Neither,"{8, 6}",0.0018834196962416172,128,83,56.19526290893555,0.0006282105459831655,0.0015990098472684622,0.016730498522520065,-0.19232138991355896,0.16511926391412332,0.00171613163739148,0.07967199385166168,1.1902751922607422,-0.6843839287757874,2.091829299926758
10,0,0,Neither,"{6, 15}",0.00379932695068419,115,180,56.20162582397461,0.0006965764332562685,-0.0003129176620859653,0.00996648520231247,-0.28945228457450867,0.4014468354641375,0.007183192160770636,0.12891583144664764,1.280189871788025,-0.702262282371521,1.465888261795044
10,0,0,Neither,"{17, 6}",0.0027670084964483976,185,166,57.535308837890625,0.00018285709666088223,0.0008139124256558716,0.015165201388299465,-0.27122971415519714,0.307602553631257,0.0038474043567790182,0.04550398513674736,1.26633882522583,-0.7034608721733093,0.6691097617149353
10,0,0,Neither,"{19, 6}",0.0023811778519302607,56,30,58.138206481933594,0.0009173945290967822,0.0013577407225966454,0.00894598662853241,-0.07235506922006607,0.22127581551180972,0.03683615819209039,0.023777905851602554,1.032853603363037,-0.5264654159545898,0.4621823728084564
10,0,0,Neither,"{20, 6}",0.002632235176861286,32,126,57.18507766723633,0.0007317441049963236,0.002120321150869131,0.007892118766903877,0.216356560587883,0.26398079775973865,0.1147944686493654,0.032843779772520065,0.6936855316162109,-0.4154185652732849,0.5054388046264648
10,0,0,Neither,"{26, 6}",0.005295742303133011,147,149,55.99609375,0.0020450062584131956,0.0011853825999423862,0.039094895124435425,0.2642175257205963,0.2758488490323871,0.21294338026466855,0.06803042441606522,0.5791024565696716,-0.3218614459037781,0.926958441734314
10,0,0,Neither,"{28, 6}",0.0028690125327557325,205,207,56.478939056396484,-0.00018470667419023812,-0.0008207361097447574,0.02755054272711277,-0.27469727396965027,0.27564882569633126,0.0010884682832436356,0.01683662086725235,1.2733098268508911,-0.7405364513397217,0.27531197667121887
10,0,0,Neither,"{32, 6}",0.0024530289229005575,162,125,56.913570404052734,0.0008866983698680997,-0.0037426985800266266,0.01398259773850441,-0.11929124593734741,0.2206590768923041,0.012086417887898474,0.029103925451636314,1.1057630777359009,-0.6114979982376099,0.5800598859786987
10,0,0,Neither,"{33, 6}",0.0030188329983502626,62,113,55.92690658569336,0.0020654802210628986,2.7406465960666537e-05,0.021997883915901184,0.01807336136698723,0.3187538546163719,0.10071641478847461,0.08223313838243484,0.8830305337905884,-0.4541512131690979,1.070942759513855
10,0,0,Neither,"{34, 6}",0.0026645692996680737,30,81,57.41326141357422,-0.0004192384076304734,-0.0018542988691478968,0.02525649406015873,0.16870644688606262,0.264980914440018,0.10473674278165691,0.031490445137023926,0.7442265748977661,-0.4283638596534729,0.4870366156101227
10,0,0,Neither,"{36, 6}",0.0023287837393581867,141,135,56.503334045410156,0.0005720049957744777,-0.0022947152610868216,0.044854309409856796,0.0723642110824585,0.2134082309602787,0.05264391158322268,0.02795431949198246,0.8788014054298401,-0.4882507920265198,0.5541129112243652
10,0,0,Neither,"{6, 39}",0.0020630108192563057,82,33,57.41086959838867,0.0011493890779092908,0.004183623939752579,0.009868782944977283,-0.09322424232959747,0.1758871868384645,0.01696360879454132,0.06791400909423828,1.0746792554855347,-0.5688433647155762,1.660585641860962
10,0,0,Neither,"{44, 6}",0.0037218250799924135,118,90,54.958221435546875,0.0012247427366673946,0.0030893234070390463,0.061857014894485474,0.27104246616363525,0.2383278049105729,0.21870191635193734,0.029496828094124794,0.569533109664917,-0.3039051592350006,0.4595900774002075
10,0,0,Neither,"{46, 6}",0.0020765080116689205,123,78,57.30439758300781,0.00038747984217479825,0.0036426899023354053,0.007805809378623962,-0.16753199696540833,0.18478822529295083,0.009020386072523904,0.061292864382267,1.1570004224777222,-0.6140209436416626,1.442857027053833
10,0,0,Neither,"{48, 6}",0.0038912976160645485,97,98,54.564674377441406,0.0007745333132334054,0.004517716355621815,0.04144485294818878,0.10689765214920044,0.2274432017068658,0.11901795529497984,0.0018772031180560589,0.786807119846344,-0.39583826065063477,0.033118315041065216
10,0,0,Neither,"{50, 6}",0.0023783985525369644,61,86,56.40476608276367,0.0007071727304719388,-0.0007385967182926834,0.003123421221971512,-0.18980102241039276,0.24406180721084125,0.002253790465783363,0.010521069169044495,1.187119483947754,-0.704515278339386,0.19263829290866852
10,0,0,Neither,"{52, 6}",0.003761744825169444,29,103,55.41932678222656,0.001226473948918283,-0.0035771336406469345,0.029883306473493576,0.2516786456108093,0.26018035437467707,0.16189377922993145,0.03984327241778374,0.6271727681159973,-0.3626653254032135,0.5977650284767151
10,0,0,Neither,"{53, 6}",0.002684321254491806,184,161,55.101234436035156,0.0009448700002394617,-0.0011798734776675701,0.011580299586057663,-0.1541987657546997,0.25244611871385,0.010366457576758007,0.001396988402120769,1.1422338485717773,-0.6335862874984741,0.024596380069851875
10,0,0,Neither,"{60, 6}",0.0018853493966162205,114,226,54.33563232421875,0.0005041675758548081,0.0014880960807204247,0.005554614122956991,-0.07817933708429337,0.1706865801010118,0.012890625,0.07313816249370575,1.0642809867858887,-0.5852370262145996,1.8446431159973145
10,0,0,Neither,"{8, 11}",0.0018118064617738128,125,56,58.40910720825195,0.0013588350266218185,-0.0005978128174319863,0.01531807892024517,0.03287219628691673,0.17248679012551466,0.011306532663316583,0.08755915611982346,0.9561929702758789,-0.5920180082321167,2.2254745960235596
10,0,0,Neither,"{8, 15}",0.0026649257633835077,169,164,57.513301849365234,-0.00020278998999856412,0.0013093750458210707,0.022835683077573776,0.4052550792694092,0.291767372860167,0.07301188299817185,0.20858782529830933,0.5513214468955994,-0.4422261714935303,3.5577175617218018
10,0,0,Neither,"{8, 17}",0.0015611867420375347,76,37,58.799137115478516,-4.17146657127887e-05,0.0005000605015084147,0.04520222917199135,0.49763864278793335,0.20240694747720567,0.07469323890307172,0.12517598271369934,0.4648383557796478,-0.4265229105949402,2.760939121246338
10,0,0,Neither,"{8, 19}",0.0010107674170285463,52,23,59.35348129272461,0.001877036178484559,0.0006203289958648384,0.0205379668623209,0.3694455921649933,0.12909839481272814,0.07023886378308586,0.05589408800005913,0.586264967918396,-0.4295216500759125,1.629646897315979
10,0,0,Neither,"{8, 20}",0.00138119887560606,88,13,58.45314025878906,0.0005935513181611896,0.0022368510253727436,0.02198418602347374,-0.09185928106307983,0.20127348190622238,0.008695652173913044,0.11251576989889145,1.082364797592163,-0.6141411066055298,2.5972681045532227
10,0,0,Neither,"{8, 26}",0.004223237279802561,224,215,57.32566833496094,0.0006121555925346911,0.0018348516896367073,0.01620623469352722,-0.20410172641277313,0.2425949694130982,0.003023223855984609,0.1477024108171463,1.200461506843567,-0.6775011420249939,3.0187876224517822
10,0,0,Neither,"{8, 28}",0.0016707697650417686,87,32,57.76573944091797,-0.0003984045179095119,0.0016392107354477048,0.03094145841896534,0.41887688636779785,0.1731535345790342,0.06661532537543319,0.09650861471891403,0.5424113869667053,-0.43749403953552246,2.3671412467956543
10,0,0,Neither,"{8, 33}",0.0017550168558955193,106,89,57.20674514770508,0.0024232936557382345,-0.0007393209380097687,0.026127144694328308,-0.17354807257652283,0.2575467137832747,0.0079606497961297,0.16190513968467712,1.1642059087753296,-0.6312460899353027,3.1627719402313232
10,0,0,Neither,"{8, 34}",0.0014473083429038525,83,12,58.66118240356445,2.3174230591394007e-05,-0.004097425378859043,0.017191750928759575,0.028590504080057144,0.19752304435517476,0.02,0.11116243898868561,0.9519813060760498,-0.5564753413200378,2.5788660049438477
10,0,0,Neither,"{8, 36}",0.0010945560643449426,35,47,57.795433044433594,0.00013606074207928032,0.004211936146020889,0.0186871699988842,0.20146703720092773,0.12848165619322255,0.03814218993253762,0.05171767249703407,0.768075168132782,-0.4918450117111206,1.5377163887023926
10,0,0,Neither,"{8, 39}",0.0006731064058840275,25,48,58.655609130859375,0.0016179513186216354,0.0003827186010312289,0.023663058876991272,0.4142974615097046,0.08287633557248346,0.05711987127916331,0.011757985688745975,0.5522472858428955,-0.4559210240840912,0.4312436580657959
10,0,0,Neither,"{8, 44}",0.002451630076393485,151,137,56.2919807434082,0.000501731876283884,0.006961698643863201,0.019960710778832436,-0.15847979485988617,0.19877319020552398,0.0020964360587002098,0.10916882008314133,1.1560511589050293,-0.683695912361145,2.551419258117676
10,0,0,Neither,"{8, 48}",0.0026920021045953035,180,151,55.89701843261719,0.00045637297444045544,-0.002659947145730257,0.00604268629103899,-0.202711284160614,0.16285233277215674,0.0024564994882292734,0.07779479026794434,1.1997568607330322,-0.6694653034210205,2.058711051940918
10,0,0,Neither,"{8, 52}",0.002611312083899975,186,140,56.72471618652344,0.0011397533817216754,0.0016673827776685357,0.014351846650242805,-0.30044832825660706,0.21097461370493223,0.0003160306549735324,0.11951526254415512,1.3000373840332031,-0.7479098439216614,2.689594268798828
10,0,0,Neither,"{8, 53}",0.0014591030776500702,63,67,56.4034309387207,0.0012428025947883725,-0.0022271869238466024,0.02849741093814373,0.3866136372089386,0.14738386145050256,0.11140013571590138,0.07827500253915787,0.5450550317764282,-0.3711749315261841,2.067232847213745
10,0,0,Neither,"{11, 15}",0.00386776402592659,127,170,58.43470001220703,0.0007568736909888685,-0.004666196648031473,0.01819370687007904,0.07745052874088287,0.36850965946027037,0.12172064411072915,0.12102866917848587,0.8102561831474304,-0.4495047330856323,1.3322428464889526
10,0,0,Neither,"{17, 11}",0.0027636538725346327,179,158,59.7051887512207,0.0007317883428186178,0.0009736802894622087,0.0238124281167984,0.20856225490570068,0.27879919323921126,0.13996173621906013,0.03761682286858559,0.6806667447090149,-0.3938920199871063,0.535464346408844
10,0,0,Neither,"{19, 11}",0.002311530290171504,51,65,60.24763488769531,0.0026711144018918276,0.0023745899088680744,0.019198358058929443,0.046636469662189484,0.2263097361358825,0.053693746777638655,0.03166506811976433,0.9021738767623901,-0.49095261096954346,0.5958277583122253
10,0,0,Neither,"{11, 20}",0.0025991457514464855,24,99,59.35319137573242,0.0017225570045411587,-0.002044539200142026,0.011997956782579422,0.07475459575653076,0.2775657160002,0.09278164785010809,0.024956615641713142,0.8393996357917786,-0.4502852261066437,0.3717934191226959
10,0,0,Neither,"{26, 11}",0.005506671965122223,155,155,58.21277618408203,0.0028193059843033552,0.0007791724056005478,0.008186794817447662,-0.2556932270526886,0.3397396362909006,0.01143165538219998,0.060143258422613144,1.2413386106491089,-0.6595520973205566,0.7933130264282227
10,0,0,Neither,"{11, 28}",0.002922976855188608,204,193,58.703834533691406,-0.00014980613195803016,-0.0002685545478016138,0.01589639112353325,0.08881695568561554,0.26061373826946477,0.0935081547809402,0.008949456736445427,0.825980007648468,-0.44211989641189575,0.14166657626628876
10,0,0,Neither,"{32, 11}",0.0024359216913580894,156,127,59.06222915649414,0.0028745115268975496,0.0003140949993394315,0.009502491913735867,-0.12074553966522217,0.22754321337489375,0.021170610211706103,0.03699108958244324,1.0970187187194824,-0.5745313167572021,0.71370530128479
10,0,0,Neither,"{33, 11}",0.003007336053997278,74,138,58.169498443603516,0.002050949726253748,0.0014166440814733505,0.014531580731272697,-0.1589532047510147,0.3427899921657527,0.04989059080962801,0.07434597611427307,1.1011323928833008,-0.5466234087944031,0.9372973442077637
10,0,0,Neither,"{34, 11}",0.0026483070105314255,22,80,59.59910583496094,-0.00022001087199896574,-0.001823649276047945,0.018409540876746178,0.18273206055164337,0.26866467754571366,0.12321627993547586,0.023603282868862152,0.7165672183036804,-0.4083196520805359,0.35339120030403137
10,0,0,Neither,"{11, 36}",0.0023290994577109814,137,77,58.707618713378906,0.0012219605268910527,0.0013811674434691668,0.017664771527051926,0.11358702927827835,0.2170419882319604,0.07664541893863759,0.03584148362278938,0.8184734582901001,-0.44713783264160156,0.6877583265304565
10,0,0,Neither,"{11, 39}",0.0019886111840605736,73,53,59.541629791259766,0.003077002475038171,0.0013620936078950763,0.016292521730065346,-0.08693614602088928,0.18717183671428334,0.003918425505387835,0.07580117136240005,1.0826771259307861,-0.65716153383255,1.7942310571670532
10,0,0,Neither,"{11, 44}",0.0037350112106651068,130,115,57.20249938964844,0.0025384053587913513,-0.0017861051019281149,0.009321513585746288,-0.18755286931991577,0.29123397729735134,0.028331043956043956,0.02160966396331787,1.1539082527160645,-0.5781266093254089,0.3259446620941162
10,0,0,Neither,"{11, 46}",0.0020440297666937113,119,42,59.4533576965332,0.0018940848531201482,-0.002390938578173518,0.017293337732553482,-0.05743512511253357,0.19330588568666343,0.011296024834008796,0.06918002665042877,1.0454902648925781,-0.602308452129364,1.5765024423599243
10,0,0,Neither,"{48, 11}",0.003926403354853392,117,110,56.84331130981445,0.0014943965943530202,0.0005556978285312653,0.003359784372150898,-0.21316826343536377,0.2620139016218559,0.005852789617660156,0.009764366783201694,1.2060678005218506,-0.6685041785240173,0.16676372289657593
10,0,0,Neither,"{50, 11}",0.0024025337770581245,55,44,58.611900329589844,0.0013734251260757446,-0.0022074906155467033,0.01458206307142973,-0.10381265729665756,0.24672878502491957,0.02803675179029861,0.01840823143720627,1.07286536693573,-0.5606316924095154,0.32628369331359863
10,0,0,Neither,"{11, 52}",0.0038512442260980606,38,116,57.68562316894531,0.0011417693458497524,-0.001021319068968296,0.008337496779859066,-0.1341182142496109,0.30165185938359473,0.03210476874620103,0.031956110149621964,1.0977076292037964,-0.5717061758041382,0.4641196131706238
10,0,0,Neither,"{11, 53}",0.002692467300221324,178,146,57.368736267089844,0.0012741310056298971,0.0037063020281493664,0.015286743640899658,0.025105731561779976,0.2425783008017602,0.08871023156737443,0.00928415171802044,0.8884111642837524,-0.44093769788742065,0.15824179351329803
10,0,0,Neither,"{11, 60}",0.0018410710617899895,107,174,56.61976623535156,0.0013815149432048202,0.0002892854390665889,0.005896574817597866,-0.04250839725136757,0.178254129648459,0.020572283523471107,0.08102532476186752,1.021061658859253,-0.5532479286193848,1.9782885313034058
25,0,0,Geometry_only,"{8, 3}",0.0005822561797685921,2,28,57.59788131713867,0.0011514436919242144,-0.0008534836233593524,0.019968679174780846,0.16958200931549072,0.05155601486840131,0.006466214031684449,0.019426869228482246,0.8250483274459839,-0.6110958456993103,0.8713140487670898
25,0,0,Geometry_only,"{34, 20}",0.002200306626036763,4,79,59.60380172729492,0.0003390211786609143,0.0003347427991684526,0.012484636157751083,0.5479044318199158,0.2612138082776324,0.2646927445600153,0.0013533325400203466,0.3324291408061981,-0.2812475860118866,0.0184022169560194
25,0,0,Geometry_only,"{50, 20}",0.0019087936962023377,21,93,58.643089294433594,0.0010517262853682041,0.0016563362441956997,0.01432519219815731,-0.29981911182403564,0.2796659610287867,0.009178686375014901,0.04336484894156456,1.287888526916504,-0.6497923135757446,0.6980771422386169
25,0,0,Geometry_only,"{3, 46}",0.0007970177684910595,11,26,58.65713882446289,0.001703889574855566,0.00020376326574478298,0.017348432913422585,0.08645334094762802,0.07275848849032387,0.0025200458190148913,0.03780599683523178,0.9112444519996643,-0.6508049368858337,1.5202863216400146
25,0,0,Geometry_only,"{3, 60}",0.000681936158798635,14,84,55.791954040527344,0.0008158428245224059,-0.0019196507055312395,0.008759668096899986,0.08574233204126358,0.05715666827796576,0.03878681831437737,0.02596070058643818,0.8787965178489685,-0.4971100986003876,1.1185001134872437
25,0,0,Geometry_only,"{11, 6}",0.003061312949284911,0,220,57.1656608581543,0.0006291503086686134,-0.0017128305044025183,0.008243714459240437,-0.11812112480401993,0.25938026103045353,0.02435576119786646,0.007887163199484348,1.0908883810043335,-0.5773926377296448,0.1336454153060913
25,0,0,Geometry_only,"{8, 46}",0.000740701740141958,3,49,58.54571533203125,0.0010990188457071781,-0.0002759193885140121,0.021371712908148766,0.5359499454498291,0.08692680812761489,0.09511025886864813,0.018379127606749535,0.4199141263961792,-0.4005736708641052,0.6489723324775696
25,0,0,Geometry_only,"{8, 60}",0.0006300604436546564,6,69,55.65125274658203,0.0009995551081374288,-0.0005045540165156126,0.0077588967978954315,-0.15932826697826385,0.08134282332938843,0.0034836065573770492,0.006533830892294645,1.155289649963379,-0.6396682262420654,0.24718613922595978
25,0,0,Geometry_only,"{11, 20}",0.0025991457514464855,24,99,59.35319137573242,0.0017225570045411587,-0.002044539200142026,0.011997956782579422,0.07475459575653076,0.2775657160002,0.09278164785010809,0.024956615641713142,0.8393996357917786,-0.4502852261066437,0.3717934191226959
25,0,0,Geometry_only,"{34, 50}",0.0020078083034604788,17,91,58.84968948364258,0.0005094640073366463,0.0025628788862377405,0.03324713557958603,-0.33478832244873047,0.28066607770906604,5.938947618482005e-05,0.04201151430606842,1.3347090482711792,-0.8096715807914734,0.6796749234199524
25,0,0,Geometry_only,"{34, 11}",0.0026483070105314255,22,80,59.59910583496094,-0.00022001087199896574,-0.001823649276047945,0.018409540876746178,0.18273206055164337,0.26866467754571366,0.12321627993547586,0.023603282868862152,0.7165672183036804,-0.4083196520805359,0.35339120030403137
25,0,0,Geometry_only,"{46, 39}",0.0008562376024201512,23,51,59.70442199707031,0.0018534873379394412,0.0011563679436221719,0.033367011696100235,0.5306940674781799,0.09349424099478272,0.16223925833481903,0.006621142849326134,0.39316609501838684,-0.33072108030319214,0.2177286446094513
25,0,0,Geometry_only,"{60, 39}",0.0007924916571937501,16,59,56.902099609375,0.0006820766720920801,0.0002900621038861573,0.005547347012907267,-0.19276584684848785,0.09492774156984982,0.001755926251097454,0.005224154330790043,1.190671443939209,-0.6698306798934937,0.18405751883983612
25,0,0,Geometry_only,"{48, 44}",0.004389381036162376,18,72,54.63471603393555,0.0017238951986655593,0.0010310302022844553,0.022994600236415863,0.5221468806266785,0.21397496374577035,0.3473553010828075,0.03137402981519699,0.3118683099746704,-0.20584258437156677,0.49270838499069214
25,0,0,Geometry_only,"{44, 15}",0.004463168326765299,7,169,56.2825813293457,0.0011335349408909678,-0.0008160733850672841,0.013367177918553352,-0.24932895600795746,0.4298668177954095,0.019194230098103844,0.099419005215168,1.2253490686416626,-0.6612746715545654,1.0062981843948364
25,0,0,Geometry_only,"{48, 15}",0.004635268822312355,10,168,55.90337371826172,0.0005198988947086036,0.0013982260134071112,0.002621816238388419,-0.27021750807762146,0.40089677128998386,0.003201530081909276,0.130793035030365,1.2661508321762085,-0.7372763752937317,1.4990066289901733
25,0,0,Geometry_only,"{60, 46}",0.000845514761749655,1,62,56.78702926635742,0.00016864071949385107,0.0002797922643367201,0.004935276694595814,-0.1707761287689209,0.10247862250595903,0.001951854261548471,0.011845297180116177,1.1684908866882324,-0.6672205328941345,0.4017861783504486
25,0,0,Geometry_only,"{17, 36}",0.0020279008895158768,20,57,59.08248519897461,0.0002882789121940732,0.0012668590061366558,0.043837908655405045,0.25428858399391174,0.24236160885436633,0.1419532324621733,0.07345830649137497,0.6398552656173706,-0.36999744176864624,1.2232227325439453
25,0,0,Geometry_only,"{17, 53}",0.002390657551586628,5,105,57.747314453125,0.0004673199146054685,0.0001372189144603908,0.04455358535051346,0.012217813171446323,0.2926674778724184,0.04960701674450393,0.046900972723960876,0.9387812614440918,-0.5264254808425903,0.6937061548233032
25,0,0,Geometry_only,"{19, 20}",0.0018491159426048398,12,101,60.2880973815918,0.0020302576012909412,-0.0018518848810344934,0.007271160371601582,0.0319032184779644,0.25241278149117397,0.05798058508881992,0.05662168562412262,0.9119659662246704,-0.49133607745170593,0.9676212072372437
25,0,0,Geometry_only,"{34, 19}",0.0019471936393529177,15,55,60.50019073486328,0.001144794630818069,0.003204893786460161,0.02150207944214344,0.17625607550144196,0.24086143383394729,0.10228373702422146,0.05526835098862648,0.7394883036613464,-0.41845929622650146,0.9492189884185791
25,0,0,Geometry_only,"{19, 39}",0.0011888155713677406,8,60,60.478233337402344,0.003190880175679922,-0.001246236846782267,0.03428911417722702,0.22553010284900665,0.1449669128064941,0.04599287110497873,0.04413610324263573,0.7388498187065125,-0.47873932123184204,1.198403239250183
25,0,0,CARE_only,"{20, 39}",0.001559211639687419,28,15,59.610172271728516,0.001493288204073906,-0.0017397040501236916,0.0092514893040061,0.0006845119642093778,0.2099578284133149,0.031120990790727214,0.10075778514146805,0.968215823173523,-0.5272549986839294,2.1660244464874268
25,0,0,CARE_only,"{17, 3}",0.0016256178496405482,72,10,58.9085693359375,0.0006114220595918596,0.0003708830918185413,0.025395628064870834,-0.01750599779188633,0.19313919957328354,0.011046862863553983,0.14460285007953644,1.0062657594680786,-0.5879746675491333,3.6322531700134277
25,0,0,CARE_only,"{20, 46}",0.001597801223397255,78,18,59.49111557006836,0.001344681135378778,0.002878890372812748,0.010111277922987938,-0.004393251612782478,0.21544180154351342,0.040077369439071565,0.09413664042949677,0.9641398191452026,-0.5075172185897827,1.9482958316802979
25,0,0,CARE_only,"{3, 28}",0.0017654808470979333,70,11,57.88081359863281,0.0001497494668001309,0.0014162904117256403,0.022994058206677437,-0.007010673638433218,0.16085209941159803,0.009844559585492229,0.11593548208475113,0.9970970749855042,-0.590556263923645,3.238455295562744
25,0,0,CARE_only,"{34, 3}",0.0015380734112113714,99,17,58.75956726074219,0.0010489403503015637,0.0006296814535744488,0.015494801104068756,-0.016681503504514694,0.1783874785391629,0.004672023920762474,0.1305893063545227,1.0119315385818481,-0.6354784369468689,3.4501798152923584
25,0,0,CARE_only,"{3, 36}",0.0011441868264228106,40,8,57.93123245239258,-4.671062924899161e-05,-0.0005931874038651586,0.01584317348897457,0.05460423603653908,0.10999616621939226,0.010304591604788605,0.07114454358816147,0.9356538653373718,-0.5823670625686646,2.4090304374694824
25,0,0,CARE_only,"{50, 3}",0.0012235806789249182,65,3,57.812896728515625,0.0008531941566616297,-0.0009084347984753549,0.009851198643445969,-0.13472111523151398,0.13094861067124497,0.001145621181262729,0.08857779204845428,1.1334211826324463,-0.6873028874397278,2.770504951477051
25,0,0,CARE_only,"{32, 39}",0.001366651151329279,54,4,59.333072662353516,0.0022059462498873472,0.000306123576592654,0.0112565066665411,-0.21160423755645752,0.14520027336522595,0.0022959476523935255,0.03881008177995682,1.20882248878479,-0.6706520915031433,1.0805257558822632
25,0,0,CARE_only,"{32, 46}",0.0014045903226360679,50,2,59.22602462768555,0.0016504807863384485,-0.0002732548746280372,0.010424140840768814,-0.18205498158931732,0.15271781707865917,0.0026195153896529143,0.03218894079327583,1.178958535194397,-0.6678298711776733,0.8627970814704895
25,0,0,CARE_only,"{32, 50}",0.0017687729559838772,77,21,58.37600326538086,0.0013005515793338418,-0.0009864724706858397,0.009858319535851479,0.3093670904636383,0.1946393745937026,0.08546715766035796,0.01858285628259182,0.6316064596176147,-0.4268893003463745,0.3874216079711914
25,0,0,CARE_only,"{8, 20}",0.00138119887560606,88,13,58.45314025878906,0.0005935513181611896,0.0022368510253727436,0.02198418602347374,-0.09185928106307983,0.20127348190622238,0.008695652173913044,0.11251576989889145,1.082364797592163,-0.6141411066055298,2.5972681045532227
25,0,0,CARE_only,"{8, 19}",0.0010107674170285463,52,23,59.35348129272461,0.001877036178484559,0.0006203289958648384,0.0205379668623209,0.3694455921649933,0.12909839481272814,0.07023886378308586,0.05589408800005913,0.586264967918396,-0.4295216500759125,1.629646897315979
25,0,0,CARE_only,"{8, 32}",0.0012172157876193523,46,0,58.17008590698242,0.0013559790095314384,-0.0023174001835286617,0.02780698798596859,-0.25811684131622314,0.13193205874018635,0.0010107391029690461,0.05056807026267052,1.256845235824585,-0.6964951157569885,1.511769413948059
25,0,0,CARE_only,"{8, 34}",0.0014473083429038525,83,12,58.66118240356445,2.3174230591394007e-05,-0.004097425378859043,0.017191750928759575,0.028590504080057144,0.19752304435517476,0.02,0.11116243898868561,0.9519813060760498,-0.5564753413200378,2.5788660049438477
25,0,0,CARE_only,"{8, 50}",0.0011482950067147613,48,7,57.69732666015625,0.00030797248473390937,-0.0007931488798931241,0.009599950164556503,-0.2808193862438202,0.15310119513943293,0.001633097441480675,0.06915092468261719,1.278727650642395,-0.683719277381897,1.8991910219192505
25,0,0,CARE_only,"{34, 39}",0.0016127050621435046,31,19,59.82719802856445,0.0004964314866811037,0.0014674230478703976,0.03054528869688511,0.1918017864227295,0.19927324854566367,0.07862818904224174,0.09940445423126221,0.7446510791778564,-0.4265689551830292,2.1476223468780518
25,0,0,CARE_only,"{36, 46}",0.001261418336071074,42,20,58.85403060913086,0.0006151960697025061,-0.0012098820880055428,0.02375231869518757,0.42882534861564636,0.13191539012884837,0.17071013393985343,0.03333854675292969,0.4736693501472473,-0.3163321018218994,0.888744056224823
25,0,0,CARE_only,"{50, 36}",0.0016061303904280066,68,9,57.9776725769043,0.0009358298848383129,-0.0021849097684025764,0.01808042824268341,-0.289640337228775,0.21257480039337923,7.84129224496197e-05,0.017433250322937965,1.2895392179489136,-0.7871173024177551,0.3614746332168579
25,0,0,CARE_only,"{50, 46}",0.00132088887039572,39,5,58.759342193603516,0.0007354544359259307,0.001793657778762281,0.02225114218890667,-0.09747608006000519,0.17285349957495041,0.00896817743490839,0.050771795213222504,1.087633728981018,-0.6113923788070679,1.2502186298370361
25,0,0,CARE_only,"{32, 19}",0.001693331403657794,79,6,60.04450607299805,0.0017294908175244927,-0.001988900825381279,0.011402573436498642,-0.21178603172302246,0.1943393395896188,0.009005918174800584,0.005326018203049898,1.200872778892517,-0.6207699179649353,0.1178775280714035
25,0,0,CARE_only,"{19, 36}",0.0015578739112243056,53,22,59.679927825927734,0.0006399628473445773,0.0005955216474831104,0.013695796951651573,0.20108431577682495,0.17970429883486408,0.09850663203784435,0.004176413174718618,0.7202171683311462,-0.4045969843864441,0.0919305607676506
25,0,0,CARE_only,"{19, 46}",0.0012000341666862369,47,24,60.38508605957031,0.0022574912291020155,-0.002675161464139819,0.02958211489021778,0.39247065782546997,0.14333338889537112,0.11082684033027096,0.037514958530664444,0.540198802947998,-0.37865978479385376,0.9806746244430542
25,0,0,Both,"{36, 53}",0.0019436574075371027,19,16,56.734378814697266,0.0003316997899673879,0.0005052351043559611,0.021285153925418854,-0.1636568009853363,0.21599186571766707,0.0326439265318722,0.026557331904768944,1.1256704330444336,-0.5351849794387817,0.5295165181159973
25,0,0,Both,"{50, 19}",0.0016140596708282828,9,14,59.54962158203125,0.0019980266224592924,0.0014464744599536061,0.013353723101317883,-0.0969630554318428,0.21177470704915574,0.026446280991735537,0.013256837613880634,1.0679525136947632,-0.5520550012588501,0.2695440649986267
25,0,0,Both,"{50, 39}",0.0013181936228647828,13,1,58.86368942260742,0.0014256993308663368,-0.00013784710608888417,0.02065407671034336,-0.0967414379119873,0.1643691764039138,0.014907210222087009,0.05739293992519379,1.0803921222686768,-0.5754808783531189,1.4679473638534546
25,0,0,Neither,"{3, 6}",0.0019383806502446532,135,97,56.32676696777344,0.0007405222859233618,0.0019450541585683823,0.014363866299390793,0.05137074366211891,0.14074975413798277,0.01705352913311227,0.09909886121749878,0.9324517846107483,-0.5510393381118774,2.9631433486938477
25,0,0,Neither,"{11, 3}",0.001875939080491662,133,85,58.500404357910156,0.002648498397320509,0.00021295076294336468,0.019204961135983467,-0.048821836709976196,0.15145100261697197,0.004842615012106538,0.10698602348566055,1.0437427759170532,-0.6292853355407715,3.0967886447906494
25,0,0,Neither,"{3, 15}",0.0027534854598343372,174,172,57.61396408081055,0.0008668111986480653,0.003605710109695792,0.0174837876111269,-0.07694064825773239,0.2897338022769323,0.0037395006328385686,0.22801469266414642,1.072913408279419,-0.6665231585502625,4.429031848907471
25,0,0,Neither,"{19, 3}",0.001078006811439991,66,52,59.437904357910156,0.003303768578916788,-0.00027386622969061136,0.0175545122474432,0.05187952518463135,0.11569683129698465,0.0018729289727704942,0.07532095909118652,0.9463447332382202,-0.6665900349617004,2.5009608268737793
25,0,0,Neither,"{3, 20}",0.0014347771648317575,105,29,58.540313720703125,0.0020317735616117716,-0.00010324794129701331,0.010576368309557438,0.00563186127692461,0.17973763605754003,0.005749791338217565,0.13194264471530914,0.9886507391929626,-0.624798595905304,3.4685821533203125
25,0,0,Neither,"{26, 3}",0.0043193623423576355,225,217,57.42045593261719,0.0018973264377564192,-0.0014029877493157983,0.015452458523213863,0.03190091997385025,0.21917557048322303,0.008669860825918321,0.1671292930841446,0.9597057700157166,-0.6077519059181213,3.890101671218872
25,0,0,Neither,"{32, 3}",0.0012726433342322707,49,50,58.27959060668945,0.00204980606213212,-0.0036696246825158596,0.01726880483329296,0.08573199808597565,0.10564565866017703,0.039444619753865574,0.06999494135379791,0.8782050609588623,-0.4821576476097107,2.3830833435058594
25,0,0,Neither,"{33, 3}",0.001817135838791728,110,71,57.311737060546875,0.003364001866430044,-0.002486037090420723,0.020543545484542847,0.03418905287981033,0.2354941409831147,0.00785673839184598,0.18133200705051422,0.9582228064537048,-0.6166003346443176,4.034086227416992
25,0,0,Neither,"{3, 39}",0.0006997589953243732,41,27,58.79304885864258,0.001322752214036882,0.0007649158942513168,0.01979614794254303,0.14014481008052826,0.06519093894287667,0.0025568908207619537,0.031184855848550797,0.8576566576957703,-0.6502664089202881,1.3025577068328857
25,0,0,Neither,"{3, 44}",0.0025092686992138624,149,131,56.3770866394043,0.0022427549120038748,-0.0009415293461643159,0.01824733056128025,0.08495064824819565,0.17340356374910407,0.020378736902816497,0.12859569489955902,0.8964018225669861,-0.5408931374549866,3.4227333068847656
25,0,0,Neither,"{48, 3}",0.002757687121629715,183,154,56.003360748291016,0.0014763418585062027,0.00023456588678527623,0.00797448679804802,-0.03555985912680626,0.13978297468037937,0.008704984497972811,0.09722165763378143,1.0265452861785889,-0.5953091979026794,2.930025100708008
25,0,0,Neither,"{3, 52}",0.002740289317443967,188,145,56.81692123413086,0.0025742242578417063,-0.001702463603578508,0.018314531072974205,0.027585919946432114,0.18667177837414364,0.011340298240914367,0.13894213736057281,0.9613866209983826,-0.5852359533309937,3.560908317565918
25,0,0,Neither,"{3, 53}",0.0015617855824530125,58,61,56.535400390625,0.001301583368331194,0.0011163802118971944,0.01666370779275894,-0.024365127086639404,0.1400496724617872,0.010711735301118781,0.09770187735557556,1.013392448425293,-0.5825905203819275,2.938546895980835
25,0,0,Neither,"{8, 6}",0.0018834196962416172,128,83,56.19526290893555,0.0006282105459831655,0.0015990098472684622,0.016730498522520065,-0.19232138991355896,0.16511926391412332,0.00171613163739148,0.07967199385166168,1.1902751922607422,-0.6843839287757874,2.091829299926758
25,0,0,Neither,"{6, 15}",0.00379932695068419,115,180,56.20162582397461,0.0006965764332562685,-0.0003129176620859653,0.00996648520231247,-0.28945228457450867,0.4014468354641375,0.007183192160770636,0.12891583144664764,1.280189871788025,-0.702262282371521,1.465888261795044
25,0,0,Neither,"{17, 6}",0.0027670084964483976,185,166,57.535308837890625,0.00018285709666088223,0.0008139124256558716,0.015165201388299465,-0.27122971415519714,0.307602553631257,0.0038474043567790182,0.04550398513674736,1.26633882522583,-0.7034608721733093,0.6691097617149353
25,0,0,Neither,"{19, 6}",0.0023811778519302607,56,30,58.138206481933594,0.0009173945290967822,0.0013577407225966454,0.00894598662853241,-0.07235506922006607,0.22127581551180972,0.03683615819209039,0.023777905851602554,1.032853603363037,-0.5264654159545898,0.4621823728084564
25,0,0,Neither,"{20, 6}",0.002632235176861286,32,126,57.18507766723633,0.0007317441049963236,0.002120321150869131,0.007892118766903877,0.216356560587883,0.26398079775973865,0.1147944686493654,0.032843779772520065,0.6936855316162109,-0.4154185652732849,0.5054388046264648
25,0,0,Neither,"{26, 6}",0.005295742303133011,147,149,55.99609375,0.0020450062584131956,0.0011853825999423862,0.039094895124435425,0.2642175257205963,0.2758488490323871,0.21294338026466855,0.06803042441606522,0.5791024565696716,-0.3218614459037781,0.926958441734314
25,0,0,Neither,"{28, 6}",0.0028690125327557325,205,207,56.478939056396484,-0.00018470667419023812,-0.0008207361097447574,0.02755054272711277,-0.27469727396965027,0.27564882569633126,0.0010884682832436356,0.01683662086725235,1.2733098268508911,-0.7405364513397217,0.27531197667121887
25,0,0,Neither,"{32, 6}",0.0024530289229005575,162,125,56.913570404052734,0.0008866983698680997,-0.0037426985800266266,0.01398259773850441,-0.11929124593734741,0.2206590768923041,0.012086417887898474,0.029103925451636314,1.1057630777359009,-0.6114979982376099,0.5800598859786987
25,0,0,Neither,"{33, 6}",0.0030188329983502626,62,113,55.92690658569336,0.0020654802210628986,2.7406465960666537e-05,0.021997883915901184,0.01807336136698723,0.3187538546163719,0.10071641478847461,0.08223313838243484,0.8830305337905884,-0.4541512131690979,1.070942759513855
25,0,0,Neither,"{34, 6}",0.0026645692996680737,30,81,57.41326141357422,-0.0004192384076304734,-0.0018542988691478968,0.02525649406015873,0.16870644688606262,0.264980914440018,0.10473674278165691,0.031490445137023926,0.7442265748977661,-0.4283638596534729,0.4870366156101227
25,0,0,Neither,"{36, 6}",0.0023287837393581867,141,135,56.503334045410156,0.0005720049957744777,-0.0022947152610868216,0.044854309409856796,0.0723642110824585,0.2134082309602787,0.05264391158322268,0.02795431949198246,0.8788014054298401,-0.4882507920265198,0.5541129112243652
25,0,0,Neither,"{6, 39}",0.0020630108192563057,82,33,57.41086959838867,0.0011493890779092908,0.004183623939752579,0.009868782944977283,-0.09322424232959747,0.1758871868384645,0.01696360879454132,0.06791400909423828,1.0746792554855347,-0.5688433647155762,1.660585641860962
25,0,0,Neither,"{44, 6}",0.0037218250799924135,118,90,54.958221435546875,0.0012247427366673946,0.0030893234070390463,0.061857014894485474,0.27104246616363525,0.2383278049105729,0.21870191635193734,0.029496828094124794,0.569533109664917,-0.3039051592350006,0.4595900774002075
25,0,0,Neither,"{46, 6}",0.0020765080116689205,123,78,57.30439758300781,0.00038747984217479825,0.0036426899023354053,0.007805809378623962,-0.16753199696540833,0.18478822529295083,0.009020386072523904,0.061292864382267,1.1570004224777222,-0.6140209436416626,1.442857027053833
25,0,0,Neither,"{48, 6}",0.0038912976160645485,97,98,54.564674377441406,0.0007745333132334054,0.004517716355621815,0.04144485294818878,0.10689765214920044,0.2274432017068658,0.11901795529497984,0.0018772031180560589,0.786807119846344,-0.39583826065063477,0.033118315041065216
25,0,0,Neither,"{50, 6}",0.0023783985525369644,61,86,56.40476608276367,0.0007071727304719388,-0.0007385967182926834,0.003123421221971512,-0.18980102241039276,0.24406180721084125,0.002253790465783363,0.010521069169044495,1.187119483947754,-0.704515278339386,0.19263829290866852
25,0,0,Neither,"{52, 6}",0.003761744825169444,29,103,55.41932678222656,0.001226473948918283,-0.0035771336406469345,0.029883306473493576,0.2516786456108093,0.26018035437467707,0.16189377922993145,0.03984327241778374,0.6271727681159973,-0.3626653254032135,0.5977650284767151
25,0,0,Neither,"{53, 6}",0.002684321254491806,184,161,55.101234436035156,0.0009448700002394617,-0.0011798734776675701,0.011580299586057663,-0.1541987657546997,0.25244611871385,0.010366457576758007,0.001396988402120769,1.1422338485717773,-0.6335862874984741,0.024596380069851875
25,0,0,Neither,"{60, 6}",0.0018853493966162205,114,226,54.33563232421875,0.0005041675758548081,0.0014880960807204247,0.005554614122956991,-0.07817933708429337,0.1706865801010118,0.012890625,0.07313816249370575,1.0642809867858887,-0.5852370262145996,1.8446431159973145
25,0,0,Neither,"{8, 11}",0.0018118064617738128,125,56,58.40910720825195,0.0013588350266218185,-0.0005978128174319863,0.01531807892024517,0.03287219628691673,0.17248679012551466,0.011306532663316583,0.08755915611982346,0.9561929702758789,-0.5920180082321167,2.2254745960235596
25,0,0,Neither,"{8, 15}",0.0026649257633835077,169,164,57.513301849365234,-0.00020278998999856412,0.0013093750458210707,0.022835683077573776,0.4052550792694092,0.291767372860167,0.07301188299817185,0.20858782529830933,0.5513214468955994,-0.4422261714935303,3.5577175617218018
25,0,0,Neither,"{8, 17}",0.0015611867420375347,76,37,58.799137115478516,-4.17146657127887e-05,0.0005000605015084147,0.04520222917199135,0.49763864278793335,0.20240694747720567,0.07469323890307172,0.12517598271369934,0.4648383557796478,-0.4265229105949402,2.760939121246338
25,0,0,Neither,"{8, 26}",0.004223237279802561,224,215,57.32566833496094,0.0006121555925346911,0.0018348516896367073,0.01620623469352722,-0.20410172641277313,0.2425949694130982,0.003023223855984609,0.1477024108171463,1.200461506843567,-0.6775011420249939,3.0187876224517822
25,0,0,Neither,"{8, 28}",0.0016707697650417686,87,32,57.76573944091797,-0.0003984045179095119,0.0016392107354477048,0.03094145841896534,0.41887688636779785,0.1731535345790342,0.06661532537543319,0.09650861471891403,0.5424113869667053,-0.43749403953552246,2.3671412467956543
25,0,0,Neither,"{8, 33}",0.0017550168558955193,106,89,57.20674514770508,0.0024232936557382345,-0.0007393209380097687,0.026127144694328308,-0.17354807257652283,0.2575467137832747,0.0079606497961297,0.16190513968467712,1.1642059087753296,-0.6312460899353027,3.1627719402313232
25,0,0,Neither,"{8, 36}",0.0010945560643449426,35,47,57.795433044433594,0.00013606074207928032,0.004211936146020889,0.0186871699988842,0.20146703720092773,0.12848165619322255,0.03814218993253762,0.05171767249703407,0.768075168132782,-0.4918450117111206,1.5377163887023926
25,0,0,Neither,"{8, 39}",0.0006731064058840275,25,48,58.655609130859375,0.0016179513186216354,0.0003827186010312289,0.023663058876991272,0.4142974615097046,0.08287633557248346,0.05711987127916331,0.011757985688745975,0.5522472858428955,-0.4559210240840912,0.4312436580657959
25,0,0,Neither,"{8, 44}",0.002451630076393485,151,137,56.2919807434082,0.000501731876283884,0.006961698643863201,0.019960710778832436,-0.15847979485988617,0.19877319020552398,0.0020964360587002098,0.10916882008314133,1.1560511589050293,-0.683695912361145,2.551419258117676
25,0,0,Neither,"{8, 48}",0.0026920021045953035,180,151,55.89701843261719,0.00045637297444045544,-0.002659947145730257,0.00604268629103899,-0.202711284160614,0.16285233277215674,0.0024564994882292734,0.07779479026794434,1.1997568607330322,-0.6694653034210205,2.058711051940918
25,0,0,Neither,"{8, 52}",0.002611312083899975,186,140,56.72471618652344,0.0011397533817216754,0.0016673827776685357,0.014351846650242805,-0.30044832825660706,0.21097461370493223,0.0003160306549735324,0.11951526254415512,1.3000373840332031,-0.7479098439216614,2.689594268798828
25,0,0,Neither,"{8, 53}",0.0014591030776500702,63,67,56.4034309387207,0.0012428025947883725,-0.0022271869238466024,0.02849741093814373,0.3866136372089386,0.14738386145050256,0.11140013571590138,0.07827500253915787,0.5450550317764282,-0.3711749315261841,2.067232847213745
25,0,0,Neither,"{11, 15}",0.00386776402592659,127,170,58.43470001220703,0.0007568736909888685,-0.004666196648031473,0.01819370687007904,0.07745052874088287,0.36850965946027037,0.12172064411072915,0.12102866917848587,0.8102561831474304,-0.4495047330856323,1.3322428464889526
25,0,0,Neither,"{17, 11}",0.0027636538725346327,179,158,59.7051887512207,0.0007317883428186178,0.0009736802894622087,0.0238124281167984,0.20856225490570068,0.27879919323921126,0.13996173621906013,0.03761682286858559,0.6806667447090149,-0.3938920199871063,0.535464346408844
25,0,0,Neither,"{19, 11}",0.002311530290171504,51,65,60.24763488769531,0.0026711144018918276,0.0023745899088680744,0.019198358058929443,0.046636469662189484,0.2263097361358825,0.053693746777638655,0.03166506811976433,0.9021738767623901,-0.49095261096954346,0.5958277583122253
25,0,0,Neither,"{26, 11}",0.005506671965122223,155,155,58.21277618408203,0.0028193059843033552,0.0007791724056005478,0.008186794817447662,-0.2556932270526886,0.3397396362909006,0.01143165538219998,0.060143258422613144,1.2413386106491089,-0.6595520973205566,0.7933130264282227
25,0,0,Neither,"{11, 28}",0.002922976855188608,204,193,58.703834533691406,-0.00014980613195803016,-0.0002685545478016138,0.01589639112353325,0.08881695568561554,0.26061373826946477,0.0935081547809402,0.008949456736445427,0.825980007648468,-0.44211989641189575,0.14166657626628876
25,0,0,Neither,"{32, 11}",0.0024359216913580894,156,127,59.06222915649414,0.0028745115268975496,0.0003140949993394315,0.009502491913735867,-0.12074553966522217,0.22754321337489375,0.021170610211706103,0.03699108958244324,1.0970187187194824,-0.5745313167572021,0.71370530128479
25,0,0,Neither,"{33, 11}",0.003007336053997278,74,138,58.169498443603516,0.002050949726253748,0.0014166440814733505,0.014531580731272697,-0.1589532047510147,0.3427899921657527,0.04989059080962801,0.07434597611427307,1.1011323928833008,-0.5466234087944031,0.9372973442077637
25,0,0,Neither,"{11, 36}",0.0023290994577109814,137,77,58.707618713378906,0.0012219605268910527,0.0013811674434691668,0.017664771527051926,0.11358702927827835,0.2170419882319604,0.07664541893863759,0.03584148362278938,0.8184734582901001,-0.44713783264160156,0.6877583265304565
25,0,0,Neither,"{11, 39}",0.0019886111840605736,73,53,59.541629791259766,0.003077002475038171,0.0013620936078950763,0.016292521730065346,-0.08693614602088928,0.18717183671428334,0.003918425505387835,0.07580117136240005,1.0826771259307861,-0.65716153383255,1.7942310571670532
25,0,0,Neither,"{11, 44}",0.0037350112106651068,130,115,57.20249938964844,0.0025384053587913513,-0.0017861051019281149,0.009321513585746288,-0.18755286931991577,0.29123397729735134,0.028331043956043956,0.02160966396331787,1.1539082527160645,-0.5781266093254089,0.3259446620941162
25,0,0,Neither,"{11, 46}",0.0020440297666937113,119,42,59.4533576965332,0.0018940848531201482,-0.002390938578173518,0.017293337732553482,-0.05743512511253357,0.19330588568666343,0.011296024834008796,0.06918002665042877,1.0454902648925781,-0.602308452129364,1.5765024423599243
25,0,0,Neither,"{48, 11}",0.003926403354853392,117,110,56.84331130981445,0.0014943965943530202,0.0005556978285312653,0.003359784372150898,-0.21316826343536377,0.2620139016218559,0.005852789617660156,0.009764366783201694,1.2060678005218506,-0.6685041785240173,0.16676372289657593
25,0,0,Neither,"{50, 11}",0.0024025337770581245,55,44,58.611900329589844,0.0013734251260757446,-0.0022074906155467033,0.01458206307142973,-0.10381265729665756,0.24672878502491957,0.02803675179029861,0.01840823143720627,1.07286536693573,-0.5606316924095154,0.32628369331359863
25,0,0,Neither,"{11, 52}",0.0038512442260980606,38,116,57.68562316894531,0.0011417693458497524,-0.001021319068968296,0.008337496779859066,-0.1341182142496109,0.30165185938359473,0.03210476874620103,0.031956110149621964,1.0977076292037964,-0.5717061758041382,0.4641196131706238
25,0,0,Neither,"{11, 53}",0.002692467300221324,178,146,57.368736267089844,0.0012741310056298971,0.0037063020281493664,0.015286743640899658,0.025105731561779976,0.2425783008017602,0.08871023156737443,0.00928415171802044,0.8884111642837524,-0.44093769788742065,0.15824179351329803
25,0,0,Neither,"{11, 60}",0.0018410710617899895,107,174,56.61976623535156,0.0013815149432048202,0.0002892854390665889,0.005896574817597866,-0.04250839725136757,0.178254129648459,0.020572283523471107,0.08102532476186752,1.021061658859253,-0.5532479286193848,1.9782885313034058
10,0,1,Geometry_only,"{1, 51}",0.001506298896856606,2,86,56.389007568359375,0.000781266251578927,0.0010015057632699609,0.016289256513118744,-0.2440672069787979,0.24599536612604803,0.0001355197181189863,0.032043419778347015,1.243898630142212,-0.784976065158844,0.5860582590103149
10,0,1,Geometry_only,"{1, 62}",0.001470519695430994,5,91,55.07920455932617,0.0005051863845437765,-0.0006616829195991158,0.004688686691224575,-0.04098433256149292,0.22417615388461987,0.02929585842813592,0.018699271604418755,1.0104877948760986,-0.5480349063873291,0.3612520694732666
10,0,1,Geometry_only,"{42, 47}",0.0009472614037804306,3,74,58.913490295410156,0.0014952117344364524,0.00010274956002831459,0.026920082047581673,0.43160977959632874,0.10019502275265448,0.15371818333056064,0.007901715114712715,0.4810183048248291,-0.33648547530174255,0.2510838210582733
10,0,1,Geometry_only,"{51, 62}",0.0015071923844516277,4,111,54.91659927368164,0.0021435851231217384,0.0014048746088519692,0.021761592477560043,0.11868274956941605,0.24594536029203407,0.08742799051169095,0.013344149105250835,0.8042654395103455,-0.4440859258174896,0.22480621933937073
10,0,1,Geometry_only,"{2, 10}",0.002406827872619033,7,116,56.97645568847656,0.0007811271352693439,0.00146991026122123,0.009000865742564201,-0.10134513676166534,0.253929625122931,0.007745831692267297,0.03146134316921234,1.092814326286316,-0.6501703262329102,0.5546481013298035
10,0,1,Geometry_only,"{42, 54}",0.0010025869123637676,1,12,57.994773864746094,0.0010709085036069155,-0.0011389382416382432,0.017051491886377335,0.01764378324151039,0.11981397829746804,0.021285475792988316,0.001993618905544281,0.9614462852478027,-0.5419043302536011,0.061262719333171844
10,0,1,Geometry_only,"{0, 41}",0.0021983764600008726,6,56,58.071929931640625,0.0009676468325778842,-0.0012402443680912256,0.014878608286380768,0.02841046452522278,0.21242478289133732,0.03821406151914627,0.05667989328503609,0.9344611763954163,-0.5169084668159485,1.1558223962783813
10,0,1,Geometry_only,"{41, 10}",0.0023626291658729315,9,83,58.202552795410156,0.001205440959893167,-0.0004904174129478633,0.01588408276438713,-0.10152583569288254,0.22202590302201924,0.007882882882882882,0.059502974152565,1.0928425788879395,-0.6354284286499023,1.199926733970642
10,0,1,Geometry_only,"{54, 47}",0.0010435120202600956,0,28,57.943138122558594,-0.00037321046693250537,3.5364486393518746e-05,0.015698621049523354,0.007938695140182972,0.11197973096861301,0.011908306043465317,0.0059080966748297215,0.9802475571632385,-0.5800459980964661,0.18982110917568207
10,0,1,Geometry_only,"{41, 49}",0.002372751710936427,8,67,56.26511764526367,0.00036874745273962617,-0.0017882261890918016,0.007472879718989134,-0.03618379309773445,0.17623722767656227,0.02998202969828809,0.022613748908042908,1.0051169395446777,-0.5287203788757324,0.533359944820404
10,0,1,CARE_only,"{42, 7}",0.0007612670306116343,48,3,56.85137939453125,0.00174841214902699,0.0002391314774286002,0.007093248888850212,-0.0826435387134552,0.08797693064190822,0.0028419856006062904,0.031796038150787354,1.0795667171478271,-0.6482720971107483,1.1717227697372437
10,0,1,CARE_only,"{43, 7}",0.0006985594518482685,35,2,56.509246826171875,0.0010092478478327394,-0.0007473374716937542,0.005593729205429554,-0.06820204108953476,0.06900805093927626,0.003381642512077295,0.015221352688968182,1.0645897388458252,-0.639715850353241,0.6173336505889893
10,0,1,CARE_only,"{47, 7}",0.0008169123902916908,49,1,56.78712463378906,0.0006643986562266946,-0.0016005769139155746,0.004409483168274164,-0.05786279961466789,0.07904255496474588,0.001687051876845213,0.02389432117342949,1.0560780763626099,-0.6680602431297302,0.920638918876648
10,0,1,CARE_only,"{49, 7}",0.0015233628218993545,120,9,55.0297737121582,0.0005735650192946196,2.475347719155252e-05,0.005576243624091148,0.013195554725825787,0.1283983131365326,0.009476827210177853,0.06792856007814407,0.9774526953697205,-0.5924087762832642,2.087444543838501
10,0,1,CARE_only,"{43, 47}",0.0008748472901061177,62,7,58.58469772338867,0.0007519152131862938,0.001085342955775559,0.02493203990161419,0.4259437024593353,0.09076058873535246,0.06446280991735537,0.008672969415783882,0.5370510220527649,-0.442766398191452,0.3033052980899811
10,0,1,CARE_only,"{2, 47}",0.0017635688418522477,103,0,56.71648406982422,0.0013109815772622824,0.0008747423999011517,0.0106933219358325,0.18423180282115936,0.1551681029453436,0.05177784939306048,0.04946212098002434,0.7735294699668884,-0.4687584340572357,1.278724193572998
10,0,1,CARE_only,"{16, 7}",0.0009273886098526418,64,8,54.68532943725586,0.0023082352709025145,0.0012551536783576012,0.005582522135227919,0.09233289957046509,0.11054623039354591,0.022466827503015683,0.0534493587911129,0.8872746825218201,-0.5324403643608093,1.7596244812011719
10,0,1,CARE_only,"{25, 7}",0.0009273813921026886,67,6,56.38197326660156,0.0006328727467916906,-0.001952138147316873,0.005150338634848595,0.019369712099432945,0.12931508676012202,0.005671564836298015,0.06830690801143646,0.9750685691833496,-0.6212387681007385,2.095426559448242
10,0,1,CARE_only,"{49, 54}",0.001761525752954185,91,5,56.18423843383789,0.0008276945445686579,-0.001585068297572434,0.002263077301904559,-0.1880701631307602,0.16280232693814278,0.005835978294256168,0.038126140832901,1.1811366081237793,-0.6330054998397827,0.976984441280365
10,0,1,CARE_only,"{41, 7}",0.00142480933573097,112,4,55.881229400634766,0.0008961044950410724,0.0023835974279791117,0.007868570275604725,-0.03150974586606026,0.10276198889870485,0.009245742092457421,0.045314811170101166,1.02197265625,-0.5911259055137634,1.5540845394134521
10,0,1,Neither,"{0, 1}",0.0018130203243345022,50,109,57.805328369140625,0.00014763524814043194,-0.003030475927516818,0.007948243990540504,-0.13765263557434082,0.2466621105795676,0.0029733747803757263,0.033236682415008545,1.1342699527740479,-0.6935500502586365,0.6049993634223938
10,0,1,Neither,"{0, 2}",0.002266715047881007,19,61,56.83855438232422,0.0006843783194199204,0.000671728397719562,0.01380747091025114,0.3915627896785736,0.20732418782191256,0.2186846759929249,0.028638262301683426,0.4753813147544861,-0.29174602031707764,0.510543704032898
10,0,1,Neither,"{0, 7}",0.0013925312086939812,110,60,56.890140533447266,0.000685872626490891,0.00014462979743257165,0.005820878315716982,-0.07961425185203552,0.16780291033953962,0.0049667229561935035,0.10199470072984695,1.0742521286010742,-0.6346851587295532,2.709906816482544
10,0,1,Neither,"{0, 10}",0.0022814408876001835,11,121,59.177223205566406,0.0008315949235111475,0.0006223202217370272,0.03247523307800293,0.02526085451245308,0.27913256546597104,0.034276842230980535,0.0028230806346982718,0.9413281679153442,-0.5571321845054626,0.04410437121987343
10,0,1,Neither,"{0, 16}",0.0017914309864863753,72,89,56.955928802490234,0.0011007213033735752,0.00043581740465015173,0.016703126952052116,-0.11046412587165833,0.22709316086876802,0.012184380504991193,0.04854534566402435,1.0969338417053223,-0.6121253371238708,0.9502823948860168
10,0,1,Neither,"{0, 18}",0.005512769799679518,184,184,59.195682525634766,0.0013414777349680662,-0.0015175705775618553,0.02750222384929657,0.32515910267829895,0.4093977630723584,0.2135906518464232,0.18453343212604523,0.5307011604309082,-0.3761855661869049,1.6817647218704224
10,0,1,Neither,"{0, 22}",0.03307231143116951,204,171,56.57102966308594,4.081756924279034e-05,0.0007112364983186126,0.007253196090459824,-0.07295019179582596,0.20095677829080058,0.04727936297279363,0.06548383086919785,1.0222218036651611,-0.49065491557121277,1.3985224962234497
10,0,1,Neither,"{0, 25}",0.0016842095647007227,57,101,58.52455139160156,0.0017240134766325355,-0.00021637747704517096,0.024793216958642006,-0.35260626673698425,0.24632873835280783,0.002233049127080796,0.03368779271841049,1.349585771560669,-0.7050206661224365,0.6144803166389465
10,0,1,Neither,"{0, 37}",0.003664972959086299,167,206,57.84196090698242,0.0009846917819231749,0.0002752027940005064,0.017841435968875885,-0.20077556371688843,0.3025519643958462,0.014654839953721558,0.018786583095788956,1.183178424835205,-0.6312267184257507,0.27617016434669495
10,0,1,Neither,"{0, 42}",0.0015699539799243212,78,55,59.04281997680664,0.0005274744471535087,-0.0018327322322875261,0.016448721289634705,0.15325592458248138,0.19242244928575,0.06566181566181566,0.0701986625790596,0.7911453247070312,-0.451570987701416,1.5381840467453003
10,0,1,Neither,"{0, 43}",0.0015291913878172636,105,54,58.69951629638672,0.000279282103292644,0.00036207822267897427,0.026760729029774666,0.4007241129875183,0.17623722767656227,0.055802515842239664,0.0867733508348465,0.5658347606658936,-0.46057021617889404,2.0925731658935547
10,0,1,Neither,"{0, 47}",0.0016260695410892367,80,53,58.944053649902344,0.0007422016933560371,0.0007807571673765779,0.02563421055674553,0.5097305178642273,0.17535379127564882,0.11777566539923955,0.07810038328170776,0.43252766132354736,-0.3706355094909668,1.789267897605896
10,0,1,Neither,"{0, 49}",0.002270051511004567,18,87,57.25790023803711,0.0005049292230978608,-0.0008875890634953976,0.005356303881853819,-0.3448382019996643,0.24622872668477988,0.0008800433252098565,0.03406614437699318,1.3436546325683594,-0.7373842000961304,0.6224623918533325
10,0,1,Neither,"{0, 51}",0.0018719191430136561,45,119,57.67567443847656,0.0007722871378064156,-0.0013531630393117666,0.01744614727795124,-0.30395254492759705,0.2829830146850466,0.0039465158744183305,0.0011932608904317021,1.2988064289093018,-0.6947369575500488,0.018941067159175873
10,0,1,Neither,"{0, 54}",0.0016411511460319161,74,51,58.010902404785156,0.0008148977067321539,-0.00037933900603093207,0.023029571399092674,0.11823131144046783,0.19265580984448186,0.052517736632635405,0.07219228148460388,0.8354601860046387,-0.4756889343261719,1.5994467735290527
10,0,1,Neither,"{0, 55}",0.0025123353116214275,43,127,58.37492752075195,0.0002209394151577726,0.002574205631390214,0.014811581000685692,-0.4727991819381714,0.3384728218292134,4.924652811976756e-05,0.04628979042172432,1.4727267026901245,-0.8271839022636414,0.6176502108573914
10,0,1,Neither,"{0, 56}",0.002641306957229972,115,113,58.03181838989258,0.00037572585279121995,-0.00012415542732924223,0.019809028133749962,0.439247727394104,0.25953027853249544,0.2522157996146435,0.034502703696489334,0.4193216860294342,-0.2878052592277527,0.4793410003185272
10,0,1,Neither,"{0, 62}",0.0018292616587132215,44,114,56.40391159057617,0.00021581465261988342,-0.002234213287010789,0.0077794622629880905,-0.11136984825134277,0.2565966029370093,0.04761595426789658,0.014537409879267216,1.0584509372711182,-0.5165030360221863,0.243747279047966
10,0,1,Neither,"{0, 63}",0.0025442237965762615,148,150,58.31382369995117,0.0003088834637310356,0.0011304838117212057,0.015284649096429348,-0.4438585638999939,0.33385561648859036,0.0,0.04224434494972229,1.4438586235046387,-0.9168328642845154,0.5714318156242371
10,0,1,Neither,"{1, 2}",0.001971630845218897,70,79,55.540218353271484,0.0004169110907241702,0.0015744585543870926,0.0010851934785023332,-0.12455423176288605,0.21447502208591002,0.0005440273568042279,0.004598420113325119,1.123942494392395,-0.7424119114875793,0.09445562213659286
10,0,1,Neither,"{1, 7}",0.0010197227820754051,77,46,55.57444381713867,0.0010971954325214028,0.0018500338774174452,0.00569918705150485,0.03260060399770737,0.11856383244711884,0.10122311261071278,0.06875801831483841,0.8694761991500854,-0.3823382258415222,2.104907512664795
10,0,1,Neither,"{1, 10}",0.0018571169348433614,60,45,57.937870025634766,0.00035680615110322833,0.001780035556294024,0.023172197863459587,0.814850389957428,0.16918640508059274,0.48137931034482756,0.03605976328253746,0.09602241963148117,-0.12246327847242355,0.6491037011146545
10,0,1,Neither,"{16, 1}",0.0014047524891793728,20,62,55.645545959472656,0.0013583377003669739,0.0003634226741269231,0.010887918062508106,0.1336558759212494,0.1842214925074592,0.04107853782120883,0.015308664180338383,0.8307559490203857,-0.503210186958313,0.3452830910682678
10,0,1,Neither,"{1, 18}",0.0050268033519387245,180,186,57.9291877746582,0.0018281618831679225,0.001216360367834568,0.0240933857858181,0.5724061131477356,0.3747937259346924,0.22406048476762286,0.21777011454105377,0.33178699016571045,-0.3291783034801483,2.286764144897461
10,0,1,Neither,"{1, 22}",0.027974339202046394,200,165,55.248565673828125,0.00037290441105142236,0.0025073965080082417,0.006850957404822111,0.0031199692748486996,0.16048538996216224,0.0741587037806398,0.0322471484541893,0.9229527115821838,-0.43278825283050537,0.7935231328010559
10,0,1,Neither,"{1, 25}",0.0013713677180930972,14,78,57.3248291015625,-0.0005970174679532647,0.0016690458869561553,0.009163729846477509,-0.35229256749153137,0.20879102561965562,7.983394539358135e-05,0.00045111082727089524,1.3521846532821655,-0.7858890295028687,0.009480942972004414
10,0,1,Neither,"{1, 37}",0.00327203213237226,161,198,56.57090377807617,0.00056987046264112,0.0005084906588308513,0.008628470823168755,-0.07268811017274857,0.26759788642008236,0.004920891989535318,0.0520232655107975,1.0674095153808594,-0.6773664951324463,0.8811694979667664
10,0,1,Neither,"{1, 41}",0.0018599816830828786,52,75,56.796104431152344,0.0009137013112194836,-0.00013276783283799887,0.008403913117945194,-0.09462713450193405,0.18213791609021052,0.0018303285439736432,0.023443210870027542,1.0926235914230347,-0.6918468475341797,0.5508229732513428
10,0,1,Neither,"{1, 42}",0.0012384317815303802,33,73,57.774078369140625,0.0009456999250687659,0.0003865156904794276,0.005893940106034279,-0.2868490517139435,0.16678612504792226,0.0011992804317409553,0.036961983889341354,1.2853057384490967,-0.7018892168998718,0.9331847429275513
10,0,1,Neither,"{1, 43}",0.0011808461276814342,89,76,57.42523956298828,0.0006281855748966336,0.0025290343910455704,0.008194705471396446,-0.02201140858232975,0.14675045421965896,0.008518855065879146,0.05353666841983795,1.0133050680160522,-0.6058260202407837,1.4875738620758057
10,0,1,Neither,"{1, 47}",0.0012992687989026308,32,71,57.70177459716797,0.00018137194274459034,0.0002381372032687068,0.005196442827582359,-0.18618114292621613,0.1578517493707599,0.0005279831045406547,0.04486370086669922,1.1855548620224,-0.724933922290802,1.184268593788147
10,0,1,Neither,"{1, 49}",0.0019603248219937086,58,68,55.97449493408203,3.106503572780639e-05,0.0009999104076996446,0.0017016876954585314,-0.18705609440803528,0.20834097311352992,0.00016001280102408193,0.0008294618455693126,1.1868661642074585,-0.7713240385055542,0.017463022843003273
10,0,1,Neither,"{1, 54}",0.001299691037274897,28,66,56.7510986328125,0.00013677513925358653,0.00029159331461414695,0.012369848787784576,0.0013143965043127537,0.16361908889370427,0.006621841890790546,0.038955602794885635,0.9920724630355835,-0.6265034079551697,0.9944474697113037
10,0,1,Neither,"{1, 55}",0.0021523223258554935,94,125,57.08460235595703,0.0008809695136733353,0.001112362020649016,0.009421149268746376,-0.24825747311115265,0.3002850332538796,0.0004440743824590619,0.07952647656202316,1.247703194618225,-0.7710288763046265,1.2226495742797852
10,0,1,Neither,"{56, 1}",0.0023218593560159206,128,132,56.739288330078125,0.0008416555938310921,-0.0004928386770188808,0.003668122226372361,-0.1951473504304886,0.2850499224909573,0.006549324600900532,0.06773938238620758,1.1873199939727783,-0.66843581199646,1.0843403339385986
10,0,1,Neither,"{1, 63}",0.002209868049249053,145,145,57.04305648803711,0.00024209977709688246,0.0018809365574270487,0.0166197307407856,-0.25640249252319336,0.2957845081926225,0.0,0.07548102736473083,1.2564024925231934,-0.9106795787811279,1.1764311790466309
10,0,1,Neither,"{2, 7}",0.0015327398432418704,122,70,54.59646987915039,0.0006568037206307054,-0.0003168974944856018,0.007928794249892235,-0.01652642711997032,0.13448235627489874,0.010039662865642042,0.07335644215345383,1.006320834159851,-0.5897241234779358,2.1993632316589355
10,0,1,Neither,"{16, 2}",0.001916408073157072,99,44,54.67521286010742,0.0007066667312756181,0.0007744385511614382,0.006091104820370674,-0.10866837203502655,0.19517277015651827,0.009650696045776752,0.019907085224986076,1.0979689359664917,-0.6166407465934753,0.4397386908531189
10,0,1,Neither,"{2, 18}",0.005746053531765938,187,188,57.00800323486328,0.0008958728285506368,-0.0003084891941398382,0.016427701339125633,0.13398423790931702,0.4157818412148084,0.11605997434252727,0.21317169070243835,0.7655059695243835,-0.4586604833602905,2.1923084259033203
10,0,1,Neither,"{2, 22}",0.0385146327316761,199,164,54.2669677734375,-0.00016024087381083518,-0.0013683853903785348,0.004796385299414396,-0.05920935794711113,0.16746953811277981,0.06081417338509008,0.03684556856751442,0.9947944283485413,-0.45659616589546204,0.8879787921905518
10,0,1,Neither,"{25, 2}",0.0018667946569621563,75,20,56.33258819580078,0.0005286230007186532,-0.0005886713042855263,0.0063221813179552555,-0.15838059782981873,0.2102745320287367,0.01807372175980975,0.005049530882388353,1.1374443769454956,-0.5810234546661377,0.103936567902565
10,0,1,Neither,"{2, 37}",0.0038538624066859484,170,209,55.59402084350586,0.0007476474274881184,0.0031416374258697033,0.011912479996681213,-0.11519941687583923,0.26773123531078624,0.024094135225999253,0.04742484539747238,1.0883296728134155,-0.5798527002334595,0.7867138981819153
10,0,1,Neither,"{41, 2}",0.00238556950353086,22,17,55.82526779174805,0.001005492522381246,-0.0018227221444249153,0.010727222077548504,-9.594799485057592e-05,0.18143783441401498,0.03472668810289389,0.02804163098335266,0.9653659462928772,-0.5172157287597656,0.6452786326408386
10,0,1,Neither,"{2, 42}",0.0017415941692888737,102,16,56.83522415161133,0.000492869527079165,0.00036569623625837266,0.007938729599118233,-0.03638853132724762,0.16795292784158153,0.025605398967844382,0.04156040400266647,1.009851336479187,-0.5378636717796326,1.0276403427124023
10,0,1,Neither,"{2, 43}",0.0016581923700869083,118,15,56.464637756347656,0.0007353205000981688,-0.0007811005343683064,0.012275110930204391,0.12544092535972595,0.14855066424416183,0.03175493716337523,0.05813508853316307,0.8467875123023987,-0.5119955539703369,1.5820294618606567
10,0,1,Neither,"{49, 2}",0.002454630797728896,23,13,54.97309494018555,0.0007009746041148901,-0.0012442483566701412,0.0148936677724123,-0.12995725870132446,0.20794092644141818,0.027414829659318636,0.005427882075309753,1.0989797115325928,-0.5478102564811707,0.11191865056753159
10,0,1,Neither,"{2, 51}",0.0020493443589657545,65,104,55.400360107421875,0.0012590354308485985,-0.00039286899846047163,0.00995715707540512,-0.043611712753772736,0.23957795076092211,0.048911152856049536,0.027445001527667046,0.9925674796104431,-0.5061861276626587,0.49160265922546387
10,0,1,Neither,"{2, 54}",0.0017973474459722638,100,11,55.78081512451172,0.00016075573512353003,0.0009507337235845625,0.005724908318370581,-0.028973478823900223,0.16708616005200608,0.0172585794094174,0.043554022908210754,1.0112148523330688,-0.5675540566444397,1.0889030694961548
10,0,1,Neither,"{2, 55}",0.0026867918204516172,24,128,56.13722229003906,0.00031874916749075055,-0.0013773891841992736,0.005976969376206398,-0.30575671792030334,0.3053356224892904,0.0011464133639043563,0.07492805272340775,1.3042597770690918,-0.7458782196044922,1.128193974494934
10,0,1,Neither,"{56, 2}",0.00275231059640646,107,117,55.733436584472656,0.002159752417355776,0.0015647122636437416,0.010034380480647087,0.22621040046215057,0.2525627989932159,0.156876979936642,0.06314096599817276,0.6523998379707336,-0.3611246943473816,0.9898847341537476
10,0,1,Neither,"{2, 62}",0.0019525405950844288,63,88,54.0804443359375,0.00047622586134821177,-0.001070736674591899,0.01221191044896841,-0.061572033911943436,0.22497624722884335,0.04904793657849892,0.014100851491093636,1.0095040798187256,-0.5006188750267029,0.26679643988609314
10,0,1,Neither,"{2, 63}",0.002722272416576743,154,190,56.07191467285156,0.0004767930950038135,0.0026046298444271088,0.007588091306388378,-0.28543126583099365,0.29941826546430417,0.005455658854311641,0.07088261097669601,1.2784184217453003,-0.6827438473701477,1.0819754600524902
10,0,1,Neither,"{10, 7}",0.0015188847901299596,117,10,57.02018356323242,0.001059480244293809,0.0027393337804824114,0.006553016137331724,-0.08135302364826202,0.17133665594319336,0.0031131433018776146,0.10481778532266617,1.0779865980148315,-0.657799243927002,2.7540111541748047
10,0,1,Neither,"{18, 7}",0.004805452656000853,173,174,57.00923538208008,0.0026621120050549507,-0.00010462195496074855,0.015800124034285545,0.02435242384672165,0.3748604003800443,0.013740050691449153,0.2865281403064728,0.9622421264648438,-0.612813413143158,4.391671657562256
10,0,1,Neither,"{22, 7}",0.032725922763347626,192,163,54.28849411010742,0.0010526194237172604,-0.0003188996633980423,0.007689405232667923,0.23346081376075745,0.07995932858833531,0.17094017094017094,0.03651087358593941,0.6355068683624268,-0.3264002203941345,1.3113843202590942
10,0,1,Neither,"{37, 7}",0.002825955394655466,150,149,55.63657760620117,0.0011112045031040907,-0.00031327386386692524,0.006582013797014952,-0.05493169277906418,0.1843881786208391,0.03127824986440065,0.12078128755092621,1.021935224533081,-0.5115833878517151,2.986077070236206
10,0,1,Neither,"{51, 7}",0.0010514649329707026,90,21,55.44776916503906,0.0014607891207560897,-0.0014209882356226444,0.008715919218957424,-0.07059276849031448,0.1657693397563049,0.00904977375565611,0.10080144554376602,1.0609041452407837,-0.6009300947189331,2.6909658908843994
10,0,1,Neither,"{54, 7}",0.0008091793279163539,51,31,55.820125579833984,0.0006376290693879128,0.0019207658478990197,0.002859677653759718,0.010283994488418102,0.08499324921240811,0.011178662482839772,0.029802419245243073,0.97865229845047,-0.5792085528373718,1.1104600429534912
10,0,1,Neither,"{55, 7}",0.0017498628003522754,129,100,56.1702766418457,0.00101320946123451,9.168883843813092e-05,0.004964802414178848,-0.03368315473198891,0.2211424666211058,0.0023366247079219114,0.14828449487686157,1.0312678813934326,-0.6800764799118042,3.32755708694458
10,0,1,Neither,"{56, 7}",0.0018974901176989079,138,99,55.81686782836914,0.0010696101235225797,7.513687160098925e-05,0.005701628513634205,-0.10103665292263031,0.20737419365592652,0.0037778313640382606,0.1364974081516266,1.096877098083496,-0.6558151245117188,3.1892478466033936
10,0,1,Neither,"{62, 7}",0.0010130220325663686,79,39,54.109134674072266,0.0014290723484009504,0.0007393186097033322,0.01588013581931591,0.053972989320755005,0.149834147317187,0.014350873289576148,0.08745729178190231,0.9324507117271423,-0.5686239004135132,2.4661595821380615
10,0,1,Neither,"{63, 7}",0.0018076379783451557,131,102,56.139095306396484,-5.038455128669739e-05,0.001632805448025465,0.003278224729001522,-0.055164169520139694,0.21654192989182072,0.002232314679393426,0.14423905313014984,1.0528087615966797,-0.6810801029205322,3.281338691711426
10,0,1,Neither,"{16, 10}",0.001852389657869935,87,94,57.059364318847656,0.002373307943344116,-0.00014969428593758494,0.018707983195781708,0.028846297413110733,0.2282099578284133,0.021400920312614126,0.05136842653155327,0.9503701329231262,-0.5728105306625366,0.9943867921829224
10,0,1,Neither,"{10, 18}",0.005491963587701321,186,187,59.28251647949219,0.0029541347175836563,-0.0011366596445441246,0.04091000184416771,0.5577189922332764,0.3723267714566699,0.34310784796525945,0.181710347533226,0.2905309200286865,-0.266689270734787,1.6376603841781616
10,0,1,Neither,"{10, 22}",0.03076045960187912,203,189,56.67644500732422,0.0013099969364702702,-0.00013765401672571898,0.006458371877670288,-0.059735529124736786,0.21304152151084293,0.0030514044284484783,0.06830690801143646,1.056501865386963,-0.6783328652381897,1.4426268339157104
10,0,1,Neither,"{25, 10}",0.0018116035498678684,69,98,58.68402099609375,0.0009387832833454013,0.000805609452072531,0.021919384598731995,-0.3958461880683899,0.24992915840181354,0.0007336267840469521,0.03651087358593941,1.394822120666504,-0.7439819574356079,0.6585846543312073
25,0,1,Geometry_only,"{0, 2}",0.002266715047881007,19,61,56.83855438232422,0.0006843783194199204,0.000671728397719562,0.01380747091025114,0.3915627896785736,0.20732418782191256,0.2186846759929249,0.028638262301683426,0.4753813147544861,-0.29174602031707764,0.510543704032898
25,0,1,Geometry_only,"{0, 10}",0.0022814408876001835,11,121,59.177223205566406,0.0008315949235111475,0.0006223202217370272,0.03247523307800293,0.02526085451245308,0.27913256546597104,0.034276842230980535,0.0028230806346982718,0.9413281679153442,-0.5571321845054626,0.04410437121987343
25,0,1,Geometry_only,"{0, 41}",0.0021983764600008726,6,56,58.071929931640625,0.0009676468325778842,-0.0012402443680912256,0.014878608286380768,0.02841046452522278,0.21242478289133732,0.03821406151914627,0.05667989328503609,0.9344611763954163,-0.5169084668159485,1.1558223962783813
25,0,1,Geometry_only,"{25, 51}",0.0013894831063225865,16,93,57.16582107543945,0.0010199274402111769,-0.00018934161926154047,0.027444355189800262,0.24017351865768433,0.2293600920107346,0.07042151162790698,0.03249453008174896,0.7063183784484863,-0.46222350001335144,0.5955392122268677
25,0,1,Geometry_only,"{0, 49}",0.002270051511004567,18,87,57.25790023803711,0.0005049292230978608,-0.0008875890634953976,0.005356303881853819,-0.3448382019996643,0.24622872668477988,0.0008800433252098565,0.03406614437699318,1.3436546325683594,-0.7373842000961304,0.6224623918533325
25,0,1,Geometry_only,"{25, 62}",0.0013621393591165543,15,92,55.8892936706543,0.0002218942390754819,-0.0014159195125102997,0.0067507196217775345,-0.031229665502905846,0.22417615388461987,0.026990854338612535,0.0191503819078207,1.003395915031433,-0.5548815131187439,0.37073299288749695
25,0,1,Geometry_only,"{16, 1}",0.0014047524891793728,20,62,55.645545959472656,0.0013583377003669739,0.0003634226741269231,0.010887918062508106,0.1336558759212494,0.1842214925074592,0.04107853782120883,0.015308664180338383,0.8307559490203857,-0.503210186958313,0.3452830910682678
25,0,1,Geometry_only,"{1, 25}",0.0013713677180930972,14,78,57.3248291015625,-0.0005970174679532647,0.0016690458869561553,0.009163729846477509,-0.35229256749153137,0.20879102561965562,7.983394539358135e-05,0.00045111082727089524,1.3521846532821655,-0.7858890295028687,0.009480942972004414
25,0,1,Geometry_only,"{41, 49}",0.002372751710936427,8,67,56.26511764526367,0.00036874745273962617,-0.0017882261890918016,0.007472879718989134,-0.03618379309773445,0.17623722767656227,0.02998202969828809,0.022613748908042908,1.0051169395446777,-0.5287203788757324,0.533359944820404
25,0,1,Geometry_only,"{1, 51}",0.001506298896856606,2,86,56.389007568359375,0.000781266251578927,0.0010015057632699609,0.016289256513118744,-0.2440672069787979,0.24599536612604803,0.0001355197181189863,0.032043419778347015,1.243898630142212,-0.784976065158844,0.5860582590103149
25,0,1,Geometry_only,"{1, 62}",0.001470519695430994,5,91,55.07920455932617,0.0005051863845437765,-0.0006616829195991158,0.004688686691224575,-0.04098433256149292,0.22417615388461987,0.02929585842813592,0.018699271604418755,1.0104877948760986,-0.5480349063873291,0.3612520694732666
25,0,1,Geometry_only,"{42, 47}",0.0009472614037804306,3,74,58.913490295410156,0.0014952117344364524,0.00010274956002831459,0.026920082047581673,0.43160977959632874,0.10019502275265448,0.15371818333056064,0.007901715114712715,0.4810183048248291,-0.33648547530174255,0.2510838210582733
25,0,1,Geometry_only,"{2, 10}",0.002406827872619033,7,116,56.97645568847656,0.0007811271352693439,0.00146991026122123,0.009000865742564201,-0.10134513676166534,0.253929625122931,0.007745831692267297,0.03146134316921234,1.092814326286316,-0.6501703262329102,0.5546481013298035
25,0,1,Geometry_only,"{2, 55}",0.0026867918204516172,24,128,56.13722229003906,0.00031874916749075055,-0.0013773891841992736,0.005976969376206398,-0.30575671792030334,0.3053356224892904,0.0011464133639043563,0.07492805272340775,1.3042597770690918,-0.7458782196044922,1.128193974494934
25,0,1,Geometry_only,"{54, 47}",0.0010435120202600956,0,28,57.943138122558594,-0.00037321046693250537,3.5364486393518746e-05,0.015698621049523354,0.007938695140182972,0.11197973096861301,0.011908306043465317,0.0059080966748297215,0.9802475571632385,-0.5800459980964661,0.18982110917568207
25,0,1,Geometry_only,"{51, 62}",0.0015071923844516277,4,111,54.91659927368164,0.0021435851231217384,0.0014048746088519692,0.021761592477560043,0.11868274956941605,0.24594536029203407,0.08742799051169095,0.013344149105250835,0.8042654395103455,-0.4440859258174896,0.22480621933937073
25,0,1,Geometry_only,"{41, 10}",0.0023626291658729315,9,83,58.202552795410156,0.001205440959893167,-0.0004904174129478633,0.01588408276438713,-0.10152583569288254,0.22202590302201924,0.007882882882882882,0.059502974152565,1.0928425788879395,-0.6354284286499023,1.199926733970642
25,0,1,Geometry_only,"{49, 10}",0.002386414911597967,13,106,57.369049072265625,0.0014996840618550777,0.0006608240655623376,0.009421182796359062,-0.22241665422916412,0.2494957745070258,0.0007349011223944415,0.036889225244522095,1.2215182781219482,-0.7437799572944641,0.6665667295455933
25,0,1,Geometry_only,"{16, 25}",0.0012667053379118443,21,27,56.429325103759766,0.001716130180284381,-0.001747500617057085,0.011264229193329811,-0.0806896835565567,0.1884719883986465,0.014858052533828601,0.014857553876936436,1.064632773399353,-0.5868790745735168,0.3358021378517151
25,0,1,Geometry_only,"{16, 54}",0.001104490365833044,10,29,55.881996154785156,0.0012479200959205627,-0.0009575414005666971,0.0199009757488966,0.5284040570259094,0.11506342406614105,0.2790091264667536,0.023646939545869827,0.34001636505126953,-0.23729653656482697,0.6491643786430359
25,0,1,CARE_only,"{42, 62}",0.0012195624876767397,37,19,56.36469268798828,0.0013046995736658573,-0.0020161664579063654,0.008572902530431747,-0.057945720851421356,0.18522160918773856,0.0171886249100072,0.05566125735640526,1.0397610664367676,-0.5726974606513977,1.2944368124008179
25,0,1,CARE_only,"{25, 2}",0.0018667946569621563,75,20,56.33258819580078,0.0005286230007186532,-0.0005886713042855263,0.0063221813179552555,-0.15838059782981873,0.2102745320287367,0.01807372175980975,0.005049530882388353,1.1374443769454956,-0.5810234546661377,0.103936567902565
25,0,1,CARE_only,"{43, 47}",0.0008748472901061177,62,7,58.58469772338867,0.0007519152131862938,0.001085342955775559,0.02493203990161419,0.4259437024593353,0.09076058873535246,0.06446280991735537,0.008672969415783882,0.5370510220527649,-0.442766398191452,0.3033052980899811
25,0,1,CARE_only,"{2, 42}",0.0017415941692888737,102,16,56.83522415161133,0.000492869527079165,0.00036569623625837266,0.007938729599118233,-0.03638853132724762,0.16795292784158153,0.025605398967844382,0.04156040400266647,1.009851336479187,-0.5378636717796326,1.0276403427124023
25,0,1,CARE_only,"{2, 43}",0.0016581923700869083,118,15,56.464637756347656,0.0007353205000981688,-0.0007811005343683064,0.012275110930204391,0.12544092535972595,0.14855066424416183,0.03175493716337523,0.05813508853316307,0.8467875123023987,-0.5119955539703369,1.5820294618606567
25,0,1,CARE_only,"{2, 47}",0.0017635688418522477,103,0,56.71648406982422,0.0013109815772622824,0.0008747423999011517,0.0106933219358325,0.18423180282115936,0.1551681029453436,0.05177784939306048,0.04946212098002434,0.7735294699668884,-0.4687584340572357,1.278724193572998
25,0,1,CARE_only,"{49, 43}",0.001660871203057468,119,22,56.88163757324219,0.0007398340385407209,3.711061435751617e-05,0.004313517827540636,-0.2739911675453186,0.14681712866501093,0.001589464123524069,0.05270720645785332,1.2719662189483643,-0.6844812631607056,1.4701108932495117
25,0,1,CARE_only,"{2, 54}",0.0017973474459722638,100,11,55.78081512451172,0.00016075573512353003,0.0009507337235845625,0.005724908318370581,-0.028973478823900223,0.16708616005200608,0.0172585794094174,0.043554022908210754,1.0112148523330688,-0.5675540566444397,1.0889030694961548
25,0,1,CARE_only,"{10, 7}",0.0015188847901299596,117,10,57.02018356323242,0.001059480244293809,0.0027393337804824114,0.006553016137331724,-0.08135302364826202,0.17133665594319336,0.0031131433018776146,0.10481778532266617,1.0779865980148315,-0.657799243927002,2.7540111541748047
25,0,1,CARE_only,"{16, 7}",0.0009273886098526418,64,8,54.68532943725586,0.0023082352709025145,0.0012551536783576012,0.005582522135227919,0.09233289957046509,0.11054623039354591,0.022466827503015683,0.0534493587911129,0.8872746825218201,-0.5324403643608093,1.7596244812011719
25,0,1,CARE_only,"{25, 7}",0.0009273813921026886,67,6,56.38197326660156,0.0006328727467916906,-0.001952138147316873,0.005150338634848595,0.019369712099432945,0.12931508676012202,0.005671564836298015,0.06830690801143646,0.9750685691833496,-0.6212387681007385,2.095426559448242
25,0,1,CARE_only,"{49, 54}",0.001761525752954185,91,5,56.18423843383789,0.0008276945445686579,-0.001585068297572434,0.002263077301904559,-0.1880701631307602,0.16280232693814278,0.005835978294256168,0.038126140832901,1.1811366081237793,-0.6330054998397827,0.976984441280365
25,0,1,CARE_only,"{41, 7}",0.00142480933573097,112,4,55.881229400634766,0.0008961044950410724,0.0023835974279791117,0.007868570275604725,-0.03150974586606026,0.10276198889870485,0.009245742092457421,0.045314811170101166,1.02197265625,-0.5911259055137634,1.5540845394134521
25,0,1,CARE_only,"{42, 7}",0.0007612670306116343,48,3,56.85137939453125,0.00174841214902699,0.0002391314774286002,0.007093248888850212,-0.0826435387134552,0.08797693064190822,0.0028419856006062904,0.031796038150787354,1.0795667171478271,-0.6482720971107483,1.1717227697372437
25,0,1,CARE_only,"{43, 7}",0.0006985594518482685,35,2,56.509246826171875,0.0010092478478327394,-0.0007473374716937542,0.005593729205429554,-0.06820204108953476,0.06900805093927626,0.003381642512077295,0.015221352688968182,1.0645897388458252,-0.639715850353241,0.6173336505889893
25,0,1,CARE_only,"{47, 7}",0.0008169123902916908,49,1,56.78712463378906,0.0006643986562266946,-0.0016005769139155746,0.004409483168274164,-0.05786279961466789,0.07904255496474588,0.001687051876845213,0.02389432117342949,1.0560780763626099,-0.6680602431297302,0.920638918876648
25,0,1,CARE_only,"{49, 7}",0.0015233628218993545,120,9,55.0297737121582,0.0005735650192946196,2.475347719155252e-05,0.005576243624091148,0.013195554725825787,0.1283983131365326,0.009476827210177853,0.06792856007814407,0.9774526953697205,-0.5924087762832642,2.087444543838501
25,0,1,CARE_only,"{51, 54}",0.0013092589797452092,38,18,56.61970901489258,0.0007606511935591698,-0.002634818200021982,0.0325763076543808,-0.05598543584346771,0.19517277015651827,0.03194124177982748,0.07099902629852295,1.0222558975219727,-0.5247572660446167,1.5805057287216187
25,0,1,CARE_only,"{51, 7}",0.0010514649329707026,90,21,55.44776916503906,0.0014607891207560897,-0.0014209882356226444,0.008715919218957424,-0.07059276849031448,0.1657693397563049,0.00904977375565611,0.10080144554376602,1.0609041452407837,-0.6009300947189331,2.6909658908843994
25,0,1,CARE_only,"{16, 43}",0.0010696777608245611,76,23,56.5902214050293,0.0008721398189663887,0.0005010273889638484,0.009961356408894062,-0.1039082407951355,0.13031520344040137,0.0011511895625479663,0.038228005170822144,1.1026374101638794,-0.6924911141395569,1.1422908306121826
25,0,1,Both,"{16, 47}",0.001188142690807581,12,14,56.85621643066406,0.0009352568886242807,0.0004762753960676491,0.010553017258644104,-0.15570102632045746,0.14029970163185704,0.0007128430557205655,0.02955503575503826,1.1548771858215332,-0.7115967869758606,0.8389855027198792
25,0,1,Both,"{42, 54}",0.0010025869123637676,1,12,57.994773864746094,0.0010709085036069155,-0.0011389382416382432,0.017051491886377335,0.01764378324151039,0.11981397829746804,0.021285475792988316,0.001993618905544281,0.9614462852478027,-0.5419043302536011,0.061262719333171844
25,0,1,Both,"{41, 2}",0.00238556950353086,22,17,55.82526779174805,0.001005492522381246,-0.0018227221444249153,0.010727222077548504,-9.594799485057592e-05,0.18143783441401498,0.03472668810289389,0.02804163098335266,0.9653659462928772,-0.5172157287597656,0.6452786326408386
25,0,1,Both,"{49, 2}",0.002454630797728896,23,13,54.97309494018555,0.0007009746041148901,-0.0012442483566701412,0.0148936677724123,-0.12995725870132446,0.20794092644141818,0.027414829659318636,0.005427882075309753,1.0989797115325928,-0.5478102564811707,0.11191865056753159
25,0,1,Both,"{16, 42}",0.0011295160511508584,17,24,56.940399169921875,0.0013293724041432142,-0.0011931946501135826,0.008007995784282684,-0.18804363906383514,0.14925074592035736,0.0013401831583649765,0.021653320640325546,1.1864514350891113,-0.6933549046516418,0.5879016518592834
25,0,1,Neither,"{0, 1}",0.0018130203243345022,50,109,57.805328369140625,0.00014763524814043194,-0.003030475927516818,0.007948243990540504,-0.13765263557434082,0.2466621105795676,0.0029733747803757263,0.033236682415008545,1.1342699527740479,-0.6935500502586365,0.6049993634223938
25,0,1,Neither,"{0, 7}",0.0013925312086939812,110,60,56.890140533447266,0.000685872626490891,0.00014462979743257165,0.005820878315716982,-0.07961425185203552,0.16780291033953962,0.0049667229561935035,0.10199470072984695,1.0742521286010742,-0.6346851587295532,2.709906816482544
25,0,1,Neither,"{0, 16}",0.0017914309864863753,72,89,56.955928802490234,0.0011007213033735752,0.00043581740465015173,0.016703126952052116,-0.11046412587165833,0.22709316086876802,0.012184380504991193,0.04854534566402435,1.0969338417053223,-0.6121253371238708,0.9502823948860168
25,0,1,Neither,"{0, 18}",0.005512769799679518,184,184,59.195682525634766,0.0013414777349680662,-0.0015175705775618553,0.02750222384929657,0.32515910267829895,0.4093977630723584,0.2135906518464232,0.18453343212604523,0.5307011604309082,-0.3761855661869049,1.6817647218704224
25,0,1,Neither,"{0, 22}",0.03307231143116951,204,171,56.57102966308594,4.081756924279034e-05,0.0007112364983186126,0.007253196090459824,-0.07295019179582596,0.20095677829080058,0.04727936297279363,0.06548383086919785,1.0222218036651611,-0.49065491557121277,1.3985224962234497
25,0,1,Neither,"{0, 25}",0.0016842095647007227,57,101,58.52455139160156,0.0017240134766325355,-0.00021637747704517096,0.024793216958642006,-0.35260626673698425,0.24632873835280783,0.002233049127080796,0.03368779271841049,1.349585771560669,-0.7050206661224365,0.6144803166389465
25,0,1,Neither,"{0, 37}",0.003664972959086299,167,206,57.84196090698242,0.0009846917819231749,0.0002752027940005064,0.017841435968875885,-0.20077556371688843,0.3025519643958462,0.014654839953721558,0.018786583095788956,1.183178424835205,-0.6312267184257507,0.27617016434669495
25,0,1,Neither,"{0, 42}",0.0015699539799243212,78,55,59.04281997680664,0.0005274744471535087,-0.0018327322322875261,0.016448721289634705,0.15325592458248138,0.19242244928575,0.06566181566181566,0.0701986625790596,0.7911453247070312,-0.451570987701416,1.5381840467453003
25,0,1,Neither,"{0, 43}",0.0015291913878172636,105,54,58.69951629638672,0.000279282103292644,0.00036207822267897427,0.026760729029774666,0.4007241129875183,0.17623722767656227,0.055802515842239664,0.0867733508348465,0.5658347606658936,-0.46057021617889404,2.0925731658935547
25,0,1,Neither,"{0, 47}",0.0016260695410892367,80,53,58.944053649902344,0.0007422016933560371,0.0007807571673765779,0.02563421055674553,0.5097305178642273,0.17535379127564882,0.11777566539923955,0.07810038328170776,0.43252766132354736,-0.3706355094909668,1.789267897605896
25,0,1,Neither,"{0, 51}",0.0018719191430136561,45,119,57.67567443847656,0.0007722871378064156,-0.0013531630393117666,0.01744614727795124,-0.30395254492759705,0.2829830146850466,0.0039465158744183305,0.0011932608904317021,1.2988064289093018,-0.6947369575500488,0.018941067159175873
25,0,1,Neither,"{0, 54}",0.0016411511460319161,74,51,58.010902404785156,0.0008148977067321539,-0.00037933900603093207,0.023029571399092674,0.11823131144046783,0.19265580984448186,0.052517736632635405,0.07219228148460388,0.8354601860046387,-0.4756889343261719,1.5994467735290527
25,0,1,Neither,"{0, 55}",0.0025123353116214275,43,127,58.37492752075195,0.0002209394151577726,0.002574205631390214,0.014811581000685692,-0.4727991819381714,0.3384728218292134,4.924652811976756e-05,0.04628979042172432,1.4727267026901245,-0.8271839022636414,0.6176502108573914
25,0,1,Neither,"{0, 56}",0.002641306957229972,115,113,58.03181838989258,0.00037572585279121995,-0.00012415542732924223,0.019809028133749962,0.439247727394104,0.25953027853249544,0.2522157996146435,0.034502703696489334,0.4193216860294342,-0.2878052592277527,0.4793410003185272
25,0,1,Neither,"{0, 62}",0.0018292616587132215,44,114,56.40391159057617,0.00021581465261988342,-0.002234213287010789,0.0077794622629880905,-0.11136984825134277,0.2565966029370093,0.04761595426789658,0.014537409879267216,1.0584509372711182,-0.5165030360221863,0.243747279047966
25,0,1,Neither,"{0, 63}",0.0025442237965762615,148,150,58.31382369995117,0.0003088834637310356,0.0011304838117212057,0.015284649096429348,-0.4438585638999939,0.33385561648859036,0.0,0.04224434494972229,1.4438586235046387,-0.9168328642845154,0.5714318156242371
25,0,1,Neither,"{1, 2}",0.001971630845218897,70,79,55.540218353271484,0.0004169110907241702,0.0015744585543870926,0.0010851934785023332,-0.12455423176288605,0.21447502208591002,0.0005440273568042279,0.004598420113325119,1.123942494392395,-0.7424119114875793,0.09445562213659286
25,0,1,Neither,"{1, 7}",0.0010197227820754051,77,46,55.57444381713867,0.0010971954325214028,0.0018500338774174452,0.00569918705150485,0.03260060399770737,0.11856383244711884,0.10122311261071278,0.06875801831483841,0.8694761991500854,-0.3823382258415222,2.104907512664795
25,0,1,Neither,"{1, 10}",0.0018571169348433614,60,45,57.937870025634766,0.00035680615110322833,0.001780035556294024,0.023172197863459587,0.814850389957428,0.16918640508059274,0.48137931034482756,0.03605976328253746,0.09602241963148117,-0.12246327847242355,0.6491037011146545
25,0,1,Neither,"{1, 18}",0.0050268033519387245,180,186,57.9291877746582,0.0018281618831679225,0.001216360367834568,0.0240933857858181,0.5724061131477356,0.3747937259346924,0.22406048476762286,0.21777011454105377,0.33178699016571045,-0.3291783034801483,2.286764144897461
25,0,1,Neither,"{1, 22}",0.027974339202046394,200,165,55.248565673828125,0.00037290441105142236,0.0025073965080082417,0.006850957404822111,0.0031199692748486996,0.16048538996216224,0.0741587037806398,0.0322471484541893,0.9229527115821838,-0.43278825283050537,0.7935231328010559
25,0,1,Neither,"{1, 37}",0.00327203213237226,161,198,56.57090377807617,0.00056987046264112,0.0005084906588308513,0.008628470823168755,-0.07268811017274857,0.26759788642008236,0.004920891989535318,0.0520232655107975,1.0674095153808594,-0.6773664951324463,0.8811694979667664
25,0,1,Neither,"{1, 41}",0.0018599816830828786,52,75,56.796104431152344,0.0009137013112194836,-0.00013276783283799887,0.008403913117945194,-0.09462713450193405,0.18213791609021052,0.0018303285439736432,0.023443210870027542,1.0926235914230347,-0.6918468475341797,0.5508229732513428
25,0,1,Neither,"{1, 42}",0.0012384317815303802,33,73,57.774078369140625,0.0009456999250687659,0.0003865156904794276,0.005893940106034279,-0.2868490517139435,0.16678612504792226,0.0011992804317409553,0.036961983889341354,1.2853057384490967,-0.7018892168998718,0.9331847429275513
25,0,1,Neither,"{1, 43}",0.0011808461276814342,89,76,57.42523956298828,0.0006281855748966336,0.0025290343910455704,0.008194705471396446,-0.02201140858232975,0.14675045421965896,0.008518855065879146,0.05353666841983795,1.0133050680160522,-0.6058260202407837,1.4875738620758057
25,0,1,Neither,"{1, 47}",0.0012992687989026308,32,71,57.70177459716797,0.00018137194274459034,0.0002381372032687068,0.005196442827582359,-0.18618114292621613,0.1578517493707599,0.0005279831045406547,0.04486370086669922,1.1855548620224,-0.724933922290802,1.184268593788147
25,0,1,Neither,"{1, 49}",0.0019603248219937086,58,68,55.97449493408203,3.106503572780639e-05,0.0009999104076996446,0.0017016876954585314,-0.18705609440803528,0.20834097311352992,0.00016001280102408193,0.0008294618455693126,1.1868661642074585,-0.7713240385055542,0.017463022843003273
25,0,1,Neither,"{1, 54}",0.001299691037274897,28,66,56.7510986328125,0.00013677513925358653,0.00029159331461414695,0.012369848787784576,0.0013143965043127537,0.16361908889370427,0.006621841890790546,0.038955602794885635,0.9920724630355835,-0.6265034079551697,0.9944474697113037
25,0,1,Neither,"{1, 55}",0.0021523223258554935,94,125,57.08460235595703,0.0008809695136733353,0.001112362020649016,0.009421149268746376,-0.24825747311115265,0.3002850332538796,0.0004440743824590619,0.07952647656202316,1.247703194618225,-0.7710288763046265,1.2226495742797852
25,0,1,Neither,"{56, 1}",0.0023218593560159206,128,132,56.739288330078125,0.0008416555938310921,-0.0004928386770188808,0.003668122226372361,-0.1951473504304886,0.2850499224909573,0.006549324600900532,0.06773938238620758,1.1873199939727783,-0.66843581199646,1.0843403339385986
25,0,1,Neither,"{1, 63}",0.002209868049249053,145,145,57.04305648803711,0.00024209977709688246,0.0018809365574270487,0.0166197307407856,-0.25640249252319336,0.2957845081926225,0.0,0.07548102736473083,1.2564024925231934,-0.9106795787811279,1.1764311790466309
25,0,1,Neither,"{2, 7}",0.0015327398432418704,122,70,54.59646987915039,0.0006568037206307054,-0.0003168974944856018,0.007928794249892235,-0.01652642711997032,0.13448235627489874,0.010039662865642042,0.07335644215345383,1.006320834159851,-0.5897241234779358,2.1993632316589355
25,0,1,Neither,"{16, 2}",0.001916408073157072,99,44,54.67521286010742,0.0007066667312756181,0.0007744385511614382,0.006091104820370674,-0.10866837203502655,0.19517277015651827,0.009650696045776752,0.019907085224986076,1.0979689359664917,-0.6166407465934753,0.4397386908531189
25,0,1,Neither,"{2, 18}",0.005746053531765938,187,188,57.00800323486328,0.0008958728285506368,-0.0003084891941398382,0.016427701339125633,0.13398423790931702,0.4157818412148084,0.11605997434252727,0.21317169070243835,0.7655059695243835,-0.4586604833602905,2.1923084259033203
25,0,1,Neither,"{2, 22}",0.0385146327316761,199,164,54.2669677734375,-0.00016024087381083518,-0.0013683853903785348,0.004796385299414396,-0.05920935794711113,0.16746953811277981,0.06081417338509008,0.03684556856751442,0.9947944283485413,-0.45659616589546204,0.8879787921905518
25,0,1,Neither,"{2, 37}",0.0038538624066859484,170,209,55.59402084350586,0.0007476474274881184,0.0031416374258697033,0.011912479996681213,-0.11519941687583923,0.26773123531078624,0.024094135225999253,0.04742484539747238,1.0883296728134155,-0.5798527002334595,0.7867138981819153
25,0,1,Neither,"{2, 51}",0.0020493443589657545,65,104,55.400360107421875,0.0012590354308485985,-0.00039286899846047163,0.00995715707540512,-0.043611712753772736,0.23957795076092211,0.048911152856049536,0.027445001527667046,0.9925674796104431,-0.5061861276626587,0.49160265922546387
25,0,1,Neither,"{56, 2}",0.00275231059640646,107,117,55.733436584472656,0.002159752417355776,0.0015647122636437416,0.010034380480647087,0.22621040046215057,0.2525627989932159,0.156876979936642,0.06314096599817276,0.6523998379707336,-0.3611246943473816,0.9898847341537476
25,0,1,Neither,"{2, 62}",0.0019525405950844288,63,88,54.0804443359375,0.00047622586134821177,-0.001070736674591899,0.01221191044896841,-0.061572033911943436,0.22497624722884335,0.04904793657849892,0.014100851491093636,1.0095040798187256,-0.5006188750267029,0.26679643988609314
25,0,1,Neither,"{2, 63}",0.002722272416576743,154,190,56.07191467285156,0.0004767930950038135,0.0026046298444271088,0.007588091306388378,-0.28543126583099365,0.29941826546430417,0.005455658854311641,0.07088261097669601,1.2784184217453003,-0.6827438473701477,1.0819754600524902
25,0,1,Neither,"{18, 7}",0.004805452656000853,173,174,57.00923538208008,0.0026621120050549507,-0.00010462195496074855,0.015800124034285545,0.02435242384672165,0.3748604003800443,0.013740050691449153,0.2865281403064728,0.9622421264648438,-0.612813413143158,4.391671657562256
25,0,1,Neither,"{22, 7}",0.032725922763347626,192,163,54.28849411010742,0.0010526194237172604,-0.0003188996633980423,0.007689405232667923,0.23346081376075745,0.07995932858833531,0.17094017094017094,0.03651087358593941,0.6355068683624268,-0.3264002203941345,1.3113843202590942
25,0,1,Neither,"{37, 7}",0.002825955394655466,150,149,55.63657760620117,0.0011112045031040907,-0.00031327386386692524,0.006582013797014952,-0.05493169277906418,0.1843881786208391,0.03127824986440065,0.12078128755092621,1.021935224533081,-0.5115833878517151,2.986077070236206
25,0,1,Neither,"{54, 7}",0.0008091793279163539,51,31,55.820125579833984,0.0006376290693879128,0.0019207658478990197,0.002859677653759718,0.010283994488418102,0.08499324921240811,0.011178662482839772,0.029802419245243073,0.97865229845047,-0.5792085528373718,1.1104600429534912
25,0,1,Neither,"{55, 7}",0.0017498628003522754,129,100,56.1702766418457,0.00101320946123451,9.168883843813092e-05,0.004964802414178848,-0.03368315473198891,0.2211424666211058,0.0023366247079219114,0.14828449487686157,1.0312678813934326,-0.6800764799118042,3.32755708694458
25,0,1,Neither,"{56, 7}",0.0018974901176989079,138,99,55.81686782836914,0.0010696101235225797,7.513687160098925e-05,0.005701628513634205,-0.10103665292263031,0.20737419365592652,0.0037778313640382606,0.1364974081516266,1.096877098083496,-0.6558151245117188,3.1892478466033936
25,0,1,Neither,"{62, 7}",0.0010130220325663686,79,39,54.109134674072266,0.0014290723484009504,0.0007393186097033322,0.01588013581931591,0.053972989320755005,0.149834147317187,0.014350873289576148,0.08745729178190231,0.9324507117271423,-0.5686239004135132,2.4661595821380615
25,0,1,Neither,"{63, 7}",0.0018076379783451557,131,102,56.139095306396484,-5.038455128669739e-05,0.001632805448025465,0.003278224729001522,-0.055164169520139694,0.21654192989182072,0.002232314679393426,0.14423905313014984,1.0528087615966797,-0.6810801029205322,3.281338691711426
25,0,1,Neither,"{16, 10}",0.001852389657869935,87,94,57.059364318847656,0.002373307943344116,-0.00014969428593758494,0.018707983195781708,0.028846297413110733,0.2282099578284133,0.021400920312614126,0.05136842653155327,0.9503701329231262,-0.5728105306625366,0.9943867921829224
25,0,1,Neither,"{10, 18}",0.005491963587701321,186,187,59.28251647949219,0.0029541347175836563,-0.0011366596445441246,0.04091000184416771,0.5577189922332764,0.3723267714566699,0.34310784796525945,0.181710347533226,0.2905309200286865,-0.266689270734787,1.6376603841781616
25,0,1,Neither,"{10, 22}",0.03076045960187912,203,189,56.67644500732422,0.0013099969364702702,-0.00013765401672571898,0.006458371877670288,-0.059735529124736786,0.21304152151084293,0.0030514044284484783,0.06830690801143646,1.056501865386963,-0.6783328652381897,1.4426268339157104
25,0,1,Neither,"{25, 10}",0.0018116035498678684,69,98,58.68402099609375,0.0009387832833454013,0.000805609452072531,0.021919384598731995,-0.3958461880683899,0.24992915840181354,0.0007336267840469521,0.03651087358593941,1.394822120666504,-0.7439819574356079,0.6585846543312073
10,0,2,Geometry_only,"{27, 4}",0.0009242648957297206,5,33,59.25174331665039,0.0009472831152379513,-0.002487229648977518,0.009881376288831234,-0.21894221007823944,0.10522894337672728,0.0019008395374623792,0.002779424889013171,1.2166252136230469,-0.6689877510070801,0.09286821633577347
10,0,2,Geometry_only,"{4, 29}",0.001008979044854641,6,34,57.583900451660156,0.0007110685110092163,0.0007488756091333926,0.008987432345747948,-0.08193086087703705,0.12198089777140667,0.0,0.01722952350974083,1.0819308757781982,-0.8810184001922607,0.5316351056098938
10,0,2,Geometry_only,"{4, 38}",0.0008664539200253785,0,10,59.43622970581055,0.0013018680037930608,0.00019944350060541183,0.024961911141872406,0.17866241931915283,0.08560998783191372,0.036799065420560745,0.011772537603974342,0.7911131381988525,-0.4954395592212677,0.4291634261608124
10,0,2,Geometry_only,"{29, 13}",0.0012023993767797947,3,52,56.09889602661133,0.0007206290611065924,0.0013133158208802342,0.01108597032725811,-0.087371826171875,0.14643375060423716,0.00022766078542970974,0.004147309344261885,1.087124228477478,-0.7456300854682922,0.11379498243331909
10,0,2,Geometry_only,"{40, 9}",0.001992894569411874,1,18,57.979087829589844,0.0006174075533635914,-0.0008398284553550184,0.018667014315724373,0.4177989065647125,0.19840648075608822,0.12207006636982273,0.010215477086603642,0.511131763458252,-0.38138705492019653,0.20340411365032196
10,0,2,Geometry_only,"{59, 27}",0.000912881747353822,2,55,56.403038024902344,0.0015020468272268772,0.00025874230777844787,0.008629731833934784,0.2120775580406189,0.10384544863567416,0.02375601926163724,0.002008170820772648,0.7692045569419861,-0.5312439799308777,0.06679830700159073
10,0,2,CARE_only,"{9, 27}",0.0014420575462281704,38,9,58.403751373291016,0.0010787080973386765,-0.0009613229194656014,0.015874989330768585,-0.05699902027845383,0.1559848649009051,0.024257319940158152,0.044659972190856934,1.031359076499939,-0.5382509231567383,1.1690521240234375
10,0,2,CARE_only,"{35, 27}",0.0014158306876197457,55,1,57.96297836303711,0.00011033810733351856,2.088672772515565e-06,0.018189789727330208,-0.11937008053064346,0.1837381027786575,0.0015422298829719677,0.06583307683467865,1.1176437139511108,-0.6960468292236328,1.571407675743103
10,0,2,CARE_only,"{27, 38}",0.0008891253964975476,12,2,58.78083419799805,0.0017301548505201936,0.0009235047036781907,0.016272511333227158,-0.006983829662203789,0.09121064124147817,0.00804093567251462,0.014551962725818157,0.99888676404953,-0.5995560884475708,0.5220316648483276
10,0,2,CARE_only,"{40, 27}",0.0015676983166486025,52,0,58.18129348754883,0.0005626921774819493,-0.0005962632712908089,0.011872824281454086,-0.18268270790576935,0.17060323704432184,0.005080605764533464,0.054875448346138,1.1766740083694458,-0.641227662563324,1.3724563121795654
10,0,2,CARE_only,"{35, 38}",0.0013474180595949292,29,6,58.1370964050293,0.0009827985195443034,0.0038380699697881937,0.020969493314623833,-0.2521183490753174,0.167202840331372,0.00089721862227096,0.08038503676652908,1.2509949207305908,-0.7081062197685242,2.0934393405914307
10,0,2,CARE_only,"{40, 38}",0.001505135791376233,69,7,58.37440872192383,0.0007501842919737101,0.0004430893459357321,0.021443037316203117,0.0657910406589508,0.15226776457253346,0.01663929939792009,0.06942741572856903,0.9186643958091736,-0.5622789859771729,1.894487977027893
10,0,2,Both,"{9, 31}",0.0015864375745877624,7,8,57.55179214477539,0.0005050446488894522,-0.0007869054097682238,0.018892087042331696,0.3048669397830963,0.168769689797143,0.09264197530864197,0.023152172565460205,0.6307345628738403,-0.4086686074733734,0.5395111441612244
10,0,2,Both,"{35, 13}",0.0015591926639899611,8,3,57.13254165649414,0.0009592064307071269,-0.000749819097109139,0.02135445922613144,0.013180754147469997,0.2020735752504459,0.016085127443702055,0.04723566770553589,0.9709461331367493,-0.584290087223053,1.018845796585083
10,0,2,Both,"{13, 38}",0.0010878531029447913,9,5,58.03110122680664,0.00022461010667029768,-4.442743374966085e-06,0.024925921112298965,0.01113856304436922,0.11179637624389512,0.012971522290144625,0.033149369060993195,0.97603440284729,-0.5732923746109009,1.0745935440063477
10,0,2,Both,"{29, 38}",0.0009475225233472884,4,4,57.13505935668945,0.0002741002244874835,0.0013791157398372889,0.012353971600532532,-0.18835188448429108,0.10831263647425533,0.001692828562634657,0.029002061113715172,1.1863402128219604,-0.6733277440071106,0.9607985019683838
10,0,2,Neither,"{4, 5}",0.0021090470254421234,87,75,59.48063659667969,0.0019228733144700527,-0.000699073018040508,0.013026180677115917,-0.11494046449661255,0.29516776957311686,0.012310819968375875,0.1715967357158661,1.1012146472930908,-0.6186501383781433,2.9133434295654297
10,0,2,Neither,"{9, 4}",0.0014121975982561707,56,13,59.06513595581055,0.0005929297185502946,-8.730038825888187e-05,0.017039168626070023,0.39806345105171204,0.14656709949494107,0.06834982372341636,0.047439396381378174,0.5607942938804626,-0.43709811568260193,1.26192045211792
10,0,2,Neither,"{4, 12}",0.0024133878760039806,110,111,58.984249114990234,-0.0003301407559774816,-0.0009465215262025595,0.006942628417164087,-0.47503331303596497,0.27418198789858816,0.0,0.15010349452495575,1.4750332832336426,-0.9041556119918823,2.71868896484375
10,0,2,Neither,"{4, 13}",0.00109009793959558,15,23,58.48081588745117,0.0003690980956889689,-0.0007950570434331894,0.027049779891967773,0.5217477679252625,0.11104628873368559,0.14124887421194837,0.021376833319664,0.41069963574409485,-0.3458719551563263,0.6454300880432129
10,0,2,Neither,"{4, 14}",0.003209133865311742,159,107,59.25706100463867,0.0009514790726825595,-0.001304059405811131,0.016709282994270325,0.08451838046312332,0.18803860450385879,0.053098129598439854,0.08361557871103287,0.8668712377548218,-0.47068458795547485,1.9089707136154175
10,0,2,Neither,"{4, 21}",0.002031387761235237,100,45,58.433807373046875,0.000985155114904046,0.0007534091710112989,0.013266297988593578,0.16331404447555542,0.16075208774357008,0.039610120282040646,0.05663623660802841,0.8035447001457214,-0.4956793189048767,1.4458593130111694
10,0,2,Neither,"{4, 23}",0.001707590650767088,83,47,57.337127685546875,0.0006875285762362182,-7.865586667321622e-05,0.009215251542627811,0.09495474398136139,0.170336539262914,0.04736275565123789,0.06648791581392288,0.8621798157691956,-0.47968339920043945,1.6271319389343262
10,0,2,Neither,"{24, 4}",0.0021437890827655792,82,59,57.8647575378418,0.0005642593023367226,0.0006136309239082038,0.004783357493579388,-0.27999815344810486,0.1875385461637191,0.001510976802062039,0.07470977306365967,1.2780641317367554,-0.6971483826637268,1.7673156261444092
10,0,2,Neither,"{4, 30}",0.002364445710554719,106,71,57.80622482299805,-0.000409495085477829,0.0021476279944181442,0.008452452719211578,-0.01390512939542532,0.16506925808010933,0.009795011612642634,0.056257884949445724,1.0039739608764648,-0.6029749512672424,1.4385850429534912
10,0,2,Neither,"{4, 31}",0.0010916088940575719,31,24,58.407772064208984,0.0005350452847778797,-0.0013257081154733896,0.019954288378357887,0.5064066648483276,0.11312986515093428,0.14969795196699573,0.024287225678563118,0.4197034239768982,-0.3372424244880676,0.7224092483520508
10,0,2,Neither,"{35, 4}",0.0013577414210885763,33,11,58.58102035522461,0.0012869752245023847,-0.0025747930631041527,0.01931799203157425,0.11657986044883728,0.17463704098811528,0.03550634723680443,0.06861250102519989,0.8520531058311462,-0.508371889591217,1.664275884628296
10,0,2,Neither,"{40, 4}",0.0015320618404075503,67,21,58.825016021728516,0.000783219002187252,-0.0012484877370297909,0.02576574869453907,0.6103459596633911,0.14398346473755272,0.16878907154433898,0.05765487626194954,0.3238846957683563,-0.3151560127735138,1.4653245210647583
10,0,2,Neither,"{4, 45}",0.0026795861776918173,142,93,58.059322357177734,0.0011088771279901266,2.015809150179848e-05,0.008193097077310085,-0.2477443963289261,0.23066024369509777,0.0011562364503540975,0.11234115064144135,1.2463016510009766,-0.7166551947593689,2.305325984954834
10,0,2,Neither,"{57, 4}",0.0018275652546435595,62,27,59.15969467163086,-9.208871051669121e-05,-0.0014738611644133925,0.010947668924927711,-0.36078712344169617,0.20185688330305201,8.257638315441784e-05,0.08697707951068878,1.3606747388839722,-0.7795557379722595,1.959902048110962
10,0,2,Neither,"{58, 4}",0.0026878388598561287,127,99,60.03424072265625,0.0015788872260600328,-0.0006427548360079527,0.016306007280945778,0.12038559466600418,0.26368076275565483,0.0569568240723181,0.15404707193374634,0.8295143842697144,-0.47725918889045715,2.756328821182251
10,0,2,Neither,"{59, 4}",0.0008885535644367337,17,56,57.11199188232422,0.0001065129617927596,-9.116856381297112e-05,0.004774080123752356,-0.14180238544940948,0.10264530861933892,0.0047093212081844756,0.0007712540100328624,1.136425256729126,-0.6292135715484619,0.026069913059473038
10,0,2,Neither,"{4, 61}",0.004561897832900286,197,173,58.133033752441406,0.000684962491504848,-0.002780243521556258,0.013722050003707409,-0.037015896290540695,0.2283599753304552,0.014452554744525548,0.11298143863677979,1.0220283269882202,-0.5922961831092834,2.313249111175537
10,0,2,Neither,"{9, 5}",0.0025479996111243963,150,152,58.65836715698242,0.001328794052824378,-0.0022503321524709463,0.012050271965563297,-0.04400894045829773,0.33177204007134165,0.06440916398713827,0.12415733933448792,0.9767652153968811,-0.5064333081245422,1.6514229774475098
10,0,2,Neither,"{12, 5}",0.0035249339416623116,164,167,58.56315612792969,0.0008468482992611825,-0.001294192741625011,0.025691675022244453,0.11735410243272781,0.40596402913673263,0.1595565592280846,0.021493248641490936,0.7418139576911926,-0.4468799829483032,0.19465425610542297
10,0,2,Neither,"{13, 5}",0.002280960325151682,64,81,58.080684661865234,0.0007442767964676023,0.0021181642077863216,0.024167479947209358,-0.0312107615172863,0.3057190005500642,0.057466877487596095,0.1502199023962021,0.9719502925872803,-0.4990062415599823,2.267913341522217
10,0,2,Neither,"{5, 14}",0.004472777713090181,58,130,58.80481719970703,0.003256457159295678,0.0003797384852077812,0.013386952690780163,-0.18935397267341614,0.3781274482022903,0.043508926603482476,0.08798116445541382,1.1376065015792847,-0.5750714540481567,1.0043727159500122
10,0,2,Neither,"{21, 5}",0.0031894873827695847,176,181,58.03286361694336,0.0013703240547329187,-0.0008138298289850354,0.011224029585719109,-0.1562894880771637,0.3531912056406581,0.029685214026145643,0.11496049910783768,1.1219648122787476,-0.5925635099411011,1.4674841165542603
10,0,2,Neither,"{5, 23}",0.002804491436108947,161,162,56.913822174072266,0.0016066909302026033,-0.000929809408262372,0.01246684417128563,-0.030934728682041168,0.3429066724451186,0.09347657009527513,0.1051088199019432,0.9345664978027344,-0.4725002944469452,1.286211371421814
10,0,2,Neither,"{24, 5}",0.003291771514341235,11,120,57.490047454833984,-9.877244156086817e-05,0.0018116128630936146,0.013165954500436783,-0.04731348529458046,0.36332572133415564,0.05794375372757719,0.09688696265220642,0.9866282343864441,-0.5387329459190369,1.1460278034210205
10,0,2,Neither,"{27, 5}",0.002127684885635972,104,117,58.8636589050293,0.0010762442834675312,0.0008237988222390413,0.010624044574797153,-0.018229838460683823,0.29326754788058607,0.029726042969194042,0.16881731152534485,0.9879618883132935,-0.5516696572303772,2.8204751014709473
10,0,2,Neither,"{29, 5}",0.002166999038308859,63,86,57.18516159057617,0.0008213098626583815,-0.0015093801775947213,0.014071936719119549,-0.19248247146606445,0.3168536329238411,0.005313272660318796,0.15436720848083496,1.1861464977264404,-0.6795675754547119,2.3817081451416016
10,0,2,Neither,"{5, 30}",0.003501299535855651,10,126,57.4074821472168,-0.00026293296832591295,0.0022923757787793875,0.010769965127110481,-0.1542859524488449,0.3563415731835381,0.01936570305921976,0.11533885449171066,1.1319323778152466,-0.6264770030975342,1.474758267402649
10,0,2,Neither,"{5, 31}",0.0022599271032959223,132,118,58.015647888183594,0.0006144499056972563,-0.0038022466469556093,0.018678167834877968,0.004099982790648937,0.3055356458253463,0.06901254773595199,0.14730951189994812,0.9271703958511353,-0.47919532656669617,2.190934181213379
10,0,2,Neither,"{35, 5}",0.0025215495843440294,41,123,58.188777923583984,0.0014171249931678176,-3.226028638891876e-05,0.023109860718250275,-0.17516249418258667,0.3677095661160469,0.026337262012692656,0.1029842346906662,1.1442118883132935,-0.6105660796165466,1.2490675449371338
10,0,2,Neither,"{5, 38}",0.0020952713675796986,81,77,59.01832962036133,0.0024743210524320602,0.0006473021931014955,0.031872279942035675,0.27584171295166016,0.26776457253346225,0.06555029880478087,0.18336927890777588,0.6766895055770874,-0.4525053799152374,3.3425066471099854
10,0,2,Neither,"{40, 5}",0.0027151491958647966,155,159,58.43593215942383,0.0008396885241381824,-0.00044367354712449014,0.013289053924381733,-0.0671655610203743,0.34168986381744537,0.06775940289770233,0.11394186317920685,0.9948550462722778,-0.5080304145812988,1.4480187892913818
10,0,2,Neither,"{45, 5}",0.003845039987936616,186,188,57.64436721801758,0.0019065599190071225,0.0008038771338760853,0.017409682273864746,0.10603848844766617,0.37636057540046336,0.13583418220470347,0.05925558879971504,0.7725309729576111,-0.448916494846344,0.6080172657966614
10,0,2,Neither,"{57, 5}",0.0029593128710985184,94,136,58.775753021240234,-0.00013854698045179248,0.0003996791783720255,0.02134191431105137,0.0814257562160492,0.362775657160002,0.09828156588862341,0.0846196636557579,0.8282953500747681,-0.4804176092147827,0.9534412622451782
10,0,2,Neither,"{58, 5}",0.0038236849941313267,18,143,59.594635009765625,0.0036098368000239134,0.0005737374303862453,0.02982664853334427,0.10061711817979813,0.40559731968729684,0.17174207865861177,0.0175496656447649,0.7449209690093994,-0.4363611340522766,0.15701442956924438
10,0,2,Neither,"{59, 5}",0.002037462778389454,107,110,56.66862106323242,0.0016807869542390108,-3.563330392353237e-05,0.012353560887277126,0.146251380443573,0.2827829913489907,0.059770114942528735,0.17082548141479492,0.8027199506759644,-0.47608476877212524,2.8872733116149902
10,0,2,Neither,"{61, 5}",0.005787604954093695,128,160,57.746517181396484,0.0004994675400666893,-0.0036248289979994297,0.01683470606803894,-0.12761296331882477,0.3964629206740786,0.08009249527012824,0.0586153045296669,1.037299633026123,-0.5256433486938477,0.600094199180603
10,0,2,Neither,"{9, 12}",0.0028892287518829107,135,147,58.115047454833984,0.0003519527381286025,-0.00211147777736187,0.008054057136178017,-0.5023092031478882,0.3282549630790259,0.0008124714365510588,0.10266409069299698,1.5010886192321777,-0.7614851593971252,1.4567686319351196
10,0,2,Neither,"{9, 13}",0.0015781869878992438,74,17,57.593299865722656,0.0014766630483791232,-0.0008200126467272639,0.017872212454676628,0.3339287042617798,0.165635990865601,0.09318707859514944,0.02606256492435932,0.604002058506012,-0.40690553188323975,0.6164903044700623
10,0,2,Neither,"{9, 14}",0.0037457256112247705,189,176,58.38844299316406,0.0017848032293841243,0.00257808156311512,0.009606887586414814,0.011859491467475891,0.23699431600353374,0.06484737656491771,0.036176178604364395,0.924062192440033,-0.47446417808532715,0.6470502614974976
10,0,2,Neither,"{9, 21}",0.0024991161189973354,21,22,57.564517974853516,0.0014446107670664787,-0.0018923019524663687,0.021389923989772797,0.36695775389671326,0.1888053606254063,0.17294958947647215,0.009196840226650238,0.5235578417778015,-0.32606616616249084,0.1839388757944107
10,0,2,Neither,"{9, 23}",0.0021299791987985373,22,74,56.47354507446289,0.0003540538891684264,-0.001310198102146387,0.00983123667538166,0.2148076295852661,0.20957445035254113,0.11055436252286646,0.019048519432544708,0.6983859539031982,-0.398711234331131,0.3652115762233734
10,0,2,Neither,"{24, 9}",0.0026234344113618135,153,137,56.979373931884766,0.0012924009934067726,-0.0007027059909887612,0.011453484185039997,-0.25907835364341736,0.2396112879835981,0.010643478260869565,0.027270376682281494,1.2456773519515991,-0.6265860199928284,0.5053951740264893
10,0,2,Neither,"{9, 29}",0.0014916728250682354,70,57,56.72152328491211,0.00046897720312699676,-0.0016411510296165943,0.007100327871739864,-0.0414498895406723,0.17612054739719635,0.001135718341851221,0.030209872871637344,1.0402671098709106,-0.7069903612136841,0.7302852869033813
10,0,2,Neither,"{9, 30}",0.0028801176231354475,158,124,56.94215393066406,-0.0005124220042489469,0.002903400920331478,0.01319662481546402,0.18493099510669708,0.1969896487923591,0.12201726180402775,0.008818489499390125,0.7156165242195129,-0.38100865483283997,0.17666462063789368
10,0,2,Neither,"{9, 35}",0.00181143160443753,91,35,57.76370620727539,3.256303898524493e-05,-0.0010514126624912024,0.011006012558937073,0.1632552146911621,0.21294150984281499,0.10442270058708415,0.021173104643821716,0.7493696212768555,-0.40754181146621704,0.402355432510376
10,0,2,Neither,"{9, 38}",0.0013653559144586325,60,12,58.57979965209961,0.001822903286665678,0.0012233871966600418,0.020983939990401268,0.07780658453702927,0.1394162652309436,0.026422764227642278,0.059211935847997665,0.8978264927864075,-0.5249096751213074,1.6910837888717651
10,0,2,Neither,"{9, 45}",0.0031678208615630865,123,109,57.205467224121094,0.0008477119263261557,0.0011823201784864068,0.008483028039336205,-0.14570799469947815,0.27629890153851283,0.032456563706563704,0.06490175426006317,1.1085222959518433,-0.5571416020393372,1.0434056520462036
10,0,2,Neither,"{9, 57}",0.0022680480033159256,120,95,58.29195022583008,0.0006394265219569206,-0.001863105921074748,0.009191461838781834,-0.4398554563522339,0.2560132015401797,0.0007813008659417931,0.03953768312931061,1.4387304782867432,-0.743895947933197,0.6979816555976868
10,0,2,Neither,"{9, 58}",0.003178682643920183,175,179,59.20403289794922,0.0015135668218135834,0.0003552227863110602,0.010658652521669865,0.07789501547813416,0.30793592585801677,0.08151997401753816,0.10660767555236816,0.8469350337982178,-0.4706185460090637,1.4944084882736206
10,0,2,Neither,"{9, 59}",0.0013962190132588148,34,146,56.203880310058594,0.001217172248288989,-0.0016852692933753133,0.007054970599710941,-0.10468335449695587,0.1557014985081593,0.011347821432394819,0.04666814208030701,1.0921475887298584,-0.5918980836868286,1.23585045337677
10,0,2,Neither,"{9, 61}",0.0050477213226258755,204,200,57.23382568359375,0.0020356944296509027,-0.0024943319149315357,0.023731010034680367,0.06203446164727211,0.27059823646092046,0.05691758038684243,0.06554203480482101,0.8845788240432739,-0.5002871155738831,1.0513286590576172
10,0,2,Neither,"{12, 13}",0.0026377649046480656,144,113,57.531280517578125,-0.00022985125542618334,0.0008766853134147823,0.02456042729318142,-0.33560410141944885,0.2983014685046589,0.0012293249888243184,0.12872666120529175,1.3339622020721436,-0.7358714938163757,2.073259115219116
10,0,2,Neither,"{12, 14}",0.004658574238419533,188,190,58.326454162597656,0.00015887021436356008,-0.0012305855052545667,0.009837924502789974,-0.053937651216983795,0.3476238894537696,0.06425317669623591,0.06648791581392288,0.9862188100814819,-0.5238832831382751,0.8097184300422668
10,0,2,Neither,"{12, 21}",0.003436309052631259,149,153,57.4684944152832,0.0009112693951465189,0.0022011452820152044,0.01063635665923357,-0.30544865131378174,0.3388395312786492,0.0006395120031483668,0.09346725046634674,1.3046138286590576,-0.7722296714782715,1.2728297710418701
10,0,2,Neither,"{12, 23}",0.0031198286451399326,117,150,56.347530364990234,0.000807002536021173,1.7096346709877253e-05,0.005926147568970919,-0.2164316475391388,0.3476072208424316,0.007864198714874844,0.08361557871103287,1.2068654298782349,-0.6815634369850159,1.0915571451187134
10,0,2,Neither,"{24, 12}",0.0034880030434578657,169,165,56.8841438293457,0.0006765475263819098,0.0002310610725544393,0.01999668776988983,0.4158130884170532,0.29343423399396595,0.22602817541467848,0.07539371401071548,0.45214420557022095,-0.3198055326938629,0.9513735175132751
10,0,2,Neither,"{27, 12}",0.0024709675926715136,92,64,58.33546447753906,-0.000340606871759519,0.003481614636257291,0.01340092346072197,0.13918446004390717,0.2661310486223393,0.04221470625078291,0.1473240703344345,0.8244764804840088,-0.5119283199310303,2.6258208751678467
10,0,2,Neither,"{12, 29}",0.0024837409146130085,126,139,56.62504577636719,-0.00011224199988646433,0.00039193249540403485,0.008963623084127903,-0.1791273057460785,0.29391762372276764,0.0,0.13287396728992462,1.1791273355484009,-0.9083105325698853,2.187053918838501
10,0,2,Neither,"{12, 30}",0.0037458252627402544,177,177,56.81391143798828,4.9731334001990035e-05,-0.001130316173657775,0.01925782486796379,-0.1980404257774353,0.3378894204323838,0.0021705885254797493,0.09384560585021973,1.1954399347305298,-0.7335245609283447,1.2801040410995483
10,0,2,Neither,"{12, 31}",0.002584037370979786,131,131,57.44340515136719,0.0004155207716394216,0.001283243065699935,0.009233342483639717,-0.37187719345092773,0.3019018885536646,0.00033127208480565373,0.12581627070903778,1.3714227676391602,-0.7747571468353271,1.9962798357009888
10,0,2,Neither,"{35, 12}",0.0027563886251300573,151,157,57.63979721069336,0.00047718145651742816,0.0018129779491573572,0.015624014660716057,-0.2417927384376526,0.3523411064624206,0.0012300123001230013,0.08149098604917526,1.2402653694152832,-0.7584460377693176,1.0544131994247437
10,0,2,Neither,"{12, 38}",0.0024232862051576376,116,89,58.51211166381836,0.00040938553865998983,0.0008107964531518519,0.01576368883252144,-0.21583503484725952,0.2596136215891854,0.004173354735152488,0.16187602281570435,1.2107609510421753,-0.6663593053817749,3.1478524208068848
10,0,2,Neither,"{40, 12}",0.0030031537171453238,140,151,57.86090087890625,0.0008852197788655758,0.0027723810635507107,0.010725514031946659,-0.4698823392391205,0.3401896887970263,9.799598216473124e-05,0.09244861453771591,1.469738245010376,-0.8140184879302979,1.2533645629882812
10,0,2,Neither,"{12, 45}",0.004073672462254763,68,122,57.10762405395508,0.0003534691350068897,-0.0013638188829645514,0.016328975558280945,0.13094018399715424,0.35532478789192073,0.1337899329173899,0.037762343883514404,0.7527883648872375,-0.4408348798751831,0.4133630394935608
10,0,2,Neither,"{57, 12}",0.0031653116457164288,174,166,58.20893096923828,-0.00027784897247329354,0.001848759246058762,0.03436483442783356,0.5678256154060364,0.28681679529278414,0.303306793746731,0.06312641501426697,0.3010929524898529,-0.2641448676586151,0.7587869763374329
10,0,2,Neither,"{58, 12}",0.004149941727519035,182,180,59.116058349609375,0.0008322539506480098,-0.002167120575904846,0.013536869548261166,-0.12828420102596283,0.4149817478705849,0.08591741645244216,0.003943581599742174,1.0313448905944824,-0.530190646648407,0.03763983026146889
10,0,2,Neither,"{59, 12}",0.002389865228906274,88,97,56.08698654174805,0.0013397588627412915,-0.003796052187681198,0.005578000098466873,0.04863376542925835,0.2692480789425433,0.021605893642047916,0.14933224022388458,0.9308111071586609,-0.5720899701118469,2.6926190853118896
10,0,2,Neither,"{12, 61}",0.005930076353251934,206,204,57.17204284667969,0.00029040881781838834,0.0016262808348983526,0.012528904713690281,-0.23436960577964783,0.39344590202190255,0.025800711743772242,0.037122055888175964,1.2025220394134521,-0.629407525062561,0.40543997287750244
10,0,2,Neither,"{13, 14}",0.0033782573882490396,146,72,57.8141975402832,0.0010102400556206703,1.3745739124715328e-05,0.013836990110576153,0.020143110305070877,0.21014118313803276,0.05885619100499723,0.06223874166607857,0.9221862554550171,-0.4716121554374695,1.2635406255722046
10,0,2,Neither,"{21, 13}",0.00220486125908792,122,70,56.965938568115234,0.0011884226696565747,-0.0026867520064115524,0.018544040620326996,0.051154568791389465,0.18825529645125264,0.01779706038604569,0.03525940328836441,0.931958794593811,-0.5731054544448853,0.8004292249679565
10,0,2,Neither,"{13, 23}",0.0018743207911029458,108,78,55.84373092651367,0.0007720445864833891,-0.0010432562557980418,0.016611002385616302,0.15835914015769958,0.18798859866984483,0.07926937400248271,0.04511108249425888,0.7749245166778564,-0.4316878020763397,0.9817019104957581
10,0,2,Neither,"{24, 13}",0.00235935696400702,57,50,56.40693283081055,-0.00012925275950692594,0.0026126238517463207,0.011473046615719795,-0.2731351852416992,0.21212474788725352,0.0008643721515008643,0.053332943469285965,1.272034764289856,-0.7261149883270264,1.1218855381011963
25,0,2,Geometry_only,"{58, 5}",0.0038236849941313267,18,143,59.594635009765625,0.0036098368000239134,0.0005737374303862453,0.02982664853334427,0.10061711817979813,0.40559731968729684,0.17174207865861177,0.0175496656447649,0.7449209690093994,-0.4363611340522766,0.15701442956924438
25,0,2,Geometry_only,"{27, 4}",0.0009242648957297206,5,33,59.25174331665039,0.0009472831152379513,-0.002487229648977518,0.009881376288831234,-0.21894221007823944,0.10522894337672728,0.0019008395374623792,0.002779424889013171,1.2166252136230469,-0.6689877510070801,0.09286821633577347
25,0,2,Geometry_only,"{4, 29}",0.001008979044854641,6,34,57.583900451660156,0.0007110685110092163,0.0007488756091333926,0.008987432345747948,-0.08193086087703705,0.12198089777140667,0.0,0.01722952350974083,1.0819308757781982,-0.8810184001922607,0.5316351056098938
25,0,2,Geometry_only,"{21, 23}",0.002756636356934905,20,82,55.791748046875,0.0015270309522747993,0.000589586968999356,0.009336426854133606,-0.08814774453639984,0.23824446185388296,0.021129224095711188,0.009851678274571896,1.0651559829711914,-0.5799572467803955,0.1812727004289627
25,0,2,Geometry_only,"{9, 23}",0.0021299791987985373,22,74,56.47354507446289,0.0003540538891684264,-0.001310198102146387,0.00983123667538166,0.2148076295852661,0.20957445035254113,0.11055436252286646,0.019048519432544708,0.6983859539031982,-0.398711234331131,0.3652115762233734
25,0,2,Geometry_only,"{29, 13}",0.0012023993767797947,3,52,56.09889602661133,0.0007206290611065924,0.0013133158208802342,0.01108597032725811,-0.087371826171875,0.14643375060423716,0.00022766078542970974,0.004147309344261885,1.087124228477478,-0.7456300854682922,0.11379498243331909
25,0,2,Geometry_only,"{40, 31}",0.001668287324719131,16,32,57.33611297607422,-0.0003769983886741102,0.0001708680938463658,0.032977521419525146,0.6707198023796082,0.1458836864300835,0.34426416819012795,0.03336764872074127,0.2159208208322525,-0.19322003424167633,0.7429152727127075
25,0,2,Geometry_only,"{40, 21}",0.002634766511619091,13,25,57.3544921875,0.0003624691744334996,0.0011562793515622616,0.01837104558944702,0.03185733035206795,0.22952677812411448,0.015831517792302106,0.0010186373256146908,0.9528154730796814,-0.5975989699363708,0.01946522668004036
25,0,2,Geometry_only,"{59, 4}",0.0008885535644367337,17,56,57.11199188232422,0.0001065129617927596,-9.116856381297112e-05,0.004774080123752356,-0.14180238544940948,0.10264530861933892,0.0047093212081844756,0.0007712540100328624,1.136425256729126,-0.6292135715484619,0.026069913059473038
25,0,2,Geometry_only,"{5, 30}",0.003501299535855651,10,126,57.4074821472168,-0.00026293296832591295,0.0022923757787793875,0.010769965127110481,-0.1542859524488449,0.3563415731835381,0.01936570305921976,0.11533885449171066,1.1319323778152466,-0.6264770030975342,1.474758267402649
25,0,2,Geometry_only,"{59, 31}",0.001084029907360673,23,103,55.52518081665039,0.0007273860974237323,0.0013131499290466309,0.00880762655287981,-0.07280566543340683,0.1299651626023036,0.007567012953700141,0.02351597137749195,1.064687728881836,-0.6102971434593201,0.6963393688201904
25,0,2,Geometry_only,"{59, 27}",0.000912881747353822,2,55,56.403038024902344,0.0015020468272268772,0.00025874230777844787,0.008629731833934784,0.2120775580406189,0.10384544863567416,0.02375601926163724,0.002008170820772648,0.7692045569419861,-0.5312439799308777,0.06679830700159073
25,0,2,Geometry_only,"{24, 5}",0.003291771514341235,11,120,57.490047454833984,-9.877244156086817e-05,0.0018116128630936146,0.013165954500436783,-0.04731348529458046,0.36332572133415564,0.05794375372757719,0.09688696265220642,0.9866282343864441,-0.5387329459190369,1.1460278034210205
25,0,2,Geometry_only,"{35, 29}",0.0014145108871161938,14,49,56.23771286010742,0.00048686229274608195,-0.00041837201570160687,0.028985945507884026,0.6933735013008118,0.15586818462153917,0.28681424446583254,0.05138297751545906,0.21868164837360382,-0.22664794325828552,1.1326407194137573
25,0,2,Geometry_only,"{40, 23}",0.0022796501871198416,19,43,56.209964752197266,0.0009890899527817965,0.0019120628712698817,0.015136485919356346,0.199502095580101,0.22030903605420632,0.10955587500945752,0.008833041414618492,0.7127986550331116,-0.4043501019477844,0.16180746257305145
25,0,2,CARE_only,"{9, 4}",0.0014121975982561707,56,13,59.06513595581055,0.0005929297185502946,-8.730038825888187e-05,0.017039168626070023,0.39806345105171204,0.14656709949494107,0.06834982372341636,0.047439396381378174,0.5607942938804626,-0.43709811568260193,1.26192045211792
25,0,2,CARE_only,"{9, 13}",0.0015781869878992438,74,17,57.593299865722656,0.0014766630483791232,-0.0008200126467272639,0.017872212454676628,0.3339287042617798,0.165635990865601,0.09318707859514944,0.02606256492435932,0.604002058506012,-0.40690553188323975,0.6164903044700623
25,0,2,CARE_only,"{24, 38}",0.0021165995858609676,75,16,57.39746856689453,0.0008611051016487181,0.0002691683766897768,0.019690202549099922,-0.030404524877667427,0.17036987648559,0.023285392818706584,0.08648230880498886,1.0064111948013306,-0.5397608876228333,2.196479082107544
25,0,2,CARE_only,"{4, 31}",0.0010916088940575719,31,24,58.407772064208984,0.0005350452847778797,-0.0013257081154733896,0.019954288378357887,0.5064066648483276,0.11312986515093428,0.14969795196699573,0.024287225678563118,0.4197034239768982,-0.3372424244880676,0.7224092483520508
25,0,2,CARE_only,"{35, 4}",0.0013577414210885763,33,11,58.58102035522461,0.0012869752245023847,-0.0025747930631041527,0.01931799203157425,0.11657986044883728,0.17463704098811528,0.03550634723680443,0.06861250102519989,0.8520531058311462,-0.508371889591217,1.664275884628296
25,0,2,CARE_only,"{9, 27}",0.0014420575462281704,38,9,58.403751373291016,0.0010787080973386765,-0.0009613229194656014,0.015874989330768585,-0.05699902027845383,0.1559848649009051,0.024257319940158152,0.044659972190856934,1.031359076499939,-0.5382509231567383,1.1690521240234375
25,0,2,CARE_only,"{40, 4}",0.0015320618404075503,67,21,58.825016021728516,0.000783219002187252,-0.0012484877370297909,0.02576574869453907,0.6103459596633911,0.14398346473755272,0.16878907154433898,0.05765487626194954,0.3238846957683563,-0.3151560127735138,1.4653245210647583
25,0,2,CARE_only,"{35, 31}",0.0015897414414212108,66,20,57.098148345947266,-0.00027713278541341424,-0.00031415821285918355,0.022667881101369858,0.10740580409765244,0.20405713999966663,0.02254533572945597,0.04432527720928192,0.8724703788757324,-0.5602357387542725,0.9418665766716003
25,0,2,CARE_only,"{27, 13}",0.0011440129019320011,35,15,57.83580017089844,6.976072472753003e-05,0.0028097154572606087,0.01443438045680523,-0.14665991067886353,0.12931508676012202,0.004640371229698376,0.018597407266497612,1.1413389444351196,-0.6357922554016113,0.55256187915802
25,0,2,CARE_only,"{9, 38}",0.0013653559144586325,60,12,58.57979965209961,0.001822903286665678,0.0012233871966600418,0.020983939990401268,0.07780658453702927,0.1394162652309436,0.026422764227642278,0.059211935847997665,0.8978264927864075,-0.5249096751213074,1.6910837888717651
25,0,2,CARE_only,"{35, 27}",0.0014158306876197457,55,1,57.96297836303711,0.00011033810733351856,2.088672772515565e-06,0.018189789727330208,-0.11937008053064346,0.1837381027786575,0.0015422298829719677,0.06583307683467865,1.1176437139511108,-0.6960468292236328,1.571407675743103
25,0,2,CARE_only,"{40, 27}",0.0015676983166486025,52,0,58.18129348754883,0.0005626921774819493,-0.0005962632712908089,0.011872824281454086,-0.18268270790576935,0.17060323704432184,0.005080605764533464,0.054875448346138,1.1766740083694458,-0.641227662563324,1.3724563121795654
25,0,2,CARE_only,"{35, 38}",0.0013474180595949292,29,6,58.1370964050293,0.0009827985195443034,0.0038380699697881937,0.020969493314623833,-0.2521183490753174,0.167202840331372,0.00089721862227096,0.08038503676652908,1.2509949207305908,-0.7081062197685242,2.0934393405914307
25,0,2,CARE_only,"{40, 38}",0.001505135791376233,69,7,58.37440872192383,0.0007501842919737101,0.0004430893459357321,0.021443037316203117,0.0657910406589508,0.15226776457253346,0.01663929939792009,0.06942741572856903,0.9186643958091736,-0.5622789859771729,1.894487977027893
25,0,2,CARE_only,"{57, 38}",0.0018169321119785309,51,14,58.7009162902832,0.00022924583754502237,-0.0019469567341729999,0.02036447264254093,-0.05848156660795212,0.18520494057640058,0.017190171901719016,0.09874961525201797,1.0402860641479492,-0.5658234357833862,2.3890655040740967
25,0,2,Both,"{4, 13}",0.00109009793959558,15,23,58.48081588745117,0.0003690980956889689,-0.0007950570434331894,0.027049779891967773,0.5217477679252625,0.11104628873368559,0.14124887421194837,0.021376833319664,0.41069963574409485,-0.3458719551563263,0.6454300880432129
25,0,2,Both,"{9, 21}",0.0024991161189973354,21,22,57.564517974853516,0.0014446107670664787,-0.0018923019524663687,0.021389923989772797,0.36695775389671326,0.1888053606254063,0.17294958947647215,0.009196840226650238,0.5235578417778015,-0.32606616616249084,0.1839388757944107
25,0,2,Both,"{4, 38}",0.0008664539200253785,0,10,59.43622970581055,0.0013018680037930608,0.00019944350060541183,0.024961911141872406,0.17866241931915283,0.08560998783191372,0.036799065420560745,0.011772537603974342,0.7911131381988525,-0.4954395592212677,0.4291634261608124
25,0,2,Both,"{9, 31}",0.0015864375745877624,7,8,57.55179214477539,0.0005050446488894522,-0.0007869054097682238,0.018892087042331696,0.3048669397830963,0.168769689797143,0.09264197530864197,0.023152172565460205,0.6307345628738403,-0.4086686074733734,0.5395111441612244
25,0,2,Both,"{27, 31}",0.0011363861849531531,24,19,57.782012939453125,-0.00046417536213994026,0.0009083019685931504,0.016988588497042656,-0.12273596227169037,0.13258213458236795,0.005028916268544128,0.02150779962539673,1.117089867591858,-0.6325917840003967,0.6295410394668579
25,0,2,Both,"{40, 9}",0.001992894569411874,1,18,57.979087829589844,0.0006174075533635914,-0.0008398284553550184,0.018667014315724373,0.4177989065647125,0.19840648075608822,0.12207006636982273,0.010215477086603642,0.511131763458252,-0.38138705492019653,0.20340411365032196
25,0,2,Both,"{27, 38}",0.0008891253964975476,12,2,58.78083419799805,0.0017301548505201936,0.0009235047036781907,0.016272511333227158,-0.006983829662203789,0.09121064124147817,0.00804093567251462,0.014551962725818157,0.99888676404953,-0.5995560884475708,0.5220316648483276
25,0,2,Both,"{35, 13}",0.0015591926639899611,8,3,57.13254165649414,0.0009592064307071269,-0.000749819097109139,0.02135445922613144,0.013180754147469997,0.2020735752504459,0.016085127443702055,0.04723566770553589,0.9709461331367493,-0.584290087223053,1.018845796585083
25,0,2,Both,"{13, 38}",0.0010878531029447913,9,5,58.03110122680664,0.00022461010667029768,-4.442743374966085e-06,0.024925921112298965,0.01113856304436922,0.11179637624389512,0.012971522290144625,0.033149369060993195,0.97603440284729,-0.5732923746109009,1.0745935440063477
25,0,2,Both,"{29, 38}",0.0009475225233472884,4,4,57.13505935668945,0.0002741002244874835,0.0013791157398372889,0.012353971600532532,-0.18835188448429108,0.10831263647425533,0.001692828562634657,0.029002061113715172,1.1863402128219604,-0.6733277440071106,0.9607985019683838
25,0,2,Neither,"{4, 5}",0.0021090470254421234,87,75,59.48063659667969,0.0019228733144700527,-0.000699073018040508,0.013026180677115917,-0.11494046449661255,0.29516776957311686,0.012310819968375875,0.1715967357158661,1.1012146472930908,-0.6186501383781433,2.9133434295654297
25,0,2,Neither,"{4, 12}",0.0024133878760039806,110,111,58.984249114990234,-0.0003301407559774816,-0.0009465215262025595,0.006942628417164087,-0.47503331303596497,0.27418198789858816,0.0,0.15010349452495575,1.4750332832336426,-0.9041556119918823,2.71868896484375
25,0,2,Neither,"{4, 14}",0.003209133865311742,159,107,59.25706100463867,0.0009514790726825595,-0.001304059405811131,0.016709282994270325,0.08451838046312332,0.18803860450385879,0.053098129598439854,0.08361557871103287,0.8668712377548218,-0.47068458795547485,1.9089707136154175
25,0,2,Neither,"{4, 21}",0.002031387761235237,100,45,58.433807373046875,0.000985155114904046,0.0007534091710112989,0.013266297988593578,0.16331404447555542,0.16075208774357008,0.039610120282040646,0.05663623660802841,0.8035447001457214,-0.4956793189048767,1.4458593130111694
25,0,2,Neither,"{4, 23}",0.001707590650767088,83,47,57.337127685546875,0.0006875285762362182,-7.865586667321622e-05,0.009215251542627811,0.09495474398136139,0.170336539262914,0.04736275565123789,0.06648791581392288,0.8621798157691956,-0.47968339920043945,1.6271319389343262
25,0,2,Neither,"{24, 4}",0.0021437890827655792,82,59,57.8647575378418,0.0005642593023367226,0.0006136309239082038,0.004783357493579388,-0.27999815344810486,0.1875385461637191,0.001510976802062039,0.07470977306365967,1.2780641317367554,-0.6971483826637268,1.7673156261444092
25,0,2,Neither,"{4, 30}",0.002364445710554719,106,71,57.80622482299805,-0.000409495085477829,0.0021476279944181442,0.008452452719211578,-0.01390512939542532,0.16506925808010933,0.009795011612642634,0.056257884949445724,1.0039739608764648,-0.6029749512672424,1.4385850429534912
25,0,2,Neither,"{4, 45}",0.0026795861776918173,142,93,58.059322357177734,0.0011088771279901266,2.015809150179848e-05,0.008193097077310085,-0.2477443963289261,0.23066024369509777,0.0011562364503540975,0.11234115064144135,1.2463016510009766,-0.7166551947593689,2.305325984954834
25,0,2,Neither,"{57, 4}",0.0018275652546435595,62,27,59.15969467163086,-9.208871051669121e-05,-0.0014738611644133925,0.010947668924927711,-0.36078712344169617,0.20185688330305201,8.257638315441784e-05,0.08697707951068878,1.3606747388839722,-0.7795557379722595,1.959902048110962
25,0,2,Neither,"{58, 4}",0.0026878388598561287,127,99,60.03424072265625,0.0015788872260600328,-0.0006427548360079527,0.016306007280945778,0.12038559466600418,0.26368076275565483,0.0569568240723181,0.15404707193374634,0.8295143842697144,-0.47725918889045715,2.756328821182251
25,0,2,Neither,"{4, 61}",0.004561897832900286,197,173,58.133033752441406,0.000684962491504848,-0.002780243521556258,0.013722050003707409,-0.037015896290540695,0.2283599753304552,0.014452554744525548,0.11298143863677979,1.0220283269882202,-0.5922961831092834,2.313249111175537
25,0,2,Neither,"{9, 5}",0.0025479996111243963,150,152,58.65836715698242,0.001328794052824378,-0.0022503321524709463,0.012050271965563297,-0.04400894045829773,0.33177204007134165,0.06440916398713827,0.12415733933448792,0.9767652153968811,-0.5064333081245422,1.6514229774475098
25,0,2,Neither,"{12, 5}",0.0035249339416623116,164,167,58.56315612792969,0.0008468482992611825,-0.001294192741625011,0.025691675022244453,0.11735410243272781,0.40596402913673263,0.1595565592280846,0.021493248641490936,0.7418139576911926,-0.4468799829483032,0.19465425610542297
25,0,2,Neither,"{13, 5}",0.002280960325151682,64,81,58.080684661865234,0.0007442767964676023,0.0021181642077863216,0.024167479947209358,-0.0312107615172863,0.3057190005500642,0.057466877487596095,0.1502199023962021,0.9719502925872803,-0.4990062415599823,2.267913341522217
25,0,2,Neither,"{5, 14}",0.004472777713090181,58,130,58.80481719970703,0.003256457159295678,0.0003797384852077812,0.013386952690780163,-0.18935397267341614,0.3781274482022903,0.043508926603482476,0.08798116445541382,1.1376065015792847,-0.5750714540481567,1.0043727159500122
25,0,2,Neither,"{21, 5}",0.0031894873827695847,176,181,58.03286361694336,0.0013703240547329187,-0.0008138298289850354,0.011224029585719109,-0.1562894880771637,0.3531912056406581,0.029685214026145643,0.11496049910783768,1.1219648122787476,-0.5925635099411011,1.4674841165542603
25,0,2,Neither,"{5, 23}",0.002804491436108947,161,162,56.913822174072266,0.0016066909302026033,-0.000929809408262372,0.01246684417128563,-0.030934728682041168,0.3429066724451186,0.09347657009527513,0.1051088199019432,0.9345664978027344,-0.4725002944469452,1.286211371421814
25,0,2,Neither,"{27, 5}",0.002127684885635972,104,117,58.8636589050293,0.0010762442834675312,0.0008237988222390413,0.010624044574797153,-0.018229838460683823,0.29326754788058607,0.029726042969194042,0.16881731152534485,0.9879618883132935,-0.5516696572303772,2.8204751014709473
25,0,2,Neither,"{29, 5}",0.002166999038308859,63,86,57.18516159057617,0.0008213098626583815,-0.0015093801775947213,0.014071936719119549,-0.19248247146606445,0.3168536329238411,0.005313272660318796,0.15436720848083496,1.1861464977264404,-0.6795675754547119,2.3817081451416016
25,0,2,Neither,"{5, 31}",0.0022599271032959223,132,118,58.015647888183594,0.0006144499056972563,-0.0038022466469556093,0.018678167834877968,0.004099982790648937,0.3055356458253463,0.06901254773595199,0.14730951189994812,0.9271703958511353,-0.47919532656669617,2.190934181213379
25,0,2,Neither,"{35, 5}",0.0025215495843440294,41,123,58.188777923583984,0.0014171249931678176,-3.226028638891876e-05,0.023109860718250275,-0.17516249418258667,0.3677095661160469,0.026337262012692656,0.1029842346906662,1.1442118883132935,-0.6105660796165466,1.2490675449371338
25,0,2,Neither,"{5, 38}",0.0020952713675796986,81,77,59.01832962036133,0.0024743210524320602,0.0006473021931014955,0.031872279942035675,0.27584171295166016,0.26776457253346225,0.06555029880478087,0.18336927890777588,0.6766895055770874,-0.4525053799152374,3.3425066471099854
25,0,2,Neither,"{40, 5}",0.0027151491958647966,155,159,58.43593215942383,0.0008396885241381824,-0.00044367354712449014,0.013289053924381733,-0.0671655610203743,0.34168986381744537,0.06775940289770233,0.11394186317920685,0.9948550462722778,-0.5080304145812988,1.4480187892913818
25,0,2,Neither,"{45, 5}",0.003845039987936616,186,188,57.64436721801758,0.0019065599190071225,0.0008038771338760853,0.017409682273864746,0.10603848844766617,0.37636057540046336,0.13583418220470347,0.05925558879971504,0.7725309729576111,-0.448916494846344,0.6080172657966614
25,0,2,Neither,"{57, 5}",0.0029593128710985184,94,136,58.775753021240234,-0.00013854698045179248,0.0003996791783720255,0.02134191431105137,0.0814257562160492,0.362775657160002,0.09828156588862341,0.0846196636557579,0.8282953500747681,-0.4804176092147827,0.9534412622451782
25,0,2,Neither,"{59, 5}",0.002037462778389454,107,110,56.66862106323242,0.0016807869542390108,-3.563330392353237e-05,0.012353560887277126,0.146251380443573,0.2827829913489907,0.059770114942528735,0.17082548141479492,0.8027199506759644,-0.47608476877212524,2.8872733116149902
25,0,2,Neither,"{61, 5}",0.005787604954093695,128,160,57.746517181396484,0.0004994675400666893,-0.0036248289979994297,0.01683470606803894,-0.12761296331882477,0.3964629206740786,0.08009249527012824,0.0586153045296669,1.037299633026123,-0.5256433486938477,0.600094199180603
25,0,2,Neither,"{9, 12}",0.0028892287518829107,135,147,58.115047454833984,0.0003519527381286025,-0.00211147777736187,0.008054057136178017,-0.5023092031478882,0.3282549630790259,0.0008124714365510588,0.10266409069299698,1.5010886192321777,-0.7614851593971252,1.4567686319351196
25,0,2,Neither,"{9, 14}",0.0037457256112247705,189,176,58.38844299316406,0.0017848032293841243,0.00257808156311512,0.009606887586414814,0.011859491467475891,0.23699431600353374,0.06484737656491771,0.036176178604364395,0.924062192440033,-0.47446417808532715,0.6470502614974976
25,0,2,Neither,"{24, 9}",0.0026234344113618135,153,137,56.979373931884766,0.0012924009934067726,-0.0007027059909887612,0.011453484185039997,-0.25907835364341736,0.2396112879835981,0.010643478260869565,0.027270376682281494,1.2456773519515991,-0.6265860199928284,0.5053951740264893
25,0,2,Neither,"{9, 29}",0.0014916728250682354,70,57,56.72152328491211,0.00046897720312699676,-0.0016411510296165943,0.007100327871739864,-0.0414498895406723,0.17612054739719635,0.001135718341851221,0.030209872871637344,1.0402671098709106,-0.7069903612136841,0.7302852869033813
25,0,2,Neither,"{9, 30}",0.0028801176231354475,158,124,56.94215393066406,-0.0005124220042489469,0.002903400920331478,0.01319662481546402,0.18493099510669708,0.1969896487923591,0.12201726180402775,0.008818489499390125,0.7156165242195129,-0.38100865483283997,0.17666462063789368
25,0,2,Neither,"{9, 35}",0.00181143160443753,91,35,57.76370620727539,3.256303898524493e-05,-0.0010514126624912024,0.011006012558937073,0.1632552146911621,0.21294150984281499,0.10442270058708415,0.021173104643821716,0.7493696212768555,-0.40754181146621704,0.402355432510376
25,0,2,Neither,"{9, 45}",0.0031678208615630865,123,109,57.205467224121094,0.0008477119263261557,0.0011823201784864068,0.008483028039336205,-0.14570799469947815,0.27629890153851283,0.032456563706563704,0.06490175426006317,1.1085222959518433,-0.5571416020393372,1.0434056520462036
25,0,2,Neither,"{9, 57}",0.0022680480033159256,120,95,58.29195022583008,0.0006394265219569206,-0.001863105921074748,0.009191461838781834,-0.4398554563522339,0.2560132015401797,0.0007813008659417931,0.03953768312931061,1.4387304782867432,-0.743895947933197,0.6979816555976868
25,0,2,Neither,"{9, 58}",0.003178682643920183,175,179,59.20403289794922,0.0015135668218135834,0.0003552227863110602,0.010658652521669865,0.07789501547813416,0.30793592585801677,0.08151997401753816,0.10660767555236816,0.8469350337982178,-0.4706185460090637,1.4944084882736206
25,0,2,Neither,"{9, 59}",0.0013962190132588148,34,146,56.203880310058594,0.001217172248288989,-0.0016852692933753133,0.007054970599710941,-0.10468335449695587,0.1557014985081593,0.011347821432394819,0.04666814208030701,1.0921475887298584,-0.5918980836868286,1.23585045337677
25,0,2,Neither,"{9, 61}",0.0050477213226258755,204,200,57.23382568359375,0.0020356944296509027,-0.0024943319149315357,0.023731010034680367,0.06203446164727211,0.27059823646092046,0.05691758038684243,0.06554203480482101,0.8845788240432739,-0.5002871155738831,1.0513286590576172
25,0,2,Neither,"{12, 13}",0.0026377649046480656,144,113,57.531280517578125,-0.00022985125542618334,0.0008766853134147823,0.02456042729318142,-0.33560410141944885,0.2983014685046589,0.0012293249888243184,0.12872666120529175,1.3339622020721436,-0.7358714938163757,2.073259115219116
25,0,2,Neither,"{12, 14}",0.004658574238419533,188,190,58.326454162597656,0.00015887021436356008,-0.0012305855052545667,0.009837924502789974,-0.053937651216983795,0.3476238894537696,0.06425317669623591,0.06648791581392288,0.9862188100814819,-0.5238832831382751,0.8097184300422668
25,0,2,Neither,"{12, 21}",0.003436309052631259,149,153,57.4684944152832,0.0009112693951465189,0.0022011452820152044,0.01063635665923357,-0.30544865131378174,0.3388395312786492,0.0006395120031483668,0.09346725046634674,1.3046138286590576,-0.7722296714782715,1.2728297710418701
25,0,2,Neither,"{12, 23}",0.0031198286451399326,117,150,56.347530364990234,0.000807002536021173,1.7096346709877253e-05,0.005926147568970919,-0.2164316475391388,0.3476072208424316,0.007864198714874844,0.08361557871103287,1.2068654298782349,-0.6815634369850159,1.0915571451187134
25,0,2,Neither,"{24, 12}",0.0034880030434578657,169,165,56.8841438293457,0.0006765475263819098,0.0002310610725544393,0.01999668776988983,0.4158130884170532,0.29343423399396595,0.22602817541467848,0.07539371401071548,0.45214420557022095,-0.3198055326938629,0.9513735175132751
25,0,2,Neither,"{27, 12}",0.0024709675926715136,92,64,58.33546447753906,-0.000340606871759519,0.003481614636257291,0.01340092346072197,0.13918446004390717,0.2661310486223393,0.04221470625078291,0.1473240703344345,0.8244764804840088,-0.5119283199310303,2.6258208751678467
25,0,2,Neither,"{12, 29}",0.0024837409146130085,126,139,56.62504577636719,-0.00011224199988646433,0.00039193249540403485,0.008963623084127903,-0.1791273057460785,0.29391762372276764,0.0,0.13287396728992462,1.1791273355484009,-0.9083105325698853,2.187053918838501
25,0,2,Neither,"{12, 30}",0.0037458252627402544,177,177,56.81391143798828,4.9731334001990035e-05,-0.001130316173657775,0.01925782486796379,-0.1980404257774353,0.3378894204323838,0.0021705885254797493,0.09384560585021973,1.1954399347305298,-0.7335245609283447,1.2801040410995483
25,0,2,Neither,"{12, 31}",0.002584037370979786,131,131,57.44340515136719,0.0004155207716394216,0.001283243065699935,0.009233342483639717,-0.37187719345092773,0.3019018885536646,0.00033127208480565373,0.12581627070903778,1.3714227676391602,-0.7747571468353271,1.9962798357009888
25,0,2,Neither,"{35, 12}",0.0027563886251300573,151,157,57.63979721069336,0.00047718145651742816,0.0018129779491573572,0.015624014660716057,-0.2417927384376526,0.3523411064624206,0.0012300123001230013,0.08149098604917526,1.2402653694152832,-0.7584460377693176,1.0544131994247437
25,0,2,Neither,"{12, 38}",0.0024232862051576376,116,89,58.51211166381836,0.00040938553865998983,0.0008107964531518519,0.01576368883252144,-0.21583503484725952,0.2596136215891854,0.004173354735152488,0.16187602281570435,1.2107609510421753,-0.6663593053817749,3.1478524208068848
25,0,2,Neither,"{40, 12}",0.0030031537171453238,140,151,57.86090087890625,0.0008852197788655758,0.0027723810635507107,0.010725514031946659,-0.4698823392391205,0.3401896887970263,9.799598216473124e-05,0.09244861453771591,1.469738245010376,-0.8140184879302979,1.2533645629882812
25,0,2,Neither,"{12, 45}",0.004073672462254763,68,122,57.10762405395508,0.0003534691350068897,-0.0013638188829645514,0.016328975558280945,0.13094018399715424,0.35532478789192073,0.1337899329173899,0.037762343883514404,0.7527883648872375,-0.4408348798751831,0.4133630394935608
25,0,2,Neither,"{57, 12}",0.0031653116457164288,174,166,58.20893096923828,-0.00027784897247329354,0.001848759246058762,0.03436483442783356,0.5678256154060364,0.28681679529278414,0.303306793746731,0.06312641501426697,0.3010929524898529,-0.2641448676586151,0.7587869763374329
25,0,2,Neither,"{58, 12}",0.004149941727519035,182,180,59.116058349609375,0.0008322539506480098,-0.002167120575904846,0.013536869548261166,-0.12828420102596283,0.4149817478705849,0.08591741645244216,0.003943581599742174,1.0313448905944824,-0.530190646648407,0.03763983026146889
25,0,2,Neither,"{59, 12}",0.002389865228906274,88,97,56.08698654174805,0.0013397588627412915,-0.003796052187681198,0.005578000098466873,0.04863376542925835,0.2692480789425433,0.021605893642047916,0.14933224022388458,0.9308111071586609,-0.5720899701118469,2.6926190853118896
25,0,2,Neither,"{12, 61}",0.005930076353251934,206,204,57.17204284667969,0.00029040881781838834,0.0016262808348983526,0.012528904713690281,-0.23436960577964783,0.39344590202190255,0.025800711743772242,0.037122055888175964,1.2025220394134521,-0.629407525062561,0.40543997287750244
25,0,2,Neither,"{13, 14}",0.0033782573882490396,146,72,57.8141975402832,0.0010102400556206703,1.3745739124715328e-05,0.013836990110576153,0.020143110305070877,0.21014118313803276,0.05885619100499723,0.06223874166607857,0.9221862554550171,-0.4716121554374695,1.2635406255722046
25,0,2,Neither,"{21, 13}",0.00220486125908792,122,70,56.965938568115234,0.0011884226696565747,-0.0026867520064115524,0.018544040620326996,0.051154568791389465,0.18825529645125264,0.01779706038604569,0.03525940328836441,0.931958794593811,-0.5731054544448853,0.8004292249679565
25,0,2,Neither,"{13, 23}",0.0018743207911029458,108,78,55.84373092651367,0.0007720445864833891,-0.0010432562557980418,0.016611002385616302,0.15835914015769958,0.18798859866984483,0.07926937400248271,0.04511108249425888,0.7749245166778564,-0.4316878020763397,0.9817019104957581
25,0,2,Neither,"{24, 13}",0.00235935696400702,57,50,56.40693283081055,-0.00012925275950692594,0.0026126238517463207,0.011473046615719795,-0.2731351852416992,0.21212474788725352,0.0008643721515008643,0.053332943469285965,1.272034764289856,-0.7261149883270264,1.1218855381011963
10,1,0,Geometry_only,"{41, 10}",0.0023626291658729315,4,34,58.202552795410156,0.001205440959893167,-0.0004904174129478633,0.01588408276438713,-0.10152583569288254,0.22202590302201924,0.007882882882882882,0.059502974152565,1.0928425788879395,-0.6354284286499023,1.199926733970642
10,1,0,Geometry_only,"{41, 28}",0.0025286234449595213,7,40,57.56617736816406,-7.13844783604145e-05,-0.0016093709273263812,0.02820984274148941,-0.07412566244602203,0.2213091527344857,0.018603600210891014,0.060943618416786194,1.0541430711746216,-0.5796773433685303,1.2220585346221924
10,1,0,Geometry_only,"{49, 34}",0.0023498975206166506,9,44,57.64533615112305,0.0002547221665736288,-0.0007044832454994321,0.017177961766719818,0.38258257508277893,0.22439284583201374,0.1948447481800624,0.05298369377851486,0.49711689352989197,-0.31525179743766785,0.9004231691360474
10,1,0,Geometry_only,"{28, 55}",0.002786314347758889,6,120,57.81886672973633,0.0010240585543215275,-0.0009261476807296276,0.022608883678913116,-0.3252357244491577,0.3432567132832164,0.00033992133249162335,0.04202606528997421,1.3247852325439453,-0.79190593957901,0.5514140129089355
10,1,0,Geometry_only,"{38, 39}",0.0008497750968672335,0,11,59.392662048339844,0.0021644984371960163,0.0015318552032113075,0.024138694629073143,0.22991426289081573,0.08530995282782991,0.03360687768659633,0.011263218708336353,0.7442055344581604,-0.5030549168586731,0.41181859374046326
10,1,0,Geometry_only,"{10, 28}",0.0025392600800842047,5,82,58.66737747192383,0.0003015007241629064,0.001001946278847754,0.03312867507338524,-0.04777964949607849,0.2881669528111613,0.018799167052290608,0.0014406442642211914,1.028082251548767,-0.6086273789405823,0.022131802514195442
10,1,0,Geometry_only,"{57, 20}",0.002371808048337698,8,96,58.917137145996094,-0.00031154215685091913,0.000703594065271318,0.017966793850064278,0.5197581052780151,0.26316403580417713,0.20344565492779326,0.013271389529109001,0.382538765668869,-0.32864588499069214,0.18877755105495453
10,1,0,CARE_only,"{27, 38}",0.0008891253964975476,20,0,58.78083419799805,0.0017301548505201936,0.0009235047036781907,0.016272511333227158,-0.006983829662203789,0.09121064124147817,0.00804093567251462,0.014551962725818157,0.99888676404953,-0.5995560884475708,0.5220316648483276
10,1,0,CARE_only,"{27, 39}",0.0009003218729048967,26,8,59.21210861206055,0.0016853160923346877,-0.00020926547585986555,0.009028402157127857,-0.12895166873931885,0.10462887336855967,0.0020710530508204557,0.0032887435518205166,1.1266134977340698,-0.6654951572418213,0.11021304130554199
10,1,0,CARE_only,"{50, 39}",0.0013181936228647828,23,6,58.86368942260742,0.0014256993308663368,-0.00013784710608888417,0.02065407671034336,-0.0967414379119873,0.1643691764039138,0.014907210222087009,0.05739293992519379,1.0803921222686768,-0.5754808783531189,1.4679473638534546
10,1,0,CARE_only,"{0, 27}",0.001575272879563272,59,2,58.83241271972656,0.0006254359032027423,-0.001616286113858223,0.01754363439977169,-0.16988515853881836,0.19530611904722217,0.008875992148160792,0.07719816267490387,1.159501314163208,-0.6167261004447937,1.7594484090805054
10,1,0,CARE_only,"{50, 47}",0.0013651491608470678,33,4,58.371768951416016,0.000657340744510293,0.0031529658008366823,0.022740622982382774,-0.010185156017541885,0.1676528928374977,0.011334261284549613,0.055006418377161026,0.9987354278564453,-0.5949163436889648,1.3875538110733032
10,1,0,CARE_only,"{10, 27}",0.0017007188871502876,77,7,58.95106506347656,0.0012129985261708498,-0.0024984320625662804,0.02254837192595005,-0.13350127637386322,0.1995399463270715,0.0036755492440063487,0.08002123981714249,1.1293350458145142,-0.6639498472213745,1.8035527467727661
10,1,0,CARE_only,"{50, 38}",0.0012673323508352041,24,1,58.42988204956055,0.00147331936750561,-0.0028819204308092594,0.015111501328647137,-0.20210577547550201,0.15288450319203908,0.0067597034452682074,0.06865616142749786,1.1939798593521118,-0.6188846230506897,1.8797659873962402
10,1,0,Both,"{29, 38}",0.0009475225233472884,2,3,57.13505935668945,0.0002741002244874835,0.0013791157398372889,0.012353971600532532,-0.18835188448429108,0.10831263647425533,0.001692828562634657,0.029002061113715172,1.1863402128219604,-0.6733277440071106,0.9607985019683838
10,1,0,Both,"{29, 39}",0.0010063002118840814,1,5,57.55430221557617,0.001095747109502554,0.0033197980374097824,0.012348380871117115,-0.22351817786693573,0.12123081026119714,0.0013749484394335212,0.017738841474056244,1.2218358516693115,-0.684734046459198,0.5489799380302429
10,1,0,Both,"{27, 47}",0.000989290769211948,3,9,58.70498275756836,0.00154122372623533,-0.0010163196129724383,0.010958204977214336,-0.196672260761261,0.10739586285066591,0.0017072792177557038,0.0009022216545417905,1.194629192352295,-0.6735996603965759,0.02981952391564846
10,1,0,Neither,"{0, 10}",0.0022814408876001835,13,87,59.177223205566406,0.0008315949235111475,0.0006223202217370272,0.03247523307800293,0.02526085451245308,0.27913256546597104,0.034276842230980535,0.0028230806346982718,0.9413281679153442,-0.5571321845054626,0.04410437121987343
10,1,0,Neither,"{0, 12}",0.0030071663204580545,75,134,58.5396842956543,0.00011738278408301994,-0.00026450850418768823,0.01575939729809761,-0.5138294696807861,0.3657926758121781,0.0,0.07012590765953064,1.5138294696807861,-0.9207698702812195,0.8663724660873413
10,1,0,Neither,"{0, 14}",0.003820969257503748,185,163,58.81976318359375,0.0012451192596927285,-0.0027227068785578012,0.013682317920029163,0.13210207223892212,0.2574133648925708,0.12516997992618015,0.0036379906814545393,0.7592631578445435,-0.4015258550643921,0.05665406212210655
10,1,0,Neither,"{0, 20}",0.0021606306545436382,174,144,59.232051849365234,0.0004791335086338222,0.002645196858793497,0.020902682095766068,-0.3339904248714447,0.3047688897037988,0.012852767446948151,0.020270884037017822,1.3168449401855469,-0.6404591202735901,0.2963630259037018
10,1,0,Neither,"{0, 21}",0.0026405234821140766,30,65,57.991424560546875,0.0012522728648036718,-0.0016053662402555346,0.02336200512945652,0.05637627840042114,0.24961245478639174,0.03652754590984975,0.02334134839475155,0.9091554880142212,-0.5385724902153015,0.4064573347568512
10,1,0,Neither,"{0, 24}",0.0027753738686442375,192,182,57.42396545410156,0.0006149188848212361,-0.0015364205464720726,0.01216173730790615,-0.30824214220046997,0.27896587935259115,0.0016730401529636712,0.005267810542136431,1.3060534000396729,-0.727323591709137,0.08500103652477264
10,1,0,Neither,"{0, 28}",0.0023760683834552765,21,42,58.51744079589844,0.0007527827401645482,-0.00023450033040717244,0.03318009153008461,0.5625429749488831,0.22312603137032655,0.30128492454803524,0.004263725131750107,0.3056578040122986,-0.23940090835094452,0.06623617559671402
10,1,0,Neither,"{0, 29}",0.0016269269399344921,97,32,57.15542221069336,0.00025875066057778895,-0.00041928302380256355,0.009167303331196308,-0.18579508364200592,0.21352491123964462,0.000312256049960968,0.06274805963039398,1.1854248046875,-0.7548699378967285,1.3206815719604492
10,1,0,Neither,"{0, 33}",0.002542058238759637,101,135,58.015682220458984,0.0017997027607634664,-0.0008386537083424628,0.017877640202641487,-0.2095252424478531,0.35259113563249045,0.03592870987566776,0.0696602463722229,1.1660685539245605,-0.5820713639259338,0.8618668913841248
10,1,0,Neither,"{0, 34}",0.002221099566668272,125,104,59.422706604003906,0.00042127465712837875,0.0007005034130997956,0.012257984839379787,-0.3257141709327698,0.30606904138816193,0.0034854591003158695,0.018917551264166832,1.3210934400558472,-0.7080695629119873,0.27796080708503723
10,1,0,Neither,"{0, 38}",0.0015250153373926878,83,35,59.01422119140625,0.0011174106039106846,-0.005080964881926775,0.027241503819823265,0.09200362861156464,0.17653726268064607,0.021716551789255027,0.0917501226067543,0.8882778286933899,-0.5463922619819641,2.281480073928833
10,1,0,Neither,"{0, 39}",0.001554313232190907,99,29,59.44999313354492,0.0008798696799203753,2.6475510821910575e-05,0.017944438382983208,0.15199482440948486,0.18505492307435867,0.044406413258872277,0.08048690110445023,0.8103483319282532,-0.48854514956474304,1.8696614503860474
10,1,0,Neither,"{0, 41}",0.0021983764600008726,17,36,58.071929931640625,0.0009676468325778842,-0.0012402443680912256,0.014878608286380768,0.02841046452522278,0.21242478289133732,0.03821406151914627,0.05667989328503609,0.9344611763954163,-0.5169084668159485,1.1558223962783813
10,1,0,Neither,"{0, 47}",0.0016260695410892367,73,24,58.944053649902344,0.0007422016933560371,0.0007807571673765779,0.02563421055674553,0.5097305178642273,0.17535379127564882,0.11777566539923955,0.07810038328170776,0.43252766132354736,-0.3706355094909668,1.789267897605896
10,1,0,Neither,"{0, 49}",0.002270051511004567,115,114,57.25790023803711,0.0005049292230978608,-0.0008875890634953976,0.005356303881853819,-0.3448382019996643,0.24622872668477988,0.0008800433252098565,0.03406614437699318,1.3436546325683594,-0.7373842000961304,0.6224623918533325
10,1,0,Neither,"{0, 50}",0.0019200185779482126,113,90,58.48381042480469,0.0002928227768279612,-0.0003260261146351695,0.018979474902153015,0.05119498446583748,0.2519127231510343,0.02818765301396149,0.023093964904546738,0.9220604300498962,-0.5621082782745361,0.40171411633491516
10,1,0,Neither,"{0, 55}",0.0025123353116214275,36,124,58.37492752075195,0.0002209394151577726,0.002574205631390214,0.014811581000685692,-0.4727991819381714,0.3384728218292134,4.924652811976756e-05,0.04628979042172432,1.4727267026901245,-0.8271839022636414,0.6176502108573914
10,1,0,Neither,"{0, 57}",0.0024183818604797125,184,173,58.703067779541016,0.0008150956127792597,0.0017418425995856524,0.014514032751321793,-0.42197707295417786,0.29346757121664196,5.6798818584573444e-05,0.006999494042247534,1.4218963384628296,-0.8143274188041687,0.10758546739816666
10,1,0,Neither,"{0, 58}",0.003257902804762125,221,214,59.61574172973633,0.001441405969671905,-0.0015593201387673616,0.014355923980474472,0.10299182683229446,0.33145533645591985,0.11722403821976364,0.07406948506832123,0.7918572425842285,-0.4420575499534607,0.9040123224258423
10,1,0,Neither,"{0, 62}",0.0018292616587132215,71,167,56.40391159057617,0.00021581465261988342,-0.002234213287010789,0.0077794622629880905,-0.11136984825134277,0.2565966029370093,0.04761595426789658,0.014537409879267216,1.0584509372711182,-0.5165030360221863,0.243747279047966
10,1,0,Neither,"{10, 12}",0.0031216118950396776,81,169,58.65334701538086,0.0009004701278172433,0.00029548356542363763,0.02473372034728527,-0.28222113847732544,0.3684596536262564,0.001538113548970821,0.06730282306671143,1.2802488803863525,-0.7574538588523865,0.8222680687904358
10,1,0,Neither,"{10, 14}",0.003959910478442907,188,177,58.955142974853516,0.0012614572187885642,-0.0004345156776253134,0.012995698489248753,-0.12318454682826996,0.2800993449235744,0.04558438467031659,0.0008149098721332848,1.071984887123108,-0.5311198830604553,0.012549691833555698
10,1,0,Neither,"{10, 20}",0.002264808164909482,182,162,59.33851623535156,0.0014433875912800431,0.002334184478968382,0.02344118431210518,-0.30964016914367676,0.30825262947343857,0.011896393229870761,0.017447803169488907,1.294060230255127,-0.6466771364212036,0.25225865840911865
10,1,0,Neither,"{10, 21}",0.002502069342881441,40,48,58.10658264160156,0.002020506653934717,0.0018845046870410442,0.017034443095326424,0.8993567228317261,0.16030203523744438,0.6341894561713632,0.026164427399635315,0.036816373467445374,-0.05672963336110115,0.4505617022514343
10,1,0,Neither,"{24, 10}",0.0028256571386009455,208,203,57.549644470214844,0.0010892375139519572,0.0004092970921192318,0.005542022176086903,-0.2415912002325058,0.28164952577800745,0.0036101083032490976,0.008090890944004059,1.2371089458465576,-0.6981314420700073,0.12910540401935577
10,1,0,Neither,"{10, 29}",0.0017397734336555004,123,54,57.26283645629883,0.0013898569159209728,0.0033989078365266323,0.02621862292289734,0.5872519612312317,0.1765205940693081,0.228328611898017,0.0655711442232132,0.3185058534145355,-0.269471675157547,1.36478590965271
10,1,0,Neither,"{33, 10}",0.0026447016280144453,128,143,58.13120651245117,0.0025617617648094893,0.0033836476504802704,0.021959014236927032,-0.10779900848865509,0.3526744786891804,0.0448530106815389,0.06683716177940369,1.0581108331680298,-0.5623781085014343,0.817762553691864
10,1,0,Neither,"{10, 34}",0.0023440439254045486,153,131,59.55571365356445,0.0004622546839527786,-0.0028324532322585583,0.028427191078662872,-0.3497846722602844,0.31036954311336323,0.0,0.016094470396637917,1.3497846126556396,-0.9137251973152161,0.2338564246892929
10,1,0,Neither,"{10, 38}",0.0016592481406405568,112,41,59.1632080078125,0.0006594193400815129,-0.0018315205816179514,0.023093290627002716,-0.24413631856441498,0.1832713816611938,0.0018190086402910413,0.09457319974899292,1.2418732643127441,-0.6861612796783447,2.3255844116210938
10,1,0,Neither,"{10, 39}",0.0017003940884023905,130,58,59.57072067260742,0.0013439696049317718,0.000855456804856658,0.02350146882236004,-0.1562228500843048,0.19452269431433666,0.010197086546700942,0.08330998569726944,1.144432783126831,-0.6071615219116211,1.913765788078308
10,1,0,Neither,"{10, 47}",0.0017442904645577073,92,13,59.05680847167969,0.0015296380734071136,0.003247747663408518,0.022850733250379562,-0.08063516765832901,0.19743970129848482,0.009117771211481638,0.08092346042394638,1.07078218460083,-0.615382194519043,1.8333722352981567
10,1,0,Neither,"{49, 10}",0.002386414911597967,140,116,57.369049072265625,0.0014996840618550777,0.0006608240655623376,0.009421182796359062,-0.22241665422916412,0.2494957745070258,0.0007349011223944415,0.036889225244522095,1.2215182781219482,-0.7437799572944641,0.6665667295455933
10,1,0,Neither,"{10, 50}",0.0018973248079419136,145,98,58.614315032958984,0.0005016656359657645,0.0007784523768350482,0.016461793333292007,0.9418210387229919,0.15541813211541347,0.6873659373659373,0.025917043909430504,0.018188724294304848,-0.03630391135811806,0.4458184838294983
10,1,0,Neither,"{10, 55}",0.002596802543848753,14,117,58.487979888916016,0.001043930766172707,-0.0006692353636026382,0.02320241928100586,-0.29002296924591064,0.3411564682546297,0.0016612107294669467,0.043466709554195404,1.2878799438476562,-0.7471566200256348,0.5735458731651306
10,1,0,Neither,"{57, 10}",0.0025156806223094463,197,183,58.860130310058594,0.00011034068302251399,0.00013525382382795215,0.02291114069521427,-0.29719388484954834,0.2967179504275499,0.0,0.004176413174718618,1.2971938848495483,-0.91176837682724,0.06348109245300293
10,1,0,Neither,"{10, 58}",0.003384989220649004,225,219,59.753623962402344,0.0013075609458610415,-9.87277744570747e-05,0.019872648641467094,0.0199490487575531,0.34237327688230296,0.09104186952288218,0.07124640792608261,0.8908252716064453,-0.48072385787963867,0.8599079251289368
10,1,0,Neither,"{10, 62}",0.0019087644759565592,87,209,56.530094146728516,0.0007650853367522359,0.0010387817164883018,0.010476402938365936,-0.061778463423252106,0.2608470988281966,0.042942041024985625,0.017360491678118706,1.0161834955215454,-0.5283399224281311,0.2878516614437103
10,1,0,Neither,"{12, 14}",0.004658574238419533,74,176,58.326454162597656,0.00015887021436356008,-0.0012305855052545667,0.009837924502789974,-0.053937651216983795,0.3476238894537696,0.06425317669623591,0.06648791581392288,0.9862188100814819,-0.5238832831382751,0.8097184300422668
10,1,0,Neither,"{12, 20}",0.00296240346506238,194,189,58.71720886230469,0.00025898864259943366,0.0003110458783339709,0.02330172061920166,0.4596629738807678,0.3192872501791876,0.21837640302793004,0.04985502362251282,0.42234018445014954,-0.34407731890678406,0.5700094699859619
10,1,0,Neither,"{12, 21}",0.003436309052631259,110,122,57.4684944152832,0.0009112693951465189,0.0022011452820152044,0.01063635665923357,-0.30544865131378174,0.3388395312786492,0.0006395120031483668,0.09346725046634674,1.3046138286590576,-0.7722296714782715,1.2728297710418701
10,1,0,Neither,"{24, 12}",0.0034880030434578657,214,215,56.8841438293457,0.0006765475263819098,0.0002310610725544393,0.01999668776988983,0.4158130884170532,0.29343423399396595,0.22602817541467848,0.07539371401071548,0.45214420557022095,-0.3198055326938629,0.9513735175132751
10,1,0,Neither,"{27, 12}",0.0024709675926715136,157,147,58.33546447753906,-0.000340606871759519,0.003481614636257291,0.01340092346072197,0.13918446004390717,0.2661310486223393,0.04221470625078291,0.1473240703344345,0.8244764804840088,-0.5119283199310303,2.6258208751678467
10,1,0,Neither,"{12, 28}",0.003269907319918275,89,170,57.97736358642578,0.0011762434151023626,-0.0033736403565853834,0.013239926658570766,-0.3883326053619385,0.370659910322871,4.497009488690021e-05,0.06586217880249023,1.3882701396942139,-0.8357080817222595,0.8001362681388855
10,1,0,Neither,"{12, 29}",0.0024837409146130085,178,152,56.62504577636719,-0.00011224199988646433,0.00039193249540403485,0.008963623084127903,-0.1791273057460785,0.29391762372276764,0.0,0.13287396728992462,1.1791273355484009,-0.9083105325698853,2.187053918838501
10,1,0,Neither,"{33, 12}",0.003402629168704152,49,184,57.51597595214844,0.0006895711412653327,-0.002331175608560443,0.014362524263560772,0.16771607100963593,0.39001216808627676,0.14249081118044277,0.000465662800706923,0.7136911153793335,-0.4533238410949707,0.00450555793941021
10,1,0,Neither,"{34, 12}",0.003076652530580759,114,157,58.95344543457031,-0.0013109332649037242,-0.0020743468776345253,0.025577150285243988,0.28910988569259644,0.3373560248695681,0.1485251247591284,0.05120835453271866,0.6053050756454468,-0.4148073196411133,0.5884116888046265
10,1,0,Neither,"{12, 38}",0.0024232862051576376,172,137,58.51211166381836,0.00040938553865998983,0.0008107964531518519,0.01576368883252144,-0.21583503484725952,0.2596136215891854,0.004173354735152488,0.16187602281570435,1.2107609510421753,-0.6663593053817749,3.1478524208068848
10,1,0,Neither,"{12, 39}",0.0024813672062009573,176,148,58.94953155517578,0.00023568356118630618,-0.001060150796547532,0.013738014735281467,-0.20134799182415009,0.2711149634123981,0.009160774669535814,0.15061281621456146,1.190342664718628,-0.6315675377845764,2.7360339164733887
10,1,0,Neither,"{41, 12}",0.0031053770799189806,80,101,57.531009674072266,0.0012757431250065565,-0.0020892855245620012,0.0208108089864254,-0.0617615282535553,0.29316753621255814,0.026267909938594496,0.12680579721927643,1.0338712930679321,-0.572662889957428,2.0221948623657227
10,1,0,Neither,"{12, 47}",0.0024869285989552736,163,136,58.4331169128418,0.00030118285212665796,0.001871677814051509,0.007967501878738403,-0.41745418310165405,0.27629890153851283,0.00012065637065637066,0.1482262909412384,1.4172831773757935,-0.7869769334793091,2.6556403636932373
10,1,0,Neither,"{49, 12}",0.0030575443524867296,91,110,56.718875885009766,0.0004892743309028447,-0.002949373098090291,0.013631784357130527,0.4037592113018036,0.2756321570849932,0.18553459119496854,0.10419204831123352,0.4856174886226654,-0.3374710977077484,1.4888348579406738
10,1,0,Neither,"{50, 12}",0.0027378930244594812,195,200,57.988685607910156,-0.0008571556536480784,-0.0007521656807512045,0.01174003817141056,-0.2993113696575165,0.33923957795076093,0.00029481132075471697,0.09321986883878708,1.2989282608032227,-0.7914684414863586,1.268086552619934
10,1,0,Neither,"{12, 55}",0.0031171462032943964,98,106,57.84339904785156,0.00030380539828911424,0.0009932121029123664,0.02917158044874668,0.8345107436180115,0.26694781057790073,0.5689041523571652,0.02383611351251602,0.07134173065423965,-0.12165643274784088,0.24872225522994995
10,1,0,Neither,"{57, 12}",0.0031653116457164288,206,199,58.20893096923828,-0.00027784897247329354,0.001848759246058762,0.03436483442783356,0.5678256154060364,0.28681679529278414,0.303306793746731,0.06312641501426697,0.3010929524898529,-0.2641448676586151,0.7587869763374329
10,1,0,Neither,"{58, 12}",0.004149941727519035,229,228,59.116058349609375,0.0008322539506480098,-0.002167120575904846,0.013536869548261166,-0.12828420102596283,0.4149817478705849,0.08591741645244216,0.003943581599742174,1.0313448905944824,-0.530190646648407,0.03763983026146889
10,1,0,Neither,"{12, 62}",0.0026588402688503265,171,166,55.86343002319336,-5.427096039056778e-05,0.0005459006642922759,0.009053708985447884,0.05678898096084595,0.32612138082776326,0.07058522872476361,0.08466331660747528,0.8766342401504517,-0.5004906058311462,1.1101197004318237
10,1,0,Neither,"{20, 14}",0.0039389063604176044,211,212,58.978214263916016,0.0019858013838529587,-0.00047681728028692305,0.006113719195127487,0.023523347452282906,0.29015051756038207,0.07824438444304016,0.016632892191410065,0.9000728130340576,-0.47735291719436646,0.23970894515514374
10,1,0,Neither,"{21, 14}",0.004241714719682932,187,204,57.75668716430664,0.001974334241822362,-0.0015591437695547938,0.0075271157547831535,-0.11381927132606506,0.2528128281632857,0.03988923320366585,0.026979338377714157,1.069389820098877,-0.5315792560577393,0.46311140060424805
10,1,0,Neither,"{24, 14}",0.004395409021526575,213,206,57.1661262512207,0.002085086889564991,0.0009418611880391836,0.008982746861875057,0.06698515266180038,0.2591135632490457,0.09449983917658411,0.008905800990760326,0.8448451161384583,-0.44010522961616516,0.1416551023721695
10,1,0,Neither,"{27, 14}",0.003254169365391135,210,227,58.57638168334961,0.002168949693441391,0.001282973331399262,0.006254057865589857,-0.11622211337089539,0.19822312603137032,0.01505213588967373,0.08083614706993103,1.0994205474853516,-0.5834031701087952,1.8161025047302246
10,1,0,Neither,"{28, 14}",0.003980221226811409,190,179,58.310123443603516,0.0005981333670206368,0.0014047027798369527,0.01619211584329605,0.05797125771641731,0.2678145783674762,0.09970747494865252,0.0006257343920879066,0.8481014370918274,-0.43719008564949036,0.009582110680639744
10,1,0,Neither,"{29, 14}",0.0032997557427734137,204,186,56.92026901245117,0.0008875443018041551,-0.0005376353510655463,0.004895042162388563,-0.20615649223327637,0.21675862183921457,0.004613964933866502,0.06638605147600174,1.2005913257598877,-0.6608482003211975,1.377335548400879
10,1,0,Neither,"{33, 14}",0.004364287946373224,127,153,57.766624450683594,0.0030367542058229446,-0.002214075531810522,0.015807507559657097,-0.11071266233921051,0.3512909839481273,0.05162514827995255,0.06602225452661514,1.0533719062805176,-0.5482581257820129,0.8052128553390503
10,1,0,Neither,"{34, 14}",0.003972349688410759,169,149,59.21332931518555,0.0004382561892271042,0.001371688093058765,0.015610503032803535,0.09066776931285858,0.2829330088510326,0.1002710027100271,0.015279560349881649,0.8181525468826294,-0.44325751066207886,0.22130674123764038
10,1,0,Neither,"{38, 14}",0.0032446489203721285,203,160,58.750022888183594,0.0029626903124153614,2.509805199224502e-05,0.016313781961798668,0.04381720721721649,0.17778740853099528,0.0379711231951997,0.09538811445236206,0.91987544298172,-0.4979141056537628,2.3381340503692627
10,1,0,Neither,"{14, 39}",0.0032904241234064102,205,158,59.16473388671875,0.00346149830147624,0.000568839255720377,0.018635056912899017,-0.05934012681245804,0.19475605487306852,0.013779527559055118,0.08412489295005798,1.0447429418563843,-0.5876448750495911,1.9263155460357666
10,1,0,Neither,"{41, 14}",0.003886148566380143,189,194,57.809871673583984,0.0026405039243400097,2.0328749087639153e-05,0.00997382402420044,-0.08705015480518341,0.21887553547913924,0.02665448176071891,0.060317885130643845,1.0580754280090332,-0.5507215857505798,1.212476372718811
10,1,0,Neither,"{14, 47}",0.0032856629695743322,212,195,58.675048828125,0.0027372015174478292,0.0004359956947155297,0.013512053526937962,0.03825013339519501,0.1932058740186355,0.036062462255198,0.08173837512731552,0.9270668029785156,-0.5112194418907166,1.8459219932556152
10,1,0,Neither,"{49, 14}",0.0038407945539802313,165,119,57.005958557128906,0.001746129128150642,0.002297702943906188,0.012329043820500374,0.15783104300498962,0.2273098528161619,0.10251521595658869,0.03770413249731064,0.7558338046073914,-0.4144098460674286,0.679116427898407
10,1,0,Neither,"{50, 14}",0.0036094074603170156,224,224,58.24071502685547,0.0013524573296308517,0.0006964541389606893,0.009477509185671806,-0.10696037858724594,0.2521960895437801,0.04355584930601454,0.026731954887509346,1.0587457418441772,-0.522942066192627,0.458368182182312
10,1,0,Neither,"{14, 55}",0.004129643086344004,200,190,58.13740158081055,0.0010878790635615587,0.0009200986823998392,0.010789807885885239,0.02948211133480072,0.31645358625172937,0.08280221227284698,0.04265180230140686,0.8901568651199341,-0.4818709194660187,0.5609961748123169
10,1,0,Neither,"{57, 14}",0.004064769949764013,217,207,58.52406692504883,-0.0002906656009145081,-0.0014514562208205462,0.016980577260255814,0.10291695594787598,0.27013151534345675,0.10187584845119092,0.0033615033607929945,0.8056919574737549,-0.4354308545589447,0.050931401550769806
10,1,0,Neither,"{58, 14}",0.005153590813279152,230,229,59.361515045166016,0.002996020717546344,-0.0014096248196437955,0.018824052065610886,-0.15933197736740112,0.3654259663627423,0.024768507959677052,0.07043150067329407,1.1306170225143433,-0.617885172367096,0.847358226776123
10,1,0,Neither,"{62, 14}",0.0034334571100771427,219,221,56.13115310668945,0.0020985889714211226,-0.002350137336179614,0.009507797658443451,0.009981419891119003,0.25467971263314054,0.07186334184174357,0.0181754007935524,0.9188725352287292,-0.4712551534175873,0.30040135979652405
25,1,0,Geometry_only,"{0, 10}",0.0022814408876001835,13,87,59.177223205566406,0.0008315949235111475,0.0006223202217370272,0.03247523307800293,0.02526085451245308,0.27913256546597104,0.034276842230980535,0.0028230806346982718,0.9413281679153442,-0.5571321845054626,0.04410437121987343
25,1,0,Geometry_only,"{41, 10}",0.0023626291658729315,4,34,58.202552795410156,0.001205440959893167,-0.0004904174129478633,0.01588408276438713,-0.10152583569288254,0.22202590302201924,0.007882882882882882,0.059502974152565,1.0928425788879395,-0.6354284286499023,1.199926733970642
25,1,0,Geometry_only,"{10, 55}",0.002596802543848753,14,117,58.487979888916016,0.001043930766172707,-0.0006692353636026382,0.02320241928100586,-0.29002296924591064,0.3411564682546297,0.0016612107294669467,0.043466709554195404,1.2878799438476562,-0.7471566200256348,0.5735458731651306
25,1,0,Geometry_only,"{0, 28}",0.0023760683834552765,21,42,58.51744079589844,0.0007527827401645482,-0.00023450033040717244,0.03318009153008461,0.5625429749488831,0.22312603137032655,0.30128492454803524,0.004263725131750107,0.3056578040122986,-0.23940090835094452,0.06623617559671402
25,1,0,Geometry_only,"{33, 49}",0.002691789995878935,16,111,56.17893981933594,0.002258200664073229,0.0008543393341824412,0.011944524943828583,0.03915036469697952,0.3092860833763939,0.05481002425222312,0.10372638702392578,0.9081854224205017,-0.5165314078330994,1.4843292236328125
25,1,0,Geometry_only,"{27, 62}",0.0011903600534424186,10,56,56.14620590209961,0.0013527869014069438,-4.8837478971108794e-05,0.008933553472161293,0.1255675107240677,0.1711533012184755,0.05395403194390339,0.06266074627637863,0.8272533416748047,-0.4671688675880432,1.5157010555267334
25,1,0,Geometry_only,"{24, 57}",0.002897815313190222,22,76,57.09709930419922,-0.00015845548477955163,-0.0004375621792860329,0.025285812094807625,0.3210778534412384,0.2520627406530762,0.14039148260812062,0.012267304584383965,0.5836072564125061,-0.3823162913322449,0.1925864964723587
25,1,0,Geometry_only,"{0, 41}",0.0021983764600008726,17,36,58.071929931640625,0.0009676468325778842,-0.0012402443680912256,0.014878608286380768,0.02841046452522278,0.21242478289133732,0.03821406151914627,0.05667989328503609,0.9344611763954163,-0.5169084668159485,1.1558223962783813
25,1,0,Geometry_only,"{41, 55}",0.002593311946839094,12,89,57.381019592285156,0.0007797834696248174,-0.0006083455518819392,0.019038481637835503,-0.04738345369696617,0.26419748970713247,0.03545741324921135,0.1029696837067604,1.0102459192276,-0.5382533073425293,1.773472547531128
25,1,0,Geometry_only,"{41, 28}",0.0025286234449595213,7,40,57.56617736816406,-7.13844783604145e-05,-0.0016093709273263812,0.02820984274148941,-0.07412566244602203,0.2213091527344857,0.018603600210891014,0.060943618416786194,1.0541430711746216,-0.5796773433685303,1.2220585346221924
25,1,0,Geometry_only,"{49, 34}",0.0023498975206166506,9,44,57.64533615112305,0.0002547221665736288,-0.0007044832454994321,0.017177961766719818,0.38258257508277893,0.22439284583201374,0.1948447481800624,0.05298369377851486,0.49711689352989197,-0.31525179743766785,0.9004231691360474
25,1,0,Geometry_only,"{28, 55}",0.002786314347758889,6,120,57.81886672973633,0.0010240585543215275,-0.0009261476807296276,0.022608883678913116,-0.3252357244491577,0.3432567132832164,0.00033992133249162335,0.04202606528997421,1.3247852325439453,-0.79190593957901,0.5514140129089355
25,1,0,Geometry_only,"{62, 47}",0.0012750012101605535,11,26,56.2800178527832,0.0008913325727917254,0.003344808705151081,0.0076374756172299385,-0.17893025279045105,0.178254129648459,0.006171685057041331,0.06356297433376312,1.171654224395752,-0.6328122019767761,1.5455206632614136
25,1,0,Geometry_only,"{10, 28}",0.0025392600800842047,5,82,58.66737747192383,0.0003015007241629064,0.001001946278847754,0.03312867507338524,-0.04777964949607849,0.2881669528111613,0.018799167052290608,0.0014406442642211914,1.028082251548767,-0.6086273789405823,0.022131802514195442
25,1,0,Geometry_only,"{57, 20}",0.002371808048337698,8,96,58.917137145996094,-0.00031154215685091913,0.000703594065271318,0.017966793850064278,0.5197581052780151,0.26316403580417713,0.20344565492779326,0.013271389529109001,0.382538765668869,-0.32864588499069214,0.18877755105495453
25,1,0,Geometry_only,"{29, 47}",0.0010807071812450886,19,49,57.03173828125,0.000951507652644068,0.0009543212363496423,0.00599272595718503,-0.21993353962898254,0.1241311486340073,0.0,0.015352319926023483,1.2199335098266602,-0.8814908862113953,0.46858641505241394
25,1,0,CARE_only,"{57, 38}",0.0018169321119785309,45,17,58.7009162902832,0.00022924583754502237,-0.0019469567341729999,0.02036447264254093,-0.05848156660795212,0.18520494057640058,0.017190171901719016,0.09874961525201797,1.0402860641479492,-0.5658234357833862,2.3890655040740967
25,1,0,CARE_only,"{10, 47}",0.0017442904645577073,92,13,59.05680847167969,0.0015296380734071136,0.003247747663408518,0.022850733250379562,-0.08063516765832901,0.19743970129848482,0.009117771211481638,0.08092346042394638,1.07078218460083,-0.615382194519043,1.8333722352981567
25,1,0,CARE_only,"{27, 39}",0.0009003218729048967,26,8,59.21210861206055,0.0016853160923346877,-0.00020926547585986555,0.009028402157127857,-0.12895166873931885,0.10462887336855967,0.0020710530508204557,0.0032887435518205166,1.1266134977340698,-0.6654951572418213,0.11021304130554199
25,1,0,CARE_only,"{41, 27}",0.001629590056836605,69,15,57.821022033691406,0.0020733880810439587,0.003030351595953107,0.010446470230817795,-0.049032922834157944,0.13031520344040137,0.013814274750575594,0.020518267527222633,1.0345412492752075,-0.5740472674369812,0.6036260724067688
25,1,0,CARE_only,"{0, 27}",0.001575272879563272,59,2,58.83241271972656,0.0006254359032027423,-0.001616286113858223,0.01754363439977169,-0.16988515853881836,0.19530611904722217,0.008875992148160792,0.07719816267490387,1.159501314163208,-0.6167261004447937,1.7594484090805054
25,1,0,CARE_only,"{57, 27}",0.0018675096798688173,95,21,58.48849868774414,0.0007369171944446862,0.0003338624956086278,0.011370835825800896,-0.03266449645161629,0.20357375027086494,0.007287316793580611,0.08419765532016754,1.0251390933990479,-0.6301044225692749,1.867033839225769
25,1,0,CARE_only,"{62, 39}",0.001192212919704616,37,23,56.79436111450195,0.0015606306260451674,-0.0005395624320954084,0.008012102916836739,-0.2096864879131317,0.17593719267247845,0.003884414969208906,0.06594949215650558,1.2049875259399414,-0.65489661693573,1.6259140968322754
25,1,0,CARE_only,"{41, 47}",0.0016348965000361204,85,19,57.95527648925781,0.0014761209022253752,0.001752096926793456,0.014862733893096447,0.07305915653705597,0.12531462003900454,0.04602287842511306,0.021420488134026527,0.8842803835868835,-0.4768456816673279,0.6334455609321594
25,1,0,CARE_only,"{0, 47}",0.0016260695410892367,73,24,58.944053649902344,0.0007422016933560371,0.0007807571673765779,0.02563421055674553,0.5097305178642273,0.17535379127564882,0.11777566539923955,0.07810038328170776,0.43252766132354736,-0.3706355094909668,1.789267897605896
25,1,0,CARE_only,"{34, 39}",0.0016127050621435046,47,20,59.82719802856445,0.0004964314866811037,0.0014674230478703976,0.03054528869688511,0.1918017864227295,0.19927324854566367,0.07862818904224174,0.09940445423126221,0.7446510791778564,-0.4265689551830292,2.1476223468780518
25,1,0,CARE_only,"{50, 47}",0.0013651491608470678,33,4,58.371768951416016,0.000657340744510293,0.0031529658008366823,0.022740622982382774,-0.010185156017541885,0.1676528928374977,0.011334261284549613,0.055006418377161026,0.9987354278564453,-0.5949163436889648,1.3875538110733032
25,1,0,CARE_only,"{57, 47}",0.0018819412216544151,82,10,58.60490417480469,0.0007163214031606913,0.001290821237489581,0.01497090794146061,-0.2666625678539276,0.203457069991499,0.002785515320334262,0.08509987592697144,1.263134241104126,-0.6770241856575012,1.8968534469604492
25,1,0,CARE_only,"{10, 27}",0.0017007188871502876,77,7,58.95106506347656,0.0012129985261708498,-0.0024984320625662804,0.02254837192595005,-0.13350127637386322,0.1995399463270715,0.0036755492440063487,0.08002123981714249,1.1293350458145142,-0.6639498472213745,1.8035527467727661
25,1,0,CARE_only,"{41, 38}",0.0015593643765896559,108,12,58.01633071899414,0.0022068219259381294,-0.0022097802720963955,0.017247434705495834,-0.009308718144893646,0.1140466387745237,0.012277111955568546,0.035070229321718216,0.9969173073768616,-0.5770782232284546,1.1256576776504517
25,1,0,CARE_only,"{27, 28}",0.0018712508026510477,94,18,58.30967712402344,0.000423490593675524,0.0043014357797801495,0.015557153150439262,-0.17549295723438263,0.1996566266064374,0.011354149273668393,0.08146188408136368,1.1621462106704712,-0.6026008129119873,1.8256845474243164
25,1,0,CARE_only,"{27, 29}",0.0010505260434001684,27,16,56.91246032714844,0.0009663068922236562,0.0001706555049167946,0.018130287528038025,0.03921734169125557,0.1241311486340073,0.008325500201423391,0.014450098387897015,0.9527836441993713,-0.6038333177566528,0.4387668967247009
25,1,0,Both,"{27, 38}",0.0008891253964975476,20,0,58.78083419799805,0.0017301548505201936,0.0009235047036781907,0.016272511333227158,-0.006983829662203789,0.09121064124147817,0.00804093567251462,0.014551962725818157,0.99888676404953,-0.5995560884475708,0.5220316648483276
25,1,0,Both,"{47, 39}",0.0008868148433975875,18,14,59.35569763183594,0.0007069360581226647,-0.0005528326728381217,0.024169959127902985,0.38168609142303467,0.09517777073991966,0.09071803852889668,0.0023865217808634043,0.5622217059135437,-0.40500614047050476,0.08039351552724838
25,1,0,Both,"{27, 47}",0.000989290769211948,3,9,58.70498275756836,0.00154122372623533,-0.0010163196129724383,0.010958204977214336,-0.196672260761261,0.10739586285066591,0.0017072792177557038,0.0009022216545417905,1.194629192352295,-0.6735996603965759,0.02981952391564846
25,1,0,Both,"{50, 39}",0.0013181936228647828,23,6,58.86368942260742,0.0014256993308663368,-0.00013784710608888417,0.02065407671034336,-0.0967414379119873,0.1643691764039138,0.014907210222087009,0.05739293992519379,1.0803921222686768,-0.5754808783531189,1.4679473638534546
25,1,0,Both,"{38, 47}",0.0009289902518503368,15,22,58.88888931274414,0.001977538224309683,0.00047957536298781633,0.02381594106554985,0.1939132660627365,0.08887703565415965,0.02288072018004501,0.013649740256369114,0.7876428961753845,-0.5328289866447449,0.49221211671829224
25,1,0,Both,"{38, 39}",0.0008497750968672335,0,11,59.392662048339844,0.0021644984371960163,0.0015318552032113075,0.024138694629073143,0.22991426289081573,0.08530995282782991,0.03360687768659633,0.011263218708336353,0.7442055344581604,-0.5030549168586731,0.41181859374046326
25,1,0,Both,"{29, 38}",0.0009475225233472884,2,3,57.13505935668945,0.0002741002244874835,0.0013791157398372889,0.012353971600532532,-0.18835188448429108,0.10831263647425533,0.001692828562634657,0.029002061113715172,1.1863402128219604,-0.6733277440071106,0.9607985019683838
25,1,0,Both,"{29, 39}",0.0010063002118840814,1,5,57.55430221557617,0.001095747109502554,0.0033197980374097824,0.012348380871117115,-0.22351817786693573,0.12123081026119714,0.0013749484394335212,0.017738841474056244,1.2218358516693115,-0.684734046459198,0.5489799380302429
25,1,0,Both,"{50, 38}",0.0012673323508352041,24,1,58.42988204956055,0.00147331936750561,-0.0028819204308092594,0.015111501328647137,-0.20210577547550201,0.15288450319203908,0.0067597034452682074,0.06865616142749786,1.1939798593521118,-0.6188846230506897,1.8797659873962402
25,1,0,Neither,"{0, 12}",0.0030071663204580545,75,134,58.5396842956543,0.00011738278408301994,-0.00026450850418768823,0.01575939729809761,-0.5138294696807861,0.3657926758121781,0.0,0.07012590765953064,1.5138294696807861,-0.9207698702812195,0.8663724660873413
25,1,0,Neither,"{0, 14}",0.003820969257503748,185,163,58.81976318359375,0.0012451192596927285,-0.0027227068785578012,0.013682317920029163,0.13210207223892212,0.2574133648925708,0.12516997992618015,0.0036379906814545393,0.7592631578445435,-0.4015258550643921,0.05665406212210655
25,1,0,Neither,"{0, 20}",0.0021606306545436382,174,144,59.232051849365234,0.0004791335086338222,0.002645196858793497,0.020902682095766068,-0.3339904248714447,0.3047688897037988,0.012852767446948151,0.020270884037017822,1.3168449401855469,-0.6404591202735901,0.2963630259037018
25,1,0,Neither,"{0, 21}",0.0026405234821140766,30,65,57.991424560546875,0.0012522728648036718,-0.0016053662402555346,0.02336200512945652,0.05637627840042114,0.24961245478639174,0.03652754590984975,0.02334134839475155,0.9091554880142212,-0.5385724902153015,0.4064573347568512
25,1,0,Neither,"{0, 24}",0.0027753738686442375,192,182,57.42396545410156,0.0006149188848212361,-0.0015364205464720726,0.01216173730790615,-0.30824214220046997,0.27896587935259115,0.0016730401529636712,0.005267810542136431,1.3060534000396729,-0.727323591709137,0.08500103652477264
25,1,0,Neither,"{0, 29}",0.0016269269399344921,97,32,57.15542221069336,0.00025875066057778895,-0.00041928302380256355,0.009167303331196308,-0.18579508364200592,0.21352491123964462,0.000312256049960968,0.06274805963039398,1.1854248046875,-0.7548699378967285,1.3206815719604492
25,1,0,Neither,"{0, 33}",0.002542058238759637,101,135,58.015682220458984,0.0017997027607634664,-0.0008386537083424628,0.017877640202641487,-0.2095252424478531,0.35259113563249045,0.03592870987566776,0.0696602463722229,1.1660685539245605,-0.5820713639259338,0.8618668913841248
25,1,0,Neither,"{0, 34}",0.002221099566668272,125,104,59.422706604003906,0.00042127465712837875,0.0007005034130997956,0.012257984839379787,-0.3257141709327698,0.30606904138816193,0.0034854591003158695,0.018917551264166832,1.3210934400558472,-0.7080695629119873,0.27796080708503723
25,1,0,Neither,"{0, 38}",0.0015250153373926878,83,35,59.01422119140625,0.0011174106039106846,-0.005080964881926775,0.027241503819823265,0.09200362861156464,0.17653726268064607,0.021716551789255027,0.0917501226067543,0.8882778286933899,-0.5463922619819641,2.281480073928833
25,1,0,Neither,"{0, 39}",0.001554313232190907,99,29,59.44999313354492,0.0008798696799203753,2.6475510821910575e-05,0.017944438382983208,0.15199482440948486,0.18505492307435867,0.044406413258872277,0.08048690110445023,0.8103483319282532,-0.48854514956474304,1.8696614503860474
25,1,0,Neither,"{0, 49}",0.002270051511004567,115,114,57.25790023803711,0.0005049292230978608,-0.0008875890634953976,0.005356303881853819,-0.3448382019996643,0.24622872668477988,0.0008800433252098565,0.03406614437699318,1.3436546325683594,-0.7373842000961304,0.6224623918533325
25,1,0,Neither,"{0, 50}",0.0019200185779482126,113,90,58.48381042480469,0.0002928227768279612,-0.0003260261146351695,0.018979474902153015,0.05119498446583748,0.2519127231510343,0.02818765301396149,0.023093964904546738,0.9220604300498962,-0.5621082782745361,0.40171411633491516
25,1,0,Neither,"{0, 55}",0.0025123353116214275,36,124,58.37492752075195,0.0002209394151577726,0.002574205631390214,0.014811581000685692,-0.4727991819381714,0.3384728218292134,4.924652811976756e-05,0.04628979042172432,1.4727267026901245,-0.8271839022636414,0.6176502108573914
25,1,0,Neither,"{0, 57}",0.0024183818604797125,184,173,58.703067779541016,0.0008150956127792597,0.0017418425995856524,0.014514032751321793,-0.42197707295417786,0.29346757121664196,5.6798818584573444e-05,0.006999494042247534,1.4218963384628296,-0.8143274188041687,0.10758546739816666
25,1,0,Neither,"{0, 58}",0.003257902804762125,221,214,59.61574172973633,0.001441405969671905,-0.0015593201387673616,0.014355923980474472,0.10299182683229446,0.33145533645591985,0.11722403821976364,0.07406948506832123,0.7918572425842285,-0.4420575499534607,0.9040123224258423
25,1,0,Neither,"{0, 62}",0.0018292616587132215,71,167,56.40391159057617,0.00021581465261988342,-0.002234213287010789,0.0077794622629880905,-0.11136984825134277,0.2565966029370093,0.04761595426789658,0.014537409879267216,1.0584509372711182,-0.5165030360221863,0.243747279047966
25,1,0,Neither,"{10, 12}",0.0031216118950396776,81,169,58.65334701538086,0.0009004701278172433,0.00029548356542363763,0.02473372034728527,-0.28222113847732544,0.3684596536262564,0.001538113548970821,0.06730282306671143,1.2802488803863525,-0.7574538588523865,0.8222680687904358
25,1,0,Neither,"{10, 14}",0.003959910478442907,188,177,58.955142974853516,0.0012614572187885642,-0.0004345156776253134,0.012995698489248753,-0.12318454682826996,0.2800993449235744,0.04558438467031659,0.0008149098721332848,1.071984887123108,-0.5311198830604553,0.012549691833555698
25,1,0,Neither,"{10, 20}",0.002264808164909482,182,162,59.33851623535156,0.0014433875912800431,0.002334184478968382,0.02344118431210518,-0.30964016914367676,0.30825262947343857,0.011896393229870761,0.017447803169488907,1.294060230255127,-0.6466771364212036,0.25225865840911865
25,1,0,Neither,"{10, 21}",0.002502069342881441,40,48,58.10658264160156,0.002020506653934717,0.0018845046870410442,0.017034443095326424,0.8993567228317261,0.16030203523744438,0.6341894561713632,0.026164427399635315,0.036816373467445374,-0.05672963336110115,0.4505617022514343
25,1,0,Neither,"{24, 10}",0.0028256571386009455,208,203,57.549644470214844,0.0010892375139519572,0.0004092970921192318,0.005542022176086903,-0.2415912002325058,0.28164952577800745,0.0036101083032490976,0.008090890944004059,1.2371089458465576,-0.6981314420700073,0.12910540401935577
25,1,0,Neither,"{10, 29}",0.0017397734336555004,123,54,57.26283645629883,0.0013898569159209728,0.0033989078365266323,0.02621862292289734,0.5872519612312317,0.1765205940693081,0.228328611898017,0.0655711442232132,0.3185058534145355,-0.269471675157547,1.36478590965271
25,1,0,Neither,"{33, 10}",0.0026447016280144453,128,143,58.13120651245117,0.0025617617648094893,0.0033836476504802704,0.021959014236927032,-0.10779900848865509,0.3526744786891804,0.0448530106815389,0.06683716177940369,1.0581108331680298,-0.5623781085014343,0.817762553691864
25,1,0,Neither,"{10, 34}",0.0023440439254045486,153,131,59.55571365356445,0.0004622546839527786,-0.0028324532322585583,0.028427191078662872,-0.3497846722602844,0.31036954311336323,0.0,0.016094470396637917,1.3497846126556396,-0.9137251973152161,0.2338564246892929
25,1,0,Neither,"{10, 38}",0.0016592481406405568,112,41,59.1632080078125,0.0006594193400815129,-0.0018315205816179514,0.023093290627002716,-0.24413631856441498,0.1832713816611938,0.0018190086402910413,0.09457319974899292,1.2418732643127441,-0.6861612796783447,2.3255844116210938
25,1,0,Neither,"{10, 39}",0.0017003940884023905,130,58,59.57072067260742,0.0013439696049317718,0.000855456804856658,0.02350146882236004,-0.1562228500843048,0.19452269431433666,0.010197086546700942,0.08330998569726944,1.144432783126831,-0.6071615219116211,1.913765788078308
25,1,0,Neither,"{49, 10}",0.002386414911597967,140,116,57.369049072265625,0.0014996840618550777,0.0006608240655623376,0.009421182796359062,-0.22241665422916412,0.2494957745070258,0.0007349011223944415,0.036889225244522095,1.2215182781219482,-0.7437799572944641,0.6665667295455933
25,1,0,Neither,"{10, 50}",0.0018973248079419136,145,98,58.614315032958984,0.0005016656359657645,0.0007784523768350482,0.016461793333292007,0.9418210387229919,0.15541813211541347,0.6873659373659373,0.025917043909430504,0.018188724294304848,-0.03630391135811806,0.4458184838294983
25,1,0,Neither,"{57, 10}",0.0025156806223094463,197,183,58.860130310058594,0.00011034068302251399,0.00013525382382795215,0.02291114069521427,-0.29719388484954834,0.2967179504275499,0.0,0.004176413174718618,1.2971938848495483,-0.91176837682724,0.06348109245300293
25,1,0,Neither,"{10, 58}",0.003384989220649004,225,219,59.753623962402344,0.0013075609458610415,-9.87277744570747e-05,0.019872648641467094,0.0199490487575531,0.34237327688230296,0.09104186952288218,0.07124640792608261,0.8908252716064453,-0.48072385787963867,0.8599079251289368
25,1,0,Neither,"{10, 62}",0.0019087644759565592,87,209,56.530094146728516,0.0007650853367522359,0.0010387817164883018,0.010476402938365936,-0.061778463423252106,0.2608470988281966,0.042942041024985625,0.017360491678118706,1.0161834955215454,-0.5283399224281311,0.2878516614437103
25,1,0,Neither,"{12, 14}",0.004658574238419533,74,176,58.326454162597656,0.00015887021436356008,-0.0012305855052545667,0.009837924502789974,-0.053937651216983795,0.3476238894537696,0.06425317669623591,0.06648791581392288,0.9862188100814819,-0.5238832831382751,0.8097184300422668
25,1,0,Neither,"{12, 20}",0.00296240346506238,194,189,58.71720886230469,0.00025898864259943366,0.0003110458783339709,0.02330172061920166,0.4596629738807678,0.3192872501791876,0.21837640302793004,0.04985502362251282,0.42234018445014954,-0.34407731890678406,0.5700094699859619
25,1,0,Neither,"{12, 21}",0.003436309052631259,110,122,57.4684944152832,0.0009112693951465189,0.0022011452820152044,0.01063635665923357,-0.30544865131378174,0.3388395312786492,0.0006395120031483668,0.09346725046634674,1.3046138286590576,-0.7722296714782715,1.2728297710418701
25,1,0,Neither,"{24, 12}",0.0034880030434578657,214,215,56.8841438293457,0.0006765475263819098,0.0002310610725544393,0.01999668776988983,0.4158130884170532,0.29343423399396595,0.22602817541467848,0.07539371401071548,0.45214420557022095,-0.3198055326938629,0.9513735175132751
25,1,0,Neither,"{27, 12}",0.0024709675926715136,157,147,58.33546447753906,-0.000340606871759519,0.003481614636257291,0.01340092346072197,0.13918446004390717,0.2661310486223393,0.04221470625078291,0.1473240703344345,0.8244764804840088,-0.5119283199310303,2.6258208751678467
25,1,0,Neither,"{12, 28}",0.003269907319918275,89,170,57.97736358642578,0.0011762434151023626,-0.0033736403565853834,0.013239926658570766,-0.3883326053619385,0.370659910322871,4.497009488690021e-05,0.06586217880249023,1.3882701396942139,-0.8357080817222595,0.8001362681388855
25,1,0,Neither,"{12, 29}",0.0024837409146130085,178,152,56.62504577636719,-0.00011224199988646433,0.00039193249540403485,0.008963623084127903,-0.1791273057460785,0.29391762372276764,0.0,0.13287396728992462,1.1791273355484009,-0.9083105325698853,2.187053918838501
25,1,0,Neither,"{33, 12}",0.003402629168704152,49,184,57.51597595214844,0.0006895711412653327,-0.002331175608560443,0.014362524263560772,0.16771607100963593,0.39001216808627676,0.14249081118044277,0.000465662800706923,0.7136911153793335,-0.4533238410949707,0.00450555793941021
25,1,0,Neither,"{34, 12}",0.003076652530580759,114,157,58.95344543457031,-0.0013109332649037242,-0.0020743468776345253,0.025577150285243988,0.28910988569259644,0.3373560248695681,0.1485251247591284,0.05120835453271866,0.6053050756454468,-0.4148073196411133,0.5884116888046265
25,1,0,Neither,"{12, 38}",0.0024232862051576376,172,137,58.51211166381836,0.00040938553865998983,0.0008107964531518519,0.01576368883252144,-0.21583503484725952,0.2596136215891854,0.004173354735152488,0.16187602281570435,1.2107609510421753,-0.6663593053817749,3.1478524208068848
25,1,0,Neither,"{12, 39}",0.0024813672062009573,176,148,58.94953155517578,0.00023568356118630618,-0.001060150796547532,0.013738014735281467,-0.20134799182415009,0.2711149634123981,0.009160774669535814,0.15061281621456146,1.190342664718628,-0.6315675377845764,2.7360339164733887
25,1,0,Neither,"{41, 12}",0.0031053770799189806,80,101,57.531009674072266,0.0012757431250065565,-0.0020892855245620012,0.0208108089864254,-0.0617615282535553,0.29316753621255814,0.026267909938594496,0.12680579721927643,1.0338712930679321,-0.572662889957428,2.0221948623657227
25,1,0,Neither,"{12, 47}",0.0024869285989552736,163,136,58.4331169128418,0.00030118285212665796,0.001871677814051509,0.007967501878738403,-0.41745418310165405,0.27629890153851283,0.00012065637065637066,0.1482262909412384,1.4172831773757935,-0.7869769334793091,2.6556403636932373
25,1,0,Neither,"{49, 12}",0.0030575443524867296,91,110,56.718875885009766,0.0004892743309028447,-0.002949373098090291,0.013631784357130527,0.4037592113018036,0.2756321570849932,0.18553459119496854,0.10419204831123352,0.4856174886226654,-0.3374710977077484,1.4888348579406738
25,1,0,Neither,"{50, 12}",0.0027378930244594812,195,200,57.988685607910156,-0.0008571556536480784,-0.0007521656807512045,0.01174003817141056,-0.2993113696575165,0.33923957795076093,0.00029481132075471697,0.09321986883878708,1.2989282608032227,-0.7914684414863586,1.268086552619934
25,1,0,Neither,"{12, 55}",0.0031171462032943964,98,106,57.84339904785156,0.00030380539828911424,0.0009932121029123664,0.02917158044874668,0.8345107436180115,0.26694781057790073,0.5689041523571652,0.02383611351251602,0.07134173065423965,-0.12165643274784088,0.24872225522994995
25,1,0,Neither,"{57, 12}",0.0031653116457164288,206,199,58.20893096923828,-0.00027784897247329354,0.001848759246058762,0.03436483442783356,0.5678256154060364,0.28681679529278414,0.303306793746731,0.06312641501426697,0.3010929524898529,-0.2641448676586151,0.7587869763374329
25,1,0,Neither,"{58, 12}",0.004149941727519035,229,228,59.116058349609375,0.0008322539506480098,-0.002167120575904846,0.013536869548261166,-0.12828420102596283,0.4149817478705849,0.08591741645244216,0.003943581599742174,1.0313448905944824,-0.530190646648407,0.03763983026146889
25,1,0,Neither,"{12, 62}",0.0026588402688503265,171,166,55.86343002319336,-5.427096039056778e-05,0.0005459006642922759,0.009053708985447884,0.05678898096084595,0.32612138082776326,0.07058522872476361,0.08466331660747528,0.8766342401504517,-0.5004906058311462,1.1101197004318237
25,1,0,Neither,"{20, 14}",0.0039389063604176044,211,212,58.978214263916016,0.0019858013838529587,-0.00047681728028692305,0.006113719195127487,0.023523347452282906,0.29015051756038207,0.07824438444304016,0.016632892191410065,0.9000728130340576,-0.47735291719436646,0.23970894515514374
25,1,0,Neither,"{21, 14}",0.004241714719682932,187,204,57.75668716430664,0.001974334241822362,-0.0015591437695547938,0.0075271157547831535,-0.11381927132606506,0.2528128281632857,0.03988923320366585,0.026979338377714157,1.069389820098877,-0.5315792560577393,0.46311140060424805
25,1,0,Neither,"{24, 14}",0.004395409021526575,213,206,57.1661262512207,0.002085086889564991,0.0009418611880391836,0.008982746861875057,0.06698515266180038,0.2591135632490457,0.09449983917658411,0.008905800990760326,0.8448451161384583,-0.44010522961616516,0.1416551023721695
25,1,0,Neither,"{27, 14}",0.003254169365391135,210,227,58.57638168334961,0.002168949693441391,0.001282973331399262,0.006254057865589857,-0.11622211337089539,0.19822312603137032,0.01505213588967373,0.08083614706993103,1.0994205474853516,-0.5834031701087952,1.8161025047302246
25,1,0,Neither,"{28, 14}",0.003980221226811409,190,179,58.310123443603516,0.0005981333670206368,0.0014047027798369527,0.01619211584329605,0.05797125771641731,0.2678145783674762,0.09970747494865252,0.0006257343920879066,0.8481014370918274,-0.43719008564949036,0.009582110680639744
25,1,0,Neither,"{29, 14}",0.0032997557427734137,204,186,56.92026901245117,0.0008875443018041551,-0.0005376353510655463,0.004895042162388563,-0.20615649223327637,0.21675862183921457,0.004613964933866502,0.06638605147600174,1.2005913257598877,-0.6608482003211975,1.377335548400879
25,1,0,Neither,"{33, 14}",0.004364287946373224,127,153,57.766624450683594,0.0030367542058229446,-0.002214075531810522,0.015807507559657097,-0.11071266233921051,0.3512909839481273,0.05162514827995255,0.06602225452661514,1.0533719062805176,-0.5482581257820129,0.8052128553390503
25,1,0,Neither,"{34, 14}",0.003972349688410759,169,149,59.21332931518555,0.0004382561892271042,0.001371688093058765,0.015610503032803535,0.09066776931285858,0.2829330088510326,0.1002710027100271,0.015279560349881649,0.8181525468826294,-0.44325751066207886,0.22130674123764038
25,1,0,Neither,"{38, 14}",0.0032446489203721285,203,160,58.750022888183594,0.0029626903124153614,2.509805199224502e-05,0.016313781961798668,0.04381720721721649,0.17778740853099528,0.0379711231951997,0.09538811445236206,0.91987544298172,-0.4979141056537628,2.3381340503692627
25,1,0,Neither,"{14, 39}",0.0032904241234064102,205,158,59.16473388671875,0.00346149830147624,0.000568839255720377,0.018635056912899017,-0.05934012681245804,0.19475605487306852,0.013779527559055118,0.08412489295005798,1.0447429418563843,-0.5876448750495911,1.9263155460357666
25,1,0,Neither,"{41, 14}",0.003886148566380143,189,194,57.809871673583984,0.0026405039243400097,2.0328749087639153e-05,0.00997382402420044,-0.08705015480518341,0.21887553547913924,0.02665448176071891,0.060317885130643845,1.0580754280090332,-0.5507215857505798,1.212476372718811
25,1,0,Neither,"{14, 47}",0.0032856629695743322,212,195,58.675048828125,0.0027372015174478292,0.0004359956947155297,0.013512053526937962,0.03825013339519501,0.1932058740186355,0.036062462255198,0.08173837512731552,0.9270668029785156,-0.5112194418907166,1.8459219932556152
25,1,0,Neither,"{49, 14}",0.0038407945539802313,165,119,57.005958557128906,0.001746129128150642,0.002297702943906188,0.012329043820500374,0.15783104300498962,0.2273098528161619,0.10251521595658869,0.03770413249731064,0.7558338046073914,-0.4144098460674286,0.679116427898407
25,1,0,Neither,"{50, 14}",0.0036094074603170156,224,224,58.24071502685547,0.0013524573296308517,0.0006964541389606893,0.009477509185671806,-0.10696037858724594,0.2521960895437801,0.04355584930601454,0.026731954887509346,1.0587457418441772,-0.522942066192627,0.458368182182312
25,1,0,Neither,"{14, 55}",0.004129643086344004,200,190,58.13740158081055,0.0010878790635615587,0.0009200986823998392,0.010789807885885239,0.02948211133480072,0.31645358625172937,0.08280221227284698,0.04265180230140686,0.8901568651199341,-0.4818709194660187,0.5609961748123169
25,1,0,Neither,"{57, 14}",0.004064769949764013,217,207,58.52406692504883,-0.0002906656009145081,-0.0014514562208205462,0.016980577260255814,0.10291695594787598,0.27013151534345675,0.10187584845119092,0.0033615033607929945,0.8056919574737549,-0.4354308545589447,0.050931401550769806
25,1,0,Neither,"{58, 14}",0.005153590813279152,230,229,59.361515045166016,0.002996020717546344,-0.0014096248196437955,0.018824052065610886,-0.15933197736740112,0.3654259663627423,0.024768507959677052,0.07043150067329407,1.1306170225143433,-0.617885172367096,0.847358226776123
25,1,0,Neither,"{62, 14}",0.0034334571100771427,219,221,56.13115310668945,0.0020985889714211226,-0.002350137336179614,0.009507797658443451,0.009981419891119003,0.25467971263314054,0.07186334184174357,0.0181754007935524,0.9188725352287292,-0.4712551534175873,0.30040135979652405
10,1,1,Geometry_only,"{46, 31}",0.001155487960204482,1,17,58.252098083496094,0.0009370880434289575,-0.0017015975899994373,0.019194265827536583,0.18946029245853424,0.1294984414848399,0.05843737932809885,0.0181754007935524,0.7631738781929016,-0.4537205994129181,0.522025465965271
10,1,1,Geometry_only,"{16, 46}",0.0011524565052241087,8,44,57.23621368408203,0.0016363371396437287,0.0013509354321286082,0.009186324663460255,-0.16126136481761932,0.14486690113846615,0.0026464158324703718,0.02532041445374489,1.1581882238388062,-0.6653979420661926,0.7016503810882568
10,1,1,Geometry_only,"{43, 46}",0.0008090797928161919,3,51,58.95402145385742,0.0014003436081111431,0.0005401333910413086,0.025051956996321678,0.6052879095077515,0.08417648725684664,0.20534653465346533,0.012907590717077255,0.31365934014320374,-0.29994937777519226,0.4406404197216034
10,1,1,Geometry_only,"{32, 36}",0.0017208880744874477,2,41,58.48748016357422,0.0006164766382426023,0.0056973169557750225,0.006692694034427404,-0.32395005226135254,0.1911556348240628,0.0007847924659923265,0.0011496050283312798,1.322911024093628,-0.7243586778640747,0.02594696916639805
10,1,1,Geometry_only,"{3, 54}",0.000869774492457509,7,32,57.32951354980469,0.0015579089522361755,-0.0009014745010063052,0.018297560513019562,0.4403889775276184,0.06780791092294101,0.10398230088495575,0.03947947546839714,0.5014213919639587,-0.39548566937446594,1.5727722644805908
10,1,1,Geometry_only,"{40, 53}",0.002220685128122568,6,68,56.556175231933594,0.0004962189123034477,0.0002917865349445492,0.02655038796365261,0.1952553391456604,0.22354274665377627,0.09104466482738051,0.008352826349437237,0.7314769625663757,-0.42991068959236145,0.15331991016864777
10,1,1,Geometry_only,"{16, 31}",0.0013069340493530035,4,90,55.84505844116211,0.000853954057674855,-1.4348654076457024e-05,0.010028881952166557,-0.0966985672712326,0.1657860083676429,0.0017092298411421677,0.00714501366019249,1.0948240756988525,-0.6896992921829224,0.17962493002414703
10,1,1,Geometry_only,"{16, 32}",0.0014537581009790301,9,81,56.828338623046875,0.0027353495825082064,-0.0010548126883804798,0.02240883558988571,0.4485464096069336,0.1490673911956395,0.22173767192217378,0.006868526339530945,0.42917555570602417,-0.2768441140651703,0.16114670038223267
10,1,1,Geometry_only,"{36, 31}",0.0014430341543629766,5,27,57.4656867980957,0.00106839241925627,-0.0007015358423814178,0.01383631769567728,-0.23572084307670593,0.17512043071691696,0.0007614696363982486,0.015163145028054714,1.2347798347473145,-0.7202539443969727,0.3667186200618744
10,1,1,Geometry_only,"{16, 36}",0.0014453872572630644,0,80,56.441978454589844,0.0015733855543658137,-0.001316573703661561,0.008390050381422043,-0.18246877193450928,0.18293800943443403,0.002733485193621868,0.008018131367862225,1.1792365312576294,-0.6763198971748352,0.18709367513656616
10,1,1,CARE_only,"{42, 53}",0.001657285843975842,100,6,57.21113586425781,0.0007696909597143531,-0.001513935741968453,0.013855512253940105,0.07646249234676361,0.17803743770106512,0.06188559123677558,0.05622878298163414,0.8663838505744934,-0.45555686950683594,1.3045119047164917
10,1,1,CARE_only,"{3, 31}",0.0010123108513653278,42,0,57.298282623291016,0.001029095845296979,-0.0014174768002703786,0.011968220584094524,-0.030537722632288933,0.09327754904738886,0.0051822730521801285,0.05598139762878418,1.025197148323059,-0.6192198991775513,2.042311668395996
10,1,1,CARE_only,"{43, 54}",0.0009393051732331514,30,4,57.63702392578125,0.0011220587184652686,0.0007892146822996438,0.012758809141814709,-0.021833833307027817,0.10306202390278865,0.0030729419375707585,0.014581066556274891,1.0186938047409058,-0.6486074924468994,0.49312639236450195
10,1,1,CARE_only,"{3, 36}",0.0011441868264228106,65,7,57.93123245239258,-4.671062924899161e-05,-0.0005931874038651586,0.01584317348897457,0.05460423603653908,0.10999616621939226,0.010304591604788605,0.07114454358816147,0.9356538653373718,-0.5823670625686646,2.4090304374694824
10,1,1,CARE_only,"{36, 54}",0.0013406636426225305,72,5,57.521549224853516,0.0007549296715296805,-0.0017430002335458994,0.012689201161265373,-0.1282825469970703,0.1550680912773157,0.008276899924755455,0.03166506811976433,1.1189438104629517,-0.6118994951248169,0.836258053779602
10,1,1,CARE_only,"{40, 3}",0.0014653296675533056,82,8,57.7609748840332,-3.881626616930589e-05,-0.0005441094981506467,0.015483513474464417,-0.013831342570483685,0.130898604837231,0.008277091557366612,0.08934904634952545,1.0054397583007812,-0.5972443222999573,2.785227060317993
10,1,1,CARE_only,"{42, 3}",0.0007646007579751313,26,9,58.37873458862305,0.0010589729063212872,-0.0009562387713231146,0.02601262740790844,0.2610204815864563,0.07519210574567033,0.025936599423631124,0.04147309064865112,0.7198129296302795,-0.5217671394348145,1.6340349912643433
10,1,1,CARE_only,"{51, 46}",0.0012908981880173087,20,2,57.9694938659668,0.000720704032573849,0.002803704934194684,0.011841943487524986,-0.12262449413537979,0.19767306185721667,0.00919133147820221,0.07267250120639801,1.1123061180114746,-0.6161202788352966,1.6329916715621948
10,1,1,CARE_only,"{42, 35}",0.0013925586827099323,56,3,58.153507232666016,0.0007817375008016825,-0.00048008759040385485,0.011845468543469906,-0.2476283460855484,0.19113896621272483,0.004709165431237464,0.05883358418941498,1.241753101348877,-0.6515653133392334,1.350143313407898
10,1,1,CARE_only,"{42, 43}",0.0008529193582944572,22,1,58.66522216796875,0.0011691342806443572,-0.00025654194178059697,0.012181592173874378,0.011252611875534058,0.1047288850365876,0.008912939678497532,0.016574684530496597,0.9799347519874573,-0.5957491397857666,0.5543891191482544
10,1,1,Neither,"{1, 2}",0.001971630845218897,119,112,55.540218353271484,0.0004169110907241702,0.0015744585543870926,0.0010851934785023332,-0.12455423176288605,0.21447502208591002,0.0005440273568042279,0.004598420113325119,1.123942494392395,-0.7424119114875793,0.09445562213659286
10,1,1,Neither,"{1, 3}",0.001123306923545897,33,50,57.139617919921875,0.0002620093582663685,-0.0013181319227442145,0.007943396456539631,-0.14034834504127502,0.11918057106662444,0.0025174825174825175,0.07843507826328278,1.1374775171279907,-0.6549851298332214,2.5672197341918945
10,1,1,Neither,"{16, 1}",0.0014047524891793728,85,73,55.645545959472656,0.0013583377003669739,0.0003634226741269231,0.010887918062508106,0.1336558759212494,0.1842214925074592,0.04107853782120883,0.015308664180338383,0.8307559490203857,-0.503210186958313,0.3452830910682678
10,1,1,Neither,"{1, 30}",0.0025041657499969006,136,136,56.029300689697266,0.0010666812304407358,-0.003338452661409974,0.024798937141895294,0.7665289044380188,0.1471671695031087,0.4964322120285423,0.009516983292996883,0.11756852269172668,-0.11678951233625412,0.19126774370670319
10,1,1,Neither,"{1, 31}",0.0014134278753772378,73,57,56.69384002685547,0.00048604642506688833,-0.0005288221873342991,0.012597832828760147,0.0812695100903511,0.18210457886753453,0.008237986270022883,0.022453676909208298,0.9111620187759399,-0.6213439106941223,0.5249080061912537
10,1,1,Neither,"{32, 1}",0.0015927089843899012,99,54,57.66445541381836,0.002283933572471142,0.0005280360346660018,0.023976491764187813,0.6302667856216431,0.15715166769456437,0.2704709376325838,0.008440137840807438,0.2697311341762543,-0.2422751635313034,0.18413637578487396
10,1,1,Neither,"{1, 35}",0.00160225632134825,106,92,56.843231201171875,0.0023006058763712645,-0.0015675940085202456,0.025454070419073105,0.8984652757644653,0.14783391395662826,0.5854098545495546,0.021871598437428474,0.04209529608488083,-0.07723072171211243,0.4169585704803467
10,1,1,Neither,"{1, 36}",0.001519428682513535,88,67,57.30895233154297,0.0002694574650377035,-0.0007804094930179417,0.00483008474111557,-0.28800439834594727,0.20097344690213859,0.0,0.0072905332781374454,1.2880043983459473,-0.8963106274604797,0.15818940103054047
10,1,1,Neither,"{40, 1}",0.001823193859308958,92,62,57.1277961730957,0.000603802443947643,0.00019639221136458218,0.006984715815633535,-0.1002555713057518,0.2213091527344857,0.0023348648037960383,0.010913971811532974,1.0976866483688354,-0.695453941822052,0.21800723671913147
10,1,1,Neither,"{1, 42}",0.0012384317815303802,74,63,57.774078369140625,0.0009456999250687659,0.0003865156904794276,0.005893940106034279,-0.2868490517139435,0.16678612504792226,0.0011992804317409553,0.036961983889341354,1.2853057384490967,-0.7018892168998718,0.9331847429275513
10,1,1,Neither,"{1, 43}",0.0011808461276814342,64,45,57.42523956298828,0.0006281855748966336,0.0025290343910455704,0.008194705471396446,-0.02201140858232975,0.14675045421965896,0.008518855065879146,0.05353666841983795,1.0133050680160522,-0.6058260202407837,1.4875738620758057
10,1,1,Neither,"{1, 45}",0.002959875389933586,117,185,56.3404655456543,0.0009051567758433521,-0.001096468884497881,0.009939015842974186,-0.07873755693435669,0.28033270548230627,0.014746105363301225,0.06560024619102478,1.0628303289413452,-0.6190465688705444,1.0580087900161743
10,1,1,Neither,"{1, 46}",0.0012439214624464512,68,66,58.09972381591797,7.251292845467106e-05,6.243029201868922e-05,0.005816909018903971,-0.22229351103305817,0.16271898388145284,0.0004097520999795124,0.040629077702760696,1.2217926979064941,-0.7338250279426575,1.0469334125518799
10,1,1,Neither,"{48, 1}",0.0030135030392557383,155,151,55.40144348144531,0.000331259478116408,0.0027467014733701944,0.0025097792968153954,-0.1277375966310501,0.23064357508375977,0.0008672400086724001,0.018786583095788956,1.1267595291137695,-0.7333542704582214,0.36280521750450134
10,1,1,Neither,"{1, 51}",0.001506298896856606,51,84,56.389007568359375,0.000781266251578927,0.0010015057632699609,0.016289256513118744,-0.2440672069787979,0.24599536612604803,0.0001355197181189863,0.032043419778347015,1.243898630142212,-0.784976065158844,0.5860582590103149
10,1,1,Neither,"{1, 52}",0.0029812713619321585,181,175,56.242218017578125,0.0008308595861308277,0.00258879573084414,0.004419272765517235,-0.1669532209634781,0.2784324837897755,0.0007183908045977011,0.06050705909729004,1.1661149263381958,-0.7523818612098694,0.9936885833740234
10,1,1,Neither,"{1, 53}",0.0019003330962732434,103,97,55.95578384399414,-0.0004117244970984757,-0.0019584065303206444,0.007186340168118477,-0.1096569076180458,0.2307769239744637,0.002672444925966053,0.019266797229647636,1.1066913604736328,-0.6930051445960999,0.37132713198661804
10,1,1,Neither,"{1, 54}",0.001299691037274897,10,56,56.7510986328125,0.00013677513925358653,0.00029159331461414695,0.012369848787784576,0.0013143965043127537,0.16361908889370427,0.006621841890790546,0.038955602794885635,0.9920724630355835,-0.6265034079551697,0.9944474697113037
10,1,1,Neither,"{1, 61}",0.0045524584129452705,201,206,56.405147552490234,0.0008436090429313481,-0.00032725906930863857,0.009594584815204144,0.11133533716201782,0.2716483589752138,0.049886482174633366,0.06624053418636322,0.8443323373794556,-0.5144132375717163,1.065931797027588
10,1,1,Neither,"{1, 63}",0.002209868049249053,122,114,57.04305648803711,0.00024209977709688246,0.0018809365574270487,0.0166197307407856,-0.25640249252319336,0.2957845081926225,0.0,0.07548102736473083,1.2564024925231934,-0.9106795787811279,1.1764311790466309
10,1,1,Neither,"{2, 3}",0.001626228098757565,107,165,56.1518440246582,0.0011448339791968465,-0.001991554629057646,0.008000456728041172,-0.07143072038888931,0.12386445085259946,0.007132283676490378,0.0830334946513176,1.0637890100479126,-0.6049618721008301,2.661675453186035
10,1,1,Neither,"{16, 2}",0.001916408073157072,77,106,54.67521286010742,0.0007066667312756181,0.0007744385511614382,0.006091104820370674,-0.10866837203502655,0.19517277015651827,0.009650696045776752,0.019907085224986076,1.0979689359664917,-0.6166407465934753,0.4397386908531189
10,1,1,Neither,"{2, 30}",0.0030997712165117264,180,183,55.067142486572266,0.00037700426764786243,-0.0019044340588152409,0.002939513185992837,-0.11879763752222061,0.22392612471455003,0.006997171356260235,0.004918563179671764,1.1109691858291626,-0.6454272866249084,0.09681212157011032
10,1,1,Neither,"{2, 31}",0.0018782123224809766,95,87,55.711551666259766,0.0009213777375407517,-0.0019476533634588122,0.00863055419176817,0.029754169285297394,0.18410481222809327,0.02589406971480308,0.027052097022533417,0.945122241973877,-0.5433499813079834,0.6193636059761047
10,1,1,Neither,"{32, 2}",0.0021961054299026728,79,101,56.75252151489258,0.0008690452086739242,-0.0006594581063836813,0.009444043971598148,-0.11945744603872299,0.20352374443685098,0.0068796068796068794,0.013038557954132557,1.1117559671401978,-0.6390053033828735,0.27859199047088623
10,1,1,Neither,"{2, 35}",0.002137690084055066,61,96,55.921058654785156,0.000733465189114213,1.0417454177513719e-05,0.004023552872240543,-0.11776114255189896,0.23842781657860085,0.005103467561521253,0.017273178324103355,1.1120567321777344,-0.6666514873504639,0.3225029408931732
10,1,1,Neither,"{2, 36}",0.0020190533250570297,78,75,56.341278076171875,0.0005409839795902371,0.001222615479491651,0.023108815774321556,0.08113713562488556,0.18445485306619105,0.11810952467016085,0.011888952925801277,0.8103364109992981,-0.38149774074554443,0.25264501571655273
10,1,1,Neither,"{40, 2}",0.0022749165073037148,105,72,56.174156188964844,0.00026253037503920496,-0.002113980706781149,0.014760073274374008,0.19009292125701904,0.20862433950627574,0.08852668584212209,0.006315551698207855,0.7382087111473083,-0.4278178811073303,0.1235516145825386
10,1,1,Neither,"{2, 42}",0.0017415941692888737,91,94,56.83522415161133,0.000492869527079165,0.00036569623625837266,0.007938729599118233,-0.03638853132724762,0.16795292784158153,0.025605398967844382,0.04156040400266647,1.009851336479187,-0.5378636717796326,1.0276403427124023
10,1,1,Neither,"{2, 43}",0.0016581923700869083,101,55,56.464637756347656,0.0007353205000981688,-0.0007811005343683064,0.012275110930204391,0.12544092535972595,0.14855066424416183,0.03175493716337523,0.05813508853316307,0.8467875123023987,-0.5119955539703369,1.5820294618606567
10,1,1,Neither,"{2, 45}",0.0034461673349142075,193,191,55.3463249206543,0.0015415027737617493,0.00017997328541241586,0.009356215596199036,-0.13407063484191895,0.2827329855149767,0.024761230986911922,0.06100182607769966,1.105989694595337,-0.5827980041503906,0.9635531306266785
10,1,1,Neither,"{2, 46}",0.0017332598799839616,97,61,57.12150573730469,0.0011836204212158918,-0.001785324770025909,0.010642736218869686,0.14466510713100433,0.15668494657710066,0.0725531914893617,0.045227497816085815,0.7932776212692261,-0.43295925855636597,1.1413891315460205
10,1,1,Neither,"{48, 2}",0.0036287002731114626,192,209,54.38046646118164,0.0013511896831914783,0.00046567831304855645,0.0077390773221850395,-0.10059066861867905,0.23116030203523744,0.021416209979809635,0.014188162982463837,1.0770201683044434,-0.5760936141014099,0.2683495879173279
10,1,1,Neither,"{2, 51}",0.0020493443589657545,108,98,55.400360107421875,0.0012590354308485985,-0.00039286899846047163,0.00995715707540512,-0.043611712753772736,0.23957795076092211,0.048911152856049536,0.027445001527667046,0.9925674796104431,-0.5061861276626587,0.49160265922546387
10,1,1,Neither,"{2, 52}",0.0035416441969573498,185,184,55.27579116821289,0.0004093511961400509,0.00013927029795013368,0.006067259237170219,-0.26726025342941284,0.28179954328004936,0.007452975275050278,0.05590863898396492,1.2578153610229492,-0.6613293290138245,0.8992329239845276
10,1,1,Neither,"{2, 53}",0.002333630109205842,104,89,54.94716262817383,0.0004799785965587944,-0.0019503786461427808,0.01911654882133007,0.32798704504966736,0.19455603153701265,0.21641535298149417,0.014668378047645092,0.5265790224075317,-0.2902560234069824,0.27687153220176697
10,1,1,Neither,"{2, 54}",0.0017973474459722638,109,152,55.78081512451172,0.00016075573512353003,0.0009507337235845625,0.005724908318370581,-0.028973478823900223,0.16708616005200608,0.0172585794094174,0.043554022908210754,1.0112148523330688,-0.5675540566444397,1.0889030694961548
10,1,1,Neither,"{2, 61}",0.005252599250525236,208,207,55.41151428222656,0.0015229342970997095,0.00010920022032223642,0.01597842015326023,-0.04003903269767761,0.2804660543730102,0.035659099013431596,0.0616421140730381,1.002952218055725,-0.5509735941886902,0.9714761972427368
10,1,1,Neither,"{2, 63}",0.002722272416576743,152,160,56.07191467285156,0.0004767930950038135,0.0026046298444271088,0.007588091306388378,-0.28543126583099365,0.29941826546430417,0.005455658854311641,0.07088261097669601,1.2784184217453003,-0.6827438473701477,1.0819754600524902
10,1,1,Neither,"{16, 3}",0.0009878674754872918,60,64,56.238677978515625,0.002697314601391554,0.0006389252375811338,0.01823411136865616,0.27412065863609314,0.09561115463470739,0.06624825662482567,0.06312641501426697,0.6777911186218262,-0.4327497184276581,2.2219367027282715
10,1,1,Neither,"{3, 30}",0.0022902963683009148,125,146,56.66572189331055,0.0007195085054263473,0.0003498910227790475,0.016477417200803757,-0.0804932713508606,0.12958178454152985,0.0061744275791098535,0.08795206248760223,1.0738219022750854,-0.6135115623474121,2.7584874629974365
10,1,1,Neither,"{32, 3}",0.0012726433342322707,76,46,58.27959060668945,0.00204980606213212,-0.0036696246825158596,0.01726880483329296,0.08573199808597565,0.10564565866017703,0.039444619753865574,0.06999494135379791,0.8782050609588623,-0.4821576476097107,2.3830833435058594
10,1,1,Neither,"{35, 3}",0.0013045071391388774,86,24,57.501243591308594,0.0008748521795496345,-0.002114643109962344,0.015990061685442924,-0.13647745549678802,0.14426683113029853,0.0018486424032351243,0.1003066748380661,1.1343765258789062,-0.6715230345726013,2.984178304672241
10,1,1,Neither,"{43, 3}",0.0007140651578083634,14,28,57.977760314941406,0.002661918057128787,0.0011848832946270704,0.014396020211279392,0.026174083352088928,0.058040104678879205,0.002010338885697875,0.024898407980799675,0.9718682169914246,-0.6599074006080627,1.0796458721160889
10,1,1,Neither,"{3, 45}",0.002591981552541256,128,120,56.892845153808594,0.003385229269042611,0.0005794434109702706,0.014835864305496216,-0.07457134127616882,0.19247245511976396,0.011171732917640946,0.14403532445430756,1.0625665187835693,-0.5871275663375854,3.6252286434173584
10,1,1,Neither,"{3, 46}",0.0007970177684910595,21,21,58.65713882446289,0.001703889574855566,0.00020376326574478298,0.017348432913422585,0.08645334094762802,0.07275848849032387,0.0025200458190148913,0.03780599683523178,0.9112444519996643,-0.6508049368858337,1.5202863216400146
10,1,1,Neither,"{48, 3}",0.002757687121629715,146,133,56.003360748291016,0.0014763418585062027,0.00023456588678527623,0.00797448679804802,-0.03555985912680626,0.13978297468037937,0.008704984497972811,0.09722165763378143,1.0265452861785889,-0.5953091979026794,2.930025100708008
10,1,1,Neither,"{51, 3}",0.0011392515152692795,40,47,56.994327545166016,0.0013919661287218332,0.0005415353807620704,0.022240526974201202,0.09106132388114929,0.15320120680746088,0.019475573931019476,0.11047849804162979,0.8912366032600403,-0.5422390103340149,3.153278112411499
10,1,1,Neither,"{3, 52}",0.002740289317443967,154,142,56.81692123413086,0.0025742242578417063,-0.001702463603578508,0.018314531072974205,0.027585919946432114,0.18667177837414364,0.011340298240914367,0.13894213736057281,0.9613866209983826,-0.5852359533309937,3.560908317565918
10,1,1,Neither,"{3, 53}",0.0015617855824530125,93,58,56.535400390625,0.001301583368331194,0.0011163802118971944,0.01666370779275894,-0.024365127086639404,0.1400496724617872,0.010711735301118781,0.09770187735557556,1.013392448425293,-0.5825905203819275,2.938546895980835
10,1,1,Neither,"{3, 61}",0.004436778370290995,195,193,57.01263427734375,0.001367451623082161,-0.0029577966779470444,0.01606554538011551,0.1595592498779297,0.19013884953244545,0.02743929166301394,0.144675612449646,0.8173796534538269,-0.5179249048233032,3.6331515312194824
10,1,1,Neither,"{3, 63}",0.0018812150228768587,111,34,57.64967346191406,0.0005586364422924817,-0.0017048092558979988,0.017416443675756454,0.0001234625233337283,0.20467387861917224,0.0061894291066047725,0.1539161056280136,0.9936878681182861,-0.6249986290931702,3.7436509132385254
10,1,1,Neither,"{16, 30}",0.002577060367912054,145,124,55.20466232299805,0.000212784405448474,-4.925813846057281e-05,0.02326846867799759,0.19013488292694092,0.19253912956511593,0.05272270799065016,0.024825647473335266,0.7671668529510498,-0.48071515560150146,0.5365508198738098
10,1,1,Neither,"{16, 35}",0.0015748910373076797,35,69,56.03907775878906,0.0011975958477705717,0.0016400439199060202,0.01681368425488472,0.05686638131737709,0.2120080676078876,0.022800534633225882,0.03718026354908943,0.9216296672821045,-0.5628732442855835,0.7622416615486145
10,1,1,Neither,"{16, 40}",0.0017486934084445238,39,93,56.28255844116211,0.0010568381985649467,0.0017032306641340256,0.013600191101431847,-0.12262972444295883,0.2029903488740353,0.006404992609623912,0.02622263692319393,1.1154392957687378,-0.6422283053398132,0.5632902979850769
10,1,1,Neither,"{16, 42}",0.0011295160511508584,38,65,56.940399169921875,0.0013293724041432142,-0.0011931946501135826,0.008007995784282684,-0.18804363906383514,0.14925074592035736,0.0013401831583649765,0.021653320640325546,1.1864514350891113,-0.6933549046516418,0.5879016518592834
10,1,1,Neither,"{16, 43}",0.0010696777608245611,15,111,56.5902214050293,0.0008721398189663887,0.0005010273889638484,0.009961356408894062,-0.1039082407951355,0.13031520344040137,0.0011511895625479663,0.038228005170822144,1.1026374101638794,-0.6924911141395569,1.1422908306121826
10,1,1,Neither,"{16, 45}",0.002714284462854266,159,159,55.42511749267578,0.003482269588857889,0.0007021413766779006,0.01854356750845909,0.2703450918197632,0.2184588201956895,0.2218831069739051,0.08090890944004059,0.5677568316459656,-0.2851863205432892,1.4032918214797974
10,1,1,Neither,"{16, 48}",0.0030242358334362507,179,166,54.49720764160156,0.0020002597011625767,0.0024979577865451574,0.010991514660418034,-0.043672166764736176,0.2058073441901555,0.0364461002672714,0.034095246344804764,1.0056344270706177,-0.5209776163101196,0.7080882787704468
10,1,1,Neither,"{16, 51}",0.0014123315922915936,41,70,55.50114440917969,0.0023927122820168734,-0.002371074864640832,0.02377311885356903,-0.026225458830595016,0.21807544213491575,0.047771917755866394,0.04735208675265312,0.9772006869316101,-0.49841850996017456,0.9313413500785828
10,1,1,Neither,"{16, 52}",0.002936661010608077,171,195,55.37065887451172,0.0017753435531631112,-8.976830577012151e-05,0.009620481170713902,-0.07800628989934921,0.25719667294517695,0.015165262475696694,0.07581572234630585,1.0616580247879028,-0.6066696643829346,1.3389716148376465
10,1,1,Neither,"{16, 53}",0.0018420197302475572,57,77,55.054710388183594,0.0014099313411861658,-0.0009758060332387686,0.016657322645187378,-0.12079030275344849,0.2123081026119714,0.007301562377325901,0.034575462341308594,1.1126067638397217,-0.6380324959754944,0.7166102528572083
10,1,1,Neither,"{16, 54}",0.001104490365833044,67,91,55.881996154785156,0.0012479200959205627,-0.0009575414005666971,0.0199009757488966,0.5284040570259094,0.11506342406614105,0.2790091264667536,0.023646939545869827,0.34001636505126953,-0.23729653656482697,0.6491643786430359
10,1,1,Neither,"{16, 61}",0.004405416548252106,203,199,55.532936096191406,0.0019041599007323384,-0.0010610332246869802,0.02417060174047947,0.5701510310173035,0.2014068307969263,0.32897459240254906,0.08154919743537903,0.2884395718574524,-0.20370042324066162,1.4112149477005005
10,1,1,Neither,"{16, 63}",0.002162313088774681,127,129,56.208614349365234,0.00025750871282070875,-0.002912186086177826,0.01311781071126461,-0.16728486120700836,0.27733235544146817,0.00330568577954081,0.09078969061374664,1.163426160812378,-0.6955721974372864,1.521714210510254
10,1,1,Neither,"{30, 31}",0.0024953316897153854,142,123,56.24562072753906,-7.899399497546256e-05,0.0005042561097070575,0.01434581819921732,0.008219764567911625,0.19407264180821096,0.002233101434338229,0.031970661133527756,0.9895654916763306,-0.6875695586204529,0.7161757349967957
10,1,1,Neither,"{32, 30}",0.0029340574983507395,162,147,57.26504898071289,0.0003212303854525089,0.0025564730167388916,0.03553986921906471,0.4207618236541748,0.18493824279499274,0.13853086976115367,0.01795712113380432,0.4989958107471466,-0.3586021661758423,0.37540411949157715
10,1,1,Neither,"{35, 30}",0.0026186187751591206,149,140,56.4117546081543,0.0012086426140740514,0.0014805278042331338,0.031694065779447556,0.8733090758323669,0.14658376810627907,0.6732999772572208,0.012354616075754166,0.04138992726802826,-0.04329847916960716,0.2256908118724823
10,1,1,Neither,"{36, 30}",0.00259129935875535,153,144,56.84321594238281,0.0004940602229908109,-0.0005994494422338903,0.011976022273302078,-0.290585458278656,0.21180804427183172,0.00031478712520657907,0.016807517036795616,1.2901792526245117,-0.7561408281326294,0.34945714473724365
25,1,1,Geometry_only,"{36, 46}",0.001261418336071074,13,49,58.85403060913086,0.0006151960697025061,-0.0012098820880055428,0.02375231869518757,0.42882534861564636,0.13191539012884837,0.17071013393985343,0.03333854675292969,0.4736693501472473,-0.3163321018218994,0.888744056224823
25,1,1,Geometry_only,"{1, 54}",0.001299691037274897,10,56,56.7510986328125,0.00013677513925358653,0.00029159331461414695,0.012369848787784576,0.0013143965043127537,0.16361908889370427,0.006621841890790546,0.038955602794885635,0.9920724630355835,-0.6265034079551697,0.9944474697113037
25,1,1,Geometry_only,"{40, 53}",0.002220685128122568,6,68,56.556175231933594,0.0004962189123034477,0.0002917865349445492,0.02655038796365261,0.1952553391456604,0.22354274665377627,0.09104466482738051,0.008352826349437237,0.7314769625663757,-0.42991068959236145,0.15331991016864777
25,1,1,Geometry_only,"{43, 46}",0.0008090797928161919,3,51,58.95402145385742,0.0014003436081111431,0.0005401333910413086,0.025051956996321678,0.6052879095077515,0.08417648725684664,0.20534653465346533,0.012907590717077255,0.31365934014320374,-0.29994937777519226,0.4406404197216034
25,1,1,Geometry_only,"{51, 43}",0.0012080685701221228,23,43,57.296390533447266,0.0012034751707687974,-0.00021621724590659142,0.010151591151952744,-0.21613100171089172,0.18415481806210723,0.0029869659666908036,0.08558008819818497,1.212498426437378,-0.6671865582466125,2.07363224029541
25,1,1,Geometry_only,"{43, 3}",0.0007140651578083634,14,28,57.977760314941406,0.002661918057128787,0.0011848832946270704,0.014396020211279392,0.026174083352088928,0.058040104678879205,0.002010338885697875,0.024898407980799675,0.9718682169914246,-0.6599074006080627,1.0796458721160889
25,1,1,Geometry_only,"{3, 54}",0.000869774492457509,7,32,57.32951354980469,0.0015579089522361755,-0.0009014745010063052,0.018297560513019562,0.4403889775276184,0.06780791092294101,0.10398230088495575,0.03947947546839714,0.5014213919639587,-0.39548566937446594,1.5727722644805908
25,1,1,Geometry_only,"{16, 31}",0.0013069340493530035,4,90,55.84505844116211,0.000853954057674855,-1.4348654076457024e-05,0.010028881952166557,-0.0966985672712326,0.1657860083676429,0.0017092298411421677,0.00714501366019249,1.0948240756988525,-0.6896992921829224,0.17962493002414703
25,1,1,Geometry_only,"{16, 32}",0.0014537581009790301,9,81,56.828338623046875,0.0027353495825082064,-0.0010548126883804798,0.02240883558988571,0.4485464096069336,0.1490673911956395,0.22173767192217378,0.006868526339530945,0.42917555570602417,-0.2768441140651703,0.16114670038223267
25,1,1,Geometry_only,"{16, 36}",0.0014453872572630644,0,80,56.441978454589844,0.0015733855543658137,-0.001316573703661561,0.008390050381422043,-0.18246877193450928,0.18293800943443403,0.002733485193621868,0.008018131367862225,1.1792365312576294,-0.6763198971748352,0.18709367513656616
25,1,1,Geometry_only,"{16, 43}",0.0010696777608245611,15,111,56.5902214050293,0.0008721398189663887,0.0005010273889638484,0.009961356408894062,-0.1039082407951355,0.13031520344040137,0.0011511895625479663,0.038228005170822144,1.1026374101638794,-0.6924911141395569,1.1422908306121826
25,1,1,Geometry_only,"{16, 46}",0.0011524565052241087,8,44,57.23621368408203,0.0016363371396437287,0.0013509354321286082,0.009186324663460255,-0.16126136481761932,0.14486690113846615,0.0026464158324703718,0.02532041445374489,1.1581882238388062,-0.6653979420661926,0.7016503810882568
25,1,1,Geometry_only,"{36, 31}",0.0014430341543629766,5,27,57.4656867980957,0.00106839241925627,-0.0007015358423814178,0.01383631769567728,-0.23572084307670593,0.17512043071691696,0.0007614696363982486,0.015163145028054714,1.2347798347473145,-0.7202539443969727,0.3667186200618744
25,1,1,Geometry_only,"{43, 31}",0.001042485935613513,11,52,57.60905838012695,0.0004854706930927932,-0.0005039768293499947,0.024759352207183838,0.6097227931022644,0.10262864000800094,0.19148936170212766,0.031082991510629654,0.3155432641506195,-0.301864892244339,0.962665855884552
25,1,1,Geometry_only,"{51, 31}",0.001441550673916936,16,74,56.5770263671875,0.000588723982218653,0.0015666622202843428,0.01590478979051113,-0.21262922883033752,0.2195756171553348,0.0033401654900174597,0.05449710041284561,1.2085788249969482,-0.6778576374053955,1.1109663248062134
25,1,1,Geometry_only,"{32, 36}",0.0017208880744874477,2,41,58.48748016357422,0.0006164766382426023,0.0056973169557750225,0.006692694034427404,-0.32395005226135254,0.1911556348240628,0.0007847924659923265,0.0011496050283312798,1.322911024093628,-0.7243586778640747,0.02594696916639805
25,1,1,Geometry_only,"{32, 40}",0.0020126313902437687,17,31,58.306758880615234,0.0010402086190879345,-0.0004982425598427653,0.01153972465544939,-0.06395778059959412,0.20954111312986515,0.01248906212711797,0.019354110583662987,1.0506699085235596,-0.605730414390564,0.40214359760284424
25,1,1,Geometry_only,"{32, 46}",0.0014045903226360679,24,38,59.22602462768555,0.0016504807863384485,-0.0002732548746280372,0.010424140840768814,-0.18205498158931732,0.15271781707865917,0.0026195153896529143,0.03218894079327583,1.178958535194397,-0.6678298711776733,0.8627970814704895
25,1,1,Geometry_only,"{32, 53}",0.002060316037386656,19,109,57.1372184753418,0.0008499686373397708,0.002061606850475073,0.01699064113199711,-0.07009152323007584,0.21599186571766707,0.02654730668313011,0.02770693600177765,1.0416834354400635,-0.5527443289756775,0.5554634928703308
25,1,1,CARE_only,"{42, 36}",0.0012762041296809912,55,16,58.55539321899414,0.0006854742532595992,-0.0015645558014512062,0.01738729327917099,0.2358894795179367,0.14823396062874003,0.07016754750927696,0.029671451076865196,0.7104947566986084,-0.4364684820175171,0.7749953866004944
25,1,1,CARE_only,"{36, 54}",0.0013406636426225305,72,5,57.521549224853516,0.0007549296715296805,-0.0017430002335458994,0.012689201161265373,-0.1282825469970703,0.1550680912773157,0.008276899924755455,0.03166506811976433,1.1189438104629517,-0.6118994951248169,0.836258053779602
25,1,1,CARE_only,"{40, 42}",0.0015564276836812496,90,13,58.39016342163086,0.0005932077183388174,-0.00026966852601617575,0.013777545653283596,0.09053651243448257,0.171936725951361,0.04391662627241881,0.04787595570087433,0.8695229291915894,-0.49033719301223755,1.1511919498443604
25,1,1,CARE_only,"{40, 46}",0.001584486337378621,53,15,58.680274963378906,0.0008310937555506825,-0.0022497919853776693,0.022481169551610947,0.28879985213279724,0.1615355124764556,0.0851305334846765,0.05154304951429367,0.6506553292274475,-0.41429516673088074,1.2649407386779785
25,1,1,CARE_only,"{40, 54}",0.0016330271027982235,81,11,57.35340881347656,0.0006441681762225926,0.00034431982203386724,0.017061609774827957,0.005903836339712143,0.17455369793142533,0.015183346065699007,0.04986957460641861,0.9790024757385254,-0.5784127712249756,1.2124546766281128
25,1,1,CARE_only,"{42, 51}",0.001249933848157525,71,23,57.650569915771484,0.0013483038637787104,0.00155441218521446,0.01229177787899971,-0.12254593521356583,0.20229026719783974,0.006921555702043507,0.06900540739297867,1.1147761344909668,-0.634448230266571,1.5192430019378662
25,1,1,CARE_only,"{42, 53}",0.001657285843975842,100,6,57.21113586425781,0.0007696909597143531,-0.001513935741968453,0.013855512253940105,0.07646249234676361,0.17803743770106512,0.06188559123677558,0.05622878298163414,0.8663838505744934,-0.45555686950683594,1.3045119047164917
25,1,1,CARE_only,"{42, 54}",0.0010025869123637676,48,10,57.994773864746094,0.0010709085036069155,-0.0011389382416382432,0.017051491886377335,0.01764378324151039,0.11981397829746804,0.021285475792988316,0.001993618905544281,0.9614462852478027,-0.5419043302536011,0.061262719333171844
25,1,1,CARE_only,"{3, 31}",0.0010123108513653278,42,0,57.298282623291016,0.001029095845296979,-0.0014174768002703786,0.011968220584094524,-0.030537722632288933,0.09327754904738886,0.0051822730521801285,0.05598139762878418,1.025197148323059,-0.6192198991775513,2.042311668395996
25,1,1,CARE_only,"{43, 54}",0.0009393051732331514,30,4,57.63702392578125,0.0011220587184652686,0.0007892146822996438,0.012758809141814709,-0.021833833307027817,0.10306202390278865,0.0030729419375707585,0.014581066556274891,1.0186938047409058,-0.6486074924468994,0.49312639236450195
25,1,1,CARE_only,"{3, 36}",0.0011441868264228106,65,7,57.93123245239258,-4.671062924899161e-05,-0.0005931874038651586,0.01584317348897457,0.05460423603653908,0.10999616621939226,0.010304591604788605,0.07114454358816147,0.9356538653373718,-0.5823670625686646,2.4090304374694824
25,1,1,CARE_only,"{40, 3}",0.0014653296675533056,82,8,57.7609748840332,-3.881626616930589e-05,-0.0005441094981506467,0.015483513474464417,-0.013831342570483685,0.130898604837231,0.008277091557366612,0.08934904634952545,1.0054397583007812,-0.5972443222999573,2.785227060317993
25,1,1,CARE_only,"{42, 3}",0.0007646007579751313,26,9,58.37873458862305,0.0010589729063212872,-0.0009562387713231146,0.02601262740790844,0.2610204815864563,0.07519210574567033,0.025936599423631124,0.04147309064865112,0.7198129296302795,-0.5217671394348145,1.6340349912643433
25,1,1,CARE_only,"{35, 3}",0.0013045071391388774,86,24,57.501243591308594,0.0008748521795496345,-0.002114643109962344,0.015990061685442924,-0.13647745549678802,0.14426683113029853,0.0018486424032351243,0.1003066748380661,1.1343765258789062,-0.6715230345726013,2.984178304672241
25,1,1,CARE_only,"{53, 46}",0.0017141684656962752,63,12,57.522918701171875,0.0004810100654140115,0.0015016071265563369,0.016596009954810143,0.0899469181895256,0.17637057656726618,0.048105094036480486,0.05989587679505348,0.866274893283844,-0.48110291361808777,1.4182605743408203
25,1,1,CARE_only,"{32, 43}",0.0013339499710127711,44,20,58.6061897277832,0.0007930357824079692,0.004102121572941542,0.01361258327960968,0.010697788558900356,0.13671595019418933,0.011826383808827116,0.04509653151035309,0.9776023626327515,-0.5839177370071411,1.3034374713897705
25,1,1,CARE_only,"{32, 54}",0.0014397259801626205,80,19,57.91123580932617,0.0015268282731994987,-0.0001532705209683627,0.019486593082547188,0.2100565880537033,0.14371676695614488,0.0787520296914869,0.030515464022755623,0.7277337908744812,-0.4221614599227905,0.8103110790252686
25,1,1,CARE_only,"{42, 35}",0.0013925586827099323,56,3,58.153507232666016,0.0007817375008016825,-0.00048008759040385485,0.011845468543469906,-0.2476283460855484,0.19113896621272483,0.004709165431237464,0.05883358418941498,1.241753101348877,-0.6515653133392334,1.350143313407898
25,1,1,CARE_only,"{43, 35}",0.0013260600389912724,66,18,57.806461334228516,0.0004951134906150401,-0.0010247536702081561,0.020558608695864677,0.03800133988261223,0.1692530795259447,0.022454205239314556,0.07540826499462128,0.9403977394104004,-0.5443102121353149,1.9045324325561523
25,1,1,Both,"{46, 31}",0.001155487960204482,1,17,58.252098083496094,0.0009370880434289575,-0.0017015975899994373,0.019194265827536583,0.18946029245853424,0.1294984414848399,0.05843737932809885,0.0181754007935524,0.7631738781929016,-0.4537205994129181,0.522025465965271
25,1,1,Both,"{3, 46}",0.0007970177684910595,21,21,58.65713882446289,0.001703889574855566,0.00020376326574478298,0.017348432913422585,0.08645334094762802,0.07275848849032387,0.0025200458190148913,0.03780599683523178,0.9112444519996643,-0.6508049368858337,1.5202863216400146
25,1,1,Both,"{51, 46}",0.0012908981880173087,20,2,57.9694938659668,0.000720704032573849,0.002803704934194684,0.011841943487524986,-0.12262449413537979,0.19767306185721667,0.00919133147820221,0.07267250120639801,1.1123061180114746,-0.6161202788352966,1.6329916715621948
25,1,1,Both,"{32, 31}",0.0015733956824988127,12,22,57.857261657714844,0.0017826765542849898,0.003962363116443157,0.020288417115807533,0.11382140219211578,0.16711949727468203,0.04079393576700578,0.014013539999723434,0.850027859210968,-0.4985218048095703,0.3407716453075409
25,1,1,Both,"{42, 43}",0.0008529193582944572,22,1,58.66522216796875,0.0011691342806443572,-0.00025654194178059697,0.012181592173874378,0.011252611875534058,0.1047288850365876,0.008912939678497532,0.016574684530496597,0.9799347519874573,-0.5957491397857666,0.5543891191482544
25,1,1,Both,"{42, 46}",0.0009509227238595486,18,14,59.31721878051758,0.00090070313308388,-0.002661311998963356,0.019451027736067772,0.0828137993812561,0.11874718717183672,0.014317798989331837,0.003667094511911273,0.9040541052818298,-0.5695614814758301,0.1137486919760704
25,1,1,Neither,"{1, 2}",0.001971630845218897,119,112,55.540218353271484,0.0004169110907241702,0.0015744585543870926,0.0010851934785023332,-0.12455423176288605,0.21447502208591002,0.0005440273568042279,0.004598420113325119,1.123942494392395,-0.7424119114875793,0.09445562213659286
25,1,1,Neither,"{1, 3}",0.001123306923545897,33,50,57.139617919921875,0.0002620093582663685,-0.0013181319227442145,0.007943396456539631,-0.14034834504127502,0.11918057106662444,0.0025174825174825175,0.07843507826328278,1.1374775171279907,-0.6549851298332214,2.5672197341918945
25,1,1,Neither,"{16, 1}",0.0014047524891793728,85,73,55.645545959472656,0.0013583377003669739,0.0003634226741269231,0.010887918062508106,0.1336558759212494,0.1842214925074592,0.04107853782120883,0.015308664180338383,0.8307559490203857,-0.503210186958313,0.3452830910682678
25,1,1,Neither,"{1, 30}",0.0025041657499969006,136,136,56.029300689697266,0.0010666812304407358,-0.003338452661409974,0.024798937141895294,0.7665289044380188,0.1471671695031087,0.4964322120285423,0.009516983292996883,0.11756852269172668,-0.11678951233625412,0.19126774370670319
25,1,1,Neither,"{1, 31}",0.0014134278753772378,73,57,56.69384002685547,0.00048604642506688833,-0.0005288221873342991,0.012597832828760147,0.0812695100903511,0.18210457886753453,0.008237986270022883,0.022453676909208298,0.9111620187759399,-0.6213439106941223,0.5249080061912537
25,1,1,Neither,"{32, 1}",0.0015927089843899012,99,54,57.66445541381836,0.002283933572471142,0.0005280360346660018,0.023976491764187813,0.6302667856216431,0.15715166769456437,0.2704709376325838,0.008440137840807438,0.2697311341762543,-0.2422751635313034,0.18413637578487396
25,1,1,Neither,"{1, 35}",0.00160225632134825,106,92,56.843231201171875,0.0023006058763712645,-0.0015675940085202456,0.025454070419073105,0.8984652757644653,0.14783391395662826,0.5854098545495546,0.021871598437428474,0.04209529608488083,-0.07723072171211243,0.4169585704803467
25,1,1,Neither,"{1, 36}",0.001519428682513535,88,67,57.30895233154297,0.0002694574650377035,-0.0007804094930179417,0.00483008474111557,-0.28800439834594727,0.20097344690213859,0.0,0.0072905332781374454,1.2880043983459473,-0.8963106274604797,0.15818940103054047
25,1,1,Neither,"{40, 1}",0.001823193859308958,92,62,57.1277961730957,0.000603802443947643,0.00019639221136458218,0.006984715815633535,-0.1002555713057518,0.2213091527344857,0.0023348648037960383,0.010913971811532974,1.0976866483688354,-0.695453941822052,0.21800723671913147
25,1,1,Neither,"{1, 42}",0.0012384317815303802,74,63,57.774078369140625,0.0009456999250687659,0.0003865156904794276,0.005893940106034279,-0.2868490517139435,0.16678612504792226,0.0011992804317409553,0.036961983889341354,1.2853057384490967,-0.7018892168998718,0.9331847429275513
25,1,1,Neither,"{1, 43}",0.0011808461276814342,64,45,57.42523956298828,0.0006281855748966336,0.0025290343910455704,0.008194705471396446,-0.02201140858232975,0.14675045421965896,0.008518855065879146,0.05353666841983795,1.0133050680160522,-0.6058260202407837,1.4875738620758057
25,1,1,Neither,"{1, 45}",0.002959875389933586,117,185,56.3404655456543,0.0009051567758433521,-0.001096468884497881,0.009939015842974186,-0.07873755693435669,0.28033270548230627,0.014746105363301225,0.06560024619102478,1.0628303289413452,-0.6190465688705444,1.0580087900161743
25,1,1,Neither,"{1, 46}",0.0012439214624464512,68,66,58.09972381591797,7.251292845467106e-05,6.243029201868922e-05,0.005816909018903971,-0.22229351103305817,0.16271898388145284,0.0004097520999795124,0.040629077702760696,1.2217926979064941,-0.7338250279426575,1.0469334125518799
25,1,1,Neither,"{48, 1}",0.0030135030392557383,155,151,55.40144348144531,0.000331259478116408,0.0027467014733701944,0.0025097792968153954,-0.1277375966310501,0.23064357508375977,0.0008672400086724001,0.018786583095788956,1.1267595291137695,-0.7333542704582214,0.36280521750450134
25,1,1,Neither,"{1, 51}",0.001506298896856606,51,84,56.389007568359375,0.000781266251578927,0.0010015057632699609,0.016289256513118744,-0.2440672069787979,0.24599536612604803,0.0001355197181189863,0.032043419778347015,1.243898630142212,-0.784976065158844,0.5860582590103149
25,1,1,Neither,"{1, 52}",0.0029812713619321585,181,175,56.242218017578125,0.0008308595861308277,0.00258879573084414,0.004419272765517235,-0.1669532209634781,0.2784324837897755,0.0007183908045977011,0.06050705909729004,1.1661149263381958,-0.7523818612098694,0.9936885833740234
25,1,1,Neither,"{1, 53}",0.0019003330962732434,103,97,55.95578384399414,-0.0004117244970984757,-0.0019584065303206444,0.007186340168118477,-0.1096569076180458,0.2307769239744637,0.002672444925966053,0.019266797229647636,1.1066913604736328,-0.6930051445960999,0.37132713198661804
25,1,1,Neither,"{1, 61}",0.0045524584129452705,201,206,56.405147552490234,0.0008436090429313481,-0.00032725906930863857,0.009594584815204144,0.11133533716201782,0.2716483589752138,0.049886482174633366,0.06624053418636322,0.8443323373794556,-0.5144132375717163,1.065931797027588
25,1,1,Neither,"{1, 63}",0.002209868049249053,122,114,57.04305648803711,0.00024209977709688246,0.0018809365574270487,0.0166197307407856,-0.25640249252319336,0.2957845081926225,0.0,0.07548102736473083,1.2564024925231934,-0.9106795787811279,1.1764311790466309
25,1,1,Neither,"{2, 3}",0.001626228098757565,107,165,56.1518440246582,0.0011448339791968465,-0.001991554629057646,0.008000456728041172,-0.07143072038888931,0.12386445085259946,0.007132283676490378,0.0830334946513176,1.0637890100479126,-0.6049618721008301,2.661675453186035
25,1,1,Neither,"{16, 2}",0.001916408073157072,77,106,54.67521286010742,0.0007066667312756181,0.0007744385511614382,0.006091104820370674,-0.10866837203502655,0.19517277015651827,0.009650696045776752,0.019907085224986076,1.0979689359664917,-0.6166407465934753,0.4397386908531189
25,1,1,Neither,"{2, 30}",0.0030997712165117264,180,183,55.067142486572266,0.00037700426764786243,-0.0019044340588152409,0.002939513185992837,-0.11879763752222061,0.22392612471455003,0.006997171356260235,0.004918563179671764,1.1109691858291626,-0.6454272866249084,0.09681212157011032
25,1,1,Neither,"{2, 31}",0.0018782123224809766,95,87,55.711551666259766,0.0009213777375407517,-0.0019476533634588122,0.00863055419176817,0.029754169285297394,0.18410481222809327,0.02589406971480308,0.027052097022533417,0.945122241973877,-0.5433499813079834,0.6193636059761047
25,1,1,Neither,"{32, 2}",0.0021961054299026728,79,101,56.75252151489258,0.0008690452086739242,-0.0006594581063836813,0.009444043971598148,-0.11945744603872299,0.20352374443685098,0.0068796068796068794,0.013038557954132557,1.1117559671401978,-0.6390053033828735,0.27859199047088623
25,1,1,Neither,"{2, 35}",0.002137690084055066,61,96,55.921058654785156,0.000733465189114213,1.0417454177513719e-05,0.004023552872240543,-0.11776114255189896,0.23842781657860085,0.005103467561521253,0.017273178324103355,1.1120567321777344,-0.6666514873504639,0.3225029408931732
25,1,1,Neither,"{2, 36}",0.0020190533250570297,78,75,56.341278076171875,0.0005409839795902371,0.001222615479491651,0.023108815774321556,0.08113713562488556,0.18445485306619105,0.11810952467016085,0.011888952925801277,0.8103364109992981,-0.38149774074554443,0.25264501571655273
25,1,1,Neither,"{40, 2}",0.0022749165073037148,105,72,56.174156188964844,0.00026253037503920496,-0.002113980706781149,0.014760073274374008,0.19009292125701904,0.20862433950627574,0.08852668584212209,0.006315551698207855,0.7382087111473083,-0.4278178811073303,0.1235516145825386
25,1,1,Neither,"{2, 42}",0.0017415941692888737,91,94,56.83522415161133,0.000492869527079165,0.00036569623625837266,0.007938729599118233,-0.03638853132724762,0.16795292784158153,0.025605398967844382,0.04156040400266647,1.009851336479187,-0.5378636717796326,1.0276403427124023
25,1,1,Neither,"{2, 43}",0.0016581923700869083,101,55,56.464637756347656,0.0007353205000981688,-0.0007811005343683064,0.012275110930204391,0.12544092535972595,0.14855066424416183,0.03175493716337523,0.05813508853316307,0.8467875123023987,-0.5119955539703369,1.5820294618606567
25,1,1,Neither,"{2, 45}",0.0034461673349142075,193,191,55.3463249206543,0.0015415027737617493,0.00017997328541241586,0.009356215596199036,-0.13407063484191895,0.2827329855149767,0.024761230986911922,0.06100182607769966,1.105989694595337,-0.5827980041503906,0.9635531306266785
25,1,1,Neither,"{2, 46}",0.0017332598799839616,97,61,57.12150573730469,0.0011836204212158918,-0.001785324770025909,0.010642736218869686,0.14466510713100433,0.15668494657710066,0.0725531914893617,0.045227497816085815,0.7932776212692261,-0.43295925855636597,1.1413891315460205
25,1,1,Neither,"{48, 2}",0.0036287002731114626,192,209,54.38046646118164,0.0013511896831914783,0.00046567831304855645,0.0077390773221850395,-0.10059066861867905,0.23116030203523744,0.021416209979809635,0.014188162982463837,1.0770201683044434,-0.5760936141014099,0.2683495879173279
25,1,1,Neither,"{2, 51}",0.0020493443589657545,108,98,55.400360107421875,0.0012590354308485985,-0.00039286899846047163,0.00995715707540512,-0.043611712753772736,0.23957795076092211,0.048911152856049536,0.027445001527667046,0.9925674796104431,-0.5061861276626587,0.49160265922546387
25,1,1,Neither,"{2, 52}",0.0035416441969573498,185,184,55.27579116821289,0.0004093511961400509,0.00013927029795013368,0.006067259237170219,-0.26726025342941284,0.28179954328004936,0.007452975275050278,0.05590863898396492,1.2578153610229492,-0.6613293290138245,0.8992329239845276
25,1,1,Neither,"{2, 53}",0.002333630109205842,104,89,54.94716262817383,0.0004799785965587944,-0.0019503786461427808,0.01911654882133007,0.32798704504966736,0.19455603153701265,0.21641535298149417,0.014668378047645092,0.5265790224075317,-0.2902560234069824,0.27687153220176697
25,1,1,Neither,"{2, 54}",0.0017973474459722638,109,152,55.78081512451172,0.00016075573512353003,0.0009507337235845625,0.005724908318370581,-0.028973478823900223,0.16708616005200608,0.0172585794094174,0.043554022908210754,1.0112148523330688,-0.5675540566444397,1.0889030694961548
25,1,1,Neither,"{2, 61}",0.005252599250525236,208,207,55.41151428222656,0.0015229342970997095,0.00010920022032223642,0.01597842015326023,-0.04003903269767761,0.2804660543730102,0.035659099013431596,0.0616421140730381,1.002952218055725,-0.5509735941886902,0.9714761972427368
25,1,1,Neither,"{2, 63}",0.002722272416576743,152,160,56.07191467285156,0.0004767930950038135,0.0026046298444271088,0.007588091306388378,-0.28543126583099365,0.29941826546430417,0.005455658854311641,0.07088261097669601,1.2784184217453003,-0.6827438473701477,1.0819754600524902
25,1,1,Neither,"{16, 3}",0.0009878674754872918,60,64,56.238677978515625,0.002697314601391554,0.0006389252375811338,0.01823411136865616,0.27412065863609314,0.09561115463470739,0.06624825662482567,0.06312641501426697,0.6777911186218262,-0.4327497184276581,2.2219367027282715
25,1,1,Neither,"{3, 30}",0.0022902963683009148,125,146,56.66572189331055,0.0007195085054263473,0.0003498910227790475,0.016477417200803757,-0.0804932713508606,0.12958178454152985,0.0061744275791098535,0.08795206248760223,1.0738219022750854,-0.6135115623474121,2.7584874629974365
25,1,1,Neither,"{32, 3}",0.0012726433342322707,76,46,58.27959060668945,0.00204980606213212,-0.0036696246825158596,0.01726880483329296,0.08573199808597565,0.10564565866017703,0.039444619753865574,0.06999494135379791,0.8782050609588623,-0.4821576476097107,2.3830833435058594
25,1,1,Neither,"{3, 45}",0.002591981552541256,128,120,56.892845153808594,0.003385229269042611,0.0005794434109702706,0.014835864305496216,-0.07457134127616882,0.19247245511976396,0.011171732917640946,0.14403532445430756,1.0625665187835693,-0.5871275663375854,3.6252286434173584
25,1,1,Neither,"{48, 3}",0.002757687121629715,146,133,56.003360748291016,0.0014763418585062027,0.00023456588678527623,0.00797448679804802,-0.03555985912680626,0.13978297468037937,0.008704984497972811,0.09722165763378143,1.0265452861785889,-0.5953091979026794,2.930025100708008
25,1,1,Neither,"{51, 3}",0.0011392515152692795,40,47,56.994327545166016,0.0013919661287218332,0.0005415353807620704,0.022240526974201202,0.09106132388114929,0.15320120680746088,0.019475573931019476,0.11047849804162979,0.8912366032600403,-0.5422390103340149,3.153278112411499
25,1,1,Neither,"{3, 52}",0.002740289317443967,154,142,56.81692123413086,0.0025742242578417063,-0.001702463603578508,0.018314531072974205,0.027585919946432114,0.18667177837414364,0.011340298240914367,0.13894213736057281,0.9613866209983826,-0.5852359533309937,3.560908317565918
25,1,1,Neither,"{3, 53}",0.0015617855824530125,93,58,56.535400390625,0.001301583368331194,0.0011163802118971944,0.01666370779275894,-0.024365127086639404,0.1400496724617872,0.010711735301118781,0.09770187735557556,1.013392448425293,-0.5825905203819275,2.938546895980835
25,1,1,Neither,"{3, 61}",0.004436778370290995,195,193,57.01263427734375,0.001367451623082161,-0.0029577966779470444,0.01606554538011551,0.1595592498779297,0.19013884953244545,0.02743929166301394,0.144675612449646,0.8173796534538269,-0.5179249048233032,3.6331515312194824
25,1,1,Neither,"{3, 63}",0.0018812150228768587,111,34,57.64967346191406,0.0005586364422924817,-0.0017048092558979988,0.017416443675756454,0.0001234625233337283,0.20467387861917224,0.0061894291066047725,0.1539161056280136,0.9936878681182861,-0.6249986290931702,3.7436509132385254
25,1,1,Neither,"{16, 30}",0.002577060367912054,145,124,55.20466232299805,0.000212784405448474,-4.925813846057281e-05,0.02326846867799759,0.19013488292694092,0.19253912956511593,0.05272270799065016,0.024825647473335266,0.7671668529510498,-0.48071515560150146,0.5365508198738098
25,1,1,Neither,"{16, 35}",0.0015748910373076797,35,69,56.03907775878906,0.0011975958477705717,0.0016400439199060202,0.01681368425488472,0.05686638131737709,0.2120080676078876,0.022800534633225882,0.03718026354908943,0.9216296672821045,-0.5628732442855835,0.7622416615486145
25,1,1,Neither,"{16, 40}",0.0017486934084445238,39,93,56.28255844116211,0.0010568381985649467,0.0017032306641340256,0.013600191101431847,-0.12262972444295883,0.2029903488740353,0.006404992609623912,0.02622263692319393,1.1154392957687378,-0.6422283053398132,0.5632902979850769
25,1,1,Neither,"{16, 42}",0.0011295160511508584,38,65,56.940399169921875,0.0013293724041432142,-0.0011931946501135826,0.008007995784282684,-0.18804363906383514,0.14925074592035736,0.0013401831583649765,0.021653320640325546,1.1864514350891113,-0.6933549046516418,0.5879016518592834
25,1,1,Neither,"{16, 45}",0.002714284462854266,159,159,55.42511749267578,0.003482269588857889,0.0007021413766779006,0.01854356750845909,0.2703450918197632,0.2184588201956895,0.2218831069739051,0.08090890944004059,0.5677568316459656,-0.2851863205432892,1.4032918214797974
25,1,1,Neither,"{16, 48}",0.0030242358334362507,179,166,54.49720764160156,0.0020002597011625767,0.0024979577865451574,0.010991514660418034,-0.043672166764736176,0.2058073441901555,0.0364461002672714,0.034095246344804764,1.0056344270706177,-0.5209776163101196,0.7080882787704468
25,1,1,Neither,"{16, 51}",0.0014123315922915936,41,70,55.50114440917969,0.0023927122820168734,-0.002371074864640832,0.02377311885356903,-0.026225458830595016,0.21807544213491575,0.047771917755866394,0.04735208675265312,0.9772006869316101,-0.49841850996017456,0.9313413500785828
25,1,1,Neither,"{16, 52}",0.002936661010608077,171,195,55.37065887451172,0.0017753435531631112,-8.976830577012151e-05,0.009620481170713902,-0.07800628989934921,0.25719667294517695,0.015165262475696694,0.07581572234630585,1.0616580247879028,-0.6066696643829346,1.3389716148376465
25,1,1,Neither,"{16, 53}",0.0018420197302475572,57,77,55.054710388183594,0.0014099313411861658,-0.0009758060332387686,0.016657322645187378,-0.12079030275344849,0.2123081026119714,0.007301562377325901,0.034575462341308594,1.1126067638397217,-0.6380324959754944,0.7166102528572083
25,1,1,Neither,"{16, 54}",0.001104490365833044,67,91,55.881996154785156,0.0012479200959205627,-0.0009575414005666971,0.0199009757488966,0.5284040570259094,0.11506342406614105,0.2790091264667536,0.023646939545869827,0.34001636505126953,-0.23729653656482697,0.6491643786430359
25,1,1,Neither,"{16, 61}",0.004405416548252106,203,199,55.532936096191406,0.0019041599007323384,-0.0010610332246869802,0.02417060174047947,0.5701510310173035,0.2014068307969263,0.32897459240254906,0.08154919743537903,0.2884395718574524,-0.20370042324066162,1.4112149477005005
25,1,1,Neither,"{16, 63}",0.002162313088774681,127,129,56.208614349365234,0.00025750871282070875,-0.002912186086177826,0.01311781071126461,-0.16728486120700836,0.27733235544146817,0.00330568577954081,0.09078969061374664,1.163426160812378,-0.6955721974372864,1.521714210510254
25,1,1,Neither,"{30, 31}",0.0024953316897153854,142,123,56.24562072753906,-7.899399497546256e-05,0.0005042561097070575,0.01434581819921732,0.008219764567911625,0.19407264180821096,0.002233101434338229,0.031970661133527756,0.9895654916763306,-0.6875695586204529,0.7161757349967957
25,1,1,Neither,"{32, 30}",0.0029340574983507395,162,147,57.26504898071289,0.0003212303854525089,0.0025564730167388916,0.03553986921906471,0.4207618236541748,0.18493824279499274,0.13853086976115367,0.01795712113380432,0.4989958107471466,-0.3586021661758423,0.37540411949157715
25,1,1,Neither,"{35, 30}",0.0026186187751591206,149,140,56.4117546081543,0.0012086426140740514,0.0014805278042331338,0.031694065779447556,0.8733090758323669,0.14658376810627907,0.6732999772572208,0.012354616075754166,0.04138992726802826,-0.04329847916960716,0.2256908118724823
25,1,1,Neither,"{36, 30}",0.00259129935875535,153,144,56.84321594238281,0.0004940602229908109,-0.0005994494422338903,0.011976022273302078,-0.290585458278656,0.21180804427183172,0.00031478712520657907,0.016807517036795616,1.2901792526245117,-0.7561408281326294,0.34945714473724365
10,1,2,Geometry_only,"{56, 5}",0.0032442633528262377,3,93,58.043975830078125,0.001508740708231926,-0.0018782364204525948,0.011825566180050373,-0.11184535920619965,0.3966296067874585,0.08396722000420256,0.05711645260453224,1.018486738204956,-0.5205413699150085,0.5816857218742371
10,1,2,Geometry_only,"{25, 19}",0.0013979231007397175,8,18,59.66643524169922,0.0008147197659127414,0.0008978021214716136,0.00991898961365223,0.04878609627485275,0.19687296851299319,0.04250275167217001,0.002663009101524949,0.9107847213745117,-0.5045328140258789,0.05677789822220802
10,1,2,Geometry_only,"{60, 7}",0.0005933229112997651,1,33,54.14995574951172,0.0031105680391192436,-0.0003295555361546576,0.01067567989230156,0.5392708778381348,0.054389678795859514,0.29543365001532335,0.01628364622592926,0.3246142268180847,-0.2721656858921051,0.656187891960144
10,1,2,Geometry_only,"{5, 6}",0.0030890246853232384,5,102,57.030967712402344,0.0012137930607423186,0.0012831399217247963,0.012042117305099964,0.032563891261816025,0.34339006217392026,0.09499538857337023,0.10419204831123352,0.8755341172218323,-0.4709220230579376,1.2701025009155273
10,1,2,Geometry_only,"{56, 11}",0.003093346720561385,9,88,58.16271209716797,0.0014094423968344927,0.0008737555472180247,0.016802407801151276,0.10035979002714157,0.28886703448735684,0.10646278130409695,0.039188433438539505,0.8038620352745056,-0.43692272901535034,0.5547714233398438
10,1,2,Geometry_only,"{56, 6}",0.00312109780497849,2,86,55.949161529541016,0.0003313231572974473,-2.0092367776669562e-05,0.009960593655705452,-0.1352018415927887,0.3001850215858517,0.03464934199566883,0.04707559943199158,1.0958678722381592,-0.5635059475898743,0.6884168386459351
10,1,2,Geometry_only,"{8, 60}",0.0006300604436546564,4,35,55.65125274658203,0.0009995551081374288,-0.0005045540165156126,0.0077588967978954315,-0.15932826697826385,0.08134282332938843,0.0034836065573770492,0.006533830892294645,1.155289649963379,-0.6396682262420654,0.24718613922595978
10,1,2,Geometry_only,"{19, 13}",0.0014305911026895046,6,13,59.17866897583008,0.00012503564357757568,0.0013625745195895433,0.02190995216369629,0.11623609811067581,0.16596936309236077,0.06467811589836296,0.022249950096011162,0.8266037106513977,-0.45053738355636597,0.5356283783912659
10,1,2,Geometry_only,"{25, 13}",0.001281213597394526,7,14,57.544437408447266,0.000437473994679749,0.0026316458825021982,0.021517103537917137,-0.23623910546302795,0.17882086243395062,0.005219985085756898,0.024912958964705467,1.2297859191894531,-0.6446532011032104,0.5924062728881836
10,1,2,Geometry_only,"{8, 7}",0.0005786088295280933,0,16,56.07020568847656,0.0011334926821291447,-0.0001998103252844885,0.01328958198428154,-0.07537627965211868,0.06284066474422016,0.002122015915119363,0.009749814867973328,1.073094367980957,-0.6585288643836975,0.40900173783302307
10,1,2,CARE_only,"{19, 7}",0.0010472963331267238,40,2,58.01090621948242,0.0016047151293605566,0.00013687557657249272,0.009107168763875961,-0.060834433883428574,0.12654809727801578,0.0035563751317175974,0.06564389914274216,1.0570616722106934,-0.6436458826065063,2.0386486053466797
10,1,2,CARE_only,"{25, 7}",0.0009273813921026886,25,3,56.38197326660156,0.0006328727467916906,-0.001952138147316873,0.005150338634848595,0.019369712099432945,0.12931508676012202,0.005671564836298015,0.06830690801143646,0.9750685691833496,-0.6212387681007385,2.095426559448242
10,1,2,CARE_only,"{9, 60}",0.0012788587482646108,54,0,56.01831817626953,0.0014892293838784099,0.00017623651365283877,0.005288873799145222,0.028439324349164963,0.1481006117380361,0.012943162633652222,0.053172871470451355,0.9589856266975403,-0.5804356336593628,1.4633227586746216
10,1,2,CARE_only,"{8, 9}",0.0012453574454411864,52,4,57.86373519897461,0.0001667216420173645,0.00012991861149203032,0.02023831196129322,0.24138471484184265,0.1380161018785525,0.03272946859903381,0.05970670282840729,0.7337862253189087,-0.5063911080360413,1.710508942604065
10,1,2,CARE_only,"{8, 13}",0.0009416512912139297,31,5,57.24924087524414,0.0005529493791982532,0.0014587662881240249,0.026487434282898903,0.29888659715652466,0.10669578117447036,0.05608498672082487,0.03364413604140282,0.6617914438247681,-0.4545266330242157,1.094018578529358
10,1,2,CARE_only,"{8, 19}",0.0010107674170285463,41,6,59.35348129272461,0.001877036178484559,0.0006203289958648384,0.0205379668623209,0.3694455921649933,0.12909839481272814,0.07023886378308586,0.05589408800005913,0.586264967918396,-0.4295216500759125,1.629646897315979
10,1,2,CARE_only,"{8, 23}",0.0015019787242636085,68,7,56.08633041381836,0.0006714350311085582,0.003327971324324608,0.01304318942129612,0.2619068920612335,0.14956744953577916,0.09885211189122925,0.078755222260952,0.6651310324668884,-0.3872915506362915,2.0757205486297607
10,1,2,CARE_only,"{8, 25}",0.0009155941661447287,26,8,57.78776550292969,8.341671491507441e-05,-0.0005756572936661541,0.036601632833480835,-0.05778536945581436,0.13978297468037937,0.010255187216789887,0.05855709686875343,1.0469375848770142,-0.5921149253845215,1.6864248514175415
10,1,2,CARE_only,"{8, 59}",0.0007229191833175719,13,9,55.81629180908203,0.0015032212249934673,0.0003683135728351772,0.008627678267657757,-0.12351507693529129,0.08867701231810378,0.004511278195488722,0.013038557954132557,1.1184465885162354,-0.6287027597427368,0.47465839982032776
10,1,2,CARE_only,"{13, 7}",0.0009528496884740889,30,1,55.8521614074707,0.0003504214982967824,-0.0012503574835136533,0.006059124134480953,-0.06240406259894371,0.10122847665560981,0.002799275481640046,0.043393950909376144,1.0594301223754883,-0.6504698991775513,1.5030202865600586
10,1,2,Neither,"{4, 5}",0.0021090470254421234,110,116,59.48063659667969,0.0019228733144700527,-0.000699073018040508,0.013026180677115917,-0.11494046449661255,0.29516776957311686,0.012310819968375875,0.1715967357158661,1.1012146472930908,-0.6186501383781433,2.9133434295654297
10,1,2,Neither,"{4, 6}",0.002008090727031231,100,70,57.460540771484375,5.3726835176348686e-05,-0.0012534635607153177,0.003407288808375597,-0.31669187545776367,0.17940426383078026,0.000278732695345164,0.06740468740463257,1.3163248300552368,-0.7471537590026855,1.6432408094406128
10,1,2,Neither,"{4, 7}",0.0007452201098203659,16,23,57.32442092895508,0.0010085502872243524,-0.00022907860693521798,0.005467674229294062,-0.07339087128639221,0.07674228660010335,0.0036924413553431797,0.022017119452357292,1.069427490234375,-0.6360988020896912,0.8575902581214905
10,1,2,Neither,"{8, 4}",0.0007104696705937386,14,27,58.68601608276367,0.001191392308101058,-0.004723154474049807,0.020692672580480576,0.4167453646659851,0.08305969029720134,0.06181015452538632,0.012267304584383965,0.5472036004066467,-0.4481123387813568,0.448588490486145
10,1,2,Neither,"{9, 4}",0.0014121975982561707,62,26,59.06513595581055,0.0005929297185502946,-8.730038825888187e-05,0.017039168626070023,0.39806345105171204,0.14656709949494107,0.06834982372341636,0.047439396381378174,0.5607942938804626,-0.43709811568260193,1.26192045211792
10,1,2,Neither,"{11, 4}",0.00197478081099689,96,49,59.60908889770508,0.001406417810358107,0.002592307748273015,0.022236716002225876,0.06711123138666153,0.181387828580001,0.039147215585370335,0.07529184967279434,0.8963687419891357,-0.500446081161499,1.776886224746704
10,1,2,Neither,"{4, 13}",0.00109009793959558,20,24,58.48081588745117,0.0003690980956889689,-0.0007950570434331894,0.027049779891967773,0.5217477679252625,0.11104628873368559,0.14124887421194837,0.021376833319664,0.41069963574409485,-0.3458719551563263,0.6454300880432129
10,1,2,Neither,"{4, 15}",0.0028447885997593403,140,142,58.69939041137695,0.0010079824132844806,-0.0005301487981341779,0.01630045473575592,0.20714733004570007,0.3146367076158885,0.03968001695274422,0.1963205188512802,0.7613922357559204,-0.5271382927894592,3.1091291904449463
10,1,2,Neither,"{17, 4}",0.0017047572182491422,75,42,59.96947479248047,0.0007986596901901066,-0.00013488261902239174,0.040924325585365295,0.34317830204963684,0.21499174903738769,0.07714374321600248,0.11290867626667023,0.6061519980430603,-0.4316606819629669,2.3123505115509033
10,1,2,Neither,"{18, 4}",0.005031212233006954,182,183,59.627281188964844,0.001152262557297945,0.0006563080241903663,0.0223291777074337,0.21473748981952667,0.3830113513243212,0.05801201148925059,0.26451101899147034,0.7397078275680542,-0.5001978278160095,3.53408145904541
10,1,2,Neither,"{19, 4}",0.0011787465773522854,32,19,60.550228118896484,0.001396769774146378,-0.0006591194542124867,0.022814026102423668,0.23747816681861877,0.14111646358741853,0.07866761162296244,0.043626781553030014,0.7025360465049744,-0.42035287618637085,1.181058406829834
10,1,2,Neither,"{4, 22}",0.036299314349889755,206,147,57.00407409667969,0.0005001395475119352,0.00031278328970074654,0.008454042486846447,-0.06512134522199631,0.11454669711466338,0.037543655413271246,0.014493754133582115,1.0251327753067017,-0.4945434033870697,0.45379412174224854
10,1,2,Neither,"{4, 23}",0.001707590650767088,76,29,57.337127685546875,0.0006875285762362182,-7.865586667321622e-05,0.009215251542627811,0.09495474398136139,0.170336539262914,0.04736275565123789,0.06648791581392288,0.8621798157691956,-0.47968339920043945,1.6271319389343262
10,1,2,Neither,"{25, 4}",0.001078678877092898,22,17,58.99033737182617,0.0005268834065645933,0.003384424839168787,0.01678372547030449,-0.28621265292167664,0.15495141099794976,0.0020438898450946645,0.04628979042172432,1.2835837602615356,-0.677753210067749,1.2378363609313965
10,1,2,Neither,"{26, 4}",0.0043852967210114,173,167,58.538150787353516,0.0010265868622809649,0.0010223510907962918,0.00677715428173542,-0.32316333055496216,0.25719667294517695,0.000712896953985742,0.13543511927127838,1.3222200870513916,-0.7380820512771606,2.5701992511749268
10,1,2,Neither,"{4, 37}",0.00305771897546947,153,145,58.27070236206055,0.001226405380293727,0.0008967971662059426,0.007116545457392931,-0.2302836775779724,0.21519177237344356,0.0008520526723470179,0.09876416623592377,1.2292354106903076,-0.723300039768219,2.1284868717193604
10,1,2,Neither,"{4, 44}",0.0026122573763132095,134,134,57.531944274902344,0.0007351741078309715,0.002325210487470031,0.011091269552707672,-0.20603208243846893,0.2126248062273932,0.002900595798055817,0.09690151363611221,1.2025338411331177,-0.6769527196884155,2.1028308868408203
10,1,2,Neither,"{56, 4}",0.0020731643307954073,106,106,58.4512939453125,0.0008907790761440992,0.0010456884047016501,0.013352571986615658,0.106351338326931,0.22625973030186855,0.03145719758361574,0.11448028683662415,0.8655369877815247,-0.5299984812736511,2.331657648086548
10,1,2,Neither,"{59, 4}",0.0008885535644367337,19,15,57.11199188232422,0.0001065129617927596,-9.116856381297112e-05,0.004774080123752356,-0.14180238544940948,0.10264530861933892,0.0047093212081844756,0.0007712540100328624,1.136425256729126,-0.6292135715484619,0.026069913059473038
10,1,2,Neither,"{4, 60}",0.0008015479543246329,17,11,56.9345588684082,0.00019185428391210735,0.00041342093027196825,0.004671824164688587,-0.03906143456697464,0.09522777657393362,0.004726063364256958,0.005733473226428032,1.0341507196426392,-0.6276605725288391,0.20140235126018524
10,1,2,Neither,"{5, 7}",0.0019462675554677844,109,107,56.919246673583984,0.0012874248204752803,0.0010755677940323949,0.009028134867548943,-0.09083706885576248,0.2719650625906356,0.005945084579553812,0.19361385703086853,1.084351897239685,-0.6453346014022827,3.7709336280822754
10,1,2,Neither,"{8, 5}",0.001947580836713314,111,108,58.30138397216797,0.001094501931220293,-0.00365058658644557,0.028726479038596153,0.19063706696033478,0.2772490123847782,0.027054650393795468,0.1838640421628952,0.7874659299850464,-0.5470032095909119,3.361931800842285
10,1,2,Neither,"{9, 5}",0.0025479996111243963,88,90,58.65836715698242,0.001328794052824378,-0.0022503321524709463,0.012050271965563297,-0.04400894045829773,0.33177204007134165,0.06440916398713827,0.12415733933448792,0.9767652153968811,-0.5064333081245422,1.6514229774475098
10,1,2,Neither,"{11, 5}",0.0031853073742240667,11,105,59.218685150146484,0.0016938033513724804,-0.0011949974577873945,0.01663813926279545,0.005651804618537426,0.3566249395762839,0.07969151670951156,0.09630488604307175,0.9151070713996887,-0.5005224943161011,1.136457085609436
10,1,2,Neither,"{13, 5}",0.002280960325151682,124,125,58.080684661865234,0.0007442767964676023,0.0021181642077863216,0.024167479947209358,-0.0312107615172863,0.3057190005500642,0.057466877487596095,0.1502199023962021,0.9719502925872803,-0.4990062415599823,2.267913341522217
10,1,2,Neither,"{5, 15}",0.003886094782501459,42,82,58.31336975097656,0.0009487882489338517,-0.002369166351854801,0.040818389505147934,0.3200482130050659,0.4108646008701015,0.27457503346991763,0.024723783135414124,0.49325400590896606,-0.3677542507648468,0.1957857608795166
10,1,2,Neither,"{17, 5}",0.002856736769899726,35,83,59.58235549926758,0.0010475898161530495,-0.0029090361203998327,0.03597332164645195,0.10100598633289337,0.36930975280449385,0.15927965336703376,0.05868806317448616,0.755802571773529,-0.4223288595676422,0.6009927988052368
10,1,2,Neither,"{18, 5}",0.0063808332197368145,151,195,59.21803283691406,0.0020768761169165373,-0.0009396486566402018,0.03501838818192482,-0.05293124541640282,0.5178104112146417,0.1621760824078545,0.09291427582502365,0.8821709752082825,-0.5117303133010864,0.6207380294799805
10,1,2,Neither,"{19, 5}",0.002408737549558282,133,131,60.16229248046875,0.0017916579963639379,-9.198495536111295e-05,0.027095403522253036,0.23281575739383698,0.3083693097528045,0.13102702702702704,0.12796995043754578,0.6666623950004578,-0.4029809236526489,1.7322849035263062
10,1,2,Neither,"{5, 22}",0.03778679296374321,195,169,56.59901809692383,0.0006838180706836283,-0.0016779659781605005,0.009519466198980808,-0.14893943071365356,0.2956011534679046,0.066989962783354,0.15710298717021942,1.0719720125198364,-0.4744585454463959,2.4595491886138916
10,1,2,Neither,"{5, 23}",0.002804491436108947,55,94,56.913822174072266,0.0016066909302026033,-0.000929809408262372,0.01246684417128563,-0.030934728682041168,0.3429066724451186,0.09347657009527513,0.1051088199019432,0.9345664978027344,-0.4725002944469452,1.286211371421814
10,1,2,Neither,"{25, 5}",0.0022481493651866913,128,126,58.55684280395508,0.0021423017606139183,0.00203052069991827,0.015555748715996742,0.004523200914263725,0.33150534228993384,0.06129324215607401,0.12530694901943207,0.9344608187675476,-0.5114662051200867,1.6755070686340332
10,1,2,Neither,"{26, 5}",0.005559951066970825,139,163,58.133453369140625,0.0015612448332831264,0.0013303039595484734,0.02276827022433281,0.07679463922977448,0.39407930925274615,0.151890702986211,0.0361616276204586,0.7829790711402893,-0.4458155333995819,0.34314411878585815
10,1,2,Neither,"{37, 5}",0.004161817021667957,57,104,57.891700744628906,0.0008263931958936155,-0.00030464711016975343,0.01685260236263275,0.03686848655343056,0.36772623472738486,0.12021213906894519,0.07283256947994232,0.8473514318466187,-0.4588960111141205,0.7848565578460693
10,1,2,Neither,"{44, 5}",0.0037395614199340343,29,92,57.113529205322266,0.0015165199292823672,-0.002506321296095848,0.011738544330000877,-0.08536387234926224,0.37135999199906655,0.10350554333677454,0.07469522207975388,0.9730226993560791,-0.479988157749176,0.8105124831199646
10,1,2,Neither,"{59, 5}",0.002037462778389454,129,124,56.66862106323242,0.0016807869542390108,-3.563330392353237e-05,0.012353560887277126,0.146251380443573,0.2827829913489907,0.059770114942528735,0.17082548141479492,0.8027199506759644,-0.47608476877212524,2.8872733116149902
10,1,2,Neither,"{60, 5}",0.0019358418649062514,108,114,56.510169982910156,0.0010367002105340362,-0.0011370658176019788,0.005839184857904911,-0.1202300414443016,0.2889337089327088,0.01142263759086189,0.17733021080493927,1.1074340343475342,-0.6191256046295166,3.114745616912842
10,1,2,Neither,"{6, 7}",0.0018607421079650521,95,55,54.76195526123047,0.000761059985961765,0.0006240542279556394,0.007443157024681568,0.07167625427246094,0.14973413564915908,0.030056773906267393,0.08942180871963501,0.9004213213920593,-0.5111866593360901,2.500831127166748
10,1,2,Neither,"{8, 6}",0.0018834196962416172,99,65,56.19526290893555,0.0006282105459831655,0.0015990098472684622,0.016730498522520065,-0.19232138991355896,0.16511926391412332,0.00171613163739148,0.07967199385166168,1.1902751922607422,-0.6843839287757874,2.091829299926758
10,1,2,Neither,"{9, 6}",0.0025075499434024096,83,61,56.60335922241211,-0.00044743658509105444,0.003976856358349323,0.006629480980336666,-0.27989915013313293,0.23241044788558665,0.005952807860575199,0.019965292885899544,1.2722800970077515,-0.6567044258117676,0.38132038712501526
10,1,2,Neither,"{11, 6}",0.003061312949284911,10,57,57.1656608581543,0.0006291503086686134,-0.0017128305044025183,0.008243714459240437,-0.11812112480401993,0.25938026103045353,0.02435576119786646,0.007887163199484348,1.0908883810043335,-0.5773926377296448,0.1336454153060913
10,1,2,Neither,"{13, 6}",0.0022260218393057585,118,75,55.95717239379883,0.0005768391420133412,-0.0020002848468720913,0.010280177928507328,-0.2443011999130249,0.20374043638424483,0.0009817557064550437,0.046027857810258865,1.2430795431137085,-0.719782292842865,0.9978107213973999
10,1,2,Neither,"{6, 15}",0.00379932695068419,48,79,56.20162582397461,0.0006965764332562685,-0.0003129176620859653,0.00996648520231247,-0.28945228457450867,0.4014468354641375,0.007183192160770636,0.12891583144664764,1.280189871788025,-0.702262282371521,1.465888261795044
10,1,2,Neither,"{17, 6}",0.0027670084964483976,27,91,57.535308837890625,0.00018285709666088223,0.0008139124256558716,0.015165201388299465,-0.27122971415519714,0.307602553631257,0.0038474043567790182,0.04550398513674736,1.26633882522583,-0.7034608721733093,0.6691097617149353
10,1,2,Neither,"{18, 6}",0.005995211657136679,161,191,57.16344451904297,0.0010823322227224708,-0.00155854772310704,0.016085028648376465,-0.3242640495300293,0.4814061640524728,0.00214674007132717,0.19710633158683777,1.3214211463928223,-0.7714346051216125,1.8908405303955078
10,1,2,Neither,"{19, 6}",0.0023811778519302607,125,122,58.138206481933594,0.0009173945290967822,0.0013577407225966454,0.00894598662853241,-0.07235506922006607,0.22127581551180972,0.03683615819209039,0.023777905851602554,1.032853603363037,-0.5264654159545898,0.4621823728084564
10,1,2,Neither,"{6, 22}",0.03855130821466446,193,158,54.411048889160156,0.0007724619936197996,0.0010053846053779125,0.004925264976918697,-0.06693042069673538,0.1925557981764539,0.018178670360110803,0.0529109351336956,1.0475350618362427,-0.5715286135673523,1.1894466876983643
10,1,2,Neither,"{6, 23}",0.0027751487214118242,50,52,54.767948150634766,0.0006668312125839293,-0.0009317732183262706,0.008699575439095497,-0.08382594585418701,0.2512293100861767,0.017449575371549893,0.0009167736279778183,1.0649136304855347,-0.5991438031196594,0.016108820214867592
10,1,2,Neither,"{25, 6}",0.002164623001590371,120,111,56.498497009277344,0.0004212742787785828,0.0013675022637471557,0.016527023166418076,0.31820952892303467,0.20214024969579783,0.15007833759379896,0.02111489698290825,0.5794684886932373,-0.3519393801689148,0.4054044783115387
10,1,2,Neither,"{26, 6}",0.005295742303133011,146,144,55.99609375,0.0020450062584131956,0.0011853825999423862,0.039094895124435425,0.2642175257205963,0.2758488490323871,0.21294338026466855,0.06803042441606522,0.5791024565696716,-0.3218614459037781,0.926958441734314
10,1,2,Neither,"{37, 6}",0.0040742140263319016,64,50,55.74882507324219,0.001099096261896193,0.0010440174955874681,0.04237373545765877,-0.02832913212478161,0.2729985164935909,0.0717425815117841,0.0313594788312912,0.9545541405677795,-0.47890177369117737,0.4852459728717804
10,1,2,Neither,"{44, 6}",0.0037218250799924135,36,46,54.958221435546875,0.0012247427366673946,0.0030893234070390463,0.061857014894485474,0.27104246616363525,0.2383278049105729,0.21870191635193734,0.029496828094124794,0.569533109664917,-0.3039051592350006,0.4595900774002075
10,1,2,Neither,"{59, 6}",0.0019834486301988363,121,115,54.509185791015625,0.0008722973871044815,6.604150985367596e-05,0.009058723226189613,0.08915641903877258,0.17308686013368227,0.041891371340523884,0.0666334331035614,0.8726871013641357,-0.49264660477638245,1.6171709299087524
10,1,2,Neither,"{60, 6}",0.0018853493966162205,94,54,54.33563232421875,0.0005041675758548081,0.0014880960807204247,0.005554614122956991,-0.07817933708429337,0.1706865801010118,0.012890625,0.07313816249370575,1.0642809867858887,-0.5852370262145996,1.8446431159973145
10,1,2,Neither,"{9, 7}",0.0012487965868785977,51,12,56.440574645996094,0.0014119839761406183,-0.0004977701464667916,0.007662092335522175,-0.08141802251338959,0.13084859900321705,0.003949044585987261,0.06945651769638062,1.0771474838256836,-0.6394608616828918,2.1195106506347656
10,1,2,Neither,"{11, 7}",0.0017822975059971213,93,47,57.050567626953125,0.0008236479479819536,0.002895289333537221,0.007001160643994808,-0.11144223064184189,0.16250229193405896,0.004718432659759976,0.09730897098779678,1.1061979532241821,-0.6363106966018677,2.63447642326355
10,1,2,Neither,"{15, 7}",0.0026577620301395655,143,141,56.09120178222656,0.0006670498987659812,-0.0005626610945910215,0.008130364120006561,-0.08796704560518265,0.2999849982497958,0.006389953881202423,0.21833764016628265,1.0810149908065796,-0.646803081035614,3.966719388961792
10,1,2,Neither,"{17, 7}",0.0015552337281405926,72,43,57.41934585571289,0.0004389797686599195,0.0006944178603589535,0.007790477015078068,-0.10024140775203705,0.20570733252212758,0.00316019771493396,0.13492579758167267,1.0967644453048706,-0.6638156771659851,3.169940710067749
10,1,2,Neither,"{18, 7}",0.004805452656000853,183,170,57.00923538208008,0.0026621120050549507,-0.00010462195496074855,0.015800124034285545,0.02435242384672165,0.3748604003800443,0.013740050691449153,0.2865281403064728,0.9622421264648438,-0.612813413143158,4.391671657562256
10,1,2,Neither,"{22, 7}",0.032725922763347626,196,152,54.28849411010742,0.0010526194237172604,-0.0003188996633980423,0.007689405232667923,0.23346081376075745,0.07995932858833531,0.17094017094017094,0.03651087358593941,0.6355068683624268,-0.3264002203941345,1.3113843202590942
10,1,2,Neither,"{23, 7}",0.0014879003865644336,66,31,54.6517448425293,0.0007429756224155426,0.00016573944594711065,0.008386053144931793,0.013786065392196178,0.15116763622422616,0.013342154592568089,0.08850503712892532,0.9730557203292847,-0.5737844705581665,2.484722137451172
10,1,2,Neither,"{26, 7}",0.004211373161524534,174,175,55.90238952636719,0.001405881019309163,-0.0006819356349296868,0.004089840222150087,-0.014654546044766903,0.22954344673545246,0.01140076973349793,0.15745222568511963,1.0030866861343384,-0.5978854298591614,3.4277894496917725
10,1,2,Neither,"{37, 7}",0.002825955394655466,158,165,55.63657760620117,0.0011112045031040907,-0.00031327386386692524,0.006582013797014952,-0.05493169277906418,0.1843881786208391,0.03127824986440065,0.12078128755092621,1.021935224533081,-0.5115833878517151,2.986077070236206
10,1,2,Neither,"{44, 7}",0.0024220221675932407,135,137,54.834678649902344,0.0015868948539718986,-0.0028818859718739986,0.004219826776534319,0.1386290341615677,0.18110446218725518,0.03819604233778187,0.11891863495111465,0.82846999168396,-0.4923368990421295,2.960421085357666
10,1,2,Neither,"{56, 7}",0.0018974901176989079,103,72,55.81686782836914,0.0010696101235225797,7.513687160098925e-05,0.005701628513634205,-0.10103665292263031,0.20737419365592652,0.0037778313640382606,0.1364974081516266,1.096877098083496,-0.6558151245117188,3.1892478466033936
10,1,2,Neither,"{59, 7}",0.000686873565427959,15,36,54.37675476074219,0.0015322857070714235,-0.0009446853073313832,0.00781307090073824,0.23272301256656647,0.06354074642041571,0.2261280167890871,0.02278837375342846,0.593774139881134,-0.3004167973995209,0.8836601376533508
10,1,2,Neither,"{8, 11}",0.0018118064617738128,98,66,58.40910720825195,0.0013588350266218185,-0.0005978128174319863,0.01531807892024517,0.03287219628691673,0.17248679012551466,0.011306532663316583,0.08755915611982346,0.9561929702758789,-0.5920180082321167,2.2254745960235596
10,1,2,Neither,"{8, 15}",0.0026649257633835077,144,140,57.513301849365234,-0.00020278998999856412,0.0013093750458210707,0.022835683077573776,0.4052550792694092,0.291767372860167,0.07301188299817185,0.20858782529830933,0.5513214468955994,-0.4422261714935303,3.5577175617218018
25,1,2,Geometry_only,"{8, 4}",0.0007104696705937386,14,27,58.68601608276367,0.001191392308101058,-0.004723154474049807,0.020692672580480576,0.4167453646659851,0.08305969029720134,0.06181015452538632,0.012267304584383965,0.5472036004066467,-0.4481123387813568,0.448588490486145
25,1,2,Geometry_only,"{56, 5}",0.0032442633528262377,3,93,58.043975830078125,0.001508740708231926,-0.0018782364204525948,0.011825566180050373,-0.11184535920619965,0.3966296067874585,0.08396722000420256,0.05711645260453224,1.018486738204956,-0.5205413699150085,0.5816857218742371
25,1,2,Geometry_only,"{59, 7}",0.000686873565427959,15,36,54.37675476074219,0.0015322857070714235,-0.0009446853073313832,0.00781307090073824,0.23272301256656647,0.06354074642041571,0.2261280167890871,0.02278837375342846,0.593774139881134,-0.3004167973995209,0.8836601376533508
25,1,2,Geometry_only,"{60, 7}",0.0005933229112997651,1,33,54.14995574951172,0.0031105680391192436,-0.0003295555361546576,0.01067567989230156,0.5392708778381348,0.054389678795859514,0.29543365001532335,0.01628364622592926,0.3246142268180847,-0.2721656858921051,0.656187891960144
25,1,2,Geometry_only,"{11, 6}",0.003061312949284911,10,57,57.1656608581543,0.0006291503086686134,-0.0017128305044025183,0.008243714459240437,-0.11812112480401993,0.25938026103045353,0.02435576119786646,0.007887163199484348,1.0908883810043335,-0.5773926377296448,0.1336454153060913
25,1,2,Geometry_only,"{37, 15}",0.004854532424360514,24,95,57.0680046081543,0.0005526986205950379,-0.0014517485396936536,0.013866613619029522,-0.11000681668519974,0.4118147117163669,0.06905205213308509,0.09755635261535645,1.0333585739135742,-0.5454882383346558,0.9806423187255859
25,1,2,Geometry_only,"{44, 15}",0.004463168326765299,12,103,56.2825813293457,0.0011335349408909678,-0.0008160733850672841,0.013367177918553352,-0.24932895600795746,0.4298668177954095,0.019194230098103844,0.099419005215168,1.2253490686416626,-0.6612746715545654,1.0062981843948364
25,1,2,Geometry_only,"{17, 11}",0.0027636538725346327,21,67,59.7051887512207,0.0007317883428186178,0.0009736802894622087,0.0238124281167984,0.20856225490570068,0.27879919323921126,0.13996173621906013,0.03761682286858559,0.6806667447090149,-0.3938920199871063,0.535464346408844
25,1,2,Geometry_only,"{59, 60}",0.0007317551644518971,18,38,53.92149353027344,0.0022641781251877546,0.0008057827362790704,0.009177925065159798,0.278263121843338,0.08112613138199457,0.1902609410314362,0.006504727061837912,0.584418535232544,-0.31317588686943054,0.22747226059436798
25,1,2,Geometry_only,"{5, 6}",0.0030890246853232384,5,102,57.030967712402344,0.0012137930607423186,0.0012831399217247963,0.012042117305099964,0.032563891261816025,0.34339006217392026,0.09499538857337023,0.10419204831123352,0.8755341172218323,-0.4709220230579376,1.2701025009155273
25,1,2,Geometry_only,"{56, 11}",0.003093346720561385,9,88,58.16271209716797,0.0014094423968344927,0.0008737555472180247,0.016802407801151276,0.10035979002714157,0.28886703448735684,0.10646278130409695,0.039188433438539505,0.8038620352745056,-0.43692272901535034,0.5547714233398438
25,1,2,Geometry_only,"{56, 6}",0.00312109780497849,2,86,55.949161529541016,0.0003313231572974473,-2.0092367776669562e-05,0.009960593655705452,-0.1352018415927887,0.3001850215858517,0.03464934199566883,0.04707559943199158,1.0958678722381592,-0.5635059475898743,0.6884168386459351
25,1,2,Geometry_only,"{11, 5}",0.0031853073742240667,11,105,59.218685150146484,0.0016938033513724804,-0.0011949974577873945,0.01663813926279545,0.005651804618537426,0.3566249395762839,0.07969151670951156,0.09630488604307175,0.9151070713996887,-0.5005224943161011,1.136457085609436
25,1,2,Geometry_only,"{8, 60}",0.0006300604436546564,4,35,55.65125274658203,0.0009995551081374288,-0.0005045540165156126,0.0077588967978954315,-0.15932826697826385,0.08134282332938843,0.0034836065573770492,0.006533830892294645,1.155289649963379,-0.6396682262420654,0.24718613922595978
25,1,2,CARE_only,"{19, 7}",0.0010472963331267238,40,2,58.01090621948242,0.0016047151293605566,0.00013687557657249272,0.009107168763875961,-0.060834433883428574,0.12654809727801578,0.0035563751317175974,0.06564389914274216,1.0570616722106934,-0.6436458826065063,2.0386486053466797
25,1,2,CARE_only,"{25, 7}",0.0009273813921026886,25,3,56.38197326660156,0.0006328727467916906,-0.001952138147316873,0.005150338634848595,0.019369712099432945,0.12931508676012202,0.005671564836298015,0.06830690801143646,0.9750685691833496,-0.6212387681007385,2.095426559448242
25,1,2,CARE_only,"{9, 59}",0.0013962190132588148,56,10,56.203880310058594,0.001217172248288989,-0.0016852692933753133,0.007054970599710941,-0.10468335449695587,0.1557014985081593,0.011347821432394819,0.04666814208030701,1.0921475887298584,-0.5918980836868286,1.23585045337677
25,1,2,CARE_only,"{9, 60}",0.0012788587482646108,54,0,56.01831817626953,0.0014892293838784099,0.00017623651365283877,0.005288873799145222,0.028439324349164963,0.1481006117380361,0.012943162633652222,0.053172871470451355,0.9589856266975403,-0.5804356336593628,1.4633227586746216
25,1,2,CARE_only,"{19, 4}",0.0011787465773522854,32,19,60.550228118896484,0.001396769774146378,-0.0006591194542124867,0.022814026102423668,0.23747816681861877,0.14111646358741853,0.07866761162296244,0.043626781553030014,0.7025360465049744,-0.42035287618637085,1.181058406829834
25,1,2,CARE_only,"{8, 9}",0.0012453574454411864,52,4,57.86373519897461,0.0001667216420173645,0.00012991861149203032,0.02023831196129322,0.24138471484184265,0.1380161018785525,0.03272946859903381,0.05970670282840729,0.7337862253189087,-0.5063911080360413,1.710508942604065
25,1,2,CARE_only,"{59, 19}",0.0011847417335957289,49,21,57.788818359375,0.0011569908820092678,0.0005171628436073661,0.008569900877773762,-0.14522509276866913,0.1522010901271815,0.005913919614500055,0.04285552725195885,1.1384522914886475,-0.6286424398422241,1.1549885272979736
25,1,2,CARE_only,"{19, 60}",0.0010950162541121244,37,22,57.5920524597168,0.0019792458042502403,-0.001091206562705338,0.005305858328938484,-0.16289003193378448,0.14505025586318404,0.004136980004596644,0.049360256642103195,1.1580791473388672,-0.6437546014785767,1.3824608325958252
25,1,2,CARE_only,"{8, 13}",0.0009416512912139297,31,5,57.24924087524414,0.0005529493791982532,0.0014587662881240249,0.026487434282898903,0.29888659715652466,0.10669578117447036,0.05608498672082487,0.03364413604140282,0.6617914438247681,-0.4545266330242157,1.094018578529358
25,1,2,CARE_only,"{8, 19}",0.0010107674170285463,41,6,59.35348129272461,0.001877036178484559,0.0006203289958648384,0.0205379668623209,0.3694455921649933,0.12909839481272814,0.07023886378308586,0.05589408800005913,0.586264967918396,-0.4295216500759125,1.629646897315979
25,1,2,CARE_only,"{8, 23}",0.0015019787242636085,68,7,56.08633041381836,0.0006714350311085582,0.003327971324324608,0.01304318942129612,0.2619068920612335,0.14956744953577916,0.09885211189122925,0.078755222260952,0.6651310324668884,-0.3872915506362915,2.0757205486297607
25,1,2,CARE_only,"{8, 25}",0.0009155941661447287,26,8,57.78776550292969,8.341671491507441e-05,-0.0005756572936661541,0.036601632833480835,-0.05778536945581436,0.13978297468037937,0.010255187216789887,0.05855709686875343,1.0469375848770142,-0.5921149253845215,1.6864248514175415
25,1,2,CARE_only,"{9, 7}",0.0012487965868785977,51,12,56.440574645996094,0.0014119839761406183,-0.0004977701464667916,0.007662092335522175,-0.08141802251338959,0.13084859900321705,0.003949044585987261,0.06945651769638062,1.0771474838256836,-0.6394608616828918,2.1195106506347656
25,1,2,CARE_only,"{13, 7}",0.0009528496884740889,30,1,55.8521614074707,0.0003504214982967824,-0.0012503574835136533,0.006059124134480953,-0.06240406259894371,0.10122847665560981,0.002799275481640046,0.043393950909376144,1.0594301223754883,-0.6504698991775513,1.5030202865600586
25,1,2,Both,"{4, 7}",0.0007452201098203659,16,23,57.32442092895508,0.0010085502872243524,-0.00022907860693521798,0.005467674229294062,-0.07339087128639221,0.07674228660010335,0.0036924413553431797,0.022017119452357292,1.069427490234375,-0.6360988020896912,0.8575902581214905
25,1,2,Both,"{25, 60}",0.0009595982846803963,23,20,55.96154022216797,0.000640450743958354,0.002563728718087077,0.002890815492719412,-0.20986081659793854,0.14776723951127632,0.00631697687535251,0.0520232655107975,1.2022181749343872,-0.6229559183120728,1.4392386674880981
25,1,2,Both,"{4, 13}",0.00109009793959558,20,24,58.48081588745117,0.0003690980956889689,-0.0007950570434331894,0.027049779891967773,0.5217477679252625,0.11104628873368559,0.14124887421194837,0.021376833319664,0.41069963574409485,-0.3458719551563263,0.6454300880432129
25,1,2,Both,"{25, 19}",0.0013979231007397175,8,18,59.66643524169922,0.0008147197659127414,0.0008978021214716136,0.00991898961365223,0.04878609627485275,0.19687296851299319,0.04250275167217001,0.002663009101524949,0.9107847213745117,-0.5045328140258789,0.05677789822220802
25,1,2,Both,"{25, 4}",0.001078678877092898,22,17,58.99033737182617,0.0005268834065645933,0.003384424839168787,0.01678372547030449,-0.28621265292167664,0.15495141099794976,0.0020438898450946645,0.04628979042172432,1.2835837602615356,-0.677753210067749,1.2378363609313965
25,1,2,Both,"{59, 4}",0.0008885535644367337,19,15,57.11199188232422,0.0001065129617927596,-9.116856381297112e-05,0.004774080123752356,-0.14180238544940948,0.10264530861933892,0.0047093212081844756,0.0007712540100328624,1.136425256729126,-0.6292135715484619,0.026069913059473038
25,1,2,Both,"{4, 60}",0.0008015479543246329,17,11,56.9345588684082,0.00019185428391210735,0.00041342093027196825,0.004671824164688587,-0.03906143456697464,0.09522777657393362,0.004726063364256958,0.005733473226428032,1.0341507196426392,-0.6276605725288391,0.20140235126018524
25,1,2,Both,"{8, 59}",0.0007229191833175719,13,9,55.81629180908203,0.0015032212249934673,0.0003683135728351772,0.008627678267657757,-0.12351507693529129,0.08867701231810378,0.004511278195488722,0.013038557954132557,1.1184465885162354,-0.6287027597427368,0.47465839982032776
25,1,2,Both,"{8, 7}",0.0005786088295280933,0,16,56.07020568847656,0.0011334926821291447,-0.0001998103252844885,0.01328958198428154,-0.07537627965211868,0.06284066474422016,0.002122015915119363,0.009749814867973328,1.073094367980957,-0.6585288643836975,0.40900173783302307
25,1,2,Both,"{19, 13}",0.0014305911026895046,6,13,59.17866897583008,0.00012503564357757568,0.0013625745195895433,0.02190995216369629,0.11623609811067581,0.16596936309236077,0.06467811589836296,0.022249950096011162,0.8266037106513977,-0.45053738355636597,0.5356283783912659
25,1,2,Both,"{25, 13}",0.001281213597394526,7,14,57.544437408447266,0.000437473994679749,0.0026316458825021982,0.021517103537917137,-0.23623910546302795,0.17882086243395062,0.005219985085756898,0.024912958964705467,1.2297859191894531,-0.6446532011032104,0.5924062728881836
25,1,2,Neither,"{4, 5}",0.0021090470254421234,110,116,59.48063659667969,0.0019228733144700527,-0.000699073018040508,0.013026180677115917,-0.11494046449661255,0.29516776957311686,0.012310819968375875,0.1715967357158661,1.1012146472930908,-0.6186501383781433,2.9133434295654297
25,1,2,Neither,"{4, 6}",0.002008090727031231,100,70,57.460540771484375,5.3726835176348686e-05,-0.0012534635607153177,0.003407288808375597,-0.31669187545776367,0.17940426383078026,0.000278732695345164,0.06740468740463257,1.3163248300552368,-0.7471537590026855,1.6432408094406128
25,1,2,Neither,"{9, 4}",0.0014121975982561707,62,26,59.06513595581055,0.0005929297185502946,-8.730038825888187e-05,0.017039168626070023,0.39806345105171204,0.14656709949494107,0.06834982372341636,0.047439396381378174,0.5607942938804626,-0.43709811568260193,1.26192045211792
25,1,2,Neither,"{11, 4}",0.00197478081099689,96,49,59.60908889770508,0.001406417810358107,0.002592307748273015,0.022236716002225876,0.06711123138666153,0.181387828580001,0.039147215585370335,0.07529184967279434,0.8963687419891357,-0.500446081161499,1.776886224746704
25,1,2,Neither,"{4, 15}",0.0028447885997593403,140,142,58.69939041137695,0.0010079824132844806,-0.0005301487981341779,0.01630045473575592,0.20714733004570007,0.3146367076158885,0.03968001695274422,0.1963205188512802,0.7613922357559204,-0.5271382927894592,3.1091291904449463
25,1,2,Neither,"{17, 4}",0.0017047572182491422,75,42,59.96947479248047,0.0007986596901901066,-0.00013488261902239174,0.040924325585365295,0.34317830204963684,0.21499174903738769,0.07714374321600248,0.11290867626667023,0.6061519980430603,-0.4316606819629669,2.3123505115509033
25,1,2,Neither,"{18, 4}",0.005031212233006954,182,183,59.627281188964844,0.001152262557297945,0.0006563080241903663,0.0223291777074337,0.21473748981952667,0.3830113513243212,0.05801201148925059,0.26451101899147034,0.7397078275680542,-0.5001978278160095,3.53408145904541
25,1,2,Neither,"{4, 22}",0.036299314349889755,206,147,57.00407409667969,0.0005001395475119352,0.00031278328970074654,0.008454042486846447,-0.06512134522199631,0.11454669711466338,0.037543655413271246,0.014493754133582115,1.0251327753067017,-0.4945434033870697,0.45379412174224854
25,1,2,Neither,"{4, 23}",0.001707590650767088,76,29,57.337127685546875,0.0006875285762362182,-7.865586667321622e-05,0.009215251542627811,0.09495474398136139,0.170336539262914,0.04736275565123789,0.06648791581392288,0.8621798157691956,-0.47968339920043945,1.6271319389343262
25,1,2,Neither,"{26, 4}",0.0043852967210114,173,167,58.538150787353516,0.0010265868622809649,0.0010223510907962918,0.00677715428173542,-0.32316333055496216,0.25719667294517695,0.000712896953985742,0.13543511927127838,1.3222200870513916,-0.7380820512771606,2.5701992511749268
25,1,2,Neither,"{4, 37}",0.00305771897546947,153,145,58.27070236206055,0.001226405380293727,0.0008967971662059426,0.007116545457392931,-0.2302836775779724,0.21519177237344356,0.0008520526723470179,0.09876416623592377,1.2292354106903076,-0.723300039768219,2.1284868717193604
25,1,2,Neither,"{4, 44}",0.0026122573763132095,134,134,57.531944274902344,0.0007351741078309715,0.002325210487470031,0.011091269552707672,-0.20603208243846893,0.2126248062273932,0.002900595798055817,0.09690151363611221,1.2025338411331177,-0.6769527196884155,2.1028308868408203
25,1,2,Neither,"{56, 4}",0.0020731643307954073,106,106,58.4512939453125,0.0008907790761440992,0.0010456884047016501,0.013352571986615658,0.106351338326931,0.22625973030186855,0.03145719758361574,0.11448028683662415,0.8655369877815247,-0.5299984812736511,2.331657648086548
25,1,2,Neither,"{5, 7}",0.0019462675554677844,109,107,56.919246673583984,0.0012874248204752803,0.0010755677940323949,0.009028134867548943,-0.09083706885576248,0.2719650625906356,0.005945084579553812,0.19361385703086853,1.084351897239685,-0.6453346014022827,3.7709336280822754
25,1,2,Neither,"{8, 5}",0.001947580836713314,111,108,58.30138397216797,0.001094501931220293,-0.00365058658644557,0.028726479038596153,0.19063706696033478,0.2772490123847782,0.027054650393795468,0.1838640421628952,0.7874659299850464,-0.5470032095909119,3.361931800842285
25,1,2,Neither,"{9, 5}",0.0025479996111243963,88,90,58.65836715698242,0.001328794052824378,-0.0022503321524709463,0.012050271965563297,-0.04400894045829773,0.33177204007134165,0.06440916398713827,0.12415733933448792,0.9767652153968811,-0.5064333081245422,1.6514229774475098
25,1,2,Neither,"{13, 5}",0.002280960325151682,124,125,58.080684661865234,0.0007442767964676023,0.0021181642077863216,0.024167479947209358,-0.0312107615172863,0.3057190005500642,0.057466877487596095,0.1502199023962021,0.9719502925872803,-0.4990062415599823,2.267913341522217
25,1,2,Neither,"{5, 15}",0.003886094782501459,42,82,58.31336975097656,0.0009487882489338517,-0.002369166351854801,0.040818389505147934,0.3200482130050659,0.4108646008701015,0.27457503346991763,0.024723783135414124,0.49325400590896606,-0.3677542507648468,0.1957857608795166
25,1,2,Neither,"{17, 5}",0.002856736769899726,35,83,59.58235549926758,0.0010475898161530495,-0.0029090361203998327,0.03597332164645195,0.10100598633289337,0.36930975280449385,0.15927965336703376,0.05868806317448616,0.755802571773529,-0.4223288595676422,0.6009927988052368
25,1,2,Neither,"{18, 5}",0.0063808332197368145,151,195,59.21803283691406,0.0020768761169165373,-0.0009396486566402018,0.03501838818192482,-0.05293124541640282,0.5178104112146417,0.1621760824078545,0.09291427582502365,0.8821709752082825,-0.5117303133010864,0.6207380294799805
25,1,2,Neither,"{19, 5}",0.002408737549558282,133,131,60.16229248046875,0.0017916579963639379,-9.198495536111295e-05,0.027095403522253036,0.23281575739383698,0.3083693097528045,0.13102702702702704,0.12796995043754578,0.6666623950004578,-0.4029809236526489,1.7322849035263062
25,1,2,Neither,"{5, 22}",0.03778679296374321,195,169,56.59901809692383,0.0006838180706836283,-0.0016779659781605005,0.009519466198980808,-0.14893943071365356,0.2956011534679046,0.066989962783354,0.15710298717021942,1.0719720125198364,-0.4744585454463959,2.4595491886138916
25,1,2,Neither,"{5, 23}",0.002804491436108947,55,94,56.913822174072266,0.0016066909302026033,-0.000929809408262372,0.01246684417128563,-0.030934728682041168,0.3429066724451186,0.09347657009527513,0.1051088199019432,0.9345664978027344,-0.4725002944469452,1.286211371421814
25,1,2,Neither,"{25, 5}",0.0022481493651866913,128,126,58.55684280395508,0.0021423017606139183,0.00203052069991827,0.015555748715996742,0.004523200914263725,0.33150534228993384,0.06129324215607401,0.12530694901943207,0.9344608187675476,-0.5114662051200867,1.6755070686340332
25,1,2,Neither,"{26, 5}",0.005559951066970825,139,163,58.133453369140625,0.0015612448332831264,0.0013303039595484734,0.02276827022433281,0.07679463922977448,0.39407930925274615,0.151890702986211,0.0361616276204586,0.7829790711402893,-0.4458155333995819,0.34314411878585815
25,1,2,Neither,"{37, 5}",0.004161817021667957,57,104,57.891700744628906,0.0008263931958936155,-0.00030464711016975343,0.01685260236263275,0.03686848655343056,0.36772623472738486,0.12021213906894519,0.07283256947994232,0.8473514318466187,-0.4588960111141205,0.7848565578460693
25,1,2,Neither,"{44, 5}",0.0037395614199340343,29,92,57.113529205322266,0.0015165199292823672,-0.002506321296095848,0.011738544330000877,-0.08536387234926224,0.37135999199906655,0.10350554333677454,0.07469522207975388,0.9730226993560791,-0.479988157749176,0.8105124831199646
25,1,2,Neither,"{59, 5}",0.002037462778389454,129,124,56.66862106323242,0.0016807869542390108,-3.563330392353237e-05,0.012353560887277126,0.146251380443573,0.2827829913489907,0.059770114942528735,0.17082548141479492,0.8027199506759644,-0.47608476877212524,2.8872733116149902
25,1,2,Neither,"{60, 5}",0.0019358418649062514,108,114,56.510169982910156,0.0010367002105340362,-0.0011370658176019788,0.005839184857904911,-0.1202300414443016,0.2889337089327088,0.01142263759086189,0.17733021080493927,1.1074340343475342,-0.6191256046295166,3.114745616912842
25,1,2,Neither,"{6, 7}",0.0018607421079650521,95,55,54.76195526123047,0.000761059985961765,0.0006240542279556394,0.007443157024681568,0.07167625427246094,0.14973413564915908,0.030056773906267393,0.08942180871963501,0.9004213213920593,-0.5111866593360901,2.500831127166748
25,1,2,Neither,"{8, 6}",0.0018834196962416172,99,65,56.19526290893555,0.0006282105459831655,0.0015990098472684622,0.016730498522520065,-0.19232138991355896,0.16511926391412332,0.00171613163739148,0.07967199385166168,1.1902751922607422,-0.6843839287757874,2.091829299926758
25,1,2,Neither,"{9, 6}",0.0025075499434024096,83,61,56.60335922241211,-0.00044743658509105444,0.003976856358349323,0.006629480980336666,-0.27989915013313293,0.23241044788558665,0.005952807860575199,0.019965292885899544,1.2722800970077515,-0.6567044258117676,0.38132038712501526
25,1,2,Neither,"{13, 6}",0.0022260218393057585,118,75,55.95717239379883,0.0005768391420133412,-0.0020002848468720913,0.010280177928507328,-0.2443011999130249,0.20374043638424483,0.0009817557064550437,0.046027857810258865,1.2430795431137085,-0.719782292842865,0.9978107213973999
25,1,2,Neither,"{6, 15}",0.00379932695068419,48,79,56.20162582397461,0.0006965764332562685,-0.0003129176620859653,0.00996648520231247,-0.28945228457450867,0.4014468354641375,0.007183192160770636,0.12891583144664764,1.280189871788025,-0.702262282371521,1.465888261795044
25,1,2,Neither,"{17, 6}",0.0027670084964483976,27,91,57.535308837890625,0.00018285709666088223,0.0008139124256558716,0.015165201388299465,-0.27122971415519714,0.307602553631257,0.0038474043567790182,0.04550398513674736,1.26633882522583,-0.7034608721733093,0.6691097617149353
25,1,2,Neither,"{18, 6}",0.005995211657136679,161,191,57.16344451904297,0.0010823322227224708,-0.00155854772310704,0.016085028648376465,-0.3242640495300293,0.4814061640524728,0.00214674007132717,0.19710633158683777,1.3214211463928223,-0.7714346051216125,1.8908405303955078
25,1,2,Neither,"{19, 6}",0.0023811778519302607,125,122,58.138206481933594,0.0009173945290967822,0.0013577407225966454,0.00894598662853241,-0.07235506922006607,0.22127581551180972,0.03683615819209039,0.023777905851602554,1.032853603363037,-0.5264654159545898,0.4621823728084564
25,1,2,Neither,"{6, 22}",0.03855130821466446,193,158,54.411048889160156,0.0007724619936197996,0.0010053846053779125,0.004925264976918697,-0.06693042069673538,0.1925557981764539,0.018178670360110803,0.0529109351336956,1.0475350618362427,-0.5715286135673523,1.1894466876983643
25,1,2,Neither,"{6, 23}",0.0027751487214118242,50,52,54.767948150634766,0.0006668312125839293,-0.0009317732183262706,0.008699575439095497,-0.08382594585418701,0.2512293100861767,0.017449575371549893,0.0009167736279778183,1.0649136304855347,-0.5991438031196594,0.016108820214867592
25,1,2,Neither,"{25, 6}",0.002164623001590371,120,111,56.498497009277344,0.0004212742787785828,0.0013675022637471557,0.016527023166418076,0.31820952892303467,0.20214024969579783,0.15007833759379896,0.02111489698290825,0.5794684886932373,-0.3519393801689148,0.4054044783115387
25,1,2,Neither,"{26, 6}",0.005295742303133011,146,144,55.99609375,0.0020450062584131956,0.0011853825999423862,0.039094895124435425,0.2642175257205963,0.2758488490323871,0.21294338026466855,0.06803042441606522,0.5791024565696716,-0.3218614459037781,0.926958441734314
25,1,2,Neither,"{37, 6}",0.0040742140263319016,64,50,55.74882507324219,0.001099096261896193,0.0010440174955874681,0.04237373545765877,-0.02832913212478161,0.2729985164935909,0.0717425815117841,0.0313594788312912,0.9545541405677795,-0.47890177369117737,0.4852459728717804
25,1,2,Neither,"{44, 6}",0.0037218250799924135,36,46,54.958221435546875,0.0012247427366673946,0.0030893234070390463,0.061857014894485474,0.27104246616363525,0.2383278049105729,0.21870191635193734,0.029496828094124794,0.569533109664917,-0.3039051592350006,0.4595900774002075
25,1,2,Neither,"{59, 6}",0.0019834486301988363,121,115,54.509185791015625,0.0008722973871044815,6.604150985367596e-05,0.009058723226189613,0.08915641903877258,0.17308686013368227,0.041891371340523884,0.0666334331035614,0.8726871013641357,-0.49264660477638245,1.6171709299087524
25,1,2,Neither,"{60, 6}",0.0018853493966162205,94,54,54.33563232421875,0.0005041675758548081,0.0014880960807204247,0.005554614122956991,-0.07817933708429337,0.1706865801010118,0.012890625,0.07313816249370575,1.0642809867858887,-0.5852370262145996,1.8446431159973145
25,1,2,Neither,"{11, 7}",0.0017822975059971213,93,47,57.050567626953125,0.0008236479479819536,0.002895289333537221,0.007001160643994808,-0.11144223064184189,0.16250229193405896,0.004718432659759976,0.09730897098779678,1.1061979532241821,-0.6363106966018677,2.63447642326355
25,1,2,Neither,"{15, 7}",0.0026577620301395655,143,141,56.09120178222656,0.0006670498987659812,-0.0005626610945910215,0.008130364120006561,-0.08796704560518265,0.2999849982497958,0.006389953881202423,0.21833764016628265,1.0810149908065796,-0.646803081035614,3.966719388961792
25,1,2,Neither,"{17, 7}",0.0015552337281405926,72,43,57.41934585571289,0.0004389797686599195,0.0006944178603589535,0.007790477015078068,-0.10024140775203705,0.20570733252212758,0.00316019771493396,0.13492579758167267,1.0967644453048706,-0.6638156771659851,3.169940710067749
25,1,2,Neither,"{18, 7}",0.004805452656000853,183,170,57.00923538208008,0.0026621120050549507,-0.00010462195496074855,0.015800124034285545,0.02435242384672165,0.3748604003800443,0.013740050691449153,0.2865281403064728,0.9622421264648438,-0.612813413143158,4.391671657562256
25,1,2,Neither,"{22, 7}",0.032725922763347626,196,152,54.28849411010742,0.0010526194237172604,-0.0003188996633980423,0.007689405232667923,0.23346081376075745,0.07995932858833531,0.17094017094017094,0.03651087358593941,0.6355068683624268,-0.3264002203941345,1.3113843202590942
25,1,2,Neither,"{23, 7}",0.0014879003865644336,66,31,54.6517448425293,0.0007429756224155426,0.00016573944594711065,0.008386053144931793,0.013786065392196178,0.15116763622422616,0.013342154592568089,0.08850503712892532,0.9730557203292847,-0.5737844705581665,2.484722137451172
25,1,2,Neither,"{26, 7}",0.004211373161524534,174,175,55.90238952636719,0.001405881019309163,-0.0006819356349296868,0.004089840222150087,-0.014654546044766903,0.22954344673545246,0.01140076973349793,0.15745222568511963,1.0030866861343384,-0.5978854298591614,3.4277894496917725
25,1,2,Neither,"{37, 7}",0.002825955394655466,158,165,55.63657760620117,0.0011112045031040907,-0.00031327386386692524,0.006582013797014952,-0.05493169277906418,0.1843881786208391,0.03127824986440065,0.12078128755092621,1.021935224533081,-0.5115833878517151,2.986077070236206
25,1,2,Neither,"{44, 7}",0.0024220221675932407,135,137,54.834678649902344,0.0015868948539718986,-0.0028818859718739986,0.004219826776534319,0.1386290341615677,0.18110446218725518,0.03819604233778187,0.11891863495111465,0.82846999168396,-0.4923368990421295,2.960421085357666
25,1,2,Neither,"{56, 7}",0.0018974901176989079,103,72,55.81686782836914,0.0010696101235225797,7.513687160098925e-05,0.005701628513634205,-0.10103665292263031,0.20737419365592652,0.0037778313640382606,0.1364974081516266,1.096877098083496,-0.6558151245117188,3.1892478466033936
25,1,2,Neither,"{8, 11}",0.0018118064617738128,98,66,58.40910720825195,0.0013588350266218185,-0.0005978128174319863,0.01531807892024517,0.03287219628691673,0.17248679012551466,0.011306532663316583,0.08755915611982346,0.9561929702758789,-0.5920180082321167,2.2254745960235596
25,1,2,Neither,"{8, 15}",0.0026649257633835077,144,140,57.513301849365234,-0.00020278998999856412,0.0013093750458210707,0.022835683077573776,0.4052550792694092,0.291767372860167,0.07301188299817185,0.20858782529830933,0.5513214468955994,-0.4422261714935303,3.5577175617218018
10,2,0,Geometry_only,"{63, 55}",0.0026998119428753853,5,77,57.63396072387695,-0.0001754662225721404,-0.0014889215817674994,0.026402447372674942,0.9211106300354004,0.2293267547880586,0.6870184619857538,0.004045445472002029,0.024690916761755943,-0.055138248950242996,0.04621842876076698
10,2,0,Geometry_only,"{54, 39}",0.0009547296212986112,6,44,58.39667510986328,0.0018635765882208943,-0.00026645418256521225,0.014339197427034378,-0.014373197220265865,0.10967946260397046,0.008206686930091186,0.00829461868852377,1.006048560142517,-0.6016071438789368,0.27021461725234985
10,2,0,Geometry_only,"{59, 39}",0.0008835254120640457,8,26,57.055084228515625,0.0014615365071222186,0.0019948980771005154,0.008262473158538342,-0.07401057332754135,0.10209524444518527,0.004408163265306122,0.0012805727310478687,1.069276213645935,-0.6322661638259888,0.04341473802924156
10,2,0,Geometry_only,"{27, 39}",0.0009003218729048967,2,28,59.21210861206055,0.0016853160923346877,-0.00020926547585986555,0.009028402157127857,-0.12895166873931885,0.10462887336855967,0.0020710530508204557,0.0032887435518205166,1.1266134977340698,-0.6654951572418213,0.11021304130554199
10,2,0,Geometry_only,"{43, 54}",0.0009393051732331514,7,13,57.63702392578125,0.0011220587184652686,0.0007892146822996438,0.012758809141814709,-0.021833833307027817,0.10306202390278865,0.0030729419375707585,0.014581066556274891,1.0186938047409058,-0.6486074924468994,0.49312639236450195
10,2,0,Geometry_only,"{27, 54}",0.0009637769544497132,1,33,57.77976608276367,0.001220450852997601,-9.613503061700612e-05,0.02276158146560192,0.335277795791626,0.09619455603153701,0.1887021313463871,0.005005875136703253,0.5392876863479614,-0.30782923102378845,0.16000157594680786
10,2,0,Geometry_only,"{59, 43}",0.000846274895593524,3,25,56.27323532104492,0.0008132086950354278,0.0010587385622784495,0.007630425039678812,-0.03557942807674408,0.093044188488657,0.024722321748477247,0.00756702059879899,1.0099774599075317,-0.5273464322090149,0.26632651686668396
10,2,0,CARE_only,"{10, 7}",0.0015188847901299596,60,0,57.02018356323242,0.001059480244293809,0.0027393337804824114,0.006553016137331724,-0.08135302364826202,0.17133665594319336,0.0031131433018776146,0.10481778532266617,1.0779865980148315,-0.657799243927002,2.7540111541748047
10,2,0,CARE_only,"{10, 43}",0.0016657888190820813,64,2,58.81920623779297,0.0008450338500551879,0.0015702059026807547,0.025131428614258766,0.09887947887182236,0.1837547713899955,0.030206821480406387,0.08959643542766571,0.8739005327224731,-0.522124171257019,2.1366775035858154
10,2,0,CARE_only,"{40, 39}",0.0015430013881996274,44,6,58.79683303833008,0.0011241851607337594,-0.00263570761308074,0.01723652519285679,0.21521371603012085,0.15655159768639676,0.07123083475298127,0.058164194226264954,0.728885293006897,-0.4331549108028412,1.4826693534851074
10,2,0,CARE_only,"{25, 27}",0.0010995096527040005,17,4,58.341453552246094,0.0005639925948344171,-0.0023793899454176426,0.031047727912664413,0.2609065771102905,0.14681712866501093,0.07924613987284287,0.04351036623120308,0.6805230975151062,-0.42061325907707214,1.1449681520462036
10,2,0,CARE_only,"{25, 39}",0.001078456756658852,20,1,58.96162414550781,0.0008931487100198865,-0.0008750485139898956,0.009718271903693676,0.037986841052770615,0.1506175720500725,0.027003098716246128,0.04679911211133003,0.9360358119010925,-0.5277788639068604,1.2551811933517456
10,2,0,CARE_only,"{40, 43}",0.0014933006605133414,48,8,58.026371002197266,0.0009228269336745143,0.0013257747050374746,0.02400399185717106,0.5532476305961609,0.14208324304502193,0.12963397465978413,0.06445064395666122,0.3888380825519562,-0.35257065296173096,1.7055810689926147
10,2,0,CARE_only,"{40, 27}",0.0015676983166486025,46,3,58.18129348754883,0.0005626921774819493,-0.0005962632712908089,0.011872824281454086,-0.18268270790576935,0.17060323704432184,0.005080605764533464,0.054875448346138,1.1766740083694458,-0.641227662563324,1.3724563121795654
10,2,0,Both,"{25, 54}",0.001157909631729126,9,9,57.52875900268555,0.000191694256500341,0.0005814083851873875,0.01599685475230217,-0.06436645984649658,0.16156884969913157,0.0161972557515733,0.03850449249148369,1.0471266508102417,-0.5707594156265259,0.984966516494751
10,2,0,Both,"{43, 27}",0.0008771130815148354,4,5,58.476661682128906,0.00048559074639342725,-0.0007269220659509301,0.009754804894328117,-0.14509962499141693,0.0973280216025203,0.0032539818462065423,0.00957519095391035,1.1413735151290894,-0.6450952291488647,0.3331248164176941
10,2,0,Both,"{43, 39}",0.0007743893074803054,0,7,59.10516357421875,0.0004972158931195736,0.0020146656315773726,0.019034668803215027,0.386422723531723,0.08489323754438018,0.10583153347732181,0.0062864478677511215,0.5486414432525635,-0.3891053795814514,0.2229117751121521
10,2,0,Neither,"{11, 7}",0.0017822975059971213,126,66,57.050567626953125,0.0008236479479819536,0.002895289333537221,0.007001160643994808,-0.11144223064184189,0.16250229193405896,0.004718432659759976,0.09730897098779678,1.1061979532241821,-0.6363106966018677,2.63447642326355
10,2,0,Neither,"{15, 7}",0.0026577620301395655,177,180,56.09120178222656,0.0006670498987659812,-0.0005626610945910215,0.008130364120006561,-0.08796704560518265,0.2999849982497958,0.006389953881202423,0.21833764016628265,1.0810149908065796,-0.646803081035614,3.966719388961792
10,2,0,Neither,"{16, 7}",0.0009273886098526418,26,55,54.68532943725586,0.0023082352709025145,0.0012551536783576012,0.005582522135227919,0.09233289957046509,0.11054623039354591,0.022466827503015683,0.0534493587911129,0.8872746825218201,-0.5324403643608093,1.7596244812011719
10,2,0,Neither,"{20, 7}",0.0013566199922934175,59,48,57.06809997558594,0.0009992560371756554,-0.0014297922607511282,0.004884851165115833,-0.10107444226741791,0.19135565816011868,0.002613240418118467,0.12226558476686478,1.098197102546692,-0.6694316864013672,3.006269931793213
10,2,0,Neither,"{21, 7}",0.0018319900846108794,112,60,55.79090881347656,0.0014265866484493017,0.0030520849395543337,0.0052743349224328995,-0.06655803322792053,0.14123314386678446,0.004720878083323498,0.07865335792303085,1.0615229606628418,-0.6325182914733887,2.3034496307373047
10,2,0,Neither,"{22, 7}",0.032725922763347626,222,199,54.28849411010742,0.0010526194237172604,-0.0003188996633980423,0.007689405232667923,0.23346081376075745,0.07995932858833531,0.17094017094017094,0.03651087358593941,0.6355068683624268,-0.3264002203941345,1.3113843202590942
10,2,0,Neither,"{23, 7}",0.0014879003865644336,65,49,54.6517448425293,0.0007429756224155426,0.00016573944594711065,0.008386053144931793,0.013786065392196178,0.15116763622422616,0.013342154592568089,0.08850503712892532,0.9730557203292847,-0.5737844705581665,2.484722137451172
10,2,0,Neither,"{24, 7}",0.0019747037440538406,147,90,55.18498229980469,0.0013346190098673105,0.0001283713208977133,0.005670181941241026,-0.06827609241008759,0.1616855299784975,0.005670103092783505,0.09672689437866211,1.0622189044952393,-0.6266821026802063,2.624905824661255
10,2,0,Neither,"{25, 7}",0.0009273813921026886,23,24,56.38197326660156,0.0006328727467916906,-0.001952138147316873,0.005150338634848595,0.019369712099432945,0.12931508676012202,0.005671564836298015,0.06830690801143646,0.9750685691833496,-0.6212387681007385,2.095426559448242
10,2,0,Neither,"{27, 7}",0.0007787317153997719,19,45,56.6273078918457,0.002074393443763256,0.0008035670034587383,0.004796109162271023,0.10895126312971115,0.07889253746270398,0.01669131628987957,0.024796543642878532,0.8761759400367737,-0.5542339086532593,0.9504584670066833
10,2,0,Neither,"{33, 7}",0.0017108469037339091,91,83,55.799415588378906,0.002632634248584509,-5.8718018408399075e-05,0.015326742082834244,-0.0017921056132763624,0.230276865634324,0.07882736156351791,0.17165493965148926,0.9228234887123108,-0.41489923000335693,3.5717737674713135
10,2,0,Neither,"{39, 7}",0.0007400321192108095,15,29,57.293792724609375,0.0014414655743166804,-0.0011809875722974539,0.006477410905063152,-0.04281526431441307,0.07622555964862568,0.0028427727968510824,0.02150779962539673,1.0398508310317993,-0.647317111492157,0.8402454257011414
10,2,0,Neither,"{40, 7}",0.0013621591497212648,55,16,56.21616744995117,0.0006409435300156474,-0.0009342263219878078,0.005204676650464535,-0.10404930263757706,0.14253329555114763,0.0037422523681440766,0.07967199385166168,1.0999176502227783,-0.6439900398254395,2.3229148387908936
10,2,0,Neither,"{43, 7}",0.0006985594518482685,11,20,56.509246826171875,0.0010092478478327394,-0.0007473374716937542,0.005593729205429554,-0.06820204108953476,0.06900805093927626,0.003381642512077295,0.015221352688968182,1.0645897388458252,-0.639715850353241,0.6173336505889893
10,2,0,Neither,"{54, 7}",0.0008091793279163539,22,14,55.820125579833984,0.0006376290693879128,0.0019207658478990197,0.002859677653759718,0.010283994488418102,0.08499324921240811,0.011178662482839772,0.029802419245243073,0.97865229845047,-0.5792085528373718,1.1104600429534912
10,2,0,Neither,"{55, 7}",0.0017498628003522754,87,75,56.1702766418457,0.00101320946123451,9.168883843813092e-05,0.004964802414178848,-0.03368315473198891,0.2211424666211058,0.0023366247079219114,0.14828449487686157,1.0312678813934326,-0.6800764799118042,3.32755708694458
10,2,0,Neither,"{58, 7}",0.002501771319657564,175,169,57.47676467895508,0.001655281288549304,0.0010047467658296227,0.006435961462557316,-0.021942732855677605,0.2519293917623723,0.006153235410877332,0.17606419324874878,1.015654444694519,-0.6395300626754761,3.613919258117676
10,2,0,Neither,"{59, 7}",0.000686873565427959,18,50,54.37675476074219,0.0015322857070714235,-0.0009446853073313832,0.00781307090073824,0.23272301256656647,0.06354074642041571,0.2261280167890871,0.02278837375342846,0.593774139881134,-0.3004167973995209,0.8836601376533508
10,2,0,Neither,"{62, 7}",0.0010130220325663686,37,53,54.109134674072266,0.0014290723484009504,0.0007393186097033322,0.01588013581931591,0.053972989320755005,0.149834147317187,0.014350873289576148,0.08745729178190231,0.9324507117271423,-0.5686239004135132,2.4661595821380615
10,2,0,Neither,"{63, 7}",0.0018076379783451557,97,76,56.139095306396484,-5.038455128669739e-05,0.001632805448025465,0.003278224729001522,-0.055164169520139694,0.21654192989182072,0.002232314679393426,0.14423905313014984,1.0528087615966797,-0.6810801029205322,3.281338691711426
10,2,0,Neither,"{10, 11}",0.0027421533595770597,161,167,59.31536102294922,0.0014948800671845675,-0.0003855524118989706,0.015994854271411896,-0.12491677701473236,0.2747653892954178,0.031181752001941277,0.0075088124722242355,1.0898399353027344,-0.5634550452232361,0.11953478306531906
10,2,0,Neither,"{10, 15}",0.0034927953965961933,200,210,58.37604522705078,0.001964225899428129,0.0026857764460146427,0.02324644848704338,0.004817114677280188,0.39392929175070424,0.07117166673718953,0.11351985484361649,0.924354076385498,-0.5302636623382568,1.2127081155776978
10,2,0,Neither,"{16, 10}",0.001852389657869935,67,79,57.059364318847656,0.002373307943344116,-0.00014969428593758494,0.018707983195781708,0.028846297413110733,0.2282099578284133,0.021400920312614126,0.05136842653155327,0.9503701329231262,-0.5728105306625366,0.9943867921829224
10,2,0,Neither,"{10, 20}",0.002264808164909482,58,137,59.33851623535156,0.0014433875912800431,0.002334184478968382,0.02344118431210518,-0.30964016914367676,0.30825262947343857,0.011896393229870761,0.017447803169488907,1.294060230255127,-0.6466771364212036,0.25225865840911865
10,2,0,Neither,"{10, 21}",0.002502069342881441,39,67,58.10658264160156,0.002020506653934717,0.0018845046870410442,0.017034443095326424,0.8993567228317261,0.16030203523744438,0.6341894561713632,0.026164427399635315,0.036816373467445374,-0.05672963336110115,0.4505617022514343
10,2,0,Neither,"{10, 22}",0.03076045960187912,218,216,56.67644500732422,0.0013099969364702702,-0.00013765401672571898,0.006458371877670288,-0.059735529124736786,0.21304152151084293,0.0030514044284484783,0.06830690801143646,1.056501865386963,-0.6783328652381897,1.4426268339157104
10,2,0,Neither,"{10, 23}",0.002396895783022046,138,133,57.04741668701172,0.00022994056052993983,2.22997332457453e-05,0.011386842466890812,-0.1629568636417389,0.27186505092260765,0.0050889025137952175,0.016312750056385994,1.157038688659668,-0.678852915763855,0.2692890167236328
10,2,0,Neither,"{24, 10}",0.0028256571386009455,153,160,57.549644470214844,0.0010892375139519572,0.0004092970921192318,0.005542022176086903,-0.2415912002325058,0.28164952577800745,0.0036101083032490976,0.008090890944004059,1.2371089458465576,-0.6981314420700073,0.12910540401935577
10,2,0,Neither,"{25, 10}",0.0018116035498678684,76,86,58.68402099609375,0.0009387832833454013,0.000805609452072531,0.021919384598731995,-0.3958461880683899,0.24992915840181354,0.0007336267840469521,0.03651087358593941,1.394822120666504,-0.7439819574356079,0.6585846543312073
10,2,0,Neither,"{10, 27}",0.0017007188871502876,73,32,58.95106506347656,0.0012129985261708498,-0.0024984320625662804,0.02254837192595005,-0.13350127637386322,0.1995399463270715,0.0036755492440063487,0.08002123981714249,1.1293350458145142,-0.6639498472213745,1.8035527467727661
10,2,0,Neither,"{33, 10}",0.0026447016280144453,72,153,58.13120651245117,0.0025617617648094893,0.0033836476504802704,0.021959014236927032,-0.10779900848865509,0.3526744786891804,0.0448530106815389,0.06683716177940369,1.0581108331680298,-0.5623781085014343,0.817762553691864
10,2,0,Neither,"{10, 39}",0.0017003940884023905,68,41,59.57072067260742,0.0013439696049317718,0.000855456804856658,0.02350146882236004,-0.1562228500843048,0.19452269431433666,0.010197086546700942,0.08330998569726944,1.144432783126831,-0.6071615219116211,1.913765788078308
10,2,0,Neither,"{40, 10}",0.0022400510497391224,114,110,58.51725769042969,0.001203448511660099,-0.0018991916440427303,0.029358547180891037,0.06169472634792328,0.2506125714666711,0.049950116395078153,0.025145791471004486,0.8914368152618408,-0.5087496042251587,0.43109646439552307
10,2,0,Neither,"{10, 54}",0.0017553790239617229,78,37,58.15569305419922,0.0005633668042719364,0.00039138190913945436,0.021076317876577377,-0.027175655588507652,0.2045905355624823,0.006925207756232687,0.0750153660774231,1.0200622081756592,-0.6345297694206238,1.643551230430603
10,2,0,Neither,"{10, 55}",0.002596802543848753,57,143,58.487979888916016,0.001043930766172707,-0.0006692353636026382,0.02320241928100586,-0.29002296924591064,0.3411564682546297,0.0016612107294669467,0.043466709554195404,1.2878799438476562,-0.7471566200256348,0.5735458731651306
10,2,0,Neither,"{10, 58}",0.003384989220649004,181,185,59.753623962402344,0.0013075609458610415,-9.87277744570747e-05,0.019872648641467094,0.0199490487575531,0.34237327688230296,0.09104186952288218,0.07124640792608261,0.8908252716064453,-0.48072385787963867,0.8599079251289368
10,2,0,Neither,"{10, 59}",0.0016675597289577127,63,43,56.77262878417969,0.0013573539908975363,-4.87871584482491e-05,0.008306656964123249,0.058950234204530716,0.19263914123314388,0.02768884658648438,0.08202940970659256,0.914993166923523,-0.534337043762207,1.8703510761260986
10,2,0,Neither,"{10, 62}",0.0019087644759565592,71,108,56.530094146728516,0.0007650853367522359,0.0010387817164883018,0.010476402938365936,-0.061778463423252106,0.2608470988281966,0.042942041024985625,0.017360491678118706,1.0161834955215454,-0.5283399224281311,0.2878516614437103
10,2,0,Neither,"{10, 63}",0.002662943908944726,62,130,58.46739959716797,-0.00025610459852032363,-0.0006632542936131358,0.031029459089040756,-0.2943597435951233,0.33702265264280834,0.00019783372075770316,0.039421264082193375,1.2941036224365234,-0.8020073771476746,0.5273274183273315
10,2,0,Neither,"{11, 15}",0.00386776402592659,77,148,58.43470001220703,0.0007568736909888685,-0.004666196648031473,0.01819370687007904,0.07745052874088287,0.36850965946027037,0.12172064411072915,0.12102866917848587,0.8102561831474304,-0.4495047330856323,1.3322428464889526
10,2,0,Neither,"{16, 11}",0.0021731466986238956,75,40,57.080692291259766,0.002467737067490816,-0.0001490703143645078,0.010160761885344982,0.04018468037247658,0.2041071458336806,0.09987750102082482,0.04385961592197418,0.8639513850212097,-0.4083158075809479,0.8748520016670227
10,2,0,Neither,"{11, 20}",0.0025991457514464855,139,136,59.35319137573242,0.0017225570045411587,-0.002044539200142026,0.011997956782579422,0.07475459575653076,0.2775657160002,0.09278164785010809,0.024956615641713142,0.8393996357917786,-0.4502852261066437,0.3717934191226959
10,2,0,Neither,"{11, 21}",0.003079376183450222,190,186,58.127296447753906,0.0021080183796584606,0.00019123144738841802,0.009323974139988422,-0.10437605530023575,0.24541196472921842,0.03239828839231135,0.01865561492741108,1.0685961246490479,-0.5477533340454102,0.33102691173553467
10,2,0,Neither,"{11, 22}",0.03810501471161842,214,215,56.72639465332031,0.0003975574509240687,-0.0011558812111616135,0.006057117134332657,-0.11441361904144287,0.197173003517077,0.0401555499196889,0.060798097401857376,1.0696637630462646,-0.5059617161750793,1.3230921030044556
10,2,0,Neither,"{11, 23}",0.002747687976807356,24,93,57.045833587646484,0.0011197258718311787,-0.0005703171482309699,0.0074217841029167175,-0.024330569431185722,0.24722884336505926,0.07045577130528587,0.008803937584161758,0.9521605968475342,-0.47061634063720703,0.14975422620773315
10,2,0,Neither,"{24, 11}",0.0031910662073642015,69,109,57.57032012939453,0.001188234076835215,-0.0011618267744779587,0.009769872762262821,-0.041106805205345154,0.2606470754921407,0.05148046300441261,0.0005820784717798233,0.9875101447105408,-0.5105315446853638,0.009570625610649586
10,2,0,Neither,"{25, 11}",0.002194961765781045,155,142,58.701438903808594,0.0011362279765307903,-0.0020851935259997845,0.011347600258886814,-0.0260890144854784,0.23329388428650008,0.035224349814232635,0.029002061113715172,0.9899457097053528,-0.5349844098091125,0.5390498638153076
10,2,0,Neither,"{27, 11}",0.002001116517931223,144,81,58.96809768676758,0.0014133378863334656,0.0001786478969734162,0.008012846112251282,0.0696880891919136,0.17650392545797008,0.08593823779393711,0.0725124254822731,0.8503625392913818,-0.4137575924396515,1.6840180158615112
10,2,0,Neither,"{33, 11}",0.003007336053997278,196,213,58.169498443603516,0.002050949726253748,0.0014166440814733505,0.014531580731272697,-0.1589532047510147,0.3427899921657527,0.04989059080962801,0.07434597611427307,1.1011323928833008,-0.5466234087944031,0.9372973442077637
10,2,0,Neither,"{11, 39}",0.0019886111840605736,140,80,59.541629791259766,0.003077002475038171,0.0013620936078950763,0.016292521730065346,-0.08693614602088928,0.18717183671428334,0.003918425505387835,0.07580117136240005,1.0826771259307861,-0.65716153383255,1.7942310571670532
10,2,0,Neither,"{40, 11}",0.002595207653939724,142,114,58.55048370361328,0.0008695611031726003,-0.00029013684252277017,0.017758844420313835,0.07874087989330292,0.23434400680079343,0.08613699409630841,0.01763697899878025,0.8419046401977539,-0.44093239307403564,0.3115617036819458
10,2,0,Neither,"{43, 11}",0.0019353603711351752,145,82,58.82158279418945,0.0015522384783253074,0.0009982662741094828,0.014198347926139832,-0.010907456278800964,0.17828746687113498,0.013556469708302168,0.08208762109279633,0.9972031116485596,-0.5830929279327393,2.0171427726745605
10,2,0,Neither,"{11, 54}",0.0020067051518708467,148,84,58.14323806762695,0.0018059962894767523,3.0380513635464013e-05,0.015813050791621208,0.2592304050922394,0.17213674928741687,0.1467996513992447,0.06750655174255371,0.632024884223938,-0.34010380506515503,1.5240163803100586
10,2,0,Neither,"{11, 55}",0.002991089364513755,191,191,58.50363540649414,0.001303336350247264,-0.0016778039280325174,0.013640619814395905,-0.061759963631629944,0.31913723267714567,0.04382116368954351,0.05097552388906479,1.0152324438095093,-0.5502992868423462,0.6930806040763855
10,2,0,Neither,"{58, 11}",0.0038282955065369606,80,151,59.75094985961914,0.002154797548428178,-0.0007642392884008586,0.01563306152820587,-0.11706075072288513,0.3473071858383478,0.05077750047993857,0.078755222260952,1.0603392124176025,-0.5465509295463562,0.9794427156448364
10,2,0,Neither,"{59, 11}",0.001938245608471334,150,112,56.803192138671875,0.0011210681404918432,-0.00011699332389980555,0.006819003261625767,-0.1833290308713913,0.18867201173470238,0.0037105751391465678,0.07452059537172318,1.1789381504058838,-0.6603834629058838,1.7508163452148438
10,2,0,Neither,"{11, 62}",0.0021639468614012003,146,106,56.51017761230469,0.002336859004572034,0.00029800404445268214,0.01392341312021017,0.24573035538196564,0.22542629973496908,0.1686631174208814,0.009851678274571896,0.6270521879196167,-0.3428809642791748,0.16831687092781067
10,2,0,Neither,"{11, 63}",0.003023906145244837,193,195,58.488765716552734,-0.00018045834440272301,0.002457625698298216,0.01278331782668829,0.01040538027882576,0.3071191639024553,0.06957937584803256,0.04693007841706276,0.9207392334938049,-0.49716827273368835,0.6468622088432312
10,2,0,Neither,"{16, 15}",0.0030347146093845367,176,176,56.13629150390625,0.001846508588641882,-0.0022728368639945984,0.012130174785852432,-0.09733638912439346,0.3511242978347474,0.03417991929741277,0.16488827764987946,1.0598294734954834,-0.5693876147270203,2.20709490776062
10,2,0,Neither,"{20, 15}",0.0034115705639123917,156,161,58.46831512451172,0.0003476901329122484,-0.0011034270282834768,0.011081356555223465,-0.257018119096756,0.4200823429400097,0.05205936036822474,0.09607205539941788,1.1915785074234009,-0.5781431198120117,0.9604494571685791
10,2,0,Neither,"{21, 15}",0.003863539546728134,208,227,57.22331619262695,0.0006929709925316274,-0.0012567954836413264,0.011984787881374359,0.058452241122722626,0.3650259196906306,0.07388465226722682,0.1396842896938324,0.8719818592071533,-0.505270779132843,1.6632697582244873
10,2,0,Neither,"{22, 15}",0.03619677200913429,211,226,55.758644104003906,0.0003264822589699179,-0.0008399895741604269,0.005761043168604374,-0.09669514000415802,0.31630356874968746,0.08668844856661045,0.18182677030563354,1.001624345779419,-0.44624006748199463,2.655334949493408
10,2,0,Neither,"{23, 15}",0.0033861640840768814,128,145,56.09798812866211,0.0005622786702588201,-0.0013098969357088208,0.017382897436618805,0.3665943145751953,0.31913723267714567,0.2636582053692677,0.12983261048793793,0.466403067111969,-0.2949282228946686,1.4819971323013306
10,2,0,Neither,"{24, 15}",0.003963763825595379,49,146,56.61878204345703,0.0010792671237140894,-0.0009178805048577487,0.016167396679520607,-0.26223045587539673,0.40469721467504544,0.019770171753367108,0.12161074578762054,1.2372759580612183,-0.6455672979354858,1.341813564300537
10,2,0,Neither,"{25, 15}",0.0029763560742139816,201,209,57.7901611328125,0.0002798361238092184,0.0007109824800863862,0.009440876543521881,-0.3612629771232605,0.3766939476272232,0.009159697331740343,0.1500307321548462,1.3487942218780518,-0.6765252947807312,1.8712927103042603
10,2,0,Neither,"{27, 15}",0.0028515176381915808,187,189,58.0615234375,0.0005551358917728066,-0.0005985566531307995,0.008021581918001175,-0.14349372684955597,0.3242711649692464,0.01860799835509407,0.19354109466075897,1.1222156286239624,-0.597560465335846,3.016260862350464
10,2,0,Neither,"{33, 15}",0.0038300890009850264,209,228,57.221954345703125,0.0021802366245537996,-0.0003068807418458164,0.01724172756075859,-0.17372238636016846,0.46485423299384926,0.07243258749282845,0.0466826967895031,1.088706612586975,-0.5736839175224304,0.39494556188583374
10,2,0,Neither,"{39, 15}",0.002853038953617215,184,181,58.69207000732422,0.0006487275240942836,0.0009705257252790034,0.021618222817778587,0.06385812163352966,0.31285316620272363,0.04374234109435772,0.19682984054088593,0.8951928615570068,-0.5163323283195496,3.126473903656006
10,2,0,Neither,"{40, 15}",0.0033307934645563364,199,208,57.61149978637695,0.0008728969842195511,-0.0013448932440951467,0.021633761003613472,0.40306276082992554,0.3288550330871935,0.19554969841350298,0.13866564631462097,0.48020634055137634,-0.35022929310798645,1.6438045501708984
10,2,0,Neither,"{43, 15}",0.0027643844950944185,183,182,57.915550231933594,0.0006000464782118797,-0.0006270578596740961,0.014519281685352325,0.2291637659072876,0.30593569249745806,0.04380516508662962,0.2031162828207016,0.7370696067810059,-0.5099989771842957,3.3493857383728027
10,2,0,Neither,"{54, 15}",0.0028691731858998537,194,196,57.23363494873047,0.000588197261095047,-0.00011245207133470103,0.013776668347418308,0.0163092203438282,0.3250712583134699,0.03374012921751615,0.18853522837162018,0.9505009055137634,-0.550542414188385,2.856259346008301
10,2,0,Neither,"{55, 15}",0.003705316921696067,206,220,57.57612228393555,0.0009106770157814026,6.972119444981217e-05,0.02370627596974373,-0.4317511320114136,0.47088827029820146,0.00184070796460177,0.07005314528942108,1.429115653038025,-0.7842462658882141,0.6391622424125671
10,2,0,Neither,"{58, 15}",0.004626289010047913,25,150,58.85553741455078,0.0013718591071665287,0.001638899790123105,0.02638396993279457,0.11723290383815765,0.42424949577450705,0.18697941222693698,0.04227345064282417,0.7177078127861023,-0.43490368127822876,0.352800190448761
10,2,0,Neither,"{59, 15}",0.002780650043860078,188,188,55.835594177246094,0.0011128796031698585,0.002262778114527464,0.0076946597546339035,-0.1497659981250763,0.3231543680096011,0.01501005828648063,0.19554926455020905,1.1325079202651978,-0.6118753552436829,3.083059072494507
10,2,0,Neither,"{62, 15}",0.0029977383092045784,165,170,55.60049819946289,9.004405001178384e-05,-0.0005934124928899109,0.014754705131053925,0.0007175956852734089,0.36509259413598255,0.10131032278683286,0.13088035583496094,0.898044764995575,-0.4693545401096344,1.5005598068237305
10,2,0,Neither,"{63, 15}",0.0037476716097444296,207,221,57.52665328979492,0.0005512827774509788,0.00037466082721948624,0.013076242059469223,-0.4102863669395447,0.46505425632990516,0.0044444444444444444,0.07409859448671341,1.4040184020996094,-0.751703143119812,0.6853806972503662
25,2,0,Geometry_only,"{63, 55}",0.0026998119428753853,5,77,57.63396072387695,-0.0001754662225721404,-0.0014889215817674994,0.026402447372674942,0.9211106300354004,0.2293267547880586,0.6870184619857538,0.004045445472002029,0.024690916761755943,-0.055138248950242996,0.04621842876076698
25,2,0,Geometry_only,"{33, 63}",0.002969596069306135,10,147,57.304466247558594,0.0002494953223504126,0.002069946378469467,0.018793098628520966,-0.022089319303631783,0.3885786675112096,0.06451612903225806,0.027415897697210312,0.956148087978363,-0.5467903017997742,0.29043513536453247
25,2,0,Geometry_only,"{54, 39}",0.0009547296212986112,6,44,58.39667510986328,0.0018635765882208943,-0.00026645418256521225,0.014339197427034378,-0.014373197220265865,0.10967946260397046,0.008206686930091186,0.00829461868852377,1.006048560142517,-0.6016071438789368,0.27021461725234985
25,2,0,Geometry_only,"{59, 39}",0.0008835254120640457,8,26,57.055084228515625,0.0014615365071222186,0.0019948980771005154,0.008262473158538342,-0.07401057332754135,0.10209524444518527,0.004408163265306122,0.0012805727310478687,1.069276213645935,-0.6322661638259888,0.04341473802924156
25,2,0,Geometry_only,"{27, 7}",0.0007787317153997719,19,45,56.6273078918457,0.002074393443763256,0.0008035670034587383,0.004796109162271023,0.10895126312971115,0.07889253746270398,0.01669131628987957,0.024796543642878532,0.8761759400367737,-0.5542339086532593,0.9504584670066833
25,2,0,Geometry_only,"{39, 7}",0.0007400321192108095,15,29,57.293792724609375,0.0014414655743166804,-0.0011809875722974539,0.006477410905063152,-0.04281526431441307,0.07622555964862568,0.0028427727968510824,0.02150779962539673,1.0398508310317993,-0.647317111492157,0.8402454257011414
25,2,0,Geometry_only,"{25, 59}",0.0010734094539657235,16,42,56.11524963378906,0.0015127435326576233,-0.00011553006333997473,0.00689132884144783,-0.058209024369716644,0.1553514576700615,0.005150214592274678,0.04551853984594345,1.052759051322937,-0.6365007758140564,1.2117663621902466
25,2,0,Geometry_only,"{11, 23}",0.002747687976807356,24,93,57.045833587646484,0.0011197258718311787,-0.0005703171482309699,0.0074217841029167175,-0.024330569431185722,0.24722884336505926,0.07045577130528587,0.008803937584161758,0.9521605968475342,-0.47061634063720703,0.14975422620773315
25,2,0,Geometry_only,"{27, 39}",0.0009003218729048967,2,28,59.21210861206055,0.0016853160923346877,-0.00020926547585986555,0.009028402157127857,-0.12895166873931885,0.10462887336855967,0.0020710530508204557,0.0032887435518205166,1.1266134977340698,-0.6654951572418213,0.11021304130554199
25,2,0,Geometry_only,"{59, 7}",0.000686873565427959,18,50,54.37675476074219,0.0015322857070714235,-0.0009446853073313832,0.00781307090073824,0.23272301256656647,0.06354074642041571,0.2261280167890871,0.02278837375342846,0.593774139881134,-0.3004167973995209,0.8836601376533508
25,2,0,Geometry_only,"{27, 54}",0.0009637769544497132,1,33,57.77976608276367,0.001220450852997601,-9.613503061700612e-05,0.02276158146560192,0.335277795791626,0.09619455603153701,0.1887021313463871,0.005005875136703253,0.5392876863479614,-0.30782923102378845,0.16000157594680786
25,2,0,Geometry_only,"{59, 43}",0.000846274895593524,3,25,56.27323532104492,0.0008132086950354278,0.0010587385622784495,0.007630425039678812,-0.03557942807674408,0.093044188488657,0.024722321748477247,0.00756702059879899,1.0099774599075317,-0.5273464322090149,0.26632651686668396
25,2,0,Geometry_only,"{59, 27}",0.000912881747353822,13,31,56.403038024902344,0.0015020468272268772,0.00025874230777844787,0.008629731833934784,0.2120775580406189,0.10384544863567416,0.02375601926163724,0.002008170820772648,0.7692045569419861,-0.5312439799308777,0.06679830700159073
25,2,0,Geometry_only,"{33, 55}",0.0029069059528410435,14,154,57.329246520996094,0.0014576230896636844,0.0004355776181910187,0.014427391812205315,0.0341603085398674,0.3872118413814945,0.08024106758501937,0.023370452225208282,0.8883396983146667,-0.5227132439613342,0.2442166954278946
25,2,0,CARE_only,"{10, 7}",0.0015188847901299596,60,0,57.02018356323242,0.001059480244293809,0.0027393337804824114,0.006553016137331724,-0.08135302364826202,0.17133665594319336,0.0031131433018776146,0.10481778532266617,1.0779865980148315,-0.657799243927002,2.7540111541748047
25,2,0,CARE_only,"{10, 43}",0.0016657888190820813,64,2,58.81920623779297,0.0008450338500551879,0.0015702059026807547,0.025131428614258766,0.09887947887182236,0.1837547713899955,0.030206821480406387,0.08959643542766571,0.8739005327224731,-0.522124171257019,2.1366775035858154
25,2,0,CARE_only,"{40, 39}",0.0015430013881996274,44,6,58.79683303833008,0.0011241851607337594,-0.00263570761308074,0.01723652519285679,0.21521371603012085,0.15655159768639676,0.07123083475298127,0.058164194226264954,0.728885293006897,-0.4331549108028412,1.4826693534851074
25,2,0,CARE_only,"{40, 43}",0.0014933006605133414,48,8,58.026371002197266,0.0009228269336745143,0.0013257747050374746,0.02400399185717106,0.5532476305961609,0.14208324304502193,0.12963397465978413,0.06445064395666122,0.3888380825519562,-0.35257065296173096,1.7055810689926147
25,2,0,CARE_only,"{40, 54}",0.0016330271027982235,51,15,57.35340881347656,0.0006441681762225926,0.00034431982203386724,0.017061609774827957,0.005903836339712143,0.17455369793142533,0.015183346065699007,0.04986957460641861,0.9790024757385254,-0.5784127712249756,1.2124546766281128
25,2,0,CARE_only,"{40, 7}",0.0013621591497212648,55,16,56.21616744995117,0.0006409435300156474,-0.0009342263219878078,0.005204676650464535,-0.10404930263757706,0.14253329555114763,0.0037422523681440766,0.07967199385166168,1.0999176502227783,-0.6439900398254395,2.3229148387908936
25,2,0,CARE_only,"{27, 23}",0.0017092694761231542,81,11,56.66609191894531,0.0008339515188708901,0.0003629120474215597,0.005977624095976353,-0.08512668311595917,0.17878752521127464,0.01566287525638635,0.06370849162340164,1.0681304931640625,-0.5760805010795593,1.5342637300491333
25,2,0,CARE_only,"{40, 59}",0.0015127431834116578,53,12,55.97684860229492,0.0005124699091538787,0.0003667165874503553,0.005829730071127415,-0.1555628776550293,0.1667194506025703,0.014697060587882423,0.05688362196087837,1.1385794878005981,-0.5772817134857178,1.439254641532898
25,2,0,CARE_only,"{39, 23}",0.0017041019164025784,79,10,57.30463790893555,0.0011851924937218428,-0.0023872784804552794,0.010748474858701229,0.034558385610580444,0.1700198356474922,0.04588235294117647,0.0669972375035286,0.9211449027061462,-0.48267486691474915,1.6444767713546753
25,2,0,CARE_only,"{40, 27}",0.0015676983166486025,46,3,58.18129348754883,0.0005626921774819493,-0.0005962632712908089,0.011872824281454086,-0.18268270790576935,0.17060323704432184,0.005080605764533464,0.054875448346138,1.1766740083694458,-0.641227662563324,1.3724563121795654
25,2,0,CARE_only,"{43, 62}",0.001147130155004561,41,23,56.013423919677734,0.0007570211309939623,0.0032216368708759546,0.008472319692373276,-0.17487238347530365,0.16811961395496142,0.007733491969066032,0.07223594188690186,1.1657865047454834,-0.6158642768859863,1.8488259315490723
25,2,0,CARE_only,"{16, 40}",0.0017486934084445238,42,18,56.28255844116211,0.0010568381985649467,0.0017032306641340256,0.013600191101431847,-0.12262972444295883,0.2029903488740353,0.006404992609623912,0.02622263692319393,1.1154392957687378,-0.6422283053398132,0.5632902979850769
25,2,0,CARE_only,"{16, 43}",0.0010696777608245611,31,19,56.5902214050293,0.0008721398189663887,0.0005010273889638484,0.009961356408894062,-0.1039082407951355,0.13031520344040137,0.0011511895625479663,0.038228005170822144,1.1026374101638794,-0.6924911141395569,1.1422908306121826
25,2,0,CARE_only,"{62, 54}",0.0012302465038374066,52,17,55.29686737060547,0.0011465894058346748,0.003210014197975397,0.00824910681694746,0.10587410628795624,0.17342023236044204,0.07324106113033449,0.05765487626194954,0.8286391496658325,-0.4347465932369232,1.3556995391845703
25,2,0,Both,"{43, 39}",0.0007743893074803054,0,7,59.10516357421875,0.0004972158931195736,0.0020146656315773726,0.019034668803215027,0.386422723531723,0.08489323754438018,0.10583153347732181,0.0062864478677511215,0.5486414432525635,-0.3891053795814514,0.2229117751121521
25,2,0,Both,"{25, 27}",0.0010995096527040005,17,4,58.341453552246094,0.0005639925948344171,-0.0023793899454176426,0.031047727912664413,0.2609065771102905,0.14681712866501093,0.07924613987284287,0.04351036623120308,0.6805230975151062,-0.42061325907707214,1.1449681520462036
25,2,0,Both,"{25, 39}",0.001078456756658852,20,1,58.96162414550781,0.0008931487100198865,-0.0008750485139898956,0.009718271903693676,0.037986841052770615,0.1506175720500725,0.027003098716246128,0.04679911211133003,0.9360358119010925,-0.5277788639068604,1.2551811933517456
25,2,0,Both,"{25, 7}",0.0009273813921026886,23,24,56.38197326660156,0.0006328727467916906,-0.001952138147316873,0.005150338634848595,0.019369712099432945,0.12931508676012202,0.005671564836298015,0.06830690801143646,0.9750685691833496,-0.6212387681007385,2.095426559448242
25,2,0,Both,"{25, 43}",0.001038772170431912,21,22,58.18984603881836,0.0008124628802761436,-0.003421591827645898,0.016244402155280113,-0.2561512291431427,0.14718383811444669,0.0020385050962627408,0.053085558116436005,1.2535905838012695,-0.6749200820922852,1.478092908859253
25,2,0,Both,"{25, 54}",0.001157909631729126,9,9,57.52875900268555,0.000191694256500341,0.0005814083851873875,0.01599685475230217,-0.06436645984649658,0.16156884969913157,0.0161972557515733,0.03850449249148369,1.0471266508102417,-0.5707594156265259,0.984966516494751
25,2,0,Both,"{43, 7}",0.0006985594518482685,11,20,56.509246826171875,0.0010092478478327394,-0.0007473374716937542,0.005593729205429554,-0.06820204108953476,0.06900805093927626,0.003381642512077295,0.015221352688968182,1.0645897388458252,-0.639715850353241,0.6173336505889893
25,2,0,Both,"{54, 7}",0.0008091793279163539,22,14,55.820125579833984,0.0006376290693879128,0.0019207658478990197,0.002859677653759718,0.010283994488418102,0.08499324921240811,0.011178662482839772,0.029802419245243073,0.97865229845047,-0.5792085528373718,1.1104600429534912
25,2,0,Both,"{43, 54}",0.0009393051732331514,7,13,57.63702392578125,0.0011220587184652686,0.0007892146822996438,0.012758809141814709,-0.021833833307027817,0.10306202390278865,0.0030729419375707585,0.014581066556274891,1.0186938047409058,-0.6486074924468994,0.49312639236450195
25,2,0,Both,"{43, 27}",0.0008771130815148354,4,5,58.476661682128906,0.00048559074639342725,-0.0007269220659509301,0.009754804894328117,-0.14509962499141693,0.0973280216025203,0.0032539818462065423,0.00957519095391035,1.1413735151290894,-0.6450952291488647,0.3331248164176941
25,2,0,Both,"{59, 54}",0.0009523040498606861,12,21,55.5676155090332,0.0009271570015698671,-0.0003108836244791746,0.007203475572168827,0.05931679531931877,0.110412881502842,0.014794685990338164,0.007014045957475901,0.9267660975456238,-0.5657681822776794,0.226799875497818
25,2,0,Neither,"{11, 7}",0.0017822975059971213,126,66,57.050567626953125,0.0008236479479819536,0.002895289333537221,0.007001160643994808,-0.11144223064184189,0.16250229193405896,0.004718432659759976,0.09730897098779678,1.1061979532241821,-0.6363106966018677,2.63447642326355
25,2,0,Neither,"{15, 7}",0.0026577620301395655,177,180,56.09120178222656,0.0006670498987659812,-0.0005626610945910215,0.008130364120006561,-0.08796704560518265,0.2999849982497958,0.006389953881202423,0.21833764016628265,1.0810149908065796,-0.646803081035614,3.966719388961792
25,2,0,Neither,"{16, 7}",0.0009273886098526418,26,55,54.68532943725586,0.0023082352709025145,0.0012551536783576012,0.005582522135227919,0.09233289957046509,0.11054623039354591,0.022466827503015683,0.0534493587911129,0.8872746825218201,-0.5324403643608093,1.7596244812011719
25,2,0,Neither,"{20, 7}",0.0013566199922934175,59,48,57.06809997558594,0.0009992560371756554,-0.0014297922607511282,0.004884851165115833,-0.10107444226741791,0.19135565816011868,0.002613240418118467,0.12226558476686478,1.098197102546692,-0.6694316864013672,3.006269931793213
25,2,0,Neither,"{21, 7}",0.0018319900846108794,112,60,55.79090881347656,0.0014265866484493017,0.0030520849395543337,0.0052743349224328995,-0.06655803322792053,0.14123314386678446,0.004720878083323498,0.07865335792303085,1.0615229606628418,-0.6325182914733887,2.3034496307373047
25,2,0,Neither,"{22, 7}",0.032725922763347626,222,199,54.28849411010742,0.0010526194237172604,-0.0003188996633980423,0.007689405232667923,0.23346081376075745,0.07995932858833531,0.17094017094017094,0.03651087358593941,0.6355068683624268,-0.3264002203941345,1.3113843202590942
25,2,0,Neither,"{23, 7}",0.0014879003865644336,65,49,54.6517448425293,0.0007429756224155426,0.00016573944594711065,0.008386053144931793,0.013786065392196178,0.15116763622422616,0.013342154592568089,0.08850503712892532,0.9730557203292847,-0.5737844705581665,2.484722137451172
25,2,0,Neither,"{24, 7}",0.0019747037440538406,147,90,55.18498229980469,0.0013346190098673105,0.0001283713208977133,0.005670181941241026,-0.06827609241008759,0.1616855299784975,0.005670103092783505,0.09672689437866211,1.0622189044952393,-0.6266821026802063,2.624905824661255
25,2,0,Neither,"{33, 7}",0.0017108469037339091,91,83,55.799415588378906,0.002632634248584509,-5.8718018408399075e-05,0.015326742082834244,-0.0017921056132763624,0.230276865634324,0.07882736156351791,0.17165493965148926,0.9228234887123108,-0.41489923000335693,3.5717737674713135
25,2,0,Neither,"{55, 7}",0.0017498628003522754,87,75,56.1702766418457,0.00101320946123451,9.168883843813092e-05,0.004964802414178848,-0.03368315473198891,0.2211424666211058,0.0023366247079219114,0.14828449487686157,1.0312678813934326,-0.6800764799118042,3.32755708694458
25,2,0,Neither,"{58, 7}",0.002501771319657564,175,169,57.47676467895508,0.001655281288549304,0.0010047467658296227,0.006435961462557316,-0.021942732855677605,0.2519293917623723,0.006153235410877332,0.17606419324874878,1.015654444694519,-0.6395300626754761,3.613919258117676
25,2,0,Neither,"{62, 7}",0.0010130220325663686,37,53,54.109134674072266,0.0014290723484009504,0.0007393186097033322,0.01588013581931591,0.053972989320755005,0.149834147317187,0.014350873289576148,0.08745729178190231,0.9324507117271423,-0.5686239004135132,2.4661595821380615
25,2,0,Neither,"{63, 7}",0.0018076379783451557,97,76,56.139095306396484,-5.038455128669739e-05,0.001632805448025465,0.003278224729001522,-0.055164169520139694,0.21654192989182072,0.002232314679393426,0.14423905313014984,1.0528087615966797,-0.6810801029205322,3.281338691711426
25,2,0,Neither,"{10, 11}",0.0027421533595770597,161,167,59.31536102294922,0.0014948800671845675,-0.0003855524118989706,0.015994854271411896,-0.12491677701473236,0.2747653892954178,0.031181752001941277,0.0075088124722242355,1.0898399353027344,-0.5634550452232361,0.11953478306531906
25,2,0,Neither,"{10, 15}",0.0034927953965961933,200,210,58.37604522705078,0.001964225899428129,0.0026857764460146427,0.02324644848704338,0.004817114677280188,0.39392929175070424,0.07117166673718953,0.11351985484361649,0.924354076385498,-0.5302636623382568,1.2127081155776978
25,2,0,Neither,"{16, 10}",0.001852389657869935,67,79,57.059364318847656,0.002373307943344116,-0.00014969428593758494,0.018707983195781708,0.028846297413110733,0.2282099578284133,0.021400920312614126,0.05136842653155327,0.9503701329231262,-0.5728105306625366,0.9943867921829224
25,2,0,Neither,"{10, 20}",0.002264808164909482,58,137,59.33851623535156,0.0014433875912800431,0.002334184478968382,0.02344118431210518,-0.30964016914367676,0.30825262947343857,0.011896393229870761,0.017447803169488907,1.294060230255127,-0.6466771364212036,0.25225865840911865
25,2,0,Neither,"{10, 21}",0.002502069342881441,39,67,58.10658264160156,0.002020506653934717,0.0018845046870410442,0.017034443095326424,0.8993567228317261,0.16030203523744438,0.6341894561713632,0.026164427399635315,0.036816373467445374,-0.05672963336110115,0.4505617022514343
25,2,0,Neither,"{10, 22}",0.03076045960187912,218,216,56.67644500732422,0.0013099969364702702,-0.00013765401672571898,0.006458371877670288,-0.059735529124736786,0.21304152151084293,0.0030514044284484783,0.06830690801143646,1.056501865386963,-0.6783328652381897,1.4426268339157104
25,2,0,Neither,"{10, 23}",0.002396895783022046,138,133,57.04741668701172,0.00022994056052993983,2.22997332457453e-05,0.011386842466890812,-0.1629568636417389,0.27186505092260765,0.0050889025137952175,0.016312750056385994,1.157038688659668,-0.678852915763855,0.2692890167236328
25,2,0,Neither,"{24, 10}",0.0028256571386009455,153,160,57.549644470214844,0.0010892375139519572,0.0004092970921192318,0.005542022176086903,-0.2415912002325058,0.28164952577800745,0.0036101083032490976,0.008090890944004059,1.2371089458465576,-0.6981314420700073,0.12910540401935577
25,2,0,Neither,"{25, 10}",0.0018116035498678684,76,86,58.68402099609375,0.0009387832833454013,0.000805609452072531,0.021919384598731995,-0.3958461880683899,0.24992915840181354,0.0007336267840469521,0.03651087358593941,1.394822120666504,-0.7439819574356079,0.6585846543312073
25,2,0,Neither,"{10, 27}",0.0017007188871502876,73,32,58.95106506347656,0.0012129985261708498,-0.0024984320625662804,0.02254837192595005,-0.13350127637386322,0.1995399463270715,0.0036755492440063487,0.08002123981714249,1.1293350458145142,-0.6639498472213745,1.8035527467727661
25,2,0,Neither,"{33, 10}",0.0026447016280144453,72,153,58.13120651245117,0.0025617617648094893,0.0033836476504802704,0.021959014236927032,-0.10779900848865509,0.3526744786891804,0.0448530106815389,0.06683716177940369,1.0581108331680298,-0.5623781085014343,0.817762553691864
25,2,0,Neither,"{10, 39}",0.0017003940884023905,68,41,59.57072067260742,0.0013439696049317718,0.000855456804856658,0.02350146882236004,-0.1562228500843048,0.19452269431433666,0.010197086546700942,0.08330998569726944,1.144432783126831,-0.6071615219116211,1.913765788078308
25,2,0,Neither,"{40, 10}",0.0022400510497391224,114,110,58.51725769042969,0.001203448511660099,-0.0018991916440427303,0.029358547180891037,0.06169472634792328,0.2506125714666711,0.049950116395078153,0.025145791471004486,0.8914368152618408,-0.5087496042251587,0.43109646439552307
25,2,0,Neither,"{10, 54}",0.0017553790239617229,78,37,58.15569305419922,0.0005633668042719364,0.00039138190913945436,0.021076317876577377,-0.027175655588507652,0.2045905355624823,0.006925207756232687,0.0750153660774231,1.0200622081756592,-0.6345297694206238,1.643551230430603
25,2,0,Neither,"{10, 55}",0.002596802543848753,57,143,58.487979888916016,0.001043930766172707,-0.0006692353636026382,0.02320241928100586,-0.29002296924591064,0.3411564682546297,0.0016612107294669467,0.043466709554195404,1.2878799438476562,-0.7471566200256348,0.5735458731651306
25,2,0,Neither,"{10, 58}",0.003384989220649004,181,185,59.753623962402344,0.0013075609458610415,-9.87277744570747e-05,0.019872648641467094,0.0199490487575531,0.34237327688230296,0.09104186952288218,0.07124640792608261,0.8908252716064453,-0.48072385787963867,0.8599079251289368
25,2,0,Neither,"{10, 59}",0.0016675597289577127,63,43,56.77262878417969,0.0013573539908975363,-4.87871584482491e-05,0.008306656964123249,0.058950234204530716,0.19263914123314388,0.02768884658648438,0.08202940970659256,0.914993166923523,-0.534337043762207,1.8703510761260986
25,2,0,Neither,"{10, 62}",0.0019087644759565592,71,108,56.530094146728516,0.0007650853367522359,0.0010387817164883018,0.010476402938365936,-0.061778463423252106,0.2608470988281966,0.042942041024985625,0.017360491678118706,1.0161834955215454,-0.5283399224281311,0.2878516614437103
25,2,0,Neither,"{10, 63}",0.002662943908944726,62,130,58.46739959716797,-0.00025610459852032363,-0.0006632542936131358,0.031029459089040756,-0.2943597435951233,0.33702265264280834,0.00019783372075770316,0.039421264082193375,1.2941036224365234,-0.8020073771476746,0.5273274183273315
25,2,0,Neither,"{11, 15}",0.00386776402592659,77,148,58.43470001220703,0.0007568736909888685,-0.004666196648031473,0.01819370687007904,0.07745052874088287,0.36850965946027037,0.12172064411072915,0.12102866917848587,0.8102561831474304,-0.4495047330856323,1.3322428464889526
25,2,0,Neither,"{16, 11}",0.0021731466986238956,75,40,57.080692291259766,0.002467737067490816,-0.0001490703143645078,0.010160761885344982,0.04018468037247658,0.2041071458336806,0.09987750102082482,0.04385961592197418,0.8639513850212097,-0.4083158075809479,0.8748520016670227
25,2,0,Neither,"{11, 20}",0.0025991457514464855,139,136,59.35319137573242,0.0017225570045411587,-0.002044539200142026,0.011997956782579422,0.07475459575653076,0.2775657160002,0.09278164785010809,0.024956615641713142,0.8393996357917786,-0.4502852261066437,0.3717934191226959
25,2,0,Neither,"{11, 21}",0.003079376183450222,190,186,58.127296447753906,0.0021080183796584606,0.00019123144738841802,0.009323974139988422,-0.10437605530023575,0.24541196472921842,0.03239828839231135,0.01865561492741108,1.0685961246490479,-0.5477533340454102,0.33102691173553467
25,2,0,Neither,"{11, 22}",0.03810501471161842,214,215,56.72639465332031,0.0003975574509240687,-0.0011558812111616135,0.006057117134332657,-0.11441361904144287,0.197173003517077,0.0401555499196889,0.060798097401857376,1.0696637630462646,-0.5059617161750793,1.3230921030044556
25,2,0,Neither,"{24, 11}",0.0031910662073642015,69,109,57.57032012939453,0.001188234076835215,-0.0011618267744779587,0.009769872762262821,-0.041106805205345154,0.2606470754921407,0.05148046300441261,0.0005820784717798233,0.9875101447105408,-0.5105315446853638,0.009570625610649586
25,2,0,Neither,"{25, 11}",0.002194961765781045,155,142,58.701438903808594,0.0011362279765307903,-0.0020851935259997845,0.011347600258886814,-0.0260890144854784,0.23329388428650008,0.035224349814232635,0.029002061113715172,0.9899457097053528,-0.5349844098091125,0.5390498638153076
25,2,0,Neither,"{27, 11}",0.002001116517931223,144,81,58.96809768676758,0.0014133378863334656,0.0001786478969734162,0.008012846112251282,0.0696880891919136,0.17650392545797008,0.08593823779393711,0.0725124254822731,0.8503625392913818,-0.4137575924396515,1.6840180158615112
25,2,0,Neither,"{33, 11}",0.003007336053997278,196,213,58.169498443603516,0.002050949726253748,0.0014166440814733505,0.014531580731272697,-0.1589532047510147,0.3427899921657527,0.04989059080962801,0.07434597611427307,1.1011323928833008,-0.5466234087944031,0.9372973442077637
25,2,0,Neither,"{11, 39}",0.0019886111840605736,140,80,59.541629791259766,0.003077002475038171,0.0013620936078950763,0.016292521730065346,-0.08693614602088928,0.18717183671428334,0.003918425505387835,0.07580117136240005,1.0826771259307861,-0.65716153383255,1.7942310571670532
25,2,0,Neither,"{40, 11}",0.002595207653939724,142,114,58.55048370361328,0.0008695611031726003,-0.00029013684252277017,0.017758844420313835,0.07874087989330292,0.23434400680079343,0.08613699409630841,0.01763697899878025,0.8419046401977539,-0.44093239307403564,0.3115617036819458
25,2,0,Neither,"{43, 11}",0.0019353603711351752,145,82,58.82158279418945,0.0015522384783253074,0.0009982662741094828,0.014198347926139832,-0.010907456278800964,0.17828746687113498,0.013556469708302168,0.08208762109279633,0.9972031116485596,-0.5830929279327393,2.0171427726745605
25,2,0,Neither,"{11, 54}",0.0020067051518708467,148,84,58.14323806762695,0.0018059962894767523,3.0380513635464013e-05,0.015813050791621208,0.2592304050922394,0.17213674928741687,0.1467996513992447,0.06750655174255371,0.632024884223938,-0.34010380506515503,1.5240163803100586
25,2,0,Neither,"{11, 55}",0.002991089364513755,191,191,58.50363540649414,0.001303336350247264,-0.0016778039280325174,0.013640619814395905,-0.061759963631629944,0.31913723267714567,0.04382116368954351,0.05097552388906479,1.0152324438095093,-0.5502992868423462,0.6930806040763855
25,2,0,Neither,"{58, 11}",0.0038282955065369606,80,151,59.75094985961914,0.002154797548428178,-0.0007642392884008586,0.01563306152820587,-0.11706075072288513,0.3473071858383478,0.05077750047993857,0.078755222260952,1.0603392124176025,-0.5465509295463562,0.9794427156448364
25,2,0,Neither,"{59, 11}",0.001938245608471334,150,112,56.803192138671875,0.0011210681404918432,-0.00011699332389980555,0.006819003261625767,-0.1833290308713913,0.18867201173470238,0.0037105751391465678,0.07452059537172318,1.1789381504058838,-0.6603834629058838,1.7508163452148438
25,2,0,Neither,"{11, 62}",0.0021639468614012003,146,106,56.51017761230469,0.002336859004572034,0.00029800404445268214,0.01392341312021017,0.24573035538196564,0.22542629973496908,0.1686631174208814,0.009851678274571896,0.6270521879196167,-0.3428809642791748,0.16831687092781067
25,2,0,Neither,"{11, 63}",0.003023906145244837,193,195,58.488765716552734,-0.00018045834440272301,0.002457625698298216,0.01278331782668829,0.01040538027882576,0.3071191639024553,0.06957937584803256,0.04693007841706276,0.9207392334938049,-0.49716827273368835,0.6468622088432312
25,2,0,Neither,"{16, 15}",0.0030347146093845367,176,176,56.13629150390625,0.001846508588641882,-0.0022728368639945984,0.012130174785852432,-0.09733638912439346,0.3511242978347474,0.03417991929741277,0.16488827764987946,1.0598294734954834,-0.5693876147270203,2.20709490776062
25,2,0,Neither,"{20, 15}",0.0034115705639123917,156,161,58.46831512451172,0.0003476901329122484,-0.0011034270282834768,0.011081356555223465,-0.257018119096756,0.4200823429400097,0.05205936036822474,0.09607205539941788,1.1915785074234009,-0.5781431198120117,0.9604494571685791
25,2,0,Neither,"{21, 15}",0.003863539546728134,208,227,57.22331619262695,0.0006929709925316274,-0.0012567954836413264,0.011984787881374359,0.058452241122722626,0.3650259196906306,0.07388465226722682,0.1396842896938324,0.8719818592071533,-0.505270779132843,1.6632697582244873
25,2,0,Neither,"{22, 15}",0.03619677200913429,211,226,55.758644104003906,0.0003264822589699179,-0.0008399895741604269,0.005761043168604374,-0.09669514000415802,0.31630356874968746,0.08668844856661045,0.18182677030563354,1.001624345779419,-0.44624006748199463,2.655334949493408
25,2,0,Neither,"{23, 15}",0.0033861640840768814,128,145,56.09798812866211,0.0005622786702588201,-0.0013098969357088208,0.017382897436618805,0.3665943145751953,0.31913723267714567,0.2636582053692677,0.12983261048793793,0.466403067111969,-0.2949282228946686,1.4819971323013306
25,2,0,Neither,"{24, 15}",0.003963763825595379,49,146,56.61878204345703,0.0010792671237140894,-0.0009178805048577487,0.016167396679520607,-0.26223045587539673,0.40469721467504544,0.019770171753367108,0.12161074578762054,1.2372759580612183,-0.6455672979354858,1.341813564300537
25,2,0,Neither,"{25, 15}",0.0029763560742139816,201,209,57.7901611328125,0.0002798361238092184,0.0007109824800863862,0.009440876543521881,-0.3612629771232605,0.3766939476272232,0.009159697331740343,0.1500307321548462,1.3487942218780518,-0.6765252947807312,1.8712927103042603
25,2,0,Neither,"{27, 15}",0.0028515176381915808,187,189,58.0615234375,0.0005551358917728066,-0.0005985566531307995,0.008021581918001175,-0.14349372684955597,0.3242711649692464,0.01860799835509407,0.19354109466075897,1.1222156286239624,-0.597560465335846,3.016260862350464
25,2,0,Neither,"{33, 15}",0.0038300890009850264,209,228,57.221954345703125,0.0021802366245537996,-0.0003068807418458164,0.01724172756075859,-0.17372238636016846,0.46485423299384926,0.07243258749282845,0.0466826967895031,1.088706612586975,-0.5736839175224304,0.39494556188583374
25,2,0,Neither,"{39, 15}",0.002853038953617215,184,181,58.69207000732422,0.0006487275240942836,0.0009705257252790034,0.021618222817778587,0.06385812163352966,0.31285316620272363,0.04374234109435772,0.19682984054088593,0.8951928615570068,-0.5163323283195496,3.126473903656006
25,2,0,Neither,"{40, 15}",0.0033307934645563364,199,208,57.61149978637695,0.0008728969842195511,-0.0013448932440951467,0.021633761003613472,0.40306276082992554,0.3288550330871935,0.19554969841350298,0.13866564631462097,0.48020634055137634,-0.35022929310798645,1.6438045501708984
25,2,0,Neither,"{43, 15}",0.0027643844950944185,183,182,57.915550231933594,0.0006000464782118797,-0.0006270578596740961,0.014519281685352325,0.2291637659072876,0.30593569249745806,0.04380516508662962,0.2031162828207016,0.7370696067810059,-0.5099989771842957,3.3493857383728027
25,2,0,Neither,"{54, 15}",0.0028691731858998537,194,196,57.23363494873047,0.000588197261095047,-0.00011245207133470103,0.013776668347418308,0.0163092203438282,0.3250712583134699,0.03374012921751615,0.18853522837162018,0.9505009055137634,-0.550542414188385,2.856259346008301
25,2,0,Neither,"{55, 15}",0.003705316921696067,206,220,57.57612228393555,0.0009106770157814026,6.972119444981217e-05,0.02370627596974373,-0.4317511320114136,0.47088827029820146,0.00184070796460177,0.07005314528942108,1.429115653038025,-0.7842462658882141,0.6391622424125671
25,2,0,Neither,"{58, 15}",0.004626289010047913,25,150,58.85553741455078,0.0013718591071665287,0.001638899790123105,0.02638396993279457,0.11723290383815765,0.42424949577450705,0.18697941222693698,0.04227345064282417,0.7177078127861023,-0.43490368127822876,0.352800190448761
25,2,0,Neither,"{59, 15}",0.002780650043860078,188,188,55.835594177246094,0.0011128796031698585,0.002262778114527464,0.0076946597546339035,-0.1497659981250763,0.3231543680096011,0.01501005828648063,0.19554926455020905,1.1325079202651978,-0.6118753552436829,3.083059072494507
25,2,0,Neither,"{62, 15}",0.0029977383092045784,165,170,55.60049819946289,9.004405001178384e-05,-0.0005934124928899109,0.014754705131053925,0.0007175956852734089,0.36509259413598255,0.10131032278683286,0.13088035583496094,0.898044764995575,-0.4693545401096344,1.5005598068237305
25,2,0,Neither,"{63, 15}",0.0037476716097444296,207,221,57.52665328979492,0.0005512827774509788,0.00037466082721948624,0.013076242059469223,-0.4102863669395447,0.46505425632990516,0.0044444444444444444,0.07409859448671341,1.4040184020996094,-0.751703143119812,0.6853806972503662
10,2,1,Geometry_only,"{42, 3}",0.0007646007579751313,8,55,58.37873458862305,0.0010589729063212872,-0.0009562387713231146,0.02601262740790844,0.2610204815864563,0.07519210574567033,0.025936599423631124,0.04147309064865112,0.7198129296302795,-0.5217671394348145,1.6340349912643433
10,2,1,Geometry_only,"{3, 46}",0.0007970177684910595,6,46,58.65713882446289,0.001703889574855566,0.00020376326574478298,0.017348432913422585,0.08645334094762802,0.07275848849032387,0.0025200458190148913,0.03780599683523178,0.9112444519996643,-0.6508049368858337,1.5202863216400146
10,2,1,Geometry_only,"{8, 42}",0.0007243177969940007,9,57,58.24684143066406,0.0011299755424261093,0.002273201709613204,0.01571471430361271,0.23763293027877808,0.0970113179870985,0.02457044673539519,0.022046223282814026,0.743635356426239,-0.5274044275283813,0.7627210021018982
10,2,1,Geometry_only,"{8, 46}",0.000740701740141958,7,61,58.54571533203125,0.0010990188457071781,-0.0002759193885140121,0.021371712908148766,0.5359499454498291,0.08692680812761489,0.09511025886864813,0.018379127606749535,0.4199141263961792,-0.4005736708641052,0.6489723324775696
10,2,1,Geometry_only,"{46, 47}",0.0009504809859208763,3,52,59.22343826293945,0.0009739859960973263,-2.548470365582034e-05,0.02635130286216736,0.38035789132118225,0.10334539029553448,0.0779032258064516,0.004234620835632086,0.571370005607605,-0.42151209712028503,0.13733512163162231
10,2,1,Geometry_only,"{29, 38}",0.0009475225233472884,4,38,57.13505935668945,0.0002741002244874835,0.0013791157398372889,0.012353971600532532,-0.18835188448429108,0.10831263647425533,0.001692828562634657,0.029002061113715172,1.1863402128219604,-0.6733277440071106,0.9607985019683838
10,2,1,Geometry_only,"{8, 3}",0.0005822561797685921,2,45,57.59788131713867,0.0011514436919242144,-0.0008534836233593524,0.019968679174780846,0.16958200931549072,0.05155601486840131,0.006466214031684449,0.019426869228482246,0.8250483274459839,-0.6110958456993103,0.8713140487670898
10,2,1,Geometry_only,"{9, 53}",0.0020880585070699453,5,79,56.77521514892578,0.0013929964043200016,0.0013843715423718095,0.017572205513715744,0.30481958389282227,0.20774090310536228,0.11770841691406564,0.01856830343604088,0.6133518218994141,-0.38943132758140564,0.3567240238189697
10,2,1,Geometry_only,"{42, 47}",0.0009472614037804306,1,65,58.913490295410156,0.0014952117344364524,0.00010274956002831459,0.026920082047581673,0.43160977959632874,0.10019502275265448,0.15371818333056064,0.007901715114712715,0.4810183048248291,-0.33648547530174255,0.2510838210582733
10,2,1,CARE_only,"{42, 50}",0.0013348880456760526,22,1,58.464569091796875,0.0006656820187345147,-0.001139735453762114,0.020321065559983253,-0.16492816805839539,0.17692064074141983,0.009515733936310533,0.04710470139980316,1.1538430452346802,-0.6095691323280334,1.1364699602127075
10,2,1,CARE_only,"{50, 38}",0.0012673323508352041,38,4,58.42988204956055,0.00147331936750561,-0.0028819204308092594,0.015111501328647137,-0.20210577547550201,0.15288450319203908,0.0067597034452682074,0.06865616142749786,1.1939798593521118,-0.6188846230506897,1.8797659873962402
10,2,1,CARE_only,"{50, 46}",0.00132088887039572,24,5,58.759342193603516,0.0007354544359259307,0.001793657778762281,0.02225114218890667,-0.09747608006000519,0.17285349957495041,0.00896817743490839,0.050771795213222504,1.087633728981018,-0.6113923788070679,1.2502186298370361
10,2,1,CARE_only,"{50, 47}",0.0013651491608470678,13,2,58.371768951416016,0.000657340744510293,0.0031529658008366823,0.022740622982382774,-0.010185156017541885,0.1676528928374977,0.011334261284549613,0.055006418377161026,0.9987354278564453,-0.5949163436889648,1.3875538110733032
10,2,1,CARE_only,"{53, 47}",0.001709980657324195,87,6,57.1081657409668,0.0010565809207037091,0.0014959309482946992,0.020815225318074226,0.17569801211357117,0.17248679012551466,0.043583301120989563,0.064130499958992,0.7883762121200562,-0.4890083372592926,1.5555957555770874
10,2,1,CARE_only,"{9, 46}",0.0014510741457343102,65,0,58.913047790527344,0.0009191723656840622,-0.0006872361991554499,0.012302815914154053,0.1340295523405075,0.15730168519660628,0.03994913637808625,0.041327573359012604,0.8313756585121155,-0.4957802891731262,1.0615365505218506
10,2,1,CARE_only,"{3, 28}",0.0017654808470979333,78,9,57.88081359863281,0.0001497494668001309,0.0014162904117256403,0.022994058206677437,-0.007010673638433218,0.16085209941159803,0.009844559585492229,0.11593548208475113,0.9970970749855042,-0.590556263923645,3.238455295562744
10,2,1,CARE_only,"{53, 38}",0.0015688530402258039,56,7,57.16482925415039,0.002005727030336857,0.0003860931028611958,0.02740262821316719,0.06068544089794159,0.15830180187688564,0.03832789301884806,0.07778023928403854,0.903312623500824,-0.4944087862968445,2.0478079319000244
10,2,1,CARE_only,"{34, 3}",0.0015380734112113714,83,8,58.75956726074219,0.0010489403503015637,0.0006296814535744488,0.015494801104068756,-0.016681503504514694,0.1783874785391629,0.004672023920762474,0.1305893063545227,1.0119315385818481,-0.6354784369468689,3.4501798152923584
10,2,1,Both,"{42, 46}",0.0009509227238595486,0,3,59.31721878051758,0.00090070313308388,-0.002661311998963356,0.019451027736067772,0.0828137993812561,0.11874718717183672,0.014317798989331837,0.003667094511911273,0.9040541052818298,-0.5695614814758301,0.1137486919760704
10,2,1,Neither,"{2, 3}",0.001626228098757565,95,143,56.1518440246582,0.0011448339791968465,-0.001991554629057646,0.008000456728041172,-0.07143072038888931,0.12386445085259946,0.007132283676490378,0.0830334946513176,1.0637890100479126,-0.6049618721008301,2.661675453186035
10,2,1,Neither,"{2, 5}",0.0028562715742737055,16,177,56.85896682739258,0.001591227250173688,-0.001730501651763916,0.009091204963624477,-0.08879639208316803,0.33828946710449553,0.05710766198571077,0.1202574148774147,1.0266177654266357,-0.5235185623168945,1.5715703964233398
10,2,1,Neither,"{8, 2}",0.0015376200899481773,89,73,56.04640197753906,9.198912448482588e-05,-0.0002507716417312622,0.012217007577419281,0.3229561746120453,0.1339156234894071,0.09770973363206373,0.0636066272854805,0.6108900308609009,-0.389393150806427,1.7903614044189453
10,2,1,Neither,"{9, 2}",0.0021899105049669743,113,101,56.400917053222656,0.0009534179698675871,-0.0001940618676599115,0.00961149763315916,0.2371264398097992,0.1990232193755938,0.08224455611390284,0.0038999258540570736,0.700131356716156,-0.4335309863090515,0.07985249906778336
10,2,1,Neither,"{2, 14}",0.00398077629506588,107,104,56.60474395751953,0.0012317993678152561,0.0002219696471001953,0.008639744482934475,0.09743764996528625,0.2331271981731202,0.10167310167310167,0.032276254147291183,0.8107960224151611,-0.41833239793777466,0.5671977996826172
10,2,1,Neither,"{2, 19}",0.0020404011011123657,27,50,57.961212158203125,0.0015730509767308831,-0.0005334776360541582,0.010231110267341137,0.08375610411167145,0.1949227409864484,0.08260646485377117,0.007712540216743946,0.8405562043190002,-0.43153223395347595,0.16071446239948273
10,2,1,Neither,"{2, 26}",0.005061372648924589,170,189,55.896484375,-0.00026786295347847044,-0.0015377409290522337,0.007692699320614338,-0.13982780277729034,0.3063524077809078,0.03210185537842102,0.0840957909822464,1.103237271308899,-0.5690368413925171,1.2284263372421265
10,2,1,Neither,"{2, 28}",0.0025261281989514828,163,148,56.30297088623047,0.00026860408252105117,0.001742314314469695,0.0191664919257164,0.20625852048397064,0.2277599053222876,0.13078161592505855,0.03290198743343353,0.6899346709251404,-0.3812069594860077,0.5767799019813538
10,2,1,Neither,"{2, 29}",0.0017738769529387355,66,93,54.86107635498047,0.0006041715387254953,-0.002499809255823493,0.005486662033945322,-0.13538584113121033,0.1807210841264814,0.00036893562073418186,0.034109801054000854,1.1349669694900513,-0.7423025369644165,0.8101378083229065
10,2,1,Neither,"{2, 30}",0.0030997712165117264,143,135,55.067142486572266,0.00037700426764786243,-0.0019044340588152409,0.002939513185992837,-0.11879763752222061,0.22392612471455003,0.006997171356260235,0.004918563179671764,1.1109691858291626,-0.6454272866249084,0.09681212157011032
10,2,1,Neither,"{2, 34}",0.0023754704743623734,108,107,57.2360954284668,0.0001671907230047509,0.0005513819050975144,0.013308549299836159,-0.16701754927635193,0.26446418748854034,0.03731249212151771,0.04755581170320511,1.1234731674194336,-0.5412874817848206,0.7885045409202576
10,2,1,Neither,"{2, 36}",0.0020190533250570297,101,84,56.341278076171875,0.0005409839795902371,0.001222615479491651,0.023108815774321556,0.08113713562488556,0.18445485306619105,0.11810952467016085,0.011888952925801277,0.8103364109992981,-0.38149774074554443,0.25264501571655273
10,2,1,Neither,"{2, 38}",0.001699895248748362,59,80,56.80060958862305,0.0013218361418694258,-0.003516543423756957,0.01471666619181633,0.051223475486040115,0.1425999699964996,0.03483343074225599,0.06311186403036118,0.9157273769378662,-0.50146484375,1.770936369895935
10,2,1,Neither,"{2, 42}",0.0017415941692888737,91,90,56.83522415161133,0.000492869527079165,0.00036569623625837266,0.007938729599118233,-0.03638853132724762,0.16795292784158153,0.025605398967844382,0.04156040400266647,1.009851336479187,-0.5378636717796326,1.0276403427124023
10,2,1,Neither,"{2, 44}",0.003396933898329735,157,191,54.799922943115234,0.0008832752355374396,0.0029154568910598755,0.008642300963401794,-0.06848916411399841,0.2638807860917107,0.03095192975806961,0.04556219279766083,1.0354173183441162,-0.5577918291091919,0.76105797290802
10,2,1,Neither,"{2, 46}",0.0017332598799839616,99,64,57.12150573730469,0.0011836204212158918,-0.001785324770025909,0.010642736218869686,0.14466510713100433,0.15668494657710066,0.0725531914893617,0.045227497816085815,0.7932776212692261,-0.43295925855636597,1.1413891315460205
10,2,1,Neither,"{2, 47}",0.0017635688418522477,92,76,56.71648406982422,0.0013109815772622824,0.0008747423999011517,0.0106933219358325,0.18423180282115936,0.1551681029453436,0.05177784939306048,0.04946212098002434,0.7735294699668884,-0.4687584340572357,1.278724193572998
10,2,1,Neither,"{2, 50}",0.0020607297774404287,109,151,56.252567291259766,0.00031327264150604606,-0.0004975043120793998,0.0035191320348531008,-0.10222095996141434,0.22565966029370094,0.002437583099423844,0.005544297397136688,1.0995341539382935,-0.6952448487281799,0.10882961004972458
10,2,1,Neither,"{2, 52}",0.0035416441969573498,62,168,55.27579116821289,0.0004093511961400509,0.00013927029795013368,0.006067259237170219,-0.26726025342941284,0.28179954328004936,0.007452975275050278,0.05590863898396492,1.2578153610229492,-0.6613293290138245,0.8992329239845276
10,2,1,Neither,"{2, 53}",0.002333630109205842,116,111,54.94716262817383,0.0004799785965587944,-0.0019503786461427808,0.01911654882133007,0.32798704504966736,0.19455603153701265,0.21641535298149417,0.014668378047645092,0.5265790224075317,-0.2902560234069824,0.27687153220176697
10,2,1,Neither,"{3, 5}",0.002009051851928234,125,116,58.40098571777344,0.0021107038483023643,0.0020403896924108267,0.015075692906975746,-0.01937309093773365,0.2618138782858,0.002610301139619278,0.2032909095287323,1.0167121887207031,-0.6780635118484497,4.233245849609375
10,2,1,Neither,"{9, 3}",0.0013078555930405855,44,40,57.976318359375,0.0007940505747683346,-0.0015646128449589014,0.011100918054580688,-0.03159533441066742,0.11976397246345406,0.004314544189283229,0.07913357019424438,1.027144432067871,-0.6306244134902954,2.5818228721618652
10,2,1,Neither,"{3, 14}",0.003167752642184496,180,161,58.127777099609375,0.0026700792368501425,-0.0016091999132186174,0.026164907962083817,0.06630825996398926,0.15671828379977665,0.03190810465858328,0.11530975252389908,0.9038994312286377,-0.5012296438217163,3.2288732528686523
10,2,1,Neither,"{19, 3}",0.001078006811439991,64,31,59.437904357910156,0.003303768578916788,-0.00027386622969061136,0.0175545122474432,0.05187952518463135,0.11569683129698465,0.0018729289727704942,0.07532095909118652,0.9463447332382202,-0.6665900349617004,2.5009608268737793
10,2,1,Neither,"{26, 3}",0.0043193623423576355,205,199,57.42045593261719,0.0018973264377564192,-0.0014029877493157983,0.015452458523213863,0.03190091997385025,0.21917557048322303,0.008669860825918321,0.1671292930841446,0.9597057700157166,-0.6077519059181213,3.890101671218872
10,2,1,Neither,"{3, 29}",0.0009210424614138901,33,95,56.45866775512695,0.0011963133001700044,-0.0009626538376323879,0.010404466651380062,-0.0425165556371212,0.08360975447135499,0.024720893141945772,0.04892369732260704,1.016744613647461,-0.5237833857536316,1.8515375852584839
10,2,1,Neither,"{3, 30}",0.0022902963683009148,140,188,56.66572189331055,0.0007195085054263473,0.0003498910227790475,0.016477417200803757,-0.0804932713508606,0.12958178454152985,0.0061744275791098535,0.08795206248760223,1.0738219022750854,-0.6135115623474121,2.7584874629974365
10,2,1,Neither,"{3, 36}",0.0011441868264228106,36,32,57.93123245239258,-4.671062924899161e-05,-0.0005931874038651586,0.01584317348897457,0.05460423603653908,0.10999616621939226,0.010304591604788605,0.07114454358816147,0.9356538653373718,-0.5823670625686646,2.4090304374694824
10,2,1,Neither,"{3, 38}",0.0007402813644148409,26,58,58.33238220214844,0.0022733949590474367,-0.0001358534791506827,0.019840624183416367,0.261787474155426,0.05107262513959962,0.027088772845953003,0.01992163620889187,0.7182152271270752,-0.5274955630302429,0.8907390832901001
10,2,1,Neither,"{3, 44}",0.0025092686992138624,151,126,56.3770866394043,0.0022427549120038748,-0.0009415293461643159,0.01824733056128025,0.08495064824819565,0.17340356374910407,0.020378736902816497,0.12859569489955902,0.8964018225669861,-0.5408931374549866,3.4227333068847656
10,2,1,Neither,"{3, 47}",0.0008332199649885297,12,48,58.287742614746094,0.00098567851819098,-0.005795211996883154,0.01720619760453701,0.0951247289776802,0.06739119563949128,0.010388325500865693,0.03357137739658356,0.8954751491546631,-0.583082377910614,1.382951259613037
10,2,1,Neither,"{50, 3}",0.0012235806789249182,47,43,57.812896728515625,0.0008531941566616297,-0.0009084347984753549,0.009851198643445969,-0.13472111523151398,0.13094861067124497,0.001145621181262729,0.08857779204845428,1.1334211826324463,-0.6873028874397278,2.770504951477051
10,2,1,Neither,"{3, 52}",0.002740289317443967,169,153,56.81692123413086,0.0025742242578417063,-0.001702463603578508,0.018314531072974205,0.027585919946432114,0.18667177837414364,0.011340298240914367,0.13894213736057281,0.9613866209983826,-0.5852359533309937,3.560908317565918
10,2,1,Neither,"{3, 53}",0.0015617855824530125,73,71,56.535400390625,0.001301583368331194,0.0011163802118971944,0.01666370779275894,-0.024365127086639404,0.1400496724617872,0.010711735301118781,0.09770187735557556,1.013392448425293,-0.5825905203819275,2.938546895980835
10,2,1,Neither,"{8, 5}",0.001947580836713314,121,125,58.30138397216797,0.001094501931220293,-0.00365058658644557,0.028726479038596153,0.19063706696033478,0.2772490123847782,0.027054650393795468,0.1838640421628952,0.7874659299850464,-0.5470032095909119,3.361931800842285
10,2,1,Neither,"{9, 5}",0.0025479996111243963,138,152,58.65836715698242,0.001328794052824378,-0.0022503321524709463,0.012050271965563297,-0.04400894045829773,0.33177204007134165,0.06440916398713827,0.12415733933448792,0.9767652153968811,-0.5064333081245422,1.6514229774475098
10,2,1,Neither,"{5, 14}",0.004472777713090181,70,171,58.80481719970703,0.003256457159295678,0.0003797384852077812,0.013386952690780163,-0.18935397267341614,0.3781274482022903,0.043508926603482476,0.08798116445541382,1.1376065015792847,-0.5750714540481567,1.0043727159500122
10,2,1,Neither,"{19, 5}",0.002408737549558282,67,114,60.16229248046875,0.0017916579963639379,-9.198495536111295e-05,0.027095403522253036,0.23281575739383698,0.3083693097528045,0.13102702702702704,0.12796995043754578,0.6666623950004578,-0.4029809236526489,1.7322849035263062
10,2,1,Neither,"{26, 5}",0.005559951066970825,167,184,58.133453369140625,0.0015612448332831264,0.0013303039595484734,0.02276827022433281,0.07679463922977448,0.39407930925274615,0.151890702986211,0.0361616276204586,0.7829790711402893,-0.4458155333995819,0.34314411878585815
10,2,1,Neither,"{28, 5}",0.0029094151686877012,177,183,58.60203170776367,-0.0006131750997155905,0.0016832437831908464,0.019804352894425392,0.11465449631214142,0.34252329438434487,0.15407075770110468,0.08735542744398117,0.7489396333694458,-0.407542884349823,0.9947905540466309
10,2,1,Neither,"{29, 5}",0.002166999038308859,102,129,57.18516159057617,0.0008213098626583815,-0.0015093801775947213,0.014071936719119549,-0.19248247146606445,0.3168536329238411,0.005313272660318796,0.15436720848083496,1.1861464977264404,-0.6795675754547119,2.3817081451416016
10,2,1,Neither,"{5, 30}",0.003501299535855651,166,178,57.4074821472168,-0.00026293296832591295,0.0022923757787793875,0.010769965127110481,-0.1542859524488449,0.3563415731835381,0.01936570305921976,0.11533885449171066,1.1319323778152466,-0.6264770030975342,1.474758267402649
10,2,1,Neither,"{34, 5}",0.0027586263604462147,146,169,59.45110321044922,0.000934307521674782,0.0009235158213414252,0.019873103126883507,0.08897587656974792,0.36824296167886256,0.11904761904761904,0.0727016031742096,0.8025688529014587,-0.46049222350120544,0.783065915107727
10,2,1,Neither,"{36, 5}",0.002421666169539094,132,145,58.628395080566406,6.9465022534132e-06,-0.0025298381224274635,0.010768669657409191,-0.007024322636425495,0.324954578034104,0.05857912285201334,0.13214637339115143,0.9480337500572205,-0.5114628076553345,1.8242154121398926
10,2,1,Neither,"{5, 38}",0.0020952713675796986,97,100,59.01832962036133,0.0024743210524320602,0.0006473021931014955,0.031872279942035675,0.27584171295166016,0.26776457253346225,0.06555029880478087,0.18336927890777588,0.6766895055770874,-0.4525053799152374,3.3425066471099854
10,2,1,Neither,"{42, 5}",0.0021363012492656708,124,121,59.035484313964844,0.0022721458226442337,0.0023544123396277428,0.02175878919661045,0.06417296826839447,0.29773473571916725,0.04120479229649535,0.16181781888008118,0.8972664475440979,-0.5258059501647949,2.599210739135742
10,2,1,Neither,"{44, 5}",0.0037395614199340343,172,182,57.113529205322266,0.0015165199292823672,-0.002506321296095848,0.011738544330000877,-0.08536387234926224,0.37135999199906655,0.10350554333677454,0.07469522207975388,0.9730226993560791,-0.479988157749176,0.8105124831199646
10,2,1,Neither,"{5, 46}",0.0021316667553037405,127,120,59.36549377441406,0.001032740343362093,0.0009111219551414251,0.02785423770546913,0.22464275360107422,0.2842664977580718,0.07575935264454087,0.16548492014408112,0.716616690158844,-0.45096030831336975,2.7129595279693604
10,2,1,Neither,"{5, 47}",0.002189550781622529,126,119,58.96259307861328,0.001617971109226346,-0.002169983461499214,0.013562951236963272,-0.052185796201229095,0.2940009667794576,0.023642136296632272,0.16971953213214874,1.0273098945617676,-0.5710618495941162,2.850294589996338
10,2,1,Neither,"{50, 5}",0.0024245348758995533,144,167,58.489986419677734,0.0016073347069323063,0.0024184654466807842,0.01527177169919014,-0.15095043182373047,0.3545080259363592,0.02665977054730111,0.11471311748027802,1.120266318321228,-0.601865828037262,1.4627407789230347
10,2,1,Neither,"{52, 5}",0.003814375028014183,54,170,57.577476501464844,0.0008247200748883188,-0.000430406944360584,0.013956891372799873,0.03528417646884918,0.38622839331255315,0.09170946441672781,0.06434877961874008,0.8762422800064087,-0.5040313601493835,0.672337532043457
10,2,1,Neither,"{53, 5}",0.0027771207969635725,141,158,57.26099395751953,0.0009299875819124281,0.0014223443577066064,0.01889151521027088,-0.021850109100341797,0.3404230493557582,0.09983841747049894,0.10558903962373734,0.9198302030563354,-0.4627668857574463,1.29469895362854
10,2,1,Neither,"{8, 9}",0.0012453574454411864,37,21,57.86373519897461,0.0001667216420173645,0.00012991861149203032,0.02023831196129322,0.24138471484184265,0.1380161018785525,0.03272946859903381,0.05970670282840729,0.7337862253189087,-0.5063911080360413,1.710508942604065
10,2,1,Neither,"{8, 14}",0.0030378776136785746,179,162,58.03775405883789,0.0012951758690178394,-0.0021695136092603207,0.013296552933752537,0.05405065044760704,0.18023769439767973,0.02071580504947748,0.09588287770748138,0.9263532757759094,-0.5505505800247192,2.3575592041015625
10,2,1,Neither,"{8, 19}",0.0010107674170285463,49,11,59.35348129272461,0.001877036178484559,0.0006203289958648384,0.0205379668623209,0.3694455921649933,0.12909839481272814,0.07023886378308586,0.05589408800005913,0.586264967918396,-0.4295216500759125,1.629646897315979
10,2,1,Neither,"{8, 26}",0.004223237279802561,203,198,57.32566833496094,0.0006121555925346911,0.0018348516896367073,0.01620623469352722,-0.20410172641277313,0.2425949694130982,0.003023223855984609,0.1477024108171463,1.200461506843567,-0.6775011420249939,3.0187876224517822
10,2,1,Neither,"{8, 28}",0.0016707697650417686,80,23,57.76573944091797,-0.0003984045179095119,0.0016392107354477048,0.03094145841896534,0.41887688636779785,0.1731535345790342,0.06661532537543319,0.09650861471891403,0.5424113869667053,-0.43749403953552246,2.3671412467956543
10,2,1,Neither,"{8, 29}",0.0008666518842801452,20,82,56.34092330932617,0.0006100737955421209,-0.0003801514976657927,0.01466414239257574,-0.3974732756614685,0.10792925841348157,0.0,0.029496828094124794,1.3974733352661133,-0.8777974843978882,0.9802235960960388
10,2,1,Neither,"{8, 30}",0.0022208853624761105,133,109,56.53901290893555,0.00048179164878092706,-0.0010654230136424303,0.02038012072443962,-0.3619404435157776,0.15258446818795526,0.00032772558444395895,0.06852518767118454,1.3614940643310547,-0.7348424792289734,1.8871735334396362
10,2,1,Neither,"{8, 34}",0.0014473083429038525,79,70,58.66118240356445,2.3174230591394007e-05,-0.004097425378859043,0.017191750928759575,0.028590504080057144,0.19752304435517476,0.02,0.11116243898868561,0.9519813060760498,-0.5564753413200378,2.5788660049438477
10,2,1,Neither,"{8, 36}",0.0010945560643449426,28,12,57.795433044433594,0.00013606074207928032,0.004211936146020889,0.0186871699988842,0.20146703720092773,0.12848165619322255,0.03814218993253762,0.05171767249703407,0.768075168132782,-0.4918450117111206,1.5377163887023926
10,2,1,Neither,"{8, 38}",0.0006808250327594578,15,59,58.24394989013672,0.0008603211608715355,-0.0012324814451858401,0.03658038005232811,0.3516612946987152,0.07304185488306969,0.022820629849383843,0.0004947666893713176,0.6335431933403015,-0.5340566635131836,0.01942506805062294
10,2,1,Neither,"{8, 44}",0.002451630076393485,148,132,56.2919807434082,0.000501731876283884,0.006961698643863201,0.019960710778832436,-0.15847979485988617,0.19877319020552398,0.0020964360587002098,0.10916882008314133,1.1560511589050293,-0.683695912361145,2.551419258117676
10,2,1,Neither,"{8, 47}",0.0007669084006920457,11,56,58.17497634887695,0.00040765543235465884,-0.002777949906885624,0.019058965146541595,0.4917512536048889,0.08427649892487457,0.07199367088607594,0.014144507236778736,0.47165805101394653,-0.43218308687210083,0.5116372108459473
10,2,1,Neither,"{8, 50}",0.0011482950067147613,40,39,57.69732666015625,0.00030797248473390937,-0.0007931488798931241,0.009599950164556503,-0.2808193862438202,0.15310119513943293,0.001633097441480675,0.06915092468261719,1.278727650642395,-0.683719277381897,1.8991910219192505
10,2,1,Neither,"{8, 52}",0.002611312083899975,164,136,56.72471618652344,0.0011397533817216754,0.0016673827776685357,0.014351846650242805,-0.30044832825660706,0.21097461370493223,0.0003160306549735324,0.11951526254415512,1.3000373840332031,-0.7479098439216614,2.689594268798828
10,2,1,Neither,"{8, 53}",0.0014591030776500702,58,75,56.4034309387207,0.0012428025947883725,-0.0022271869238466024,0.02849741093814373,0.3866136372089386,0.14738386145050256,0.11140013571590138,0.07827500253915787,0.5450550317764282,-0.3711749315261841,2.067232847213745
10,2,1,Neither,"{9, 14}",0.0037457256112247705,187,172,58.38844299316406,0.0017848032293841243,0.00257808156311512,0.009606887586414814,0.011859491467475891,0.23699431600353374,0.06484737656491771,0.036176178604364395,0.924062192440033,-0.47446417808532715,0.6470502614974976
10,2,1,Neither,"{9, 19}",0.0017164723249152303,74,49,59.71666717529297,0.0016726028406992555,0.0009058064897544682,0.010411347262561321,0.10508721321821213,0.19380594402680312,0.06579513202029759,0.003812614129856229,0.8360318541526794,-0.45788872241973877,0.08086197078227997
10,2,1,Neither,"{9, 26}",0.004831194877624512,207,207,57.670780181884766,0.0014865370467305183,-0.0007991973543539643,0.007081019692122936,-0.2811453640460968,0.3063024019468938,0.017686112320417936,0.08799571543931961,1.2584868669509888,-0.614902675151825,1.3082787990570068
10,2,1,Neither,"{9, 28}",0.0023131447378546,68,62,58.11392593383789,0.00027056605904363096,-0.00021984124032314867,0.01965300552546978,0.27628594636917114,0.22957678395812844,0.10237421041167502,0.036801911890506744,0.6496244072914124,-0.41559451818466187,0.6566323637962341
25,2,1,Geometry_only,"{2, 5}",0.0028562715742737055,16,177,56.85896682739258,0.001591227250173688,-0.001730501651763916,0.009091204963624477,-0.08879639208316803,0.33828946710449553,0.05710766198571077,0.1202574148774147,1.0266177654266357,-0.5235185623168945,1.5715703964233398
25,2,1,Geometry_only,"{36, 29}",0.001319073373451829,14,81,56.655052185058594,0.0003066261997446418,-0.00039993016980588436,0.006051596254110336,-0.27681639790534973,0.16716950310869602,0.0,0.022220846265554428,1.2768163681030273,-0.890004575252533,0.5574927926063538
25,2,1,Geometry_only,"{29, 38}",0.0009475225233472884,4,38,57.13505935668945,0.0002741002244874835,0.0013791157398372889,0.012353971600532532,-0.18835188448429108,0.10831263647425533,0.001692828562634657,0.029002061113715172,1.1863402128219604,-0.6733277440071106,0.9607985019683838
25,2,1,Geometry_only,"{8, 3}",0.0005822561797685921,2,45,57.59788131713867,0.0011514436919242144,-0.0008534836233593524,0.019968679174780846,0.16958200931549072,0.05155601486840131,0.006466214031684449,0.019426869228482246,0.8250483274459839,-0.6110958456993103,0.8713140487670898
25,2,1,Geometry_only,"{42, 3}",0.0007646007579751313,8,55,58.37873458862305,0.0010589729063212872,-0.0009562387713231146,0.02601262740790844,0.2610204815864563,0.07519210574567033,0.025936599423631124,0.04147309064865112,0.7198129296302795,-0.5217671394348145,1.6340349912643433
25,2,1,Geometry_only,"{3, 46}",0.0007970177684910595,6,46,58.65713882446289,0.001703889574855566,0.00020376326574478298,0.017348432913422585,0.08645334094762802,0.07275848849032387,0.0025200458190148913,0.03780599683523178,0.9112444519996643,-0.6508049368858337,1.5202863216400146
25,2,1,Geometry_only,"{3, 47}",0.0008332199649885297,12,48,58.287742614746094,0.00098567851819098,-0.005795211996883154,0.01720619760453701,0.0951247289776802,0.06739119563949128,0.010388325500865693,0.03357137739658356,0.8954751491546631,-0.583082377910614,1.382951259613037
25,2,1,Geometry_only,"{42, 38}",0.0008744921069592237,21,54,58.98044204711914,0.001970745623111725,0.0032672914676368237,0.020990394055843353,0.22576265037059784,0.09681129465104261,0.03254132231404959,0.021551456302404404,0.7490426301956177,-0.5050602555274963,0.7432959079742432
25,2,1,Geometry_only,"{46, 38}",0.0009011023794300854,23,60,59.277496337890625,0.0018752817995846272,0.0004907842958346009,0.032922908663749695,0.37910425662994385,0.08877702398613171,0.07867067217423958,0.01788436248898506,0.5720494389533997,-0.4215696454048157,0.6295472383499146
25,2,1,Geometry_only,"{38, 47}",0.0009289902518503368,19,53,58.88888931274414,0.001977538224309683,0.00047957536298781633,0.02381594106554985,0.1939132660627365,0.08887703565415965,0.02288072018004501,0.013649740256369114,0.7876428961753845,-0.5328289866447449,0.49221211671829224
25,2,1,Geometry_only,"{8, 29}",0.0008666518842801452,20,82,56.34092330932617,0.0006100737955421209,-0.0003801514976657927,0.01466414239257574,-0.3974732756614685,0.10792925841348157,0.0,0.029496828094124794,1.3974733352661133,-0.8777974843978882,0.9802235960960388
25,2,1,Geometry_only,"{42, 47}",0.0009472614037804306,1,65,58.913490295410156,0.0014952117344364524,0.00010274956002831459,0.026920082047581673,0.43160977959632874,0.10019502275265448,0.15371818333056064,0.007901715114712715,0.4810183048248291,-0.33648547530174255,0.2510838210582733
25,2,1,Geometry_only,"{8, 38}",0.0006808250327594578,15,59,58.24394989013672,0.0008603211608715355,-0.0012324814451858401,0.03658038005232811,0.3516612946987152,0.07304185488306969,0.022820629849383843,0.0004947666893713176,0.6335431933403015,-0.5340566635131836,0.01942506805062294
25,2,1,Geometry_only,"{8, 42}",0.0007243177969940007,9,57,58.24684143066406,0.0011299755424261093,0.002273201709613204,0.01571471430361271,0.23763293027877808,0.0970113179870985,0.02457044673539519,0.022046223282814026,0.743635356426239,-0.5274044275283813,0.7627210021018982
25,2,1,Geometry_only,"{8, 46}",0.000740701740141958,7,61,58.54571533203125,0.0010990188457071781,-0.0002759193885140121,0.021371712908148766,0.5359499454498291,0.08692680812761489,0.09511025886864813,0.018379127606749535,0.4199141263961792,-0.4005736708641052,0.6489723324775696
25,2,1,Geometry_only,"{8, 47}",0.0007669084006920457,11,56,58.17497634887695,0.00040765543235465884,-0.002777949906885624,0.019058965146541595,0.4917512536048889,0.08427649892487457,0.07199367088607594,0.014144507236778736,0.47165805101394653,-0.43218308687210083,0.5116372108459473
25,2,1,Geometry_only,"{46, 47}",0.0009504809859208763,3,52,59.22343826293945,0.0009739859960973263,-2.548470365582034e-05,0.02635130286216736,0.38035789132118225,0.10334539029553448,0.0779032258064516,0.004234620835632086,0.571370005607605,-0.42151209712028503,0.13733512163162231
25,2,1,Geometry_only,"{9, 53}",0.0020880585070699453,5,79,56.77521514892578,0.0013929964043200016,0.0013843715423718095,0.017572205513715744,0.30481958389282227,0.20774090310536228,0.11770841691406564,0.01856830343604088,0.6133518218994141,-0.38943132758140564,0.3567240238189697
25,2,1,Geometry_only,"{19, 29}",0.0013141545932739973,18,42,58.2900276184082,0.0005204780609346926,0.0013504783855751157,0.009500053711235523,-0.25815436244010925,0.17187005150600904,0.0004849190185239065,0.026397259905934334,1.2575442790985107,-0.7324321269989014,0.649423360824585
25,2,1,CARE_only,"{3, 28}",0.0017654808470979333,78,9,57.88081359863281,0.0001497494668001309,0.0014162904117256403,0.022994058206677437,-0.007010673638433218,0.16085209941159803,0.009844559585492229,0.11593548208475113,0.9970970749855042,-0.590556263923645,3.238455295562744
25,2,1,CARE_only,"{34, 3}",0.0015380734112113714,83,8,58.75956726074219,0.0010489403503015637,0.0006296814535744488,0.015494801104068756,-0.016681503504514694,0.1783874785391629,0.004672023920762474,0.1305893063545227,1.0119315385818481,-0.6354784369468689,3.4501798152923584
25,2,1,CARE_only,"{36, 38}",0.0012118312297388911,25,17,58.52923583984375,0.001203499035909772,-0.0013400032185018063,0.027824824675917625,0.2305290848016739,0.12591469004717218,0.06380725443473656,0.05122290551662445,0.7203730940818787,-0.4404122829437256,1.5182912349700928
25,2,1,CARE_only,"{42, 36}",0.0012762041296809912,46,20,58.55539321899414,0.0006854742532595992,-0.0015645558014512062,0.01738729327917099,0.2358894795179367,0.14823396062874003,0.07016754750927696,0.029671451076865196,0.7104947566986084,-0.4364684820175171,0.7749953866004944
25,2,1,CARE_only,"{36, 47}",0.001302163815125823,42,14,58.45295715332031,0.0010060813510790467,-0.0008847986464388669,0.028302308171987534,0.05899287015199661,0.14471688363642424,0.03363280350149735,0.03757316619157791,0.9093584418296814,-0.5084664225578308,1.0260791778564453
25,2,1,CARE_only,"{8, 9}",0.0012453574454411864,37,21,57.86373519897461,0.0001667216420173645,0.00012991861149203032,0.02023831196129322,0.24138471484184265,0.1380161018785525,0.03272946859903381,0.05970670282840729,0.7337862253189087,-0.5063911080360413,1.710508942604065
25,2,1,CARE_only,"{50, 38}",0.0012673323508352041,38,4,58.42988204956055,0.00147331936750561,-0.0028819204308092594,0.015111501328647137,-0.20210577547550201,0.15288450319203908,0.0067597034452682074,0.06865616142749786,1.1939798593521118,-0.6188846230506897,1.8797659873962402
25,2,1,CARE_only,"{8, 19}",0.0010107674170285463,49,11,59.35348129272461,0.001877036178484559,0.0006203289958648384,0.0205379668623209,0.3694455921649933,0.12909839481272814,0.07023886378308586,0.05589408800005913,0.586264967918396,-0.4295216500759125,1.629646897315979
25,2,1,CARE_only,"{53, 38}",0.0015688530402258039,56,7,57.16482925415039,0.002005727030336857,0.0003860931028611958,0.02740262821316719,0.06068544089794159,0.15830180187688564,0.03832789301884806,0.07778023928403854,0.903312623500824,-0.4944087862968445,2.0478079319000244
25,2,1,CARE_only,"{8, 28}",0.0016707697650417686,80,23,57.76573944091797,-0.0003984045179095119,0.0016392107354477048,0.03094145841896534,0.41887688636779785,0.1731535345790342,0.06661532537543319,0.09650861471891403,0.5424113869667053,-0.43749403953552246,2.3671412467956543
25,2,1,CARE_only,"{8, 36}",0.0010945560643449426,28,12,57.795433044433594,0.00013606074207928032,0.004211936146020889,0.0186871699988842,0.20146703720092773,0.12848165619322255,0.03814218993253762,0.05171767249703407,0.768075168132782,-0.4918450117111206,1.5377163887023926
25,2,1,CARE_only,"{42, 53}",0.001657285843975842,85,16,57.21113586425781,0.0007696909597143531,-0.001513935741968453,0.013855512253940105,0.07646249234676361,0.17803743770106512,0.06188559123677558,0.05622878298163414,0.8663838505744934,-0.45555686950683594,1.3045119047164917
25,2,1,CARE_only,"{53, 46}",0.0017141684656962752,82,10,57.522918701171875,0.0004810100654140115,0.0015016071265563369,0.016596009954810143,0.0899469181895256,0.17637057656726618,0.048105094036480486,0.05989587679505348,0.866274893283844,-0.48110291361808777,1.4182605743408203
25,2,1,CARE_only,"{53, 47}",0.001709980657324195,87,6,57.1081657409668,0.0010565809207037091,0.0014959309482946992,0.020815225318074226,0.17569801211357117,0.17248679012551466,0.043583301120989563,0.064130499958992,0.7883762121200562,-0.4890083372592926,1.5555957555770874
25,2,1,CARE_only,"{9, 38}",0.0013653559144586325,41,13,58.57979965209961,0.001822903286665678,0.0012233871966600418,0.020983939990401268,0.07780658453702927,0.1394162652309436,0.026422764227642278,0.059211935847997665,0.8978264927864075,-0.5249096751213074,1.6910837888717651
25,2,1,CARE_only,"{9, 46}",0.0014510741457343102,65,0,58.913047790527344,0.0009191723656840622,-0.0006872361991554499,0.012302815914154053,0.1340295523405075,0.15730168519660628,0.03994913637808625,0.041327573359012604,0.8313756585121155,-0.4957802891731262,1.0615365505218506
25,2,1,CARE_only,"{9, 47}",0.0014781812205910683,71,15,58.518489837646484,0.0011164911556988955,0.000233664846746251,0.016796590760350227,0.33010539412498474,0.15041754871401664,0.055296985815602835,0.04556219279766083,0.6328514814376831,-0.4612291157245636,1.1988717317581177
25,2,1,CARE_only,"{19, 36}",0.0015578739112243056,50,22,59.679927825927734,0.0006399628473445773,0.0005955216474831104,0.013695796951651573,0.20108431577682495,0.17970429883486408,0.09850663203784435,0.004176413174718618,0.7202171683311462,-0.4045969843864441,0.0919305607676506
25,2,1,CARE_only,"{42, 19}",0.0012125229695811868,55,19,60.10527801513672,0.0019726851023733616,0.004040132276713848,0.02114953100681305,0.079697385430336,0.1585018252129415,0.03102324113997266,0.0338478647172451,0.8917518258094788,-0.5195873975753784,0.8669258952140808
25,2,1,Both,"{42, 50}",0.0013348880456760526,22,1,58.464569091796875,0.0006656820187345147,-0.001139735453762114,0.020321065559983253,-0.16492816805839539,0.17692064074141983,0.009515733936310533,0.04710470139980316,1.1538430452346802,-0.6095691323280334,1.1364699602127075
25,2,1,Both,"{50, 46}",0.00132088887039572,24,5,58.759342193603516,0.0007354544359259307,0.001793657778762281,0.02225114218890667,-0.09747608006000519,0.17285349957495041,0.00896817743490839,0.050771795213222504,1.087633728981018,-0.6113923788070679,1.2502186298370361
25,2,1,Both,"{50, 47}",0.0013651491608470678,13,2,58.371768951416016,0.000657340744510293,0.0031529658008366823,0.022740622982382774,-0.010185156017541885,0.1676528928374977,0.011334261284549613,0.055006418377161026,0.9987354278564453,-0.5949163436889648,1.3875538110733032
25,2,1,Both,"{19, 38}",0.0011668582446873188,17,18,60.07194519042969,0.0027333274483680725,0.003173538949340582,0.01860477589070797,0.11657411605119705,0.1342323271048289,0.03352787780951198,0.055399321019649506,0.8538064956665039,-0.5040531754493713,1.6102218627929688
25,2,1,Both,"{9, 36}",0.0017356806201860309,10,24,58.145748138427734,0.0007068933919072151,0.002282987581565976,0.013110632076859474,-0.1763390749692917,0.19760638741186473,0.021088148460565163,0.007989027537405491,1.1515322923660278,-0.5649425983428955,0.17279252409934998
25,2,1,Both,"{42, 46}",0.0009509227238595486,0,3,59.31721878051758,0.00090070313308388,-0.002661311998963356,0.019451027736067772,0.0828137993812561,0.11874718717183672,0.014317798989331837,0.003667094511911273,0.9040541052818298,-0.5695614814758301,0.1137486919760704
25,2,1,Neither,"{2, 3}",0.001626228098757565,95,143,56.1518440246582,0.0011448339791968465,-0.001991554629057646,0.008000456728041172,-0.07143072038888931,0.12386445085259946,0.007132283676490378,0.0830334946513176,1.0637890100479126,-0.6049618721008301,2.661675453186035
25,2,1,Neither,"{8, 2}",0.0015376200899481773,89,73,56.04640197753906,9.198912448482588e-05,-0.0002507716417312622,0.012217007577419281,0.3229561746120453,0.1339156234894071,0.09770973363206373,0.0636066272854805,0.6108900308609009,-0.389393150806427,1.7903614044189453
25,2,1,Neither,"{9, 2}",0.0021899105049669743,113,101,56.400917053222656,0.0009534179698675871,-0.0001940618676599115,0.00961149763315916,0.2371264398097992,0.1990232193755938,0.08224455611390284,0.0038999258540570736,0.700131356716156,-0.4335309863090515,0.07985249906778336
25,2,1,Neither,"{2, 14}",0.00398077629506588,107,104,56.60474395751953,0.0012317993678152561,0.0002219696471001953,0.008639744482934475,0.09743764996528625,0.2331271981731202,0.10167310167310167,0.032276254147291183,0.8107960224151611,-0.41833239793777466,0.5671977996826172
25,2,1,Neither,"{2, 19}",0.0020404011011123657,27,50,57.961212158203125,0.0015730509767308831,-0.0005334776360541582,0.010231110267341137,0.08375610411167145,0.1949227409864484,0.08260646485377117,0.007712540216743946,0.8405562043190002,-0.43153223395347595,0.16071446239948273
25,2,1,Neither,"{2, 26}",0.005061372648924589,170,189,55.896484375,-0.00026786295347847044,-0.0015377409290522337,0.007692699320614338,-0.13982780277729034,0.3063524077809078,0.03210185537842102,0.0840957909822464,1.103237271308899,-0.5690368413925171,1.2284263372421265
25,2,1,Neither,"{2, 28}",0.0025261281989514828,163,148,56.30297088623047,0.00026860408252105117,0.001742314314469695,0.0191664919257164,0.20625852048397064,0.2277599053222876,0.13078161592505855,0.03290198743343353,0.6899346709251404,-0.3812069594860077,0.5767799019813538
25,2,1,Neither,"{2, 29}",0.0017738769529387355,66,93,54.86107635498047,0.0006041715387254953,-0.002499809255823493,0.005486662033945322,-0.13538584113121033,0.1807210841264814,0.00036893562073418186,0.034109801054000854,1.1349669694900513,-0.7423025369644165,0.8101378083229065
25,2,1,Neither,"{2, 30}",0.0030997712165117264,143,135,55.067142486572266,0.00037700426764786243,-0.0019044340588152409,0.002939513185992837,-0.11879763752222061,0.22392612471455003,0.006997171356260235,0.004918563179671764,1.1109691858291626,-0.6454272866249084,0.09681212157011032
25,2,1,Neither,"{2, 34}",0.0023754704743623734,108,107,57.2360954284668,0.0001671907230047509,0.0005513819050975144,0.013308549299836159,-0.16701754927635193,0.26446418748854034,0.03731249212151771,0.04755581170320511,1.1234731674194336,-0.5412874817848206,0.7885045409202576
25,2,1,Neither,"{2, 36}",0.0020190533250570297,101,84,56.341278076171875,0.0005409839795902371,0.001222615479491651,0.023108815774321556,0.08113713562488556,0.18445485306619105,0.11810952467016085,0.011888952925801277,0.8103364109992981,-0.38149774074554443,0.25264501571655273
25,2,1,Neither,"{2, 38}",0.001699895248748362,59,80,56.80060958862305,0.0013218361418694258,-0.003516543423756957,0.01471666619181633,0.051223475486040115,0.1425999699964996,0.03483343074225599,0.06311186403036118,0.9157273769378662,-0.50146484375,1.770936369895935
25,2,1,Neither,"{2, 42}",0.0017415941692888737,91,90,56.83522415161133,0.000492869527079165,0.00036569623625837266,0.007938729599118233,-0.03638853132724762,0.16795292784158153,0.025605398967844382,0.04156040400266647,1.009851336479187,-0.5378636717796326,1.0276403427124023
25,2,1,Neither,"{2, 44}",0.003396933898329735,157,191,54.799922943115234,0.0008832752355374396,0.0029154568910598755,0.008642300963401794,-0.06848916411399841,0.2638807860917107,0.03095192975806961,0.04556219279766083,1.0354173183441162,-0.5577918291091919,0.76105797290802
25,2,1,Neither,"{2, 46}",0.0017332598799839616,99,64,57.12150573730469,0.0011836204212158918,-0.001785324770025909,0.010642736218869686,0.14466510713100433,0.15668494657710066,0.0725531914893617,0.045227497816085815,0.7932776212692261,-0.43295925855636597,1.1413891315460205
25,2,1,Neither,"{2, 47}",0.0017635688418522477,92,76,56.71648406982422,0.0013109815772622824,0.0008747423999011517,0.0106933219358325,0.18423180282115936,0.1551681029453436,0.05177784939306048,0.04946212098002434,0.7735294699668884,-0.4687584340572357,1.278724193572998
25,2,1,Neither,"{2, 50}",0.0020607297774404287,109,151,56.252567291259766,0.00031327264150604606,-0.0004975043120793998,0.0035191320348531008,-0.10222095996141434,0.22565966029370094,0.002437583099423844,0.005544297397136688,1.0995341539382935,-0.6952448487281799,0.10882961004972458
25,2,1,Neither,"{2, 52}",0.0035416441969573498,62,168,55.27579116821289,0.0004093511961400509,0.00013927029795013368,0.006067259237170219,-0.26726025342941284,0.28179954328004936,0.007452975275050278,0.05590863898396492,1.2578153610229492,-0.6613293290138245,0.8992329239845276
25,2,1,Neither,"{2, 53}",0.002333630109205842,116,111,54.94716262817383,0.0004799785965587944,-0.0019503786461427808,0.01911654882133007,0.32798704504966736,0.19455603153701265,0.21641535298149417,0.014668378047645092,0.5265790224075317,-0.2902560234069824,0.27687153220176697
25,2,1,Neither,"{3, 5}",0.002009051851928234,125,116,58.40098571777344,0.0021107038483023643,0.0020403896924108267,0.015075692906975746,-0.01937309093773365,0.2618138782858,0.002610301139619278,0.2032909095287323,1.0167121887207031,-0.6780635118484497,4.233245849609375
25,2,1,Neither,"{9, 3}",0.0013078555930405855,44,40,57.976318359375,0.0007940505747683346,-0.0015646128449589014,0.011100918054580688,-0.03159533441066742,0.11976397246345406,0.004314544189283229,0.07913357019424438,1.027144432067871,-0.6306244134902954,2.5818228721618652
25,2,1,Neither,"{3, 14}",0.003167752642184496,180,161,58.127777099609375,0.0026700792368501425,-0.0016091999132186174,0.026164907962083817,0.06630825996398926,0.15671828379977665,0.03190810465858328,0.11530975252389908,0.9038994312286377,-0.5012296438217163,3.2288732528686523
25,2,1,Neither,"{19, 3}",0.001078006811439991,64,31,59.437904357910156,0.003303768578916788,-0.00027386622969061136,0.0175545122474432,0.05187952518463135,0.11569683129698465,0.0018729289727704942,0.07532095909118652,0.9463447332382202,-0.6665900349617004,2.5009608268737793
25,2,1,Neither,"{26, 3}",0.0043193623423576355,205,199,57.42045593261719,0.0018973264377564192,-0.0014029877493157983,0.015452458523213863,0.03190091997385025,0.21917557048322303,0.008669860825918321,0.1671292930841446,0.9597057700157166,-0.6077519059181213,3.890101671218872
25,2,1,Neither,"{3, 29}",0.0009210424614138901,33,95,56.45866775512695,0.0011963133001700044,-0.0009626538376323879,0.010404466651380062,-0.0425165556371212,0.08360975447135499,0.024720893141945772,0.04892369732260704,1.016744613647461,-0.5237833857536316,1.8515375852584839
25,2,1,Neither,"{3, 30}",0.0022902963683009148,140,188,56.66572189331055,0.0007195085054263473,0.0003498910227790475,0.016477417200803757,-0.0804932713508606,0.12958178454152985,0.0061744275791098535,0.08795206248760223,1.0738219022750854,-0.6135115623474121,2.7584874629974365
25,2,1,Neither,"{3, 36}",0.0011441868264228106,36,32,57.93123245239258,-4.671062924899161e-05,-0.0005931874038651586,0.01584317348897457,0.05460423603653908,0.10999616621939226,0.010304591604788605,0.07114454358816147,0.9356538653373718,-0.5823670625686646,2.4090304374694824
25,2,1,Neither,"{3, 38}",0.0007402813644148409,26,58,58.33238220214844,0.0022733949590474367,-0.0001358534791506827,0.019840624183416367,0.261787474155426,0.05107262513959962,0.027088772845953003,0.01992163620889187,0.7182152271270752,-0.5274955630302429,0.8907390832901001
25,2,1,Neither,"{3, 44}",0.0025092686992138624,151,126,56.3770866394043,0.0022427549120038748,-0.0009415293461643159,0.01824733056128025,0.08495064824819565,0.17340356374910407,0.020378736902816497,0.12859569489955902,0.8964018225669861,-0.5408931374549866,3.4227333068847656
25,2,1,Neither,"{50, 3}",0.0012235806789249182,47,43,57.812896728515625,0.0008531941566616297,-0.0009084347984753549,0.009851198643445969,-0.13472111523151398,0.13094861067124497,0.001145621181262729,0.08857779204845428,1.1334211826324463,-0.6873028874397278,2.770504951477051
25,2,1,Neither,"{3, 52}",0.002740289317443967,169,153,56.81692123413086,0.0025742242578417063,-0.001702463603578508,0.018314531072974205,0.027585919946432114,0.18667177837414364,0.011340298240914367,0.13894213736057281,0.9613866209983826,-0.5852359533309937,3.560908317565918
25,2,1,Neither,"{3, 53}",0.0015617855824530125,73,71,56.535400390625,0.001301583368331194,0.0011163802118971944,0.01666370779275894,-0.024365127086639404,0.1400496724617872,0.010711735301118781,0.09770187735557556,1.013392448425293,-0.5825905203819275,2.938546895980835
25,2,1,Neither,"{8, 5}",0.001947580836713314,121,125,58.30138397216797,0.001094501931220293,-0.00365058658644557,0.028726479038596153,0.19063706696033478,0.2772490123847782,0.027054650393795468,0.1838640421628952,0.7874659299850464,-0.5470032095909119,3.361931800842285
25,2,1,Neither,"{9, 5}",0.0025479996111243963,138,152,58.65836715698242,0.001328794052824378,-0.0022503321524709463,0.012050271965563297,-0.04400894045829773,0.33177204007134165,0.06440916398713827,0.12415733933448792,0.9767652153968811,-0.5064333081245422,1.6514229774475098
25,2,1,Neither,"{5, 14}",0.004472777713090181,70,171,58.80481719970703,0.003256457159295678,0.0003797384852077812,0.013386952690780163,-0.18935397267341614,0.3781274482022903,0.043508926603482476,0.08798116445541382,1.1376065015792847,-0.5750714540481567,1.0043727159500122
25,2,1,Neither,"{19, 5}",0.002408737549558282,67,114,60.16229248046875,0.0017916579963639379,-9.198495536111295e-05,0.027095403522253036,0.23281575739383698,0.3083693097528045,0.13102702702702704,0.12796995043754578,0.6666623950004578,-0.4029809236526489,1.7322849035263062
25,2,1,Neither,"{26, 5}",0.005559951066970825,167,184,58.133453369140625,0.0015612448332831264,0.0013303039595484734,0.02276827022433281,0.07679463922977448,0.39407930925274615,0.151890702986211,0.0361616276204586,0.7829790711402893,-0.4458155333995819,0.34314411878585815
25,2,1,Neither,"{28, 5}",0.0029094151686877012,177,183,58.60203170776367,-0.0006131750997155905,0.0016832437831908464,0.019804352894425392,0.11465449631214142,0.34252329438434487,0.15407075770110468,0.08735542744398117,0.7489396333694458,-0.407542884349823,0.9947905540466309
25,2,1,Neither,"{29, 5}",0.002166999038308859,102,129,57.18516159057617,0.0008213098626583815,-0.0015093801775947213,0.014071936719119549,-0.19248247146606445,0.3168536329238411,0.005313272660318796,0.15436720848083496,1.1861464977264404,-0.6795675754547119,2.3817081451416016
25,2,1,Neither,"{5, 30}",0.003501299535855651,166,178,57.4074821472168,-0.00026293296832591295,0.0022923757787793875,0.010769965127110481,-0.1542859524488449,0.3563415731835381,0.01936570305921976,0.11533885449171066,1.1319323778152466,-0.6264770030975342,1.474758267402649
25,2,1,Neither,"{34, 5}",0.0027586263604462147,146,169,59.45110321044922,0.000934307521674782,0.0009235158213414252,0.019873103126883507,0.08897587656974792,0.36824296167886256,0.11904761904761904,0.0727016031742096,0.8025688529014587,-0.46049222350120544,0.783065915107727
25,2,1,Neither,"{36, 5}",0.002421666169539094,132,145,58.628395080566406,6.9465022534132e-06,-0.0025298381224274635,0.010768669657409191,-0.007024322636425495,0.324954578034104,0.05857912285201334,0.13214637339115143,0.9480337500572205,-0.5114628076553345,1.8242154121398926
25,2,1,Neither,"{5, 38}",0.0020952713675796986,97,100,59.01832962036133,0.0024743210524320602,0.0006473021931014955,0.031872279942035675,0.27584171295166016,0.26776457253346225,0.06555029880478087,0.18336927890777588,0.6766895055770874,-0.4525053799152374,3.3425066471099854
25,2,1,Neither,"{42, 5}",0.0021363012492656708,124,121,59.035484313964844,0.0022721458226442337,0.0023544123396277428,0.02175878919661045,0.06417296826839447,0.29773473571916725,0.04120479229649535,0.16181781888008118,0.8972664475440979,-0.5258059501647949,2.599210739135742
25,2,1,Neither,"{44, 5}",0.0037395614199340343,172,182,57.113529205322266,0.0015165199292823672,-0.002506321296095848,0.011738544330000877,-0.08536387234926224,0.37135999199906655,0.10350554333677454,0.07469522207975388,0.9730226993560791,-0.479988157749176,0.8105124831199646
25,2,1,Neither,"{5, 46}",0.0021316667553037405,127,120,59.36549377441406,0.001032740343362093,0.0009111219551414251,0.02785423770546913,0.22464275360107422,0.2842664977580718,0.07575935264454087,0.16548492014408112,0.716616690158844,-0.45096030831336975,2.7129595279693604
25,2,1,Neither,"{5, 47}",0.002189550781622529,126,119,58.96259307861328,0.001617971109226346,-0.002169983461499214,0.013562951236963272,-0.052185796201229095,0.2940009667794576,0.023642136296632272,0.16971953213214874,1.0273098945617676,-0.5710618495941162,2.850294589996338
25,2,1,Neither,"{50, 5}",0.0024245348758995533,144,167,58.489986419677734,0.0016073347069323063,0.0024184654466807842,0.01527177169919014,-0.15095043182373047,0.3545080259363592,0.02665977054730111,0.11471311748027802,1.120266318321228,-0.601865828037262,1.4627407789230347
25,2,1,Neither,"{52, 5}",0.003814375028014183,54,170,57.577476501464844,0.0008247200748883188,-0.000430406944360584,0.013956891372799873,0.03528417646884918,0.38622839331255315,0.09170946441672781,0.06434877961874008,0.8762422800064087,-0.5040313601493835,0.672337532043457
25,2,1,Neither,"{53, 5}",0.0027771207969635725,141,158,57.26099395751953,0.0009299875819124281,0.0014223443577066064,0.01889151521027088,-0.021850109100341797,0.3404230493557582,0.09983841747049894,0.10558903962373734,0.9198302030563354,-0.4627668857574463,1.29469895362854
25,2,1,Neither,"{8, 14}",0.0030378776136785746,179,162,58.03775405883789,0.0012951758690178394,-0.0021695136092603207,0.013296552933752537,0.05405065044760704,0.18023769439767973,0.02071580504947748,0.09588287770748138,0.9263532757759094,-0.5505505800247192,2.3575592041015625
25,2,1,Neither,"{8, 26}",0.004223237279802561,203,198,57.32566833496094,0.0006121555925346911,0.0018348516896367073,0.01620623469352722,-0.20410172641277313,0.2425949694130982,0.003023223855984609,0.1477024108171463,1.200461506843567,-0.6775011420249939,3.0187876224517822
25,2,1,Neither,"{8, 30}",0.0022208853624761105,133,109,56.53901290893555,0.00048179164878092706,-0.0010654230136424303,0.02038012072443962,-0.3619404435157776,0.15258446818795526,0.00032772558444395895,0.06852518767118454,1.3614940643310547,-0.7348424792289734,1.8871735334396362
25,2,1,Neither,"{8, 34}",0.0014473083429038525,79,70,58.66118240356445,2.3174230591394007e-05,-0.004097425378859043,0.017191750928759575,0.028590504080057144,0.19752304435517476,0.02,0.11116243898868561,0.9519813060760498,-0.5564753413200378,2.5788660049438477
25,2,1,Neither,"{8, 44}",0.002451630076393485,148,132,56.2919807434082,0.000501731876283884,0.006961698643863201,0.019960710778832436,-0.15847979485988617,0.19877319020552398,0.0020964360587002098,0.10916882008314133,1.1560511589050293,-0.683695912361145,2.551419258117676
25,2,1,Neither,"{8, 50}",0.0011482950067147613,40,39,57.69732666015625,0.00030797248473390937,-0.0007931488798931241,0.009599950164556503,-0.2808193862438202,0.15310119513943293,0.001633097441480675,0.06915092468261719,1.278727650642395,-0.683719277381897,1.8991910219192505
25,2,1,Neither,"{8, 52}",0.002611312083899975,164,136,56.72471618652344,0.0011397533817216754,0.0016673827776685357,0.014351846650242805,-0.30044832825660706,0.21097461370493223,0.0003160306549735324,0.11951526254415512,1.3000373840332031,-0.7479098439216614,2.689594268798828
25,2,1,Neither,"{8, 53}",0.0014591030776500702,58,75,56.4034309387207,0.0012428025947883725,-0.0022271869238466024,0.02849741093814373,0.3866136372089386,0.14738386145050256,0.11140013571590138,0.07827500253915787,0.5450550317764282,-0.3711749315261841,2.067232847213745
25,2,1,Neither,"{9, 14}",0.0037457256112247705,187,172,58.38844299316406,0.0017848032293841243,0.00257808156311512,0.009606887586414814,0.011859491467475891,0.23699431600353374,0.06484737656491771,0.036176178604364395,0.924062192440033,-0.47446417808532715,0.6470502614974976
25,2,1,Neither,"{9, 19}",0.0017164723249152303,74,49,59.71666717529297,0.0016726028406992555,0.0009058064897544682,0.010411347262561321,0.10508721321821213,0.19380594402680312,0.06579513202029759,0.003812614129856229,0.8360318541526794,-0.45788872241973877,0.08086197078227997
25,2,1,Neither,"{9, 26}",0.004831194877624512,207,207,57.670780181884766,0.0014865370467305183,-0.0007991973543539643,0.007081019692122936,-0.2811453640460968,0.3063024019468938,0.017686112320417936,0.08799571543931961,1.2584868669509888,-0.614902675151825,1.3082787990570068
25,2,1,Neither,"{9, 28}",0.0023131447378546,68,62,58.11392593383789,0.00027056605904363096,-0.00021984124032314867,0.01965300552546978,0.27628594636917114,0.22957678395812844,0.10237421041167502,0.036801911890506744,0.6496244072914124,-0.41559451818466187,0.6566323637962341
10,2,2,Geometry_only,"{56, 6}",0.00312109780497849,6,177,55.949161529541016,0.0003313231572974473,-2.0092367776669562e-05,0.009960593655705452,-0.1352018415927887,0.3001850215858517,0.03464934199566883,0.04707559943199158,1.0958678722381592,-0.5635059475898743,0.6884168386459351
10,2,2,Geometry_only,"{0, 32}",0.0019904584623873234,8,15,58.957763671875,0.0010471830610185862,-0.003318430157378316,0.014953257516026497,-0.09628475457429886,0.2369109729468438,0.003447548019418842,0.04167681932449341,1.0925052165985107,-0.6833670139312744,0.7891356945037842
10,2,2,Geometry_only,"{32, 17}",0.00214642402715981,3,42,59.48600387573242,0.00021799758542329073,-0.0006187793333083391,0.016126753762364388,-0.23261120915412903,0.27484873235210777,0.002183273697616593,0.07460790872573853,1.2299200296401978,-0.7131068110466003,1.2491697072982788
10,2,2,Geometry_only,"{0, 51}",0.0018719191430136561,2,53,57.67567443847656,0.0007722871378064156,-0.0013531630393117666,0.01744614727795124,-0.30395254492759705,0.2829830146850466,0.0039465158744183305,0.0011932608904317021,1.2988064289093018,-0.6947369575500488,0.018941067159175873
10,2,2,Geometry_only,"{56, 17}",0.0027817930094897747,7,62,58.536582946777344,0.0006265869014896452,-0.00012055336992489174,0.02291921153664589,0.4135698974132538,0.28906705782341274,0.25475723676623224,0.0015716119669377804,0.4370327889919281,-0.30279478430747986,0.01930706389248371
10,2,2,Geometry_only,"{32, 51}",0.0016849040985107422,9,16,57.557796478271484,0.0020989365875720978,0.0009239597129635513,0.03565330430865288,-0.20252616703510284,0.2337606054039638,0.011123787792355962,0.04048356041312218,1.1891494989395142,-0.6209647059440613,0.7701946496963501
10,2,2,Geometry_only,"{4, 60}",0.0008015479543246329,0,46,56.9345588684082,0.00019185428391210735,0.00041342093027196825,0.004671824164688587,-0.03906143456697464,0.09522777657393362,0.004726063364256958,0.005733473226428032,1.0341507196426392,-0.6276605725288391,0.20140235126018524
10,2,2,Geometry_only,"{1, 41}",0.0018599816830828786,1,24,56.796104431152344,0.0009137013112194836,-0.00013276783283799887,0.008403913117945194,-0.09462713450193405,0.18213791609021052,0.0018303285439736432,0.023443210870027542,1.0926235914230347,-0.6918468475341797,0.5508229732513428
10,2,2,Geometry_only,"{49, 35}",0.0021158873569220304,4,45,56.35621643066406,0.00024157062580343336,-0.0015383093850687146,0.005891556851565838,-0.19563035666942596,0.23331055289783809,0.0005001071658212474,0.02270106039941311,1.1950323581695557,-0.7502313852310181,0.4344215989112854
10,2,2,CARE_only,"{32, 31}",0.0015733956824988127,46,1,57.857261657714844,0.0017826765542849898,0.003962363116443157,0.020288417115807533,0.11382140219211578,0.16711949727468203,0.04079393576700578,0.014013539999723434,0.850027859210968,-0.4985218048095703,0.3407716453075409
10,2,2,CARE_only,"{35, 31}",0.0015897414414212108,19,5,57.098148345947266,-0.00027713278541341424,-0.00031415821285918355,0.022667881101369858,0.10740580409765244,0.20405713999966663,0.02254533572945597,0.04432527720928192,0.8724703788757324,-0.5602357387542725,0.9418665766716003
10,2,2,CARE_only,"{0, 31}",0.0017192461527884007,50,3,57.93999481201172,0.0016641552792862058,-0.00013343231694307178,0.02697819657623768,0.25340142846107483,0.20957445035254113,0.05774278215223097,0.05569035932421684,0.7034878730773926,-0.474359929561615,1.1299073696136475
10,2,2,CARE_only,"{0, 41}",0.0021983764600008726,27,4,58.071929931640625,0.0009676468325778842,-0.0012402443680912256,0.014878608286380768,0.02841046452522278,0.21242478289133732,0.03821406151914627,0.05667989328503609,0.9344611763954163,-0.5169084668159485,1.1558223962783813
10,2,2,CARE_only,"{4, 31}",0.0010916088940575719,15,8,58.407772064208984,0.0005350452847778797,-0.0013257081154733896,0.019954288378357887,0.5064066648483276,0.11312986515093428,0.14969795196699573,0.024287225678563118,0.4197034239768982,-0.3372424244880676,0.7224092483520508
10,2,2,CARE_only,"{35, 4}",0.0013577414210885763,30,2,58.58102035522461,0.0012869752245023847,-0.0025747930631041527,0.01931799203157425,0.11657986044883728,0.17463704098811528,0.03550634723680443,0.06861250102519989,0.8520531058311462,-0.508371889591217,1.664275884628296
10,2,2,CARE_only,"{32, 41}",0.0020552263595163822,55,6,57.94293975830078,0.0026799379847943783,0.0015740205999463797,0.012675552628934383,-0.04382151737809181,0.1650025836347574,0.04727750277805839,0.015003073029220104,0.9944722652435303,-0.483555406332016,0.36668661236763
10,2,2,CARE_only,"{35, 13}",0.0015591926639899611,10,0,57.13254165649414,0.0009592064307071269,-0.000749819097109139,0.02135445922613144,0.013180754147469997,0.2020735752504459,0.016085127443702055,0.04723566770553589,0.9709461331367493,-0.584290087223053,1.018845796585083
10,2,2,CARE_only,"{32, 6}",0.0024530289229005575,40,7,56.913570404052734,0.0008866983698680997,-0.0037426985800266266,0.01398259773850441,-0.11929124593734741,0.2206590768923041,0.012086417887898474,0.029103925451636314,1.1057630777359009,-0.6114979982376099,0.5800598859786987
10,2,2,Both,"{4, 13}",0.00109009793959558,5,9,58.48081588745117,0.0003690980956889689,-0.0007950570434331894,0.027049779891967773,0.5217477679252625,0.11104628873368559,0.14124887421194837,0.021376833319664,0.41069963574409485,-0.3458719551563263,0.6454300880432129
10,2,2,Neither,"{0, 1}",0.0018130203243345022,22,36,57.805328369140625,0.00014763524814043194,-0.003030475927516818,0.007948243990540504,-0.13765263557434082,0.2466621105795676,0.0029733747803757263,0.033236682415008545,1.1342699527740479,-0.6935500502586365,0.6049993634223938
10,2,2,Neither,"{0, 4}",0.0015400716802105308,72,22,59.45958709716797,0.001155184581875801,-5.7943747378885746e-05,0.029526159167289734,0.48944810032844543,0.1775873851949394,0.09160878543270133,0.07997758686542511,0.46378085017204285,-0.4044548571109772,1.8523166179656982
10,2,2,Neither,"{0, 6}",0.0026147780008614063,78,79,57.01142883300781,0.0002854257763829082,-0.002417996758595109,0.005195652134716511,-0.33722877502441406,0.2709649459103562,0.00036909448818897637,0.012572895735502243,1.3367352485656738,-0.7696611285209656,0.20907582342624664
10,2,2,Neither,"{0, 12}",0.0030071663204580545,47,117,58.5396842956543,0.00011738278408301994,-0.00026450850418768823,0.01575939729809761,-0.5138294696807861,0.3657926758121781,0.0,0.07012590765953064,1.5138294696807861,-0.9207698702812195,0.8663724660873413
10,2,2,Neither,"{0, 13}",0.0017480076057836413,89,33,58.03841781616211,0.0006492675747722387,-0.0003495248965919018,0.031445566564798355,0.3370083272457123,0.2031737035987532,0.0746574780539831,0.05860075354576111,0.6134943962097168,-0.4424378275871277,1.2068865299224854
10,2,2,Neither,"{0, 17}",0.002303932560607791,14,48,59.552978515625,0.0005626086494885385,0.0019149923464283347,0.0486779659986496,0.5227301120758057,0.2552464454186322,0.26617906354078236,0.03293108940124512,0.3502306342124939,-0.2758939564228058,0.46003395318984985
10,2,2,Neither,"{0, 18}",0.005512769799679518,192,182,59.195682525634766,0.0013414777349680662,-0.0015175705775618553,0.02750222384929657,0.32515910267829895,0.4093977630723584,0.2135906518464232,0.18453343212604523,0.5307011604309082,-0.3761855661869049,1.6817647218704224
10,2,2,Neither,"{0, 35}",0.0019675311632454395,88,57,58.163917541503906,0.0007256351527757943,0.0007207697490230203,0.019594023004174232,-0.059924907982349396,0.2679979330921941,0.016606543102375918,0.011365082114934921,1.0423232316970825,-0.6091346144676208,0.18804077804088593
10,2,2,Neither,"{0, 37}",0.003664972959086299,134,118,57.84196090698242,0.0009846917819231749,0.0002752027940005064,0.017841435968875885,-0.20077556371688843,0.3025519643958462,0.014654839953721558,0.018786583095788956,1.183178424835205,-0.6312267184257507,0.27617016434669495
10,2,2,Neither,"{0, 45}",0.0032745073549449444,113,98,57.62913513183594,0.0008621131419204175,0.0004455393354874104,0.012655907310545444,-0.22006984055042267,0.31522010901271813,0.023214002432446725,0.032363563776016235,1.1917471885681152,-0.6036186814308167,0.4530094265937805
10,2,2,Neither,"{0, 48}",0.0034423850011080503,91,86,56.721519470214844,-3.121671034023166e-05,-0.0003943147312384099,0.00328041915781796,-0.24083168804645538,0.2682812994849399,0.002360981671326499,0.014450098387897015,1.2379021644592285,-0.7108578681945801,0.24219413101673126
10,2,2,Neither,"{0, 49}",0.002270051511004567,96,82,57.25790023803711,0.0005049292230978608,-0.0008875890634953976,0.005356303881853819,-0.3448382019996643,0.24622872668477988,0.0008800433252098565,0.03406614437699318,1.3436546325683594,-0.7373842000961304,0.6224623918533325
10,2,2,Neither,"{0, 56}",0.002641306957229972,51,38,58.03181838989258,0.00037572585279121995,-0.00012415542732924223,0.019809028133749962,0.439247727394104,0.25953027853249544,0.2522157996146435,0.034502703696489334,0.4193216860294342,-0.2878052592277527,0.4793410003185272
10,2,2,Neither,"{0, 57}",0.0024183818604797125,130,112,58.703067779541016,0.0008150956127792597,0.0017418425995856524,0.014514032751321793,-0.42197707295417786,0.29346757121664196,5.6798818584573444e-05,0.006999494042247534,1.4218963384628296,-0.8143274188041687,0.10758546739816666
10,2,2,Neither,"{0, 60}",0.001414423924870789,58,70,56.47910690307617,0.0005063038552179933,-0.0016527880216017365,0.006254867650568485,-0.01964811235666275,0.1850382544630207,0.012161066570579228,0.0857110545039177,1.0072481632232666,-0.5921168327331543,2.0537190437316895
10,2,2,Neither,"{0, 61}",0.00512915151193738,186,188,57.673885345458984,0.001449806266464293,0.0001929813442984596,0.02635282278060913,-0.016028499230742455,0.31221975897188003,0.035395867812716884,0.033003851771354675,0.9800652861595154,-0.5678454041481018,0.46093249320983887
10,2,2,Neither,"{1, 4}",0.001224881736561656,48,12,58.22216033935547,0.000829613592941314,0.0009425084572285414,0.008845977485179901,0.01399171631783247,0.1534345673661927,0.015317762085822922,0.046740904450416565,0.9709048271179199,-0.5713936686515808,1.2473173141479492
10,2,2,Neither,"{1, 6}",0.0022440534085035324,120,111,55.72296142578125,-0.00021897201077081263,-0.0009138586465269327,0.001993183046579361,-0.12480402737855911,0.23252712816495258,0.002007168458781362,0.020663786679506302,1.1225463151931763,-0.7049253582954407,0.39592352509498596
10,2,2,Neither,"{1, 12}",0.0026546374429017305,103,114,57.26573944091797,0.0003188330156262964,0.0018984783673658967,0.011415407992899418,-0.21319027245044708,0.3275715500141683,0.00045796865458986365,0.10336259007453918,1.2126346826553345,-0.7767086625099182,1.4713717699050903
10,2,2,Neither,"{1, 13}",0.0014232577523216605,82,63,56.74909973144531,0.0010214498033747077,-0.0009009162313304842,0.008201985619962215,-0.038952186703681946,0.18002100245028588,0.001388888888888889,0.025364071130752563,1.0375092029571533,-0.7013412714004517,0.6018871665000916
10,2,2,Neither,"{1, 17}",0.001985621638596058,63,61,58.326656341552734,-9.64171122177504e-05,-0.001800882164388895,0.01592402532696724,-0.24725043773651123,0.2850999283249712,5.8465855940130964e-05,0.06616777181625366,1.2471774816513062,-0.8101354241371155,1.0650333166122437
10,2,2,Neither,"{1, 18}",0.0050268033519387245,202,198,57.9291877746582,0.0018281618831679225,0.001216360367834568,0.0240933857858181,0.5724061131477356,0.3747937259346924,0.22406048476762286,0.21777011454105377,0.33178699016571045,-0.3291783034801483,2.286764144897461
10,2,2,Neither,"{1, 31}",0.0014134278753772378,33,34,56.69384002685547,0.00048604642506688833,-0.0005288221873342991,0.012597832828760147,0.0812695100903511,0.18210457886753453,0.008237986270022883,0.022453676909208298,0.9111620187759399,-0.6213439106941223,0.5249080061912537
10,2,2,Neither,"{32, 1}",0.0015927089843899012,44,11,57.66445541381836,0.002283933572471142,0.0005280360346660018,0.023976491764187813,0.6302667856216431,0.15715166769456437,0.2704709376325838,0.008440137840807438,0.2697311341762543,-0.2422751635313034,0.18413637578487396
10,2,2,Neither,"{1, 35}",0.00160225632134825,80,32,56.843231201171875,0.0023006058763712645,-0.0015675940085202456,0.025454070419073105,0.8984652757644653,0.14783391395662826,0.5854098545495546,0.021871598437428474,0.04209529608488083,-0.07723072171211243,0.4169585704803467
10,2,2,Neither,"{1, 37}",0.00327203213237226,158,154,56.57090377807617,0.00056987046264112,0.0005084906588308513,0.008628470823168755,-0.07268811017274857,0.26759788642008236,0.004920891989535318,0.0520232655107975,1.0674095153808594,-0.6773664951324463,0.8811694979667664
10,2,2,Neither,"{1, 45}",0.002959875389933586,87,129,56.3404655456543,0.0009051567758433521,-0.001096468884497881,0.009939015842974186,-0.07873755693435669,0.28033270548230627,0.014746105363301225,0.06560024619102478,1.0628303289413452,-0.6190465688705444,1.0580087900161743
10,2,2,Neither,"{48, 1}",0.0030135030392557383,143,125,55.40144348144531,0.000331259478116408,0.0027467014733701944,0.0025097792968153954,-0.1277375966310501,0.23064357508375977,0.0008672400086724001,0.018786583095788956,1.1267595291137695,-0.7333542704582214,0.36280521750450134
10,2,2,Neither,"{1, 49}",0.0019603248219937086,92,69,55.97449493408203,3.106503572780639e-05,0.0009999104076996446,0.0017016876954585314,-0.18705609440803528,0.20834097311352992,0.00016001280102408193,0.0008294618455693126,1.1868661642074585,-0.7713240385055542,0.017463022843003273
10,2,2,Neither,"{1, 51}",0.001506298896856606,12,54,56.389007568359375,0.000781266251578927,0.0010015057632699609,0.016289256513118744,-0.2440672069787979,0.24599536612604803,0.0001355197181189863,0.032043419778347015,1.243898630142212,-0.784976065158844,0.5860582590103149
10,2,2,Neither,"{56, 1}",0.0023218593560159206,100,102,56.739288330078125,0.0008416555938310921,-0.0004928386770188808,0.003668122226372361,-0.1951473504304886,0.2850499224909573,0.006549324600900532,0.06773938238620758,1.1873199939727783,-0.66843581199646,1.0843403339385986
10,2,2,Neither,"{1, 57}",0.0020587812177836895,131,103,57.46011734008789,0.0001027383841574192,0.0005588897620327771,0.009672879241406918,-0.2588898539543152,0.25541313153201206,0.0,0.04023617506027222,1.25888991355896,-0.9051305055618286,0.7125847935676575
10,2,2,Neither,"{1, 60}",0.0010522594675421715,41,60,55.142066955566406,0.0013007773086428642,-0.0029223356395959854,0.005520461592823267,0.3687230050563812,0.12943176703948794,0.1528654217643271,0.05247437581419945,0.5347765684127808,-0.3299606740474701,1.4487196207046509
10,2,2,Neither,"{1, 61}",0.0045524584129452705,197,205,56.405147552490234,0.0008436090429313481,-0.00032725906930863857,0.009594584815204144,0.11133533716201782,0.2716483589752138,0.049886482174633366,0.06624053418636322,0.8443323373794556,-0.5144132375717163,1.065931797027588
10,2,2,Neither,"{4, 6}",0.002008090727031231,99,74,57.460540771484375,5.3726835176348686e-05,-0.0012534635607153177,0.003407288808375597,-0.31669187545776367,0.17940426383078026,0.000278732695345164,0.06740468740463257,1.3163248300552368,-0.7471537590026855,1.6432408094406128
10,2,2,Neither,"{4, 12}",0.0024133878760039806,132,122,58.984249114990234,-0.0003301407559774816,-0.0009465215262025595,0.006942628417164087,-0.47503331303596497,0.27418198789858816,0.0,0.15010349452495575,1.4750332832336426,-0.9041556119918823,2.71868896484375
10,2,2,Neither,"{17, 4}",0.0017047572182491422,86,31,59.96947479248047,0.0007986596901901066,-0.00013488261902239174,0.040924325585365295,0.34317830204963684,0.21499174903738769,0.07714374321600248,0.11290867626667023,0.6061519980430603,-0.4316606819629669,2.3123505115509033
10,2,2,Neither,"{18, 4}",0.005031212233006954,199,181,59.627281188964844,0.001152262557297945,0.0006563080241903663,0.0223291777074337,0.21473748981952667,0.3830113513243212,0.05801201148925059,0.26451101899147034,0.7397078275680542,-0.5001978278160095,3.53408145904541
10,2,2,Neither,"{32, 4}",0.0013698791153728962,54,13,59.386085510253906,0.0010149989975616336,-0.000670912500936538,0.009757481515407562,-0.053164996206760406,0.14536695947860584,0.005159958720330237,0.0383007638156414,1.0477306842803955,-0.6339468359947205,1.063180923461914
10,2,2,Neither,"{4, 37}",0.00305771897546947,155,128,58.27070236206055,0.001226405380293727,0.0008967971662059426,0.007116545457392931,-0.2302836775779724,0.21519177237344356,0.0008520526723470179,0.09876416623592377,1.2292354106903076,-0.723300039768219,2.1284868717193604
10,2,2,Neither,"{41, 4}",0.0015597622841596603,76,23,58.5044059753418,0.001022311975248158,-0.0001132269753725268,0.011955693364143372,0.07743141055107117,0.12339772973513577,0.044846683776847224,0.023297691717743874,0.8811944723129272,-0.4789102375507355,0.6964942812919617
10,2,2,Neither,"{4, 45}",0.0026795861776918173,139,96,58.059322357177734,0.0011088771279901266,2.015809150179848e-05,0.008193097077310085,-0.2477443963289261,0.23066024369509777,0.0011562364503540975,0.11234115064144135,1.2463016510009766,-0.7166551947593689,2.305325984954834
10,2,2,Neither,"{48, 4}",0.0028348176274448633,149,137,57.13936996459961,0.0009250976727344096,-0.0038275886327028275,0.0033039588015526533,-0.22168739140033722,0.17705398963212374,0.0014121634343814723,0.06552748382091522,1.2199621200561523,-0.697138249874115,1.6101224422454834
10,2,2,Neither,"{49, 4}",0.0016738491831347346,56,37,57.69214630126953,0.0007358085131272674,-0.0019017013255506754,0.005982045084238052,-0.2539133131504059,0.15436800960112013,0.0030234315948601664,0.04591144248843193,1.2501221895217896,-0.6612346172332764,1.2298542261123657
10,2,2,Neither,"{51, 4}",0.0012442428851500154,42,14,58.11575698852539,0.0006842472357675433,0.000869112613145262,0.009960685856640339,-0.26893356442451477,0.19215575150434216,0.0017349063150589867,0.07878432422876358,1.266732096672058,-0.693049967288971,1.8333755731582642
10,2,2,Neither,"{56, 4}",0.0020731643307954073,107,47,58.4512939453125,0.0008907790761440992,0.0010456884047016501,0.013352571986615658,0.106351338326931,0.22625973030186855,0.03145719758361574,0.11448028683662415,0.8655369877815247,-0.5299984812736511,2.331657648086548
10,2,2,Neither,"{57, 4}",0.0018275652546435595,62,18,59.15969467163086,-9.208871051669121e-05,-0.0014738611644133925,0.010947668924927711,-0.36078712344169617,0.20185688330305201,8.257638315441784e-05,0.08697707951068878,1.3606747388839722,-0.7795557379722595,1.959902048110962
10,2,2,Neither,"{4, 61}",0.004561897832900286,185,179,58.133033752441406,0.000684962491504848,-0.002780243521556258,0.013722050003707409,-0.037015896290540695,0.2283599753304552,0.014452554744525548,0.11298143863677979,1.0220283269882202,-0.5922961831092834,2.313249111175537
10,2,2,Neither,"{12, 6}",0.0033603350166231394,52,73,56.46855545043945,0.0003136429004371166,0.0013817360159009695,0.01657937467098236,0.39790835976600647,0.2785825012918174,0.26135343744390593,0.08269879966974258,0.4447329342365265,-0.28409841656684875,1.0754482746124268
10,2,2,Neither,"{13, 6}",0.0022260218393057585,105,85,55.95717239379883,0.0005768391420133412,-0.0020002848468720913,0.010280177928507328,-0.2443011999130249,0.20374043638424483,0.0009817557064550437,0.046027857810258865,1.2430795431137085,-0.719782292842865,0.9978107213973999
10,2,2,Neither,"{17, 6}",0.0027670084964483976,32,77,57.535308837890625,0.00018285709666088223,0.0008139124256558716,0.015165201388299465,-0.27122971415519714,0.307602553631257,0.0038474043567790182,0.04550398513674736,1.26633882522583,-0.7034608721733093,0.6691097617149353
10,2,2,Neither,"{18, 6}",0.005995211657136679,175,164,57.16344451904297,0.0010823322227224708,-0.00155854772310704,0.016085028648376465,-0.3242640495300293,0.4814061640524728,0.00214674007132717,0.19710633158683777,1.3214211463928223,-0.7714346051216125,1.8908405303955078
10,2,2,Neither,"{6, 31}",0.00220269663259387,114,81,55.88341522216797,0.0006621706415899098,0.004276045598089695,0.014397580176591873,-0.22638580203056335,0.20692414114980082,0.0016916384726921219,0.0431174635887146,1.2243112325668335,-0.7019566893577576,0.920831561088562
10,2,2,Neither,"{35, 6}",0.002408405765891075,121,113,56.1014518737793,0.0001626948796911165,0.0032681089360266924,0.006177843548357487,-0.14647014439105988,0.25746337072658476,0.0022659588242910787,0.0012078129220753908,1.1438722610473633,-0.7089024186134338,0.02103503607213497
10,2,2,Neither,"{37, 6}",0.0040742140263319016,64,141,55.74882507324219,0.001099096261896193,0.0010440174955874681,0.04237373545765877,-0.02832913212478161,0.2729985164935909,0.0717425815117841,0.0313594788312912,0.9545541405677795,-0.47890177369117737,0.4852459728717804
10,2,2,Neither,"{41, 6}",0.002683683531358838,129,155,56.00828552246094,0.0003380553680472076,0.0011856933124363422,0.013606948778033257,-0.05777692794799805,0.201890220525728,0.021053500660501982,0.044106997549533844,1.0355069637298584,-0.5647584795951843,0.9467465281486511
10,2,2,Neither,"{45, 6}",0.003800660604611039,162,184,55.53105163574219,0.0008730691624805331,-0.0020662741735577583,0.016537219285964966,-0.02864568680524826,0.28875035420799094,0.06713617733648906,0.04493645951151848,0.9595863223075867,-0.4926833212375641,0.662085235118866
10,2,2,Neither,"{48, 6}",0.0038912976160645485,39,64,54.564674377441406,0.0007745333132334054,0.004517716355621815,0.04144485294818878,0.10689765214920044,0.2274432017068658,0.11901795529497984,0.0018772031180560589,0.786807119846344,-0.39583826065063477,0.033118315041065216
10,2,2,Neither,"{49, 6}",0.002717436756938696,128,97,55.11757278442383,0.0015069531509652734,0.0005122871953062713,0.037776313722133636,0.27924174070358276,0.2021735869184738,0.14774507379008986,0.021493248641490936,0.6142697930335999,-0.35430625081062317,0.4133865535259247
10,2,2,Neither,"{51, 6}",0.0022907762322574854,84,59,55.58253479003906,0.0006469771615229547,0.0025691005866974592,0.03047768957912922,0.285835325717926,0.2269431433667261,0.1883951524054352,0.011379634961485863,0.5796195268630981,-0.32549333572387695,0.19013474881649017
10,2,2,Neither,"{57, 6}",0.0028414472471922636,119,90,56.65381622314453,0.0005000483361072838,-0.0023895096965134144,0.05638530105352402,0.3206601142883301,0.23671094961078792,0.17900147876910077,0.019572388380765915,0.5577370524406433,-0.3375993072986603,0.3166612684726715
10,2,2,Neither,"{60, 6}",0.0018853493966162205,90,208,54.33563232421875,0.0005041675758548081,0.0014880960807204247,0.005554614122956991,-0.07817933708429337,0.1706865801010118,0.012890625,0.07313816249370575,1.0642809867858887,-0.5852370262145996,1.8446431159973145
10,2,2,Neither,"{61, 6}",0.0056994156911969185,166,203,55.60866165161133,0.00037643456016667187,0.0007708891644142568,0.02946462854743004,-0.10509736090898514,0.29238411147967264,0.056382190297018416,0.04557674750685692,1.0427895784378052,-0.51325923204422,0.6700083017349243
10,2,2,Neither,"{12, 13}",0.0026377649046480656,141,119,57.531280517578125,-0.00022985125542618334,0.0008766853134147823,0.02456042729318142,-0.33560410141944885,0.2983014685046589,0.0012293249888243184,0.12872666120529175,1.3339622020721436,-0.7358714938163757,2.073259115219116
10,2,2,Neither,"{17, 12}",0.0031578645575791597,17,134,59.04867172241211,7.175344217102975e-05,0.00045507430331781507,0.02283419296145439,-0.3892899751663208,0.4034137316020202,0.00024791339558714154,0.037194814532995224,1.3889455795288086,-0.8152773976325989,0.40633851289749146
10,2,2,Neither,"{18, 12}",0.006367336492985487,189,168,58.69160842895508,0.0007434965809807181,0.004036205355077982,0.015424051322042942,-0.4826250672340393,0.5767006150717584,0.0008092953349904618,0.11440752446651459,1.481425166130066,-0.8338646292686462,0.815392255783081
10,2,2,Neither,"{12, 31}",0.002584037370979786,126,107,57.44340515136719,0.0004155207716394216,0.001283243065699935,0.009233342483639717,-0.37187719345092773,0.3019018885536646,0.00033127208480565373,0.12581627070903778,1.3714227676391602,-0.7747571468353271,1.9962798357009888
25,2,2,Geometry_only,"{0, 1}",0.0018130203243345022,22,36,57.805328369140625,0.00014763524814043194,-0.003030475927516818,0.007948243990540504,-0.13765263557434082,0.2466621105795676,0.0029733747803757263,0.033236682415008545,1.1342699527740479,-0.6935500502586365,0.6049993634223938
25,2,2,Geometry_only,"{48, 56}",0.0039916508831083775,18,153,55.625648498535156,0.0010010250844061375,-0.00042206840589642525,0.0046362848952412605,-0.17653635144233704,0.3047188838697848,0.012198457414802254,0.048952799290418625,1.162184476852417,-0.6423751711845398,0.7215351462364197
25,2,2,Geometry_only,"{1, 51}",0.001506298896856606,12,54,56.389007568359375,0.000781266251578927,0.0010015057632699609,0.016289256513118744,-0.2440672069787979,0.24599536612604803,0.0001355197181189863,0.032043419778347015,1.243898630142212,-0.784976065158844,0.5860582590103149
25,2,2,Geometry_only,"{57, 35}",0.0021979217417538166,24,56,57.85013961791992,-0.00034190696896985173,-0.0015786780277267098,0.016650091856718063,-0.2687891721725464,0.2804660543730102,0.0,0.018364576622843742,1.2687891721725464,-0.9092762470245361,0.2956262528896332
25,2,2,Geometry_only,"{0, 17}",0.002303932560607791,14,48,59.552978515625,0.0005626086494885385,0.0019149923464283347,0.0486779659986496,0.5227301120758057,0.2552464454186322,0.26617906354078236,0.03293108940124512,0.3502306342124939,-0.2758939564228058,0.46003395318984985
25,2,2,Geometry_only,"{56, 6}",0.00312109780497849,6,177,55.949161529541016,0.0003313231572974473,-2.0092367776669562e-05,0.009960593655705452,-0.1352018415927887,0.3001850215858517,0.03464934199566883,0.04707559943199158,1.0958678722381592,-0.5635059475898743,0.6884168386459351
25,2,2,Geometry_only,"{60, 13}",0.000995372305624187,11,120,55.42390823364258,0.00046798819676041603,-0.0008862065151333809,0.007319557946175337,-0.02578875608742237,0.11879719300585068,0.01150554230391469,0.027110306546092033,1.0139864683151245,-0.582744836807251,0.8468324542045593
25,2,2,Geometry_only,"{51, 31}",0.001441550673916936,21,27,56.5770263671875,0.000588723982218653,0.0015666622202843428,0.01590478979051113,-0.21262922883033752,0.2195756171553348,0.0033401654900174597,0.05449710041284561,1.2085788249969482,-0.6778576374053955,1.1109663248062134
25,2,2,Geometry_only,"{17, 12}",0.0031578645575791597,17,134,59.04867172241211,7.175344217102975e-05,0.00045507430331781507,0.02283419296145439,-0.3892899751663208,0.4034137316020202,0.00024791339558714154,0.037194814532995224,1.3889455795288086,-0.8152773976325989,0.40633851289749146
25,2,2,Geometry_only,"{32, 17}",0.00214642402715981,3,42,59.48600387573242,0.00021799758542329073,-0.0006187793333083391,0.016126753762364388,-0.23261120915412903,0.27484873235210777,0.002183273697616593,0.07460790872573853,1.2299200296401978,-0.7131068110466003,1.2491697072982788
25,2,2,Geometry_only,"{60, 31}",0.0009927733335644007,13,159,55.346073150634766,0.0006758385570719838,-0.0003031668020412326,0.005798425525426865,0.04864354431629181,0.12074742053239544,0.02277747101049144,0.03002069890499115,0.929686963558197,-0.5358000993728638,0.9238116145133972
25,2,2,Geometry_only,"{0, 51}",0.0018719191430136561,2,53,57.67567443847656,0.0007722871378064156,-0.0013531630393117666,0.01744614727795124,-0.30395254492759705,0.2829830146850466,0.0039465158744183305,0.0011932608904317021,1.2988064289093018,-0.6947369575500488,0.018941067159175873
25,2,2,Geometry_only,"{41, 51}",0.0018901029834523797,20,105,56.685359954833984,0.0007961496012285352,-0.0018761068349704146,0.012311749160289764,-0.09199315309524536,0.21480839431266982,0.020330565686350586,0.05548663064837456,1.0697922706604004,-0.5711490511894226,1.1368812322616577
25,2,2,Geometry_only,"{56, 17}",0.0027817930094897747,7,62,58.536582946777344,0.0006265869014896452,-0.00012055336992489174,0.02291921153664589,0.4135698974132538,0.28906705782341274,0.25475723676623224,0.0015716119669377804,0.4370327889919281,-0.30279478430747986,0.01930706389248371
25,2,2,Geometry_only,"{56, 12}",0.0035165634471923113,16,133,57.47642135620117,0.001167477574199438,-0.0026472010649740696,0.01258549652993679,-0.3195437788963318,0.4007967596219559,0.011270534414639218,0.035623203963041306,1.3046717643737793,-0.6859499216079712,0.3870314657688141
25,2,2,Geometry_only,"{4, 60}",0.0008015479543246329,0,46,56.9345588684082,0.00019185428391210735,0.00041342093027196825,0.004671824164688587,-0.03906143456697464,0.09522777657393362,0.004726063364256958,0.005733473226428032,1.0341507196426392,-0.6276605725288391,0.20140235126018524
25,2,2,Geometry_only,"{49, 35}",0.0021158873569220304,4,45,56.35621643066406,0.00024157062580343336,-0.0015383093850687146,0.005891556851565838,-0.19563035666942596,0.23331055289783809,0.0005001071658212474,0.02270106039941311,1.1950323581695557,-0.7502313852310181,0.4344215989112854
25,2,2,CARE_only,"{0, 4}",0.0015400716802105308,72,22,59.45958709716797,0.001155184581875801,-5.7943747378885746e-05,0.029526159167289734,0.48944810032844543,0.1775873851949394,0.09160878543270133,0.07997758686542511,0.46378085017204285,-0.4044548571109772,1.8523166179656982
25,2,2,CARE_only,"{32, 31}",0.0015733956824988127,46,1,57.857261657714844,0.0017826765542849898,0.003962363116443157,0.020288417115807533,0.11382140219211578,0.16711949727468203,0.04079393576700578,0.014013539999723434,0.850027859210968,-0.4985218048095703,0.3407716453075409
25,2,2,CARE_only,"{41, 31}",0.0017820184584707022,53,10,56.972904205322266,0.001072418293915689,0.002114312956109643,0.016101744025945663,0.2993222177028656,0.12993182537962764,0.2064143681847338,0.0009895333787426353,0.556047797203064,-0.28821876645088196,0.025914987549185753
25,2,2,CARE_only,"{0, 31}",0.0017192461527884007,50,3,57.93999481201172,0.0016641552792862058,-0.00013343231694307178,0.02697819657623768,0.25340142846107483,0.20957445035254113,0.05774278215223097,0.05569035932421684,0.7034878730773926,-0.474359929561615,1.1299073696136475
25,2,2,CARE_only,"{0, 41}",0.0021983764600008726,27,4,58.071929931640625,0.0009676468325778842,-0.0012402443680912256,0.014878608286380768,0.02841046452522278,0.21242478289133732,0.03821406151914627,0.05667989328503609,0.9344611763954163,-0.5169084668159485,1.1558223962783813
25,2,2,CARE_only,"{57, 31}",0.001980384113267064,71,21,57.6170654296875,0.0008888674201443791,0.0021813358180224895,0.012323280796408653,-0.35965192317962646,0.2296767956261564,7.257420712678714e-05,0.06268985569477081,1.3595532178878784,-0.7915864586830139,1.2374927997589111
25,2,2,CARE_only,"{32, 4}",0.0013698791153728962,54,13,59.386085510253906,0.0010149989975616336,-0.000670912500936538,0.009757481515407562,-0.053164996206760406,0.14536695947860584,0.005159958720330237,0.0383007638156414,1.0477306842803955,-0.6339468359947205,1.063180923461914
25,2,2,CARE_only,"{35, 4}",0.0013577414210885763,30,2,58.58102035522461,0.0012869752245023847,-0.0025747930631041527,0.01931799203157425,0.11657986044883728,0.17463704098811528,0.03550634723680443,0.06861250102519989,0.8520531058311462,-0.508371889591217,1.664275884628296
25,2,2,CARE_only,"{41, 4}",0.0015597622841596603,76,23,58.5044059753418,0.001022311975248158,-0.0001132269753725268,0.011955693364143372,0.07743141055107117,0.12339772973513577,0.044846683776847224,0.023297691717743874,0.8811944723129272,-0.4789102375507355,0.6964942812919617
25,2,2,CARE_only,"{32, 41}",0.0020552263595163822,55,6,57.94293975830078,0.0026799379847943783,0.0015740205999463797,0.012675552628934383,-0.04382151737809181,0.1650025836347574,0.04727750277805839,0.015003073029220104,0.9944722652435303,-0.483555406332016,0.36668661236763
25,2,2,CARE_only,"{1, 4}",0.001224881736561656,48,12,58.22216033935547,0.000829613592941314,0.0009425084572285414,0.008845977485179901,0.01399171631783247,0.1534345673661927,0.015317762085822922,0.046740904450416565,0.9709048271179199,-0.5713936686515808,1.2473173141479492
25,2,2,CARE_only,"{51, 4}",0.0012442428851500154,42,14,58.11575698852539,0.0006842472357675433,0.000869112613145262,0.009960685856640339,-0.26893356442451477,0.19215575150434216,0.0017349063150589867,0.07878432422876358,1.266732096672058,-0.693049967288971,1.8333755731582642
25,2,2,CARE_only,"{57, 4}",0.0018275652546435595,62,18,59.15969467163086,-9.208871051669121e-05,-0.0014738611644133925,0.010947668924927711,-0.36078712344169617,0.20185688330305201,8.257638315441784e-05,0.08697707951068878,1.3606747388839722,-0.7795557379722595,1.959902048110962
25,2,2,CARE_only,"{32, 1}",0.0015927089843899012,44,11,57.66445541381836,0.002283933572471142,0.0005280360346660018,0.023976491764187813,0.6302667856216431,0.15715166769456437,0.2704709376325838,0.008440137840807438,0.2697311341762543,-0.2422751635313034,0.18413637578487396
25,2,2,CARE_only,"{13, 31}",0.0012503723846748471,25,19,56.94974136352539,0.00035455101169645786,0.0007400967879220843,0.025764383375644684,0.7717759013175964,0.1052122747653893,0.46894803548795944,0.0029103923588991165,0.1211988553404808,-0.1407334953546524,0.07697918266057968
25,2,2,CARE_only,"{32, 13}",0.0015763258561491966,67,17,57.943687438964844,0.0011729460675269365,-0.0005884346319362521,0.012971801683306694,-0.034931231290102005,0.16886970146517094,0.010265521666173132,0.01692393235862255,1.024307131767273,-0.6041778922080994,0.4177508056163788
25,2,2,CARE_only,"{32, 6}",0.0024530289229005575,40,7,56.913570404052734,0.0008866983698680997,-0.0037426985800266266,0.01398259773850441,-0.11929124593734741,0.2206590768923041,0.012086417887898474,0.029103925451636314,1.1057630777359009,-0.6114979982376099,0.5800598859786987
25,2,2,Both,"{35, 31}",0.0015897414414212108,19,5,57.098148345947266,-0.00027713278541341424,-0.00031415821285918355,0.022667881101369858,0.10740580409765244,0.20405713999966663,0.02254533572945597,0.04432527720928192,0.8724703788757324,-0.5602357387542725,0.9418665766716003
25,2,2,Both,"{49, 57}",0.002467942191287875,23,20,56.92221450805664,4.920453648082912e-06,-0.0005925745936110616,0.030409496277570724,0.6170833110809326,0.18980547730568567,0.3406516202687275,0.04106563702225685,0.2524755001068115,-0.20097237825393677,0.7300478219985962
25,2,2,Both,"{0, 32}",0.0019904584623873234,8,15,58.957763671875,0.0010471830610185862,-0.003318430157378316,0.014953257516026497,-0.09628475457429886,0.2369109729468438,0.003447548019418842,0.04167681932449341,1.0925052165985107,-0.6833670139312744,0.7891356945037842
25,2,2,Both,"{4, 13}",0.00109009793959558,5,9,58.48081588745117,0.0003690980956889689,-0.0007950570434331894,0.027049779891967773,0.5217477679252625,0.11104628873368559,0.14124887421194837,0.021376833319664,0.41069963574409485,-0.3458719551563263,0.6454300880432129
25,2,2,Both,"{4, 31}",0.0010916088940575719,15,8,58.407772064208984,0.0005350452847778797,-0.0013257081154733896,0.019954288378357887,0.5064066648483276,0.11312986515093428,0.14969795196699573,0.024287225678563118,0.4197034239768982,-0.3372424244880676,0.7224092483520508
25,2,2,Both,"{32, 51}",0.0016849040985107422,9,16,57.557796478271484,0.0020989365875720978,0.0009239597129635513,0.03565330430865288,-0.20252616703510284,0.2337606054039638,0.011123787792355962,0.04048356041312218,1.1891494989395142,-0.6209647059440613,0.7701946496963501
25,2,2,Both,"{35, 13}",0.0015591926639899611,10,0,57.13254165649414,0.0009592064307071269,-0.000749819097109139,0.02135445922613144,0.013180754147469997,0.2020735752504459,0.016085127443702055,0.04723566770553589,0.9709461331367493,-0.584290087223053,1.018845796585083
25,2,2,Both,"{1, 41}",0.0018599816830828786,1,24,56.796104431152344,0.0009137013112194836,-0.00013276783283799887,0.008403913117945194,-0.09462713450193405,0.18213791609021052,0.0018303285439736432,0.023443210870027542,1.0926235914230347,-0.6918468475341797,0.5508229732513428
25,2,2,Neither,"{0, 6}",0.0026147780008614063,78,79,57.01142883300781,0.0002854257763829082,-0.002417996758595109,0.005195652134716511,-0.33722877502441406,0.2709649459103562,0.00036909448818897637,0.012572895735502243,1.3367352485656738,-0.7696611285209656,0.20907582342624664
25,2,2,Neither,"{0, 12}",0.0030071663204580545,47,117,58.5396842956543,0.00011738278408301994,-0.00026450850418768823,0.01575939729809761,-0.5138294696807861,0.3657926758121781,0.0,0.07012590765953064,1.5138294696807861,-0.9207698702812195,0.8663724660873413
25,2,2,Neither,"{0, 13}",0.0017480076057836413,89,33,58.03841781616211,0.0006492675747722387,-0.0003495248965919018,0.031445566564798355,0.3370083272457123,0.2031737035987532,0.0746574780539831,0.05860075354576111,0.6134943962097168,-0.4424378275871277,1.2068865299224854
25,2,2,Neither,"{0, 18}",0.005512769799679518,192,182,59.195682525634766,0.0013414777349680662,-0.0015175705775618553,0.02750222384929657,0.32515910267829895,0.4093977630723584,0.2135906518464232,0.18453343212604523,0.5307011604309082,-0.3761855661869049,1.6817647218704224
25,2,2,Neither,"{0, 35}",0.0019675311632454395,88,57,58.163917541503906,0.0007256351527757943,0.0007207697490230203,0.019594023004174232,-0.059924907982349396,0.2679979330921941,0.016606543102375918,0.011365082114934921,1.0423232316970825,-0.6091346144676208,0.18804077804088593
25,2,2,Neither,"{0, 37}",0.003664972959086299,134,118,57.84196090698242,0.0009846917819231749,0.0002752027940005064,0.017841435968875885,-0.20077556371688843,0.3025519643958462,0.014654839953721558,0.018786583095788956,1.183178424835205,-0.6312267184257507,0.27617016434669495
25,2,2,Neither,"{0, 45}",0.0032745073549449444,113,98,57.62913513183594,0.0008621131419204175,0.0004455393354874104,0.012655907310545444,-0.22006984055042267,0.31522010901271813,0.023214002432446725,0.032363563776016235,1.1917471885681152,-0.6036186814308167,0.4530094265937805
25,2,2,Neither,"{0, 48}",0.0034423850011080503,91,86,56.721519470214844,-3.121671034023166e-05,-0.0003943147312384099,0.00328041915781796,-0.24083168804645538,0.2682812994849399,0.002360981671326499,0.014450098387897015,1.2379021644592285,-0.7108578681945801,0.24219413101673126
25,2,2,Neither,"{0, 49}",0.002270051511004567,96,82,57.25790023803711,0.0005049292230978608,-0.0008875890634953976,0.005356303881853819,-0.3448382019996643,0.24622872668477988,0.0008800433252098565,0.03406614437699318,1.3436546325683594,-0.7373842000961304,0.6224623918533325
25,2,2,Neither,"{0, 56}",0.002641306957229972,51,38,58.03181838989258,0.00037572585279121995,-0.00012415542732924223,0.019809028133749962,0.439247727394104,0.25953027853249544,0.2522157996146435,0.034502703696489334,0.4193216860294342,-0.2878052592277527,0.4793410003185272
25,2,2,Neither,"{0, 57}",0.0024183818604797125,130,112,58.703067779541016,0.0008150956127792597,0.0017418425995856524,0.014514032751321793,-0.42197707295417786,0.29346757121664196,5.6798818584573444e-05,0.006999494042247534,1.4218963384628296,-0.8143274188041687,0.10758546739816666
25,2,2,Neither,"{0, 60}",0.001414423924870789,58,70,56.47910690307617,0.0005063038552179933,-0.0016527880216017365,0.006254867650568485,-0.01964811235666275,0.1850382544630207,0.012161066570579228,0.0857110545039177,1.0072481632232666,-0.5921168327331543,2.0537190437316895
25,2,2,Neither,"{0, 61}",0.00512915151193738,186,188,57.673885345458984,0.001449806266464293,0.0001929813442984596,0.02635282278060913,-0.016028499230742455,0.31221975897188003,0.035395867812716884,0.033003851771354675,0.9800652861595154,-0.5678454041481018,0.46093249320983887
25,2,2,Neither,"{1, 6}",0.0022440534085035324,120,111,55.72296142578125,-0.00021897201077081263,-0.0009138586465269327,0.001993183046579361,-0.12480402737855911,0.23252712816495258,0.002007168458781362,0.020663786679506302,1.1225463151931763,-0.7049253582954407,0.39592352509498596
25,2,2,Neither,"{1, 12}",0.0026546374429017305,103,114,57.26573944091797,0.0003188330156262964,0.0018984783673658967,0.011415407992899418,-0.21319027245044708,0.3275715500141683,0.00045796865458986365,0.10336259007453918,1.2126346826553345,-0.7767086625099182,1.4713717699050903
25,2,2,Neither,"{1, 13}",0.0014232577523216605,82,63,56.74909973144531,0.0010214498033747077,-0.0009009162313304842,0.008201985619962215,-0.038952186703681946,0.18002100245028588,0.001388888888888889,0.025364071130752563,1.0375092029571533,-0.7013412714004517,0.6018871665000916
25,2,2,Neither,"{1, 17}",0.001985621638596058,63,61,58.326656341552734,-9.64171122177504e-05,-0.001800882164388895,0.01592402532696724,-0.24725043773651123,0.2850999283249712,5.8465855940130964e-05,0.06616777181625366,1.2471774816513062,-0.8101354241371155,1.0650333166122437
25,2,2,Neither,"{1, 18}",0.0050268033519387245,202,198,57.9291877746582,0.0018281618831679225,0.001216360367834568,0.0240933857858181,0.5724061131477356,0.3747937259346924,0.22406048476762286,0.21777011454105377,0.33178699016571045,-0.3291783034801483,2.286764144897461
25,2,2,Neither,"{1, 31}",0.0014134278753772378,33,34,56.69384002685547,0.00048604642506688833,-0.0005288221873342991,0.012597832828760147,0.0812695100903511,0.18210457886753453,0.008237986270022883,0.022453676909208298,0.9111620187759399,-0.6213439106941223,0.5249080061912537
25,2,2,Neither,"{1, 35}",0.00160225632134825,80,32,56.843231201171875,0.0023006058763712645,-0.0015675940085202456,0.025454070419073105,0.8984652757644653,0.14783391395662826,0.5854098545495546,0.021871598437428474,0.04209529608488083,-0.07723072171211243,0.4169585704803467
25,2,2,Neither,"{1, 37}",0.00327203213237226,158,154,56.57090377807617,0.00056987046264112,0.0005084906588308513,0.008628470823168755,-0.07268811017274857,0.26759788642008236,0.004920891989535318,0.0520232655107975,1.0674095153808594,-0.6773664951324463,0.8811694979667664
25,2,2,Neither,"{1, 45}",0.002959875389933586,87,129,56.3404655456543,0.0009051567758433521,-0.001096468884497881,0.009939015842974186,-0.07873755693435669,0.28033270548230627,0.014746105363301225,0.06560024619102478,1.0628303289413452,-0.6190465688705444,1.0580087900161743
25,2,2,Neither,"{48, 1}",0.0030135030392557383,143,125,55.40144348144531,0.000331259478116408,0.0027467014733701944,0.0025097792968153954,-0.1277375966310501,0.23064357508375977,0.0008672400086724001,0.018786583095788956,1.1267595291137695,-0.7333542704582214,0.36280521750450134
25,2,2,Neither,"{1, 49}",0.0019603248219937086,92,69,55.97449493408203,3.106503572780639e-05,0.0009999104076996446,0.0017016876954585314,-0.18705609440803528,0.20834097311352992,0.00016001280102408193,0.0008294618455693126,1.1868661642074585,-0.7713240385055542,0.017463022843003273
25,2,2,Neither,"{56, 1}",0.0023218593560159206,100,102,56.739288330078125,0.0008416555938310921,-0.0004928386770188808,0.003668122226372361,-0.1951473504304886,0.2850499224909573,0.006549324600900532,0.06773938238620758,1.1873199939727783,-0.66843581199646,1.0843403339385986
25,2,2,Neither,"{1, 57}",0.0020587812177836895,131,103,57.46011734008789,0.0001027383841574192,0.0005588897620327771,0.009672879241406918,-0.2588898539543152,0.25541313153201206,0.0,0.04023617506027222,1.25888991355896,-0.9051305055618286,0.7125847935676575
25,2,2,Neither,"{1, 60}",0.0010522594675421715,41,60,55.142066955566406,0.0013007773086428642,-0.0029223356395959854,0.005520461592823267,0.3687230050563812,0.12943176703948794,0.1528654217643271,0.05247437581419945,0.5347765684127808,-0.3299606740474701,1.4487196207046509
25,2,2,Neither,"{1, 61}",0.0045524584129452705,197,205,56.405147552490234,0.0008436090429313481,-0.00032725906930863857,0.009594584815204144,0.11133533716201782,0.2716483589752138,0.049886482174633366,0.06624053418636322,0.8443323373794556,-0.5144132375717163,1.065931797027588
25,2,2,Neither,"{4, 6}",0.002008090727031231,99,74,57.460540771484375,5.3726835176348686e-05,-0.0012534635607153177,0.003407288808375597,-0.31669187545776367,0.17940426383078026,0.000278732695345164,0.06740468740463257,1.3163248300552368,-0.7471537590026855,1.6432408094406128
25,2,2,Neither,"{4, 12}",0.0024133878760039806,132,122,58.984249114990234,-0.0003301407559774816,-0.0009465215262025595,0.006942628417164087,-0.47503331303596497,0.27418198789858816,0.0,0.15010349452495575,1.4750332832336426,-0.9041556119918823,2.71868896484375
25,2,2,Neither,"{17, 4}",0.0017047572182491422,86,31,59.96947479248047,0.0007986596901901066,-0.00013488261902239174,0.040924325585365295,0.34317830204963684,0.21499174903738769,0.07714374321600248,0.11290867626667023,0.6061519980430603,-0.4316606819629669,2.3123505115509033
25,2,2,Neither,"{18, 4}",0.005031212233006954,199,181,59.627281188964844,0.001152262557297945,0.0006563080241903663,0.0223291777074337,0.21473748981952667,0.3830113513243212,0.05801201148925059,0.26451101899147034,0.7397078275680542,-0.5001978278160095,3.53408145904541
25,2,2,Neither,"{4, 37}",0.00305771897546947,155,128,58.27070236206055,0.001226405380293727,0.0008967971662059426,0.007116545457392931,-0.2302836775779724,0.21519177237344356,0.0008520526723470179,0.09876416623592377,1.2292354106903076,-0.723300039768219,2.1284868717193604
25,2,2,Neither,"{4, 45}",0.0026795861776918173,139,96,58.059322357177734,0.0011088771279901266,2.015809150179848e-05,0.008193097077310085,-0.2477443963289261,0.23066024369509777,0.0011562364503540975,0.11234115064144135,1.2463016510009766,-0.7166551947593689,2.305325984954834
25,2,2,Neither,"{48, 4}",0.0028348176274448633,149,137,57.13936996459961,0.0009250976727344096,-0.0038275886327028275,0.0033039588015526533,-0.22168739140033722,0.17705398963212374,0.0014121634343814723,0.06552748382091522,1.2199621200561523,-0.697138249874115,1.6101224422454834
25,2,2,Neither,"{49, 4}",0.0016738491831347346,56,37,57.69214630126953,0.0007358085131272674,-0.0019017013255506754,0.005982045084238052,-0.2539133131504059,0.15436800960112013,0.0030234315948601664,0.04591144248843193,1.2501221895217896,-0.6612346172332764,1.2298542261123657
25,2,2,Neither,"{56, 4}",0.0020731643307954073,107,47,58.4512939453125,0.0008907790761440992,0.0010456884047016501,0.013352571986615658,0.106351338326931,0.22625973030186855,0.03145719758361574,0.11448028683662415,0.8655369877815247,-0.5299984812736511,2.331657648086548
25,2,2,Neither,"{4, 61}",0.004561897832900286,185,179,58.133033752441406,0.000684962491504848,-0.002780243521556258,0.013722050003707409,-0.037015896290540695,0.2283599753304552,0.014452554744525548,0.11298143863677979,1.0220283269882202,-0.5922961831092834,2.313249111175537
25,2,2,Neither,"{12, 6}",0.0033603350166231394,52,73,56.46855545043945,0.0003136429004371166,0.0013817360159009695,0.01657937467098236,0.39790835976600647,0.2785825012918174,0.26135343744390593,0.08269879966974258,0.4447329342365265,-0.28409841656684875,1.0754482746124268
25,2,2,Neither,"{13, 6}",0.0022260218393057585,105,85,55.95717239379883,0.0005768391420133412,-0.0020002848468720913,0.010280177928507328,-0.2443011999130249,0.20374043638424483,0.0009817557064550437,0.046027857810258865,1.2430795431137085,-0.719782292842865,0.9978107213973999
25,2,2,Neither,"{17, 6}",0.0027670084964483976,32,77,57.535308837890625,0.00018285709666088223,0.0008139124256558716,0.015165201388299465,-0.27122971415519714,0.307602553631257,0.0038474043567790182,0.04550398513674736,1.26633882522583,-0.7034608721733093,0.6691097617149353
25,2,2,Neither,"{18, 6}",0.005995211657136679,175,164,57.16344451904297,0.0010823322227224708,-0.00155854772310704,0.016085028648376465,-0.3242640495300293,0.4814061640524728,0.00214674007132717,0.19710633158683777,1.3214211463928223,-0.7714346051216125,1.8908405303955078
25,2,2,Neither,"{6, 31}",0.00220269663259387,114,81,55.88341522216797,0.0006621706415899098,0.004276045598089695,0.014397580176591873,-0.22638580203056335,0.20692414114980082,0.0016916384726921219,0.0431174635887146,1.2243112325668335,-0.7019566893577576,0.920831561088562
25,2,2,Neither,"{35, 6}",0.002408405765891075,121,113,56.1014518737793,0.0001626948796911165,0.0032681089360266924,0.006177843548357487,-0.14647014439105988,0.25746337072658476,0.0022659588242910787,0.0012078129220753908,1.1438722610473633,-0.7089024186134338,0.02103503607213497
25,2,2,Neither,"{37, 6}",0.0040742140263319016,64,141,55.74882507324219,0.001099096261896193,0.0010440174955874681,0.04237373545765877,-0.02832913212478161,0.2729985164935909,0.0717425815117841,0.0313594788312912,0.9545541405677795,-0.47890177369117737,0.4852459728717804
25,2,2,Neither,"{41, 6}",0.002683683531358838,129,155,56.00828552246094,0.0003380553680472076,0.0011856933124363422,0.013606948778033257,-0.05777692794799805,0.201890220525728,0.021053500660501982,0.044106997549533844,1.0355069637298584,-0.5647584795951843,0.9467465281486511
25,2,2,Neither,"{45, 6}",0.003800660604611039,162,184,55.53105163574219,0.0008730691624805331,-0.0020662741735577583,0.016537219285964966,-0.02864568680524826,0.28875035420799094,0.06713617733648906,0.04493645951151848,0.9595863223075867,-0.4926833212375641,0.662085235118866
25,2,2,Neither,"{48, 6}",0.0038912976160645485,39,64,54.564674377441406,0.0007745333132334054,0.004517716355621815,0.04144485294818878,0.10689765214920044,0.2274432017068658,0.11901795529497984,0.0018772031180560589,0.786807119846344,-0.39583826065063477,0.033118315041065216
25,2,2,Neither,"{49, 6}",0.002717436756938696,128,97,55.11757278442383,0.0015069531509652734,0.0005122871953062713,0.037776313722133636,0.27924174070358276,0.2021735869184738,0.14774507379008986,0.021493248641490936,0.6142697930335999,-0.35430625081062317,0.4133865535259247
25,2,2,Neither,"{51, 6}",0.0022907762322574854,84,59,55.58253479003906,0.0006469771615229547,0.0025691005866974592,0.03047768957912922,0.285835325717926,0.2269431433667261,0.1883951524054352,0.011379634961485863,0.5796195268630981,-0.32549333572387695,0.19013474881649017
25,2,2,Neither,"{57, 6}",0.0028414472471922636,119,90,56.65381622314453,0.0005000483361072838,-0.0023895096965134144,0.05638530105352402,0.3206601142883301,0.23671094961078792,0.17900147876910077,0.019572388380765915,0.5577370524406433,-0.3375993072986603,0.3166612684726715
25,2,2,Neither,"{60, 6}",0.0018853493966162205,90,208,54.33563232421875,0.0005041675758548081,0.0014880960807204247,0.005554614122956991,-0.07817933708429337,0.1706865801010118,0.012890625,0.07313816249370575,1.0642809867858887,-0.5852370262145996,1.8446431159973145
25,2,2,Neither,"{61, 6}",0.0056994156911969185,166,203,55.60866165161133,0.00037643456016667187,0.0007708891644142568,0.02946462854743004,-0.10509736090898514,0.29238411147967264,0.056382190297018416,0.04557674750685692,1.0427895784378052,-0.51325923204422,0.6700083017349243
25,2,2,Neither,"{12, 13}",0.0026377649046480656,141,119,57.531280517578125,-0.00022985125542618334,0.0008766853134147823,0.02456042729318142,-0.33560410141944885,0.2983014685046589,0.0012293249888243184,0.12872666120529175,1.3339622020721436,-0.7358714938163757,2.073259115219116
25,2,2,Neither,"{18, 12}",0.006367336492985487,189,168,58.69160842895508,0.0007434965809807181,0.004036205355077982,0.015424051322042942,-0.4826250672340393,0.5767006150717584,0.0008092953349904618,0.11440752446651459,1.481425166130066,-0.8338646292686462,0.815392255783081
25,2,2,Neither,"{12, 31}",0.002584037370979786,126,107,57.44340515136719,0.0004155207716394216,0.001283243065699935,0.009233342483639717,-0.37187719345092773,0.3019018885536646,0.00033127208480565373,0.12581627070903778,1.3714227676391602,-0.7747571468353271,1.9962798357009888
10,3,0,Geometry_only,"{11, 6}",0.003061312949284911,6,205,57.1656608581543,0.0006291503086686134,-0.0017128305044025183,0.008243714459240437,-0.11812112480401993,0.25938026103045353,0.02435576119786646,0.007887163199484348,1.0908883810043335,-0.5773926377296448,0.1336454153060913
10,3,0,Geometry_only,"{46, 31}",0.001155487960204482,4,16,58.252098083496094,0.0009370880434289575,-0.0017015975899994373,0.019194265827536583,0.18946029245853424,0.1294984414848399,0.05843737932809885,0.0181754007935524,0.7631738781929016,-0.4537205994129181,0.522025465965271
10,3,0,Geometry_only,"{47, 31}",0.0011666929349303246,8,25,57.85810089111328,0.0009667656850069761,0.0018890993669629097,0.016721881926059723,0.18129566311836243,0.12749820812428117,0.036998300431428946,0.022410022094845772,0.7884136438369751,-0.4974212646484375,0.6593605875968933
10,3,0,Geometry_only,"{62, 31}",0.0013847625814378262,1,135,55.25559616088867,0.0008837174973450601,0.0011756534222513437,0.01178930327296257,-0.11259687691926956,0.19863984131482007,0.03213896114793992,0.0411529503762722,1.0768392086029053,-0.5290966629981995,0.8861600756645203
10,3,0,Geometry_only,"{36, 62}",0.001526728505268693,0,161,55.90000915527344,0.00015939361765049398,0.0002850866294465959,0.009913502261042595,-0.02602197416126728,0.2151084293167536,0.03386284385896939,0.025989804416894913,0.9912779331207275,-0.5316242575645447,0.5194414854049683
10,3,0,Geometry_only,"{32, 36}",0.0017208880744874477,2,82,58.48748016357422,0.0006164766382426023,0.0056973169557750225,0.006692694034427404,-0.32395005226135254,0.1911556348240628,0.0007847924659923265,0.0011496050283312798,1.322911024093628,-0.7243586778640747,0.02594696916639805
10,3,0,Geometry_only,"{62, 46}",0.001254975562915206,9,54,56.68964767456055,0.0006968029192648828,0.0011158403940498829,0.009666090831160545,-0.19340357184410095,0.1831380327704899,0.005825065987075635,0.0593283511698246,1.1864519119262695,-0.6379873156547546,1.4081854820251465
10,3,0,Geometry_only,"{38, 47}",0.0009289902518503368,7,20,58.88888931274414,0.001977538224309683,0.00047957536298781633,0.02381594106554985,0.1939132660627365,0.08887703565415965,0.02288072018004501,0.013649740256369114,0.7876428961753845,-0.5328289866447449,0.49221211671829224
10,3,0,Geometry_only,"{46, 47}",0.0009504809859208763,3,19,59.22343826293945,0.0009739859960973263,-2.548470365582034e-05,0.02635130286216736,0.38035789132118225,0.10334539029553448,0.0779032258064516,0.004234620835632086,0.571370005607605,-0.42151209712028503,0.13733512163162231
10,3,0,CARE_only,"{8, 32}",0.0012172157876193523,46,1,58.17008590698242,0.0013559790095314384,-0.0023174001835286617,0.02780698798596859,-0.25811684131622314,0.13193205874018635,0.0010107391029690461,0.05056807026267052,1.256845235824585,-0.6964951157569885,1.511769413948059
10,3,0,CARE_only,"{8, 35}",0.0012103879125788808,52,2,57.38966751098633,0.00017440100782550871,-0.0013283792650327086,0.03310953825712204,-0.3812323808670044,0.16678612504792226,0.0,0.080879807472229,1.3812323808670044,-0.8882493376731873,2.1128642559051514
10,3,0,CARE_only,"{8, 38}",0.0006808250327594578,30,9,58.24394989013672,0.0008603211608715355,-0.0012324814451858401,0.03658038005232811,0.3516612946987152,0.07304185488306969,0.022820629849383843,0.0004947666893713176,0.6335431933403015,-0.5340566635131836,0.01942506805062294
10,3,0,CARE_only,"{35, 38}",0.0013474180595949292,32,5,58.1370964050293,0.0009827985195443034,0.0038380699697881937,0.020969493314623833,-0.2521183490753174,0.167202840331372,0.00089721862227096,0.08038503676652908,1.2509949207305908,-0.7081062197685242,2.0934393405914307
10,3,0,CARE_only,"{35, 46}",0.0014007620047777891,34,0,58.427711486816406,0.0016157375648617744,0.0018155467696487904,0.018600089475512505,-0.18838638067245483,0.18738852866167718,0.002401707881159936,0.06250067800283432,1.1855322122573853,-0.6802558302879333,1.4638919830322266
10,3,0,CARE_only,"{35, 47}",0.0014335635351017118,20,4,58.06414794921875,0.0006492310203611851,-0.0008378908969461918,0.013373268768191338,-0.1384924203157425,0.18253796276232226,0.0024655282622591543,0.06673529744148254,1.1356854438781738,-0.6771264672279358,1.6012271642684937
10,3,0,CARE_only,"{8, 54}",0.0008097216486930847,24,3,57.217586517333984,0.0008534923545084894,-0.0005617745337076485,0.017299635335803032,0.0037615238688886166,0.0963779107562549,0.007609823590453131,0.020052604377269745,0.9886572957038879,-0.6030474901199341,0.7014582753181458
10,3,0,CARE_only,"{36, 54}",0.0013406636426225305,59,6,57.521549224853516,0.0007549296715296805,-0.0017430002335458994,0.012689201161265373,-0.1282825469970703,0.1550680912773157,0.008276899924755455,0.03166506811976433,1.1189438104629517,-0.6118994951248169,0.836258053779602
10,3,0,CARE_only,"{8, 20}",0.00138119887560606,86,8,58.45314025878906,0.0005935513181611896,0.0022368510253727436,0.02198418602347374,-0.09185928106307983,0.20127348190622238,0.008695652173913044,0.11251576989889145,1.082364797592163,-0.6141411066055298,2.5972681045532227
10,3,0,Both,"{36, 31}",0.0014430341543629766,5,7,57.4656867980957,0.00106839241925627,-0.0007015358423814178,0.01383631769567728,-0.23572084307670593,0.17512043071691696,0.0007614696363982486,0.015163145028054714,1.2347798347473145,-0.7202539443969727,0.3667186200618744
10,3,0,Neither,"{0, 5}",0.002740259515121579,189,188,59.101402282714844,0.0003176587342750281,-0.000569548225030303,0.020154543220996857,-0.03623338043689728,0.35999199906655777,0.08450247719590684,0.09161915630102158,0.9486690759658813,-0.496178537607193,1.061026692390442
10,3,0,Neither,"{0, 6}",0.0026147780008614063,191,175,57.01142883300781,0.0002854257763829082,-0.002417996758595109,0.005195652134716511,-0.33722877502441406,0.2709649459103562,0.00036909448818897637,0.012572895735502243,1.3367352485656738,-0.7696611285209656,0.20907582342624664
10,3,0,Neither,"{0, 8}",0.0013890110421925783,66,34,58.253318786621094,0.0011981630232185125,0.003861309727653861,0.03035486862063408,0.5231401920318604,0.16171886720117348,0.11183261183261184,0.09224488586187363,0.42353132367134094,-0.37025871872901917,2.3009049892425537
10,3,0,Neither,"{0, 11}",0.002639627316966653,188,153,59.156761169433594,0.002295974176377058,-6.373709766194224e-06,0.018247615545988083,0.06385935097932816,0.26251395996199556,0.0669883802146168,0.0046857320703566074,0.8734301328659058,-0.48300689458847046,0.07543040812015533
10,3,0,Neither,"{0, 18}",0.005512769799679518,229,223,59.195682525634766,0.0013414777349680662,-0.0015175705775618553,0.02750222384929657,0.32515910267829895,0.4093977630723584,0.2135906518464232,0.18453343212604523,0.5307011604309082,-0.3761855661869049,1.6817647218704224
10,3,0,Neither,"{0, 20}",0.0021606306545436382,159,142,59.232051849365234,0.0004791335086338222,0.002645196858793497,0.020902682095766068,-0.3339904248714447,0.3047688897037988,0.012852767446948151,0.020270884037017822,1.3168449401855469,-0.6404591202735901,0.2963630259037018
10,3,0,Neither,"{0, 21}",0.0026405234821140766,166,132,57.991424560546875,0.0012522728648036718,-0.0016053662402555346,0.02336200512945652,0.05637627840042114,0.24961245478639174,0.03652754590984975,0.02334134839475155,0.9091554880142212,-0.5385724902153015,0.4064573347568512
10,3,0,Neither,"{0, 31}",0.0017192461527884007,48,48,57.93999481201172,0.0016641552792862058,-0.00013343231694307178,0.02697819657623768,0.25340142846107483,0.20957445035254113,0.05774278215223097,0.05569035932421684,0.7034878730773926,-0.474359929561615,1.1299073696136475
10,3,0,Neither,"{0, 32}",0.0019904584623873234,60,72,58.957763671875,0.0010471830610185862,-0.003318430157378316,0.014953257516026497,-0.09628475457429886,0.2369109729468438,0.003447548019418842,0.04167681932449341,1.0925052165985107,-0.6833670139312744,0.7891356945037842
10,3,0,Neither,"{0, 35}",0.0019675311632454395,75,97,58.163917541503906,0.0007256351527757943,0.0007207697490230203,0.019594023004174232,-0.059924907982349396,0.2679979330921941,0.016606543102375918,0.011365082114934921,1.0423232316970825,-0.6091346144676208,0.18804077804088593
10,3,0,Neither,"{0, 36}",0.0018793420167639852,57,64,58.52646255493164,0.0019544148817658424,0.0033565943595021963,0.02482270635664463,-0.20023785531520844,0.2375443801776874,0.0063153462914883165,0.040527213364839554,1.1926579475402832,-0.6546000242233276,0.7631887197494507
10,3,0,Neither,"{0, 38}",0.0015250153373926878,73,71,59.01422119140625,0.0011174106039106846,-0.005080964881926775,0.027241503819823265,0.09200362861156464,0.17653726268064607,0.021716551789255027,0.0917501226067543,0.8882778286933899,-0.5463922619819641,2.281480073928833
10,3,0,Neither,"{0, 41}",0.0021983764600008726,41,51,58.071929931640625,0.0009676468325778842,-0.0012402443680912256,0.014878608286380768,0.02841046452522278,0.21242478289133732,0.03821406151914627,0.05667989328503609,0.9344611763954163,-0.5169084668159485,1.1558223962783813
10,3,0,Neither,"{0, 44}",0.003246535547077656,202,193,57.07501983642578,0.0012777848169207573,-0.001954355975612998,0.018151620402932167,-0.24896185100078583,0.3042354941409831,0.002027175104098181,0.01692393235862255,1.2464300394058228,-0.7287121415138245,0.25051426887512207
10,3,0,Neither,"{0, 45}",0.0032745073549449444,80,123,57.62913513183594,0.0008621131419204175,0.0004455393354874104,0.012655907310545444,-0.22006984055042267,0.31522010901271813,0.023214002432446725,0.032363563776016235,1.1917471885681152,-0.6036186814308167,0.4530094265937805
10,3,0,Neither,"{0, 46}",0.0015639114426448941,58,27,59.32098388671875,0.0010509950807318091,-0.00065645418362692,0.023590095341205597,0.2306540310382843,0.1889553781274482,0.06298517995765703,0.07386576384305954,0.7208885550498962,-0.45436328649520874,1.6519328355789185
10,3,0,Neither,"{0, 47}",0.0016260695410892367,67,32,58.944053649902344,0.0007422016933560371,0.0007807571673765779,0.02563421055674553,0.5097305178642273,0.17535379127564882,0.11777566539923955,0.07810038328170776,0.43252766132354736,-0.3706355094909668,1.789267897605896
10,3,0,Neither,"{0, 54}",0.0016411511460319161,49,29,58.010902404785156,0.0008148977067321539,-0.00037933900603093207,0.023029571399092674,0.11823131144046783,0.19265580984448186,0.052517736632635405,0.07219228148460388,0.8354601860046387,-0.4756889343261719,1.5994467735290527
10,3,0,Neither,"{0, 56}",0.002641306957229972,183,151,58.03181838989258,0.00037572585279121995,-0.00012415542732924223,0.019809028133749962,0.439247727394104,0.25953027853249544,0.2522157996146435,0.034502703696489334,0.4193216860294342,-0.2878052592277527,0.4793410003185272
10,3,0,Neither,"{0, 57}",0.0024183818604797125,181,163,58.703067779541016,0.0008150956127792597,0.0017418425995856524,0.014514032751321793,-0.42197707295417786,0.29346757121664196,5.6798818584573444e-05,0.006999494042247534,1.4218963384628296,-0.8143274188041687,0.10758546739816666
10,3,0,Neither,"{0, 62}",0.0018292616587132215,51,224,56.40391159057617,0.00021581465261988342,-0.002234213287010789,0.0077794622629880905,-0.11136984825134277,0.2565966029370093,0.04761595426789658,0.014537409879267216,1.0584509372711182,-0.5165030360221863,0.243747279047966
10,3,0,Neither,"{5, 6}",0.0030890246853232384,36,166,57.030967712402344,0.0012137930607423186,0.0012831399217247963,0.012042117305099964,0.032563891261816025,0.34339006217392026,0.09499538857337023,0.10419204831123352,0.8755341172218323,-0.4709220230579376,1.2701025009155273
10,3,0,Neither,"{8, 5}",0.001947580836713314,125,134,58.30138397216797,0.001094501931220293,-0.00365058658644557,0.028726479038596153,0.19063706696033478,0.2772490123847782,0.027054650393795468,0.1838640421628952,0.7874659299850464,-0.5470032095909119,3.361931800842285
10,3,0,Neither,"{11, 5}",0.0031853073742240667,23,173,59.218685150146484,0.0016938033513724804,-0.0011949974577873945,0.01663813926279545,0.005651804618537426,0.3566249395762839,0.07969151670951156,0.09630488604307175,0.9151070713996887,-0.5005224943161011,1.136457085609436
10,3,0,Neither,"{18, 5}",0.0063808332197368145,196,196,59.21803283691406,0.0020768761169165373,-0.0009396486566402018,0.03501838818192482,-0.05293124541640282,0.5178104112146417,0.1621760824078545,0.09291427582502365,0.8821709752082825,-0.5117303133010864,0.6207380294799805
10,3,0,Neither,"{20, 5}",0.002725770231336355,91,176,59.266937255859375,0.0007968436693772674,0.0003739100357051939,0.014915878884494305,0.14606036245822906,0.3660593735935859,0.12995765220163016,0.07134827226400375,0.7429636716842651,-0.44765111804008484,0.7646636962890625
10,3,0,Neither,"{21, 5}",0.0031894873827695847,93,177,58.03286361694336,0.0013703240547329187,-0.0008138298289850354,0.011224029585719109,-0.1562894880771637,0.3531912056406581,0.029685214026145643,0.11496049910783768,1.1219648122787476,-0.5925635099411011,1.4674841165542603
10,3,0,Neither,"{5, 31}",0.0022599271032959223,148,155,58.015647888183594,0.0006144499056972563,-0.0038022466469556093,0.018678167834877968,0.004099982790648937,0.3055356458253463,0.06901254773595199,0.14730951189994812,0.9271703958511353,-0.47919532656669617,2.190934181213379
10,3,0,Neither,"{32, 5}",0.002566494280472398,170,180,58.972225189208984,0.002058706944808364,0.0017002539243549109,0.02154943346977234,-0.04627571627497673,0.32745486973480237,0.04647493000763553,0.1332959681749344,0.997650146484375,-0.5362817049026489,1.850162386894226
10,3,0,Neither,"{35, 5}",0.0025215495843440294,160,184,58.188777923583984,0.0014171249931678176,-3.226028638891876e-05,0.023109860718250275,-0.17516249418258667,0.3677095661160469,0.026337262012692656,0.1029842346906662,1.1442118883132935,-0.6105660796165466,1.2490675449371338
10,3,0,Neither,"{36, 5}",0.002421666169539094,161,167,58.628395080566406,6.9465022534132e-06,-0.0025298381224274635,0.010768669657409191,-0.007024322636425495,0.324954578034104,0.05857912285201334,0.13214637339115143,0.9480337500572205,-0.5114628076553345,1.8242154121398926
10,3,0,Neither,"{5, 38}",0.0020952713675796986,116,117,59.01832962036133,0.0024743210524320602,0.0006473021931014955,0.031872279942035675,0.27584171295166016,0.26776457253346225,0.06555029880478087,0.18336927890777588,0.6766895055770874,-0.4525053799152374,3.3425066471099854
10,3,0,Neither,"{41, 5}",0.00274415360763669,192,165,58.0958251953125,0.0016869379905983806,4.2156178096774966e-05,0.01609933190047741,0.05085982009768486,0.3023852782824663,0.07640152141557797,0.14829905331134796,0.8766244053840637,-0.4652245044708252,2.2168490886688232
10,3,0,Neither,"{44, 5}",0.0037395614199340343,79,187,57.113529205322266,0.0015165199292823672,-0.002506321296095848,0.011738544330000877,-0.08536387234926224,0.37135999199906655,0.10350554333677454,0.07469522207975388,0.9730226993560791,-0.479988157749176,0.8105124831199646
10,3,0,Neither,"{45, 5}",0.003845039987936616,213,208,57.64436721801758,0.0019065599190071225,0.0008038771338760853,0.017409682273864746,0.10603848844766617,0.37636057540046336,0.13583418220470347,0.05925558879971504,0.7725309729576111,-0.448916494846344,0.6080172657966614
10,3,0,Neither,"{5, 46}",0.0021316667553037405,136,128,59.36549377441406,0.001032740343362093,0.0009111219551414251,0.02785423770546913,0.22464275360107422,0.2842664977580718,0.07575935264454087,0.16548492014408112,0.716616690158844,-0.45096030831336975,2.7129595279693604
10,3,0,Neither,"{5, 47}",0.002189550781622529,128,129,58.96259307861328,0.001617971109226346,-0.002169983461499214,0.013562951236963272,-0.052185796201229095,0.2940009667794576,0.023642136296632272,0.16971953213214874,1.0273098945617676,-0.5710618495941162,2.850294589996338
10,3,0,Neither,"{5, 54}",0.002177515532821417,154,150,58.04840850830078,0.0010702685685828328,0.00043257788638584316,0.011298783123493195,-0.11650828272104263,0.30228526661443833,0.01797628894403088,0.16381144523620605,1.0964375734329224,-0.5977319478988647,2.660473585128784
10,3,0,Neither,"{56, 5}",0.0032442633528262377,35,172,58.043975830078125,0.001508740708231926,-0.0018782364204525948,0.011825566180050373,-0.11184535920619965,0.3966296067874585,0.08396722000420256,0.05711645260453224,1.018486738204956,-0.5205413699150085,0.5816857218742371
10,3,0,Neither,"{57, 5}",0.0029593128710985184,76,181,58.775753021240234,-0.00013854698045179248,0.0003996791783720255,0.02134191431105137,0.0814257562160492,0.362775657160002,0.09828156588862341,0.0846196636557579,0.8282953500747681,-0.4804176092147827,0.9534412622451782
10,3,0,Neither,"{5, 62}",0.002344307955354452,157,183,56.41230010986328,0.0015712545718997717,-4.51503146905452e-05,0.014695685356855392,0.03958982229232788,0.34212324771223307,0.09247259439707674,0.10615656524896622,0.8715985417366028,-0.47322210669517517,1.3047740459442139
10,3,0,Neither,"{8, 6}",0.0018834196962416172,118,91,56.19526290893555,0.0006282105459831655,0.0015990098472684622,0.016730498522520065,-0.19232138991355896,0.16511926391412332,0.00171613163739148,0.07967199385166168,1.1902751922607422,-0.6843839287757874,2.091829299926758
10,3,0,Neither,"{18, 6}",0.005995211657136679,206,199,57.16344451904297,0.0010823322227224708,-0.00155854772310704,0.016085028648376465,-0.3242640495300293,0.4814061640524728,0.00214674007132717,0.19710633158683777,1.3214211463928223,-0.7714346051216125,1.8908405303955078
10,3,0,Neither,"{20, 6}",0.002632235176861286,62,109,57.18507766723633,0.0007317441049963236,0.002120321150869131,0.007892118766903877,0.216356560587883,0.26398079775973865,0.1147944686493654,0.032843779772520065,0.6936855316162109,-0.4154185652732849,0.5054388046264648
10,3,0,Neither,"{21, 6}",0.0030878426041454077,126,119,55.93203353881836,0.0003843283629976213,0.0007296308176591992,0.008914755657315254,-0.18207453191280365,0.24376177220675746,0.002324945295404814,0.010768451727926731,1.1793262958526611,-0.7031903862953186,0.19738151133060455
10,3,0,Neither,"{6, 31}",0.00220269663259387,137,99,55.88341522216797,0.0006621706415899098,0.004276045598089695,0.014397580176591873,-0.22638580203056335,0.20692414114980082,0.0016916384726921219,0.0431174635887146,1.2243112325668335,-0.7019566893577576,0.920831561088562
10,3,0,Neither,"{32, 6}",0.0024530289229005575,155,131,56.913570404052734,0.0008866983698680997,-0.0037426985800266266,0.01398259773850441,-0.11929124593734741,0.2206590768923041,0.012086417887898474,0.029103925451636314,1.1057630777359009,-0.6114979982376099,0.5800598859786987
10,3,0,Neither,"{35, 6}",0.002408405765891075,131,122,56.1014518737793,0.0001626948796911165,0.0032681089360266924,0.006177843548357487,-0.14647014439105988,0.25746337072658476,0.0022659588242910787,0.0012078129220753908,1.1438722610473633,-0.7089024186134338,0.02103503607213497
10,3,0,Neither,"{36, 6}",0.0023287837393581867,143,125,56.503334045410156,0.0005720049957744777,-0.0022947152610868216,0.044854309409856796,0.0723642110824585,0.2134082309602787,0.05264391158322268,0.02795431949198246,0.8788014054298401,-0.4882507920265198,0.5541129112243652
10,3,0,Neither,"{38, 6}",0.0019936382304877043,100,83,56.972312927246094,0.0009614387527108192,0.006307255942374468,0.02105872333049774,-0.052709415555000305,0.1621355824846232,0.023645522771666497,0.07917722314596176,1.0278176069259644,-0.5371783971786499,2.072404146194458
10,3,0,Neither,"{41, 6}",0.002683683531358838,197,200,56.00828552246094,0.0003380553680472076,0.0011856933124363422,0.013606948778033257,-0.05777692794799805,0.201890220525728,0.021053500660501982,0.044106997549533844,1.0355069637298584,-0.5647584795951843,0.9467465281486511
10,3,0,Neither,"{44, 6}",0.0037218250799924135,106,126,54.958221435546875,0.0012247427366673946,0.0030893234070390463,0.061857014894485474,0.27104246616363525,0.2383278049105729,0.21870191635193734,0.029496828094124794,0.569533109664917,-0.3039051592350006,0.4595900774002075
10,3,0,Neither,"{45, 6}",0.003800660604611039,216,225,55.53105163574219,0.0008730691624805331,-0.0020662741735577583,0.016537219285964966,-0.02864568680524826,0.28875035420799094,0.06713617733648906,0.04493645951151848,0.9595863223075867,-0.4926833212375641,0.662085235118866
10,3,0,Neither,"{46, 6}",0.0020765080116689205,124,68,57.30439758300781,0.00038747984217479825,0.0036426899023354053,0.007805809378623962,-0.16753199696540833,0.18478822529295083,0.009020386072523904,0.061292864382267,1.1570004224777222,-0.6140209436416626,1.442857027053833
10,3,0,Neither,"{6, 47}",0.0020809120032936335,113,80,56.900211334228516,0.0005388142308220267,0.0010971281444653869,0.00805469136685133,-0.2727384865283966,0.181387828580001,0.0011946333394596581,0.06552748382091522,1.2712180614471436,-0.7044991254806519,1.5801920890808105
10,3,0,Neither,"{54, 6}",0.0021027843467891216,158,190,55.949119567871094,2.79975138255395e-05,-0.0015626890817657113,0.009970941580832005,-0.09890440851449966,0.18605503975463805,0.012452965418383801,0.05961938947439194,1.0852197408676147,-0.5946171879768372,1.3903709650039673
10,3,0,Neither,"{56, 6}",0.00312109780497849,64,194,55.949161529541016,0.0003313231572974473,-2.0092367776669562e-05,0.009960593655705452,-0.1352018415927887,0.3001850215858517,0.03464934199566883,0.04707559943199158,1.0958678722381592,-0.5635059475898743,0.6884168386459351
10,3,0,Neither,"{57, 6}",0.0028414472471922636,42,88,56.65381622314453,0.0005000483361072838,-0.0023895096965134144,0.05638530105352402,0.3206601142883301,0.23671094961078792,0.17900147876910077,0.019572388380765915,0.5577370524406433,-0.3375993072986603,0.3166612684726715
10,3,0,Neither,"{62, 6}",0.002292296150699258,142,154,54.24253463745117,0.000764357449952513,-0.0009894530521705747,0.015057175420224667,0.05470547452569008,0.2405613988298635,0.057580376940133036,0.0019645148422569036,0.8908641338348389,-0.49034571647644043,0.034671466797590256
10,3,0,Neither,"{8, 11}",0.0018118064617738128,114,58,58.40910720825195,0.0013588350266218185,-0.0005978128174319863,0.01531807892024517,0.03287219628691673,0.17248679012551466,0.011306532663316583,0.08755915611982346,0.9561929702758789,-0.5920180082321167,2.2254745960235596
10,3,0,Neither,"{8, 18}",0.0050258757546544075,219,216,58.4283447265625,0.0010586614953354,0.0019021867774426937,0.03287574648857117,-0.09816425293684006,0.3836947643891787,0.019505625787393024,0.27677831053733826,1.0767438411712646,-0.5961540937423706,3.9826698303222656
10,3,0,Neither,"{8, 21}",0.0018360352842137218,101,30,57.208248138427734,0.0009409580379724503,-0.0009210550924763083,0.014522841200232506,-0.27947893738746643,0.15273448568999717,0.0021826912583215105,0.06890354305505753,1.276686191558838,-0.6722193360328674,1.8944478034973145
10,3,0,Neither,"{8, 31}",0.0009628176921978593,33,45,57.18841552734375,0.00023183261509984732,-0.0020517143420875072,0.025341570377349854,0.17331501841545105,0.11309652792825829,0.025792188651436992,0.03655453026294708,0.8053629398345947,-0.5242365002632141,1.1709977388381958
10,3,0,Neither,"{8, 36}",0.0010945560643449426,40,40,57.795433044433594,0.00013606074207928032,0.004211936146020889,0.0186871699988842,0.20146703720092773,0.12848165619322255,0.03814218993253762,0.05171767249703407,0.768075168132782,-0.4918450117111206,1.5377163887023926
10,3,0,Neither,"{8, 41}",0.0014109034091234207,70,17,57.27855682373047,0.0010533928871154785,-0.0012784912250936031,0.016955850645899773,0.17517241835594177,0.10972946843798444,0.04693908552331764,0.03556499630212784,0.7861109375953674,-0.4719342589378357,1.145082712173462
10,3,0,Neither,"{8, 44}",0.002451630076393485,171,133,56.2919807434082,0.000501731876283884,0.006961698643863201,0.019960710778832436,-0.15847979485988617,0.19877319020552398,0.0020964360587002098,0.10916882008314133,1.1560511589050293,-0.683695912361145,2.551419258117676
10,3,0,Neither,"{8, 45}",0.002542161149904132,156,111,56.81856155395508,0.0013259085826575756,0.0015381842385977507,0.015452309511601925,-0.1670503467321396,0.21557515043421732,0.006031083275342148,0.12460844963788986,1.1600117683410645,-0.63795006275177,2.7539145946502686
10,3,0,Neither,"{8, 46}",0.000740701740141958,18,15,58.54571533203125,0.0010990188457071781,-0.0002759193885140121,0.021371712908148766,0.5359499454498291,0.08692680812761489,0.09511025886864813,0.018379127606749535,0.4199141263961792,-0.4005736708641052,0.6489723324775696
10,3,0,Neither,"{8, 47}",0.0007669084006920457,25,13,58.17497634887695,0.00040765543235465884,-0.002777949906885624,0.019058965146541595,0.4917512536048889,0.08427649892487457,0.07199367088607594,0.014144507236778736,0.47165805101394653,-0.43218308687210083,0.5116372108459473
10,3,0,Neither,"{8, 56}",0.0018970867386087775,117,76,57.23094177246094,0.0006855956744402647,-0.0001406944211339578,0.012674148194491863,0.2813843786716461,0.2075408797693064,0.05678258774395631,0.12674759328365326,0.677810788154602,-0.4599320590496063,2.7802460193634033
10,3,0,Neither,"{8, 57}",0.0016763833118602633,104,39,57.93513488769531,0.00031481756013818085,0.0006176558090373874,0.019727740436792374,-0.1584232896566391,0.18713849949160735,0.003651910572726463,0.0992443859577179,1.1541928052902222,-0.6570597887039185,2.4084906578063965
10,3,0,Neither,"{8, 62}",0.0010337041458114982,38,74,55.55810546875,0.0013154292246326804,-0.0006628481787629426,0.017433034256100655,-0.14723609387874603,0.16186888470321537,0.00792915250746576,0.07770747691392899,1.1381394863128662,-0.6115381121635437,2.0571577548980713
25,3,0,Geometry_only,"{32, 47}",0.001450247596949339,22,38,58.832183837890625,0.0019006121437996626,-0.0002885549620259553,0.009675929322838783,-0.1688757687807083,0.1481172803493741,0.001012829169480081,0.03642356023192406,1.167691946029663,-0.7020939588546753,1.0001322031021118
25,3,0,Geometry_only,"{62, 47}",0.0012750012101605535,11,65,56.2800178527832,0.0008913325727917254,0.003344808705151081,0.0076374756172299385,-0.17893025279045105,0.178254129648459,0.006171685057041331,0.06356297433376312,1.171654224395752,-0.6328122019767761,1.5455206632614136
25,3,0,Geometry_only,"{36, 62}",0.001526728505268693,0,161,55.90000915527344,0.00015939361765049398,0.0002850866294465959,0.009913502261042595,-0.02602197416126728,0.2151084293167536,0.03386284385896939,0.025989804416894913,0.9912779331207275,-0.5316242575645447,0.5194414854049683
25,3,0,Geometry_only,"{32, 62}",0.0016457918100059032,10,75,56.276649475097656,0.0018511272501200438,0.0002552583464421332,0.021497409790754318,0.049454450607299805,0.20910772923507742,0.05723395775209247,0.027139410376548767,0.8961420655250549,-0.47783905267715454,0.545388400554657
25,3,0,Geometry_only,"{35, 36}",0.001670151948928833,14,60,57.6844596862793,0.00037004207842983305,-0.0014746265951544046,0.013348972424864769,-0.28912901878356934,0.2259930325204607,0.0001475143826523086,0.029162133112549782,1.2889388799667358,-0.7776591777801514,0.5751479864120483
25,3,0,Geometry_only,"{11, 6}",0.003061312949284911,6,205,57.1656608581543,0.0006291503086686134,-0.0017128305044025183,0.008243714459240437,-0.11812112480401993,0.25938026103045353,0.02435576119786646,0.007887163199484348,1.0908883810043335,-0.5773926377296448,0.1336454153060913
25,3,0,Geometry_only,"{35, 62}",0.0016372260870411992,19,229,55.48085403442383,0.00019448710372671485,-0.0005881347460672259,0.005112313665449619,-0.05630544573068619,0.24662877335689165,0.03717220870505542,0.0031723277643322945,1.0170402526855469,-0.5362488627433777,0.05570650473237038
25,3,0,Geometry_only,"{57, 20}",0.002371808048337698,21,110,58.917137145996094,-0.00031154215685091913,0.000703594065271318,0.017966793850064278,0.5197581052780151,0.26316403580417713,0.20344565492779326,0.013271389529109001,0.382538765668869,-0.32864588499069214,0.18877755105495453
25,3,0,Geometry_only,"{47, 31}",0.0011666929349303246,8,25,57.85810089111328,0.0009667656850069761,0.0018890993669629097,0.016721881926059723,0.18129566311836243,0.12749820812428117,0.036998300431428946,0.022410022094845772,0.7884136438369751,-0.4974212646484375,0.6593605875968933
25,3,0,Geometry_only,"{36, 46}",0.001261418336071074,15,33,58.85403060913086,0.0006151960697025061,-0.0012098820880055428,0.02375231869518757,0.42882534861564636,0.13191539012884837,0.17071013393985343,0.03333854675292969,0.4736693501472473,-0.3163321018218994,0.888744056224823
25,3,0,Geometry_only,"{11, 5}",0.0031853073742240667,23,173,59.218685150146484,0.0016938033513724804,-0.0011949974577873945,0.01663813926279545,0.005651804618537426,0.3566249395762839,0.07969151670951156,0.09630488604307175,0.9151070713996887,-0.5005224943161011,1.136457085609436
25,3,0,Geometry_only,"{62, 31}",0.0013847625814378262,1,135,55.25559616088867,0.0008837174973450601,0.0011756534222513437,0.01178930327296257,-0.11259687691926956,0.19863984131482007,0.03213896114793992,0.0411529503762722,1.0768392086029053,-0.5290966629981995,0.8861600756645203
25,3,0,Geometry_only,"{32, 35}",0.0017678691074252129,13,35,58.060298919677734,0.0015636057360097766,0.00331279169768095,0.031111309304833412,0.4522680342197418,0.19413931625356293,0.15746544174465527,0.030311737209558487,0.4614831209182739,-0.3412512242794037,0.6010949611663818
25,3,0,Geometry_only,"{32, 36}",0.0017208880744874477,2,82,58.48748016357422,0.0006164766382426023,0.0056973169557750225,0.006692694034427404,-0.32395005226135254,0.1911556348240628,0.0007847924659923265,0.0011496050283312798,1.322911024093628,-0.7243586778640747,0.02594696916639805
25,3,0,Geometry_only,"{62, 46}",0.001254975562915206,9,54,56.68964767456055,0.0006968029192648828,0.0011158403940498829,0.009666090831160545,-0.19340357184410095,0.1831380327704899,0.005825065987075635,0.0593283511698246,1.1864519119262695,-0.6379873156547546,1.4081854820251465
25,3,0,Geometry_only,"{46, 38}",0.0009011023794300854,17,28,59.277496337890625,0.0018752817995846272,0.0004907842958346009,0.032922908663749695,0.37910425662994385,0.08877702398613171,0.07867067217423958,0.01788436248898506,0.5720494389533997,-0.4215696454048157,0.6295472383499146
25,3,0,CARE_only,"{32, 54}",0.0014397259801626205,63,21,57.91123580932617,0.0015268282731994987,-0.0001532705209683627,0.019486593082547188,0.2100565880537033,0.14371676695614488,0.0787520296914869,0.030515464022755623,0.7277337908744812,-0.4221614599227905,0.8103110790252686
25,3,0,CARE_only,"{8, 32}",0.0012172157876193523,46,1,58.17008590698242,0.0013559790095314384,-0.0023174001835286617,0.02780698798596859,-0.25811684131622314,0.13193205874018635,0.0010107391029690461,0.05056807026267052,1.256845235824585,-0.6964951157569885,1.511769413948059
25,3,0,CARE_only,"{8, 35}",0.0012103879125788808,52,2,57.38966751098633,0.00017440100782550871,-0.0013283792650327086,0.03310953825712204,-0.3812323808670044,0.16678612504792226,0.0,0.080879807472229,1.3812323808670044,-0.8882493376731873,2.1128642559051514
25,3,0,CARE_only,"{57, 38}",0.0018169321119785309,82,12,58.7009162902832,0.00022924583754502237,-0.0019469567341729999,0.02036447264254093,-0.05848156660795212,0.18520494057640058,0.017190171901719016,0.09874961525201797,1.0402860641479492,-0.5658234357833862,2.3890655040740967
25,3,0,CARE_only,"{8, 38}",0.0006808250327594578,30,9,58.24394989013672,0.0008603211608715355,-0.0012324814451858401,0.03658038005232811,0.3516612946987152,0.07304185488306969,0.022820629849383843,0.0004947666893713176,0.6335431933403015,-0.5340566635131836,0.01942506805062294
25,3,0,CARE_only,"{35, 38}",0.0013474180595949292,32,5,58.1370964050293,0.0009827985195443034,0.0038380699697881937,0.020969493314623833,-0.2521183490753174,0.167202840331372,0.00089721862227096,0.08038503676652908,1.2509949207305908,-0.7081062197685242,2.0934393405914307
25,3,0,CARE_only,"{41, 46}",0.0016154547920450568,77,14,58.35475158691406,0.0012208407279103994,-0.0024251288268715143,0.014445697888731956,0.12154041230678558,0.1289817145333622,0.05388989402946498,0.017185866832733154,0.8311194777488708,-0.4620475471019745,0.4961104691028595
25,3,0,CARE_only,"{8, 41}",0.0014109034091234207,70,17,57.27855682373047,0.0010533928871154785,-0.0012784912250936031,0.016955850645899773,0.17517241835594177,0.10972946843798444,0.04693908552331764,0.03556499630212784,0.7861109375953674,-0.4719342589378357,1.145082712173462
25,3,0,CARE_only,"{8, 47}",0.0007669084006920457,25,13,58.17497634887695,0.00040765543235465884,-0.002777949906885624,0.019058965146541595,0.4917512536048889,0.08427649892487457,0.07199367088607594,0.014144507236778736,0.47165805101394653,-0.43218308687210083,0.5116372108459473
25,3,0,CARE_only,"{35, 46}",0.0014007620047777891,34,0,58.427711486816406,0.0016157375648617744,0.0018155467696487904,0.018600089475512505,-0.18838638067245483,0.18738852866167718,0.002401707881159936,0.06250067800283432,1.1855322122573853,-0.6802558302879333,1.4638919830322266
25,3,0,CARE_only,"{36, 38}",0.0012118312297388911,31,11,58.52923583984375,0.001203499035909772,-0.0013400032185018063,0.027824824675917625,0.2305290848016739,0.12591469004717218,0.06380725443473656,0.05122290551662445,0.7203730940818787,-0.4404122829437256,1.5182912349700928
25,3,0,CARE_only,"{41, 36}",0.0019311971263960004,84,23,57.58699417114258,0.0007605256978422403,-0.00046640029177069664,0.012636236846446991,-0.006642858497798443,0.16615271781707866,0.04795345104333868,0.016152678057551384,0.9583708643913269,-0.48242607712745667,0.3926335871219635
25,3,0,CARE_only,"{20, 38}",0.0015050318324938416,61,24,59.197750091552734,0.0009971025865525007,-0.0018048158381134272,0.020715096965432167,0.02233276702463627,0.1985731668694681,0.025266515571224713,0.11202100664377213,0.9529649615287781,-0.5379793047904968,2.577842950820923
25,3,0,CARE_only,"{36, 54}",0.0013406636426225305,59,6,57.521549224853516,0.0007549296715296805,-0.0017430002335458994,0.012689201161265373,-0.1282825469970703,0.1550680912773157,0.008276899924755455,0.03166506811976433,1.1189438104629517,-0.6118994951248169,0.836258053779602
25,3,0,CARE_only,"{8, 20}",0.00138119887560606,86,8,58.45314025878906,0.0005935513181611896,0.0022368510253727436,0.02198418602347374,-0.09185928106307983,0.20127348190622238,0.008695652173913044,0.11251576989889145,1.082364797592163,-0.6141411066055298,2.5972681045532227
25,3,0,CARE_only,"{54, 38}",0.0009411385981366038,56,10,57.98271179199219,0.001111540012061596,0.002081446349620819,0.018222058191895485,0.13309021294116974,0.09476105545646993,0.030782761653474055,0.019557837396860123,0.8402239084243774,-0.5096925497055054,0.6820332407951355
25,3,0,Both,"{8, 46}",0.000740701740141958,18,15,58.54571533203125,0.0010990188457071781,-0.0002759193885140121,0.021371712908148766,0.5359499454498291,0.08692680812761489,0.09511025886864813,0.018379127606749535,0.4199141263961792,-0.4005736708641052,0.6489723324775696
25,3,0,Both,"{8, 54}",0.0008097216486930847,24,3,57.217586517333984,0.0008534923545084894,-0.0005617745337076485,0.017299635335803032,0.0037615238688886166,0.0963779107562549,0.007609823590453131,0.020052604377269745,0.9886572957038879,-0.6030474901199341,0.7014582753181458
25,3,0,Both,"{35, 47}",0.0014335635351017118,20,4,58.06414794921875,0.0006492310203611851,-0.0008378908969461918,0.013373268768191338,-0.1384924203157425,0.18253796276232226,0.0024655282622591543,0.06673529744148254,1.1356854438781738,-0.6771264672279358,1.6012271642684937
25,3,0,Both,"{32, 31}",0.0015733956824988127,16,22,57.857261657714844,0.0017826765542849898,0.003962363116443157,0.020288417115807533,0.11382140219211578,0.16711949727468203,0.04079393576700578,0.014013539999723434,0.850027859210968,-0.4985218048095703,0.3407716453075409
25,3,0,Both,"{36, 31}",0.0014430341543629766,5,7,57.4656867980957,0.00106839241925627,-0.0007015358423814178,0.01383631769567728,-0.23572084307670593,0.17512043071691696,0.0007614696363982486,0.015163145028054714,1.2347798347473145,-0.7202539443969727,0.3667186200618744
25,3,0,Both,"{46, 31}",0.001155487960204482,4,16,58.252098083496094,0.0009370880434289575,-0.0017015975899994373,0.019194265827536583,0.18946029245853424,0.1294984414848399,0.05843737932809885,0.0181754007935524,0.7631738781929016,-0.4537205994129181,0.522025465965271
25,3,0,Both,"{36, 47}",0.001302163815125823,12,18,58.45295715332031,0.0010060813510790467,-0.0008847986464388669,0.028302308171987534,0.05899287015199661,0.14471688363642424,0.03363280350149735,0.03757316619157791,0.9093584418296814,-0.5084664225578308,1.0260791778564453
25,3,0,Both,"{46, 47}",0.0009504809859208763,3,19,59.22343826293945,0.0009739859960973263,-2.548470365582034e-05,0.02635130286216736,0.38035789132118225,0.10334539029553448,0.0779032258064516,0.004234620835632086,0.571370005607605,-0.42151209712028503,0.13733512163162231
25,3,0,Both,"{38, 47}",0.0009289902518503368,7,20,58.88888931274414,0.001977538224309683,0.00047957536298781633,0.02381594106554985,0.1939132660627365,0.08887703565415965,0.02288072018004501,0.013649740256369114,0.7876428961753845,-0.5328289866447449,0.49221211671829224
25,3,0,Neither,"{0, 5}",0.002740259515121579,189,188,59.101402282714844,0.0003176587342750281,-0.000569548225030303,0.020154543220996857,-0.03623338043689728,0.35999199906655777,0.08450247719590684,0.09161915630102158,0.9486690759658813,-0.496178537607193,1.061026692390442
25,3,0,Neither,"{0, 6}",0.0026147780008614063,191,175,57.01142883300781,0.0002854257763829082,-0.002417996758595109,0.005195652134716511,-0.33722877502441406,0.2709649459103562,0.00036909448818897637,0.012572895735502243,1.3367352485656738,-0.7696611285209656,0.20907582342624664
25,3,0,Neither,"{0, 8}",0.0013890110421925783,66,34,58.253318786621094,0.0011981630232185125,0.003861309727653861,0.03035486862063408,0.5231401920318604,0.16171886720117348,0.11183261183261184,0.09224488586187363,0.42353132367134094,-0.37025871872901917,2.3009049892425537
25,3,0,Neither,"{0, 11}",0.002639627316966653,188,153,59.156761169433594,0.002295974176377058,-6.373709766194224e-06,0.018247615545988083,0.06385935097932816,0.26251395996199556,0.0669883802146168,0.0046857320703566074,0.8734301328659058,-0.48300689458847046,0.07543040812015533
25,3,0,Neither,"{0, 18}",0.005512769799679518,229,223,59.195682525634766,0.0013414777349680662,-0.0015175705775618553,0.02750222384929657,0.32515910267829895,0.4093977630723584,0.2135906518464232,0.18453343212604523,0.5307011604309082,-0.3761855661869049,1.6817647218704224
25,3,0,Neither,"{0, 20}",0.0021606306545436382,159,142,59.232051849365234,0.0004791335086338222,0.002645196858793497,0.020902682095766068,-0.3339904248714447,0.3047688897037988,0.012852767446948151,0.020270884037017822,1.3168449401855469,-0.6404591202735901,0.2963630259037018
25,3,0,Neither,"{0, 21}",0.0026405234821140766,166,132,57.991424560546875,0.0012522728648036718,-0.0016053662402555346,0.02336200512945652,0.05637627840042114,0.24961245478639174,0.03652754590984975,0.02334134839475155,0.9091554880142212,-0.5385724902153015,0.4064573347568512
25,3,0,Neither,"{0, 31}",0.0017192461527884007,48,48,57.93999481201172,0.0016641552792862058,-0.00013343231694307178,0.02697819657623768,0.25340142846107483,0.20957445035254113,0.05774278215223097,0.05569035932421684,0.7034878730773926,-0.474359929561615,1.1299073696136475
25,3,0,Neither,"{0, 32}",0.0019904584623873234,60,72,58.957763671875,0.0010471830610185862,-0.003318430157378316,0.014953257516026497,-0.09628475457429886,0.2369109729468438,0.003447548019418842,0.04167681932449341,1.0925052165985107,-0.6833670139312744,0.7891356945037842
25,3,0,Neither,"{0, 35}",0.0019675311632454395,75,97,58.163917541503906,0.0007256351527757943,0.0007207697490230203,0.019594023004174232,-0.059924907982349396,0.2679979330921941,0.016606543102375918,0.011365082114934921,1.0423232316970825,-0.6091346144676208,0.18804077804088593
25,3,0,Neither,"{0, 36}",0.0018793420167639852,57,64,58.52646255493164,0.0019544148817658424,0.0033565943595021963,0.02482270635664463,-0.20023785531520844,0.2375443801776874,0.0063153462914883165,0.040527213364839554,1.1926579475402832,-0.6546000242233276,0.7631887197494507
25,3,0,Neither,"{0, 38}",0.0015250153373926878,73,71,59.01422119140625,0.0011174106039106846,-0.005080964881926775,0.027241503819823265,0.09200362861156464,0.17653726268064607,0.021716551789255027,0.0917501226067543,0.8882778286933899,-0.5463922619819641,2.281480073928833
25,3,0,Neither,"{0, 41}",0.0021983764600008726,41,51,58.071929931640625,0.0009676468325778842,-0.0012402443680912256,0.014878608286380768,0.02841046452522278,0.21242478289133732,0.03821406151914627,0.05667989328503609,0.9344611763954163,-0.5169084668159485,1.1558223962783813
25,3,0,Neither,"{0, 44}",0.003246535547077656,202,193,57.07501983642578,0.0012777848169207573,-0.001954355975612998,0.018151620402932167,-0.24896185100078583,0.3042354941409831,0.002027175104098181,0.01692393235862255,1.2464300394058228,-0.7287121415138245,0.25051426887512207
25,3,0,Neither,"{0, 45}",0.0032745073549449444,80,123,57.62913513183594,0.0008621131419204175,0.0004455393354874104,0.012655907310545444,-0.22006984055042267,0.31522010901271813,0.023214002432446725,0.032363563776016235,1.1917471885681152,-0.6036186814308167,0.4530094265937805
25,3,0,Neither,"{0, 46}",0.0015639114426448941,58,27,59.32098388671875,0.0010509950807318091,-0.00065645418362692,0.023590095341205597,0.2306540310382843,0.1889553781274482,0.06298517995765703,0.07386576384305954,0.7208885550498962,-0.45436328649520874,1.6519328355789185
25,3,0,Neither,"{0, 47}",0.0016260695410892367,67,32,58.944053649902344,0.0007422016933560371,0.0007807571673765779,0.02563421055674553,0.5097305178642273,0.17535379127564882,0.11777566539923955,0.07810038328170776,0.43252766132354736,-0.3706355094909668,1.789267897605896
25,3,0,Neither,"{0, 54}",0.0016411511460319161,49,29,58.010902404785156,0.0008148977067321539,-0.00037933900603093207,0.023029571399092674,0.11823131144046783,0.19265580984448186,0.052517736632635405,0.07219228148460388,0.8354601860046387,-0.4756889343261719,1.5994467735290527
25,3,0,Neither,"{0, 56}",0.002641306957229972,183,151,58.03181838989258,0.00037572585279121995,-0.00012415542732924223,0.019809028133749962,0.439247727394104,0.25953027853249544,0.2522157996146435,0.034502703696489334,0.4193216860294342,-0.2878052592277527,0.4793410003185272
25,3,0,Neither,"{0, 57}",0.0024183818604797125,181,163,58.703067779541016,0.0008150956127792597,0.0017418425995856524,0.014514032751321793,-0.42197707295417786,0.29346757121664196,5.6798818584573444e-05,0.006999494042247534,1.4218963384628296,-0.8143274188041687,0.10758546739816666
25,3,0,Neither,"{0, 62}",0.0018292616587132215,51,224,56.40391159057617,0.00021581465261988342,-0.002234213287010789,0.0077794622629880905,-0.11136984825134277,0.2565966029370093,0.04761595426789658,0.014537409879267216,1.0584509372711182,-0.5165030360221863,0.243747279047966
25,3,0,Neither,"{5, 6}",0.0030890246853232384,36,166,57.030967712402344,0.0012137930607423186,0.0012831399217247963,0.012042117305099964,0.032563891261816025,0.34339006217392026,0.09499538857337023,0.10419204831123352,0.8755341172218323,-0.4709220230579376,1.2701025009155273
25,3,0,Neither,"{8, 5}",0.001947580836713314,125,134,58.30138397216797,0.001094501931220293,-0.00365058658644557,0.028726479038596153,0.19063706696033478,0.2772490123847782,0.027054650393795468,0.1838640421628952,0.7874659299850464,-0.5470032095909119,3.361931800842285
25,3,0,Neither,"{18, 5}",0.0063808332197368145,196,196,59.21803283691406,0.0020768761169165373,-0.0009396486566402018,0.03501838818192482,-0.05293124541640282,0.5178104112146417,0.1621760824078545,0.09291427582502365,0.8821709752082825,-0.5117303133010864,0.6207380294799805
25,3,0,Neither,"{20, 5}",0.002725770231336355,91,176,59.266937255859375,0.0007968436693772674,0.0003739100357051939,0.014915878884494305,0.14606036245822906,0.3660593735935859,0.12995765220163016,0.07134827226400375,0.7429636716842651,-0.44765111804008484,0.7646636962890625
25,3,0,Neither,"{21, 5}",0.0031894873827695847,93,177,58.03286361694336,0.0013703240547329187,-0.0008138298289850354,0.011224029585719109,-0.1562894880771637,0.3531912056406581,0.029685214026145643,0.11496049910783768,1.1219648122787476,-0.5925635099411011,1.4674841165542603
25,3,0,Neither,"{5, 31}",0.0022599271032959223,148,155,58.015647888183594,0.0006144499056972563,-0.0038022466469556093,0.018678167834877968,0.004099982790648937,0.3055356458253463,0.06901254773595199,0.14730951189994812,0.9271703958511353,-0.47919532656669617,2.190934181213379
25,3,0,Neither,"{32, 5}",0.002566494280472398,170,180,58.972225189208984,0.002058706944808364,0.0017002539243549109,0.02154943346977234,-0.04627571627497673,0.32745486973480237,0.04647493000763553,0.1332959681749344,0.997650146484375,-0.5362817049026489,1.850162386894226
25,3,0,Neither,"{35, 5}",0.0025215495843440294,160,184,58.188777923583984,0.0014171249931678176,-3.226028638891876e-05,0.023109860718250275,-0.17516249418258667,0.3677095661160469,0.026337262012692656,0.1029842346906662,1.1442118883132935,-0.6105660796165466,1.2490675449371338
25,3,0,Neither,"{36, 5}",0.002421666169539094,161,167,58.628395080566406,6.9465022534132e-06,-0.0025298381224274635,0.010768669657409191,-0.007024322636425495,0.324954578034104,0.05857912285201334,0.13214637339115143,0.9480337500572205,-0.5114628076553345,1.8242154121398926
25,3,0,Neither,"{5, 38}",0.0020952713675796986,116,117,59.01832962036133,0.0024743210524320602,0.0006473021931014955,0.031872279942035675,0.27584171295166016,0.26776457253346225,0.06555029880478087,0.18336927890777588,0.6766895055770874,-0.4525053799152374,3.3425066471099854
25,3,0,Neither,"{41, 5}",0.00274415360763669,192,165,58.0958251953125,0.0016869379905983806,4.2156178096774966e-05,0.01609933190047741,0.05085982009768486,0.3023852782824663,0.07640152141557797,0.14829905331134796,0.8766244053840637,-0.4652245044708252,2.2168490886688232
25,3,0,Neither,"{44, 5}",0.0037395614199340343,79,187,57.113529205322266,0.0015165199292823672,-0.002506321296095848,0.011738544330000877,-0.08536387234926224,0.37135999199906655,0.10350554333677454,0.07469522207975388,0.9730226993560791,-0.479988157749176,0.8105124831199646
25,3,0,Neither,"{45, 5}",0.003845039987936616,213,208,57.64436721801758,0.0019065599190071225,0.0008038771338760853,0.017409682273864746,0.10603848844766617,0.37636057540046336,0.13583418220470347,0.05925558879971504,0.7725309729576111,-0.448916494846344,0.6080172657966614
25,3,0,Neither,"{5, 46}",0.0021316667553037405,136,128,59.36549377441406,0.001032740343362093,0.0009111219551414251,0.02785423770546913,0.22464275360107422,0.2842664977580718,0.07575935264454087,0.16548492014408112,0.716616690158844,-0.45096030831336975,2.7129595279693604
25,3,0,Neither,"{5, 47}",0.002189550781622529,128,129,58.96259307861328,0.001617971109226346,-0.002169983461499214,0.013562951236963272,-0.052185796201229095,0.2940009667794576,0.023642136296632272,0.16971953213214874,1.0273098945617676,-0.5710618495941162,2.850294589996338
25,3,0,Neither,"{5, 54}",0.002177515532821417,154,150,58.04840850830078,0.0010702685685828328,0.00043257788638584316,0.011298783123493195,-0.11650828272104263,0.30228526661443833,0.01797628894403088,0.16381144523620605,1.0964375734329224,-0.5977319478988647,2.660473585128784
25,3,0,Neither,"{56, 5}",0.0032442633528262377,35,172,58.043975830078125,0.001508740708231926,-0.0018782364204525948,0.011825566180050373,-0.11184535920619965,0.3966296067874585,0.08396722000420256,0.05711645260453224,1.018486738204956,-0.5205413699150085,0.5816857218742371
25,3,0,Neither,"{57, 5}",0.0029593128710985184,76,181,58.775753021240234,-0.00013854698045179248,0.0003996791783720255,0.02134191431105137,0.0814257562160492,0.362775657160002,0.09828156588862341,0.0846196636557579,0.8282953500747681,-0.4804176092147827,0.9534412622451782
25,3,0,Neither,"{5, 62}",0.002344307955354452,157,183,56.41230010986328,0.0015712545718997717,-4.51503146905452e-05,0.014695685356855392,0.03958982229232788,0.34212324771223307,0.09247259439707674,0.10615656524896622,0.8715985417366028,-0.47322210669517517,1.3047740459442139
25,3,0,Neither,"{8, 6}",0.0018834196962416172,118,91,56.19526290893555,0.0006282105459831655,0.0015990098472684622,0.016730498522520065,-0.19232138991355896,0.16511926391412332,0.00171613163739148,0.07967199385166168,1.1902751922607422,-0.6843839287757874,2.091829299926758
25,3,0,Neither,"{18, 6}",0.005995211657136679,206,199,57.16344451904297,0.0010823322227224708,-0.00155854772310704,0.016085028648376465,-0.3242640495300293,0.4814061640524728,0.00214674007132717,0.19710633158683777,1.3214211463928223,-0.7714346051216125,1.8908405303955078
25,3,0,Neither,"{20, 6}",0.002632235176861286,62,109,57.18507766723633,0.0007317441049963236,0.002120321150869131,0.007892118766903877,0.216356560587883,0.26398079775973865,0.1147944686493654,0.032843779772520065,0.6936855316162109,-0.4154185652732849,0.5054388046264648
25,3,0,Neither,"{21, 6}",0.0030878426041454077,126,119,55.93203353881836,0.0003843283629976213,0.0007296308176591992,0.008914755657315254,-0.18207453191280365,0.24376177220675746,0.002324945295404814,0.010768451727926731,1.1793262958526611,-0.7031903862953186,0.19738151133060455
25,3,0,Neither,"{6, 31}",0.00220269663259387,137,99,55.88341522216797,0.0006621706415899098,0.004276045598089695,0.014397580176591873,-0.22638580203056335,0.20692414114980082,0.0016916384726921219,0.0431174635887146,1.2243112325668335,-0.7019566893577576,0.920831561088562
25,3,0,Neither,"{32, 6}",0.0024530289229005575,155,131,56.913570404052734,0.0008866983698680997,-0.0037426985800266266,0.01398259773850441,-0.11929124593734741,0.2206590768923041,0.012086417887898474,0.029103925451636314,1.1057630777359009,-0.6114979982376099,0.5800598859786987
25,3,0,Neither,"{35, 6}",0.002408405765891075,131,122,56.1014518737793,0.0001626948796911165,0.0032681089360266924,0.006177843548357487,-0.14647014439105988,0.25746337072658476,0.0022659588242910787,0.0012078129220753908,1.1438722610473633,-0.7089024186134338,0.02103503607213497
25,3,0,Neither,"{36, 6}",0.0023287837393581867,143,125,56.503334045410156,0.0005720049957744777,-0.0022947152610868216,0.044854309409856796,0.0723642110824585,0.2134082309602787,0.05264391158322268,0.02795431949198246,0.8788014054298401,-0.4882507920265198,0.5541129112243652
25,3,0,Neither,"{38, 6}",0.0019936382304877043,100,83,56.972312927246094,0.0009614387527108192,0.006307255942374468,0.02105872333049774,-0.052709415555000305,0.1621355824846232,0.023645522771666497,0.07917722314596176,1.0278176069259644,-0.5371783971786499,2.072404146194458
25,3,0,Neither,"{41, 6}",0.002683683531358838,197,200,56.00828552246094,0.0003380553680472076,0.0011856933124363422,0.013606948778033257,-0.05777692794799805,0.201890220525728,0.021053500660501982,0.044106997549533844,1.0355069637298584,-0.5647584795951843,0.9467465281486511
25,3,0,Neither,"{44, 6}",0.0037218250799924135,106,126,54.958221435546875,0.0012247427366673946,0.0030893234070390463,0.061857014894485474,0.27104246616363525,0.2383278049105729,0.21870191635193734,0.029496828094124794,0.569533109664917,-0.3039051592350006,0.4595900774002075
25,3,0,Neither,"{45, 6}",0.003800660604611039,216,225,55.53105163574219,0.0008730691624805331,-0.0020662741735577583,0.016537219285964966,-0.02864568680524826,0.28875035420799094,0.06713617733648906,0.04493645951151848,0.9595863223075867,-0.4926833212375641,0.662085235118866
25,3,0,Neither,"{46, 6}",0.0020765080116689205,124,68,57.30439758300781,0.00038747984217479825,0.0036426899023354053,0.007805809378623962,-0.16753199696540833,0.18478822529295083,0.009020386072523904,0.061292864382267,1.1570004224777222,-0.6140209436416626,1.442857027053833
25,3,0,Neither,"{6, 47}",0.0020809120032936335,113,80,56.900211334228516,0.0005388142308220267,0.0010971281444653869,0.00805469136685133,-0.2727384865283966,0.181387828580001,0.0011946333394596581,0.06552748382091522,1.2712180614471436,-0.7044991254806519,1.5801920890808105
25,3,0,Neither,"{54, 6}",0.0021027843467891216,158,190,55.949119567871094,2.79975138255395e-05,-0.0015626890817657113,0.009970941580832005,-0.09890440851449966,0.18605503975463805,0.012452965418383801,0.05961938947439194,1.0852197408676147,-0.5946171879768372,1.3903709650039673
25,3,0,Neither,"{56, 6}",0.00312109780497849,64,194,55.949161529541016,0.0003313231572974473,-2.0092367776669562e-05,0.009960593655705452,-0.1352018415927887,0.3001850215858517,0.03464934199566883,0.04707559943199158,1.0958678722381592,-0.5635059475898743,0.6884168386459351
25,3,0,Neither,"{57, 6}",0.0028414472471922636,42,88,56.65381622314453,0.0005000483361072838,-0.0023895096965134144,0.05638530105352402,0.3206601142883301,0.23671094961078792,0.17900147876910077,0.019572388380765915,0.5577370524406433,-0.3375993072986603,0.3166612684726715
25,3,0,Neither,"{62, 6}",0.002292296150699258,142,154,54.24253463745117,0.000764357449952513,-0.0009894530521705747,0.015057175420224667,0.05470547452569008,0.2405613988298635,0.057580376940133036,0.0019645148422569036,0.8908641338348389,-0.49034571647644043,0.034671466797590256
25,3,0,Neither,"{8, 11}",0.0018118064617738128,114,58,58.40910720825195,0.0013588350266218185,-0.0005978128174319863,0.01531807892024517,0.03287219628691673,0.17248679012551466,0.011306532663316583,0.08755915611982346,0.9561929702758789,-0.5920180082321167,2.2254745960235596
25,3,0,Neither,"{8, 18}",0.0050258757546544075,219,216,58.4283447265625,0.0010586614953354,0.0019021867774426937,0.03287574648857117,-0.09816425293684006,0.3836947643891787,0.019505625787393024,0.27677831053733826,1.0767438411712646,-0.5961540937423706,3.9826698303222656
25,3,0,Neither,"{8, 21}",0.0018360352842137218,101,30,57.208248138427734,0.0009409580379724503,-0.0009210550924763083,0.014522841200232506,-0.27947893738746643,0.15273448568999717,0.0021826912583215105,0.06890354305505753,1.276686191558838,-0.6722193360328674,1.8944478034973145
25,3,0,Neither,"{8, 31}",0.0009628176921978593,33,45,57.18841552734375,0.00023183261509984732,-0.0020517143420875072,0.025341570377349854,0.17331501841545105,0.11309652792825829,0.025792188651436992,0.03655453026294708,0.8053629398345947,-0.5242365002632141,1.1709977388381958
25,3,0,Neither,"{8, 36}",0.0010945560643449426,40,40,57.795433044433594,0.00013606074207928032,0.004211936146020889,0.0186871699988842,0.20146703720092773,0.12848165619322255,0.03814218993253762,0.05171767249703407,0.768075168132782,-0.4918450117111206,1.5377163887023926
25,3,0,Neither,"{8, 44}",0.002451630076393485,171,133,56.2919807434082,0.000501731876283884,0.006961698643863201,0.019960710778832436,-0.15847979485988617,0.19877319020552398,0.0020964360587002098,0.10916882008314133,1.1560511589050293,-0.683695912361145,2.551419258117676
25,3,0,Neither,"{8, 45}",0.002542161149904132,156,111,56.81856155395508,0.0013259085826575756,0.0015381842385977507,0.015452309511601925,-0.1670503467321396,0.21557515043421732,0.006031083275342148,0.12460844963788986,1.1600117683410645,-0.63795006275177,2.7539145946502686
25,3,0,Neither,"{8, 56}",0.0018970867386087775,117,76,57.23094177246094,0.0006855956744402647,-0.0001406944211339578,0.012674148194491863,0.2813843786716461,0.2075408797693064,0.05678258774395631,0.12674759328365326,0.677810788154602,-0.4599320590496063,2.7802460193634033
25,3,0,Neither,"{8, 57}",0.0016763833118602633,104,39,57.93513488769531,0.00031481756013818085,0.0006176558090373874,0.019727740436792374,-0.1584232896566391,0.18713849949160735,0.003651910572726463,0.0992443859577179,1.1541928052902222,-0.6570597887039185,2.4084906578063965
25,3,0,Neither,"{8, 62}",0.0010337041458114982,38,74,55.55810546875,0.0013154292246326804,-0.0006628481787629426,0.017433034256100655,-0.14723609387874603,0.16186888470321537,0.00792915250746576,0.07770747691392899,1.1381394863128662,-0.6115381121635437,2.0571577548980713
10,3,1,Geometry_only,"{49, 2}",0.002454630797728896,5,33,54.97309494018555,0.0007009746041148901,-0.0012442483566701412,0.0148936677724123,-0.12995725870132446,0.20794092644141818,0.027414829659318636,0.005427882075309753,1.0989797115325928,-0.5478102564811707,0.11191865056753159
10,3,1,Geometry_only,"{59, 51}",0.0011957462411373854,7,23,55.19061279296875,0.0018674571765586734,0.0013673176290467381,0.012885685078799725,0.10819066315889359,0.1810711249645792,0.06793703396851698,0.07801306992769241,0.8312224745750427,-0.4422434866428375,1.8073056936264038
10,3,1,Geometry_only,"{42, 59}",0.0009045566548593342,6,41,56.62068557739258,0.0014424932887777686,-0.002013210207223892,0.00561579829081893,-0.21312455832958221,0.11407997599719967,0.0021917007597895967,0.009007664397358894,1.2104657888412476,-0.6653673052787781,0.28806260228157043
10,3,1,Geometry_only,"{28, 55}",0.002786314347758889,8,68,57.81886672973633,0.0010240585543215275,-0.0009261476807296276,0.022608883678913116,-0.3252357244491577,0.3432567132832164,0.00033992133249162335,0.04202606528997421,1.3247852325439453,-0.79190593957901,0.5514140129089355
10,3,1,Geometry_only,"{28, 23}",0.002574823098257184,1,137,56.354530334472656,0.0004128794535063207,0.0007648606551811099,0.01712704822421074,-0.06863732635974884,0.27054823062690647,0.016080340089951326,0.017753394320607185,1.0514532327651978,-0.6122252941131592,0.2914208173751831
10,3,1,Geometry_only,"{2, 34}",0.0023754704743623734,4,35,57.2360954284668,0.0001671907230047509,0.0005513819050975144,0.013308549299836159,-0.16701754927635193,0.26446418748854034,0.03731249212151771,0.04755581170320511,1.1234731674194336,-0.5412874817848206,0.7885045409202576
10,3,1,Geometry_only,"{49, 34}",0.0023498975206166506,0,17,57.64533615112305,0.0002547221665736288,-0.0007044832454994321,0.017177961766719818,0.38258257508277893,0.22439284583201374,0.1948447481800624,0.05298369377851486,0.49711689352989197,-0.31525179743766785,0.9004231691360474
10,3,1,CARE_only,"{17, 4}",0.0017047572182491422,38,9,59.96947479248047,0.0007986596901901066,-0.00013488261902239174,0.040924325585365295,0.34317830204963684,0.21499174903738769,0.07714374321600248,0.11290867626667023,0.6061519980430603,-0.4316606819629669,2.3123505115509033
10,3,1,CARE_only,"{19, 4}",0.0011787465773522854,30,3,60.550228118896484,0.001396769774146378,-0.0006591194542124867,0.022814026102423668,0.23747816681861877,0.14111646358741853,0.07866761162296244,0.043626781553030014,0.7025360465049744,-0.42035287618637085,1.181058406829834
10,3,1,CARE_only,"{34, 4}",0.0016250459011644125,48,7,59.8313102722168,0.0009563065250404179,0.003949482459574938,0.022256696596741676,-0.22398218512535095,0.21382494624372844,0.007951356407857811,0.0988951325416565,1.214249849319458,-0.6267426013946533,2.130277395248413
10,3,1,CARE_only,"{42, 19}",0.0012125229695811868,37,2,60.10527801513672,0.0019726851023733616,0.004040132276713848,0.02114953100681305,0.079697385430336,0.1585018252129415,0.03102324113997266,0.0338478647172451,0.8917518258094788,-0.5195873975753784,0.8669258952140808
10,3,1,CARE_only,"{49, 19}",0.002007697708904743,18,4,58.3940315246582,0.0006409486522898078,0.00035950634628534317,0.014616047963500023,0.09126526862382889,0.1900888436984315,0.07742897229042442,0.0022846581414341927,0.8383723497390747,-0.4377957880496979,0.04879581555724144
10,3,1,CARE_only,"{42, 51}",0.001249933848157525,19,5,57.650569915771484,0.0013483038637787104,0.00155441218521446,0.01229177787899971,-0.12254593521356583,0.20229026719783974,0.006921555702043507,0.06900540739297867,1.1147761344909668,-0.634448230266571,1.5192430019378662
10,3,1,CARE_only,"{2, 19}",0.0020404011011123657,15,8,57.961212158203125,0.0015730509767308831,-0.0005334776360541582,0.010231110267341137,0.08375610411167145,0.1949227409864484,0.08260646485377117,0.007712540216743946,0.8405562043190002,-0.43153223395347595,0.16071446239948273
10,3,1,Both,"{42, 4}",0.0009109663078561425,2,1,59.45613479614258,0.0009899555006995797,0.001061717513948679,0.01894768513739109,0.029409676790237427,0.11242978347473873,0.009043736100815419,0.009778918698430061,0.9618125557899475,-0.5965954065322876,0.3141325116157532
10,3,1,Both,"{25, 4}",0.001078678877092898,9,0,58.99033737182617,0.0005268834065645933,0.003384424839168787,0.01678372547030449,-0.28621265292167664,0.15495141099794976,0.0020438898450946645,0.04628979042172432,1.2835837602615356,-0.677753210067749,1.2378363609313965
10,3,1,Both,"{25, 42}",0.0011015471536666155,3,6,58.54464340209961,0.0007528844871558249,0.002120013115927577,0.010572339408099651,0.09196724742650986,0.16080209357758404,0.035244117342178916,0.03651087358593941,0.8760299682617188,-0.5087798237800598,0.9237037897109985
10,3,1,Neither,"{1, 2}",0.001971630845218897,101,89,55.540218353271484,0.0004169110907241702,0.0015744585543870926,0.0010851934785023332,-0.12455423176288605,0.21447502208591002,0.0005440273568042279,0.004598420113325119,1.123942494392395,-0.7424119114875793,0.09445562213659286
10,3,1,Neither,"{1, 4}",0.001224881736561656,39,21,58.22216033935547,0.000829613592941314,0.0009425084572285414,0.008845977485179901,0.01399171631783247,0.1534345673661927,0.015317762085822922,0.046740904450416565,0.9709048271179199,-0.5713936686515808,1.2473173141479492
10,3,1,Neither,"{1, 12}",0.0026546374429017305,85,83,57.26573944091797,0.0003188330156262964,0.0018984783673658967,0.011415407992899418,-0.21319027245044708,0.3275715500141683,0.00045796865458986365,0.10336259007453918,1.2126346826553345,-0.7767086625099182,1.4713717699050903
10,3,1,Neither,"{1, 15}",0.0030398068483918905,122,161,56.98987579345703,0.0011436950881034136,-2.7718946512322873e-05,0.009225627407431602,-0.10918879508972168,0.3755771506675779,0.013536303923309071,0.14957961440086365,1.0941745042800903,-0.6531788110733032,1.861811876296997
10,3,1,Neither,"{1, 17}",0.001985621638596058,49,47,58.326656341552734,-9.64171122177504e-05,-0.001800882164388895,0.01592402532696724,-0.24725043773651123,0.2850999283249712,5.8465855940130964e-05,0.06616777181625366,1.2471774816513062,-0.8101354241371155,1.0650333166122437
10,3,1,Neither,"{1, 19}",0.0015216362662613392,79,60,58.93073654174805,0.0003018108254764229,0.0011483053676784039,0.005548208951950073,-0.22646306455135345,0.20435717500375045,0.006851549755301794,0.0031141198705881834,1.2180598974227905,-0.6396467089653015,0.06625884026288986
10,3,1,Neither,"{1, 23}",0.0019882312044501305,11,49,55.61622619628906,-0.0002876737271435559,0.0009259377839043736,0.002854867372661829,-0.16874387860298157,0.23146033703932126,0.0020884343943540257,0.019747013226151466,1.166303038597107,-0.7030657529830933,0.3798147141933441
10,3,1,Neither,"{1, 25}",0.0013713677180930972,32,28,57.3248291015625,-0.0005970174679532647,0.0016690458869561553,0.009163729846477509,-0.35229256749153137,0.20879102561965562,7.983394539358135e-05,0.00045111082727089524,1.3521846532821655,-0.7858890295028687,0.009480942972004414
10,3,1,Neither,"{1, 28}",0.00209994800388813,22,31,57.269596099853516,6.0669888625852764e-05,-0.00013298788690008223,0.011990942060947418,-0.146489217877388,0.25211274648709014,0.0006611570247933885,0.03750040754675865,1.1457312107086182,-0.7476736307144165,0.6712355017662048
10,3,1,Neither,"{1, 34}",0.001872653723694384,86,70,58.18706512451172,-2.2075866581872106e-05,0.0007210366893559694,0.007770273368805647,-0.3253125548362732,0.2690647242178254,0.0,0.05215423181653023,1.325312614440918,-0.9070873260498047,0.8829601407051086
10,3,1,Neither,"{1, 37}",0.00327203213237226,175,173,56.57090377807617,0.00056987046264112,0.0005084906588308513,0.008628470823168755,-0.07268811017274857,0.26759788642008236,0.004920891989535318,0.0520232655107975,1.0674095153808594,-0.6773664951324463,0.8811694979667664
10,3,1,Neither,"{1, 42}",0.0012384317815303802,34,25,57.774078369140625,0.0009456999250687659,0.0003865156904794276,0.005893940106034279,-0.2868490517139435,0.16678612504792226,0.0011992804317409553,0.036961983889341354,1.2853057384490967,-0.7018892168998718,0.9331847429275513
10,3,1,Neither,"{48, 1}",0.0030135030392557383,146,154,55.40144348144531,0.000331259478116408,0.0027467014733701944,0.0025097792968153954,-0.1277375966310501,0.23064357508375977,0.0008672400086724001,0.018786583095788956,1.1267595291137695,-0.7333542704582214,0.36280521750450134
10,3,1,Neither,"{1, 49}",0.0019603248219937086,87,73,55.97449493408203,3.106503572780639e-05,0.0009999104076996446,0.0017016876954585314,-0.18705609440803528,0.20834097311352992,0.00016001280102408193,0.0008294618455693126,1.1868661642074585,-0.7713240385055542,0.017463022843003273
10,3,1,Neither,"{1, 51}",0.001506298896856606,17,51,56.389007568359375,0.000781266251578927,0.0010015057632699609,0.016289256513118744,-0.2440672069787979,0.24599536612604803,0.0001355197181189863,0.032043419778347015,1.243898630142212,-0.784976065158844,0.5860582590103149
10,3,1,Neither,"{1, 55}",0.0021523223258554935,25,54,57.08460235595703,0.0008809695136733353,0.001112362020649016,0.009421149268746376,-0.24825747311115265,0.3002850332538796,0.0004440743824590619,0.07952647656202316,1.247703194618225,-0.7710288763046265,1.2226495742797852
10,3,1,Neither,"{1, 58}",0.0029226315673440695,179,160,58.37649154663086,0.0013173660263419151,-0.000703892728779465,0.011103061959147453,0.0006205316167324781,0.31350324204490526,0.0597618034878775,0.10730616748332977,0.9396547675132751,-0.508755624294281,1.5090116262435913
10,3,1,Neither,"{1, 59}",0.0011759096523746848,20,104,55.3350944519043,0.0008530133636668324,0.0008761102799326181,0.006119883619248867,0.12446951866149902,0.1438334472355108,0.08923397844477923,0.0459696501493454,0.7974033951759338,-0.4053700864315033,1.2212473154067993
10,3,1,Neither,"{1, 61}",0.0045524584129452705,206,206,56.405147552490234,0.0008436090429313481,-0.00032725906930863857,0.009594584815204144,0.11133533716201782,0.2716483589752138,0.049886482174633366,0.06624053418636322,0.8443323373794556,-0.5144132375717163,1.065931797027588
10,3,1,Neither,"{1, 63}",0.002209868049249053,104,75,57.04305648803711,0.00024209977709688246,0.0018809365574270487,0.0166197307407856,-0.25640249252319336,0.2957845081926225,0.0,0.07548102736473083,1.2564024925231934,-0.9106795787811279,1.1764311790466309
10,3,1,Neither,"{2, 4}",0.0016684442525729537,56,24,57.288822174072266,0.0004570526070892811,8.669914677739143e-05,0.009083658456802368,0.22865578532218933,0.15103428733352225,0.06632821984328441,0.051339324563741684,0.7201822996139526,-0.4409315586090088,1.3417729139328003
10,3,1,Neither,"{2, 12}",0.0031508118845522404,171,157,56.29458236694336,0.0006963933701626956,-0.0006776892114430666,0.004938080906867981,-0.2989276647567749,0.33150534228993384,0.004475060337892196,0.09876416623592377,1.2931149005889893,-0.7013538479804993,1.3769161701202393
10,3,1,Neither,"{2, 15}",0.003470011753961444,180,169,56.023582458496094,0.001205942127853632,0.00018086234922520816,0.013144934549927711,0.29147738218307495,0.3254212991515677,0.18593453874916765,0.14498120546340942,0.5767837762832642,-0.35438215732574463,1.7673561573028564
10,3,1,Neither,"{17, 2}",0.00243648374453187,109,77,57.364315032958984,0.0005746760871261358,0.0005591403460130095,0.017166348174214363,0.30880483984947205,0.24317837080992782,0.1941188566728357,0.06156935170292854,0.5570211410522461,-0.32267263531684875,0.9705776572227478
10,3,1,Neither,"{2, 23}",0.00235079531557858,127,103,54.578857421875,0.0014393425080925226,-0.0008406612323597074,0.0106294434517622,0.32093676924705505,0.1946560432050406,0.21861620140435006,0.015148593112826347,0.5306090116500854,-0.2885051965713501,0.28535908460617065
10,3,1,Neither,"{25, 2}",0.0018667946569621563,77,158,56.33258819580078,0.0005286230007186532,-0.0005886713042855263,0.0063221813179552555,-0.15838059782981873,0.2102745320287367,0.01807372175980975,0.005049530882388353,1.1374443769454956,-0.5810234546661377,0.103936567902565
10,3,1,Neither,"{2, 28}",0.0025261281989514828,150,115,56.30297088623047,0.00026860408252105117,0.001742314314469695,0.0191664919257164,0.20625852048397064,0.2277599053222876,0.13078161592505855,0.03290198743343353,0.6899346709251404,-0.3812069594860077,0.5767799019813538
10,3,1,Neither,"{2, 37}",0.0038538624066859484,164,188,55.59402084350586,0.0007476474274881184,0.0031416374258697033,0.011912479996681213,-0.11519941687583923,0.26773123531078624,0.024094135225999253,0.04742484539747238,1.0883296728134155,-0.5798527002334595,0.7867138981819153
10,3,1,Neither,"{2, 42}",0.0017415941692888737,66,48,56.83522415161133,0.000492869527079165,0.00036569623625837266,0.007938729599118233,-0.03638853132724762,0.16795292784158153,0.025605398967844382,0.04156040400266647,1.009851336479187,-0.5378636717796326,1.0276403427124023
10,3,1,Neither,"{48, 2}",0.0036287002731114626,167,197,54.38046646118164,0.0013511896831914783,0.00046567831304855645,0.0077390773221850395,-0.10059066861867905,0.23116030203523744,0.021416209979809635,0.014188162982463837,1.0770201683044434,-0.5760936141014099,0.2683495879173279
10,3,1,Neither,"{2, 51}",0.0020493443589657545,89,139,55.400360107421875,0.0012590354308485985,-0.00039286899846047163,0.00995715707540512,-0.043611712753772736,0.23957795076092211,0.048911152856049536,0.027445001527667046,0.9925674796104431,-0.5061861276626587,0.49160265922546387
10,3,1,Neither,"{2, 55}",0.0026867918204516172,159,146,56.13722229003906,0.00031874916749075055,-0.0013773891841992736,0.005976969376206398,-0.30575671792030334,0.3053356224892904,0.0011464133639043563,0.07492805272340775,1.3042597770690918,-0.7458782196044922,1.128193974494934
10,3,1,Neither,"{2, 58}",0.0033970552030950785,107,85,57.45860290527344,0.000494921114295721,0.0025304548908025026,0.008997728116810322,0.016187619417905807,0.3103362058906872,0.08754968310237404,0.10270775109529495,0.8976799249649048,-0.4638959467411041,1.4145560264587402
10,3,1,Neither,"{2, 59}",0.0016768688801676035,72,172,54.3388786315918,0.0009388052858412266,-0.00022398916189558804,0.006071422714740038,-0.11746494472026825,0.16043538412814828,0.00935064935064935,0.05056807026267052,1.1070159673690796,-0.6048821210861206,1.31570303440094
10,3,1,Neither,"{2, 61}",0.005252599250525236,196,191,55.41151428222656,0.0015229342970997095,0.00010920022032223642,0.01597842015326023,-0.04003903269767761,0.2804660543730102,0.035659099013431596,0.0616421140730381,1.002952218055725,-0.5509735941886902,0.9714761972427368
10,3,1,Neither,"{2, 63}",0.002722272416576743,95,95,56.07191467285156,0.0004767930950038135,0.0026046298444271088,0.007588091306388378,-0.28543126583099365,0.29941826546430417,0.005455658854311641,0.07088261097669601,1.2784184217453003,-0.6827438473701477,1.0819754600524902
10,3,1,Neither,"{4, 12}",0.0024133878760039806,106,87,58.984249114990234,-0.0003301407559774816,-0.0009465215262025595,0.006942628417164087,-0.47503331303596497,0.27418198789858816,0.0,0.15010349452495575,1.4750332832336426,-0.9041556119918823,2.71868896484375
10,3,1,Neither,"{4, 15}",0.0028447885997593403,126,133,58.69939041137695,0.0010079824132844806,-0.0005301487981341779,0.01630045473575592,0.20714733004570007,0.3146367076158885,0.03968001695274422,0.1963205188512802,0.7613922357559204,-0.5271382927894592,3.1091291904449463
10,3,1,Neither,"{4, 23}",0.001707590650767088,60,19,57.337127685546875,0.0006875285762362182,-7.865586667321622e-05,0.009215251542627811,0.09495474398136139,0.170336539262914,0.04736275565123789,0.06648791581392288,0.8621798157691956,-0.47968339920043945,1.6271319389343262
10,3,1,Neither,"{4, 28}",0.0018378811655566096,71,13,58.9755859375,-0.00016135962505359203,0.001985058654099703,0.02618429623544216,0.3562451899051666,0.1837714400013335,0.08145124716553288,0.08424130827188492,0.5913201570510864,-0.4202597737312317,1.9185527563095093
10,3,1,Neither,"{4, 37}",0.00305771897546947,153,112,58.27070236206055,0.001226405380293727,0.0008967971662059426,0.007116545457392931,-0.2302836775779724,0.21519177237344356,0.0008520526723470179,0.09876416623592377,1.2292354106903076,-0.723300039768219,2.1284868717193604
10,3,1,Neither,"{48, 4}",0.0028348176274448633,133,94,57.13936996459961,0.0009250976727344096,-0.0038275886327028275,0.0033039588015526533,-0.22168739140033722,0.17705398963212374,0.0014121634343814723,0.06552748382091522,1.2199621200561523,-0.697138249874115,1.6101224422454834
10,3,1,Neither,"{49, 4}",0.0016738491831347346,54,32,57.69214630126953,0.0007358085131272674,-0.0019017013255506754,0.005982045084238052,-0.2539133131504059,0.15436800960112013,0.0030234315948601664,0.04591144248843193,1.2501221895217896,-0.6612346172332764,1.2298542261123657
10,3,1,Neither,"{51, 4}",0.0012442428851500154,27,12,58.11575698852539,0.0006842472357675433,0.000869112613145262,0.009960685856640339,-0.26893356442451477,0.19215575150434216,0.0017349063150589867,0.07878432422876358,1.266732096672058,-0.693049967288971,1.8333755731582642
10,3,1,Neither,"{4, 55}",0.0019215684151276946,82,57,58.801517486572266,0.0004196446679998189,0.001373945502564311,0.015330487862229347,-0.41974207758903503,0.24687880252696148,0.0,0.12626737356185913,1.4197421073913574,-0.9008124470710754,2.4699668884277344
10,3,1,Neither,"{58, 4}",0.0026878388598561287,110,81,60.03424072265625,0.0015788872260600328,-0.0006427548360079527,0.016306007280945778,0.12038559466600418,0.26368076275565483,0.0569568240723181,0.15404707193374634,0.8295143842697144,-0.47725918889045715,2.756328821182251
10,3,1,Neither,"{59, 4}",0.0008885535644367337,16,30,57.11199188232422,0.0001065129617927596,-9.116856381297112e-05,0.004774080123752356,-0.14180238544940948,0.10264530861933892,0.0047093212081844756,0.0007712540100328624,1.136425256729126,-0.6292135715484619,0.026069913059473038
10,3,1,Neither,"{4, 61}",0.004561897832900286,198,194,58.133033752441406,0.000684962491504848,-0.002780243521556258,0.013722050003707409,-0.037015896290540695,0.2283599753304552,0.014452554744525548,0.11298143863677979,1.0220283269882202,-0.5922961831092834,2.313249111175537
10,3,1,Neither,"{4, 63}",0.0019751540385186672,52,40,58.755393981933594,1.5222809452097863e-05,0.0006977016455493867,0.012628365308046341,-0.38913461565971375,0.24222825996366243,6.881365262868153e-05,0.1222219318151474,1.3890390396118164,-0.7911693453788757,2.42374849319458
10,3,1,Neither,"{12, 15}",0.004189697094261646,23,102,57.76409149169922,6.39556092210114e-05,0.0025112126022577286,0.02429024875164032,-0.44488105177879333,0.4962745653659594,0.00560910892419306,0.04621703177690506,1.4367765188217163,-0.7545466423034668,0.3904400169849396
10,3,1,Neither,"{17, 12}",0.0031578645575791597,88,119,59.04867172241211,7.175344217102975e-05,0.00045507430331781507,0.02283419296145439,-0.3892899751663208,0.4034137316020202,0.00024791339558714154,0.037194814532995224,1.3889455795288086,-0.8152773976325989,0.40633851289749146
10,3,1,Neither,"{19, 12}",0.002782431896775961,138,127,59.648651123046875,0.0003495068522170186,0.0008730276022106409,0.013960291631519794,-0.052489496767520905,0.3074358675178771,0.05438082845369768,0.10647670924663544,0.9952542185783386,-0.5159427523612976,1.5376306772232056
10,3,1,Neither,"{12, 23}",0.0031198286451399326,97,193,56.347530364990234,0.000807002536021173,1.7096346709877253e-05,0.005926147568970919,-0.2164316475391388,0.3476072208424316,0.007864198714874844,0.08361557871103287,1.2068654298782349,-0.6815634369850159,1.0915571451187134
10,3,1,Neither,"{25, 12}",0.0025357722770422697,92,66,58.045047760009766,8.76801204867661e-05,0.0016268847975879908,0.02606750838458538,0.5219947695732117,0.26651442668311304,0.22771905685158547,0.10381370037794113,0.36915433406829834,-0.29760318994522095,1.480852723121643
10,3,1,Neither,"{12, 28}",0.003269907319918275,102,122,57.97736358642578,0.0011762434151023626,-0.0033736403565853834,0.013239926658570766,-0.3883326053619385,0.370659910322871,4.497009488690021e-05,0.06586217880249023,1.3882701396942139,-0.8357080817222595,0.8001362681388855
10,3,1,Neither,"{34, 12}",0.003076652530580759,166,140,58.95344543457031,-0.0013109332649037242,-0.0020743468776345253,0.025577150285243988,0.28910988569259644,0.3373560248695681,0.1485251247591284,0.05120835453271866,0.6053050756454468,-0.4148073196411133,0.5884116888046265
10,3,1,Neither,"{12, 37}",0.0044425418600440025,78,84,57.329471588134766,0.00023505974968429655,-0.0030034552328288555,0.01965622790157795,0.056286219507455826,0.3520910772923508,0.10003313923211665,0.051339324563741684,0.849311113357544,-0.47631052136421204,0.5902023315429688
10,3,1,Neither,"{42, 12}",0.0024911793880164623,94,72,58.512168884277344,0.0007771700038574636,-0.0011106545571237803,0.011384732089936733,-0.12252067029476166,0.2804660543730102,0.017532390348270532,0.14032457768917084,1.1028401851654053,-0.5952063202857971,2.4045565128326416
10,3,1,Neither,"{48, 12}",0.0041607036255300045,44,79,56.16077423095703,0.000518404005561024,0.0034802877344191074,0.005829584784805775,0.3213070034980774,0.282299601620189,0.23712801133679737,0.08457600325345993,0.5177558660507202,-0.30342739820480347,1.1085666418075562
10,3,1,Neither,"{49, 12}",0.0030575443524867296,172,141,56.718875885009766,0.0004892743309028447,-0.002949373098090291,0.013631784357130527,0.4037592113018036,0.2756321570849932,0.18553459119496854,0.10419204831123352,0.4856174886226654,-0.3374710977077484,1.4888348579406738
10,3,1,Neither,"{51, 12}",0.0026830898132175207,98,80,57.13991928100586,0.0007790514500811696,0.0006569927791133523,0.023133641108870506,0.30864521861076355,0.30893604253829615,0.1796158411567929,0.07131917029619217,0.5671765208244324,-0.3674354553222656,0.8853135108947754
10,3,1,Neither,"{12, 55}",0.0031171462032943964,96,64,57.84339904785156,0.00030380539828911424,0.0009932121029123664,0.02917158044874668,0.8345107436180115,0.26694781057790073,0.5689041523571652,0.02383611351251602,0.07134173065423965,-0.12165643274784088,0.24872225522994995
10,3,1,Neither,"{58, 12}",0.004149941727519035,190,184,59.116058349609375,0.0008322539506480098,-0.002167120575904846,0.013536869548261166,-0.12828420102596283,0.4149817478705849,0.08591741645244216,0.003943581599742174,1.0313448905944824,-0.530190646648407,0.03763983026146889
10,3,1,Neither,"{59, 12}",0.002389865228906274,93,91,56.08698654174805,0.0013397588627412915,-0.003796052187681198,0.005578000098466873,0.04863376542925835,0.2692480789425433,0.021605893642047916,0.14933224022388458,0.9308111071586609,-0.5720899701118469,2.6926190853118896
10,3,1,Neither,"{12, 61}",0.005930076353251934,185,182,57.17204284667969,0.00029040881781838834,0.0016262808348983526,0.012528904713690281,-0.23436960577964783,0.39344590202190255,0.025800711743772242,0.037122055888175964,1.2025220394134521,-0.629407525062561,0.40543997287750244
10,3,1,Neither,"{12, 63}",0.003264364320784807,121,99,57.800350189208984,-0.00025974601157940924,-0.0017006747657433152,0.03960293158888817,0.7516756653785706,0.28039937992765823,0.47711330400665797,0.02788155898451805,0.1298454850912094,-0.1702246069908142,0.29494068026542664
10,3,1,Neither,"{17, 15}",0.003512914525344968,116,117,58.808650970458984,-9.753520134836435e-05,0.0017466956051066518,0.033971212804317474,0.4514797627925873,0.3480406047372193,0.3114942528735632,0.08341185003519058,0.3776593506336212,-0.294671893119812,0.7967785596847534
10,3,1,Neither,"{19, 15}",0.00316752796061337,162,135,59.37489700317383,0.0014163311570882797,-0.0011231640819460154,0.028590256348252296,0.23546257615089417,0.3306219058890204,0.1405596168389211,0.1526937335729599,0.6570743322372437,-0.39843007922172546,1.9280706644058228
10,3,1,Neither,"{23, 15}",0.0033861640840768814,142,148,56.09798812866211,0.0005622786702588201,-0.0013098969357088208,0.017382897436618805,0.3665943145751953,0.31913723267714567,0.2636582053692677,0.12983261048793793,0.466403067111969,-0.2949282228946686,1.4819971323013306
10,3,1,Neither,"{25, 15}",0.0029763560742139816,118,159,57.7901611328125,0.0002798361238092184,0.0007109824800863862,0.009440876543521881,-0.3612629771232605,0.3766939476272232,0.009159697331740343,0.1500307321548462,1.3487942218780518,-0.6765252947807312,1.8712927103042603
25,3,1,Geometry_only,"{49, 2}",0.002454630797728896,5,33,54.97309494018555,0.0007009746041148901,-0.0012442483566701412,0.0148936677724123,-0.12995725870132446,0.20794092644141818,0.027414829659318636,0.005427882075309753,1.0989797115325928,-0.5478102564811707,0.11191865056753159
25,3,1,Geometry_only,"{1, 23}",0.0019882312044501305,11,49,55.61622619628906,-0.0002876737271435559,0.0009259377839043736,0.002854867372661829,-0.16874387860298157,0.23146033703932126,0.0020884343943540257,0.019747013226151466,1.166303038597107,-0.7030657529830933,0.3798147141933441
25,3,1,Geometry_only,"{48, 37}",0.004931580275297165,21,130,55.43617630004883,0.0013597668148577213,0.0017381557263433933,0.01763993874192238,-0.07321532070636749,0.2725317953761272,0.06568807339449541,0.033236682415008545,1.0027178525924683,-0.48858413100242615,0.5183643102645874
25,3,1,Geometry_only,"{1, 28}",0.00209994800388813,22,31,57.269596099853516,6.0669888625852764e-05,-0.00013298788690008223,0.011990942060947418,-0.146489217877388,0.25211274648709014,0.0006611570247933885,0.03750040754675865,1.1457312107086182,-0.7476736307144165,0.6712355017662048
25,3,1,Geometry_only,"{34, 19}",0.0019471936393529177,14,34,60.50019073486328,0.001144794630818069,0.003204893786460161,0.02150207944214344,0.17625607550144196,0.24086143383394729,0.10228373702422146,0.05526835098862648,0.7394883036613464,-0.41845929622650146,0.9492189884185791
25,3,1,Geometry_only,"{25, 59}",0.0010734094539657235,10,129,56.11524963378906,0.0015127435326576233,-0.00011553006333997473,0.00689132884144783,-0.058209024369716644,0.1553514576700615,0.005150214592274678,0.04551853984594345,1.052759051322937,-0.6365007758140564,1.2117663621902466
25,3,1,Geometry_only,"{1, 51}",0.001506298896856606,17,51,56.389007568359375,0.000781266251578927,0.0010015057632699609,0.016289256513118744,-0.2440672069787979,0.24599536612604803,0.0001355197181189863,0.032043419778347015,1.243898630142212,-0.784976065158844,0.5860582590103149
25,3,1,Geometry_only,"{17, 25}",0.001867963350377977,24,45,59.050418853759766,0.0010916802566498518,-0.0023654173128306866,0.0408676452934742,-0.11115893721580505,0.2768489657126665,0.027996869167318923,0.06661888211965561,1.080049991607666,-0.5697575807571411,1.0745142698287964
25,3,1,Geometry_only,"{1, 59}",0.0011759096523746848,20,104,55.3350944519043,0.0008530133636668324,0.0008761102799326181,0.006119883619248867,0.12446951866149902,0.1438334472355108,0.08923397844477923,0.0459696501493454,0.7974033951759338,-0.4053700864315033,1.2212473154067993
25,3,1,Geometry_only,"{42, 59}",0.0009045566548593342,6,41,56.62068557739258,0.0014424932887777686,-0.002013210207223892,0.00561579829081893,-0.21312455832958221,0.11407997599719967,0.0021917007597895967,0.009007664397358894,1.2104657888412476,-0.6653673052787781,0.28806260228157043
25,3,1,Geometry_only,"{28, 55}",0.002786314347758889,8,68,57.81886672973633,0.0010240585543215275,-0.0009261476807296276,0.022608883678913116,-0.3252357244491577,0.3432567132832164,0.00033992133249162335,0.04202606528997421,1.3247852325439453,-0.79190593957901,0.5514140129089355
25,3,1,Geometry_only,"{59, 4}",0.0008885535644367337,16,30,57.11199188232422,0.0001065129617927596,-9.116856381297112e-05,0.004774080123752356,-0.14180238544940948,0.10264530861933892,0.0047093212081844756,0.0007712540100328624,1.136425256729126,-0.6292135715484619,0.026069913059473038
25,3,1,Geometry_only,"{28, 23}",0.002574823098257184,1,137,56.354530334472656,0.0004128794535063207,0.0007648606551811099,0.01712704822421074,-0.06863732635974884,0.27054823062690647,0.016080340089951326,0.017753394320607185,1.0514532327651978,-0.6122252941131592,0.2914208173751831
25,3,1,Geometry_only,"{12, 15}",0.004189697094261646,23,102,57.76409149169922,6.39556092210114e-05,0.0025112126022577286,0.02429024875164032,-0.44488105177879333,0.4962745653659594,0.00560910892419306,0.04621703177690506,1.4367765188217163,-0.7545466423034668,0.3904400169849396
25,3,1,Geometry_only,"{2, 34}",0.0023754704743623734,4,35,57.2360954284668,0.0001671907230047509,0.0005513819050975144,0.013308549299836159,-0.16701754927635193,0.26446418748854034,0.03731249212151771,0.04755581170320511,1.1234731674194336,-0.5412874817848206,0.7885045409202576
25,3,1,Geometry_only,"{55, 23}",0.002630132483318448,12,88,56.1799430847168,0.0008036408107727766,0.00101535115391016,0.00896918773651123,-0.2096911370754242,0.3211541346490424,0.005864950433383505,0.05977946147322655,1.2025963068008423,-0.6881985664367676,0.8428348302841187
25,3,1,CARE_only,"{17, 42}",0.0017584459856152534,31,15,59.5402946472168,0.0007059723138809204,6.070760719012469e-06,0.02439259923994541,0.36690959334373474,0.21422499291584018,0.13328664799253034,0.10312975943088531,0.548707902431488,-0.3604179322719574,1.998218059539795
25,3,1,CARE_only,"{1, 4}",0.001224881736561656,39,21,58.22216033935547,0.000829613592941314,0.0009425084572285414,0.008845977485179901,0.01399171631783247,0.1534345673661927,0.015317762085822922,0.046740904450416565,0.9709048271179199,-0.5713936686515808,1.2473173141479492
25,3,1,CARE_only,"{25, 34}",0.0017608576454222202,67,22,58.92770767211914,0.0006460943841375411,0.0001857453171396628,0.01657182164490223,0.4504421055316925,0.2337272681812878,0.14898017401226643,0.052605342119932175,0.46768465638160706,-0.36219367384910583,0.8924410939216614
25,3,1,CARE_only,"{17, 59}",0.0016799416625872254,36,14,57.17411422729492,0.0007078000926412642,-0.0006952708354219794,0.010453358292579651,-0.23529668152332306,0.23034354007967597,0.009190245314422172,0.11213742196559906,1.2239439487457275,-0.6223850846290588,2.286280632019043
25,3,1,CARE_only,"{17, 4}",0.0017047572182491422,38,9,59.96947479248047,0.0007986596901901066,-0.00013488261902239174,0.040924325585365295,0.34317830204963684,0.21499174903738769,0.07714374321600248,0.11290867626667023,0.6061519980430603,-0.4316606819629669,2.3123505115509033
25,3,1,CARE_only,"{19, 4}",0.0011787465773522854,30,3,60.550228118896484,0.001396769774146378,-0.0006591194542124867,0.022814026102423668,0.23747816681861877,0.14111646358741853,0.07866761162296244,0.043626781553030014,0.7025360465049744,-0.42035287618637085,1.181058406829834
25,3,1,CARE_only,"{4, 23}",0.001707590650767088,60,19,57.337127685546875,0.0006875285762362182,-7.865586667321622e-05,0.009215251542627811,0.09495474398136139,0.170336539262914,0.04736275565123789,0.06648791581392288,0.8621798157691956,-0.47968339920043945,1.6271319389343262
25,3,1,CARE_only,"{25, 19}",0.0013979231007397175,46,11,59.66643524169922,0.0008147197659127414,0.0008978021214716136,0.00991898961365223,0.04878609627485275,0.19687296851299319,0.04250275167217001,0.002663009101524949,0.9107847213745117,-0.5045328140258789,0.05677789822220802
25,3,1,CARE_only,"{4, 28}",0.0018378811655566096,71,13,58.9755859375,-0.00016135962505359203,0.001985058654099703,0.02618429623544216,0.3562451899051666,0.1837714400013335,0.08145124716553288,0.08424130827188492,0.5913201570510864,-0.4202597737312317,1.9185527563095093
25,3,1,CARE_only,"{34, 4}",0.0016250459011644125,48,7,59.8313102722168,0.0009563065250404179,0.003949482459574938,0.022256696596741676,-0.22398218512535095,0.21382494624372844,0.007951356407857811,0.0988951325416565,1.214249849319458,-0.6267426013946533,2.130277395248413
25,3,1,CARE_only,"{42, 19}",0.0012125229695811868,37,2,60.10527801513672,0.0019726851023733616,0.004040132276713848,0.02114953100681305,0.079697385430336,0.1585018252129415,0.03102324113997266,0.0338478647172451,0.8917518258094788,-0.5195873975753784,0.8669258952140808
25,3,1,CARE_only,"{42, 28}",0.0018639782210811973,61,18,58.515098571777344,0.0005532049108296633,0.0003612901200540364,0.02361759915947914,0.30399659276008606,0.18668844698548165,0.12455357142857143,0.0744623914361,0.6093137264251709,-0.36710143089294434,1.6044203042984009
25,3,1,CARE_only,"{51, 4}",0.0012442428851500154,27,12,58.11575698852539,0.0006842472357675433,0.000869112613145262,0.009960685856640339,-0.26893356442451477,0.19215575150434216,0.0017349063150589867,0.07878432422876358,1.266732096672058,-0.693049967288971,1.8333755731582642
25,3,1,CARE_only,"{2, 4}",0.0016684442525729537,56,24,57.288822174072266,0.0004570526070892811,8.669914677739143e-05,0.009083658456802368,0.22865578532218933,0.15103428733352225,0.06632821984328441,0.051339324563741684,0.7201822996139526,-0.4409315586090088,1.3417729139328003
25,3,1,CARE_only,"{34, 42}",0.0016412310069426894,58,16,59.409271240234375,0.0005817175842821598,-0.00010991353337885812,0.025892140343785286,0.35622936487197876,0.20160685413298218,0.12459694088466308,0.08911621570587158,0.5635587573051453,-0.36895179748535156,1.8161449432373047
25,3,1,CARE_only,"{17, 28}",0.0024621463380753994,64,20,59.03657531738281,0.0003665591939352453,0.0010297775734215975,0.0346318818628788,0.8843358755111694,0.19555614821729203,0.6776338220252301,0.02866736613214016,0.03728620335459709,-0.044857148081064224,0.39379778504371643
25,3,1,Both,"{59, 51}",0.0011957462411373854,7,23,55.19061279296875,0.0018674571765586734,0.0013673176290467381,0.012885685078799725,0.10819066315889359,0.1810711249645792,0.06793703396851698,0.07801306992769241,0.8312224745750427,-0.4422434866428375,1.8073056936264038
25,3,1,Both,"{25, 42}",0.0011015471536666155,3,6,58.54464340209961,0.0007528844871558249,0.002120013115927577,0.010572339408099651,0.09196724742650986,0.16080209357758404,0.035244117342178916,0.03651087358593941,0.8760299682617188,-0.5087798237800598,0.9237037897109985
25,3,1,Both,"{25, 51}",0.0013894831063225865,13,10,57.16582107543945,0.0010199274402111769,-0.00018934161926154047,0.027444355189800262,0.24017351865768433,0.2293600920107346,0.07042151162790698,0.03249453008174896,0.7063183784484863,-0.46222350001335144,0.5955392122268677
25,3,1,Both,"{25, 4}",0.001078678877092898,9,0,58.99033737182617,0.0005268834065645933,0.003384424839168787,0.01678372547030449,-0.28621265292167664,0.15495141099794976,0.0020438898450946645,0.04628979042172432,1.2835837602615356,-0.677753210067749,1.2378363609313965
25,3,1,Both,"{42, 4}",0.0009109663078561425,2,1,59.45613479614258,0.0009899555006995797,0.001061717513948679,0.01894768513739109,0.029409676790237427,0.11242978347473873,0.009043736100815419,0.009778918698430061,0.9618125557899475,-0.5965954065322876,0.3141325116157532
25,3,1,Both,"{42, 51}",0.001249933848157525,19,5,57.650569915771484,0.0013483038637787104,0.00155441218521446,0.01229177787899971,-0.12254593521356583,0.20229026719783974,0.006921555702043507,0.06900540739297867,1.1147761344909668,-0.634448230266571,1.5192430019378662
25,3,1,Both,"{49, 19}",0.002007697708904743,18,4,58.3940315246582,0.0006409486522898078,0.00035950634628534317,0.014616047963500023,0.09126526862382889,0.1900888436984315,0.07742897229042442,0.0022846581414341927,0.8383723497390747,-0.4377957880496979,0.04879581555724144
25,3,1,Both,"{2, 19}",0.0020404011011123657,15,8,57.961212158203125,0.0015730509767308831,-0.0005334776360541582,0.010231110267341137,0.08375610411167145,0.1949227409864484,0.08260646485377117,0.007712540216743946,0.8405562043190002,-0.43153223395347595,0.16071446239948273
25,3,1,Both,"{49, 34}",0.0023498975206166506,0,17,57.64533615112305,0.0002547221665736288,-0.0007044832454994321,0.017177961766719818,0.38258257508277893,0.22439284583201374,0.1948447481800624,0.05298369377851486,0.49711689352989197,-0.31525179743766785,0.9004231691360474
25,3,1,Neither,"{1, 2}",0.001971630845218897,101,89,55.540218353271484,0.0004169110907241702,0.0015744585543870926,0.0010851934785023332,-0.12455423176288605,0.21447502208591002,0.0005440273568042279,0.004598420113325119,1.123942494392395,-0.7424119114875793,0.09445562213659286
25,3,1,Neither,"{1, 12}",0.0026546374429017305,85,83,57.26573944091797,0.0003188330156262964,0.0018984783673658967,0.011415407992899418,-0.21319027245044708,0.3275715500141683,0.00045796865458986365,0.10336259007453918,1.2126346826553345,-0.7767086625099182,1.4713717699050903
25,3,1,Neither,"{1, 15}",0.0030398068483918905,122,161,56.98987579345703,0.0011436950881034136,-2.7718946512322873e-05,0.009225627407431602,-0.10918879508972168,0.3755771506675779,0.013536303923309071,0.14957961440086365,1.0941745042800903,-0.6531788110733032,1.861811876296997
25,3,1,Neither,"{1, 17}",0.001985621638596058,49,47,58.326656341552734,-9.64171122177504e-05,-0.001800882164388895,0.01592402532696724,-0.24725043773651123,0.2850999283249712,5.8465855940130964e-05,0.06616777181625366,1.2471774816513062,-0.8101354241371155,1.0650333166122437
25,3,1,Neither,"{1, 19}",0.0015216362662613392,79,60,58.93073654174805,0.0003018108254764229,0.0011483053676784039,0.005548208951950073,-0.22646306455135345,0.20435717500375045,0.006851549755301794,0.0031141198705881834,1.2180598974227905,-0.6396467089653015,0.06625884026288986
25,3,1,Neither,"{1, 25}",0.0013713677180930972,32,28,57.3248291015625,-0.0005970174679532647,0.0016690458869561553,0.009163729846477509,-0.35229256749153137,0.20879102561965562,7.983394539358135e-05,0.00045111082727089524,1.3521846532821655,-0.7858890295028687,0.009480942972004414
25,3,1,Neither,"{1, 34}",0.001872653723694384,86,70,58.18706512451172,-2.2075866581872106e-05,0.0007210366893559694,0.007770273368805647,-0.3253125548362732,0.2690647242178254,0.0,0.05215423181653023,1.325312614440918,-0.9070873260498047,0.8829601407051086
25,3,1,Neither,"{1, 37}",0.00327203213237226,175,173,56.57090377807617,0.00056987046264112,0.0005084906588308513,0.008628470823168755,-0.07268811017274857,0.26759788642008236,0.004920891989535318,0.0520232655107975,1.0674095153808594,-0.6773664951324463,0.8811694979667664
25,3,1,Neither,"{1, 42}",0.0012384317815303802,34,25,57.774078369140625,0.0009456999250687659,0.0003865156904794276,0.005893940106034279,-0.2868490517139435,0.16678612504792226,0.0011992804317409553,0.036961983889341354,1.2853057384490967,-0.7018892168998718,0.9331847429275513
25,3,1,Neither,"{48, 1}",0.0030135030392557383,146,154,55.40144348144531,0.000331259478116408,0.0027467014733701944,0.0025097792968153954,-0.1277375966310501,0.23064357508375977,0.0008672400086724001,0.018786583095788956,1.1267595291137695,-0.7333542704582214,0.36280521750450134
25,3,1,Neither,"{1, 49}",0.0019603248219937086,87,73,55.97449493408203,3.106503572780639e-05,0.0009999104076996446,0.0017016876954585314,-0.18705609440803528,0.20834097311352992,0.00016001280102408193,0.0008294618455693126,1.1868661642074585,-0.7713240385055542,0.017463022843003273
25,3,1,Neither,"{1, 55}",0.0021523223258554935,25,54,57.08460235595703,0.0008809695136733353,0.001112362020649016,0.009421149268746376,-0.24825747311115265,0.3002850332538796,0.0004440743824590619,0.07952647656202316,1.247703194618225,-0.7710288763046265,1.2226495742797852
25,3,1,Neither,"{1, 58}",0.0029226315673440695,179,160,58.37649154663086,0.0013173660263419151,-0.000703892728779465,0.011103061959147453,0.0006205316167324781,0.31350324204490526,0.0597618034878775,0.10730616748332977,0.9396547675132751,-0.508755624294281,1.5090116262435913
25,3,1,Neither,"{1, 61}",0.0045524584129452705,206,206,56.405147552490234,0.0008436090429313481,-0.00032725906930863857,0.009594584815204144,0.11133533716201782,0.2716483589752138,0.049886482174633366,0.06624053418636322,0.8443323373794556,-0.5144132375717163,1.065931797027588
25,3,1,Neither,"{1, 63}",0.002209868049249053,104,75,57.04305648803711,0.00024209977709688246,0.0018809365574270487,0.0166197307407856,-0.25640249252319336,0.2957845081926225,0.0,0.07548102736473083,1.2564024925231934,-0.9106795787811279,1.1764311790466309
25,3,1,Neither,"{2, 12}",0.0031508118845522404,171,157,56.29458236694336,0.0006963933701626956,-0.0006776892114430666,0.004938080906867981,-0.2989276647567749,0.33150534228993384,0.004475060337892196,0.09876416623592377,1.2931149005889893,-0.7013538479804993,1.3769161701202393
25,3,1,Neither,"{2, 15}",0.003470011753961444,180,169,56.023582458496094,0.001205942127853632,0.00018086234922520816,0.013144934549927711,0.29147738218307495,0.3254212991515677,0.18593453874916765,0.14498120546340942,0.5767837762832642,-0.35438215732574463,1.7673561573028564
25,3,1,Neither,"{17, 2}",0.00243648374453187,109,77,57.364315032958984,0.0005746760871261358,0.0005591403460130095,0.017166348174214363,0.30880483984947205,0.24317837080992782,0.1941188566728357,0.06156935170292854,0.5570211410522461,-0.32267263531684875,0.9705776572227478
25,3,1,Neither,"{2, 23}",0.00235079531557858,127,103,54.578857421875,0.0014393425080925226,-0.0008406612323597074,0.0106294434517622,0.32093676924705505,0.1946560432050406,0.21861620140435006,0.015148593112826347,0.5306090116500854,-0.2885051965713501,0.28535908460617065
25,3,1,Neither,"{25, 2}",0.0018667946569621563,77,158,56.33258819580078,0.0005286230007186532,-0.0005886713042855263,0.0063221813179552555,-0.15838059782981873,0.2102745320287367,0.01807372175980975,0.005049530882388353,1.1374443769454956,-0.5810234546661377,0.103936567902565
25,3,1,Neither,"{2, 28}",0.0025261281989514828,150,115,56.30297088623047,0.00026860408252105117,0.001742314314469695,0.0191664919257164,0.20625852048397064,0.2277599053222876,0.13078161592505855,0.03290198743343353,0.6899346709251404,-0.3812069594860077,0.5767799019813538
25,3,1,Neither,"{2, 37}",0.0038538624066859484,164,188,55.59402084350586,0.0007476474274881184,0.0031416374258697033,0.011912479996681213,-0.11519941687583923,0.26773123531078624,0.024094135225999253,0.04742484539747238,1.0883296728134155,-0.5798527002334595,0.7867138981819153
25,3,1,Neither,"{2, 42}",0.0017415941692888737,66,48,56.83522415161133,0.000492869527079165,0.00036569623625837266,0.007938729599118233,-0.03638853132724762,0.16795292784158153,0.025605398967844382,0.04156040400266647,1.009851336479187,-0.5378636717796326,1.0276403427124023
25,3,1,Neither,"{48, 2}",0.0036287002731114626,167,197,54.38046646118164,0.0013511896831914783,0.00046567831304855645,0.0077390773221850395,-0.10059066861867905,0.23116030203523744,0.021416209979809635,0.014188162982463837,1.0770201683044434,-0.5760936141014099,0.2683495879173279
25,3,1,Neither,"{2, 51}",0.0020493443589657545,89,139,55.400360107421875,0.0012590354308485985,-0.00039286899846047163,0.00995715707540512,-0.043611712753772736,0.23957795076092211,0.048911152856049536,0.027445001527667046,0.9925674796104431,-0.5061861276626587,0.49160265922546387
25,3,1,Neither,"{2, 55}",0.0026867918204516172,159,146,56.13722229003906,0.00031874916749075055,-0.0013773891841992736,0.005976969376206398,-0.30575671792030334,0.3053356224892904,0.0011464133639043563,0.07492805272340775,1.3042597770690918,-0.7458782196044922,1.128193974494934
25,3,1,Neither,"{2, 58}",0.0033970552030950785,107,85,57.45860290527344,0.000494921114295721,0.0025304548908025026,0.008997728116810322,0.016187619417905807,0.3103362058906872,0.08754968310237404,0.10270775109529495,0.8976799249649048,-0.4638959467411041,1.4145560264587402
25,3,1,Neither,"{2, 59}",0.0016768688801676035,72,172,54.3388786315918,0.0009388052858412266,-0.00022398916189558804,0.006071422714740038,-0.11746494472026825,0.16043538412814828,0.00935064935064935,0.05056807026267052,1.1070159673690796,-0.6048821210861206,1.31570303440094
25,3,1,Neither,"{2, 61}",0.005252599250525236,196,191,55.41151428222656,0.0015229342970997095,0.00010920022032223642,0.01597842015326023,-0.04003903269767761,0.2804660543730102,0.035659099013431596,0.0616421140730381,1.002952218055725,-0.5509735941886902,0.9714761972427368
25,3,1,Neither,"{2, 63}",0.002722272416576743,95,95,56.07191467285156,0.0004767930950038135,0.0026046298444271088,0.007588091306388378,-0.28543126583099365,0.29941826546430417,0.005455658854311641,0.07088261097669601,1.2784184217453003,-0.6827438473701477,1.0819754600524902
25,3,1,Neither,"{4, 12}",0.0024133878760039806,106,87,58.984249114990234,-0.0003301407559774816,-0.0009465215262025595,0.006942628417164087,-0.47503331303596497,0.27418198789858816,0.0,0.15010349452495575,1.4750332832336426,-0.9041556119918823,2.71868896484375
25,3,1,Neither,"{4, 15}",0.0028447885997593403,126,133,58.69939041137695,0.0010079824132844806,-0.0005301487981341779,0.01630045473575592,0.20714733004570007,0.3146367076158885,0.03968001695274422,0.1963205188512802,0.7613922357559204,-0.5271382927894592,3.1091291904449463
25,3,1,Neither,"{4, 37}",0.00305771897546947,153,112,58.27070236206055,0.001226405380293727,0.0008967971662059426,0.007116545457392931,-0.2302836775779724,0.21519177237344356,0.0008520526723470179,0.09876416623592377,1.2292354106903076,-0.723300039768219,2.1284868717193604
25,3,1,Neither,"{48, 4}",0.0028348176274448633,133,94,57.13936996459961,0.0009250976727344096,-0.0038275886327028275,0.0033039588015526533,-0.22168739140033722,0.17705398963212374,0.0014121634343814723,0.06552748382091522,1.2199621200561523,-0.697138249874115,1.6101224422454834
25,3,1,Neither,"{49, 4}",0.0016738491831347346,54,32,57.69214630126953,0.0007358085131272674,-0.0019017013255506754,0.005982045084238052,-0.2539133131504059,0.15436800960112013,0.0030234315948601664,0.04591144248843193,1.2501221895217896,-0.6612346172332764,1.2298542261123657
25,3,1,Neither,"{4, 55}",0.0019215684151276946,82,57,58.801517486572266,0.0004196446679998189,0.001373945502564311,0.015330487862229347,-0.41974207758903503,0.24687880252696148,0.0,0.12626737356185913,1.4197421073913574,-0.9008124470710754,2.4699668884277344
25,3,1,Neither,"{58, 4}",0.0026878388598561287,110,81,60.03424072265625,0.0015788872260600328,-0.0006427548360079527,0.016306007280945778,0.12038559466600418,0.26368076275565483,0.0569568240723181,0.15404707193374634,0.8295143842697144,-0.47725918889045715,2.756328821182251
25,3,1,Neither,"{4, 61}",0.004561897832900286,198,194,58.133033752441406,0.000684962491504848,-0.002780243521556258,0.013722050003707409,-0.037015896290540695,0.2283599753304552,0.014452554744525548,0.11298143863677979,1.0220283269882202,-0.5922961831092834,2.313249111175537
25,3,1,Neither,"{4, 63}",0.0019751540385186672,52,40,58.755393981933594,1.5222809452097863e-05,0.0006977016455493867,0.012628365308046341,-0.38913461565971375,0.24222825996366243,6.881365262868153e-05,0.1222219318151474,1.3890390396118164,-0.7911693453788757,2.42374849319458
25,3,1,Neither,"{17, 12}",0.0031578645575791597,88,119,59.04867172241211,7.175344217102975e-05,0.00045507430331781507,0.02283419296145439,-0.3892899751663208,0.4034137316020202,0.00024791339558714154,0.037194814532995224,1.3889455795288086,-0.8152773976325989,0.40633851289749146
25,3,1,Neither,"{19, 12}",0.002782431896775961,138,127,59.648651123046875,0.0003495068522170186,0.0008730276022106409,0.013960291631519794,-0.052489496767520905,0.3074358675178771,0.05438082845369768,0.10647670924663544,0.9952542185783386,-0.5159427523612976,1.5376306772232056
25,3,1,Neither,"{12, 23}",0.0031198286451399326,97,193,56.347530364990234,0.000807002536021173,1.7096346709877253e-05,0.005926147568970919,-0.2164316475391388,0.3476072208424316,0.007864198714874844,0.08361557871103287,1.2068654298782349,-0.6815634369850159,1.0915571451187134
25,3,1,Neither,"{25, 12}",0.0025357722770422697,92,66,58.045047760009766,8.76801204867661e-05,0.0016268847975879908,0.02606750838458538,0.5219947695732117,0.26651442668311304,0.22771905685158547,0.10381370037794113,0.36915433406829834,-0.29760318994522095,1.480852723121643
25,3,1,Neither,"{12, 28}",0.003269907319918275,102,122,57.97736358642578,0.0011762434151023626,-0.0033736403565853834,0.013239926658570766,-0.3883326053619385,0.370659910322871,4.497009488690021e-05,0.06586217880249023,1.3882701396942139,-0.8357080817222595,0.8001362681388855
25,3,1,Neither,"{34, 12}",0.003076652530580759,166,140,58.95344543457031,-0.0013109332649037242,-0.0020743468776345253,0.025577150285243988,0.28910988569259644,0.3373560248695681,0.1485251247591284,0.05120835453271866,0.6053050756454468,-0.4148073196411133,0.5884116888046265
25,3,1,Neither,"{12, 37}",0.0044425418600440025,78,84,57.329471588134766,0.00023505974968429655,-0.0030034552328288555,0.01965622790157795,0.056286219507455826,0.3520910772923508,0.10003313923211665,0.051339324563741684,0.849311113357544,-0.47631052136421204,0.5902023315429688
25,3,1,Neither,"{42, 12}",0.0024911793880164623,94,72,58.512168884277344,0.0007771700038574636,-0.0011106545571237803,0.011384732089936733,-0.12252067029476166,0.2804660543730102,0.017532390348270532,0.14032457768917084,1.1028401851654053,-0.5952063202857971,2.4045565128326416
25,3,1,Neither,"{48, 12}",0.0041607036255300045,44,79,56.16077423095703,0.000518404005561024,0.0034802877344191074,0.005829584784805775,0.3213070034980774,0.282299601620189,0.23712801133679737,0.08457600325345993,0.5177558660507202,-0.30342739820480347,1.1085666418075562
25,3,1,Neither,"{49, 12}",0.0030575443524867296,172,141,56.718875885009766,0.0004892743309028447,-0.002949373098090291,0.013631784357130527,0.4037592113018036,0.2756321570849932,0.18553459119496854,0.10419204831123352,0.4856174886226654,-0.3374710977077484,1.4888348579406738
25,3,1,Neither,"{51, 12}",0.0026830898132175207,98,80,57.13991928100586,0.0007790514500811696,0.0006569927791133523,0.023133641108870506,0.30864521861076355,0.30893604253829615,0.1796158411567929,0.07131917029619217,0.5671765208244324,-0.3674354553222656,0.8853135108947754
25,3,1,Neither,"{12, 55}",0.0031171462032943964,96,64,57.84339904785156,0.00030380539828911424,0.0009932121029123664,0.02917158044874668,0.8345107436180115,0.26694781057790073,0.5689041523571652,0.02383611351251602,0.07134173065423965,-0.12165643274784088,0.24872225522994995
25,3,1,Neither,"{58, 12}",0.004149941727519035,190,184,59.116058349609375,0.0008322539506480098,-0.002167120575904846,0.013536869548261166,-0.12828420102596283,0.4149817478705849,0.08591741645244216,0.003943581599742174,1.0313448905944824,-0.530190646648407,0.03763983026146889
25,3,1,Neither,"{59, 12}",0.002389865228906274,93,91,56.08698654174805,0.0013397588627412915,-0.003796052187681198,0.005578000098466873,0.04863376542925835,0.2692480789425433,0.021605893642047916,0.14933224022388458,0.9308111071586609,-0.5720899701118469,2.6926190853118896
25,3,1,Neither,"{12, 61}",0.005930076353251934,185,182,57.17204284667969,0.00029040881781838834,0.0016262808348983526,0.012528904713690281,-0.23436960577964783,0.39344590202190255,0.025800711743772242,0.037122055888175964,1.2025220394134521,-0.629407525062561,0.40543997287750244
25,3,1,Neither,"{12, 63}",0.003264364320784807,121,99,57.800350189208984,-0.00025974601157940924,-0.0017006747657433152,0.03960293158888817,0.7516756653785706,0.28039937992765823,0.47711330400665797,0.02788155898451805,0.1298454850912094,-0.1702246069908142,0.29494068026542664
25,3,1,Neither,"{17, 15}",0.003512914525344968,116,117,58.808650970458984,-9.753520134836435e-05,0.0017466956051066518,0.033971212804317474,0.4514797627925873,0.3480406047372193,0.3114942528735632,0.08341185003519058,0.3776593506336212,-0.294671893119812,0.7967785596847534
25,3,1,Neither,"{19, 15}",0.00316752796061337,162,135,59.37489700317383,0.0014163311570882797,-0.0011231640819460154,0.028590256348252296,0.23546257615089417,0.3306219058890204,0.1405596168389211,0.1526937335729599,0.6570743322372437,-0.39843007922172546,1.9280706644058228
25,3,1,Neither,"{23, 15}",0.0033861640840768814,142,148,56.09798812866211,0.0005622786702588201,-0.0013098969357088208,0.017382897436618805,0.3665943145751953,0.31913723267714567,0.2636582053692677,0.12983261048793793,0.466403067111969,-0.2949282228946686,1.4819971323013306
25,3,1,Neither,"{25, 15}",0.0029763560742139816,118,159,57.7901611328125,0.0002798361238092184,0.0007109824800863862,0.009440876543521881,-0.3612629771232605,0.3766939476272232,0.009159697331740343,0.1500307321548462,1.3487942218780518,-0.6765252947807312,1.8712927103042603
10,3,2,Geometry_only,"{60, 39}",0.0007924916571937501,5,39,56.902099609375,0.0006820766720920801,0.0002900621038861573,0.005547347012907267,-0.19276584684848785,0.09492774156984982,0.001755926251097454,0.005224154330790043,1.190671443939209,-0.6698306798934937,0.18405751883983612
10,3,2,Geometry_only,"{60, 7}",0.0005933229112997651,0,78,54.14995574951172,0.0031105680391192436,-0.0003295555361546576,0.01067567989230156,0.5392708778381348,0.054389678795859514,0.29543365001532335,0.01628364622592926,0.3246142268180847,-0.2721656858921051,0.656187891960144
10,3,2,Geometry_only,"{29, 39}",0.0010063002118840814,7,56,57.55430221557617,0.001095747109502554,0.0033197980374097824,0.012348380871117115,-0.22351817786693573,0.12123081026119714,0.0013749484394335212,0.017738841474056244,1.2218358516693115,-0.684734046459198,0.5489799380302429
10,3,2,Geometry_only,"{43, 60}",0.0007473353180103004,1,33,56.068355560302734,0.0017674590926617384,-0.0004748196224682033,0.005334935616701841,-0.04166647419333458,0.08734352341106462,0.006297709923664122,0.001062293304130435,1.0351063013076782,-0.6123221516609192,0.03885424882173538
10,3,2,Geometry_only,"{3, 39}",0.0006997589953243732,4,44,58.79304885864258,0.001322752214036882,0.0007649158942513168,0.01979614794254303,0.14014481008052826,0.06519093894287667,0.0025568908207619537,0.031184855848550797,0.8576566576957703,-0.6502664089202881,1.3025577068328857
10,3,2,Geometry_only,"{3, 60}",0.000681936158798635,6,50,55.791954040527344,0.0008158428245224059,-0.0019196507055312395,0.008759668096899986,0.08574233204126358,0.05715666827796576,0.03878681831437737,0.02596070058643818,0.8787965178489685,-0.4971100986003876,1.1185001134872437
10,3,2,Geometry_only,"{43, 39}",0.0007743893074803054,8,58,59.10516357421875,0.0004972158931195736,0.0020146656315773726,0.019034668803215027,0.386422723531723,0.08489323754438018,0.10583153347732181,0.0062864478677511215,0.5486414432525635,-0.3891053795814514,0.2229117751121521
10,3,2,CARE_only,"{3, 7}",0.0006440352299250662,10,0,56.20747375488281,0.001033092848956585,0.000538165564648807,0.007181734777987003,-0.030315158888697624,0.04055473138532829,0.004110152075626798,0.009677055291831493,1.0260803699493408,-0.6348250508308411,0.4623122811317444
10,3,2,CARE_only,"{40, 7}",0.0013621591497212648,62,2,56.21616744995117,0.0006409435300156474,-0.0009342263219878078,0.005204676650464535,-0.10404930263757706,0.14253329555114763,0.0037422523681440766,0.07967199385166168,1.0999176502227783,-0.6439900398254395,2.3229148387908936
10,3,2,CARE_only,"{39, 7}",0.0007400321192108095,14,1,57.293792724609375,0.0014414655743166804,-0.0011809875722974539,0.006477410905063152,-0.04281526431441307,0.07622555964862568,0.0028427727968510824,0.02150779962539673,1.0398508310317993,-0.647317111492157,0.8402454257011414
10,3,2,CARE_only,"{9, 13}",0.0015781869878992438,42,9,57.593299865722656,0.0014766630483791232,-0.0008200126467272639,0.017872212454676628,0.3339287042617798,0.165635990865601,0.09318707859514944,0.02606256492435932,0.604002058506012,-0.40690553188323975,0.6164903044700623
10,3,2,CARE_only,"{16, 43}",0.0010696777608245611,30,8,56.5902214050293,0.0008721398189663887,0.0005010273889638484,0.009961356408894062,-0.1039082407951355,0.13031520344040137,0.0011511895625479663,0.038228005170822144,1.1026374101638794,-0.6924911141395569,1.1422908306121826
10,3,2,CARE_only,"{16, 50}",0.0014977927785366774,63,7,56.351036071777344,0.0014312149723991752,-7.334354449994862e-05,0.005294894799590111,-0.03830182924866676,0.20277365692664145,0.0031237155774763666,0.025451382622122765,1.0350584983825684,-0.6767066121101379,0.5485683083534241
10,3,2,CARE_only,"{40, 27}",0.0015676983166486025,57,4,58.18129348754883,0.0005626921774819493,-0.0005962632712908089,0.011872824281454086,-0.18268270790576935,0.17060323704432184,0.005080605764533464,0.054875448346138,1.1766740083694458,-0.641227662563324,1.3724563121795654
10,3,2,Both,"{43, 7}",0.0006985594518482685,9,3,56.509246826171875,0.0010092478478327394,-0.0007473374716937542,0.005593729205429554,-0.06820204108953476,0.06900805093927626,0.003381642512077295,0.015221352688968182,1.0645897388458252,-0.639715850353241,0.6173336505889893
10,3,2,Both,"{27, 29}",0.0010505260434001684,3,6,56.91246032714844,0.0009663068922236562,0.0001706555049167946,0.018130287528038025,0.03921734169125557,0.1241311486340073,0.008325500201423391,0.014450098387897015,0.9527836441993713,-0.6038333177566528,0.4387668967247009
10,3,2,Both,"{27, 39}",0.0009003218729048967,2,5,59.21210861206055,0.0016853160923346877,-0.00020926547585986555,0.009028402157127857,-0.12895166873931885,0.10462887336855967,0.0020710530508204557,0.0032887435518205166,1.1266134977340698,-0.6654951572418213,0.11021304130554199
10,3,2,Neither,"{9, 3}",0.0013078555930405855,55,32,57.976318359375,0.0007940505747683346,-0.0015646128449589014,0.011100918054580688,-0.03159533441066742,0.11976397246345406,0.004314544189283229,0.07913357019424438,1.027144432067871,-0.6306244134902954,2.5818228721618652
10,3,2,Neither,"{10, 3}",0.0015861920546740294,85,72,58.51533126831055,0.001349961617961526,0.00034173805033788085,0.01911606267094612,-0.12938794493675232,0.16028536662610637,0.003119800332778702,0.11449483782052994,1.1258645057678223,-0.6519066095352173,3.2163236141204834
10,3,2,Neither,"{3, 13}",0.001040622591972351,32,34,57.37688446044922,0.000706042570527643,0.0017091252375394106,0.018663106486201286,-0.020617110654711723,0.08997716400246696,0.005001852537977029,0.05307100713253021,1.0155121088027954,-0.6208085417747498,1.9653326272964478
10,3,2,Neither,"{3, 14}",0.003167752642184496,161,149,58.127777099609375,0.0026700792368501425,-0.0016091999132186174,0.026164907962083817,0.06630825996398926,0.15671828379977665,0.03190810465858328,0.11530975252389908,0.9038994312286377,-0.5012296438217163,3.2288732528686523
10,3,2,Neither,"{16, 3}",0.0009878674754872918,26,68,56.238677978515625,0.002697314601391554,0.0006389252375811338,0.01823411136865616,0.27412065863609314,0.09561115463470739,0.06624825662482567,0.06312641501426697,0.6777911186218262,-0.4327497184276581,2.2219367027282715
10,3,2,Neither,"{3, 22}",0.031801462173461914,204,172,55.85410690307617,0.0014661638997495174,0.0006275984342209995,0.006339513696730137,-0.2184469848871231,0.08209291083959795,0.0054822335025380715,0.046187929809093475,1.2117671966552734,-0.6160958409309387,1.7736966609954834
10,3,2,Neither,"{24, 3}",0.0020549334585666656,111,100,56.74418640136719,0.0010737640550360084,0.0033136201091110706,0.012801590375602245,-0.002427639439702034,0.14971746703782107,0.012024048096192385,0.10640394687652588,0.9903743863105774,-0.5762397646903992,3.0872180461883545
10,3,2,Neither,"{26, 3}",0.0043193623423576355,178,190,57.42045593261719,0.0018973264377564192,-0.0014029877493157983,0.015452458523213863,0.03190091997385025,0.21917557048322303,0.008669860825918321,0.1671292930841446,0.9597057700157166,-0.6077519059181213,3.890101671218872
10,3,2,Neither,"{27, 3}",0.0008067735470831394,13,40,58.14839553833008,0.0017643733881413937,0.000743018405046314,0.014234814792871475,0.11061722785234451,0.06842464954244662,0.01023142509135201,0.03447359800338745,0.8802831172943115,-0.5837963819503784,1.4127707481384277
10,3,2,Neither,"{3, 29}",0.0009210424614138901,17,41,56.45866775512695,0.0011963133001700044,-0.0009626538376323879,0.010404466651380062,-0.0425165556371212,0.08360975447135499,0.024720893141945772,0.04892369732260704,1.016744613647461,-0.5237833857536316,1.8515375852584839
10,3,2,Neither,"{3, 30}",0.0022902963683009148,123,107,56.66572189331055,0.0007195085054263473,0.0003498910227790475,0.016477417200803757,-0.0804932713508606,0.12958178454152985,0.0061744275791098535,0.08795206248760223,1.0738219022750854,-0.6135115623474121,2.7584874629974365
10,3,2,Neither,"{33, 3}",0.001817135838791728,97,90,57.311737060546875,0.003364001866430044,-0.002486037090420723,0.020543545484542847,0.03418905287981033,0.2354941409831147,0.00785673839184598,0.18133200705051422,0.9582228064537048,-0.6166003346443176,4.034086227416992
10,3,2,Neither,"{40, 3}",0.0014653296675533056,68,46,57.7609748840332,-3.881626616930589e-05,-0.0005441094981506467,0.015483513474464417,-0.013831342570483685,0.130898604837231,0.008277091557366612,0.08934904634952545,1.0054397583007812,-0.5972443222999573,2.785227060317993
10,3,2,Neither,"{43, 3}",0.0007140651578083634,12,67,57.977760314941406,0.002661918057128787,0.0011848832946270704,0.014396020211279392,0.026174083352088928,0.058040104678879205,0.002010338885697875,0.024898407980799675,0.9718682169914246,-0.6599074006080627,1.0796458721160889
10,3,2,Neither,"{50, 3}",0.0012235806789249182,51,47,57.812896728515625,0.0008531941566616297,-0.0009084347984753549,0.009851198643445969,-0.13472111523151398,0.13094861067124497,0.001145621181262729,0.08857779204845428,1.1334211826324463,-0.6873028874397278,2.770504951477051
10,3,2,Neither,"{3, 52}",0.002740289317443967,143,136,56.81692123413086,0.0025742242578417063,-0.001702463603578508,0.018314531072974205,0.027585919946432114,0.18667177837414364,0.011340298240914367,0.13894213736057281,0.9613866209983826,-0.5852359533309937,3.560908317565918
10,3,2,Neither,"{3, 53}",0.0015617855824530125,78,49,56.535400390625,0.001301583368331194,0.0011163802118971944,0.01666370779275894,-0.024365127086639404,0.1400496724617872,0.010711735301118781,0.09770187735557556,1.013392448425293,-0.5825905203819275,2.938546895980835
10,3,2,Neither,"{9, 7}",0.0012487965868785977,50,51,56.440574645996094,0.0014119839761406183,-0.0004977701464667916,0.007662092335522175,-0.08141802251338959,0.13084859900321705,0.003949044585987261,0.06945651769638062,1.0771474838256836,-0.6394608616828918,2.1195106506347656
10,3,2,Neither,"{10, 7}",0.0015188847901299596,79,52,57.02018356323242,0.001059480244293809,0.0027393337804824114,0.006553016137331724,-0.08135302364826202,0.17133665594319336,0.0031131433018776146,0.10481778532266617,1.0779865980148315,-0.657799243927002,2.7540111541748047
10,3,2,Neither,"{13, 7}",0.0009528496884740889,34,53,55.8521614074707,0.0003504214982967824,-0.0012503574835136533,0.006059124134480953,-0.06240406259894371,0.10122847665560981,0.002799275481640046,0.043393950909376144,1.0594301223754883,-0.6504698991775513,1.5030202865600586
10,3,2,Neither,"{14, 7}",0.0030570081435143948,160,148,56.62345886230469,0.00241163931787014,0.0014646351337432861,0.008256660774350166,-0.08878146857023239,0.17195339456269898,0.004943776657619232,0.10563269257545471,1.0833988189697266,-0.6356924772262573,2.7665607929229736
10,3,2,Neither,"{16, 7}",0.0009273886098526418,29,64,54.68532943725586,0.0023082352709025145,0.0012551536783576012,0.005582522135227919,0.09233289957046509,0.11054623039354591,0.022466827503015683,0.0534493587911129,0.8872746825218201,-0.5324403643608093,1.7596244812011719
10,3,2,Neither,"{22, 7}",0.032725922763347626,201,183,54.28849411010742,0.0010526194237172604,-0.0003188996633980423,0.007689405232667923,0.23346081376075745,0.07995932858833531,0.17094017094017094,0.03651087358593941,0.6355068683624268,-0.3264002203941345,1.3113843202590942
10,3,2,Neither,"{24, 7}",0.0019747037440538406,113,102,55.18498229980469,0.0013346190098673105,0.0001283713208977133,0.005670181941241026,-0.06827609241008759,0.1616855299784975,0.005670103092783505,0.09672689437866211,1.0622189044952393,-0.6266821026802063,2.624905824661255
10,3,2,Neither,"{26, 7}",0.004211373161524534,177,189,55.90238952636719,0.001405881019309163,-0.0006819356349296868,0.004089840222150087,-0.014654546044766903,0.22954344673545246,0.01140076973349793,0.15745222568511963,1.0030866861343384,-0.5978854298591614,3.4277894496917725
10,3,2,Neither,"{27, 7}",0.0007787317153997719,18,31,56.6273078918457,0.002074393443763256,0.0008035670034587383,0.004796109162271023,0.10895126312971115,0.07889253746270398,0.01669131628987957,0.024796543642878532,0.8761759400367737,-0.5542339086532593,0.9504584670066833
10,3,2,Neither,"{29, 7}",0.0008249650709331036,22,65,54.93147277832031,-7.1327613113680854e-06,-0.002013516379520297,0.007021126337349415,0.12822473049163818,0.08385978364142484,0.15384615384615385,0.03924664109945297,0.7376559972763062,-0.33869361877441406,1.3892253637313843
10,3,2,Neither,"{30, 7}",0.0022070836275815964,114,103,55.114105224609375,0.0006137937889434397,0.0001619387767277658,0.002000624779611826,-0.06473229080438614,0.14109979497608055,0.002598936798582398,0.07827500253915787,1.0619651079177856,-0.6600795388221741,2.296175241470337
10,3,2,Neither,"{33, 7}",0.0017108469037339091,99,89,55.799415588378906,0.002632634248584509,-5.8718018408399075e-05,0.015326742082834244,-0.0017921056132763624,0.230276865634324,0.07882736156351791,0.17165493965148926,0.9228234887123108,-0.41489923000335693,3.5717737674713135
10,3,2,Neither,"{50, 7}",0.0011490712640807033,44,70,56.29320526123047,0.0007310298387892544,0.00040971324779093266,0.002727214712649584,-0.09310055524110794,0.14203323721100794,0.0010562140593827016,0.07890073955059052,1.091946005821228,-0.6948981285095215,2.308192729949951
10,3,2,Neither,"{52, 7}",0.0026128655299544334,142,137,55.30576705932617,0.0012523999903351068,0.0030170113313943148,0.006422940641641617,-0.0822426974773407,0.1990398879869318,0.0041872539988275686,0.12926508486270905,1.0777111053466797,-0.6491999626159668,3.0985960960388184
10,3,2,Neither,"{53, 7}",0.0014419027138501406,74,66,54.97420883178711,0.001443211454898119,0.0006027118652127683,0.00924769602715969,0.007060768082737923,0.15066757788408647,0.01305454143157429,0.0880248174071312,0.9799768924713135,-0.5751776695251465,2.4762346744537354
10,3,2,Neither,"{9, 10}",0.00209276401437819,36,80,58.752899169921875,0.0012228605337440968,-0.00048366980627179146,0.018257083371281624,0.24431569874286652,0.22307602553631256,0.12710154673839946,0.03536126762628555,0.6596356630325317,-0.3832351863384247,0.6345005631446838
10,3,2,Neither,"{9, 14}",0.0037457256112247705,154,156,58.38844299316406,0.0017848032293841243,0.00257808156311512,0.009606887586414814,0.011859491467475891,0.23699431600353374,0.06484737656491771,0.036176178604364395,0.924062192440033,-0.47446417808532715,0.6470502614974976
10,3,2,Neither,"{16, 9}",0.0016056557651609182,59,11,56.52476119995117,0.0011606679763644934,0.00016350820078514516,0.011821819469332695,-0.04442813619971275,0.18875535479139233,0.020310844224655598,0.016007158905267715,1.0232149362564087,-0.5645016431808472,0.35988619923591614
10,3,2,Neither,"{9, 22}",0.03409142047166824,197,176,56.13031768798828,0.0003379326080903411,0.00028617720818147063,0.010008548386394978,-0.11110986769199371,0.16558598503158703,0.04590295953291725,0.03294564411044121,1.060106635093689,-0.4855654537677765,0.8081262707710266
10,3,2,Neither,"{24, 9}",0.0026234344113618135,128,116,56.979373931884766,0.0012924009934067726,-0.0007027059909887612,0.011453484185039997,-0.25907835364341736,0.2396112879835981,0.010643478260869565,0.027270376682281494,1.2456773519515991,-0.6265860199928284,0.5053951740264893
10,3,2,Neither,"{9, 26}",0.004831194877624512,174,201,57.670780181884766,0.0014865370467305183,-0.0007991973543539643,0.007081019692122936,-0.2811453640460968,0.3063024019468938,0.017686112320417936,0.08799571543931961,1.2584868669509888,-0.614902675151825,1.3082787990570068
10,3,2,Neither,"{9, 27}",0.0014420575462281704,69,14,58.403751373291016,0.0010787080973386765,-0.0009613229194656014,0.015874989330768585,-0.05699902027845383,0.1559848649009051,0.024257319940158152,0.044659972190856934,1.031359076499939,-0.5382509231567383,1.1690521240234375
10,3,2,Neither,"{9, 29}",0.0014916728250682354,73,15,56.72152328491211,0.00046897720312699676,-0.0016411510296165943,0.007100327871739864,-0.0414498895406723,0.17612054739719635,0.001135718341851221,0.030209872871637344,1.0402671098709106,-0.7069903612136841,0.7302852869033813
10,3,2,Neither,"{9, 30}",0.0028801176231354475,139,132,56.94215393066406,-0.0005124220042489469,0.002903400920331478,0.01319662481546402,0.18493099510669708,0.1969896487923591,0.12201726180402775,0.008818489499390125,0.7156165242195129,-0.38100865483283997,0.17666462063789368
10,3,2,Neither,"{9, 33}",0.002415059134364128,109,133,57.58296203613281,0.0022210029419511557,-0.0012543316697701812,0.01483683381229639,-0.1725825071334839,0.31773706932475454,0.032263141328297135,0.10219842940568924,1.134751319885254,-0.5711514353752136,1.4522631168365479
10,3,2,Neither,"{9, 39}",0.0014054514467716217,60,17,59.01683044433594,0.0016259426483884454,-0.0016157077625393867,0.012362878769636154,0.1297343224287033,0.14995082759655293,0.040351267229879945,0.04794871434569359,0.835149347782135,-0.49208274483680725,1.279265284538269
10,3,2,Neither,"{40, 9}",0.001992894569411874,107,93,57.979087829589844,0.0006174075533635914,-0.0008398284553550184,0.018667014315724373,0.4177989065647125,0.19840648075608822,0.12207006636982273,0.010215477086603642,0.511131763458252,-0.38138705492019653,0.20340411365032196
10,3,2,Neither,"{9, 43}",0.0013743021991103888,64,19,58.260345458984375,0.001048519043251872,-0.00031143485102802515,0.017210491001605988,0.3121083378791809,0.1422832663810778,0.04580599812558576,0.05423516407608986,0.6563820838928223,-0.4771476089954376,1.5021770000457764
10,3,2,Neither,"{9, 50}",0.0017716109286993742,33,20,58.03861999511719,0.0012290050508454442,0.0014682135079056025,0.01240722555667162,0.23505999147891998,0.20434050639241244,0.08516192185333224,0.00944422371685505,0.6997962594032288,-0.4310334324836731,0.18868210911750793
10,3,2,Neither,"{9, 52}",0.0032146398443728685,148,158,57.10731506347656,0.0008156774565577507,-0.006707583554089069,0.004778818693011999,-0.42607176303863525,0.27909922824329503,0.0011944577161968467,0.05980856344103813,1.4243683815002441,-0.7369818687438965,0.9790854454040527
10,3,2,Neither,"{9, 53}",0.0020880585070699453,105,92,56.77521514892578,0.0013929964043200016,0.0013843715423718095,0.017572205513715744,0.30481958389282227,0.20774090310536228,0.11770841691406564,0.01856830343604088,0.6133518218994141,-0.38943132758140564,0.3567240238189697
10,3,2,Neither,"{9, 60}",0.0012788587482646108,53,23,56.01831817626953,0.0014892293838784099,0.00017623651365283877,0.005288873799145222,0.028439324349164963,0.1481006117380361,0.012943162633652222,0.053172871470451355,0.9589856266975403,-0.5804356336593628,1.4633227586746216
10,3,2,Neither,"{10, 13}",0.001846720464527607,76,82,58.1816520690918,0.0004439197655301541,-0.00020624423632398248,0.03828296437859535,0.08010254800319672,0.2132415448468988,0.03908387399359024,0.061423834413290024,0.8839442729949951,-0.5145121812820435,1.250990867614746
10,3,2,Neither,"{10, 14}",0.003959910478442907,159,167,58.955142974853516,0.0012614572187885642,-0.0004345156776253134,0.012995698489248753,-0.12318454682826996,0.2800993449235744,0.04558438467031659,0.0008149098721332848,1.071984887123108,-0.5311198830604553,0.012549691833555698
10,3,2,Neither,"{16, 10}",0.001852389657869935,88,83,57.059364318847656,0.002373307943344116,-0.00014969428593758494,0.018707983195781708,0.028846297413110733,0.2282099578284133,0.021400920312614126,0.05136842653155327,0.9503701329231262,-0.5728105306625366,0.9943867921829224
10,3,2,Neither,"{10, 22}",0.03076045960187912,195,187,56.67644500732422,0.0013099969364702702,-0.00013765401672571898,0.006458371877670288,-0.059735529124736786,0.21304152151084293,0.0030514044284484783,0.06830690801143646,1.056501865386963,-0.6783328652381897,1.4426268339157104
10,3,2,Neither,"{24, 10}",0.0028256571386009455,137,140,57.549644470214844,0.0010892375139519572,0.0004092970921192318,0.005542022176086903,-0.2415912002325058,0.28164952577800745,0.0036101083032490976,0.008090890944004059,1.2371089458465576,-0.6981314420700073,0.12910540401935577
10,3,2,Neither,"{10, 26}",0.005028076935559511,176,200,58.24082946777344,0.0010573705658316612,-0.0002172483946196735,0.012533108703792095,-0.21250179409980774,0.34890737252679477,0.00950697496655838,0.05263444781303406,1.2009745836257935,-0.6742066740989685,0.673778235912323
10,3,2,Neither,"{10, 27}",0.0017007188871502876,89,59,58.95106506347656,0.0012129985261708498,-0.0024984320625662804,0.02254837192595005,-0.13350127637386322,0.1995399463270715,0.0036755492440063487,0.08002123981714249,1.1293350458145142,-0.6639498472213745,1.8035527467727661
10,3,2,Neither,"{10, 29}",0.0017397734336555004,93,73,57.26283645629883,0.0013898569159209728,0.0033989078365266323,0.02621862292289734,0.5872519612312317,0.1765205940693081,0.228328611898017,0.0655711442232132,0.3185058534145355,-0.269471675157547,1.36478590965271
10,3,2,Neither,"{10, 30}",0.0028768470510840416,134,125,57.4921760559082,5.830732698086649e-05,-0.001886134734377265,0.02717849425971508,0.8714732527732849,0.15618488823696097,0.6744930629669157,0.026542779058218002,0.04183634743094444,-0.04107356816530228,0.45783597230911255
10,3,2,Neither,"{33, 10}",0.0026447016280144453,131,135,58.13120651245117,0.0025617617648094893,0.0033836476504802704,0.021959014236927032,-0.10779900848865509,0.3526744786891804,0.0448530106815389,0.06683716177940369,1.0581108331680298,-0.5623781085014343,0.817762553691864
10,3,2,Neither,"{10, 39}",0.0017003940884023905,87,28,59.57072067260742,0.0013439696049317718,0.000855456804856658,0.02350146882236004,-0.1562228500843048,0.19452269431433666,0.010197086546700942,0.08330998569726944,1.144432783126831,-0.6071615219116211,1.913765788078308
10,3,2,Neither,"{40, 10}",0.0022400510497391224,104,96,58.51725769042969,0.001203448511660099,-0.0018991916440427303,0.029358547180891037,0.06169472634792328,0.2506125714666711,0.049950116395078153,0.025145791471004486,0.8914368152618408,-0.5087496042251587,0.43109646439552307
10,3,2,Neither,"{10, 43}",0.0016657888190820813,86,27,58.81920623779297,0.0008450338500551879,0.0015702059026807547,0.025131428614258766,0.09887947887182236,0.1837547713899955,0.030206821480406387,0.08959643542766571,0.8739005327224731,-0.522124171257019,2.1366775035858154
10,3,2,Neither,"{10, 50}",0.0018973248079419136,27,77,58.614315032958984,0.0005016656359657645,0.0007784523768350482,0.016461793333292007,0.9418210387229919,0.15541813211541347,0.6873659373659373,0.025917043909430504,0.018188724294304848,-0.03630391135811806,0.4458184838294983
10,3,2,Neither,"{10, 52}",0.0033916900865733624,153,166,57.67931365966797,0.0005383932730183005,0.001929674530401826,0.010720224119722843,-0.21872755885124207,0.3194039304585535,0.0016699718192255506,0.02444729581475258,1.216692328453064,-0.7404358386993408,0.3445848524570465
10,3,2,Neither,"{10, 53}",0.0023648757487535477,102,121,57.364925384521484,0.0005797368939965963,-0.0009279289515689015,0.02314525656402111,-0.1050526425242424,0.27154834730718586,0.004235467436007612,0.016792964190244675,1.1003721952438354,-0.6873205304145813,0.2777765691280365
10,3,2,Neither,"{10, 60}",0.0015165312215685844,82,26,56.60674285888672,0.0009863714221864939,-0.00010356299753766507,0.007755022495985031,0.21961799263954163,0.18560498724851232,0.026493039964077234,0.08853413909673691,0.7597073316574097,-0.5342271327972412,2.09782338142395
10,3,2,Neither,"{13, 14}",0.0033782573882490396,158,155,57.8141975402832,0.0010102400556206703,1.3745739124715328e-05,0.013836990110576153,0.020143110305070877,0.21014118313803276,0.05885619100499723,0.06223874166607857,0.9221862554550171,-0.4716121554374695,1.2635406255722046
10,3,2,Neither,"{16, 13}",0.0013107574777677655,31,25,55.9111328125,0.0010343912290409207,0.0009040860459208488,0.015008424408733845,-0.11880165338516235,0.1622689313753271,0.002876219825372368,0.010055406019091606,1.1155837774276733,-0.6675597429275513,0.2566041052341461
10,3,2,Neither,"{13, 22}",0.03828376904129982,208,178,55.50324630737305,0.0005233623087406158,0.0003563440986908972,0.00802671629935503,-0.06667481362819672,0.13648258963545748,0.050195407914020516,0.006883078254759312,1.0131326913833618,-0.4708721339702606,0.19163595139980316
10,3,2,Neither,"{24, 13}",0.00235935696400702,110,104,56.40693283081055,-0.00012925275950692594,0.0026126238517463207,0.011473046615719795,-0.2731351852416992,0.21212474788725352,0.0008643721515008643,0.053332943469285965,1.272034764289856,-0.7261149883270264,1.1218855381011963
25,3,2,Geometry_only,"{24, 33}",0.003107596654444933,20,128,56.32734298706055,0.0030797261279076338,0.00410553440451622,0.013846559450030327,0.019258206710219383,0.32893837614388344,0.09207459207459208,0.07492805272340775,0.8904404044151306,-0.47185343503952026,0.9468679428100586
25,3,2,Geometry_only,"{27, 3}",0.0008067735470831394,13,40,58.14839553833008,0.0017643733881413937,0.000743018405046314,0.014234814792871475,0.11061722785234451,0.06842464954244662,0.01023142509135201,0.03447359800338745,0.8802831172943115,-0.5837963819503784,1.4127707481384277
25,3,2,Geometry_only,"{3, 29}",0.0009210424614138901,17,41,56.45866775512695,0.0011963133001700044,-0.0009626538376323879,0.010404466651380062,-0.0425165556371212,0.08360975447135499,0.024720893141945772,0.04892369732260704,1.016744613647461,-0.5237833857536316,1.8515375852584839
25,3,2,Geometry_only,"{3, 39}",0.0006997589953243732,4,44,58.79304885864258,0.001322752214036882,0.0007649158942513168,0.01979614794254303,0.14014481008052826,0.06519093894287667,0.0025568908207619537,0.031184855848550797,0.8576566576957703,-0.6502664089202881,1.3025577068328857
25,3,2,Geometry_only,"{43, 3}",0.0007140651578083634,12,67,57.977760314941406,0.002661918057128787,0.0011848832946270704,0.014396020211279392,0.026174083352088928,0.058040104678879205,0.002010338885697875,0.024898407980799675,0.9718682169914246,-0.6599074006080627,1.0796458721160889
25,3,2,Geometry_only,"{3, 60}",0.000681936158798635,6,50,55.791954040527344,0.0008158428245224059,-0.0019196507055312395,0.008759668096899986,0.08574233204126358,0.05715666827796576,0.03878681831437737,0.02596070058643818,0.8787965178489685,-0.4971100986003876,1.1185001134872437
25,3,2,Geometry_only,"{27, 7}",0.0007787317153997719,18,31,56.6273078918457,0.002074393443763256,0.0008035670034587383,0.004796109162271023,0.10895126312971115,0.07889253746270398,0.01669131628987957,0.024796543642878532,0.8761759400367737,-0.5542339086532593,0.9504584670066833
25,3,2,Geometry_only,"{29, 7}",0.0008249650709331036,22,65,54.93147277832031,-7.1327613113680854e-06,-0.002013516379520297,0.007021126337349415,0.12822473049163818,0.08385978364142484,0.15384615384615385,0.03924664109945297,0.7376559972763062,-0.33869361877441406,1.3892253637313843
25,3,2,Geometry_only,"{43, 27}",0.0008771130815148354,11,30,58.476661682128906,0.00048559074639342725,-0.0007269220659509301,0.009754804894328117,-0.14509962499141693,0.0973280216025203,0.0032539818462065423,0.00957519095391035,1.1413735151290894,-0.6450952291488647,0.3331248164176941
25,3,2,Geometry_only,"{27, 60}",0.0008191068773157895,15,57,56.220706939697266,0.0016804042970761657,0.0005184310721233487,0.009490317665040493,0.09988811612129211,0.09709466104378844,0.018197424892703862,0.008512898348271847,0.8837321400642395,-0.549859344959259,0.2942705750465393
25,3,2,Geometry_only,"{60, 7}",0.0005933229112997651,0,78,54.14995574951172,0.0031105680391192436,-0.0003295555361546576,0.01067567989230156,0.5392708778381348,0.054389678795859514,0.29543365001532335,0.01628364622592926,0.3246142268180847,-0.2721656858921051,0.656187891960144
25,3,2,Geometry_only,"{29, 39}",0.0010063002118840814,7,56,57.55430221557617,0.001095747109502554,0.0033197980374097824,0.012348380871117115,-0.22351817786693573,0.12123081026119714,0.0013749484394335212,0.017738841474056244,1.2218358516693115,-0.684734046459198,0.5489799380302429
25,3,2,Geometry_only,"{43, 29}",0.0009735479252412915,16,54,56.77888870239258,0.00046499312156811357,0.0015648144762963057,0.01142652053385973,-0.06317882984876633,0.11402997016318571,0.00146177459435755,0.024025289341807365,1.0616246461868286,-0.6804311871528625,0.771891713142395
25,3,2,Geometry_only,"{60, 29}",0.0008373399614356458,19,75,54.45322036743164,0.0017017550999298692,0.0008538247784599662,0.011820179410278797,0.4451019763946533,0.09246078709182738,0.2482422931314224,0.02296299673616886,0.4171488583087921,-0.265130877494812,0.7330374717712402
25,3,2,Geometry_only,"{43, 39}",0.0007743893074803054,8,58,59.10516357421875,0.0004972158931195736,0.0020146656315773726,0.019034668803215027,0.386422723531723,0.08489323754438018,0.10583153347732181,0.0062864478677511215,0.5486414432525635,-0.3891053795814514,0.2229117751121521
25,3,2,Geometry_only,"{60, 39}",0.0007924916571937501,5,39,56.902099609375,0.0006820766720920801,0.0002900621038861573,0.005547347012907267,-0.19276584684848785,0.09492774156984982,0.001755926251097454,0.005224154330790043,1.190671443939209,-0.6698306798934937,0.18405751883983612
25,3,2,Geometry_only,"{40, 53}",0.002220685128122568,21,81,56.556175231933594,0.0004962189123034477,0.0002917865349445492,0.02655038796365261,0.1952553391456604,0.22354274665377627,0.09104466482738051,0.008352826349437237,0.7314769625663757,-0.42991068959236145,0.15331991016864777
25,3,2,Geometry_only,"{43, 60}",0.0007473353180103004,1,33,56.068355560302734,0.0017674590926617384,-0.0004748196224682033,0.005334935616701841,-0.04166647419333458,0.08734352341106462,0.006297709923664122,0.001062293304130435,1.0351063013076782,-0.6123221516609192,0.03885424882173538
25,3,2,Geometry_only,"{16, 27}",0.0010886604432016611,24,76,56.67741012573242,0.003038183320313692,-0.003112825797870755,0.022262079641222954,0.4976920485496521,0.11454669711466338,0.23472060535506403,0.028652813285589218,0.3844059109687805,-0.2668764889240265,0.8091659545898438
25,3,2,CARE_only,"{40, 27}",0.0015676983166486025,57,4,58.18129348754883,0.0005626921774819493,-0.0005962632712908089,0.011872824281454086,-0.18268270790576935,0.17060323704432184,0.005080605764533464,0.054875448346138,1.1766740083694458,-0.641227662563324,1.3724563121795654
25,3,2,CARE_only,"{40, 7}",0.0013621591497212648,62,2,56.21616744995117,0.0006409435300156474,-0.0009342263219878078,0.005204676650464535,-0.10404930263757706,0.14253329555114763,0.0037422523681440766,0.07967199385166168,1.0999176502227783,-0.6439900398254395,2.3229148387908936
25,3,2,CARE_only,"{9, 13}",0.0015781869878992438,42,9,57.593299865722656,0.0014766630483791232,-0.0008200126467272639,0.017872212454676628,0.3339287042617798,0.165635990865601,0.09318707859514944,0.02606256492435932,0.604002058506012,-0.40690553188323975,0.6164903044700623
25,3,2,CARE_only,"{16, 9}",0.0016056557651609182,59,11,56.52476119995117,0.0011606679763644934,0.00016350820078514516,0.011821819469332695,-0.04442813619971275,0.18875535479139233,0.020310844224655598,0.016007158905267715,1.0232149362564087,-0.5645016431808472,0.35988619923591614
25,3,2,CARE_only,"{9, 27}",0.0014420575462281704,69,14,58.403751373291016,0.0010787080973386765,-0.0009613229194656014,0.015874989330768585,-0.05699902027845383,0.1559848649009051,0.024257319940158152,0.044659972190856934,1.031359076499939,-0.5382509231567383,1.1690521240234375
25,3,2,CARE_only,"{9, 29}",0.0014916728250682354,73,15,56.72152328491211,0.00046897720312699676,-0.0016411510296165943,0.007100327871739864,-0.0414498895406723,0.17612054739719635,0.001135718341851221,0.030209872871637344,1.0402671098709106,-0.7069903612136841,0.7302852869033813
25,3,2,CARE_only,"{9, 39}",0.0014054514467716217,60,17,59.01683044433594,0.0016259426483884454,-0.0016157077625393867,0.012362878769636154,0.1297343224287033,0.14995082759655293,0.040351267229879945,0.04794871434569359,0.835149347782135,-0.49208274483680725,1.279265284538269
25,3,2,CARE_only,"{9, 43}",0.0013743021991103888,64,19,58.260345458984375,0.001048519043251872,-0.00031143485102802515,0.017210491001605988,0.3121083378791809,0.1422832663810778,0.04580599812558576,0.05423516407608986,0.6563820838928223,-0.4771476089954376,1.5021770000457764
25,3,2,CARE_only,"{9, 50}",0.0017716109286993742,33,20,58.03861999511719,0.0012290050508454442,0.0014682135079056025,0.01240722555667162,0.23505999147891998,0.20434050639241244,0.08516192185333224,0.00944422371685505,0.6997962594032288,-0.4310334324836731,0.18868210911750793
25,3,2,CARE_only,"{9, 60}",0.0012788587482646108,53,23,56.01831817626953,0.0014892293838784099,0.00017623651365283877,0.005288873799145222,0.028439324349164963,0.1481006117380361,0.012943162633652222,0.053172871470451355,0.9589856266975403,-0.5804356336593628,1.4633227586746216
25,3,2,CARE_only,"{27, 13}",0.0011440129019320011,39,24,57.83580017089844,6.976072472753003e-05,0.0028097154572606087,0.01443438045680523,-0.14665991067886353,0.12931508676012202,0.004640371229698376,0.018597407266497612,1.1413389444351196,-0.6357922554016113,0.55256187915802
25,3,2,CARE_only,"{29, 13}",0.0012023993767797947,41,22,56.09889602661133,0.0007206290611065924,0.0013133158208802342,0.01108597032725811,-0.087371826171875,0.14643375060423716,0.00022766078542970974,0.004147309344261885,1.087124228477478,-0.7456300854682922,0.11379498243331909
25,3,2,CARE_only,"{13, 39}",0.0011145374737679958,35,21,58.47634506225586,-9.425119060324505e-05,-0.0020564368460327387,0.02651740238070488,0.23738764226436615,0.11636357575050423,0.08408537458816788,0.021886151283979416,0.6984878182411194,-0.41194620728492737,0.662774920463562
25,3,2,CARE_only,"{43, 13}",0.0010512358276173472,40,18,57.68647766113281,0.00019795791013166308,-0.0001083385941456072,0.025125272572040558,0.5882682204246521,0.10141183138032771,0.17291255752794216,0.028172599151730537,0.3405381739139557,-0.3178412914276123,0.8856866955757141
25,3,2,CARE_only,"{50, 13}",0.0014843823155388236,47,16,57.474754333496094,-6.544454663526267e-05,0.0024192386772483587,0.024029703810811043,0.16619379818439484,0.18180454386345074,0.05546896488493628,0.03550678864121437,0.7875558137893677,-0.4710069000720978,0.8051724433898926
25,3,2,CARE_only,"{60, 13}",0.000995372305624187,37,13,55.42390823364258,0.00046798819676041603,-0.0008862065151333809,0.007319557946175337,-0.02578875608742237,0.11879719300585068,0.01150554230391469,0.027110306546092033,1.0139864683151245,-0.582744836807251,0.8468324542045593
25,3,2,CARE_only,"{16, 40}",0.0017486934084445238,70,10,56.28255844116211,0.0010568381985649467,0.0017032306641340256,0.013600191101431847,-0.12262972444295883,0.2029903488740353,0.006404992609623912,0.02622263692319393,1.1154392957687378,-0.6422283053398132,0.5632902979850769
25,3,2,CARE_only,"{16, 43}",0.0010696777608245611,30,8,56.5902214050293,0.0008721398189663887,0.0005010273889638484,0.009961356408894062,-0.1039082407951355,0.13031520344040137,0.0011511895625479663,0.038228005170822144,1.1026374101638794,-0.6924911141395569,1.1422908306121826
25,3,2,CARE_only,"{16, 50}",0.0014977927785366774,63,7,56.351036071777344,0.0014312149723991752,-7.334354449994862e-05,0.005294894799590111,-0.03830182924866676,0.20277365692664145,0.0031237155774763666,0.025451382622122765,1.0350584983825684,-0.6767066121101379,0.5485683083534241
25,3,2,Both,"{3, 7}",0.0006440352299250662,10,0,56.20747375488281,0.001033092848956585,0.000538165564648807,0.007181734777987003,-0.030315158888697624,0.04055473138532829,0.004110152075626798,0.009677055291831493,1.0260803699493408,-0.6348250508308411,0.4623122811317444
25,3,2,Both,"{39, 7}",0.0007400321192108095,14,1,57.293792724609375,0.0014414655743166804,-0.0011809875722974539,0.006477410905063152,-0.04281526431441307,0.07622555964862568,0.0028427727968510824,0.02150779962539673,1.0398508310317993,-0.647317111492157,0.8402454257011414
25,3,2,Both,"{43, 7}",0.0006985594518482685,9,3,56.509246826171875,0.0010092478478327394,-0.0007473374716937542,0.005593729205429554,-0.06820204108953476,0.06900805093927626,0.003381642512077295,0.015221352688968182,1.0645897388458252,-0.639715850353241,0.6173336505889893
25,3,2,Both,"{16, 39}",0.001103406073525548,23,12,57.34101486206055,0.0024573507253080606,-0.002901197411119938,0.01271335780620575,-0.11794207990169525,0.13711599686630108,0.0040116703136396795,0.03194155544042587,1.1134573221206665,-0.6442450881004333,0.9193789958953857
25,3,2,Both,"{27, 29}",0.0010505260434001684,3,6,56.91246032714844,0.0009663068922236562,0.0001706555049167946,0.018130287528038025,0.03921734169125557,0.1241311486340073,0.008325500201423391,0.014450098387897015,0.9527836441993713,-0.6038333177566528,0.4387668967247009
25,3,2,Both,"{27, 39}",0.0009003218729048967,2,5,59.21210861206055,0.0016853160923346877,-0.00020926547585986555,0.009028402157127857,-0.12895166873931885,0.10462887336855967,0.0020710530508204557,0.0032887435518205166,1.1266134977340698,-0.6654951572418213,0.11021304130554199
25,3,2,Neither,"{9, 3}",0.0013078555930405855,55,32,57.976318359375,0.0007940505747683346,-0.0015646128449589014,0.011100918054580688,-0.03159533441066742,0.11976397246345406,0.004314544189283229,0.07913357019424438,1.027144432067871,-0.6306244134902954,2.5818228721618652
25,3,2,Neither,"{10, 3}",0.0015861920546740294,85,72,58.51533126831055,0.001349961617961526,0.00034173805033788085,0.01911606267094612,-0.12938794493675232,0.16028536662610637,0.003119800332778702,0.11449483782052994,1.1258645057678223,-0.6519066095352173,3.2163236141204834
25,3,2,Neither,"{3, 13}",0.001040622591972351,32,34,57.37688446044922,0.000706042570527643,0.0017091252375394106,0.018663106486201286,-0.020617110654711723,0.08997716400246696,0.005001852537977029,0.05307100713253021,1.0155121088027954,-0.6208085417747498,1.9653326272964478
25,3,2,Neither,"{3, 14}",0.003167752642184496,161,149,58.127777099609375,0.0026700792368501425,-0.0016091999132186174,0.026164907962083817,0.06630825996398926,0.15671828379977665,0.03190810465858328,0.11530975252389908,0.9038994312286377,-0.5012296438217163,3.2288732528686523
25,3,2,Neither,"{16, 3}",0.0009878674754872918,26,68,56.238677978515625,0.002697314601391554,0.0006389252375811338,0.01823411136865616,0.27412065863609314,0.09561115463470739,0.06624825662482567,0.06312641501426697,0.6777911186218262,-0.4327497184276581,2.2219367027282715
25,3,2,Neither,"{3, 22}",0.031801462173461914,204,172,55.85410690307617,0.0014661638997495174,0.0006275984342209995,0.006339513696730137,-0.2184469848871231,0.08209291083959795,0.0054822335025380715,0.046187929809093475,1.2117671966552734,-0.6160958409309387,1.7736966609954834
25,3,2,Neither,"{24, 3}",0.0020549334585666656,111,100,56.74418640136719,0.0010737640550360084,0.0033136201091110706,0.012801590375602245,-0.002427639439702034,0.14971746703782107,0.012024048096192385,0.10640394687652588,0.9903743863105774,-0.5762397646903992,3.0872180461883545
25,3,2,Neither,"{26, 3}",0.0043193623423576355,178,190,57.42045593261719,0.0018973264377564192,-0.0014029877493157983,0.015452458523213863,0.03190091997385025,0.21917557048322303,0.008669860825918321,0.1671292930841446,0.9597057700157166,-0.6077519059181213,3.890101671218872
25,3,2,Neither,"{3, 30}",0.0022902963683009148,123,107,56.66572189331055,0.0007195085054263473,0.0003498910227790475,0.016477417200803757,-0.0804932713508606,0.12958178454152985,0.0061744275791098535,0.08795206248760223,1.0738219022750854,-0.6135115623474121,2.7584874629974365
25,3,2,Neither,"{33, 3}",0.001817135838791728,97,90,57.311737060546875,0.003364001866430044,-0.002486037090420723,0.020543545484542847,0.03418905287981033,0.2354941409831147,0.00785673839184598,0.18133200705051422,0.9582228064537048,-0.6166003346443176,4.034086227416992
25,3,2,Neither,"{40, 3}",0.0014653296675533056,68,46,57.7609748840332,-3.881626616930589e-05,-0.0005441094981506467,0.015483513474464417,-0.013831342570483685,0.130898604837231,0.008277091557366612,0.08934904634952545,1.0054397583007812,-0.5972443222999573,2.785227060317993
25,3,2,Neither,"{50, 3}",0.0012235806789249182,51,47,57.812896728515625,0.0008531941566616297,-0.0009084347984753549,0.009851198643445969,-0.13472111523151398,0.13094861067124497,0.001145621181262729,0.08857779204845428,1.1334211826324463,-0.6873028874397278,2.770504951477051
25,3,2,Neither,"{3, 52}",0.002740289317443967,143,136,56.81692123413086,0.0025742242578417063,-0.001702463603578508,0.018314531072974205,0.027585919946432114,0.18667177837414364,0.011340298240914367,0.13894213736057281,0.9613866209983826,-0.5852359533309937,3.560908317565918
25,3,2,Neither,"{3, 53}",0.0015617855824530125,78,49,56.535400390625,0.001301583368331194,0.0011163802118971944,0.01666370779275894,-0.024365127086639404,0.1400496724617872,0.010711735301118781,0.09770187735557556,1.013392448425293,-0.5825905203819275,2.938546895980835
25,3,2,Neither,"{9, 7}",0.0012487965868785977,50,51,56.440574645996094,0.0014119839761406183,-0.0004977701464667916,0.007662092335522175,-0.08141802251338959,0.13084859900321705,0.003949044585987261,0.06945651769638062,1.0771474838256836,-0.6394608616828918,2.1195106506347656
25,3,2,Neither,"{10, 7}",0.0015188847901299596,79,52,57.02018356323242,0.001059480244293809,0.0027393337804824114,0.006553016137331724,-0.08135302364826202,0.17133665594319336,0.0031131433018776146,0.10481778532266617,1.0779865980148315,-0.657799243927002,2.7540111541748047
25,3,2,Neither,"{13, 7}",0.0009528496884740889,34,53,55.8521614074707,0.0003504214982967824,-0.0012503574835136533,0.006059124134480953,-0.06240406259894371,0.10122847665560981,0.002799275481640046,0.043393950909376144,1.0594301223754883,-0.6504698991775513,1.5030202865600586
25,3,2,Neither,"{14, 7}",0.0030570081435143948,160,148,56.62345886230469,0.00241163931787014,0.0014646351337432861,0.008256660774350166,-0.08878146857023239,0.17195339456269898,0.004943776657619232,0.10563269257545471,1.0833988189697266,-0.6356924772262573,2.7665607929229736
25,3,2,Neither,"{16, 7}",0.0009273886098526418,29,64,54.68532943725586,0.0023082352709025145,0.0012551536783576012,0.005582522135227919,0.09233289957046509,0.11054623039354591,0.022466827503015683,0.0534493587911129,0.8872746825218201,-0.5324403643608093,1.7596244812011719
25,3,2,Neither,"{22, 7}",0.032725922763347626,201,183,54.28849411010742,0.0010526194237172604,-0.0003188996633980423,0.007689405232667923,0.23346081376075745,0.07995932858833531,0.17094017094017094,0.03651087358593941,0.6355068683624268,-0.3264002203941345,1.3113843202590942
25,3,2,Neither,"{24, 7}",0.0019747037440538406,113,102,55.18498229980469,0.0013346190098673105,0.0001283713208977133,0.005670181941241026,-0.06827609241008759,0.1616855299784975,0.005670103092783505,0.09672689437866211,1.0622189044952393,-0.6266821026802063,2.624905824661255
25,3,2,Neither,"{26, 7}",0.004211373161524534,177,189,55.90238952636719,0.001405881019309163,-0.0006819356349296868,0.004089840222150087,-0.014654546044766903,0.22954344673545246,0.01140076973349793,0.15745222568511963,1.0030866861343384,-0.5978854298591614,3.4277894496917725
25,3,2,Neither,"{30, 7}",0.0022070836275815964,114,103,55.114105224609375,0.0006137937889434397,0.0001619387767277658,0.002000624779611826,-0.06473229080438614,0.14109979497608055,0.002598936798582398,0.07827500253915787,1.0619651079177856,-0.6600795388221741,2.296175241470337
25,3,2,Neither,"{33, 7}",0.0017108469037339091,99,89,55.799415588378906,0.002632634248584509,-5.8718018408399075e-05,0.015326742082834244,-0.0017921056132763624,0.230276865634324,0.07882736156351791,0.17165493965148926,0.9228234887123108,-0.41489923000335693,3.5717737674713135
25,3,2,Neither,"{50, 7}",0.0011490712640807033,44,70,56.29320526123047,0.0007310298387892544,0.00040971324779093266,0.002727214712649584,-0.09310055524110794,0.14203323721100794,0.0010562140593827016,0.07890073955059052,1.091946005821228,-0.6948981285095215,2.308192729949951
25,3,2,Neither,"{52, 7}",0.0026128655299544334,142,137,55.30576705932617,0.0012523999903351068,0.0030170113313943148,0.006422940641641617,-0.0822426974773407,0.1990398879869318,0.0041872539988275686,0.12926508486270905,1.0777111053466797,-0.6491999626159668,3.0985960960388184
25,3,2,Neither,"{53, 7}",0.0014419027138501406,74,66,54.97420883178711,0.001443211454898119,0.0006027118652127683,0.00924769602715969,0.007060768082737923,0.15066757788408647,0.01305454143157429,0.0880248174071312,0.9799768924713135,-0.5751776695251465,2.4762346744537354
25,3,2,Neither,"{9, 10}",0.00209276401437819,36,80,58.752899169921875,0.0012228605337440968,-0.00048366980627179146,0.018257083371281624,0.24431569874286652,0.22307602553631256,0.12710154673839946,0.03536126762628555,0.6596356630325317,-0.3832351863384247,0.6345005631446838
25,3,2,Neither,"{9, 14}",0.0037457256112247705,154,156,58.38844299316406,0.0017848032293841243,0.00257808156311512,0.009606887586414814,0.011859491467475891,0.23699431600353374,0.06484737656491771,0.036176178604364395,0.924062192440033,-0.47446417808532715,0.6470502614974976
25,3,2,Neither,"{9, 22}",0.03409142047166824,197,176,56.13031768798828,0.0003379326080903411,0.00028617720818147063,0.010008548386394978,-0.11110986769199371,0.16558598503158703,0.04590295953291725,0.03294564411044121,1.060106635093689,-0.4855654537677765,0.8081262707710266
25,3,2,Neither,"{24, 9}",0.0026234344113618135,128,116,56.979373931884766,0.0012924009934067726,-0.0007027059909887612,0.011453484185039997,-0.25907835364341736,0.2396112879835981,0.010643478260869565,0.027270376682281494,1.2456773519515991,-0.6265860199928284,0.5053951740264893
25,3,2,Neither,"{9, 26}",0.004831194877624512,174,201,57.670780181884766,0.0014865370467305183,-0.0007991973543539643,0.007081019692122936,-0.2811453640460968,0.3063024019468938,0.017686112320417936,0.08799571543931961,1.2584868669509888,-0.614902675151825,1.3082787990570068
25,3,2,Neither,"{9, 30}",0.0028801176231354475,139,132,56.94215393066406,-0.0005124220042489469,0.002903400920331478,0.01319662481546402,0.18493099510669708,0.1969896487923591,0.12201726180402775,0.008818489499390125,0.7156165242195129,-0.38100865483283997,0.17666462063789368
25,3,2,Neither,"{9, 33}",0.002415059134364128,109,133,57.58296203613281,0.0022210029419511557,-0.0012543316697701812,0.01483683381229639,-0.1725825071334839,0.31773706932475454,0.032263141328297135,0.10219842940568924,1.134751319885254,-0.5711514353752136,1.4522631168365479
25,3,2,Neither,"{40, 9}",0.001992894569411874,107,93,57.979087829589844,0.0006174075533635914,-0.0008398284553550184,0.018667014315724373,0.4177989065647125,0.19840648075608822,0.12207006636982273,0.010215477086603642,0.511131763458252,-0.38138705492019653,0.20340411365032196
25,3,2,Neither,"{9, 52}",0.0032146398443728685,148,158,57.10731506347656,0.0008156774565577507,-0.006707583554089069,0.004778818693011999,-0.42607176303863525,0.27909922824329503,0.0011944577161968467,0.05980856344103813,1.4243683815002441,-0.7369818687438965,0.9790854454040527
25,3,2,Neither,"{9, 53}",0.0020880585070699453,105,92,56.77521514892578,0.0013929964043200016,0.0013843715423718095,0.017572205513715744,0.30481958389282227,0.20774090310536228,0.11770841691406564,0.01856830343604088,0.6133518218994141,-0.38943132758140564,0.3567240238189697
25,3,2,Neither,"{10, 13}",0.001846720464527607,76,82,58.1816520690918,0.0004439197655301541,-0.00020624423632398248,0.03828296437859535,0.08010254800319672,0.2132415448468988,0.03908387399359024,0.061423834413290024,0.8839442729949951,-0.5145121812820435,1.250990867614746
25,3,2,Neither,"{10, 14}",0.003959910478442907,159,167,58.955142974853516,0.0012614572187885642,-0.0004345156776253134,0.012995698489248753,-0.12318454682826996,0.2800993449235744,0.04558438467031659,0.0008149098721332848,1.071984887123108,-0.5311198830604553,0.012549691833555698
25,3,2,Neither,"{16, 10}",0.001852389657869935,88,83,57.059364318847656,0.002373307943344116,-0.00014969428593758494,0.018707983195781708,0.028846297413110733,0.2282099578284133,0.021400920312614126,0.05136842653155327,0.9503701329231262,-0.5728105306625366,0.9943867921829224
25,3,2,Neither,"{10, 22}",0.03076045960187912,195,187,56.67644500732422,0.0013099969364702702,-0.00013765401672571898,0.006458371877670288,-0.059735529124736786,0.21304152151084293,0.0030514044284484783,0.06830690801143646,1.056501865386963,-0.6783328652381897,1.4426268339157104
25,3,2,Neither,"{24, 10}",0.0028256571386009455,137,140,57.549644470214844,0.0010892375139519572,0.0004092970921192318,0.005542022176086903,-0.2415912002325058,0.28164952577800745,0.0036101083032490976,0.008090890944004059,1.2371089458465576,-0.6981314420700073,0.12910540401935577
25,3,2,Neither,"{10, 26}",0.005028076935559511,176,200,58.24082946777344,0.0010573705658316612,-0.0002172483946196735,0.012533108703792095,-0.21250179409980774,0.34890737252679477,0.00950697496655838,0.05263444781303406,1.2009745836257935,-0.6742066740989685,0.673778235912323
25,3,2,Neither,"{10, 27}",0.0017007188871502876,89,59,58.95106506347656,0.0012129985261708498,-0.0024984320625662804,0.02254837192595005,-0.13350127637386322,0.1995399463270715,0.0036755492440063487,0.08002123981714249,1.1293350458145142,-0.6639498472213745,1.8035527467727661
25,3,2,Neither,"{10, 29}",0.0017397734336555004,93,73,57.26283645629883,0.0013898569159209728,0.0033989078365266323,0.02621862292289734,0.5872519612312317,0.1765205940693081,0.228328611898017,0.0655711442232132,0.3185058534145355,-0.269471675157547,1.36478590965271
25,3,2,Neither,"{10, 30}",0.0028768470510840416,134,125,57.4921760559082,5.830732698086649e-05,-0.001886134734377265,0.02717849425971508,0.8714732527732849,0.15618488823696097,0.6744930629669157,0.026542779058218002,0.04183634743094444,-0.04107356816530228,0.45783597230911255
25,3,2,Neither,"{33, 10}",0.0026447016280144453,131,135,58.13120651245117,0.0025617617648094893,0.0033836476504802704,0.021959014236927032,-0.10779900848865509,0.3526744786891804,0.0448530106815389,0.06683716177940369,1.0581108331680298,-0.5623781085014343,0.817762553691864
25,3,2,Neither,"{10, 39}",0.0017003940884023905,87,28,59.57072067260742,0.0013439696049317718,0.000855456804856658,0.02350146882236004,-0.1562228500843048,0.19452269431433666,0.010197086546700942,0.08330998569726944,1.144432783126831,-0.6071615219116211,1.913765788078308
25,3,2,Neither,"{40, 10}",0.0022400510497391224,104,96,58.51725769042969,0.001203448511660099,-0.0018991916440427303,0.029358547180891037,0.06169472634792328,0.2506125714666711,0.049950116395078153,0.025145791471004486,0.8914368152618408,-0.5087496042251587,0.43109646439552307
25,3,2,Neither,"{10, 43}",0.0016657888190820813,86,27,58.81920623779297,0.0008450338500551879,0.0015702059026807547,0.025131428614258766,0.09887947887182236,0.1837547713899955,0.030206821480406387,0.08959643542766571,0.8739005327224731,-0.522124171257019,2.1366775035858154
25,3,2,Neither,"{10, 50}",0.0018973248079419136,27,77,58.614315032958984,0.0005016656359657645,0.0007784523768350482,0.016461793333292007,0.9418210387229919,0.15541813211541347,0.6873659373659373,0.025917043909430504,0.018188724294304848,-0.03630391135811806,0.4458184838294983
25,3,2,Neither,"{10, 52}",0.0033916900865733624,153,166,57.67931365966797,0.0005383932730183005,0.001929674530401826,0.010720224119722843,-0.21872755885124207,0.3194039304585535,0.0016699718192255506,0.02444729581475258,1.216692328453064,-0.7404358386993408,0.3445848524570465
25,3,2,Neither,"{10, 53}",0.0023648757487535477,102,121,57.364925384521484,0.0005797368939965963,-0.0009279289515689015,0.02314525656402111,-0.1050526425242424,0.27154834730718586,0.004235467436007612,0.016792964190244675,1.1003721952438354,-0.6873205304145813,0.2777765691280365
25,3,2,Neither,"{10, 60}",0.0015165312215685844,82,26,56.60674285888672,0.0009863714221864939,-0.00010356299753766507,0.007755022495985031,0.21961799263954163,0.18560498724851232,0.026493039964077234,0.08853413909673691,0.7597073316574097,-0.5342271327972412,2.09782338142395
25,3,2,Neither,"{13, 14}",0.0033782573882490396,158,155,57.8141975402832,0.0010102400556206703,1.3745739124715328e-05,0.013836990110576153,0.020143110305070877,0.21014118313803276,0.05885619100499723,0.06223874166607857,0.9221862554550171,-0.4716121554374695,1.2635406255722046
25,3,2,Neither,"{16, 13}",0.0013107574777677655,31,25,55.9111328125,0.0010343912290409207,0.0009040860459208488,0.015008424408733845,-0.11880165338516235,0.1622689313753271,0.002876219825372368,0.010055406019091606,1.1155837774276733,-0.6675597429275513,0.2566041052341461
25,3,2,Neither,"{13, 22}",0.03828376904129982,208,178,55.50324630737305,0.0005233623087406158,0.0003563440986908972,0.00802671629935503,-0.06667481362819672,0.13648258963545748,0.050195407914020516,0.006883078254759312,1.0131326913833618,-0.4708721339702606,0.19163595139980316
25,3,2,Neither,"{24, 13}",0.00235935696400702,110,104,56.40693283081055,-0.00012925275950692594,0.0026126238517463207,0.011473046615719795,-0.2731351852416992,0.21212474788725352,0.0008643721515008643,0.053332943469285965,1.272034764289856,-0.7261149883270264,1.1218855381011963
10,4,0,Geometry_only,"{2, 6}",0.002792720915749669,8,57,54.7252197265625,0.00012462103040888906,-0.0019621567334979773,0.02082599699497223,-0.11154234409332275,0.2312269764805894,0.030420991926182236,0.016065366566181183,1.0777281522750854,-0.5476443767547607,0.3014678955078125
10,4,0,Geometry_only,"{43, 7}",0.0006985594518482685,2,192,56.509246826171875,0.0010092478478327394,-0.0007473374716937542,0.005593729205429554,-0.06820204108953476,0.06900805093927626,0.003381642512077295,0.015221352688968182,1.0645897388458252,-0.639715850353241,0.6173336505889893
10,4,0,Geometry_only,"{60, 38}",0.0007312503294087946,3,169,56.42906951904297,0.0015703035751357675,0.0003403125156182796,0.0069068437442183495,-0.12313957512378693,0.08097611387995265,0.015026759983532317,0.00603906437754631,1.106262445449829,-0.5618927478790283,0.22776107490062714
10,4,0,Geometry_only,"{60, 7}",0.0005933229112997651,7,78,54.14995574951172,0.0031105680391192436,-0.0003295555361546576,0.01067567989230156,0.5392708778381348,0.054389678795859514,0.29543365001532335,0.01628364622592926,0.3246142268180847,-0.2721656858921051,0.656187891960144
10,4,0,Geometry_only,"{16, 62}",0.0013317171251401305,0,50,54.179534912109375,0.001819013967178762,-0.002641271101310849,0.009010959416627884,0.18264460563659668,0.1935225776340573,0.10172265288544358,0.03400793671607971,0.7342118620872498,-0.40321338176727295,0.7065351605415344
10,4,0,Geometry_only,"{40, 17}",0.0022785980254411697,6,27,58.9118537902832,0.00043410094804130495,0.00023016930208541453,0.06040051206946373,0.3265579342842102,0.261847215508476,0.13660958686103508,0.05525380000472069,0.5814434289932251,-0.38746780157089233,0.8470260500907898
10,4,0,Geometry_only,"{41, 28}",0.0025286234449595213,5,14,57.56617736816406,-7.13844783604145e-05,-0.0016093709273263812,0.02820984274148941,-0.07412566244602203,0.2213091527344857,0.018603600210891014,0.060943618416786194,1.0541430711746216,-0.5796773433685303,1.2220585346221924
10,4,0,Geometry_only,"{5, 6}",0.0030890246853232384,4,102,57.030967712402344,0.0012137930607423186,0.0012831399217247963,0.012042117305099964,0.032563891261816025,0.34339006217392026,0.09499538857337023,0.10419204831123352,0.8755341172218323,-0.4709220230579376,1.2701025009155273
10,4,0,Geometry_only,"{43, 60}",0.0007473353180103004,1,165,56.068355560302734,0.0017674590926617384,-0.0004748196224682033,0.005334935616701841,-0.04166647419333458,0.08734352341106462,0.006297709923664122,0.001062293304130435,1.0351063013076782,-0.6123221516609192,0.03885424882173538
10,4,0,Geometry_only,"{56, 30}",0.003476646263152361,9,159,56.29664611816406,9.606969251763076e-05,-0.0015497528947889805,0.009654109366238117,-0.15705178678035736,0.2915173436900972,0.021613585682428955,0.05822240188717842,1.132043719291687,-0.5972605347633362,0.8930726051330566
10,4,0,CARE_only,"{40, 38}",0.001505135791376233,67,0,58.37440872192383,0.0007501842919737101,0.0004430893459357321,0.021443037316203117,0.0657910406589508,0.15226776457253346,0.01663929939792009,0.06942741572856903,0.9186643958091736,-0.5622789859771729,1.894487977027893
10,4,0,CARE_only,"{43, 38}",0.0008067801245488226,10,2,58.634613037109375,0.00184365373570472,-0.0024277125485241413,0.03249184042215347,0.2805343568325043,0.07699231577017318,0.051742801472180126,0.004976771306246519,0.6822384595870972,-0.4666942059993744,0.18890681862831116
10,4,0,CARE_only,"{51, 38}",0.0011770975543186069,45,1,57.63325119018555,0.0015711396699771285,0.0002798882778733969,0.025201549753546715,0.024531405419111252,0.17468704682212924,0.024713740458015266,0.09055685997009277,0.9513611197471619,-0.5356268286705017,2.2625389099121094
10,4,0,CARE_only,"{40, 41}",0.002169632585719228,30,7,57.40342712402344,0.0012097699800506234,0.0028190622106194496,0.021992884576320648,0.19097496569156647,0.16960312036404246,0.14958230958230959,0.034357182681560516,0.6880092024803162,-0.3417951166629791,0.7688302397727966
10,4,0,CARE_only,"{40, 43}",0.0014933006605133414,52,6,58.026371002197266,0.0009228269336745143,0.0013257747050374746,0.02400399185717106,0.5532476305961609,0.14208324304502193,0.12963397465978413,0.06445064395666122,0.3888380825519562,-0.35257065296173096,1.7055810689926147
10,4,0,CARE_only,"{41, 43}",0.001530567998997867,61,3,57.696922302246094,0.0013272726209834218,0.00193635409232229,0.011957130394876003,0.16921214759349823,0.11194639374593703,0.0821917808219178,0.03009345754981041,0.7625039219856262,-0.41378551721572876,0.9367508888244629
10,4,0,CARE_only,"{43, 28}",0.001781394355930388,85,4,58.162696838378906,0.0005178072024136782,0.002263330854475498,0.02535734325647354,0.33378568291664124,0.17855416465254279,0.06945481702763256,0.0910370796918869,0.6199425458908081,-0.43590047955513,2.1588094234466553
10,4,0,CARE_only,"{51, 43}",0.0012080685701221228,24,8,57.296390533447266,0.0012034751707687974,-0.00021621724590659142,0.010151591151952744,-0.21613100171089172,0.18415481806210723,0.0029869659666908036,0.08558008819818497,1.212498426437378,-0.6671865582466125,2.07363224029541
10,4,0,CARE_only,"{20, 38}",0.0015050318324938416,47,5,59.197750091552734,0.0009971025865525007,-0.0018048158381134272,0.020715096965432167,0.02233276702463627,0.1985731668694681,0.025266515571224713,0.11202100664377213,0.9529649615287781,-0.5379793047904968,2.577842950820923
10,4,0,CARE_only,"{43, 20}",0.0014916802756488323,73,9,58.870365142822266,0.000633247836958617,-7.121730595827103e-05,0.011739138513803482,-0.23823818564414978,0.2075908856033204,0.008190139714148064,0.10704423487186432,1.228096842765808,-0.6211892366409302,2.3889362812042236
10,4,0,Neither,"{2, 5}",0.0028562715742737055,15,139,56.85896682739258,0.001591227250173688,-0.001730501651763916,0.009091204963624477,-0.08879639208316803,0.33828946710449553,0.05710766198571077,0.1202574148774147,1.0266177654266357,-0.5235185623168945,1.5715703964233398
10,4,0,Neither,"{2, 7}",0.0015327398432418704,90,133,54.59646987915039,0.0006568037206307054,-0.0003168974944856018,0.007928794249892235,-0.01652642711997032,0.13448235627489874,0.010039662865642042,0.07335644215345383,1.006320834159851,-0.5897241234779358,2.1993632316589355
10,4,0,Neither,"{2, 11}",0.002777174348011613,115,79,56.99195861816406,0.0010819981107488275,-0.001382885966449976,0.009059466421604156,0.01684436947107315,0.23252712816495258,0.06351254480286739,0.023952530696988106,0.9207128882408142,-0.4757504165172577,0.4351133108139038
10,4,0,Neither,"{2, 12}",0.0031508118845522404,189,156,56.29458236694336,0.0006963933701626956,-0.0006776892114430666,0.004938080906867981,-0.2989276647567749,0.33150534228993384,0.004475060337892196,0.09876416623592377,1.2931149005889893,-0.7013538479804993,1.3769161701202393
10,4,0,Neither,"{2, 15}",0.003470011753961444,191,157,56.023582458496094,0.001205942127853632,0.00018086234922520816,0.013144934549927711,0.29147738218307495,0.3254212991515677,0.18593453874916765,0.14498120546340942,0.5767837762832642,-0.35438215732574463,1.7673561573028564
10,4,0,Neither,"{16, 2}",0.001916408073157072,118,178,54.67521286010742,0.0007066667312756181,0.0007744385511614382,0.006091104820370674,-0.10866837203502655,0.19517277015651827,0.009650696045776752,0.019907085224986076,1.0979689359664917,-0.6166407465934753,0.4397386908531189
10,4,0,Neither,"{17, 2}",0.00243648374453187,157,86,57.364315032958984,0.0005746760871261358,0.0005591403460130095,0.017166348174214363,0.30880483984947205,0.24317837080992782,0.1941188566728357,0.06156935170292854,0.5570211410522461,-0.32267263531684875,0.9705776572227478
10,4,0,Neither,"{2, 20}",0.0023131731431931257,40,83,57.01881790161133,0.000911957526113838,-0.001366597251035273,0.005370830185711384,-0.20834647119045258,0.2684646542096578,0.027629454861542283,0.04890914633870125,1.1749604940414429,-0.569004476070404,0.8069067597389221
10,4,0,Neither,"{2, 26}",0.005061372648924589,183,195,55.896484375,-0.00026786295347847044,-0.0015377409290522337,0.007692699320614338,-0.13982780277729034,0.3063524077809078,0.03210185537842102,0.0840957909822464,1.103237271308899,-0.5690368413925171,1.2284263372421265
10,4,0,Neither,"{2, 28}",0.0025261281989514828,186,127,56.30297088623047,0.00026860408252105117,0.001742314314469695,0.0191664919257164,0.20625852048397064,0.2277599053222876,0.13078161592505855,0.03290198743343353,0.6899346709251404,-0.3812069594860077,0.5767799019813538
10,4,0,Neither,"{2, 30}",0.0030997712165117264,159,163,55.067142486572266,0.00037700426764786243,-0.0019044340588152409,0.002939513185992837,-0.11879763752222061,0.22392612471455003,0.006997171356260235,0.004918563179671764,1.1109691858291626,-0.6454272866249084,0.09681212157011032
10,4,0,Neither,"{2, 38}",0.001699895248748362,62,30,56.80060958862305,0.0013218361418694258,-0.003516543423756957,0.01471666619181633,0.051223475486040115,0.1425999699964996,0.03483343074225599,0.06311186403036118,0.9157273769378662,-0.50146484375,1.770936369895935
10,4,0,Neither,"{40, 2}",0.0022749165073037148,155,99,56.174156188964844,0.00026253037503920496,-0.002113980706781149,0.014760073274374008,0.19009292125701904,0.20862433950627574,0.08852668584212209,0.006315551698207855,0.7382087111473083,-0.4278178811073303,0.1235516145825386
10,4,0,Neither,"{41, 2}",0.00238556950353086,167,190,55.82526779174805,0.001005492522381246,-0.0018227221444249153,0.010727222077548504,-9.594799485057592e-05,0.18143783441401498,0.03472668810289389,0.02804163098335266,0.9653659462928772,-0.5172157287597656,0.6452786326408386
10,4,0,Neither,"{2, 43}",0.0016581923700869083,92,43,56.464637756347656,0.0007353205000981688,-0.0007811005343683064,0.012275110930204391,0.12544092535972595,0.14855066424416183,0.03175493716337523,0.05813508853316307,0.8467875123023987,-0.5119955539703369,1.5820294618606567
10,4,0,Neither,"{2, 51}",0.0020493443589657545,146,181,55.400360107421875,0.0012590354308485985,-0.00039286899846047163,0.00995715707540512,-0.043611712753772736,0.23957795076092211,0.048911152856049536,0.027445001527667046,0.9925674796104431,-0.5061861276626587,0.49160265922546387
10,4,0,Neither,"{56, 2}",0.00275231059640646,154,123,55.733436584472656,0.002159752417355776,0.0015647122636437416,0.010034380480647087,0.22621040046215057,0.2525627989932159,0.156876979936642,0.06314096599817276,0.6523998379707336,-0.3611246943473816,0.9898847341537476
10,4,0,Neither,"{2, 60}",0.001577603630721569,77,220,54.177181243896484,0.0001010283303912729,0.0001964775292435661,0.004593298304826021,-0.08589036762714386,0.1526678112446452,0.011900862539578557,0.05707279592752457,1.072967290878296,-0.5867945551872253,1.543175220489502
10,4,0,Neither,"{2, 61}",0.005252599250525236,190,144,55.41151428222656,0.0015229342970997095,0.00010920022032223642,0.01597842015326023,-0.04003903269767761,0.2804660543730102,0.035659099013431596,0.0616421140730381,1.002952218055725,-0.5509735941886902,0.9714761972427368
10,4,0,Neither,"{2, 62}",0.0019525405950844288,123,171,54.0804443359375,0.00047622586134821177,-0.001070736674591899,0.01221191044896841,-0.061572033911943436,0.22497624722884335,0.04904793657849892,0.014100851491093636,1.0095040798187256,-0.5006188750267029,0.26679643988609314
10,4,0,Neither,"{5, 7}",0.0019462675554677844,124,130,56.919246673583984,0.0012874248204752803,0.0010755677940323949,0.009028134867548943,-0.09083706885576248,0.2719650625906356,0.005945084579553812,0.19361385703086853,1.084351897239685,-0.6453346014022827,3.7709336280822754
10,4,0,Neither,"{11, 5}",0.0031853073742240667,145,131,59.218685150146484,0.0016938033513724804,-0.0011949974577873945,0.01663813926279545,0.005651804618537426,0.3566249395762839,0.07969151670951156,0.09630488604307175,0.9151070713996887,-0.5005224943161011,1.136457085609436
10,4,0,Neither,"{12, 5}",0.0035249339416623116,199,161,58.56315612792969,0.0008468482992611825,-0.001294192741625011,0.025691675022244453,0.11735410243272781,0.40596402913673263,0.1595565592280846,0.021493248641490936,0.7418139576911926,-0.4468799829483032,0.19465425610542297
10,4,0,Neither,"{5, 15}",0.003886094782501459,195,162,58.31336975097656,0.0009487882489338517,-0.002369166351854801,0.040818389505147934,0.3200482130050659,0.4108646008701015,0.27457503346991763,0.024723783135414124,0.49325400590896606,-0.3677542507648468,0.1957857608795166
10,4,0,Neither,"{16, 5}",0.0022900805342942476,153,186,56.99685287475586,0.0012697030324488878,-0.00023298071755561978,0.010928953997790813,-0.09247881174087524,0.3239544613538246,0.03349626961667095,0.14016449451446533,1.055884838104248,-0.5636001229286194,2.0113091468811035
10,4,0,Neither,"{17, 5}",0.002856736769899726,185,150,59.58235549926758,0.0010475898161530495,-0.0029090361203998327,0.03597332164645195,0.10100598633289337,0.36930975280449385,0.15927965336703376,0.05868806317448616,0.755802571773529,-0.4223288595676422,0.6009927988052368
10,4,0,Neither,"{20, 5}",0.002725770231336355,63,111,59.266937255859375,0.0007968436693772674,0.0003739100357051939,0.014915878884494305,0.14606036245822906,0.3660593735935859,0.12995765220163016,0.07134827226400375,0.7429636716842651,-0.44765111804008484,0.7646636962890625
10,4,0,Neither,"{26, 5}",0.005559951066970825,175,149,58.133453369140625,0.0015612448332831264,0.0013303039595484734,0.02276827022433281,0.07679463922977448,0.39407930925274615,0.151890702986211,0.0361616276204586,0.7829790711402893,-0.4458155333995819,0.34314411878585815
10,4,0,Neither,"{28, 5}",0.0029094151686877012,197,153,58.60203170776367,-0.0006131750997155905,0.0016832437831908464,0.019804352894425392,0.11465449631214142,0.34252329438434487,0.15407075770110468,0.08735542744398117,0.7489396333694458,-0.407542884349823,0.9947905540466309
10,4,0,Neither,"{5, 30}",0.003501299535855651,181,151,57.4074821472168,-0.00026293296832591295,0.0022923757787793875,0.010769965127110481,-0.1542859524488449,0.3563415731835381,0.01936570305921976,0.11533885449171066,1.1319323778152466,-0.6264770030975342,1.474758267402649
10,4,0,Neither,"{5, 38}",0.0020952713675796986,109,53,59.01832962036133,0.0024743210524320602,0.0006473021931014955,0.031872279942035675,0.27584171295166016,0.26776457253346225,0.06555029880478087,0.18336927890777588,0.6766895055770874,-0.4525053799152374,3.3425066471099854
10,4,0,Neither,"{40, 5}",0.0027151491958647966,182,141,58.43593215942383,0.0008396885241381824,-0.00044367354712449014,0.013289053924381733,-0.0671655610203743,0.34168986381744537,0.06775940289770233,0.11394186317920685,0.9948550462722778,-0.5080304145812988,1.4480187892913818
10,4,0,Neither,"{41, 5}",0.00274415360763669,187,137,58.0958251953125,0.0016869379905983806,4.2156178096774966e-05,0.01609933190047741,0.05085982009768486,0.3023852782824663,0.07640152141557797,0.14829905331134796,0.8766244053840637,-0.4652245044708252,2.2168490886688232
10,4,0,Neither,"{43, 5}",0.0020494305063039064,131,73,58.7275276184082,0.0008511877385899425,-0.0007214806973934174,0.019857127219438553,0.1045818030834198,0.27734902405280615,0.049281807800949574,0.17839249968528748,0.8512903451919556,-0.49154528975486755,3.153599977493286
10,4,0,Neither,"{51, 5}",0.0024062360171228647,162,140,57.70595932006836,0.0012888034107163548,0.0010475267190486193,0.017738305032253265,-0.035203829407691956,0.35845848682346276,0.08532899325738201,0.0928124189376831,0.9468709230422974,-0.49402570724487305,1.079967737197876
10,4,0,Neither,"{56, 5}",0.0032442633528262377,172,146,58.043975830078125,0.001508740708231926,-0.0018782364204525948,0.011825566180050373,-0.11184535920619965,0.3966296067874585,0.08396722000420256,0.05711645260453224,1.018486738204956,-0.5205413699150085,0.5816857218742371
10,4,0,Neither,"{60, 5}",0.0019358418649062514,119,101,56.510169982910156,0.0010367002105340362,-0.0011370658176019788,0.005839184857904911,-0.1202300414443016,0.2889337089327088,0.01142263759086189,0.17733021080493927,1.1074340343475342,-0.6191256046295166,3.114745616912842
10,4,0,Neither,"{61, 5}",0.005787604954093695,178,147,57.746517181396484,0.0004994675400666893,-0.0036248289979994297,0.01683470606803894,-0.12761296331882477,0.3964629206740786,0.08009249527012824,0.0586153045296669,1.037299633026123,-0.5256433486938477,0.600094199180603
10,4,0,Neither,"{5, 62}",0.002344307955354452,156,134,56.41230010986328,0.0015712545718997717,-4.51503146905452e-05,0.014695685356855392,0.03958982229232788,0.34212324771223307,0.09247259439707674,0.10615656524896622,0.8715985417366028,-0.47322210669517517,1.3047740459442139
10,4,0,Neither,"{6, 7}",0.0018607421079650521,121,176,54.76195526123047,0.000761059985961765,0.0006240542279556394,0.007443157024681568,0.07167625427246094,0.14973413564915908,0.030056773906267393,0.08942180871963501,0.9004213213920593,-0.5111866593360901,2.500831127166748
10,4,0,Neither,"{11, 6}",0.003061312949284911,126,82,57.1656608581543,0.0006291503086686134,-0.0017128305044025183,0.008243714459240437,-0.11812112480401993,0.25938026103045353,0.02435576119786646,0.007887163199484348,1.0908883810043335,-0.5773926377296448,0.1336454153060913
10,4,0,Neither,"{12, 6}",0.0033603350166231394,198,155,56.46855545043945,0.0003136429004371166,0.0013817360159009695,0.01657937467098236,0.39790835976600647,0.2785825012918174,0.26135343744390593,0.08269879966974258,0.4447329342365265,-0.28409841656684875,1.0754482746124268
10,4,0,Neither,"{6, 15}",0.00379932695068419,194,164,56.20162582397461,0.0006965764332562685,-0.0003129176620859653,0.00996648520231247,-0.28945228457450867,0.4014468354641375,0.007183192160770636,0.12891583144664764,1.280189871788025,-0.702262282371521,1.465888261795044
10,4,0,Neither,"{16, 6}",0.0022186373826116323,148,187,54.853702545166016,0.0003269402077421546,0.001375366235151887,0.011494385078549385,-0.06296153366565704,0.21270814928408313,0.012930021158216442,0.03597244992852211,1.0492174625396729,-0.6038280129432678,0.7412065863609314
10,4,0,Neither,"{17, 6}",0.0027670084964483976,180,132,57.535308837890625,0.00018285709666088223,0.0008139124256558716,0.015165201388299465,-0.27122971415519714,0.307602553631257,0.0038474043567790182,0.04550398513674736,1.26633882522583,-0.7034608721733093,0.6691097617149353
10,4,0,Neither,"{20, 6}",0.002632235176861286,50,48,57.18507766723633,0.0007317441049963236,0.002120321150869131,0.007892118766903877,0.216356560587883,0.26398079775973865,0.1147944686493654,0.032843779772520065,0.6936855316162109,-0.4154185652732849,0.5054388046264648
10,4,0,Neither,"{26, 6}",0.005295742303133011,161,126,55.99609375,0.0020450062584131956,0.0011853825999423862,0.039094895124435425,0.2642175257205963,0.2758488490323871,0.21294338026466855,0.06803042441606522,0.5791024565696716,-0.3218614459037781,0.926958441734314
10,4,0,Neither,"{28, 6}",0.0028690125327557325,196,148,56.478939056396484,-0.00018470667419023812,-0.0008207361097447574,0.02755054272711277,-0.27469727396965027,0.27564882569633126,0.0010884682832436356,0.01683662086725235,1.2733098268508911,-0.7405364513397217,0.27531197667121887
10,4,0,Neither,"{6, 30}",0.0033177463337779045,173,129,55.24144744873047,0.00010324567119823769,0.0045017157681286335,0.007352459244430065,-0.11878859251737595,0.24311169636457586,0.003222488858416181,0.011146803386509418,1.1151833534240723,-0.6895208358764648,0.20465578138828278
10,4,0,Neither,"{38, 6}",0.0019936382304877043,96,47,56.972312927246094,0.0009614387527108192,0.006307255942374468,0.02105872333049774,-0.052709415555000305,0.1621355824846232,0.023645522771666497,0.07917722314596176,1.0278176069259644,-0.5371783971786499,2.072404146194458
10,4,0,Neither,"{40, 6}",0.0026319099124521017,177,119,56.31705856323242,0.0009952656691893935,0.0014702747575938702,0.00943115446716547,-0.3112149238586426,0.24541196472921842,0.0003396047001290498,0.009749814867973328,1.3107696771621704,-0.7642402648925781,0.1779162883758545
10,4,0,Neither,"{41, 6}",0.002683683531358838,188,166,56.00828552246094,0.0003380553680472076,0.0011856933124363422,0.013606948778033257,-0.05777692794799805,0.201890220525728,0.021053500660501982,0.044106997549533844,1.0355069637298584,-0.5647584795951843,0.9467465281486511
10,4,0,Neither,"{43, 6}",0.0019943860825151205,122,74,56.62477493286133,0.0008216706337407231,-0.002298003528267145,0.00831969641149044,-0.28471294045448303,0.1716033537246012,0.0003885381253035454,0.07420045882463455,1.2842137813568115,-0.7353872060775757,1.8834973573684692
10,4,0,Neither,"{51, 6}",0.0022907762322574854,158,114,55.58253479003906,0.0006469771615229547,0.0025691005866974592,0.03047768957912922,0.285835325717926,0.2269431433667261,0.1883951524054352,0.011379634961485863,0.5796195268630981,-0.32549333572387695,0.19013474881649017
10,4,0,Neither,"{56, 6}",0.00312109780497849,164,194,55.949161529541016,0.0003313231572974473,-2.0092367776669562e-05,0.009960593655705452,-0.1352018415927887,0.3001850215858517,0.03464934199566883,0.04707559943199158,1.0958678722381592,-0.5635059475898743,0.6884168386459351
10,4,0,Neither,"{60, 6}",0.0018853493966162205,105,223,54.33563232421875,0.0005041675758548081,0.0014880960807204247,0.005554614122956991,-0.07817933708429337,0.1706865801010118,0.012890625,0.07313816249370575,1.0642809867858887,-0.5852370262145996,1.8446431159973145
10,4,0,Neither,"{61, 6}",0.0056994156911969185,176,135,55.60866165161133,0.00037643456016667187,0.0007708891644142568,0.02946462854743004,-0.10509736090898514,0.29238411147967264,0.056382190297018416,0.04557674750685692,1.0427895784378052,-0.51325923204422,0.6700083017349243
10,4,0,Neither,"{62, 6}",0.002292296150699258,152,118,54.24253463745117,0.000764357449952513,-0.0009894530521705747,0.015057175420224667,0.05470547452569008,0.2405613988298635,0.057580376940133036,0.0019645148422569036,0.8908641338348389,-0.49034571647644043,0.034671466797590256
10,4,0,Neither,"{11, 7}",0.0017822975059971213,114,33,57.050567626953125,0.0008236479479819536,0.002895289333537221,0.007001160643994808,-0.11144223064184189,0.16250229193405896,0.004718432659759976,0.09730897098779678,1.1061979532241821,-0.6363106966018677,2.63447642326355
10,4,0,Neither,"{12, 7}",0.0022520865313708782,132,189,56.33716583251953,0.0010501451324671507,0.0006899969885125756,0.006667313631623983,-0.039651449769735336,0.2479289250412548,0.004168347451929542,0.1721206158399582,1.0353177785873413,-0.6590176820755005,3.576279401779175
10,4,0,Neither,"{15, 7}",0.0026577620301395655,163,168,56.09120178222656,0.0006670498987659812,-0.0005626610945910215,0.008130364120006561,-0.08796704560518265,0.2999849982497958,0.006389953881202423,0.21833764016628265,1.0810149908065796,-0.646803081035614,3.966719388961792
10,4,0,Neither,"{16, 7}",0.0009273886098526418,19,69,54.68532943725586,0.0023082352709025145,0.0012551536783576012,0.005582522135227919,0.09233289957046509,0.11054623039354591,0.022466827503015683,0.0534493587911129,0.8872746825218201,-0.5324403643608093,1.7596244812011719
10,4,0,Neither,"{17, 7}",0.0015552337281405926,65,34,57.41934585571289,0.0004389797686599195,0.0006944178603589535,0.007790477015078068,-0.10024140775203705,0.20570733252212758,0.00316019771493396,0.13492579758167267,1.0967644453048706,-0.6638156771659851,3.169940710067749
10,4,0,Neither,"{20, 7}",0.0013566199922934175,83,89,57.06809997558594,0.0009992560371756554,-0.0014297922607511282,0.004884851165115833,-0.10107444226741791,0.19135565816011868,0.002613240418118467,0.12226558476686478,1.098197102546692,-0.6694316864013672,3.006269931793213
10,4,0,Neither,"{26, 7}",0.004211373161524534,211,225,55.90238952636719,0.001405881019309163,-0.0006819356349296868,0.004089840222150087,-0.014654546044766903,0.22954344673545246,0.01140076973349793,0.15745222568511963,1.0030866861343384,-0.5978854298591614,3.4277894496917725
10,4,0,Neither,"{28, 7}",0.0016705900197848678,75,170,56.361358642578125,5.6131255405489355e-05,0.0007205115398392081,0.007708628661930561,-0.07470915466547012,0.1728368309636124,0.0039540939338412575,0.10625842958688736,1.0704596042633057,-0.6469377875328064,2.7761430740356445
10,4,0,Neither,"{30, 7}",0.0022070836275815964,143,221,55.114105224609375,0.0006137937889434397,0.0001619387767277658,0.002000624779611826,-0.06473229080438614,0.14109979497608055,0.002598936798582398,0.07827500253915787,1.0619651079177856,-0.6600795388221741,2.296175241470337
10,4,0,Neither,"{38, 7}",0.0006908122450113297,17,29,56.84721374511719,0.0015120941679924726,-0.0033939373679459095,0.014055314473807812,-0.06850793212652206,0.06284066474422016,0.011140583554376658,0.01024458184838295,1.0566041469573975,-0.5810078978538513,0.4284268021583557
10,4,0,Neither,"{40, 7}",0.0013621591497212648,51,191,56.21616744995117,0.0006409435300156474,-0.0009342263219878078,0.005204676650464535,-0.10404930263757706,0.14253329555114763,0.0037422523681440766,0.07967199385166168,1.0999176502227783,-0.6439900398254395,2.3229148387908936
10,4,0,Neither,"{41, 7}",0.00142480933573097,54,179,55.881229400634766,0.0008961044950410724,0.0023835974279791117,0.007868570275604725,-0.03150974586606026,0.10276198889870485,0.009245742092457421,0.045314811170101166,1.02197265625,-0.5911259055137634,1.5540845394134521
10,4,0,Neither,"{51, 7}",0.0010514649329707026,23,93,55.44776916503906,0.0014607891207560897,-0.0014209882356226444,0.008715919218957424,-0.07059276849031448,0.1657693397563049,0.00904977375565611,0.10080144554376602,1.0609041452407837,-0.6009300947189331,2.6909658908843994
10,4,0,Neither,"{56, 7}",0.0018974901176989079,110,196,55.81686782836914,0.0010696101235225797,7.513687160098925e-05,0.005701628513634205,-0.10103665292263031,0.20737419365592652,0.0037778313640382606,0.1364974081516266,1.096877098083496,-0.6558151245117188,3.1892478466033936
10,4,0,Neither,"{61, 7}",0.004209984093904495,212,219,55.46067810058594,0.0016694136429578066,-0.00033405155409127474,0.011024708859622478,0.024050943553447723,0.2017402030236861,0.02330000826241428,0.13499855995178223,0.9532094597816467,-0.5397814512252808,3.170839309692383
10,4,0,Neither,"{62, 7}",0.0010130220325663686,20,32,54.109134674072266,0.0014290723484009504,0.0007393186097033322,0.01588013581931591,0.053972989320755005,0.149834147317187,0.014350873289576148,0.08745729178190231,0.9324507117271423,-0.5686239004135132,2.4661595821380615
25,4,0,Geometry_only,"{2, 5}",0.0028562715742737055,15,139,56.85896682739258,0.001591227250173688,-0.001730501651763916,0.009091204963624477,-0.08879639208316803,0.33828946710449553,0.05710766198571077,0.1202574148774147,1.0266177654266357,-0.5235185623168945,1.5715703964233398
25,4,0,Geometry_only,"{2, 6}",0.002792720915749669,8,57,54.7252197265625,0.00012462103040888906,-0.0019621567334979773,0.02082599699497223,-0.11154234409332275,0.2312269764805894,0.030420991926182236,0.016065366566181183,1.0777281522750854,-0.5476443767547607,0.3014678955078125
25,4,0,Geometry_only,"{16, 38}",0.0010406657820567489,16,35,56.886436462402344,0.0028428377117961645,-0.001317833550274372,0.011929221451282501,0.007841592654585838,0.1228810027836581,0.015328269126424309,0.04320477694272995,0.9769503474235535,-0.5636049509048462,1.3311976194381714
25,4,0,Geometry_only,"{16, 43}",0.0010696777608245611,11,28,56.5902214050293,0.0008721398189663887,0.0005010273889638484,0.009961356408894062,-0.1039082407951355,0.13031520344040137,0.0011511895625479663,0.038228005170822144,1.1026374101638794,-0.6924911141395569,1.1422908306121826
25,4,0,Geometry_only,"{16, 60}",0.0009592524147592485,13,39,54.240108489990234,0.0027596019208431244,-0.0009523030603304505,0.011309521272778511,0.340690016746521,0.12031403663760772,0.09448600720421169,0.03716571256518364,0.5970144271850586,-0.39666178822517395,1.1034365892410278
25,4,0,Geometry_only,"{16, 62}",0.0013317171251401305,0,50,54.179534912109375,0.001819013967178762,-0.002641271101310849,0.009010959416627884,0.18264460563659668,0.1935225776340573,0.10172265288544358,0.03400793671607971,0.7342118620872498,-0.40321338176727295,0.7065351605415344
25,4,0,Geometry_only,"{40, 17}",0.0022785980254411697,6,27,58.9118537902832,0.00043410094804130495,0.00023016930208541453,0.06040051206946373,0.3265579342842102,0.261847215508476,0.13660958686103508,0.05525380000472069,0.5814434289932251,-0.38746780157089233,0.8470260500907898
25,4,0,Geometry_only,"{5, 6}",0.0030890246853232384,4,102,57.030967712402344,0.0012137930607423186,0.0012831399217247963,0.012042117305099964,0.032563891261816025,0.34339006217392026,0.09499538857337023,0.10419204831123352,0.8755341172218323,-0.4709220230579376,1.2701025009155273
25,4,0,Geometry_only,"{16, 7}",0.0009273886098526418,19,69,54.68532943725586,0.0023082352709025145,0.0012551536783576012,0.005582522135227919,0.09233289957046509,0.11054623039354591,0.022466827503015683,0.0534493587911129,0.8872746825218201,-0.5324403643608093,1.7596244812011719
25,4,0,Geometry_only,"{56, 30}",0.003476646263152361,9,159,56.29664611816406,9.606969251763076e-05,-0.0015497528947889805,0.009654109366238117,-0.15705178678035736,0.2915173436900972,0.021613585682428955,0.05822240188717842,1.132043719291687,-0.5972605347633362,0.8930726051330566
25,4,0,Geometry_only,"{38, 7}",0.0006908122450113297,17,29,56.84721374511719,0.0015120941679924726,-0.0033939373679459095,0.014055314473807812,-0.06850793212652206,0.06284066474422016,0.011140583554376658,0.01024458184838295,1.0566041469573975,-0.5810078978538513,0.4284268021583557
25,4,0,Geometry_only,"{43, 7}",0.0006985594518482685,2,192,56.509246826171875,0.0010092478478327394,-0.0007473374716937542,0.005593729205429554,-0.06820204108953476,0.06900805093927626,0.003381642512077295,0.015221352688968182,1.0645897388458252,-0.639715850353241,0.6173336505889893
25,4,0,Geometry_only,"{60, 38}",0.0007312503294087946,3,169,56.42906951904297,0.0015703035751357675,0.0003403125156182796,0.0069068437442183495,-0.12313957512378693,0.08097611387995265,0.015026759983532317,0.00603906437754631,1.106262445449829,-0.5618927478790283,0.22776107490062714
25,4,0,Geometry_only,"{62, 38}",0.001153952325694263,21,31,56.358829498291016,0.0011121074203401804,-0.0015996412839740515,0.023797597736120224,-0.01494118943810463,0.15905188938709516,0.02934395304967512,0.07721271365880966,0.9851588010787964,-0.5186780691146851,2.0377328395843506
25,4,0,Geometry_only,"{60, 7}",0.0005933229112997651,7,78,54.14995574951172,0.0031105680391192436,-0.0003295555361546576,0.01067567989230156,0.5392708778381348,0.054389678795859514,0.29543365001532335,0.01628364622592926,0.3246142268180847,-0.2721656858921051,0.656187891960144
25,4,0,Geometry_only,"{51, 7}",0.0010514649329707026,23,93,55.44776916503906,0.0014607891207560897,-0.0014209882356226444,0.008715919218957424,-0.07059276849031448,0.1657693397563049,0.00904977375565611,0.10080144554376602,1.0609041452407837,-0.6009300947189331,2.6909658908843994
25,4,0,Geometry_only,"{62, 7}",0.0010130220325663686,20,32,54.109134674072266,0.0014290723484009504,0.0007393186097033322,0.01588013581931591,0.053972989320755005,0.149834147317187,0.014350873289576148,0.08745729178190231,0.9324507117271423,-0.5686239004135132,2.4661595821380615
25,4,0,Geometry_only,"{43, 60}",0.0007473353180103004,1,165,56.068355560302734,0.0017674590926617384,-0.0004748196224682033,0.005334935616701841,-0.04166647419333458,0.08734352341106462,0.006297709923664122,0.001062293304130435,1.0351063013076782,-0.6123221516609192,0.03885424882173538
25,4,0,Geometry_only,"{43, 62}",0.001147130155004561,12,38,56.013423919677734,0.0007570211309939623,0.0032216368708759546,0.008472319692373276,-0.17487238347530365,0.16811961395496142,0.007733491969066032,0.07223594188690186,1.1657865047454834,-0.6158642768859863,1.8488259315490723
25,4,0,Geometry_only,"{51, 62}",0.0015071923844516277,22,55,54.91659927368164,0.0021435851231217384,0.0014048746088519692,0.021761592477560043,0.11868274956941605,0.24594536029203407,0.08742799051169095,0.013344149105250835,0.8042654395103455,-0.4440859258174896,0.22480621933937073
25,4,0,Geometry_only,"{60, 62}",0.0010318963322788477,18,36,53.669212341308594,0.001514418632723391,0.0023241087328642607,0.013082276098430157,0.3542346954345703,0.15656826629773474,0.08985414670499307,0.07117364555597305,0.5877406001091003,-0.40282270312309265,1.8099716901779175
25,4,0,CARE_only,"{17, 28}",0.0024621463380753994,42,10,59.03657531738281,0.0003665591939352453,0.0010297775734215975,0.0346318818628788,0.8843358755111694,0.19555614821729203,0.6776338220252301,0.02866736613214016,0.03728620335459709,-0.044857148081064224,0.39379778504371643
25,4,0,CARE_only,"{17, 38}",0.0016939113847911358,84,17,59.55077362060547,6.159942131489515e-06,-0.003311775391921401,0.04133542254567146,0.1707356721162796,0.2115413464904239,0.030966826885194233,0.12468121200799942,0.803584635257721,-0.5225255489349365,2.741513967514038
25,4,0,CARE_only,"{17, 41}",0.00240657152608037,46,18,58.5809211730957,0.0010435190051794052,-0.0009256480261683464,0.0310981385409832,-0.06244003027677536,0.25211274648709014,0.024396694214876034,0.0896109864115715,1.036520004272461,-0.5673972368240356,1.6158562898635864
25,4,0,CARE_only,"{17, 43}",0.0016618630615994334,64,15,59.19948959350586,0.0005014349590055645,0.0014821095392107964,0.039201267063617706,0.2639067471027374,0.212924841231477,0.05104117739157664,0.11970444023609161,0.6985222101211548,-0.47585228085517883,2.5526070594787598
25,4,0,CARE_only,"{20, 38}",0.0015050318324938416,47,5,59.197750091552734,0.0009971025865525007,-0.0018048158381134272,0.020715096965432167,0.02233276702463627,0.1985731668694681,0.025266515571224713,0.11202100664377213,0.9529649615287781,-0.5379793047904968,2.577842950820923
25,4,0,CARE_only,"{43, 20}",0.0014916802756488323,73,9,58.870365142822266,0.000633247836958617,-7.121730595827103e-05,0.011739138513803482,-0.23823818564414978,0.2075908856033204,0.008190139714148064,0.10704423487186432,1.228096842765808,-0.6211892366409302,2.3889362812042236
25,4,0,CARE_only,"{28, 38}",0.0018335905624553561,116,12,58.51765441894531,9.534662967780605e-05,0.0037004733458161354,0.025791194289922714,0.1298363208770752,0.17957094994416015,0.03165320709180358,0.09601384401321411,0.8426201939582825,-0.5150916576385498,2.3477160930633545
25,4,0,CARE_only,"{40, 28}",0.0024277828633785248,29,19,57.85862350463867,0.0008275978034362197,-0.0028287272434681654,0.04102810472249985,0.3279343843460083,0.23352724484523193,0.13383297644539616,0.026586435735225677,0.5821210741996765,-0.38068389892578125,0.45322826504707336
25,4,0,CARE_only,"{43, 28}",0.001781394355930388,85,4,58.162696838378906,0.0005178072024136782,0.002263330854475498,0.02535734325647354,0.33378568291664124,0.17855416465254279,0.06945481702763256,0.0910370796918869,0.6199425458908081,-0.43590047955513,2.1588094234466553
25,4,0,CARE_only,"{40, 38}",0.001505135791376233,67,0,58.37440872192383,0.0007501842919737101,0.0004430893459357321,0.021443037316203117,0.0657910406589508,0.15226776457253346,0.01663929939792009,0.06942741572856903,0.9186643958091736,-0.5622789859771729,1.894487977027893
25,4,0,CARE_only,"{41, 38}",0.0015593643765896559,93,13,58.01633071899414,0.0022068219259381294,-0.0022097802720963955,0.017247434705495834,-0.009308718144893646,0.1140466387745237,0.012277111955568546,0.035070229321718216,0.9969173073768616,-0.5770782232284546,1.1256576776504517
25,4,0,CARE_only,"{51, 38}",0.0011770975543186069,45,1,57.63325119018555,0.0015711396699771285,0.0002798882778733969,0.025201549753546715,0.024531405419111252,0.17468704682212924,0.024713740458015266,0.09055685997009277,0.9513611197471619,-0.5356268286705017,2.2625389099121094
25,4,0,CARE_only,"{56, 38}",0.0020426204428076744,113,23,57.97217559814453,0.0017634790856391191,0.0007619058596901596,0.013922423124313354,0.09580134600400925,0.21297484706549097,0.03248023792752602,0.12625283002853394,0.8748300671577454,-0.5184040665626526,2.7608211040496826
25,4,0,CARE_only,"{40, 41}",0.002169632585719228,30,7,57.40342712402344,0.0012097699800506234,0.0028190622106194496,0.021992884576320648,0.19097496569156647,0.16960312036404246,0.14958230958230959,0.034357182681560516,0.6880092024803162,-0.3417951166629791,0.7688302397727966
25,4,0,CARE_only,"{40, 43}",0.0014933006605133414,52,6,58.026371002197266,0.0009228269336745143,0.0013257747050374746,0.02400399185717106,0.5532476305961609,0.14208324304502193,0.12963397465978413,0.06445064395666122,0.3888380825519562,-0.35257065296173096,1.7055810689926147
25,4,0,CARE_only,"{40, 56}",0.0026209470815956593,49,24,57.341732025146484,0.001344956224784255,-0.0015441401628777385,0.016550790518522263,0.24993495643138885,0.26286400080009337,0.13906150919467344,0.056825414299964905,0.6457598805427551,-0.38512206077575684,0.8663331270217896
25,4,0,CARE_only,"{41, 43}",0.001530567998997867,61,3,57.696922302246094,0.0013272726209834218,0.00193635409232229,0.011957130394876003,0.16921214759349823,0.11194639374593703,0.0821917808219178,0.03009345754981041,0.7625039219856262,-0.41378551721572876,0.9367508888244629
25,4,0,CARE_only,"{11, 38}",0.0019648580346256495,95,16,59.1087646484375,0.003278724616393447,0.0011752672726288438,0.022698864340782166,0.12876765429973602,0.16870301535179105,0.03734808813358364,0.08706439286470413,0.8386934995651245,-0.4982070028781891,2.206049680709839
25,4,0,CARE_only,"{40, 11}",0.002595207653939724,88,21,58.55048370361328,0.0008695611031726003,-0.00029013684252277017,0.017758844420313835,0.07874087989330292,0.23434400680079343,0.08613699409630841,0.01763697899878025,0.8419046401977539,-0.44093239307403564,0.3115617036819458
25,4,0,CARE_only,"{43, 11}",0.0019353603711351752,107,11,58.82158279418945,0.0015522384783253074,0.0009982662741094828,0.014198347926139832,-0.010907456278800964,0.17828746687113498,0.013556469708302168,0.08208762109279633,0.9972031116485596,-0.5830929279327393,2.0171427726745605
25,4,0,CARE_only,"{16, 17}",0.001935503794811666,56,20,57.49159240722656,0.000579787592869252,-0.0011269955430179834,0.023922568187117577,-0.2078646421432495,0.2661143800110013,0.0055120576260569995,0.08147643506526947,1.2012068033218384,-0.6687062382698059,1.4103163480758667
25,4,0,Both,"{40, 51}",0.0018694070167839527,14,22,57.03089141845703,2.5688408641144633e-05,-0.00018963994807563722,0.012722392566502094,-0.23754465579986572,0.2572800160018669,0.004859086491739553,0.02112944982945919,1.2315312623977661,-0.6756863594055176,0.36805105209350586
25,4,0,Both,"{41, 28}",0.0025286234449595213,5,14,57.56617736816406,-7.13844783604145e-05,-0.0016093709273263812,0.02820984274148941,-0.07412566244602203,0.2213091527344857,0.018603600210891014,0.060943618416786194,1.0541430711746216,-0.5796773433685303,1.2220585346221924
25,4,0,Both,"{43, 38}",0.0008067801245488226,10,2,58.634613037109375,0.00184365373570472,-0.0024277125485241413,0.03249184042215347,0.2805343568325043,0.07699231577017318,0.051742801472180126,0.004976771306246519,0.6822384595870972,-0.4666942059993744,0.18890681862831116
25,4,0,Both,"{51, 43}",0.0012080685701221228,24,8,57.296390533447266,0.0012034751707687974,-0.00021621724590659142,0.010151591151952744,-0.21613100171089172,0.18415481806210723,0.0029869659666908036,0.08558008819818497,1.212498426437378,-0.6671865582466125,2.07363224029541
25,4,0,Neither,"{2, 7}",0.0015327398432418704,90,133,54.59646987915039,0.0006568037206307054,-0.0003168974944856018,0.007928794249892235,-0.01652642711997032,0.13448235627489874,0.010039662865642042,0.07335644215345383,1.006320834159851,-0.5897241234779358,2.1993632316589355
25,4,0,Neither,"{2, 11}",0.002777174348011613,115,79,56.99195861816406,0.0010819981107488275,-0.001382885966449976,0.009059466421604156,0.01684436947107315,0.23252712816495258,0.06351254480286739,0.023952530696988106,0.9207128882408142,-0.4757504165172577,0.4351133108139038
25,4,0,Neither,"{2, 12}",0.0031508118845522404,189,156,56.29458236694336,0.0006963933701626956,-0.0006776892114430666,0.004938080906867981,-0.2989276647567749,0.33150534228993384,0.004475060337892196,0.09876416623592377,1.2931149005889893,-0.7013538479804993,1.3769161701202393
25,4,0,Neither,"{2, 15}",0.003470011753961444,191,157,56.023582458496094,0.001205942127853632,0.00018086234922520816,0.013144934549927711,0.29147738218307495,0.3254212991515677,0.18593453874916765,0.14498120546340942,0.5767837762832642,-0.35438215732574463,1.7673561573028564
25,4,0,Neither,"{16, 2}",0.001916408073157072,118,178,54.67521286010742,0.0007066667312756181,0.0007744385511614382,0.006091104820370674,-0.10866837203502655,0.19517277015651827,0.009650696045776752,0.019907085224986076,1.0979689359664917,-0.6166407465934753,0.4397386908531189
25,4,0,Neither,"{17, 2}",0.00243648374453187,157,86,57.364315032958984,0.0005746760871261358,0.0005591403460130095,0.017166348174214363,0.30880483984947205,0.24317837080992782,0.1941188566728357,0.06156935170292854,0.5570211410522461,-0.32267263531684875,0.9705776572227478
25,4,0,Neither,"{2, 20}",0.0023131731431931257,40,83,57.01881790161133,0.000911957526113838,-0.001366597251035273,0.005370830185711384,-0.20834647119045258,0.2684646542096578,0.027629454861542283,0.04890914633870125,1.1749604940414429,-0.569004476070404,0.8069067597389221
25,4,0,Neither,"{2, 26}",0.005061372648924589,183,195,55.896484375,-0.00026786295347847044,-0.0015377409290522337,0.007692699320614338,-0.13982780277729034,0.3063524077809078,0.03210185537842102,0.0840957909822464,1.103237271308899,-0.5690368413925171,1.2284263372421265
25,4,0,Neither,"{2, 28}",0.0025261281989514828,186,127,56.30297088623047,0.00026860408252105117,0.001742314314469695,0.0191664919257164,0.20625852048397064,0.2277599053222876,0.13078161592505855,0.03290198743343353,0.6899346709251404,-0.3812069594860077,0.5767799019813538
25,4,0,Neither,"{2, 30}",0.0030997712165117264,159,163,55.067142486572266,0.00037700426764786243,-0.0019044340588152409,0.002939513185992837,-0.11879763752222061,0.22392612471455003,0.006997171356260235,0.004918563179671764,1.1109691858291626,-0.6454272866249084,0.09681212157011032
25,4,0,Neither,"{2, 38}",0.001699895248748362,62,30,56.80060958862305,0.0013218361418694258,-0.003516543423756957,0.01471666619181633,0.051223475486040115,0.1425999699964996,0.03483343074225599,0.06311186403036118,0.9157273769378662,-0.50146484375,1.770936369895935
25,4,0,Neither,"{40, 2}",0.0022749165073037148,155,99,56.174156188964844,0.00026253037503920496,-0.002113980706781149,0.014760073274374008,0.19009292125701904,0.20862433950627574,0.08852668584212209,0.006315551698207855,0.7382087111473083,-0.4278178811073303,0.1235516145825386
25,4,0,Neither,"{41, 2}",0.00238556950353086,167,190,55.82526779174805,0.001005492522381246,-0.0018227221444249153,0.010727222077548504,-9.594799485057592e-05,0.18143783441401498,0.03472668810289389,0.02804163098335266,0.9653659462928772,-0.5172157287597656,0.6452786326408386
25,4,0,Neither,"{2, 43}",0.0016581923700869083,92,43,56.464637756347656,0.0007353205000981688,-0.0007811005343683064,0.012275110930204391,0.12544092535972595,0.14855066424416183,0.03175493716337523,0.05813508853316307,0.8467875123023987,-0.5119955539703369,1.5820294618606567
25,4,0,Neither,"{2, 51}",0.0020493443589657545,146,181,55.400360107421875,0.0012590354308485985,-0.00039286899846047163,0.00995715707540512,-0.043611712753772736,0.23957795076092211,0.048911152856049536,0.027445001527667046,0.9925674796104431,-0.5061861276626587,0.49160265922546387
25,4,0,Neither,"{56, 2}",0.00275231059640646,154,123,55.733436584472656,0.002159752417355776,0.0015647122636437416,0.010034380480647087,0.22621040046215057,0.2525627989932159,0.156876979936642,0.06314096599817276,0.6523998379707336,-0.3611246943473816,0.9898847341537476
25,4,0,Neither,"{2, 60}",0.001577603630721569,77,220,54.177181243896484,0.0001010283303912729,0.0001964775292435661,0.004593298304826021,-0.08589036762714386,0.1526678112446452,0.011900862539578557,0.05707279592752457,1.072967290878296,-0.5867945551872253,1.543175220489502
25,4,0,Neither,"{2, 61}",0.005252599250525236,190,144,55.41151428222656,0.0015229342970997095,0.00010920022032223642,0.01597842015326023,-0.04003903269767761,0.2804660543730102,0.035659099013431596,0.0616421140730381,1.002952218055725,-0.5509735941886902,0.9714761972427368
25,4,0,Neither,"{2, 62}",0.0019525405950844288,123,171,54.0804443359375,0.00047622586134821177,-0.001070736674591899,0.01221191044896841,-0.061572033911943436,0.22497624722884335,0.04904793657849892,0.014100851491093636,1.0095040798187256,-0.5006188750267029,0.26679643988609314
25,4,0,Neither,"{5, 7}",0.0019462675554677844,124,130,56.919246673583984,0.0012874248204752803,0.0010755677940323949,0.009028134867548943,-0.09083706885576248,0.2719650625906356,0.005945084579553812,0.19361385703086853,1.084351897239685,-0.6453346014022827,3.7709336280822754
25,4,0,Neither,"{11, 5}",0.0031853073742240667,145,131,59.218685150146484,0.0016938033513724804,-0.0011949974577873945,0.01663813926279545,0.005651804618537426,0.3566249395762839,0.07969151670951156,0.09630488604307175,0.9151070713996887,-0.5005224943161011,1.136457085609436
25,4,0,Neither,"{12, 5}",0.0035249339416623116,199,161,58.56315612792969,0.0008468482992611825,-0.001294192741625011,0.025691675022244453,0.11735410243272781,0.40596402913673263,0.1595565592280846,0.021493248641490936,0.7418139576911926,-0.4468799829483032,0.19465425610542297
25,4,0,Neither,"{5, 15}",0.003886094782501459,195,162,58.31336975097656,0.0009487882489338517,-0.002369166351854801,0.040818389505147934,0.3200482130050659,0.4108646008701015,0.27457503346991763,0.024723783135414124,0.49325400590896606,-0.3677542507648468,0.1957857608795166
25,4,0,Neither,"{16, 5}",0.0022900805342942476,153,186,56.99685287475586,0.0012697030324488878,-0.00023298071755561978,0.010928953997790813,-0.09247881174087524,0.3239544613538246,0.03349626961667095,0.14016449451446533,1.055884838104248,-0.5636001229286194,2.0113091468811035
25,4,0,Neither,"{17, 5}",0.002856736769899726,185,150,59.58235549926758,0.0010475898161530495,-0.0029090361203998327,0.03597332164645195,0.10100598633289337,0.36930975280449385,0.15927965336703376,0.05868806317448616,0.755802571773529,-0.4223288595676422,0.6009927988052368
25,4,0,Neither,"{20, 5}",0.002725770231336355,63,111,59.266937255859375,0.0007968436693772674,0.0003739100357051939,0.014915878884494305,0.14606036245822906,0.3660593735935859,0.12995765220163016,0.07134827226400375,0.7429636716842651,-0.44765111804008484,0.7646636962890625
25,4,0,Neither,"{26, 5}",0.005559951066970825,175,149,58.133453369140625,0.0015612448332831264,0.0013303039595484734,0.02276827022433281,0.07679463922977448,0.39407930925274615,0.151890702986211,0.0361616276204586,0.7829790711402893,-0.4458155333995819,0.34314411878585815
25,4,0,Neither,"{28, 5}",0.0029094151686877012,197,153,58.60203170776367,-0.0006131750997155905,0.0016832437831908464,0.019804352894425392,0.11465449631214142,0.34252329438434487,0.15407075770110468,0.08735542744398117,0.7489396333694458,-0.407542884349823,0.9947905540466309
25,4,0,Neither,"{5, 30}",0.003501299535855651,181,151,57.4074821472168,-0.00026293296832591295,0.0022923757787793875,0.010769965127110481,-0.1542859524488449,0.3563415731835381,0.01936570305921976,0.11533885449171066,1.1319323778152466,-0.6264770030975342,1.474758267402649
25,4,0,Neither,"{5, 38}",0.0020952713675796986,109,53,59.01832962036133,0.0024743210524320602,0.0006473021931014955,0.031872279942035675,0.27584171295166016,0.26776457253346225,0.06555029880478087,0.18336927890777588,0.6766895055770874,-0.4525053799152374,3.3425066471099854
25,4,0,Neither,"{40, 5}",0.0027151491958647966,182,141,58.43593215942383,0.0008396885241381824,-0.00044367354712449014,0.013289053924381733,-0.0671655610203743,0.34168986381744537,0.06775940289770233,0.11394186317920685,0.9948550462722778,-0.5080304145812988,1.4480187892913818
25,4,0,Neither,"{41, 5}",0.00274415360763669,187,137,58.0958251953125,0.0016869379905983806,4.2156178096774966e-05,0.01609933190047741,0.05085982009768486,0.3023852782824663,0.07640152141557797,0.14829905331134796,0.8766244053840637,-0.4652245044708252,2.2168490886688232
25,4,0,Neither,"{43, 5}",0.0020494305063039064,131,73,58.7275276184082,0.0008511877385899425,-0.0007214806973934174,0.019857127219438553,0.1045818030834198,0.27734902405280615,0.049281807800949574,0.17839249968528748,0.8512903451919556,-0.49154528975486755,3.153599977493286
25,4,0,Neither,"{51, 5}",0.0024062360171228647,162,140,57.70595932006836,0.0012888034107163548,0.0010475267190486193,0.017738305032253265,-0.035203829407691956,0.35845848682346276,0.08532899325738201,0.0928124189376831,0.9468709230422974,-0.49402570724487305,1.079967737197876
25,4,0,Neither,"{56, 5}",0.0032442633528262377,172,146,58.043975830078125,0.001508740708231926,-0.0018782364204525948,0.011825566180050373,-0.11184535920619965,0.3966296067874585,0.08396722000420256,0.05711645260453224,1.018486738204956,-0.5205413699150085,0.5816857218742371
25,4,0,Neither,"{60, 5}",0.0019358418649062514,119,101,56.510169982910156,0.0010367002105340362,-0.0011370658176019788,0.005839184857904911,-0.1202300414443016,0.2889337089327088,0.01142263759086189,0.17733021080493927,1.1074340343475342,-0.6191256046295166,3.114745616912842
25,4,0,Neither,"{61, 5}",0.005787604954093695,178,147,57.746517181396484,0.0004994675400666893,-0.0036248289979994297,0.01683470606803894,-0.12761296331882477,0.3964629206740786,0.08009249527012824,0.0586153045296669,1.037299633026123,-0.5256433486938477,0.600094199180603
25,4,0,Neither,"{5, 62}",0.002344307955354452,156,134,56.41230010986328,0.0015712545718997717,-4.51503146905452e-05,0.014695685356855392,0.03958982229232788,0.34212324771223307,0.09247259439707674,0.10615656524896622,0.8715985417366028,-0.47322210669517517,1.3047740459442139
25,4,0,Neither,"{6, 7}",0.0018607421079650521,121,176,54.76195526123047,0.000761059985961765,0.0006240542279556394,0.007443157024681568,0.07167625427246094,0.14973413564915908,0.030056773906267393,0.08942180871963501,0.9004213213920593,-0.5111866593360901,2.500831127166748
25,4,0,Neither,"{11, 6}",0.003061312949284911,126,82,57.1656608581543,0.0006291503086686134,-0.0017128305044025183,0.008243714459240437,-0.11812112480401993,0.25938026103045353,0.02435576119786646,0.007887163199484348,1.0908883810043335,-0.5773926377296448,0.1336454153060913
25,4,0,Neither,"{12, 6}",0.0033603350166231394,198,155,56.46855545043945,0.0003136429004371166,0.0013817360159009695,0.01657937467098236,0.39790835976600647,0.2785825012918174,0.26135343744390593,0.08269879966974258,0.4447329342365265,-0.28409841656684875,1.0754482746124268
25,4,0,Neither,"{6, 15}",0.00379932695068419,194,164,56.20162582397461,0.0006965764332562685,-0.0003129176620859653,0.00996648520231247,-0.28945228457450867,0.4014468354641375,0.007183192160770636,0.12891583144664764,1.280189871788025,-0.702262282371521,1.465888261795044
25,4,0,Neither,"{16, 6}",0.0022186373826116323,148,187,54.853702545166016,0.0003269402077421546,0.001375366235151887,0.011494385078549385,-0.06296153366565704,0.21270814928408313,0.012930021158216442,0.03597244992852211,1.0492174625396729,-0.6038280129432678,0.7412065863609314
25,4,0,Neither,"{17, 6}",0.0027670084964483976,180,132,57.535308837890625,0.00018285709666088223,0.0008139124256558716,0.015165201388299465,-0.27122971415519714,0.307602553631257,0.0038474043567790182,0.04550398513674736,1.26633882522583,-0.7034608721733093,0.6691097617149353
25,4,0,Neither,"{20, 6}",0.002632235176861286,50,48,57.18507766723633,0.0007317441049963236,0.002120321150869131,0.007892118766903877,0.216356560587883,0.26398079775973865,0.1147944686493654,0.032843779772520065,0.6936855316162109,-0.4154185652732849,0.5054388046264648
25,4,0,Neither,"{26, 6}",0.005295742303133011,161,126,55.99609375,0.0020450062584131956,0.0011853825999423862,0.039094895124435425,0.2642175257205963,0.2758488490323871,0.21294338026466855,0.06803042441606522,0.5791024565696716,-0.3218614459037781,0.926958441734314
25,4,0,Neither,"{28, 6}",0.0028690125327557325,196,148,56.478939056396484,-0.00018470667419023812,-0.0008207361097447574,0.02755054272711277,-0.27469727396965027,0.27564882569633126,0.0010884682832436356,0.01683662086725235,1.2733098268508911,-0.7405364513397217,0.27531197667121887
25,4,0,Neither,"{6, 30}",0.0033177463337779045,173,129,55.24144744873047,0.00010324567119823769,0.0045017157681286335,0.007352459244430065,-0.11878859251737595,0.24311169636457586,0.003222488858416181,0.011146803386509418,1.1151833534240723,-0.6895208358764648,0.20465578138828278
25,4,0,Neither,"{38, 6}",0.0019936382304877043,96,47,56.972312927246094,0.0009614387527108192,0.006307255942374468,0.02105872333049774,-0.052709415555000305,0.1621355824846232,0.023645522771666497,0.07917722314596176,1.0278176069259644,-0.5371783971786499,2.072404146194458
25,4,0,Neither,"{40, 6}",0.0026319099124521017,177,119,56.31705856323242,0.0009952656691893935,0.0014702747575938702,0.00943115446716547,-0.3112149238586426,0.24541196472921842,0.0003396047001290498,0.009749814867973328,1.3107696771621704,-0.7642402648925781,0.1779162883758545
25,4,0,Neither,"{41, 6}",0.002683683531358838,188,166,56.00828552246094,0.0003380553680472076,0.0011856933124363422,0.013606948778033257,-0.05777692794799805,0.201890220525728,0.021053500660501982,0.044106997549533844,1.0355069637298584,-0.5647584795951843,0.9467465281486511
25,4,0,Neither,"{43, 6}",0.0019943860825151205,122,74,56.62477493286133,0.0008216706337407231,-0.002298003528267145,0.00831969641149044,-0.28471294045448303,0.1716033537246012,0.0003885381253035454,0.07420045882463455,1.2842137813568115,-0.7353872060775757,1.8834973573684692
25,4,0,Neither,"{51, 6}",0.0022907762322574854,158,114,55.58253479003906,0.0006469771615229547,0.0025691005866974592,0.03047768957912922,0.285835325717926,0.2269431433667261,0.1883951524054352,0.011379634961485863,0.5796195268630981,-0.32549333572387695,0.19013474881649017
25,4,0,Neither,"{56, 6}",0.00312109780497849,164,194,55.949161529541016,0.0003313231572974473,-2.0092367776669562e-05,0.009960593655705452,-0.1352018415927887,0.3001850215858517,0.03464934199566883,0.04707559943199158,1.0958678722381592,-0.5635059475898743,0.6884168386459351
25,4,0,Neither,"{60, 6}",0.0018853493966162205,105,223,54.33563232421875,0.0005041675758548081,0.0014880960807204247,0.005554614122956991,-0.07817933708429337,0.1706865801010118,0.012890625,0.07313816249370575,1.0642809867858887,-0.5852370262145996,1.8446431159973145
25,4,0,Neither,"{61, 6}",0.0056994156911969185,176,135,55.60866165161133,0.00037643456016667187,0.0007708891644142568,0.02946462854743004,-0.10509736090898514,0.29238411147967264,0.056382190297018416,0.04557674750685692,1.0427895784378052,-0.51325923204422,0.6700083017349243
25,4,0,Neither,"{62, 6}",0.002292296150699258,152,118,54.24253463745117,0.000764357449952513,-0.0009894530521705747,0.015057175420224667,0.05470547452569008,0.2405613988298635,0.057580376940133036,0.0019645148422569036,0.8908641338348389,-0.49034571647644043,0.034671466797590256
25,4,0,Neither,"{11, 7}",0.0017822975059971213,114,33,57.050567626953125,0.0008236479479819536,0.002895289333537221,0.007001160643994808,-0.11144223064184189,0.16250229193405896,0.004718432659759976,0.09730897098779678,1.1061979532241821,-0.6363106966018677,2.63447642326355
25,4,0,Neither,"{12, 7}",0.0022520865313708782,132,189,56.33716583251953,0.0010501451324671507,0.0006899969885125756,0.006667313631623983,-0.039651449769735336,0.2479289250412548,0.004168347451929542,0.1721206158399582,1.0353177785873413,-0.6590176820755005,3.576279401779175
25,4,0,Neither,"{15, 7}",0.0026577620301395655,163,168,56.09120178222656,0.0006670498987659812,-0.0005626610945910215,0.008130364120006561,-0.08796704560518265,0.2999849982497958,0.006389953881202423,0.21833764016628265,1.0810149908065796,-0.646803081035614,3.966719388961792
25,4,0,Neither,"{17, 7}",0.0015552337281405926,65,34,57.41934585571289,0.0004389797686599195,0.0006944178603589535,0.007790477015078068,-0.10024140775203705,0.20570733252212758,0.00316019771493396,0.13492579758167267,1.0967644453048706,-0.6638156771659851,3.169940710067749
25,4,0,Neither,"{20, 7}",0.0013566199922934175,83,89,57.06809997558594,0.0009992560371756554,-0.0014297922607511282,0.004884851165115833,-0.10107444226741791,0.19135565816011868,0.002613240418118467,0.12226558476686478,1.098197102546692,-0.6694316864013672,3.006269931793213
25,4,0,Neither,"{26, 7}",0.004211373161524534,211,225,55.90238952636719,0.001405881019309163,-0.0006819356349296868,0.004089840222150087,-0.014654546044766903,0.22954344673545246,0.01140076973349793,0.15745222568511963,1.0030866861343384,-0.5978854298591614,3.4277894496917725
25,4,0,Neither,"{28, 7}",0.0016705900197848678,75,170,56.361358642578125,5.6131255405489355e-05,0.0007205115398392081,0.007708628661930561,-0.07470915466547012,0.1728368309636124,0.0039540939338412575,0.10625842958688736,1.0704596042633057,-0.6469377875328064,2.7761430740356445
25,4,0,Neither,"{30, 7}",0.0022070836275815964,143,221,55.114105224609375,0.0006137937889434397,0.0001619387767277658,0.002000624779611826,-0.06473229080438614,0.14109979497608055,0.002598936798582398,0.07827500253915787,1.0619651079177856,-0.6600795388221741,2.296175241470337
25,4,0,Neither,"{40, 7}",0.0013621591497212648,51,191,56.21616744995117,0.0006409435300156474,-0.0009342263219878078,0.005204676650464535,-0.10404930263757706,0.14253329555114763,0.0037422523681440766,0.07967199385166168,1.0999176502227783,-0.6439900398254395,2.3229148387908936
25,4,0,Neither,"{41, 7}",0.00142480933573097,54,179,55.881229400634766,0.0008961044950410724,0.0023835974279791117,0.007868570275604725,-0.03150974586606026,0.10276198889870485,0.009245742092457421,0.045314811170101166,1.02197265625,-0.5911259055137634,1.5540845394134521
25,4,0,Neither,"{56, 7}",0.0018974901176989079,110,196,55.81686782836914,0.0010696101235225797,7.513687160098925e-05,0.005701628513634205,-0.10103665292263031,0.20737419365592652,0.0037778313640382606,0.1364974081516266,1.096877098083496,-0.6558151245117188,3.1892478466033936
25,4,0,Neither,"{61, 7}",0.004209984093904495,212,219,55.46067810058594,0.0016694136429578066,-0.00033405155409127474,0.011024708859622478,0.024050943553447723,0.2017402030236861,0.02330000826241428,0.13499855995178223,0.9532094597816467,-0.5397814512252808,3.170839309692383
10,4,1,Geometry_only,"{8, 39}",0.0006731064058840275,8,21,58.655609130859375,0.0016179513186216354,0.0003827186010312289,0.023663058876991272,0.4142974615097046,0.08287633557248346,0.05711987127916331,0.011757985688745975,0.5522472858428955,-0.4559210240840912,0.4312436580657959
10,4,1,Geometry_only,"{29, 31}",0.0011905598221346736,3,10,56.033485412597656,0.0005189855583012104,-0.0003010256914421916,0.012034473940730095,0.02207127958536148,0.1495174437017652,0.00189520624303233,0.007057701703161001,0.9760753512382507,-0.6808221936225891,0.19077415764331818
10,4,1,Geometry_only,"{8, 3}",0.0005822561797685921,0,63,57.59788131713867,0.0011514436919242144,-0.0008534836233593524,0.019968679174780846,0.16958200931549072,0.05155601486840131,0.006466214031684449,0.019426869228482246,0.8250483274459839,-0.6110958456993103,0.8713140487670898
10,4,1,Geometry_only,"{27, 39}",0.0009003218729048967,4,20,59.21210861206055,0.0016853160923346877,-0.00020926547585986555,0.009028402157127857,-0.12895166873931885,0.10462887336855967,0.0020710530508204557,0.0032887435518205166,1.1266134977340698,-0.6654951572418213,0.11021304130554199
10,4,1,Geometry_only,"{0, 53}",0.0022101239301264286,5,47,57.207191467285156,0.0012059439904987812,0.0007793605327606201,0.030843406915664673,0.4641924798488617,0.22004233827279848,0.2246041966517688,0.01396988332271576,0.4154629111289978,-0.29262179136276245,0.23367220163345337
10,4,1,Geometry_only,"{3, 39}",0.0006997589953243732,2,12,58.79304885864258,0.001322752214036882,0.0007649158942513168,0.01979614794254303,0.14014481008052826,0.06519093894287667,0.0025568908207619537,0.031184855848550797,0.8576566576957703,-0.6502664089202881,1.3025577068328857
10,4,1,Geometry_only,"{10, 53}",0.0023648757487535477,6,104,57.364925384521484,0.0005797368939965963,-0.0009279289515689015,0.02314525656402111,-0.1050526425242424,0.27154834730718586,0.004235467436007612,0.016792964190244675,1.1003721952438354,-0.6873205304145813,0.2777765691280365
10,4,1,Geometry_only,"{27, 29}",0.0010505260434001684,1,37,56.91246032714844,0.0009663068922236562,0.0001706555049167946,0.018130287528038025,0.03921734169125557,0.1241311486340073,0.008325500201423391,0.014450098387897015,0.9527836441993713,-0.6038333177566528,0.4387668967247009
10,4,1,Geometry_only,"{27, 31}",0.0011363861849531531,9,88,57.782012939453125,-0.00046417536213994026,0.0009083019685931504,0.016988588497042656,-0.12273596227169037,0.13258213458236795,0.005028916268544128,0.02150779962539673,1.117089867591858,-0.6325917840003967,0.6295410394668579
10,4,1,Geometry_only,"{1, 31}",0.0014134278753772378,7,66,56.69384002685547,0.00048604642506688833,-0.0005288221873342991,0.012597832828760147,0.0812695100903511,0.18210457886753453,0.008237986270022883,0.022453676909208298,0.9111620187759399,-0.6213439106941223,0.5249080061912537
10,4,1,CARE_only,"{27, 53}",0.0016670122276991606,90,3,57.000057220458984,0.0006749617168679833,-0.0019918964244425297,0.017577890306711197,-0.10697406530380249,0.1785374960412048,0.014004294650359444,0.06322827935218811,1.0914716720581055,-0.5837621092796326,1.5257761478424072
10,4,1,CARE_only,"{57, 27}",0.0018675096798688173,83,4,58.48849868774414,0.0007369171944446862,0.0003338624956086278,0.011370835825800896,-0.03266449645161629,0.20357375027086494,0.007287316793580611,0.08419765532016754,1.0251390933990479,-0.6301044225692749,1.867033839225769
10,4,1,CARE_only,"{59, 27}",0.000912881747353822,29,8,56.403038024902344,0.0015020468272268772,0.00025874230777844787,0.008629731833934784,0.2120775580406189,0.10384544863567416,0.02375601926163724,0.002008170820772648,0.7692045569419861,-0.5312439799308777,0.06679830700159073
10,4,1,CARE_only,"{59, 13}",0.0010755987605080009,39,0,55.61533737182617,5.984986637486145e-05,0.0012178232427686453,0.00808687973767519,-0.11449464410543442,0.12669811478005769,0.00723589001447178,0.020605579018592834,1.1064302921295166,-0.6120686531066895,0.6193601489067078
10,4,1,CARE_only,"{3, 53}",0.0015617855824530125,86,9,56.535400390625,0.001301583368331194,0.0011163802118971944,0.01666370779275894,-0.024365127086639404,0.1400496724617872,0.010711735301118781,0.09770187735557556,1.013392448425293,-0.5825905203819275,2.938546895980835
10,4,1,CARE_only,"{59, 3}",0.0007790517993271351,12,7,55.948387145996094,0.0016186472494155169,0.00043692279723472893,0.010648301802575588,0.08890825510025024,0.06565766006034038,0.01777100787001777,0.03246542811393738,0.8949007391929626,-0.5506003499031067,1.3459724187850952
10,4,1,CARE_only,"{8, 10}",0.0015488541685044765,80,6,58.41044235229492,0.0005115466192364693,0.0005181827582418919,0.036206912249326706,-0.3262956738471985,0.18288800360042004,0.0008202697776157491,0.09506797045469284,1.3252077102661133,-0.7142713665962219,2.3450095653533936
10,4,1,CARE_only,"{8, 13}",0.0009416512912139297,36,5,57.24924087524414,0.0005529493791982532,0.0014587662881240249,0.026487434282898903,0.29888659715652466,0.10669578117447036,0.05608498672082487,0.03364413604140282,0.6617914438247681,-0.4545266330242157,1.094018578529358
10,4,1,CARE_only,"{8, 23}",0.0015019787242636085,67,2,56.08633041381836,0.0006714350311085582,0.003327971324324608,0.01304318942129612,0.2619068920612335,0.14956744953577916,0.09885211189122925,0.078755222260952,0.6651310324668884,-0.3872915506362915,2.0757205486297607
10,4,1,CARE_only,"{27, 46}",0.0009548247908242047,35,1,59.12405776977539,0.00046201806981116533,-0.0017309264512732625,0.008070854470133781,-0.18940679728984833,0.11224642875002083,0.0016335016335016334,0.003332399297505617,1.1874638795852661,-0.6764023900032043,0.1075156033039093
10,4,1,Neither,"{0, 1}",0.0018130203243345022,105,99,57.805328369140625,0.00014763524814043194,-0.003030475927516818,0.007948243990540504,-0.13765263557434082,0.2466621105795676,0.0029733747803757263,0.033236682415008545,1.1342699527740479,-0.6935500502586365,0.6049993634223938
10,4,1,Neither,"{0, 3}",0.0014465871499851346,70,57,58.406951904296875,0.00037281980621628463,-0.0006993403076194227,0.017635462805628777,0.01945871114730835,0.15528478322470954,0.014598540145985401,0.11167176067829132,0.9662268161773682,-0.5636724233627319,3.1722190380096436
10,4,1,Neither,"{0, 8}",0.0013890110421925783,61,56,58.253318786621094,0.0011981630232185125,0.003861309727653861,0.03035486862063408,0.5231401920318604,0.16171886720117348,0.11183261183261184,0.09224488586187363,0.42353132367134094,-0.37025871872901917,2.3009049892425537
10,4,1,Neither,"{0, 10}",0.0022814408876001835,16,111,59.177223205566406,0.0008315949235111475,0.0006223202217370272,0.03247523307800293,0.02526085451245308,0.27913256546597104,0.034276842230980535,0.0028230806346982718,0.9413281679153442,-0.5571321845054626,0.04410437121987343
10,4,1,Neither,"{0, 13}",0.0017480076057836413,65,55,58.03841781616211,0.0006492675747722387,-0.0003495248965919018,0.031445566564798355,0.3370083272457123,0.2031737035987532,0.0746574780539831,0.05860075354576111,0.6134943962097168,-0.4424378275871277,1.2068865299224854
10,4,1,Neither,"{0, 14}",0.003820969257503748,157,168,58.81976318359375,0.0012451192596927285,-0.0027227068785578012,0.013682317920029163,0.13210207223892212,0.2574133648925708,0.12516997992618015,0.0036379906814545393,0.7592631578445435,-0.4015258550643921,0.05665406212210655
10,4,1,Neither,"{0, 22}",0.03307231143116951,199,205,56.57102966308594,4.081756924279034e-05,0.0007112364983186126,0.007253196090459824,-0.07295019179582596,0.20095677829080058,0.04727936297279363,0.06548383086919785,1.0222218036651611,-0.49065491557121277,1.3985224962234497
10,4,1,Neither,"{0, 23}",0.002215942833572626,119,95,56.880882263183594,0.0011501917615532875,0.0008544765878468752,0.013222663663327694,0.3413923680782318,0.22182587968596337,0.21723775172828375,0.013489669188857079,0.5155332088470459,-0.2991829514503479,0.2251846343278885
10,4,1,Neither,"{0, 24}",0.0027753738686442375,128,136,57.42396545410156,0.0006149188848212361,-0.0015364205464720726,0.01216173730790615,-0.30824214220046997,0.27896587935259115,0.0016730401529636712,0.005267810542136431,1.3060534000396729,-0.727323591709137,0.08500103652477264
10,4,1,Neither,"{0, 27}",0.001575272879563272,79,53,58.83241271972656,0.0006254359032027423,-0.001616286113858223,0.01754363439977169,-0.16988515853881836,0.19530611904722217,0.008875992148160792,0.07719816267490387,1.159501314163208,-0.6167261004447937,1.7594484090805054
10,4,1,Neither,"{0, 29}",0.0016269269399344921,89,52,57.15542221069336,0.00025875066057778895,-0.00041928302380256355,0.009167303331196308,-0.18579508364200592,0.21352491123964462,0.000312256049960968,0.06274805963039398,1.1854248046875,-0.7548699378967285,1.3206815719604492
10,4,1,Neither,"{0, 31}",0.0017192461527884007,98,78,57.93999481201172,0.0016641552792862058,-0.00013343231694307178,0.02697819657623768,0.25340142846107483,0.20957445035254113,0.05774278215223097,0.05569035932421684,0.7034878730773926,-0.474359929561615,1.1299073696136475
10,4,1,Neither,"{0, 37}",0.003664972959086299,146,174,57.84196090698242,0.0009846917819231749,0.0002752027940005064,0.017841435968875885,-0.20077556371688843,0.3025519643958462,0.014654839953721558,0.018786583095788956,1.183178424835205,-0.6312267184257507,0.27617016434669495
10,4,1,Neither,"{0, 39}",0.001554313232190907,81,51,59.44999313354492,0.0008798696799203753,2.6475510821910575e-05,0.017944438382983208,0.15199482440948486,0.18505492307435867,0.044406413258872277,0.08048690110445023,0.8103483319282532,-0.48854514956474304,1.8696614503860474
10,4,1,Neither,"{0, 46}",0.0015639114426448941,64,49,59.32098388671875,0.0010509950807318091,-0.00065645418362692,0.023590095341205597,0.2306540310382843,0.1889553781274482,0.06298517995765703,0.07386576384305954,0.7208885550498962,-0.45436328649520874,1.6519328355789185
10,4,1,Neither,"{0, 48}",0.0034423850011080503,82,106,56.721519470214844,-3.121671034023166e-05,-0.0003943147312384099,0.00328041915781796,-0.24083168804645538,0.2682812994849399,0.002360981671326499,0.014450098387897015,1.2379021644592285,-0.7108578681945801,0.24219413101673126
10,4,1,Neither,"{0, 57}",0.0024183818604797125,118,123,58.703067779541016,0.0008150956127792597,0.0017418425995856524,0.014514032751321793,-0.42197707295417786,0.29346757121664196,5.6798818584573444e-05,0.006999494042247534,1.4218963384628296,-0.8143274188041687,0.10758546739816666
10,4,1,Neither,"{0, 58}",0.003257902804762125,136,153,59.61574172973633,0.001441405969671905,-0.0015593201387673616,0.014355923980474472,0.10299182683229446,0.33145533645591985,0.11722403821976364,0.07406948506832123,0.7918572425842285,-0.4420575499534607,0.9040123224258423
10,4,1,Neither,"{0, 59}",0.0015133148990571499,87,45,56.643333435058594,0.0009533294942229986,-0.0026169144548475742,0.006949859671294689,-0.16548281908035278,0.19303918790525562,0.008807529574302737,0.07920633256435394,1.1552177667617798,-0.6160770058631897,1.826246738433838
10,4,1,Neither,"{1, 3}",0.001123306923545897,37,44,57.139617919921875,0.0002620093582663685,-0.0013181319227442145,0.007943396456539631,-0.14034834504127502,0.11918057106662444,0.0025174825174825175,0.07843507826328278,1.1374775171279907,-0.6549851298332214,2.5672197341918945
10,4,1,Neither,"{8, 1}",0.0010796040296554565,42,73,57.00667953491211,0.00026309984968975186,-0.0014421127270907164,0.022288497537374496,-0.41822269558906555,0.14173320220692415,0.0,0.05900820717215538,1.4182226657867432,-0.884103536605835,1.6959058046340942
10,4,1,Neither,"{1, 10}",0.0018571169348433614,111,90,57.937870025634766,0.00035680615110322833,0.001780035556294024,0.023172197863459587,0.814850389957428,0.16918640508059274,0.48137931034482756,0.03605976328253746,0.09602241963148117,-0.12246327847242355,0.6491037011146545
10,4,1,Neither,"{1, 13}",0.0014232577523216605,55,50,56.74909973144531,0.0010214498033747077,-0.0009009162313304842,0.008201985619962215,-0.038952186703681946,0.18002100245028588,0.001388888888888889,0.025364071130752563,1.0375092029571533,-0.7013412714004517,0.6018871665000916
10,4,1,Neither,"{1, 14}",0.0034527757670730352,173,173,57.57673263549805,0.0006441475125029683,0.00020695025159511715,0.0049237837083637714,-0.17905500531196594,0.2478122447618889,0.01513418981637183,0.0368746742606163,1.1612110137939453,-0.6065911054611206,0.6616533994674683
10,4,1,Neither,"{1, 22}",0.027974339202046394,200,195,55.248565673828125,0.00037290441105142236,0.0025073965080082417,0.006850957404822111,0.0031199692748486996,0.16048538996216224,0.0741587037806398,0.0322471484541893,0.9229527115821838,-0.43278825283050537,0.7935231328010559
10,4,1,Neither,"{1, 23}",0.0019882312044501305,54,92,55.61622619628906,-0.0002876737271435559,0.0009259377839043736,0.002854867372661829,-0.16874387860298157,0.23146033703932126,0.0020884343943540257,0.019747013226151466,1.166303038597107,-0.7030657529830933,0.3798147141933441
10,4,1,Neither,"{24, 1}",0.0023824383970350027,117,102,56.139732360839844,0.0003179152845405042,-0.0012134913122281432,-0.0018635607557371259,-0.2068893015384674,0.2410114513359892,0.0014523825990732416,0.0279688723385334,1.2051364183425903,-0.719376266002655,0.51999831199646
10,4,1,Neither,"{1, 27}",0.001247153733856976,22,64,57.537620544433594,0.0018101311288774014,0.0005915855872444808,0.024719633162021637,-0.06142885237932205,0.15880186021702533,0.001049648367796788,0.043961476534605026,1.0603147745132446,-0.7036135196685791,1.1544491052627563
10,4,1,Neither,"{1, 29}",0.0012927160132676363,15,86,55.835243225097656,0.0010142582468688488,0.0022644735872745514,0.02352180704474449,0.8626179695129395,0.11669694797726402,0.504070847021854,0.029511379078030586,0.06813175231218338,-0.1180405542254448,0.7156821489334106
10,4,1,Neither,"{1, 37}",0.00327203213237226,155,170,56.57090377807617,0.00056987046264112,0.0005084906588308513,0.008628470823168755,-0.07268811017274857,0.26759788642008236,0.004920891989535318,0.0520232655107975,1.0674095153808594,-0.6773664951324463,0.8811694979667664
10,4,1,Neither,"{1, 39}",0.001208669156767428,31,71,58.21262741088867,0.0005306710954755545,0.00038118904922157526,0.008039363659918308,-0.23329053819179535,0.1547513876618939,0.002908229211546747,0.04725022241473198,1.2297039031982422,-0.6629415154457092,1.2646621465682983
10,4,1,Neither,"{1, 46}",0.0012439214624464512,51,68,58.09972381591797,7.251292845467106e-05,6.243029201868922e-05,0.005816909018903971,-0.22229351103305817,0.16271898388145284,0.0004097520999795124,0.040629077702760696,1.2217926979064941,-0.7338250279426575,1.0469334125518799
10,4,1,Neither,"{48, 1}",0.0030135030392557383,170,155,55.40144348144531,0.000331259478116408,0.0027467014733701944,0.0025097792968153954,-0.1277375966310501,0.23064357508375977,0.0008672400086724001,0.018786583095788956,1.1267595291137695,-0.7333542704582214,0.36280521750450134
10,4,1,Neither,"{1, 53}",0.0019003330962732434,110,98,55.95578384399414,-0.0004117244970984757,-0.0019584065303206444,0.007186340168118477,-0.1096569076180458,0.2307769239744637,0.002672444925966053,0.019266797229647636,1.1066913604736328,-0.6930051445960999,0.37132713198661804
10,4,1,Neither,"{1, 57}",0.0020587812177836895,69,101,57.46011734008789,0.0001027383841574192,0.0005588897620327771,0.009672879241406918,-0.2588898539543152,0.25541313153201206,0.0,0.04023617506027222,1.25888991355896,-0.9051305055618286,0.7125847935676575
10,4,1,Neither,"{1, 58}",0.0029226315673440695,141,180,58.37649154663086,0.0013173660263419151,-0.000703892728779465,0.011103061959147453,0.0006205316167324781,0.31350324204490526,0.0597618034878775,0.10730616748332977,0.9396547675132751,-0.508755624294281,1.5090116262435913
10,4,1,Neither,"{1, 59}",0.0011759096523746848,48,67,55.3350944519043,0.0008530133636668324,0.0008761102799326181,0.006119883619248867,0.12446951866149902,0.1438334472355108,0.08923397844477923,0.0459696501493454,0.7974033951759338,-0.4053700864315033,1.2212473154067993
10,4,1,Neither,"{10, 3}",0.0015861920546740294,91,62,58.51533126831055,0.001349961617961526,0.00034173805033788085,0.01911606267094612,-0.12938794493675232,0.16028536662610637,0.003119800332778702,0.11449483782052994,1.1258645057678223,-0.6519066095352173,3.2163236141204834
10,4,1,Neither,"{3, 13}",0.001040622591972351,38,43,57.37688446044922,0.000706042570527643,0.0017091252375394106,0.018663106486201286,-0.020617110654711723,0.08997716400246696,0.005001852537977029,0.05307100713253021,1.0155121088027954,-0.6208085417747498,1.9653326272964478
10,4,1,Neither,"{3, 14}",0.003167752642184496,182,181,58.127777099609375,0.0026700792368501425,-0.0016091999132186174,0.026164907962083817,0.06630825996398926,0.15671828379977665,0.03190810465858328,0.11530975252389908,0.9038994312286377,-0.5012296438217163,3.2288732528686523
10,4,1,Neither,"{3, 22}",0.031801462173461914,207,196,55.85410690307617,0.0014661638997495174,0.0006275984342209995,0.006339513696730137,-0.2184469848871231,0.08209291083959795,0.0054822335025380715,0.046187929809093475,1.2117671966552734,-0.6160958409309387,1.7736966609954834
10,4,1,Neither,"{3, 23}",0.0016287934267893434,66,30,56.214115142822266,0.0009230392752215266,-0.00023587328905705363,0.00898835714906454,-0.0778261199593544,0.14096644608537662,0.008040676362776398,0.09818208962678909,1.0691596269607544,-0.6001386046409607,2.9470345973968506
10,4,1,Neither,"{24, 3}",0.0020549334585666656,127,114,56.74418640136719,0.0010737640550360084,0.0033136201091110706,0.012801590375602245,-0.002427639439702034,0.14971746703782107,0.012024048096192385,0.10640394687652588,0.9903743863105774,-0.5762397646903992,3.0872180461883545
10,4,1,Neither,"{27, 3}",0.0008067735470831394,13,16,58.14839553833008,0.0017643733881413937,0.000743018405046314,0.014234814792871475,0.11061722785234451,0.06842464954244662,0.01023142509135201,0.03447359800338745,0.8802831172943115,-0.5837963819503784,1.4127707481384277
10,4,1,Neither,"{3, 29}",0.0009210424614138901,18,15,56.45866775512695,0.0011963133001700044,-0.0009626538376323879,0.010404466651380062,-0.0425165556371212,0.08360975447135499,0.024720893141945772,0.04892369732260704,1.016744613647461,-0.5237833857536316,1.8515375852584839
10,4,1,Neither,"{3, 31}",0.0010123108513653278,28,14,57.298282623291016,0.001029095845296979,-0.0014174768002703786,0.011968220584094524,-0.030537722632288933,0.09327754904738886,0.0051822730521801285,0.05598139762878418,1.025197148323059,-0.6192198991775513,2.042311668395996
10,4,1,Neither,"{3, 37}",0.0029301783069968224,169,154,57.17791748046875,0.001054275780916214,0.002644645282998681,0.01733638159930706,-0.050891462713479996,0.1761705532312103,0.01646324155549248,0.13045834004878998,1.0335904359817505,-0.5575972199440002,3.4483892917633057
10,4,1,Neither,"{3, 46}",0.0007970177684910595,23,11,58.65713882446289,0.001703889574855566,0.00020376326574478298,0.017348432913422585,0.08645334094762802,0.07275848849032387,0.0025200458190148913,0.03780599683523178,0.9112444519996643,-0.6508049368858337,1.5202863216400146
10,4,1,Neither,"{48, 3}",0.002757687121629715,159,141,56.003360748291016,0.0014763418585062027,0.00023456588678527623,0.00797448679804802,-0.03555985912680626,0.13978297468037937,0.008704984497972811,0.09722165763378143,1.0265452861785889,-0.5953091979026794,2.930025100708008
10,4,1,Neither,"{57, 3}",0.0017515463987365365,100,91,58.084068298339844,-0.00031975575257092714,-0.0008861941751092672,0.025241253897547722,0.08618824928998947,0.1632690480556065,0.014088820826952527,0.11867125332355499,0.9009371995925903,-0.567141056060791,3.2798047065734863
10,4,1,Neither,"{58, 3}",0.0025824543554335833,149,147,58.938148498535156,0.0026675709523260593,-0.0013176224892958999,0.025051644071936607,0.14449071884155273,0.23976130548563998,0.010984427141268075,0.18574124574661255,0.8461120128631592,-0.5961044430732727,4.076231479644775
10,4,1,Neither,"{8, 14}",0.0030378776136785746,181,171,58.03775405883789,0.0012951758690178394,-0.0021695136092603207,0.013296552933752537,0.05405065044760704,0.18023769439767973,0.02071580504947748,0.09588287770748138,0.9263532757759094,-0.5505505800247192,2.3575592041015625
10,4,1,Neither,"{8, 22}",0.03292408213019371,205,199,55.74669647216797,0.00045784449321217835,0.0006006788462400436,0.009622975252568722,-0.1516379415988922,0.10257863417398697,0.021611959701007474,0.02676105871796608,1.12674880027771,-0.5372089147567749,0.9023826122283936
10,4,1,Neither,"{8, 24}",0.002000950276851654,126,115,56.630271911621094,0.0003893588436767459,0.000512081547640264,0.012671204283833504,-0.12231656163930893,0.17247012151417665,0.007538416932444187,0.08697707951068878,1.1138560771942139,-0.6165560483932495,2.2159039974212646
10,4,1,Neither,"{8, 27}",0.0007601910619996488,17,18,58.0568733215332,0.0004463826771825552,-0.0009417198598384857,0.037382204085588455,-0.16472402215003967,0.09106062373943627,0.003477942522423577,0.015046728774905205,1.1606731414794922,-0.6409052610397339,0.5414566993713379
10,4,1,Neither,"{8, 29}",0.0008666518842801452,25,72,56.34092330932617,0.0006100737955421209,-0.0003801514976657927,0.01466414239257574,-0.3974732756614685,0.10792925841348157,0.0,0.029496828094124794,1.3974733352661133,-0.8777974843978882,0.9802235960960388
10,4,1,Neither,"{8, 31}",0.0009628176921978593,33,19,57.18841552734375,0.00023183261509984732,-0.0020517143420875072,0.025341570377349854,0.17331501841545105,0.11309652792825829,0.025792188651436992,0.03655453026294708,0.8053629398345947,-0.5242365002632141,1.1709977388381958
10,4,1,Neither,"{8, 37}",0.0028747667092829943,166,143,57.06000900268555,0.0005515646771527827,-0.0006342442939057946,0.021717345342040062,-0.15250535309314728,0.20039004550530895,0.004658126767592747,0.11103147268295288,1.1471368074417114,-0.6481230854988098,2.577075242996216
10,4,1,Neither,"{8, 46}",0.000740701740141958,20,39,58.54571533203125,0.0010990188457071781,-0.0002759193885140121,0.021371712908148766,0.5359499454498291,0.08692680812761489,0.09511025886864813,0.018379127606749535,0.4199141263961792,-0.4005736708641052,0.6489723324775696
10,4,1,Neither,"{8, 48}",0.0026920021045953035,154,133,55.89701843261719,0.00045637297444045544,-0.002659947145730257,0.00604268629103899,-0.202711284160614,0.16285233277215674,0.0024564994882292734,0.07779479026794434,1.1997568607330322,-0.6694653034210205,2.058711051940918
10,4,1,Neither,"{8, 53}",0.0014591030776500702,74,38,56.4034309387207,0.0012428025947883725,-0.0022271869238466024,0.02849741093814373,0.3866136372089386,0.14738386145050256,0.11140013571590138,0.07827500253915787,0.5450550317764282,-0.3711749315261841,2.067232847213745
10,4,1,Neither,"{8, 57}",0.0016763833118602633,97,75,57.93513488769531,0.00031481756013818085,0.0006176558090373874,0.019727740436792374,-0.1584232896566391,0.18713849949160735,0.003651910572726463,0.0992443859577179,1.1541928052902222,-0.6570597887039185,2.4084906578063965
10,4,1,Neither,"{8, 58}",0.002435858827084303,145,151,58.8367919921875,0.0017459217924624681,0.0034064671490341425,0.022369809448719025,0.24355749785900116,0.24882903005350623,0.06357181136120042,0.16631437838077545,0.7083540558815002,-0.45283007621765137,3.2049174308776855
10,4,1,Neither,"{8, 59}",0.0007229191833175719,11,36,55.81629180908203,0.0015032212249934673,0.0003683135728351772,0.008627678267657757,-0.12351507693529129,0.08867701231810378,0.004511278195488722,0.013038557954132557,1.1184465885162354,-0.6287027597427368,0.47465839982032776
10,4,1,Neither,"{10, 13}",0.001846720464527607,73,35,58.1816520690918,0.0004439197655301541,-0.00020624423632398248,0.03828296437859535,0.08010254800319672,0.2132415448468988,0.03908387399359024,0.061423834413290024,0.8839442729949951,-0.5145121812820435,1.250990867614746
10,4,1,Neither,"{10, 14}",0.003959910478442907,139,166,58.955142974853516,0.0012614572187885642,-0.0004345156776253134,0.012995698489248753,-0.12318454682826996,0.2800993449235744,0.04558438467031659,0.0008149098721332848,1.071984887123108,-0.5311198830604553,0.012549691833555698
10,4,1,Neither,"{10, 22}",0.03076045960187912,197,203,56.67644500732422,0.0013099969364702702,-0.00013765401672571898,0.006458371877670288,-0.059735529124736786,0.21304152151084293,0.0030514044284484783,0.06830690801143646,1.056501865386963,-0.6783328652381897,1.4426268339157104
10,4,1,Neither,"{10, 23}",0.002396895783022046,116,117,57.04741668701172,0.00022994056052993983,2.22997332457453e-05,0.011386842466890812,-0.1629568636417389,0.27186505092260765,0.0050889025137952175,0.016312750056385994,1.157038688659668,-0.678852915763855,0.2692890167236328
25,4,1,Geometry_only,"{59, 39}",0.0008835254120640457,19,48,57.055084228515625,0.0014615365071222186,0.0019948980771005154,0.008262473158538342,-0.07401057332754135,0.10209524444518527,0.004408163265306122,0.0012805727310478687,1.069276213645935,-0.6322661638259888,0.04341473802924156
25,4,1,Geometry_only,"{0, 10}",0.0022814408876001835,16,111,59.177223205566406,0.0008315949235111475,0.0006223202217370272,0.03247523307800293,0.02526085451245308,0.27913256546597104,0.034276842230980535,0.0028230806346982718,0.9413281679153442,-0.5571321845054626,0.04410437121987343
25,4,1,Geometry_only,"{8, 46}",0.000740701740141958,20,39,58.54571533203125,0.0010990188457071781,-0.0002759193885140121,0.021371712908148766,0.5359499454498291,0.08692680812761489,0.09511025886864813,0.018379127606749535,0.4199141263961792,-0.4005736708641052,0.6489723324775696
25,4,1,Geometry_only,"{8, 3}",0.0005822561797685921,0,63,57.59788131713867,0.0011514436919242144,-0.0008534836233593524,0.019968679174780846,0.16958200931549072,0.05155601486840131,0.006466214031684449,0.019426869228482246,0.8250483274459839,-0.6110958456993103,0.8713140487670898
25,4,1,Geometry_only,"{29, 39}",0.0010063002118840814,10,42,57.55430221557617,0.001095747109502554,0.0033197980374097824,0.012348380871117115,-0.22351817786693573,0.12123081026119714,0.0013749484394335212,0.017738841474056244,1.2218358516693115,-0.684734046459198,0.5489799380302429
25,4,1,Geometry_only,"{59, 46}",0.0009090694366022944,24,54,56.944297790527344,0.000827954092528671,0.000238619206356816,0.006770326290279627,-0.07987692952156067,0.10877935759171903,0.012411890897946675,0.005340570118278265,1.0664736032485962,-0.5768702030181885,0.17431390285491943
25,4,1,Geometry_only,"{8, 59}",0.0007229191833175719,11,36,55.81629180908203,0.0015032212249934673,0.0003683135728351772,0.008627678267657757,-0.12351507693529129,0.08867701231810378,0.004511278195488722,0.013038557954132557,1.1184465885162354,-0.6287027597427368,0.47465839982032776
25,4,1,Geometry_only,"{1, 27}",0.001247153733856976,22,64,57.537620544433594,0.0018101311288774014,0.0005915855872444808,0.024719633162021637,-0.06142885237932205,0.15880186021702533,0.001049648367796788,0.043961476534605026,1.0603147745132446,-0.7036135196685791,1.1544491052627563
25,4,1,Geometry_only,"{39, 31}",0.0010991896269842982,21,69,58.378631591796875,0.0009174280567094684,-0.000887892849277705,0.015502686612308025,0.12758459150791168,0.12244761888887037,0.05744622924040294,0.024796543642878532,0.8222984075546265,-0.45411646366119385,0.7397540807723999
25,4,1,Geometry_only,"{0, 53}",0.0022101239301264286,5,47,57.207191467285156,0.0012059439904987812,0.0007793605327606201,0.030843406915664673,0.4641924798488617,0.22004233827279848,0.2246041966517688,0.01396988332271576,0.4154629111289978,-0.29262179136276245,0.23367220163345337
25,4,1,Geometry_only,"{10, 53}",0.0023648757487535477,6,104,57.364925384521484,0.0005797368939965963,-0.0009279289515689015,0.02314525656402111,-0.1050526425242424,0.27154834730718586,0.004235467436007612,0.016792964190244675,1.1003721952438354,-0.6873205304145813,0.2777765691280365
25,4,1,Geometry_only,"{27, 29}",0.0010505260434001684,1,37,56.91246032714844,0.0009663068922236562,0.0001706555049167946,0.018130287528038025,0.03921734169125557,0.1241311486340073,0.008325500201423391,0.014450098387897015,0.9527836441993713,-0.6038333177566528,0.4387668967247009
25,4,1,Geometry_only,"{27, 31}",0.0011363861849531531,9,88,57.782012939453125,-0.00046417536213994026,0.0009083019685931504,0.016988588497042656,-0.12273596227169037,0.13258213458236795,0.005028916268544128,0.02150779962539673,1.117089867591858,-0.6325917840003967,0.6295410394668579
25,4,1,Geometry_only,"{1, 29}",0.0012927160132676363,15,86,55.835243225097656,0.0010142582468688488,0.0022644735872745514,0.02352180704474449,0.8626179695129395,0.11669694797726402,0.504070847021854,0.029511379078030586,0.06813175231218338,-0.1180405542254448,0.7156821489334106
25,4,1,Geometry_only,"{1, 31}",0.0014134278753772378,7,66,56.69384002685547,0.00048604642506688833,-0.0005288221873342991,0.012597832828760147,0.0812695100903511,0.18210457886753453,0.008237986270022883,0.022453676909208298,0.9111620187759399,-0.6213439106941223,0.5249080061912537
25,4,1,CARE_only,"{27, 53}",0.0016670122276991606,90,3,57.000057220458984,0.0006749617168679833,-0.0019918964244425297,0.017577890306711197,-0.10697406530380249,0.1785374960412048,0.014004294650359444,0.06322827935218811,1.0914716720581055,-0.5837621092796326,1.5257761478424072
25,4,1,CARE_only,"{57, 27}",0.0018675096798688173,83,4,58.48849868774414,0.0007369171944446862,0.0003338624956086278,0.011370835825800896,-0.03266449645161629,0.20357375027086494,0.007287316793580611,0.08419765532016754,1.0251390933990479,-0.6301044225692749,1.867033839225769
25,4,1,CARE_only,"{8, 31}",0.0009628176921978593,33,19,57.18841552734375,0.00023183261509984732,-0.0020517143420875072,0.025341570377349854,0.17331501841545105,0.11309652792825829,0.025792188651436992,0.03655453026294708,0.8053629398345947,-0.5242365002632141,1.1709977388381958
25,4,1,CARE_only,"{59, 27}",0.000912881747353822,29,8,56.403038024902344,0.0015020468272268772,0.00025874230777844787,0.008629731833934784,0.2120775580406189,0.10384544863567416,0.02375601926163724,0.002008170820772648,0.7692045569419861,-0.5312439799308777,0.06679830700159073
25,4,1,CARE_only,"{53, 13}",0.0018255042377859354,71,24,56.1674919128418,0.001142798806540668,-9.603638318367302e-06,0.03489193320274353,0.2201841026544571,0.187688563665761,0.0780639431616341,0.04463086649775505,0.7189403772354126,-0.43348678946495056,0.973214328289032
25,4,1,CARE_only,"{29, 46}",0.0010465974919497967,40,17,57.468116760253906,-0.00036563733010552824,0.0014582183212041855,0.007479831110686064,-0.22279030084609985,0.12891504008801027,0.000517196793379881,0.011117699556052685,1.2221578359603882,-0.7187244892120361,0.3312512934207916
25,4,1,CARE_only,"{59, 13}",0.0010755987605080009,39,0,55.61533737182617,5.984986637486145e-05,0.0012178232427686453,0.00808687973767519,-0.11449464410543442,0.12669811478005769,0.00723589001447178,0.020605579018592834,1.1064302921295166,-0.6120686531066895,0.6193601489067078
25,4,1,CARE_only,"{3, 31}",0.0010123108513653278,28,14,57.298282623291016,0.001029095845296979,-0.0014174768002703786,0.011968220584094524,-0.030537722632288933,0.09327754904738886,0.0051822730521801285,0.05598139762878418,1.025197148323059,-0.6192198991775513,2.042311668395996
25,4,1,CARE_only,"{3, 53}",0.0015617855824530125,86,9,56.535400390625,0.001301583368331194,0.0011163802118971944,0.01666370779275894,-0.024365127086639404,0.1400496724617872,0.010711735301118781,0.09770187735557556,1.013392448425293,-0.5825905203819275,2.938546895980835
25,4,1,CARE_only,"{29, 13}",0.0012023993767797947,50,22,56.09889602661133,0.0007206290611065924,0.0013133158208802342,0.01108597032725811,-0.087371826171875,0.14643375060423716,0.00022766078542970974,0.004147309344261885,1.087124228477478,-0.7456300854682922,0.11379498243331909
25,4,1,CARE_only,"{8, 10}",0.0015488541685044765,80,6,58.41044235229492,0.0005115466192364693,0.0005181827582418919,0.036206912249326706,-0.3262956738471985,0.18288800360042004,0.0008202697776157491,0.09506797045469284,1.3252077102661133,-0.7142713665962219,2.3450095653533936
25,4,1,CARE_only,"{8, 13}",0.0009416512912139297,36,5,57.24924087524414,0.0005529493791982532,0.0014587662881240249,0.026487434282898903,0.29888659715652466,0.10669578117447036,0.05608498672082487,0.03364413604140282,0.6617914438247681,-0.4545266330242157,1.094018578529358
25,4,1,CARE_only,"{8, 23}",0.0015019787242636085,67,2,56.08633041381836,0.0006714350311085582,0.003327971324324608,0.01304318942129612,0.2619068920612335,0.14956744953577916,0.09885211189122925,0.078755222260952,0.6651310324668884,-0.3872915506362915,2.0757205486297607
25,4,1,CARE_only,"{27, 13}",0.0011440129019320011,47,23,57.83580017089844,6.976072472753003e-05,0.0028097154572606087,0.01443438045680523,-0.14665991067886353,0.12931508676012202,0.004640371229698376,0.018597407266497612,1.1413389444351196,-0.6357922554016113,0.55256187915802
25,4,1,CARE_only,"{27, 46}",0.0009548247908242047,35,1,59.12405776977539,0.00046201806981116533,-0.0017309264512732625,0.008070854470133781,-0.18940679728984833,0.11224642875002083,0.0016335016335016334,0.003332399297505617,1.1874638795852661,-0.6764023900032043,0.1075156033039093
25,4,1,Both,"{8, 39}",0.0006731064058840275,8,21,58.655609130859375,0.0016179513186216354,0.0003827186010312289,0.023663058876991272,0.4142974615097046,0.08287633557248346,0.05711987127916331,0.011757985688745975,0.5522472858428955,-0.4559210240840912,0.4312436580657959
25,4,1,Both,"{13, 46}",0.001140184118412435,14,13,58.344608306884766,0.00011468672892078757,-0.0013104365207254887,0.027999108657240868,0.24716246128082275,0.12533128865034254,0.06703019018486502,0.015265008434653282,0.7023746967315674,-0.43864706158638,0.4450462758541107
25,4,1,Both,"{29, 31}",0.0011905598221346736,3,10,56.033485412597656,0.0005189855583012104,-0.0003010256914421916,0.012034473940730095,0.02207127958536148,0.1495174437017652,0.00189520624303233,0.007057701703161001,0.9760753512382507,-0.6808221936225891,0.19077415764331818
25,4,1,Both,"{27, 3}",0.0008067735470831394,13,16,58.14839553833008,0.0017643733881413937,0.000743018405046314,0.014234814792871475,0.11061722785234451,0.06842464954244662,0.01023142509135201,0.03447359800338745,0.8802831172943115,-0.5837963819503784,1.4127707481384277
25,4,1,Both,"{3, 29}",0.0009210424614138901,18,15,56.45866775512695,0.0011963133001700044,-0.0009626538376323879,0.010404466651380062,-0.0425165556371212,0.08360975447135499,0.024720893141945772,0.04892369732260704,1.016744613647461,-0.5237833857536316,1.8515375852584839
25,4,1,Both,"{3, 39}",0.0006997589953243732,2,12,58.79304885864258,0.001322752214036882,0.0007649158942513168,0.01979614794254303,0.14014481008052826,0.06519093894287667,0.0025568908207619537,0.031184855848550797,0.8576566576957703,-0.6502664089202881,1.3025577068328857
25,4,1,Both,"{3, 46}",0.0007970177684910595,23,11,58.65713882446289,0.001703889574855566,0.00020376326574478298,0.017348432913422585,0.08645334094762802,0.07275848849032387,0.0025200458190148913,0.03780599683523178,0.9112444519996643,-0.6508049368858337,1.5202863216400146
25,4,1,Both,"{59, 3}",0.0007790517993271351,12,7,55.948387145996094,0.0016186472494155169,0.00043692279723472893,0.010648301802575588,0.08890825510025024,0.06565766006034038,0.01777100787001777,0.03246542811393738,0.8949007391929626,-0.5506003499031067,1.3459724187850952
25,4,1,Both,"{27, 39}",0.0009003218729048967,4,20,59.21210861206055,0.0016853160923346877,-0.00020926547585986555,0.009028402157127857,-0.12895166873931885,0.10462887336855967,0.0020710530508204557,0.0032887435518205166,1.1266134977340698,-0.6654951572418213,0.11021304130554199
25,4,1,Both,"{8, 27}",0.0007601910619996488,17,18,58.0568733215332,0.0004463826771825552,-0.0009417198598384857,0.037382204085588455,-0.16472402215003967,0.09106062373943627,0.003477942522423577,0.015046728774905205,1.1606731414794922,-0.6409052610397339,0.5414566993713379
25,4,1,Neither,"{0, 1}",0.0018130203243345022,105,99,57.805328369140625,0.00014763524814043194,-0.003030475927516818,0.007948243990540504,-0.13765263557434082,0.2466621105795676,0.0029733747803757263,0.033236682415008545,1.1342699527740479,-0.6935500502586365,0.6049993634223938
25,4,1,Neither,"{0, 3}",0.0014465871499851346,70,57,58.406951904296875,0.00037281980621628463,-0.0006993403076194227,0.017635462805628777,0.01945871114730835,0.15528478322470954,0.014598540145985401,0.11167176067829132,0.9662268161773682,-0.5636724233627319,3.1722190380096436
25,4,1,Neither,"{0, 8}",0.0013890110421925783,61,56,58.253318786621094,0.0011981630232185125,0.003861309727653861,0.03035486862063408,0.5231401920318604,0.16171886720117348,0.11183261183261184,0.09224488586187363,0.42353132367134094,-0.37025871872901917,2.3009049892425537
25,4,1,Neither,"{0, 13}",0.0017480076057836413,65,55,58.03841781616211,0.0006492675747722387,-0.0003495248965919018,0.031445566564798355,0.3370083272457123,0.2031737035987532,0.0746574780539831,0.05860075354576111,0.6134943962097168,-0.4424378275871277,1.2068865299224854
25,4,1,Neither,"{0, 14}",0.003820969257503748,157,168,58.81976318359375,0.0012451192596927285,-0.0027227068785578012,0.013682317920029163,0.13210207223892212,0.2574133648925708,0.12516997992618015,0.0036379906814545393,0.7592631578445435,-0.4015258550643921,0.05665406212210655
25,4,1,Neither,"{0, 22}",0.03307231143116951,199,205,56.57102966308594,4.081756924279034e-05,0.0007112364983186126,0.007253196090459824,-0.07295019179582596,0.20095677829080058,0.04727936297279363,0.06548383086919785,1.0222218036651611,-0.49065491557121277,1.3985224962234497
25,4,1,Neither,"{0, 23}",0.002215942833572626,119,95,56.880882263183594,0.0011501917615532875,0.0008544765878468752,0.013222663663327694,0.3413923680782318,0.22182587968596337,0.21723775172828375,0.013489669188857079,0.5155332088470459,-0.2991829514503479,0.2251846343278885
25,4,1,Neither,"{0, 24}",0.0027753738686442375,128,136,57.42396545410156,0.0006149188848212361,-0.0015364205464720726,0.01216173730790615,-0.30824214220046997,0.27896587935259115,0.0016730401529636712,0.005267810542136431,1.3060534000396729,-0.727323591709137,0.08500103652477264
25,4,1,Neither,"{0, 27}",0.001575272879563272,79,53,58.83241271972656,0.0006254359032027423,-0.001616286113858223,0.01754363439977169,-0.16988515853881836,0.19530611904722217,0.008875992148160792,0.07719816267490387,1.159501314163208,-0.6167261004447937,1.7594484090805054
25,4,1,Neither,"{0, 29}",0.0016269269399344921,89,52,57.15542221069336,0.00025875066057778895,-0.00041928302380256355,0.009167303331196308,-0.18579508364200592,0.21352491123964462,0.000312256049960968,0.06274805963039398,1.1854248046875,-0.7548699378967285,1.3206815719604492
25,4,1,Neither,"{0, 31}",0.0017192461527884007,98,78,57.93999481201172,0.0016641552792862058,-0.00013343231694307178,0.02697819657623768,0.25340142846107483,0.20957445035254113,0.05774278215223097,0.05569035932421684,0.7034878730773926,-0.474359929561615,1.1299073696136475
25,4,1,Neither,"{0, 37}",0.003664972959086299,146,174,57.84196090698242,0.0009846917819231749,0.0002752027940005064,0.017841435968875885,-0.20077556371688843,0.3025519643958462,0.014654839953721558,0.018786583095788956,1.183178424835205,-0.6312267184257507,0.27617016434669495
25,4,1,Neither,"{0, 39}",0.001554313232190907,81,51,59.44999313354492,0.0008798696799203753,2.6475510821910575e-05,0.017944438382983208,0.15199482440948486,0.18505492307435867,0.044406413258872277,0.08048690110445023,0.8103483319282532,-0.48854514956474304,1.8696614503860474
25,4,1,Neither,"{0, 46}",0.0015639114426448941,64,49,59.32098388671875,0.0010509950807318091,-0.00065645418362692,0.023590095341205597,0.2306540310382843,0.1889553781274482,0.06298517995765703,0.07386576384305954,0.7208885550498962,-0.45436328649520874,1.6519328355789185
25,4,1,Neither,"{0, 48}",0.0034423850011080503,82,106,56.721519470214844,-3.121671034023166e-05,-0.0003943147312384099,0.00328041915781796,-0.24083168804645538,0.2682812994849399,0.002360981671326499,0.014450098387897015,1.2379021644592285,-0.7108578681945801,0.24219413101673126
25,4,1,Neither,"{0, 57}",0.0024183818604797125,118,123,58.703067779541016,0.0008150956127792597,0.0017418425995856524,0.014514032751321793,-0.42197707295417786,0.29346757121664196,5.6798818584573444e-05,0.006999494042247534,1.4218963384628296,-0.8143274188041687,0.10758546739816666
25,4,1,Neither,"{0, 58}",0.003257902804762125,136,153,59.61574172973633,0.001441405969671905,-0.0015593201387673616,0.014355923980474472,0.10299182683229446,0.33145533645591985,0.11722403821976364,0.07406948506832123,0.7918572425842285,-0.4420575499534607,0.9040123224258423
25,4,1,Neither,"{0, 59}",0.0015133148990571499,87,45,56.643333435058594,0.0009533294942229986,-0.0026169144548475742,0.006949859671294689,-0.16548281908035278,0.19303918790525562,0.008807529574302737,0.07920633256435394,1.1552177667617798,-0.6160770058631897,1.826246738433838
25,4,1,Neither,"{1, 3}",0.001123306923545897,37,44,57.139617919921875,0.0002620093582663685,-0.0013181319227442145,0.007943396456539631,-0.14034834504127502,0.11918057106662444,0.0025174825174825175,0.07843507826328278,1.1374775171279907,-0.6549851298332214,2.5672197341918945
25,4,1,Neither,"{8, 1}",0.0010796040296554565,42,73,57.00667953491211,0.00026309984968975186,-0.0014421127270907164,0.022288497537374496,-0.41822269558906555,0.14173320220692415,0.0,0.05900820717215538,1.4182226657867432,-0.884103536605835,1.6959058046340942
25,4,1,Neither,"{1, 10}",0.0018571169348433614,111,90,57.937870025634766,0.00035680615110322833,0.001780035556294024,0.023172197863459587,0.814850389957428,0.16918640508059274,0.48137931034482756,0.03605976328253746,0.09602241963148117,-0.12246327847242355,0.6491037011146545
25,4,1,Neither,"{1, 13}",0.0014232577523216605,55,50,56.74909973144531,0.0010214498033747077,-0.0009009162313304842,0.008201985619962215,-0.038952186703681946,0.18002100245028588,0.001388888888888889,0.025364071130752563,1.0375092029571533,-0.7013412714004517,0.6018871665000916
25,4,1,Neither,"{1, 14}",0.0034527757670730352,173,173,57.57673263549805,0.0006441475125029683,0.00020695025159511715,0.0049237837083637714,-0.17905500531196594,0.2478122447618889,0.01513418981637183,0.0368746742606163,1.1612110137939453,-0.6065911054611206,0.6616533994674683
25,4,1,Neither,"{1, 22}",0.027974339202046394,200,195,55.248565673828125,0.00037290441105142236,0.0025073965080082417,0.006850957404822111,0.0031199692748486996,0.16048538996216224,0.0741587037806398,0.0322471484541893,0.9229527115821838,-0.43278825283050537,0.7935231328010559
25,4,1,Neither,"{1, 23}",0.0019882312044501305,54,92,55.61622619628906,-0.0002876737271435559,0.0009259377839043736,0.002854867372661829,-0.16874387860298157,0.23146033703932126,0.0020884343943540257,0.019747013226151466,1.166303038597107,-0.7030657529830933,0.3798147141933441
25,4,1,Neither,"{24, 1}",0.0023824383970350027,117,102,56.139732360839844,0.0003179152845405042,-0.0012134913122281432,-0.0018635607557371259,-0.2068893015384674,0.2410114513359892,0.0014523825990732416,0.0279688723385334,1.2051364183425903,-0.719376266002655,0.51999831199646
25,4,1,Neither,"{1, 37}",0.00327203213237226,155,170,56.57090377807617,0.00056987046264112,0.0005084906588308513,0.008628470823168755,-0.07268811017274857,0.26759788642008236,0.004920891989535318,0.0520232655107975,1.0674095153808594,-0.6773664951324463,0.8811694979667664
25,4,1,Neither,"{1, 39}",0.001208669156767428,31,71,58.21262741088867,0.0005306710954755545,0.00038118904922157526,0.008039363659918308,-0.23329053819179535,0.1547513876618939,0.002908229211546747,0.04725022241473198,1.2297039031982422,-0.6629415154457092,1.2646621465682983
25,4,1,Neither,"{1, 46}",0.0012439214624464512,51,68,58.09972381591797,7.251292845467106e-05,6.243029201868922e-05,0.005816909018903971,-0.22229351103305817,0.16271898388145284,0.0004097520999795124,0.040629077702760696,1.2217926979064941,-0.7338250279426575,1.0469334125518799
25,4,1,Neither,"{48, 1}",0.0030135030392557383,170,155,55.40144348144531,0.000331259478116408,0.0027467014733701944,0.0025097792968153954,-0.1277375966310501,0.23064357508375977,0.0008672400086724001,0.018786583095788956,1.1267595291137695,-0.7333542704582214,0.36280521750450134
25,4,1,Neither,"{1, 53}",0.0019003330962732434,110,98,55.95578384399414,-0.0004117244970984757,-0.0019584065303206444,0.007186340168118477,-0.1096569076180458,0.2307769239744637,0.002672444925966053,0.019266797229647636,1.1066913604736328,-0.6930051445960999,0.37132713198661804
25,4,1,Neither,"{1, 57}",0.0020587812177836895,69,101,57.46011734008789,0.0001027383841574192,0.0005588897620327771,0.009672879241406918,-0.2588898539543152,0.25541313153201206,0.0,0.04023617506027222,1.25888991355896,-0.9051305055618286,0.7125847935676575
25,4,1,Neither,"{1, 58}",0.0029226315673440695,141,180,58.37649154663086,0.0013173660263419151,-0.000703892728779465,0.011103061959147453,0.0006205316167324781,0.31350324204490526,0.0597618034878775,0.10730616748332977,0.9396547675132751,-0.508755624294281,1.5090116262435913
25,4,1,Neither,"{1, 59}",0.0011759096523746848,48,67,55.3350944519043,0.0008530133636668324,0.0008761102799326181,0.006119883619248867,0.12446951866149902,0.1438334472355108,0.08923397844477923,0.0459696501493454,0.7974033951759338,-0.4053700864315033,1.2212473154067993
25,4,1,Neither,"{10, 3}",0.0015861920546740294,91,62,58.51533126831055,0.001349961617961526,0.00034173805033788085,0.01911606267094612,-0.12938794493675232,0.16028536662610637,0.003119800332778702,0.11449483782052994,1.1258645057678223,-0.6519066095352173,3.2163236141204834
25,4,1,Neither,"{3, 13}",0.001040622591972351,38,43,57.37688446044922,0.000706042570527643,0.0017091252375394106,0.018663106486201286,-0.020617110654711723,0.08997716400246696,0.005001852537977029,0.05307100713253021,1.0155121088027954,-0.6208085417747498,1.9653326272964478
25,4,1,Neither,"{3, 14}",0.003167752642184496,182,181,58.127777099609375,0.0026700792368501425,-0.0016091999132186174,0.026164907962083817,0.06630825996398926,0.15671828379977665,0.03190810465858328,0.11530975252389908,0.9038994312286377,-0.5012296438217163,3.2288732528686523
25,4,1,Neither,"{3, 22}",0.031801462173461914,207,196,55.85410690307617,0.0014661638997495174,0.0006275984342209995,0.006339513696730137,-0.2184469848871231,0.08209291083959795,0.0054822335025380715,0.046187929809093475,1.2117671966552734,-0.6160958409309387,1.7736966609954834
25,4,1,Neither,"{3, 23}",0.0016287934267893434,66,30,56.214115142822266,0.0009230392752215266,-0.00023587328905705363,0.00898835714906454,-0.0778261199593544,0.14096644608537662,0.008040676362776398,0.09818208962678909,1.0691596269607544,-0.6001386046409607,2.9470345973968506
25,4,1,Neither,"{24, 3}",0.0020549334585666656,127,114,56.74418640136719,0.0010737640550360084,0.0033136201091110706,0.012801590375602245,-0.002427639439702034,0.14971746703782107,0.012024048096192385,0.10640394687652588,0.9903743863105774,-0.5762397646903992,3.0872180461883545
25,4,1,Neither,"{3, 37}",0.0029301783069968224,169,154,57.17791748046875,0.001054275780916214,0.002644645282998681,0.01733638159930706,-0.050891462713479996,0.1761705532312103,0.01646324155549248,0.13045834004878998,1.0335904359817505,-0.5575972199440002,3.4483892917633057
25,4,1,Neither,"{48, 3}",0.002757687121629715,159,141,56.003360748291016,0.0014763418585062027,0.00023456588678527623,0.00797448679804802,-0.03555985912680626,0.13978297468037937,0.008704984497972811,0.09722165763378143,1.0265452861785889,-0.5953091979026794,2.930025100708008
25,4,1,Neither,"{57, 3}",0.0017515463987365365,100,91,58.084068298339844,-0.00031975575257092714,-0.0008861941751092672,0.025241253897547722,0.08618824928998947,0.1632690480556065,0.014088820826952527,0.11867125332355499,0.9009371995925903,-0.567141056060791,3.2798047065734863
25,4,1,Neither,"{58, 3}",0.0025824543554335833,149,147,58.938148498535156,0.0026675709523260593,-0.0013176224892958999,0.025051644071936607,0.14449071884155273,0.23976130548563998,0.010984427141268075,0.18574124574661255,0.8461120128631592,-0.5961044430732727,4.076231479644775
25,4,1,Neither,"{8, 14}",0.0030378776136785746,181,171,58.03775405883789,0.0012951758690178394,-0.0021695136092603207,0.013296552933752537,0.05405065044760704,0.18023769439767973,0.02071580504947748,0.09588287770748138,0.9263532757759094,-0.5505505800247192,2.3575592041015625
25,4,1,Neither,"{8, 22}",0.03292408213019371,205,199,55.74669647216797,0.00045784449321217835,0.0006006788462400436,0.009622975252568722,-0.1516379415988922,0.10257863417398697,0.021611959701007474,0.02676105871796608,1.12674880027771,-0.5372089147567749,0.9023826122283936
25,4,1,Neither,"{8, 24}",0.002000950276851654,126,115,56.630271911621094,0.0003893588436767459,0.000512081547640264,0.012671204283833504,-0.12231656163930893,0.17247012151417665,0.007538416932444187,0.08697707951068878,1.1138560771942139,-0.6165560483932495,2.2159039974212646
25,4,1,Neither,"{8, 29}",0.0008666518842801452,25,72,56.34092330932617,0.0006100737955421209,-0.0003801514976657927,0.01466414239257574,-0.3974732756614685,0.10792925841348157,0.0,0.029496828094124794,1.3974733352661133,-0.8777974843978882,0.9802235960960388
25,4,1,Neither,"{8, 37}",0.0028747667092829943,166,143,57.06000900268555,0.0005515646771527827,-0.0006342442939057946,0.021717345342040062,-0.15250535309314728,0.20039004550530895,0.004658126767592747,0.11103147268295288,1.1471368074417114,-0.6481230854988098,2.577075242996216
25,4,1,Neither,"{8, 48}",0.0026920021045953035,154,133,55.89701843261719,0.00045637297444045544,-0.002659947145730257,0.00604268629103899,-0.202711284160614,0.16285233277215674,0.0024564994882292734,0.07779479026794434,1.1997568607330322,-0.6694653034210205,2.058711051940918
25,4,1,Neither,"{8, 53}",0.0014591030776500702,74,38,56.4034309387207,0.0012428025947883725,-0.0022271869238466024,0.02849741093814373,0.3866136372089386,0.14738386145050256,0.11140013571590138,0.07827500253915787,0.5450550317764282,-0.3711749315261841,2.067232847213745
25,4,1,Neither,"{8, 57}",0.0016763833118602633,97,75,57.93513488769531,0.00031481756013818085,0.0006176558090373874,0.019727740436792374,-0.1584232896566391,0.18713849949160735,0.003651910572726463,0.0992443859577179,1.1541928052902222,-0.6570597887039185,2.4084906578063965
25,4,1,Neither,"{8, 58}",0.002435858827084303,145,151,58.8367919921875,0.0017459217924624681,0.0034064671490341425,0.022369809448719025,0.24355749785900116,0.24882903005350623,0.06357181136120042,0.16631437838077545,0.7083540558815002,-0.45283007621765137,3.2049174308776855
25,4,1,Neither,"{10, 13}",0.001846720464527607,73,35,58.1816520690918,0.0004439197655301541,-0.00020624423632398248,0.03828296437859535,0.08010254800319672,0.2132415448468988,0.03908387399359024,0.061423834413290024,0.8839442729949951,-0.5145121812820435,1.250990867614746
25,4,1,Neither,"{10, 14}",0.003959910478442907,139,166,58.955142974853516,0.0012614572187885642,-0.0004345156776253134,0.012995698489248753,-0.12318454682826996,0.2800993449235744,0.04558438467031659,0.0008149098721332848,1.071984887123108,-0.5311198830604553,0.012549691833555698
25,4,1,Neither,"{10, 22}",0.03076045960187912,197,203,56.67644500732422,0.0013099969364702702,-0.00013765401672571898,0.006458371877670288,-0.059735529124736786,0.21304152151084293,0.0030514044284484783,0.06830690801143646,1.056501865386963,-0.6783328652381897,1.4426268339157104
25,4,1,Neither,"{10, 23}",0.002396895783022046,116,117,57.04741668701172,0.00022994056052993983,2.22997332457453e-05,0.011386842466890812,-0.1629568636417389,0.27186505092260765,0.0050889025137952175,0.016312750056385994,1.157038688659668,-0.678852915763855,0.2692890167236328
10,4,2,Geometry_only,"{25, 47}",0.0011239955201745033,7,24,58.46334457397461,0.0003620062780100852,0.0012459888821467757,0.017482832074165344,-0.14413347840309143,0.15465137599386594,0.017891787023065316,0.04441259056329727,1.1236628293991089,-0.5610117316246033,1.1747876405715942
10,4,2,Geometry_only,"{42, 47}",0.0009472614037804306,0,37,58.913490295410156,0.0014952117344364524,0.00010274956002831459,0.026920082047581673,0.43160977959632874,0.10019502275265448,0.15371818333056064,0.007901715114712715,0.4810183048248291,-0.33648547530174255,0.2510838210582733
10,4,2,Geometry_only,"{42, 4}",0.0009109663078561425,5,13,59.45613479614258,0.0009899555006995797,0.001061717513948679,0.01894768513739109,0.029409676790237427,0.11242978347473873,0.009043736100815419,0.009778918698430061,0.9618125557899475,-0.5965954065322876,0.3141325116157532
10,4,2,Geometry_only,"{32, 36}",0.0017208880744874477,2,75,58.48748016357422,0.0006164766382426023,0.0056973169557750225,0.006692694034427404,-0.32395005226135254,0.1911556348240628,0.0007847924659923265,0.0011496050283312798,1.322911024093628,-0.7243586778640747,0.02594696916639805
10,4,2,Geometry_only,"{4, 47}",0.0009150978294201195,1,36,59.36733627319336,0.0009076885762624443,-0.0009324115817435086,0.03474952280521393,0.5234826803207397,0.09389428766689448,0.11184093733357003,0.0018772031180560589,0.4232231676578522,-0.38009655475616455,0.06304869055747986
10,4,2,Geometry_only,"{50, 35}",0.0016738699050620198,3,51,57.54684066772461,0.0019110662396997213,0.0003334978537168354,0.014895311556756496,0.9272835850715637,0.14740053006184053,0.6688906479701459,0.011728881858289242,0.02407708577811718,-0.0449008084833622,0.21367332339286804
10,4,2,Geometry_only,"{32, 9}",0.0018896148540079594,6,10,58.53437042236328,0.0013509393902495503,0.0034210081212222576,0.014557969756424427,0.0255238339304924,0.19818978880869434,0.011438183347350715,0.00913863256573677,0.9633299112319946,-0.6075423955917358,0.19873949885368347
10,4,2,Geometry_only,"{32, 25}",0.001574189867824316,9,53,58.46223068237305,0.001175468321889639,0.00022995684412308037,0.00960766151547432,-0.33579131960868835,0.19840648075608822,0.0036965470889691677,0.007989027537405491,1.3308534622192383,-0.6681721210479736,0.17465542256832123
10,4,2,Geometry_only,"{25, 36}",0.001407247269526124,4,34,58.05337905883789,0.001196600846014917,0.0010882895439863205,0.020757751539349556,0.37194374203681946,0.18085443301718535,0.10838709677419354,0.006839422043412924,0.5599830746650696,-0.3922845423221588,0.14870846271514893
10,4,2,Geometry_only,"{25, 42}",0.0011015471536666155,8,29,58.54464340209961,0.0007528844871558249,0.002120013115927577,0.010572339408099651,0.09196724742650986,0.16080209357758404,0.035244117342178916,0.03651087358593941,0.8760299682617188,-0.5087798237800598,0.9237037897109985
10,4,2,CARE_only,"{42, 19}",0.0012125229695811868,51,3,60.10527801513672,0.0019726851023733616,0.004040132276713848,0.02114953100681305,0.079697385430336,0.1585018252129415,0.03102324113997266,0.0338478647172451,0.8917518258094788,-0.5195873975753784,0.8669258952140808
10,4,2,CARE_only,"{9, 47}",0.0014781812205910683,33,9,58.518489837646484,0.0011164911556988955,0.000233664846746251,0.016796590760350227,0.33010539412498474,0.15041754871401664,0.055296985815602835,0.04556219279766083,0.6328514814376831,-0.4612291157245636,1.1988717317581177
10,4,2,CARE_only,"{54, 47}",0.0010435120202600956,43,8,57.943138122558594,-0.00037321046693250537,3.5364486393518746e-05,0.015698621049523354,0.007938695140182972,0.11197973096861301,0.011908306043465317,0.0059080966748297215,0.9802475571632385,-0.5800459980964661,0.18982110917568207
10,4,2,CARE_only,"{49, 19}",0.002007697708904743,34,2,58.3940315246582,0.0006409486522898078,0.00035950634628534317,0.014616047963500023,0.09126526862382889,0.1900888436984315,0.07742897229042442,0.0022846581414341927,0.8383723497390747,-0.4377957880496979,0.04879581555724144
10,4,2,CARE_only,"{9, 54}",0.001488359528593719,42,7,57.60397720336914,0.00032078393269330263,0.0010851984843611717,0.014561924152076244,0.06275305896997452,0.16100211691363991,0.02795320426545191,0.03965409845113754,0.9110478758811951,-0.5286645293235779,1.0090506076812744
10,4,2,CARE_only,"{42, 54}",0.0010025869123637676,35,6,57.994773864746094,0.0010709085036069155,-0.0011389382416382432,0.017051491886377335,0.01764378324151039,0.11981397829746804,0.021285475792988316,0.001993618905544281,0.9614462852478027,-0.5419043302536011,0.061262719333171844
10,4,2,CARE_only,"{32, 54}",0.0014397259801626205,48,1,57.91123580932617,0.0015268282731994987,-0.0001532705209683627,0.019486593082547188,0.2100565880537033,0.14371676695614488,0.0787520296914869,0.030515464022755623,0.7277337908744812,-0.4221614599227905,0.8103110790252686
10,4,2,CARE_only,"{35, 54}",0.001453746808692813,70,0,57.114810943603516,0.0007814304553903639,0.0012608853867277503,0.018559234216809273,-0.028829028829932213,0.18875535479139233,0.005298481102084069,0.06082720309495926,1.023377776145935,-0.6446508169174194,1.4114060401916504
10,4,2,CARE_only,"{42, 36}",0.0012762041296809912,21,4,58.55539321899414,0.0006854742532595992,-0.0015645558014512062,0.01738729327917099,0.2358894795179367,0.14823396062874003,0.07016754750927696,0.029671451076865196,0.7104947566986084,-0.4364684820175171,0.7749953866004944
10,4,2,CARE_only,"{36, 47}",0.001302163815125823,17,5,58.45295715332031,0.0010060813510790467,-0.0008847986464388669,0.028302308171987534,0.05899287015199661,0.14471688363642424,0.03363280350149735,0.03757316619157791,0.9093584418296814,-0.5084664225578308,1.0260791778564453
10,4,2,Neither,"{9, 4}",0.0014121975982561707,39,12,59.06513595581055,0.0005929297185502946,-8.730038825888187e-05,0.017039168626070023,0.39806345105171204,0.14656709949494107,0.06834982372341636,0.047439396381378174,0.5607942938804626,-0.43709811568260193,1.26192045211792
10,4,2,Neither,"{18, 4}",0.005031212233006954,190,206,59.627281188964844,0.001152262557297945,0.0006563080241903663,0.0223291777074337,0.21473748981952667,0.3830113513243212,0.05801201148925059,0.26451101899147034,0.7397078275680542,-0.5001978278160095,3.53408145904541
10,4,2,Neither,"{19, 4}",0.0011787465773522854,47,15,60.550228118896484,0.001396769774146378,-0.0006591194542124867,0.022814026102423668,0.23747816681861877,0.14111646358741853,0.07866761162296244,0.043626781553030014,0.7025360465049744,-0.42035287618637085,1.181058406829834
10,4,2,Neither,"{4, 21}",0.002031387761235237,107,55,58.433807373046875,0.000985155114904046,0.0007534091710112989,0.013266297988593578,0.16331404447555542,0.16075208774357008,0.039610120282040646,0.05663623660802841,0.8035447001457214,-0.4956793189048767,1.4458593130111694
10,4,2,Neither,"{25, 4}",0.001078678877092898,12,23,58.99033737182617,0.0005268834065645933,0.003384424839168787,0.01678372547030449,-0.28621265292167664,0.15495141099794976,0.0020438898450946645,0.04628979042172432,1.2835837602615356,-0.677753210067749,1.2378363609313965
10,4,2,Neither,"{32, 4}",0.0013698791153728962,29,52,59.386085510253906,0.0010149989975616336,-0.000670912500936538,0.009757481515407562,-0.053164996206760406,0.14536695947860584,0.005159958720330237,0.0383007638156414,1.0477306842803955,-0.6339468359947205,1.063180923461914
10,4,2,Neither,"{33, 4}",0.0019454305293038487,92,92,58.445655822753906,0.0019469946855679154,0.0007283072918653488,0.014715551398694515,-0.23231978714466095,0.27188171953394563,0.006498681871129912,0.149637833237648,1.224311351776123,-0.651600182056427,2.7141835689544678
10,4,2,Neither,"{34, 4}",0.0016250459011644125,63,35,59.8313102722168,0.0009563065250404179,0.003949482459574938,0.022256696596741676,-0.22398218512535095,0.21382494624372844,0.007951356407857811,0.0988951325416565,1.214249849319458,-0.6267426013946533,2.130277395248413
10,4,2,Neither,"{35, 4}",0.0013577414210885763,53,27,58.58102035522461,0.0012869752245023847,-0.0025747930631041527,0.01931799203157425,0.11657986044883728,0.17463704098811528,0.03550634723680443,0.06861250102519989,0.8520531058311462,-0.508371889591217,1.664275884628296
10,4,2,Neither,"{4, 36}",0.0012198040494695306,24,14,59.00601577758789,0.0002930884948000312,-0.0008499837713316083,0.029281120747327805,0.004207294899970293,0.14318337139332923,0.029685681024447033,0.03945036977529526,0.9662319421768188,-0.5186700224876404,1.0891278982162476
10,4,2,Neither,"{4, 44}",0.0026122573763132095,150,116,57.531944274902344,0.0007351741078309715,0.002325210487470031,0.011091269552707672,-0.20603208243846893,0.2126248062273932,0.002900595798055817,0.09690151363611221,1.2025338411331177,-0.6769527196884155,2.1028308868408203
10,4,2,Neither,"{4, 45}",0.0026795861776918173,151,125,58.059322357177734,0.0011088771279901266,2.015809150179848e-05,0.008193097077310085,-0.2477443963289261,0.23066024369509777,0.0011562364503540975,0.11234115064144135,1.2463016510009766,-0.7166551947593689,2.305325984954834
10,4,2,Neither,"{49, 4}",0.0016738491831347346,74,69,57.69214630126953,0.0007358085131272674,-0.0019017013255506754,0.005982045084238052,-0.2539133131504059,0.15436800960112013,0.0030234315948601664,0.04591144248843193,1.2501221895217896,-0.6612346172332764,1.2298542261123657
10,4,2,Neither,"{50, 4}",0.001273315167054534,52,11,58.87160873413086,0.0017759200418367982,-0.0006768617313355207,0.03237729147076607,0.2993517816066742,0.1558515160102012,0.07411764705882352,0.05688362196087837,0.6487178206443787,-0.4285871684551239,1.4506025314331055
10,4,2,Neither,"{4, 52}",0.002789961639791727,154,139,57.968414306640625,0.0008996259421110153,-0.004892630502581596,0.0023085479624569416,-0.39387595653533936,0.22502625306285734,0.0002962962962962963,0.1072479635477066,1.3934630155563354,-0.7556227445602417,2.2410058975219727
10,4,2,Neither,"{4, 54}",0.0009778644889593124,44,16,58.47182083129883,-8.389334834646434e-05,-0.0010267456527799368,0.01535009779036045,-0.03204832971096039,0.11046288733685597,0.006337709370755998,0.00778529979288578,1.0255074501037598,-0.6157990097999573,0.25286978483200073
10,4,2,Neither,"{4, 55}",0.0019215684151276946,119,103,58.801517486572266,0.0004196446679998189,0.001373945502564311,0.015330487862229347,-0.41974207758903503,0.24687880252696148,0.0,0.12626737356185913,1.4197421073913574,-0.9008124470710754,2.4699668884277344
10,4,2,Neither,"{4, 63}",0.0019751540385186672,89,77,58.755393981933594,1.5222809452097863e-05,0.0006977016455493867,0.012628365308046341,-0.38913461565971375,0.24222825996366243,6.881365262868153e-05,0.1222219318151474,1.3890390396118164,-0.7911693453788757,2.42374849319458
10,4,2,Neither,"{9, 18}",0.005493332631886005,202,200,58.73057174682617,0.003119808854535222,0.001089197234250605,0.022193191573023796,0.3286599814891815,0.3985631657026653,0.1530676257789302,0.21707162261009216,0.5685796141624451,-0.40696537494659424,2.2721610069274902
10,4,2,Neither,"{9, 19}",0.0017164723249152303,82,32,59.71666717529297,0.0016726028406992555,0.0009058064897544682,0.010411347262561321,0.10508721321821213,0.19380594402680312,0.06579513202029759,0.003812614129856229,0.8360318541526794,-0.45788872241973877,0.08086197078227997
10,4,2,Neither,"{9, 21}",0.0024991161189973354,112,61,57.564517974853516,0.0014446107670664787,-0.0018923019524663687,0.021389923989772797,0.36695775389671326,0.1888053606254063,0.17294958947647215,0.009196840226650238,0.5235578417778015,-0.32606616616249084,0.1839388757944107
10,4,2,Neither,"{9, 25}",0.0015822560526430607,19,49,58.152400970458984,0.00017704701167531312,-0.0024764500558376312,0.01894068531692028,-0.33995071053504944,0.2085076592269098,0.005276201135182668,0.0011496050283312798,1.3328808546066284,-0.6546773314476013,0.024084072560071945
10,4,2,Neither,"{9, 33}",0.002415059134364128,142,152,57.58296203613281,0.0022210029419511557,-0.0012543316697701812,0.01483683381229639,-0.1725825071334839,0.31773706932475454,0.032263141328297135,0.10219842940568924,1.134751319885254,-0.5711514353752136,1.4522631168365479
10,4,2,Neither,"{9, 34}",0.002078067744150758,121,120,58.99504852294922,0.0009760027751326561,-0.0013088771374896169,0.008269323967397213,-0.33839672803878784,0.26709782807994265,0.01035946080878682,0.05145573988556862,1.3245316743850708,-0.6373171806335449,0.8683570027351379
10,4,2,Neither,"{9, 35}",0.00181143160443753,103,66,57.76370620727539,3.256303898524493e-05,-0.0010514126624912024,0.011006012558937073,0.1632552146911621,0.21294150984281499,0.10442270058708415,0.021173104643821716,0.7493696212768555,-0.40754181146621704,0.402355432510376
10,4,2,Neither,"{9, 36}",0.0017356806201860309,10,21,58.145748138427734,0.0007068933919072151,0.002282987581565976,0.013110632076859474,-0.1763390749692917,0.19760638741186473,0.021088148460565163,0.007989027537405491,1.1515322923660278,-0.5649425983428955,0.17279252409934998
10,4,2,Neither,"{9, 42}",0.001423863461241126,31,44,58.626522064208984,0.0005983308656141162,-0.003794008633121848,0.012362401932477951,0.07112648338079453,0.160902105245612,0.04278462654097172,0.03766047954559326,0.889132022857666,-0.49064570665359497,0.947787880897522
10,4,2,Neither,"{9, 44}",0.0030901345890015364,164,151,56.63029861450195,0.001863648765720427,-0.0013280485291033983,0.013284776359796524,-0.15026359260082245,0.2627639891320654,0.01833291042882517,0.04946212098002434,1.1291759014129639,-0.598242998123169,0.8409104943275452
10,4,2,Neither,"{9, 45}",0.0031678208615630865,132,160,57.205467224121094,0.0008477119263261557,0.0011823201784864068,0.008483028039336205,-0.14570799469947815,0.27629890153851283,0.032456563706563704,0.06490175426006317,1.1085222959518433,-0.5571416020393372,1.0434056520462036
10,4,2,Neither,"{9, 49}",0.0021297885105013847,128,123,56.81298828125,0.0011484436690807343,0.0010281496215611696,0.006053777411580086,-0.31390705704689026,0.20809094394346006,0.005206664530599167,0.0015279559884220362,1.3070659637451172,-0.6551949977874756,0.03206615149974823
10,4,2,Neither,"{9, 50}",0.0017716109286993742,95,60,58.03861999511719,0.0012290050508454442,0.0014682135079056025,0.01240722555667162,0.23505999147891998,0.20434050639241244,0.08516192185333224,0.00944422371685505,0.6997962594032288,-0.4310334324836731,0.18868210911750793
10,4,2,Neither,"{9, 52}",0.0032146398443728685,184,183,57.10731506347656,0.0008156774565577507,-0.006707583554089069,0.004778818693011999,-0.42607176303863525,0.27909922824329503,0.0011944577161968467,0.05980856344103813,1.4243683815002441,-0.7369818687438965,0.9790854454040527
10,4,2,Neither,"{9, 55}",0.002377704018726945,88,105,57.95716857910156,0.00018617563182488084,-0.0013482216745615005,0.008505427278578281,-0.48218435049057007,0.30100178354141316,0.0007199025362720124,0.07882797718048096,1.4811173677444458,-0.7582312822341919,1.2080464363098145
10,4,2,Neither,"{9, 63}",0.00243374309502542,138,135,57.89719772338867,0.00022163006360642612,-0.0018547752406448126,0.01023169420659542,-0.47929847240448,0.296501258480156,0.00028108837418484373,0.07478253543376923,1.4788826704025269,-0.7813708186149597,1.1618280410766602
10,4,2,Neither,"{18, 19}",0.005487876478582621,200,196,60.224891662597656,0.00377158191986382,0.001170592731796205,0.026165932416915894,-0.09994206577539444,0.42446618772190087,0.07241311604162576,0.22088423371315002,1.020291805267334,-0.5186684727668762,2.353022813796997
10,4,2,Neither,"{18, 21}",0.005645775236189365,207,189,58.09852600097656,0.00346133834682405,0.0036115432158112526,0.023752227425575256,0.5070756077766418,0.37311019618955543,0.2599624731951394,0.20787477493286133,0.36478254199028015,-0.3067370355129242,2.088222026824951
10,4,2,Neither,"{25, 18}",0.004994175862520933,193,192,58.7017936706543,0.0014872641768306494,0.00045961939031258225,0.019789956510066986,-0.5202645063400269,0.457420032337106,0.0018220246337730486,0.21822123229503632,1.517494559288025,-0.7653244733810425,2.2962450981140137
10,4,2,Neither,"{32, 18}",0.005410846322774887,198,193,59.0274772644043,0.004393153823912144,-0.00019922986393794417,0.0420367456972599,0.5372744202613831,0.38381144466854467,0.17011204725093373,0.22621025145053864,0.384010374546051,-0.3766019642353058,2.470900535583496
10,4,2,Neither,"{33, 18}",0.00619649700820446,201,195,58.033382415771484,0.007077867165207863,-0.00013714807573705912,0.04434563219547272,-0.05466486141085625,0.5155434800726751,0.11849720327201009,0.11487319320440292,0.9296900033950806,-0.5436537861824036,0.8198978304862976
10,4,2,Neither,"{18, 34}",0.005578545853495598,204,198,59.55758285522461,0.0015133153647184372,-0.0018380727851763368,0.009164072573184967,-0.4535799026489258,0.5139932992182421,0.008788429108833831,0.16561588644981384,1.440805196762085,-0.7319212555885315,1.4038039445877075
10,4,2,Neither,"{18, 35}",0.004793435335159302,197,190,58.283546447753906,0.002488659927621484,0.0012857969850301743,0.04106513038277626,0.5447962880134583,0.3693764272498458,0.3098375451263538,0.19589851796627045,0.31416451930999756,-0.2774134576320648,1.8698055744171143
10,4,2,Neither,"{18, 36}",0.005207919515669346,192,201,58.712154388427734,0.0014330229023471475,0.001533381175249815,0.01608920656144619,-0.3563169538974762,0.4460353707932592,0.009828468926342539,0.22506064176559448,1.3429864645004272,-0.6877009272575378,2.444953441619873
10,4,2,Neither,"{18, 42}",0.005045162979513407,199,203,59.13420867919922,0.003127514384686947,-0.001869250787422061,0.01911243237555027,-0.1560855358839035,0.4024969579784308,0.034621278005549344,0.2547321021556854,1.1160603761672974,-0.567733645439148,3.2199487686157227
10,4,2,Neither,"{18, 44}",0.006796868517994881,187,186,57.21150207519531,0.0025926565285772085,0.0032508745789527893,0.023720160126686096,-0.23557302355766296,0.5097928091610688,0.012620978289301596,0.16760949790477753,1.219978928565979,-0.7116639018058777,1.4312504529953003
10,4,2,Neither,"{18, 45}",0.0068391067907214165,209,209,57.707096099853516,0.004146697465330362,0.002130627166479826,0.019720688462257385,-0.1329384297132492,0.49629123397729735,0.07580439309464633,0.152169868350029,1.0470566749572754,-0.5734765529632568,1.2287553548812866
10,4,2,Neither,"{18, 47}",0.004979172255843878,195,205,59.093994140625,0.001383424736559391,-0.0023613562807440758,0.022116752341389656,0.0708288848400116,0.39001216808627676,0.04453372083084024,0.2626338005065918,0.8877916932106018,-0.533253014087677,3.4710326194763184
10,4,2,Neither,"{49, 18}",0.005818679463118315,203,199,57.397247314453125,0.0017194392858073115,-0.0006861948641017079,0.015000484883785248,-0.3206717371940613,0.45611988065274284,0.0037275252156117526,0.2185995727777481,1.315748929977417,-0.7388152480125427,2.304227113723755
10,4,2,Neither,"{18, 50}",0.004959873389452696,196,197,58.619354248046875,0.0014769843546673656,0.000650160014629364,0.011714310385286808,0.5061241388320923,0.37251012618138785,0.2627528190442098,0.20762740075588226,0.3641085922718048,-0.30449846386909485,2.0834789276123047
10,4,2,Neither,"{18, 52}",0.006760837510228157,191,191,57.66825485229492,0.0021062602754682302,0.0008755322196520865,0.01675008051097393,-0.38293835520744324,0.5266781124464521,0.0026584802354653924,0.15726305544376373,1.37926185131073,-0.7843338847160339,1.2930755615234375
10,4,2,Neither,"{18, 54}",0.005156796425580978,205,202,58.13737869262695,0.002366101136431098,-0.002955885138362646,0.022324230521917343,0.06103116646409035,0.39627956594936076,0.04509127618406663,0.2567257285118103,0.8966295123100281,-0.5382816195487976,3.2812116146087646
10,4,2,Neither,"{18, 55}",0.0058039408177137375,208,208,58.51981735229492,0.0011081878328695893,-0.0020947670564055443,0.014635010622441769,-0.4797168970108032,0.5494974413681596,0.0006673542437663047,0.1382436454296112,1.4787293672561646,-0.8291985988616943,1.0641145706176758
10,4,2,Neither,"{18, 63}",0.005838837940245867,206,194,58.48894119262695,0.0001565547863719985,-0.0017529516480863094,0.019139884039759636,-0.468524307012558,0.5451135965862683,0.00021404764088921505,0.14228908717632294,1.468209981918335,-0.8492863774299622,1.11033296585083
10,4,2,Neither,"{19, 21}",0.0023267455399036407,130,159,59.112548828125,0.0013765746261924505,0.0026699588634073734,0.007606140337884426,-0.12479268014431,0.21179137566049372,0.02502754604124036,0.013009454123675823,1.0966418981552124,-0.5565551519393921,0.2648008465766907
10,4,2,Neither,"{25, 19}",0.0013979231007397175,60,40,59.66643524169922,0.0008147197659127414,0.0008978021214716136,0.00991898961365223,0.04878609627485275,0.19687296851299319,0.04250275167217001,0.002663009101524949,0.9107847213745117,-0.5045328140258789,0.05677789822220802
10,4,2,Neither,"{32, 19}",0.001693331403657794,76,28,60.04450607299805,0.0017294908175244927,-0.001988900825381279,0.011402573436498642,-0.21178603172302246,0.1943393395896188,0.009005918174800584,0.005326018203049898,1.200872778892517,-0.6207699179649353,0.1178775280714035
10,4,2,Neither,"{33, 19}",0.0022498106118291616,50,101,59.089271545410156,0.0035109512973576784,0.0042272163555026054,0.017671821638941765,-0.14737871289253235,0.3132532128748354,0.033097429894109506,0.1060110479593277,1.109403371810913,-0.5662463307380676,1.5331250429153442
10,4,2,Neither,"{34, 19}",0.0019471936393529177,23,47,60.50019073486328,0.001144794630818069,0.003204893786460161,0.02150207944214344,0.17625607550144196,0.24086143383394729,0.10228373702422146,0.05526835098862648,0.7394883036613464,-0.41845929622650146,0.9492189884185791
10,4,2,Neither,"{35, 19}",0.0016649086028337479,26,42,59.26283264160156,0.0015129069797694683,0.001417438150383532,0.01627069152891636,-0.18026161193847656,0.22702648642341605,0.016666666666666666,0.024985719472169876,1.1605905294418335,-0.5925286412239075,0.48321738839149475
10,4,2,Neither,"{19, 36}",0.0015578739112243056,66,31,59.679927825927734,0.0006399628473445773,0.0005955216474831104,0.013695796951651573,0.20108431577682495,0.17970429883486408,0.09850663203784435,0.004176413174718618,0.7202171683311462,-0.4045969843864441,0.0919305607676506
10,4,2,Neither,"{19, 44}",0.002943717408925295,167,163,58.20560836791992,0.001698358915746212,0.0023885599803179502,0.009127519093453884,-0.1435043215751648,0.25479639291250644,0.03303676566793144,0.0532747320830822,1.1057265996932983,-0.5476317405700684,0.9217724204063416
10,4,2,Neither,"{19, 45}",0.0030481291469186544,175,168,58.70573425292969,0.002769825281575322,0.0005313185974955559,0.010468319058418274,-0.0732172280550003,0.27028153284549866,0.03928461301264261,0.06871436536312103,1.03105628490448,-0.5368208885192871,1.124267578125
10,4,2,Neither,"{19, 47}",0.0012195756426081061,49,39,60.02116394042969,0.0017706722719594836,-0.0005001709796488285,0.020236939191818237,0.3169375956058502,0.13924957911756372,0.1085707445535073,0.04174957796931267,0.6089017987251282,-0.3802400529384613,1.1180096864700317
10,4,2,Neither,"{50, 19}",0.0016140596708282828,11,46,59.54962158203125,0.0019980266224592924,0.0014464744599536061,0.013353723101317883,-0.0969630554318428,0.21177470704915574,0.026446280991735537,0.013256837613880634,1.0679525136947632,-0.5520550012588501,0.2695440649986267
10,4,2,Neither,"{19, 52}",0.0031520361080765724,91,109,58.63170623779297,0.0020130218472331762,-0.002230302896350622,0.011254776269197464,-0.1478671133518219,0.2689313753271215,0.02280897483575059,0.06362117826938629,1.1216853857040405,-0.5831588506698608,1.0599473714828491
10,4,2,Neither,"{19, 54}",0.0013036722084507346,72,54,59.100303649902344,0.002023641485720873,0.0016553665045648813,0.008573096245527267,-0.08730082213878632,0.1600853432900505,0.006559766763848397,0.03584148362278938,1.08016836643219,-0.6261109709739685,0.9281886219978333
10,4,2,Neither,"{19, 55}",0.0022453046403825283,153,132,59.49432373046875,0.00020702683832496405,-0.0005563722806982696,0.0174311064183712,0.020566875115036964,0.2803160368709683,0.05898792888148897,0.08264059573411942,0.9216583967208862,-0.4984791576862335,1.2889083623886108
10,4,2,Neither,"{19, 63}",0.002311241813004017,45,81,59.43595886230469,0.00024226662935689092,0.0012858343543484807,0.013104451820254326,0.018573954701423645,0.27498208124281165,0.06267806267806268,0.07859514653682709,0.9199121594429016,-0.48999059200286865,1.2426899671554565
10,4,2,Neither,"{25, 21}",0.002183646662160754,100,68,57.490203857421875,0.0012876157416030765,0.0006892380770295858,0.010849397629499435,-0.39742499589920044,0.2200590068841365,0.00037873049537948795,0.010346445254981518,1.3968957662582397,-0.753919243812561,0.20802295207977295
10,4,2,Neither,"{32, 21}",0.0024433517828583717,120,90,57.87788009643555,0.0024356748908758163,-0.0023534223437309265,0.017293378710746765,0.3287236988544464,0.19855649825813013,0.06262592343854936,0.01833547279238701,0.6292369961738586,-0.46465957164764404,0.38267838954925537
10,4,2,Neither,"{33, 21}",0.0029893380124121904,141,153,56.921260833740234,0.0031466286163777113,0.0007973240572027862,0.016001611948013306,-0.08024649322032928,0.3256879969329755,0.03940836276165618,0.093001589179039,1.0376757383346558,-0.5584632754325867,1.2683242559432983
10,4,2,Neither,"{34, 21}",0.0027012708596885204,137,148,58.397769927978516,0.000167809339473024,-0.002795808482915163,0.006304817274212837,-0.3731372058391571,0.28039937992765823,0.0,0.04225889965891838,1.3731372356414795,-0.9090121388435364,0.6844181418418884
25,4,2,Geometry_only,"{49, 50}",0.002042233245447278,22,78,56.664161682128906,0.000558028114028275,-0.00020529964240267873,0.004369887989014387,-0.23664945363998413,0.21992565799343256,0.00030316810671517357,0.010972179472446442,1.2362746000289917,-0.7595617771148682,0.22074826061725616
25,4,2,Geometry_only,"{33, 49}",0.002691789995878935,14,112,56.17893981933594,0.002258200664073229,0.0008543393341824412,0.011944524943828583,0.03915036469697952,0.3092860833763939,0.05481002425222312,0.10372638702392578,0.9081854224205017,-0.5165314078330994,1.4843292236328125
25,4,2,Geometry_only,"{50, 19}",0.0016140596708282828,11,46,59.54962158203125,0.0019980266224592924,0.0014464744599536061,0.013353723101317883,-0.0969630554318428,0.21177470704915574,0.026446280991735537,0.013256837613880634,1.0679525136947632,-0.5520550012588501,0.2695440649986267
25,4,2,Geometry_only,"{42, 47}",0.0009472614037804306,0,37,58.913490295410156,0.0014952117344364524,0.00010274956002831459,0.026920082047581673,0.43160977959632874,0.10019502275265448,0.15371818333056064,0.007901715114712715,0.4810183048248291,-0.33648547530174255,0.2510838210582733
25,4,2,Geometry_only,"{49, 63}",0.0026426564436405897,18,71,56.49949645996094,0.00020473268523346633,-0.00026242935564368963,0.020241297781467438,0.5145555734634399,0.2364275832180421,0.2470389170896785,0.07631049305200577,0.36552077531814575,-0.27455979585647583,1.1938941478729248
25,4,2,Geometry_only,"{49, 34}",0.0023498975206166506,13,50,57.64533615112305,0.0002547221665736288,-0.0007044832454994321,0.017177961766719818,0.38258257508277893,0.22439284583201374,0.1948447481800624,0.05298369377851486,0.49711689352989197,-0.31525179743766785,0.9004231691360474
25,4,2,Geometry_only,"{34, 50}",0.0020078083034604788,20,79,58.84968948364258,0.0005094640073366463,0.0025628788862377405,0.03324713557958603,-0.33478832244873047,0.28066607770906604,5.938947618482005e-05,0.04201151430606842,1.3347090482711792,-0.8096715807914734,0.6796749234199524
25,4,2,Geometry_only,"{32, 36}",0.0017208880744874477,2,75,58.48748016357422,0.0006164766382426023,0.0056973169557750225,0.006692694034427404,-0.32395005226135254,0.1911556348240628,0.0007847924659923265,0.0011496050283312798,1.322911024093628,-0.7243586778640747,0.02594696916639805
25,4,2,Geometry_only,"{4, 47}",0.0009150978294201195,1,36,59.36733627319336,0.0009076885762624443,-0.0009324115817435086,0.03474952280521393,0.5234826803207397,0.09389428766689448,0.11184093733357003,0.0018772031180560589,0.4232231676578522,-0.38009655475616455,0.06304869055747986
25,4,2,Geometry_only,"{34, 63}",0.002617201069369912,15,85,58.68019104003906,0.0005468016024678946,-0.0004631923511624336,0.03594488278031349,0.6813641786575317,0.25874685379960993,0.3740256393738324,0.023326795548200607,0.19945785403251648,-0.21103641390800476,0.29347097873687744
25,4,2,Geometry_only,"{49, 35}",0.0021158873569220304,16,82,56.35621643066406,0.00024157062580343336,-0.0015383093850687146,0.005891556851565838,-0.19563035666942596,0.23331055289783809,0.0005001071658212474,0.02270106039941311,1.1950323581695557,-0.7502313852310181,0.4344215989112854
25,4,2,Geometry_only,"{50, 35}",0.0016738699050620198,3,51,57.54684066772461,0.0019110662396997213,0.0003334978537168354,0.014895311556756496,0.9272835850715637,0.14740053006184053,0.6688906479701459,0.011728881858289242,0.02407708577811718,-0.0449008084833622,0.21367332339286804
25,4,2,Geometry_only,"{9, 25}",0.0015822560526430607,19,49,58.152400970458984,0.00017704701167531312,-0.0024764500558376312,0.01894068531692028,-0.33995071053504944,0.2085076592269098,0.005276201135182668,0.0011496050283312798,1.3328808546066284,-0.6546773314476013,0.024084072560071945
25,4,2,Geometry_only,"{32, 25}",0.001574189867824316,9,53,58.46223068237305,0.001175468321889639,0.00022995684412308037,0.00960766151547432,-0.33579131960868835,0.19840648075608822,0.0036965470889691677,0.007989027537405491,1.3308534622192383,-0.6681721210479736,0.17465542256832123
25,4,2,Geometry_only,"{34, 19}",0.0019471936393529177,23,47,60.50019073486328,0.001144794630818069,0.003204893786460161,0.02150207944214344,0.17625607550144196,0.24086143383394729,0.10228373702422146,0.05526835098862648,0.7394883036613464,-0.41845929622650146,0.9492189884185791
25,4,2,Geometry_only,"{25, 36}",0.001407247269526124,4,34,58.05337905883789,0.001196600846014917,0.0010882895439863205,0.020757751539349556,0.37194374203681946,0.18085443301718535,0.10838709677419354,0.006839422043412924,0.5599830746650696,-0.3922845423221588,0.14870846271514893
25,4,2,Geometry_only,"{25, 42}",0.0011015471536666155,8,29,58.54464340209961,0.0007528844871558249,0.002120013115927577,0.010572339408099651,0.09196724742650986,0.16080209357758404,0.035244117342178916,0.03651087358593941,0.8760299682617188,-0.5087798237800598,0.9237037897109985
25,4,2,CARE_only,"{9, 4}",0.0014121975982561707,39,12,59.06513595581055,0.0005929297185502946,-8.730038825888187e-05,0.017039168626070023,0.39806345105171204,0.14656709949494107,0.06834982372341636,0.047439396381378174,0.5607942938804626,-0.43709811568260193,1.26192045211792
25,4,2,CARE_only,"{9, 47}",0.0014781812205910683,33,9,58.518489837646484,0.0011164911556988955,0.000233664846746251,0.016796590760350227,0.33010539412498474,0.15041754871401664,0.055296985815602835,0.04556219279766083,0.6328514814376831,-0.4612291157245636,1.1988717317581177
25,4,2,CARE_only,"{19, 4}",0.0011787465773522854,47,15,60.550228118896484,0.001396769774146378,-0.0006591194542124867,0.022814026102423668,0.23747816681861877,0.14111646358741853,0.07866761162296244,0.043626781553030014,0.7025360465049744,-0.42035287618637085,1.181058406829834
25,4,2,CARE_only,"{36, 54}",0.0013406636426225305,46,20,57.521549224853516,0.0007549296715296805,-0.0017430002335458994,0.012689201161265373,-0.1282825469970703,0.1550680912773157,0.008276899924755455,0.03166506811976433,1.1189438104629517,-0.6118994951248169,0.836258053779602
25,4,2,CARE_only,"{9, 54}",0.001488359528593719,42,7,57.60397720336914,0.00032078393269330263,0.0010851984843611717,0.014561924152076244,0.06275305896997452,0.16100211691363991,0.02795320426545191,0.03965409845113754,0.9110478758811951,-0.5286645293235779,1.0090506076812744
25,4,2,CARE_only,"{42, 19}",0.0012125229695811868,51,3,60.10527801513672,0.0019726851023733616,0.004040132276713848,0.02114953100681305,0.079697385430336,0.1585018252129415,0.03102324113997266,0.0338478647172451,0.8917518258094788,-0.5195873975753784,0.8669258952140808
25,4,2,CARE_only,"{54, 47}",0.0010435120202600956,43,8,57.943138122558594,-0.00037321046693250537,3.5364486393518746e-05,0.015698621049523354,0.007938695140182972,0.11197973096861301,0.011908306043465317,0.0059080966748297215,0.9802475571632385,-0.5800459980964661,0.18982110917568207
25,4,2,CARE_only,"{49, 19}",0.002007697708904743,34,2,58.3940315246582,0.0006409486522898078,0.00035950634628534317,0.014616047963500023,0.09126526862382889,0.1900888436984315,0.07742897229042442,0.0022846581414341927,0.8383723497390747,-0.4377957880496979,0.04879581555724144
25,4,2,CARE_only,"{50, 54}",0.0013881170889362693,69,19,57.44044876098633,0.00033229554537683725,0.00044672744115814567,0.015067332424223423,-0.0478828027844429,0.17562048905705666,0.003986332574031891,0.04909832030534744,1.0437055826187134,-0.655207633972168,1.19773268699646
25,4,2,CARE_only,"{42, 54}",0.0010025869123637676,35,6,57.994773864746094,0.0010709085036069155,-0.0011389382416382432,0.017051491886377335,0.01764378324151039,0.11981397829746804,0.021285475792988316,0.001993618905544281,0.9614462852478027,-0.5419043302536011,0.061262719333171844
25,4,2,CARE_only,"{50, 4}",0.001273315167054534,52,11,58.87160873413086,0.0017759200418367982,-0.0006768617313355207,0.03237729147076607,0.2993517816066742,0.1558515160102012,0.07411764705882352,0.05688362196087837,0.6487178206443787,-0.4285871684551239,1.4506025314331055
25,4,2,CARE_only,"{4, 54}",0.0009778644889593124,44,16,58.47182083129883,-8.389334834646434e-05,-0.0010267456527799368,0.01535009779036045,-0.03204832971096039,0.11046288733685597,0.006337709370755998,0.00778529979288578,1.0255074501037598,-0.6157990097999573,0.25286978483200073
25,4,2,CARE_only,"{42, 35}",0.0013925586827099323,58,22,58.153507232666016,0.0007817375008016825,-0.00048008759040385485,0.011845468543469906,-0.2476283460855484,0.19113896621272483,0.004709165431237464,0.05883358418941498,1.241753101348877,-0.6515653133392334,1.350143313407898
25,4,2,CARE_only,"{32, 54}",0.0014397259801626205,48,1,57.91123580932617,0.0015268282731994987,-0.0001532705209683627,0.019486593082547188,0.2100565880537033,0.14371676695614488,0.0787520296914869,0.030515464022755623,0.7277337908744812,-0.4221614599227905,0.8103110790252686
25,4,2,CARE_only,"{21, 54}",0.0021084705367684364,71,18,56.95240020751953,0.0008609797223471105,-0.0015127673977985978,0.011988276615738869,0.018920058384537697,0.1742870001500175,0.010042081101759755,0.04885093867778778,0.9712278842926025,-0.6052687168121338,1.192989468574524
25,4,2,CARE_only,"{35, 54}",0.001453746808692813,70,0,57.114810943603516,0.0007814304553903639,0.0012608853867277503,0.018559234216809273,-0.028829028829932213,0.18875535479139233,0.005298481102084069,0.06082720309495926,1.023377776145935,-0.6446508169174194,1.4114060401916504
25,4,2,CARE_only,"{50, 47}",0.0013651491608470678,55,17,58.371768951416016,0.000657340744510293,0.0031529658008366823,0.022740622982382774,-0.010185156017541885,0.1676528928374977,0.011334261284549613,0.055006418377161026,0.9987354278564453,-0.5949163436889648,1.3875538110733032
25,4,2,Both,"{25, 47}",0.0011239955201745033,7,24,58.46334457397461,0.0003620062780100852,0.0012459888821467757,0.017482832074165344,-0.14413347840309143,0.15465137599386594,0.017891787023065316,0.04441259056329727,1.1236628293991089,-0.5610117316246033,1.1747876405715942
25,4,2,Both,"{25, 4}",0.001078678877092898,12,23,58.99033737182617,0.0005268834065645933,0.003384424839168787,0.01678372547030449,-0.28621265292167664,0.15495141099794976,0.0020438898450946645,0.04628979042172432,1.2835837602615356,-0.677753210067749,1.2378363609313965
25,4,2,Both,"{4, 36}",0.0012198040494695306,24,14,59.00601577758789,0.0002930884948000312,-0.0008499837713316083,0.029281120747327805,0.004207294899970293,0.14318337139332923,0.029685681024447033,0.03945036977529526,0.9662319421768188,-0.5186700224876404,1.0891278982162476
25,4,2,Both,"{42, 4}",0.0009109663078561425,5,13,59.45613479614258,0.0009899555006995797,0.001061717513948679,0.01894768513739109,0.029409676790237427,0.11242978347473873,0.009043736100815419,0.009778918698430061,0.9618125557899475,-0.5965954065322876,0.3141325116157532
25,4,2,Both,"{32, 9}",0.0018896148540079594,6,10,58.53437042236328,0.0013509393902495503,0.0034210081212222576,0.014557969756424427,0.0255238339304924,0.19818978880869434,0.011438183347350715,0.00913863256573677,0.9633299112319946,-0.6075423955917358,0.19873949885368347
25,4,2,Both,"{42, 36}",0.0012762041296809912,21,4,58.55539321899414,0.0006854742532595992,-0.0015645558014512062,0.01738729327917099,0.2358894795179367,0.14823396062874003,0.07016754750927696,0.029671451076865196,0.7104947566986084,-0.4364684820175171,0.7749953866004944
25,4,2,Both,"{9, 36}",0.0017356806201860309,10,21,58.145748138427734,0.0007068933919072151,0.002282987581565976,0.013110632076859474,-0.1763390749692917,0.19760638741186473,0.021088148460565163,0.007989027537405491,1.1515322923660278,-0.5649425983428955,0.17279252409934998
25,4,2,Both,"{36, 47}",0.001302163815125823,17,5,58.45295715332031,0.0010060813510790467,-0.0008847986464388669,0.028302308171987534,0.05899287015199661,0.14471688363642424,0.03363280350149735,0.03757316619157791,0.9093584418296814,-0.5084664225578308,1.0260791778564453
25,4,2,Neither,"{18, 4}",0.005031212233006954,190,206,59.627281188964844,0.001152262557297945,0.0006563080241903663,0.0223291777074337,0.21473748981952667,0.3830113513243212,0.05801201148925059,0.26451101899147034,0.7397078275680542,-0.5001978278160095,3.53408145904541
25,4,2,Neither,"{4, 21}",0.002031387761235237,107,55,58.433807373046875,0.000985155114904046,0.0007534091710112989,0.013266297988593578,0.16331404447555542,0.16075208774357008,0.039610120282040646,0.05663623660802841,0.8035447001457214,-0.4956793189048767,1.4458593130111694
25,4,2,Neither,"{32, 4}",0.0013698791153728962,29,52,59.386085510253906,0.0010149989975616336,-0.000670912500936538,0.009757481515407562,-0.053164996206760406,0.14536695947860584,0.005159958720330237,0.0383007638156414,1.0477306842803955,-0.6339468359947205,1.063180923461914
25,4,2,Neither,"{33, 4}",0.0019454305293038487,92,92,58.445655822753906,0.0019469946855679154,0.0007283072918653488,0.014715551398694515,-0.23231978714466095,0.27188171953394563,0.006498681871129912,0.149637833237648,1.224311351776123,-0.651600182056427,2.7141835689544678
25,4,2,Neither,"{34, 4}",0.0016250459011644125,63,35,59.8313102722168,0.0009563065250404179,0.003949482459574938,0.022256696596741676,-0.22398218512535095,0.21382494624372844,0.007951356407857811,0.0988951325416565,1.214249849319458,-0.6267426013946533,2.130277395248413
25,4,2,Neither,"{35, 4}",0.0013577414210885763,53,27,58.58102035522461,0.0012869752245023847,-0.0025747930631041527,0.01931799203157425,0.11657986044883728,0.17463704098811528,0.03550634723680443,0.06861250102519989,0.8520531058311462,-0.508371889591217,1.664275884628296
25,4,2,Neither,"{4, 44}",0.0026122573763132095,150,116,57.531944274902344,0.0007351741078309715,0.002325210487470031,0.011091269552707672,-0.20603208243846893,0.2126248062273932,0.002900595798055817,0.09690151363611221,1.2025338411331177,-0.6769527196884155,2.1028308868408203
25,4,2,Neither,"{4, 45}",0.0026795861776918173,151,125,58.059322357177734,0.0011088771279901266,2.015809150179848e-05,0.008193097077310085,-0.2477443963289261,0.23066024369509777,0.0011562364503540975,0.11234115064144135,1.2463016510009766,-0.7166551947593689,2.305325984954834
25,4,2,Neither,"{49, 4}",0.0016738491831347346,74,69,57.69214630126953,0.0007358085131272674,-0.0019017013255506754,0.005982045084238052,-0.2539133131504059,0.15436800960112013,0.0030234315948601664,0.04591144248843193,1.2501221895217896,-0.6612346172332764,1.2298542261123657
25,4,2,Neither,"{4, 52}",0.002789961639791727,154,139,57.968414306640625,0.0008996259421110153,-0.004892630502581596,0.0023085479624569416,-0.39387595653533936,0.22502625306285734,0.0002962962962962963,0.1072479635477066,1.3934630155563354,-0.7556227445602417,2.2410058975219727
25,4,2,Neither,"{4, 55}",0.0019215684151276946,119,103,58.801517486572266,0.0004196446679998189,0.001373945502564311,0.015330487862229347,-0.41974207758903503,0.24687880252696148,0.0,0.12626737356185913,1.4197421073913574,-0.9008124470710754,2.4699668884277344
25,4,2,Neither,"{4, 63}",0.0019751540385186672,89,77,58.755393981933594,1.5222809452097863e-05,0.0006977016455493867,0.012628365308046341,-0.38913461565971375,0.24222825996366243,6.881365262868153e-05,0.1222219318151474,1.3890390396118164,-0.7911693453788757,2.42374849319458
25,4,2,Neither,"{9, 18}",0.005493332631886005,202,200,58.73057174682617,0.003119808854535222,0.001089197234250605,0.022193191573023796,0.3286599814891815,0.3985631657026653,0.1530676257789302,0.21707162261009216,0.5685796141624451,-0.40696537494659424,2.2721610069274902
25,4,2,Neither,"{9, 19}",0.0017164723249152303,82,32,59.71666717529297,0.0016726028406992555,0.0009058064897544682,0.010411347262561321,0.10508721321821213,0.19380594402680312,0.06579513202029759,0.003812614129856229,0.8360318541526794,-0.45788872241973877,0.08086197078227997
25,4,2,Neither,"{9, 21}",0.0024991161189973354,112,61,57.564517974853516,0.0014446107670664787,-0.0018923019524663687,0.021389923989772797,0.36695775389671326,0.1888053606254063,0.17294958947647215,0.009196840226650238,0.5235578417778015,-0.32606616616249084,0.1839388757944107
25,4,2,Neither,"{9, 33}",0.002415059134364128,142,152,57.58296203613281,0.0022210029419511557,-0.0012543316697701812,0.01483683381229639,-0.1725825071334839,0.31773706932475454,0.032263141328297135,0.10219842940568924,1.134751319885254,-0.5711514353752136,1.4522631168365479
25,4,2,Neither,"{9, 34}",0.002078067744150758,121,120,58.99504852294922,0.0009760027751326561,-0.0013088771374896169,0.008269323967397213,-0.33839672803878784,0.26709782807994265,0.01035946080878682,0.05145573988556862,1.3245316743850708,-0.6373171806335449,0.8683570027351379
25,4,2,Neither,"{9, 35}",0.00181143160443753,103,66,57.76370620727539,3.256303898524493e-05,-0.0010514126624912024,0.011006012558937073,0.1632552146911621,0.21294150984281499,0.10442270058708415,0.021173104643821716,0.7493696212768555,-0.40754181146621704,0.402355432510376
25,4,2,Neither,"{9, 42}",0.001423863461241126,31,44,58.626522064208984,0.0005983308656141162,-0.003794008633121848,0.012362401932477951,0.07112648338079453,0.160902105245612,0.04278462654097172,0.03766047954559326,0.889132022857666,-0.49064570665359497,0.947787880897522
25,4,2,Neither,"{9, 44}",0.0030901345890015364,164,151,56.63029861450195,0.001863648765720427,-0.0013280485291033983,0.013284776359796524,-0.15026359260082245,0.2627639891320654,0.01833291042882517,0.04946212098002434,1.1291759014129639,-0.598242998123169,0.8409104943275452
25,4,2,Neither,"{9, 45}",0.0031678208615630865,132,160,57.205467224121094,0.0008477119263261557,0.0011823201784864068,0.008483028039336205,-0.14570799469947815,0.27629890153851283,0.032456563706563704,0.06490175426006317,1.1085222959518433,-0.5571416020393372,1.0434056520462036
25,4,2,Neither,"{9, 49}",0.0021297885105013847,128,123,56.81298828125,0.0011484436690807343,0.0010281496215611696,0.006053777411580086,-0.31390705704689026,0.20809094394346006,0.005206664530599167,0.0015279559884220362,1.3070659637451172,-0.6551949977874756,0.03206615149974823
25,4,2,Neither,"{9, 50}",0.0017716109286993742,95,60,58.03861999511719,0.0012290050508454442,0.0014682135079056025,0.01240722555667162,0.23505999147891998,0.20434050639241244,0.08516192185333224,0.00944422371685505,0.6997962594032288,-0.4310334324836731,0.18868210911750793
25,4,2,Neither,"{9, 52}",0.0032146398443728685,184,183,57.10731506347656,0.0008156774565577507,-0.006707583554089069,0.004778818693011999,-0.42607176303863525,0.27909922824329503,0.0011944577161968467,0.05980856344103813,1.4243683815002441,-0.7369818687438965,0.9790854454040527
25,4,2,Neither,"{9, 55}",0.002377704018726945,88,105,57.95716857910156,0.00018617563182488084,-0.0013482216745615005,0.008505427278578281,-0.48218435049057007,0.30100178354141316,0.0007199025362720124,0.07882797718048096,1.4811173677444458,-0.7582312822341919,1.2080464363098145
25,4,2,Neither,"{9, 63}",0.00243374309502542,138,135,57.89719772338867,0.00022163006360642612,-0.0018547752406448126,0.01023169420659542,-0.47929847240448,0.296501258480156,0.00028108837418484373,0.07478253543376923,1.4788826704025269,-0.7813708186149597,1.1618280410766602
25,4,2,Neither,"{18, 19}",0.005487876478582621,200,196,60.224891662597656,0.00377158191986382,0.001170592731796205,0.026165932416915894,-0.09994206577539444,0.42446618772190087,0.07241311604162576,0.22088423371315002,1.020291805267334,-0.5186684727668762,2.353022813796997
25,4,2,Neither,"{18, 21}",0.005645775236189365,207,189,58.09852600097656,0.00346133834682405,0.0036115432158112526,0.023752227425575256,0.5070756077766418,0.37311019618955543,0.2599624731951394,0.20787477493286133,0.36478254199028015,-0.3067370355129242,2.088222026824951
25,4,2,Neither,"{25, 18}",0.004994175862520933,193,192,58.7017936706543,0.0014872641768306494,0.00045961939031258225,0.019789956510066986,-0.5202645063400269,0.457420032337106,0.0018220246337730486,0.21822123229503632,1.517494559288025,-0.7653244733810425,2.2962450981140137
25,4,2,Neither,"{32, 18}",0.005410846322774887,198,193,59.0274772644043,0.004393153823912144,-0.00019922986393794417,0.0420367456972599,0.5372744202613831,0.38381144466854467,0.17011204725093373,0.22621025145053864,0.384010374546051,-0.3766019642353058,2.470900535583496
25,4,2,Neither,"{33, 18}",0.00619649700820446,201,195,58.033382415771484,0.007077867165207863,-0.00013714807573705912,0.04434563219547272,-0.05466486141085625,0.5155434800726751,0.11849720327201009,0.11487319320440292,0.9296900033950806,-0.5436537861824036,0.8198978304862976
25,4,2,Neither,"{18, 34}",0.005578545853495598,204,198,59.55758285522461,0.0015133153647184372,-0.0018380727851763368,0.009164072573184967,-0.4535799026489258,0.5139932992182421,0.008788429108833831,0.16561588644981384,1.440805196762085,-0.7319212555885315,1.4038039445877075
25,4,2,Neither,"{18, 35}",0.004793435335159302,197,190,58.283546447753906,0.002488659927621484,0.0012857969850301743,0.04106513038277626,0.5447962880134583,0.3693764272498458,0.3098375451263538,0.19589851796627045,0.31416451930999756,-0.2774134576320648,1.8698055744171143
25,4,2,Neither,"{18, 36}",0.005207919515669346,192,201,58.712154388427734,0.0014330229023471475,0.001533381175249815,0.01608920656144619,-0.3563169538974762,0.4460353707932592,0.009828468926342539,0.22506064176559448,1.3429864645004272,-0.6877009272575378,2.444953441619873
25,4,2,Neither,"{18, 42}",0.005045162979513407,199,203,59.13420867919922,0.003127514384686947,-0.001869250787422061,0.01911243237555027,-0.1560855358839035,0.4024969579784308,0.034621278005549344,0.2547321021556854,1.1160603761672974,-0.567733645439148,3.2199487686157227
25,4,2,Neither,"{18, 44}",0.006796868517994881,187,186,57.21150207519531,0.0025926565285772085,0.0032508745789527893,0.023720160126686096,-0.23557302355766296,0.5097928091610688,0.012620978289301596,0.16760949790477753,1.219978928565979,-0.7116639018058777,1.4312504529953003
25,4,2,Neither,"{18, 45}",0.0068391067907214165,209,209,57.707096099853516,0.004146697465330362,0.002130627166479826,0.019720688462257385,-0.1329384297132492,0.49629123397729735,0.07580439309464633,0.152169868350029,1.0470566749572754,-0.5734765529632568,1.2287553548812866
25,4,2,Neither,"{18, 47}",0.004979172255843878,195,205,59.093994140625,0.001383424736559391,-0.0023613562807440758,0.022116752341389656,0.0708288848400116,0.39001216808627676,0.04453372083084024,0.2626338005065918,0.8877916932106018,-0.533253014087677,3.4710326194763184
25,4,2,Neither,"{49, 18}",0.005818679463118315,203,199,57.397247314453125,0.0017194392858073115,-0.0006861948641017079,0.015000484883785248,-0.3206717371940613,0.45611988065274284,0.0037275252156117526,0.2185995727777481,1.315748929977417,-0.7388152480125427,2.304227113723755
25,4,2,Neither,"{18, 50}",0.004959873389452696,196,197,58.619354248046875,0.0014769843546673656,0.000650160014629364,0.011714310385286808,0.5061241388320923,0.37251012618138785,0.2627528190442098,0.20762740075588226,0.3641085922718048,-0.30449846386909485,2.0834789276123047
25,4,2,Neither,"{18, 52}",0.006760837510228157,191,191,57.66825485229492,0.0021062602754682302,0.0008755322196520865,0.01675008051097393,-0.38293835520744324,0.5266781124464521,0.0026584802354653924,0.15726305544376373,1.37926185131073,-0.7843338847160339,1.2930755615234375
25,4,2,Neither,"{18, 54}",0.005156796425580978,205,202,58.13737869262695,0.002366101136431098,-0.002955885138362646,0.022324230521917343,0.06103116646409035,0.39627956594936076,0.04509127618406663,0.2567257285118103,0.8966295123100281,-0.5382816195487976,3.2812116146087646
25,4,2,Neither,"{18, 55}",0.0058039408177137375,208,208,58.51981735229492,0.0011081878328695893,-0.0020947670564055443,0.014635010622441769,-0.4797168970108032,0.5494974413681596,0.0006673542437663047,0.1382436454296112,1.4787293672561646,-0.8291985988616943,1.0641145706176758
25,4,2,Neither,"{18, 63}",0.005838837940245867,206,194,58.48894119262695,0.0001565547863719985,-0.0017529516480863094,0.019139884039759636,-0.468524307012558,0.5451135965862683,0.00021404764088921505,0.14228908717632294,1.468209981918335,-0.8492863774299622,1.11033296585083
25,4,2,Neither,"{19, 21}",0.0023267455399036407,130,159,59.112548828125,0.0013765746261924505,0.0026699588634073734,0.007606140337884426,-0.12479268014431,0.21179137566049372,0.02502754604124036,0.013009454123675823,1.0966418981552124,-0.5565551519393921,0.2648008465766907
25,4,2,Neither,"{25, 19}",0.0013979231007397175,60,40,59.66643524169922,0.0008147197659127414,0.0008978021214716136,0.00991898961365223,0.04878609627485275,0.19687296851299319,0.04250275167217001,0.002663009101524949,0.9107847213745117,-0.5045328140258789,0.05677789822220802
25,4,2,Neither,"{32, 19}",0.001693331403657794,76,28,60.04450607299805,0.0017294908175244927,-0.001988900825381279,0.011402573436498642,-0.21178603172302246,0.1943393395896188,0.009005918174800584,0.005326018203049898,1.200872778892517,-0.6207699179649353,0.1178775280714035
25,4,2,Neither,"{33, 19}",0.0022498106118291616,50,101,59.089271545410156,0.0035109512973576784,0.0042272163555026054,0.017671821638941765,-0.14737871289253235,0.3132532128748354,0.033097429894109506,0.1060110479593277,1.109403371810913,-0.5662463307380676,1.5331250429153442
25,4,2,Neither,"{35, 19}",0.0016649086028337479,26,42,59.26283264160156,0.0015129069797694683,0.001417438150383532,0.01627069152891636,-0.18026161193847656,0.22702648642341605,0.016666666666666666,0.024985719472169876,1.1605905294418335,-0.5925286412239075,0.48321738839149475
25,4,2,Neither,"{19, 36}",0.0015578739112243056,66,31,59.679927825927734,0.0006399628473445773,0.0005955216474831104,0.013695796951651573,0.20108431577682495,0.17970429883486408,0.09850663203784435,0.004176413174718618,0.7202171683311462,-0.4045969843864441,0.0919305607676506
25,4,2,Neither,"{19, 44}",0.002943717408925295,167,163,58.20560836791992,0.001698358915746212,0.0023885599803179502,0.009127519093453884,-0.1435043215751648,0.25479639291250644,0.03303676566793144,0.0532747320830822,1.1057265996932983,-0.5476317405700684,0.9217724204063416
25,4,2,Neither,"{19, 45}",0.0030481291469186544,175,168,58.70573425292969,0.002769825281575322,0.0005313185974955559,0.010468319058418274,-0.0732172280550003,0.27028153284549866,0.03928461301264261,0.06871436536312103,1.03105628490448,-0.5368208885192871,1.124267578125
25,4,2,Neither,"{19, 47}",0.0012195756426081061,49,39,60.02116394042969,0.0017706722719594836,-0.0005001709796488285,0.020236939191818237,0.3169375956058502,0.13924957911756372,0.1085707445535073,0.04174957796931267,0.6089017987251282,-0.3802400529384613,1.1180096864700317
25,4,2,Neither,"{19, 52}",0.0031520361080765724,91,109,58.63170623779297,0.0020130218472331762,-0.002230302896350622,0.011254776269197464,-0.1478671133518219,0.2689313753271215,0.02280897483575059,0.06362117826938629,1.1216853857040405,-0.5831588506698608,1.0599473714828491
25,4,2,Neither,"{19, 54}",0.0013036722084507346,72,54,59.100303649902344,0.002023641485720873,0.0016553665045648813,0.008573096245527267,-0.08730082213878632,0.1600853432900505,0.006559766763848397,0.03584148362278938,1.08016836643219,-0.6261109709739685,0.9281886219978333
25,4,2,Neither,"{19, 55}",0.0022453046403825283,153,132,59.49432373046875,0.00020702683832496405,-0.0005563722806982696,0.0174311064183712,0.020566875115036964,0.2803160368709683,0.05898792888148897,0.08264059573411942,0.9216583967208862,-0.4984791576862335,1.2889083623886108
25,4,2,Neither,"{19, 63}",0.002311241813004017,45,81,59.43595886230469,0.00024226662935689092,0.0012858343543484807,0.013104451820254326,0.018573954701423645,0.27498208124281165,0.06267806267806268,0.07859514653682709,0.9199121594429016,-0.48999059200286865,1.2426899671554565
25,4,2,Neither,"{25, 21}",0.002183646662160754,100,68,57.490203857421875,0.0012876157416030765,0.0006892380770295858,0.010849397629499435,-0.39742499589920044,0.2200590068841365,0.00037873049537948795,0.010346445254981518,1.3968957662582397,-0.753919243812561,0.20802295207977295
25,4,2,Neither,"{32, 21}",0.0024433517828583717,120,90,57.87788009643555,0.0024356748908758163,-0.0023534223437309265,0.017293378710746765,0.3287236988544464,0.19855649825813013,0.06262592343854936,0.01833547279238701,0.6292369961738586,-0.46465957164764404,0.38267838954925537
25,4,2,Neither,"{33, 21}",0.0029893380124121904,141,153,56.921260833740234,0.0031466286163777113,0.0007973240572027862,0.016001611948013306,-0.08024649322032928,0.3256879969329755,0.03940836276165618,0.093001589179039,1.0376757383346558,-0.5584632754325867,1.2683242559432983
25,4,2,Neither,"{34, 21}",0.0027012708596885204,137,148,58.397769927978516,0.000167809339473024,-0.002795808482915163,0.006304817274212837,-0.3731372058391571,0.28039937992765823,0.0,0.04225889965891838,1.3731372356414795,-0.9090121388435364,0.6844181418418884
