partition,fold,pair,rank_b,rank_c,rank_diff,abs_rank_diff,oracle_kl,spearman_rho_fold
0,0,"{3, 6}",135,97,-38,38,0.0019383806502446532,0.772289180085282
0,0,"{8, 3}",2,28,26,26,0.0005822561797685921,0.772289180085282
0,0,"{11, 3}",133,85,-48,48,0.001875939080491662,0.772289180085282
0,0,"{3, 15}",174,172,-2,2,0.0027534854598343372,0.772289180085282
0,0,"{17, 3}",72,10,-62,62,0.0016256178496405482,0.772289180085282
0,0,"{19, 3}",66,52,-14,14,0.001078006811439991,0.772289180085282
0,0,"{3, 20}",105,29,-76,76,0.0014347771648317575,0.772289180085282
0,0,"{26, 3}",225,217,-8,8,0.0043193623423576355,0.772289180085282
0,0,"{3, 28}",70,11,-59,59,0.0017654808470979333,0.772289180085282
0,0,"{32, 3}",49,50,1,1,0.0012726433342322707,0.772289180085282
0,0,"{33, 3}",110,71,-39,39,0.001817135838791728,0.772289180085282
0,0,"{34, 3}",99,17,-82,82,0.0015380734112113714,0.772289180085282
0,0,"{3, 36}",40,8,-32,32,0.0011441868264228106,0.772289180085282
0,0,"{3, 39}",41,27,-14,14,0.0006997589953243732,0.772289180085282
0,0,"{3, 44}",149,131,-18,18,0.0025092686992138624,0.772289180085282
0,0,"{3, 46}",11,26,15,15,0.0007970177684910595,0.772289180085282
0,0,"{48, 3}",183,154,-29,29,0.002757687121629715,0.772289180085282
0,0,"{50, 3}",65,3,-62,62,0.0012235806789249182,0.772289180085282
0,0,"{3, 52}",188,145,-43,43,0.002740289317443967,0.772289180085282
0,0,"{3, 53}",58,61,3,3,0.0015617855824530125,0.772289180085282
0,0,"{3, 60}",14,84,70,70,0.000681936158798635,0.772289180085282
0,0,"{8, 6}",128,83,-45,45,0.0018834196962416172,0.772289180085282
0,0,"{11, 6}",0,220,220,220,0.003061312949284911,0.772289180085282
0,0,"{6, 15}",115,180,65,65,0.00379932695068419,0.772289180085282
0,0,"{17, 6}",185,166,-19,19,0.0027670084964483976,0.772289180085282
0,0,"{19, 6}",56,30,-26,26,0.0023811778519302607,0.772289180085282
0,0,"{20, 6}",32,126,94,94,0.002632235176861286,0.772289180085282
0,0,"{26, 6}",147,149,2,2,0.005295742303133011,0.772289180085282
0,0,"{28, 6}",205,207,2,2,0.0028690125327557325,0.772289180085282
0,0,"{32, 6}",162,125,-37,37,0.0024530289229005575,0.772289180085282
0,0,"{33, 6}",62,113,51,51,0.0030188329983502626,0.772289180085282
0,0,"{34, 6}",30,81,51,51,0.0026645692996680737,0.772289180085282
0,0,"{36, 6}",141,135,-6,6,0.0023287837393581867,0.772289180085282
0,0,"{6, 39}",82,33,-49,49,0.0020630108192563057,0.772289180085282
0,0,"{44, 6}",118,90,-28,28,0.0037218250799924135,0.772289180085282
0,0,"{46, 6}",123,78,-45,45,0.0020765080116689205,0.772289180085282
0,0,"{48, 6}",97,98,1,1,0.0038912976160645485,0.772289180085282
0,0,"{50, 6}",61,86,25,25,0.0023783985525369644,0.772289180085282
0,0,"{52, 6}",29,103,74,74,0.003761744825169444,0.772289180085282
0,0,"{53, 6}",184,161,-23,23,0.002684321254491806,0.772289180085282
0,0,"{60, 6}",114,226,112,112,0.0018853493966162205,0.772289180085282
0,0,"{8, 11}",125,56,-69,69,0.0018118064617738128,0.772289180085282
0,0,"{8, 15}",169,164,-5,5,0.0026649257633835077,0.772289180085282
0,0,"{8, 17}",76,37,-39,39,0.0015611867420375347,0.772289180085282
0,0,"{8, 19}",52,23,-29,29,0.0010107674170285463,0.772289180085282
0,0,"{8, 20}",88,13,-75,75,0.00138119887560606,0.772289180085282
0,0,"{8, 26}",224,215,-9,9,0.004223237279802561,0.772289180085282
0,0,"{8, 28}",87,32,-55,55,0.0016707697650417686,0.772289180085282
0,0,"{8, 32}",46,0,-46,46,0.0012172157876193523,0.772289180085282
0,0,"{8, 33}",106,89,-17,17,0.0017550168558955193,0.772289180085282
0,0,"{8, 34}",83,12,-71,71,0.0014473083429038525,0.772289180085282
0,0,"{8, 36}",35,47,12,12,0.0010945560643449426,0.772289180085282
0,0,"{8, 39}",25,48,23,23,0.0006731064058840275,0.772289180085282
0,0,"{8, 44}",151,137,-14,14,0.002451630076393485,0.772289180085282
0,0,"{8, 46}",3,49,46,46,0.000740701740141958,0.772289180085282
0,0,"{8, 48}",180,151,-29,29,0.0026920021045953035,0.772289180085282
0,0,"{8, 50}",48,7,-41,41,0.0011482950067147613,0.772289180085282
0,0,"{8, 52}",186,140,-46,46,0.002611312083899975,0.772289180085282
0,0,"{8, 53}",63,67,4,4,0.0014591030776500702,0.772289180085282
0,0,"{8, 60}",6,69,63,63,0.0006300604436546564,0.772289180085282
0,0,"{11, 15}",127,170,43,43,0.00386776402592659,0.772289180085282
0,0,"{17, 11}",179,158,-21,21,0.0027636538725346327,0.772289180085282
0,0,"{19, 11}",51,65,14,14,0.002311530290171504,0.772289180085282
0,0,"{11, 20}",24,99,75,75,0.0025991457514464855,0.772289180085282
0,0,"{26, 11}",155,155,0,0,0.005506671965122223,0.772289180085282
0,0,"{11, 28}",204,193,-11,11,0.002922976855188608,0.772289180085282
0,0,"{32, 11}",156,127,-29,29,0.0024359216913580894,0.772289180085282
0,0,"{33, 11}",74,138,64,64,0.003007336053997278,0.772289180085282
0,0,"{34, 11}",22,80,58,58,0.0026483070105314255,0.772289180085282
0,0,"{11, 36}",137,77,-60,60,0.0023290994577109814,0.772289180085282
0,0,"{11, 39}",73,53,-20,20,0.0019886111840605736,0.772289180085282
0,0,"{11, 44}",130,115,-15,15,0.0037350112106651068,0.772289180085282
0,0,"{11, 46}",119,42,-77,77,0.0020440297666937113,0.772289180085282
0,0,"{48, 11}",117,110,-7,7,0.003926403354853392,0.772289180085282
0,0,"{50, 11}",55,44,-11,11,0.0024025337770581245,0.772289180085282
0,0,"{11, 52}",38,116,78,78,0.0038512442260980606,0.772289180085282
0,0,"{11, 53}",178,146,-32,32,0.002692467300221324,0.772289180085282
0,0,"{11, 60}",107,174,67,67,0.0018410710617899895,0.772289180085282
0,0,"{17, 15}",217,208,-9,9,0.003512914525344968,0.772289180085282
0,0,"{19, 15}",170,163,-7,7,0.00316752796061337,0.772289180085282
0,0,"{20, 15}",154,192,38,38,0.0034115705639123917,0.772289180085282
0,0,"{26, 15}",189,191,2,2,0.006139808800071478,0.772289180085282
0,0,"{28, 15}",219,216,-3,3,0.003554387716576457,0.772289180085282
0,0,"{32, 15}",209,212,3,3,0.003279105992987752,0.772289180085282
0,0,"{33, 15}",36,176,140,140,0.0038300890009850264,0.772289180085282
0,0,"{34, 15}",146,188,42,42,0.003479564096778631,0.772289180085282
0,0,"{36, 15}",200,197,-3,3,0.00309254159219563,0.772289180085282
0,0,"{39, 15}",172,173,1,1,0.002853038953617215,0.772289180085282
0,0,"{44, 15}",7,169,162,162,0.004463168326765299,0.772289180085282
0,0,"{46, 15}",168,165,-3,3,0.002868067007511854,0.772289180085282
0,0,"{48, 15}",10,168,158,158,0.004635268822312355,0.772289180085282
0,0,"{50, 15}",165,186,21,21,0.0031341451685875654,0.772289180085282
0,0,"{52, 15}",126,178,52,52,0.004547095391899347,0.772289180085282
0,0,"{53, 15}",212,206,-6,6,0.0033897857647389174,0.772289180085282
0,0,"{60, 15}",167,167,0,0,0.002675034338608384,0.772289180085282
0,0,"{17, 19}",101,64,-37,37,0.002030191943049431,0.772289180085282
0,0,"{17, 20}",134,129,-5,5,0.00230771373026073,0.772289180085282
0,0,"{17, 26}",228,227,-1,1,0.005100868176668882,0.772289180085282
0,0,"{17, 28}",81,88,7,7,0.0024621463380753994,0.772289180085282
0,0,"{32, 17}",59,95,36,36,0.00214642402715981,0.772289180085282
0,0,"{17, 33}",187,189,2,2,0.0026967350859194994,0.772289180085282
0,0,"{17, 34}",140,128,-12,12,0.002383776707574725,0.772289180085282
0,0,"{17, 36}",20,57,37,37,0.0020279008895158768,0.772289180085282
0,0,"{17, 39}",85,34,-51,51,0.0017332870047539473,0.772289180085282
0,0,"{17, 44}",206,201,-5,5,0.00337080261670053,0.772289180085282
0,0,"{17, 46}",86,36,-50,50,0.0017517473315820098,0.772289180085282
0,0,"{48, 17}",216,209,-7,7,0.003601799253374338,0.772289180085282
0,0,"{17, 50}",122,114,-8,8,0.002086352091282606,0.772289180085282
0,0,"{17, 52}",208,205,-3,3,0.003473245771601796,0.772289180085282
0,0,"{17, 53}",5,105,100,100,0.002390657551586628,0.772289180085282
0,0,"{17, 60}",80,41,-39,39,0.0015680824872106314,0.772289180085282
0,0,"{19, 20}",12,101,89,89,0.0018491159426048398,0.772289180085282
0,0,"{26, 19}",210,210,0,0,0.004754222463816404,0.772289180085282
0,0,"{19, 28}",157,119,-38,38,0.002142525976523757,0.772289180085282
0,0,"{32, 19}",79,6,-73,73,0.001693331403657794,0.772289180085282
0,0,"{33, 19}",113,136,23,23,0.0022498106118291616,0.772289180085282
0,0,"{34, 19}",15,55,40,40,0.0019471936393529177,0.772289180085282
0,0,"{19, 36}",53,22,-31,31,0.0015578739112243056,0.772289180085282
0,0,"{19, 39}",8,60,52,52,0.0011888155713677406,0.772289180085282
0,0,"{19, 44}",161,124,-37,37,0.002943717408925295,0.772289180085282
0,0,"{19, 46}",47,24,-23,23,0.0012000341666862369,0.772289180085282
0,0,"{48, 19}",164,143,-21,21,0.003197161015123129,0.772289180085282
0,0,"{50, 19}",9,14,5,5,0.0016140596708282828,0.772289180085282
0,0,"{19, 52}",129,100,-29,29,0.0031520361080765724,0.772289180085282
0,0,"{19, 53}",103,46,-57,57,0.0019479962065815926,0.772289180085282
0,0,"{19, 60}",33,58,25,25,0.0010950162541121244,0.772289180085282
0,0,"{26, 20}",195,187,-8,8,0.004958895035088062,0.772289180085282
0,0,"{20, 28}",192,184,-8,8,0.002429799409583211,0.772289180085282
0,0,"{32, 20}",121,94,-27,27,0.0019696662202477455,0.772289180085282
0,0,"{33, 20}",108,162,54,54,0.0025333957746624947,0.772289180085282
0,0,"{34, 20}",4,79,75,75,0.002200306626036763,0.772289180085282
0,0,"{20, 36}",92,54,-38,38,0.001830330234952271,0.772289180085282
0,0,"{20, 39}",28,15,-13,13,0.001559211639687419,0.772289180085282
0,0,"{20, 44}",153,147,-6,6,0.0032302592881023884,0.772289180085282
0,0,"{20, 46}",78,18,-60,60,0.001597801223397255,0.772289180085282
0,0,"{48, 20}",148,160,12,12,0.0034238435328006744,0.772289180085282
0,0,"{50, 20}",21,93,72,72,0.0019087936962023377,0.772289180085282
0,0,"{20, 52}",91,107,16,16,0.0032858962658792734,0.772289180085282
0,0,"{20, 53}",136,122,-14,14,0.0022337890695780516,0.772289180085282
0,0,"{20, 60}",60,76,16,16,0.0013859609607607126,0.772289180085282
0,0,"{26, 28}",230,228,-2,2,0.005285251419991255,0.772289180085282
0,0,"{32, 26}",227,225,-2,2,0.004839878063648939,0.772289180085282
0,0,"{33, 26}",198,196,-2,2,0.005263231229037046,0.772289180085282
0,0,"{26, 34}",196,195,-1,1,0.0050377859733998775,0.772289180085282
0,0,"{26, 36}",226,224,-2,2,0.004704921040683985,0.772289180085282
0,0,"{26, 39}",218,214,-4,4,0.004437709227204323,0.772289180085282
0,0,"{26, 44}",197,183,-14,14,0.005837734788656235,0.772289180085282
0,0,"{26, 46}",223,219,-4,4,0.004437835421413183,0.772289180085282
0,0,"{48, 26}",173,157,-16,16,0.005980446003377438,0.772289180085282
0,0,"{26, 50}",214,211,-3,3,0.004664413630962372,0.772289180085282
0,0,"{26, 52}",93,108,15,15,0.005809315014630556,0.772289180085282
0,0,"{26, 53}",229,229,0,0,0.005108259152621031,0.772289180085282
0,0,"{26, 60}",221,222,1,1,0.004235440399497747,0.772289180085282
0,0,"{32, 28}",94,43,-51,51,0.002292400225996971,0.772289180085282
0,0,"{33, 28}",191,194,3,3,0.002837710315361619,0.772289180085282
0,0,"{34, 28}",190,185,-5,5,0.0025118649937212467,0.772289180085282
0,0,"{28, 36}",89,45,-44,44,0.00214878236874938,0.772289180085282
0,0,"{28, 39}",138,75,-63,63,0.0018632226856425405,0.772289180085282
0,0,"{28, 44}",211,202,-9,9,0.003498869016766548,0.772289180085282
0,0,"{28, 46}",98,40,-58,58,0.0018903628224506974,0.772289180085282
0,0,"{48, 28}",220,218,-2,2,0.0037154292222112417,0.772289180085282
0,0,"{50, 28}",160,139,-21,21,0.0022023695055395365,0.772289180085282
0,0,"{28, 52}",222,223,1,1,0.0036485260352492332,0.772289180085282
0,0,"{28, 53}",64,96,32,32,0.0025014947168529034,0.772289180085282
0,0,"{28, 60}",112,213,101,101,0.00170957634691149,0.772289180085282
0,0,"{32, 33}",177,171,-6,6,0.002356131561100483,0.772289180085282
0,0,"{32, 34}",124,111,-13,13,0.002062795450910926,0.772289180085282
0,0,"{32, 36}",44,70,26,26,0.0017208880744874477,0.772289180085282
0,0,"{32, 39}",54,4,-50,50,0.001366651151329279,0.772289180085282
0,0,"{32, 44}",203,190,-13,13,0.003072446445003152,0.772289180085282
0,0,"{32, 46}",50,2,-48,48,0.0014045903226360679,0.772289180085282
0,0,"{32, 48}",213,198,-15,15,0.003276789328083396,0.772289180085282
0,0,"{32, 50}",77,21,-56,56,0.0017687729559838772,0.772289180085282
0,0,"{32, 52}",201,177,-24,24,0.0032021664083003998,0.772289180085282
0,0,"{32, 53}",67,63,-4,4,0.002060316037386656,0.772289180085282
0,0,"{32, 60}",45,66,21,21,0.0012313004117459059,0.772289180085282
0,0,"{33, 34}",95,159,64,64,0.0026587704196572304,0.772289180085282
0,0,"{33, 36}",143,134,-9,9,0.002228845376521349,0.772289180085282
0,0,"{33, 39}",109,92,-17,17,0.0019070416456088424,0.772289180085282
0,0,"{33, 44}",26,132,106,106,0.0035634925588965416,0.772289180085282
0,0,"{33, 46}",104,102,-2,2,0.0019527028780430555,0.772289180085282
0,0,"{48, 33}",43,120,77,77,0.0035972455516457558,0.772289180085282
0,0,"{33, 50}",111,121,10,10,0.0023133764043450356,0.772289180085282
0,0,"{33, 52}",116,142,26,26,0.0037041031755506992,0.772289180085282
0,0,"{33, 53}",175,179,4,4,0.0026486373972147703,0.772289180085282
0,0,"{33, 60}",100,87,-13,13,0.0017536767991259694,0.772289180085282
0,0,"{34, 36}",96,31,-65,65,0.0018504549516364932,0.772289180085282
0,0,"{34, 39}",31,19,-12,12,0.0016127050621435046,0.772289180085282
0,0,"{34, 44}",145,141,-4,4,0.0033350104931741953,0.772289180085282
0,0,"{34, 46}",69,35,-34,34,0.0016682371497154236,0.772289180085282
0,0,"{48, 34}",144,181,37,37,0.0035183830186724663,0.772289180085282
0,0,"{34, 50}",17,91,74,74,0.0020078083034604788,0.772289180085282
0,0,"{34, 52}",90,109,19,19,0.003405905794352293,0.772289180085282
0,0,"{34, 53}",139,123,-16,16,0.0023305602371692657,0.772289180085282
0,0,"{34, 60}",57,68,11,11,0.001497737132012844,0.772289180085282
0,0,"{36, 39}",37,25,-12,12,0.001246072119101882,0.772289180085282
0,0,"{36, 44}",194,182,-12,12,0.002964391140267253,0.772289180085282
0,0,"{36, 46}",42,20,-22,22,0.001261418336071074,0.772289180085282
0,0,"{48, 36}",199,199,0,0,0.003158588893711567,0.772289180085282
0,0,"{50, 36}",68,9,-59,59,0.0016061303904280066,0.772289180085282
0,0,"{36, 52}",193,175,-18,18,0.003090089885517955,0.772289180085282
0,0,"{36, 53}",19,16,-3,3,0.0019436574075371027,0.772289180085282
0,0,"{36, 60}",34,73,39,39,0.0011148782214149833,0.772289180085282
0,0,"{44, 39}",158,118,-40,40,0.0026368368417024612,0.772289180085282
0,0,"{46, 39}",23,51,28,28,0.0008562376024201512,0.772289180085282
0,0,"{48, 39}",171,221,50,50,0.002884611953049898,0.772289180085282
0,0,"{50, 39}",13,1,-12,12,0.0013181936228647828,0.772289180085282
0,0,"{52, 39}",142,104,-38,38,0.0028232550248503685,0.772289180085282
0,0,"{53, 39}",84,38,-46,46,0.0016465844819322228,0.772289180085282
0,0,"{60, 39}",16,59,43,43,0.0007924916571937501,0.772289180085282
0,0,"{44, 46}",152,117,-35,35,0.002636972116306424,0.772289180085282
0,0,"{48, 44}",18,72,54,54,0.004389381036162376,0.772289180085282
0,0,"{50, 44}",159,150,-9,9,0.0029736696742475033,0.772289180085282
0,0,"{44, 52}",132,133,1,1,0.004418797791004181,0.772289180085282
0,0,"{44, 53}",202,200,-2,2,0.0033053173683583736,0.772289180085282
0,0,"{44, 60}",150,144,-6,6,0.0024644953664392233,0.772289180085282
0,0,"{48, 46}",181,148,-33,33,0.002861287444829941,0.772289180085282
0,0,"{50, 46}",39,5,-34,34,0.00132088887039572,0.772289180085282
0,0,"{52, 46}",182,153,-29,29,0.0028159557841718197,0.772289180085282
0,0,"{53, 46}",75,39,-36,36,0.0017141684656962752,0.772289180085282
0,0,"{60, 46}",1,62,61,61,0.000845514761749655,0.772289180085282
0,0,"{48, 50}",166,156,-10,10,0.0031337987165898085,0.772289180085282
0,0,"{48, 52}",102,82,-20,20,0.004388813395053148,0.772289180085282
0,0,"{48, 53}",215,203,-12,12,0.003535396419465542,0.772289180085282
0,0,"{48, 60}",176,230,54,54,0.002727173501625657,0.772289180085282
0,0,"{50, 52}",131,130,-1,1,0.0031231525354087353,0.772289180085282
0,0,"{50, 53}",120,74,-46,46,0.0019884821958839893,0.772289180085282
0,0,"{50, 60}",27,106,79,79,0.0011825888650491834,0.772289180085282
0,0,"{52, 53}",207,204,-3,3,0.0034645760897547007,0.772289180085282
0,0,"{52, 60}",163,152,-11,11,0.0026424864772707224,0.772289180085282
0,0,"{60, 53}",71,112,41,41,0.0014856169000267982,0.772289180085282
0,1,"{0, 1}",50,109,59,59,0.0018130203243345022,0.73529817650546
0,1,"{0, 2}",19,61,42,42,0.002266715047881007,0.73529817650546
0,1,"{0, 7}",110,60,-50,50,0.0013925312086939812,0.73529817650546
0,1,"{0, 10}",11,121,110,110,0.0022814408876001835,0.73529817650546
0,1,"{0, 16}",72,89,17,17,0.0017914309864863753,0.73529817650546
0,1,"{0, 18}",184,184,0,0,0.005512769799679518,0.73529817650546
0,1,"{0, 22}",204,171,-33,33,0.03307231143116951,0.73529817650546
0,1,"{0, 25}",57,101,44,44,0.0016842095647007227,0.73529817650546
0,1,"{0, 37}",167,206,39,39,0.003664972959086299,0.73529817650546
0,1,"{0, 41}",6,56,50,50,0.0021983764600008726,0.73529817650546
0,1,"{0, 42}",78,55,-23,23,0.0015699539799243212,0.73529817650546
0,1,"{0, 43}",105,54,-51,51,0.0015291913878172636,0.73529817650546
0,1,"{0, 47}",80,53,-27,27,0.0016260695410892367,0.73529817650546
0,1,"{0, 49}",18,87,69,69,0.002270051511004567,0.73529817650546
0,1,"{0, 51}",45,119,74,74,0.0018719191430136561,0.73529817650546
0,1,"{0, 54}",74,51,-23,23,0.0016411511460319161,0.73529817650546
0,1,"{0, 55}",43,127,84,84,0.0025123353116214275,0.73529817650546
0,1,"{0, 56}",115,113,-2,2,0.002641306957229972,0.73529817650546
0,1,"{0, 62}",44,114,70,70,0.0018292616587132215,0.73529817650546
0,1,"{0, 63}",148,150,2,2,0.0025442237965762615,0.73529817650546
0,1,"{1, 2}",70,79,9,9,0.001971630845218897,0.73529817650546
0,1,"{1, 7}",77,46,-31,31,0.0010197227820754051,0.73529817650546
0,1,"{1, 10}",60,45,-15,15,0.0018571169348433614,0.73529817650546
0,1,"{16, 1}",20,62,42,42,0.0014047524891793728,0.73529817650546
0,1,"{1, 18}",180,186,6,6,0.0050268033519387245,0.73529817650546
0,1,"{1, 22}",200,165,-35,35,0.027974339202046394,0.73529817650546
0,1,"{1, 25}",14,78,64,64,0.0013713677180930972,0.73529817650546
0,1,"{1, 37}",161,198,37,37,0.00327203213237226,0.73529817650546
0,1,"{1, 41}",52,75,23,23,0.0018599816830828786,0.73529817650546
0,1,"{1, 42}",33,73,40,40,0.0012384317815303802,0.73529817650546
0,1,"{1, 43}",89,76,-13,13,0.0011808461276814342,0.73529817650546
0,1,"{1, 47}",32,71,39,39,0.0012992687989026308,0.73529817650546
0,1,"{1, 49}",58,68,10,10,0.0019603248219937086,0.73529817650546
0,1,"{1, 51}",2,86,84,84,0.001506298896856606,0.73529817650546
0,1,"{1, 54}",28,66,38,38,0.001299691037274897,0.73529817650546
0,1,"{1, 55}",94,125,31,31,0.0021523223258554935,0.73529817650546
0,1,"{56, 1}",128,132,4,4,0.0023218593560159206,0.73529817650546
0,1,"{1, 62}",5,91,86,86,0.001470519695430994,0.73529817650546
0,1,"{1, 63}",145,145,0,0,0.002209868049249053,0.73529817650546
0,1,"{2, 7}",122,70,-52,52,0.0015327398432418704,0.73529817650546
0,1,"{2, 10}",7,116,109,109,0.002406827872619033,0.73529817650546
0,1,"{16, 2}",99,44,-55,55,0.001916408073157072,0.73529817650546
0,1,"{2, 18}",187,188,1,1,0.005746053531765938,0.73529817650546
0,1,"{2, 22}",199,164,-35,35,0.0385146327316761,0.73529817650546
0,1,"{25, 2}",75,20,-55,55,0.0018667946569621563,0.73529817650546
0,1,"{2, 37}",170,209,39,39,0.0038538624066859484,0.73529817650546
0,1,"{41, 2}",22,17,-5,5,0.00238556950353086,0.73529817650546
0,1,"{2, 42}",102,16,-86,86,0.0017415941692888737,0.73529817650546
0,1,"{2, 43}",118,15,-103,103,0.0016581923700869083,0.73529817650546
0,1,"{2, 47}",103,0,-103,103,0.0017635688418522477,0.73529817650546
0,1,"{49, 2}",23,13,-10,10,0.002454630797728896,0.73529817650546
0,1,"{2, 51}",65,104,39,39,0.0020493443589657545,0.73529817650546
0,1,"{2, 54}",100,11,-89,89,0.0017973474459722638,0.73529817650546
0,1,"{2, 55}",24,128,104,104,0.0026867918204516172,0.73529817650546
0,1,"{56, 2}",107,117,10,10,0.00275231059640646,0.73529817650546
0,1,"{2, 62}",63,88,25,25,0.0019525405950844288,0.73529817650546
0,1,"{2, 63}",154,190,36,36,0.002722272416576743,0.73529817650546
0,1,"{10, 7}",117,10,-107,107,0.0015188847901299596,0.73529817650546
0,1,"{16, 7}",64,8,-56,56,0.0009273886098526418,0.73529817650546
0,1,"{18, 7}",173,174,1,1,0.004805452656000853,0.73529817650546
0,1,"{22, 7}",192,163,-29,29,0.032725922763347626,0.73529817650546
0,1,"{25, 7}",67,6,-61,61,0.0009273813921026886,0.73529817650546
0,1,"{37, 7}",150,149,-1,1,0.002825955394655466,0.73529817650546
0,1,"{41, 7}",112,4,-108,108,0.00142480933573097,0.73529817650546
0,1,"{42, 7}",48,3,-45,45,0.0007612670306116343,0.73529817650546
0,1,"{43, 7}",35,2,-33,33,0.0006985594518482685,0.73529817650546
0,1,"{47, 7}",49,1,-48,48,0.0008169123902916908,0.73529817650546
0,1,"{49, 7}",120,9,-111,111,0.0015233628218993545,0.73529817650546
0,1,"{51, 7}",90,21,-69,69,0.0010514649329707026,0.73529817650546
0,1,"{54, 7}",51,31,-20,20,0.0008091793279163539,0.73529817650546
0,1,"{55, 7}",129,100,-29,29,0.0017498628003522754,0.73529817650546
0,1,"{56, 7}",138,99,-39,39,0.0018974901176989079,0.73529817650546
0,1,"{62, 7}",79,39,-40,40,0.0010130220325663686,0.73529817650546
0,1,"{63, 7}",131,102,-29,29,0.0018076379783451557,0.73529817650546
0,1,"{16, 10}",87,94,7,7,0.001852389657869935,0.73529817650546
0,1,"{10, 18}",186,187,1,1,0.005491963587701321,0.73529817650546
0,1,"{10, 22}",203,189,-14,14,0.03076045960187912,0.73529817650546
0,1,"{25, 10}",69,98,29,29,0.0018116035498678684,0.73529817650546
0,1,"{10, 37}",169,205,36,36,0.0037362067960202694,0.73529817650546
0,1,"{41, 10}",9,83,74,74,0.0023626291658729315,0.73529817650546
0,1,"{10, 42}",95,36,-59,59,0.0017011105082929134,0.73529817650546
0,1,"{10, 43}",113,35,-78,78,0.0016657888190820813,0.73529817650546
0,1,"{10, 47}",98,34,-64,64,0.0017442904645577073,0.73529817650546
0,1,"{49, 10}",13,106,93,93,0.002386414911597967,0.73529817650546
0,1,"{10, 51}",56,118,62,62,0.001984630012884736,0.73529817650546
0,1,"{10, 54}",93,32,-61,61,0.0017553790239617229,0.73529817650546
0,1,"{10, 55}",29,133,104,104,0.002596802543848753,0.73529817650546
0,1,"{56, 10}",114,134,20,20,0.0027926124166697264,0.73529817650546
0,1,"{10, 62}",55,115,60,60,0.0019087644759565592,0.73529817650546
0,1,"{10, 63}",151,151,0,0,0.002662943908944726,0.73529817650546
0,1,"{16, 18}",178,175,-3,3,0.005143170710653067,0.73529817650546
0,1,"{16, 22}",198,162,-36,36,0.03565840795636177,0.73529817650546
0,1,"{16, 25}",21,27,6,6,0.0012667053379118443,0.73529817650546
0,1,"{16, 37}",159,168,9,9,0.0030834898352622986,0.73529817650546
0,1,"{16, 41}",73,25,-48,48,0.001762646366842091,0.73529817650546
0,1,"{16, 42}",17,24,7,7,0.0011295160511508584,0.73529817650546
0,1,"{16, 43}",76,23,-53,53,0.0010696777608245611,0.73529817650546
0,1,"{16, 47}",12,14,2,2,0.001188142690807581,0.73529817650546
0,1,"{16, 49}",82,43,-39,39,0.0019227579468861222,0.73529817650546
0,1,"{16, 51}",30,82,52,52,0.0014123315922915936,0.73529817650546
0,1,"{16, 54}",10,29,19,19,0.001104490365833044,0.73529817650546
0,1,"{16, 55}",104,123,19,19,0.0021336732897907495,0.73529817650546
0,1,"{16, 56}",135,129,-6,6,0.002250717021524906,0.73529817650546
0,1,"{16, 62}",31,30,-1,1,0.0013317171251401305,0.73529817650546
0,1,"{16, 63}",143,143,0,0,0.002162313088774681,0.73529817650546
0,1,"{18, 22}",195,176,-19,19,0.03892207145690918,0.73529817650546
0,1,"{25, 18}",179,173,-6,6,0.004994175862520933,0.73529817650546
0,1,"{18, 37}",139,140,1,1,0.007096377667039633,0.73529817650546
0,1,"{41, 18}",183,177,-6,6,0.005735575221478939,0.73529817650546
0,1,"{18, 42}",175,181,6,6,0.005045162979513407,0.73529817650546
0,1,"{18, 43}",174,179,5,5,0.005064411088824272,0.73529817650546
0,1,"{18, 47}",176,178,2,2,0.004979172255843878,0.73529817650546
0,1,"{49, 18}",185,172,-13,13,0.005818679463118315,0.73529817650546
0,1,"{18, 51}",182,182,0,0,0.005305050872266293,0.73529817650546
0,1,"{18, 54}",177,180,3,3,0.005156796425580978,0.73529817650546
0,1,"{18, 55}",188,193,5,5,0.0058039408177137375,0.73529817650546
0,1,"{56, 18}",189,191,2,2,0.005908288061618805,0.73529817650546
0,1,"{18, 62}",181,185,4,4,0.005301341414451599,0.73529817650546
0,1,"{18, 63}",162,192,30,30,0.005838837940245867,0.73529817650546
0,1,"{25, 22}",201,167,-34,34,0.034893862903118134,0.73529817650546
0,1,"{37, 22}",206,194,-12,12,0.03787985071539879,0.73529817650546
0,1,"{41, 22}",207,161,-46,46,0.030079731717705727,0.73529817650546
0,1,"{42, 22}",193,158,-35,35,0.03511460870504379,0.73529817650546
0,1,"{43, 22}",191,159,-32,32,0.034172173589468,0.73529817650546
0,1,"{22, 47}",196,160,-36,36,0.03583588823676109,0.73529817650546
0,1,"{49, 22}",208,157,-51,51,0.03701406344771385,0.73529817650546
0,1,"{51, 22}",205,169,-36,36,0.033008940517902374,0.73529817650546
0,1,"{54, 22}",194,166,-28,28,0.03009221702814102,0.73529817650546
0,1,"{22, 55}",209,202,-7,7,0.027408765628933907,0.73529817650546
0,1,"{56, 22}",190,195,5,5,0.036934852600097656,0.73529817650546
0,1,"{62, 22}",197,170,-27,27,0.03516149893403053,0.73529817650546
0,1,"{22, 63}",202,201,-1,1,0.03750452399253845,0.73529817650546
0,1,"{25, 37}",160,196,36,36,0.00321589270606637,0.73529817650546
0,1,"{25, 41}",61,50,-11,11,0.001743420260027051,0.73529817650546
0,1,"{25, 42}",27,52,25,25,0.0011015471536666155,0.73529817650546
0,1,"{25, 43}",71,57,-14,14,0.001038772170431912,0.73529817650546
0,1,"{25, 47}",25,58,33,33,0.0011239955201745033,0.73529817650546
0,1,"{25, 49}",68,77,9,9,0.0017977370880544186,0.73529817650546
0,1,"{25, 51}",16,93,77,77,0.0013894831063225865,0.73529817650546
0,1,"{25, 54}",26,59,33,33,0.001157909631729126,0.73529817650546
0,1,"{25, 55}",101,110,9,9,0.0020514961797744036,0.73529817650546
0,1,"{56, 25}",127,126,-1,1,0.0022135768085718155,0.73529817650546
0,1,"{25, 62}",15,92,77,77,0.0013621393591165543,0.73529817650546
0,1,"{25, 63}",144,142,-2,2,0.0021078947465866804,0.73529817650546
0,1,"{41, 37}",166,197,31,31,0.0036936120595782995,0.73529817650546
0,1,"{42, 37}",155,156,1,1,0.003125671297311783,0.73529817650546
0,1,"{43, 37}",153,147,-6,6,0.0030243368819355965,0.73529817650546
0,1,"{37, 47}",156,154,-2,2,0.0031169636640697718,0.73529817650546
0,1,"{49, 37}",168,207,39,39,0.003790286835283041,0.73529817650546
0,1,"{51, 37}",164,200,36,36,0.003357385750859976,0.73529817650546
0,1,"{37, 54}",157,152,-5,5,0.0030217214953154325,0.73529817650546
0,1,"{37, 55}",171,204,33,33,0.004027273505926132,0.73529817650546
0,1,"{56, 37}",172,203,31,31,0.0041814446449279785,0.73529817650546
0,1,"{37, 62}",163,199,36,36,0.0031975796446204185,0.73529817650546
0,1,"{37, 63}",130,144,14,14,0.004033609759062529,0.73529817650546
0,1,"{41, 42}",84,49,-35,35,0.0016049651894718409,0.73529817650546
0,1,"{41, 43}",111,64,-47,47,0.001530567998997867,0.73529817650546
0,1,"{41, 47}",88,47,-41,41,0.0016348965000361204,0.73529817650546
0,1,"{41, 49}",8,67,59,59,0.002372751710936427,0.73529817650546
0,1,"{41, 51}",46,80,34,34,0.0018901029834523797,0.73529817650546
0,1,"{41, 54}",81,69,-12,12,0.0016519165365025401,0.73529817650546
0,1,"{41, 55}",39,120,81,81,0.002593311946839094,0.73529817650546
0,1,"{56, 41}",121,107,-14,14,0.0027519611176103354,0.73529817650546
0,1,"{41, 62}",47,72,25,25,0.0018509132787585258,0.73529817650546
0,1,"{41, 63}",149,155,6,6,0.002628919668495655,0.73529817650546
0,1,"{42, 43}",59,65,6,6,0.0008529193582944572,0.73529817650546
0,1,"{42, 47}",3,74,71,71,0.0009472614037804306,0.73529817650546
0,1,"{49, 42}",96,48,-48,48,0.0017300964100286365,0.73529817650546
0,1,"{42, 51}",42,42,0,0,0.001249933848157525,0.73529817650546
0,1,"{42, 54}",1,12,11,11,0.0010025869123637676,0.73529817650546
0,1,"{42, 55}",108,108,0,0,0.0019451972329989076,0.73529817650546
0,1,"{56, 42}",133,84,-49,49,0.00208589737303555,0.73529817650546
0,1,"{42, 62}",37,19,-18,18,0.0012195624876767397,0.73529817650546
0,1,"{42, 63}",140,139,-1,1,0.002012185752391815,0.73529817650546
0,1,"{43, 47}",62,7,-55,55,0.0008748472901061177,0.73529817650546
0,1,"{49, 43}",119,22,-97,97,0.001660871203057468,0.73529817650546
0,1,"{51, 43}",92,40,-52,52,0.0012080685701221228,0.73529817650546
0,1,"{43, 54}",66,38,-28,28,0.0009393051732331514,0.73529817650546
0,1,"{43, 55}",125,85,-40,40,0.0018791621550917625,0.73529817650546
0,1,"{56, 43}",137,105,-32,32,0.002009415067732334,0.73529817650546
0,1,"{43, 62}",83,33,-50,50,0.001147130155004561,0.73529817650546
0,1,"{43, 63}",132,103,-29,29,0.0019226777367293835,0.73529817650546
0,1,"{49, 47}",97,41,-56,56,0.0017882233951240778,0.73529817650546
0,1,"{51, 47}",41,26,-15,15,0.0013060473138466477,0.73529817650546
0,1,"{54, 47}",0,28,28,28,0.0010435120202600956,0.73529817650546
0,1,"{55, 47}",109,96,-13,13,0.002000589855015278,0.73529817650546
0,1,"{56, 47}",136,95,-41,41,0.002114475704729557,0.73529817650546
0,1,"{62, 47}",40,37,-3,3,0.0012750012101605535,0.73529817650546
0,1,"{63, 47}",141,136,-5,5,0.0020529681351035833,0.73529817650546
0,1,"{49, 51}",53,90,37,37,0.001983687514439225,0.73529817650546
0,1,"{49, 54}",91,5,-86,86,0.001761525752954185,0.73529817650546
0,1,"{49, 55}",34,97,63,63,0.0025488233659416437,0.73529817650546
0,1,"{56, 49}",123,124,1,1,0.002821478294208646,0.73529817650546
0,1,"{49, 62}",54,81,27,27,0.001932838000357151,0.73529817650546
0,1,"{49, 63}",152,153,1,1,0.0026426564436405897,0.73529817650546
0,1,"{51, 54}",38,18,-20,20,0.0013092589797452092,0.73529817650546
0,1,"{51, 55}",85,135,50,50,0.0022158415522426367,0.73529817650546
0,1,"{56, 51}",126,138,12,12,0.002394283888861537,0.73529817650546
0,1,"{51, 62}",4,111,107,107,0.0015071923844516277,0.73529817650546
0,1,"{51, 63}",147,146,-1,1,0.002272042678669095,0.73529817650546
0,1,"{54, 55}",106,112,6,6,0.0019868516828864813,0.73529817650546
0,1,"{56, 54}",134,122,-12,12,0.002122248290106654,0.73529817650546
0,1,"{62, 54}",36,63,27,27,0.0012302465038374066,0.73529817650546
0,1,"{54, 63}",142,141,-1,1,0.0020559101831167936,0.73529817650546
0,1,"{56, 55}",116,137,21,21,0.0030304882675409317,0.73529817650546
0,1,"{62, 55}",86,131,45,45,0.0021496452391147614,0.73529817650546
0,1,"{63, 55}",158,183,25,25,0.0026998119428753853,0.73529817650546
0,1,"{56, 62}",124,130,6,6,0.002311530988663435,0.73529817650546
0,1,"{56, 63}",165,208,43,43,0.003039194503799081,0.73529817650546
0,1,"{62, 63}",146,148,2,2,0.0022442988120019436,0.73529817650546
0,2,"{4, 5}",87,75,-12,12,0.0021090470254421234,0.795370805298468
0,2,"{9, 4}",56,13,-43,43,0.0014121975982561707,0.795370805298468
0,2,"{4, 12}",110,111,1,1,0.0024133878760039806,0.795370805298468
0,2,"{4, 13}",15,23,8,8,0.00109009793959558,0.795370805298468
0,2,"{4, 14}",159,107,-52,52,0.003209133865311742,0.795370805298468
0,2,"{4, 21}",100,45,-55,55,0.002031387761235237,0.795370805298468
0,2,"{4, 23}",83,47,-36,36,0.001707590650767088,0.795370805298468
0,2,"{24, 4}",82,59,-23,23,0.0021437890827655792,0.795370805298468
0,2,"{27, 4}",5,33,28,28,0.0009242648957297206,0.795370805298468
0,2,"{4, 29}",6,34,28,28,0.001008979044854641,0.795370805298468
0,2,"{4, 30}",106,71,-35,35,0.002364445710554719,0.795370805298468
0,2,"{4, 31}",31,24,-7,7,0.0010916088940575719,0.795370805298468
0,2,"{35, 4}",33,11,-22,22,0.0013577414210885763,0.795370805298468
0,2,"{4, 38}",0,10,10,10,0.0008664539200253785,0.795370805298468
0,2,"{40, 4}",67,21,-46,46,0.0015320618404075503,0.795370805298468
0,2,"{4, 45}",142,93,-49,49,0.0026795861776918173,0.795370805298468
0,2,"{57, 4}",62,27,-35,35,0.0018275652546435595,0.795370805298468
0,2,"{58, 4}",127,99,-28,28,0.0026878388598561287,0.795370805298468
0,2,"{59, 4}",17,56,39,39,0.0008885535644367337,0.795370805298468
0,2,"{4, 61}",197,173,-24,24,0.004561897832900286,0.795370805298468
0,2,"{9, 5}",150,152,2,2,0.0025479996111243963,0.795370805298468
0,2,"{12, 5}",164,167,3,3,0.0035249339416623116,0.795370805298468
0,2,"{13, 5}",64,81,17,17,0.002280960325151682,0.795370805298468
0,2,"{5, 14}",58,130,72,72,0.004472777713090181,0.795370805298468
0,2,"{21, 5}",176,181,5,5,0.0031894873827695847,0.795370805298468
0,2,"{5, 23}",161,162,1,1,0.002804491436108947,0.795370805298468
0,2,"{24, 5}",11,120,109,109,0.003291771514341235,0.795370805298468
0,2,"{27, 5}",104,117,13,13,0.002127684885635972,0.795370805298468
0,2,"{29, 5}",63,86,23,23,0.002166999038308859,0.795370805298468
0,2,"{5, 30}",10,126,116,116,0.003501299535855651,0.795370805298468
0,2,"{5, 31}",132,118,-14,14,0.0022599271032959223,0.795370805298468
0,2,"{35, 5}",41,123,82,82,0.0025215495843440294,0.795370805298468
0,2,"{5, 38}",81,77,-4,4,0.0020952713675796986,0.795370805298468
0,2,"{40, 5}",155,159,4,4,0.0027151491958647966,0.795370805298468
0,2,"{45, 5}",186,188,2,2,0.003845039987936616,0.795370805298468
0,2,"{57, 5}",94,136,42,42,0.0029593128710985184,0.795370805298468
0,2,"{58, 5}",18,143,125,125,0.0038236849941313267,0.795370805298468
0,2,"{59, 5}",107,110,3,3,0.002037462778389454,0.795370805298468
0,2,"{61, 5}",128,160,32,32,0.005787604954093695,0.795370805298468
0,2,"{9, 12}",135,147,12,12,0.0028892287518829107,0.795370805298468
0,2,"{9, 13}",74,17,-57,57,0.0015781869878992438,0.795370805298468
0,2,"{9, 14}",189,176,-13,13,0.0037457256112247705,0.795370805298468
0,2,"{9, 21}",21,22,1,1,0.0024991161189973354,0.795370805298468
0,2,"{9, 23}",22,74,52,52,0.0021299791987985373,0.795370805298468
0,2,"{24, 9}",153,137,-16,16,0.0026234344113618135,0.795370805298468
0,2,"{9, 27}",38,9,-29,29,0.0014420575462281704,0.795370805298468
0,2,"{9, 29}",70,57,-13,13,0.0014916728250682354,0.795370805298468
0,2,"{9, 30}",158,124,-34,34,0.0028801176231354475,0.795370805298468
0,2,"{9, 31}",7,8,1,1,0.0015864375745877624,0.795370805298468
0,2,"{9, 35}",91,35,-56,56,0.00181143160443753,0.795370805298468
0,2,"{9, 38}",60,12,-48,48,0.0013653559144586325,0.795370805298468
0,2,"{40, 9}",1,18,17,17,0.001992894569411874,0.795370805298468
0,2,"{9, 45}",123,109,-14,14,0.0031678208615630865,0.795370805298468
0,2,"{9, 57}",120,95,-25,25,0.0022680480033159256,0.795370805298468
0,2,"{9, 58}",175,179,4,4,0.003178682643920183,0.795370805298468
0,2,"{9, 59}",34,146,112,112,0.0013962190132588148,0.795370805298468
0,2,"{9, 61}",204,200,-4,4,0.0050477213226258755,0.795370805298468
0,2,"{12, 13}",144,113,-31,31,0.0026377649046480656,0.795370805298468
0,2,"{12, 14}",188,190,2,2,0.004658574238419533,0.795370805298468
0,2,"{12, 21}",149,153,4,4,0.003436309052631259,0.795370805298468
0,2,"{12, 23}",117,150,33,33,0.0031198286451399326,0.795370805298468
0,2,"{24, 12}",169,165,-4,4,0.0034880030434578657,0.795370805298468
0,2,"{27, 12}",92,64,-28,28,0.0024709675926715136,0.795370805298468
0,2,"{12, 29}",126,139,13,13,0.0024837409146130085,0.795370805298468
0,2,"{12, 30}",177,177,0,0,0.0037458252627402544,0.795370805298468
0,2,"{12, 31}",131,131,0,0,0.002584037370979786,0.795370805298468
0,2,"{35, 12}",151,157,6,6,0.0027563886251300573,0.795370805298468
0,2,"{12, 38}",116,89,-27,27,0.0024232862051576376,0.795370805298468
0,2,"{40, 12}",140,151,11,11,0.0030031537171453238,0.795370805298468
0,2,"{12, 45}",68,122,54,54,0.004073672462254763,0.795370805298468
0,2,"{57, 12}",174,166,-8,8,0.0031653116457164288,0.795370805298468
0,2,"{58, 12}",182,180,-2,2,0.004149941727519035,0.795370805298468
0,2,"{59, 12}",88,97,9,9,0.002389865228906274,0.795370805298468
0,2,"{12, 61}",206,204,-2,2,0.005930076353251934,0.795370805298468
0,2,"{13, 14}",146,72,-74,74,0.0033782573882490396,0.795370805298468
0,2,"{21, 13}",122,70,-52,52,0.00220486125908792,0.795370805298468
0,2,"{13, 23}",108,78,-30,30,0.0018743207911029458,0.795370805298468
0,2,"{24, 13}",57,50,-7,7,0.00235935696400702,0.795370805298468
0,2,"{27, 13}",35,15,-20,20,0.0011440129019320011,0.795370805298468
0,2,"{29, 13}",3,52,49,49,0.0012023993767797947,0.795370805298468
0,2,"{13, 30}",78,40,-38,38,0.0025496380403637886,0.795370805298468
0,2,"{13, 31}",49,51,2,2,0.0012503723846748471,0.795370805298468
0,2,"{35, 13}",8,3,-5,5,0.0015591926639899611,0.795370805298468
0,2,"{13, 38}",9,5,-4,4,0.0010878531029447913,0.795370805298468
0,2,"{40, 13}",86,42,-44,44,0.0017021454405039549,0.795370805298468
0,2,"{45, 13}",167,154,-13,13,0.0028732374776154757,0.795370805298468
0,2,"{57, 13}",37,41,4,4,0.001989796757698059,0.795370805298468
0,2,"{58, 13}",97,84,-13,13,0.0028511129785329103,0.795370805298468
0,2,"{59, 13}",44,105,61,61,0.0010755987605080009,0.795370805298468
0,2,"{61, 13}",184,175,-9,9,0.0046678585931658745,0.795370805298468
0,2,"{21, 14}",200,194,-6,6,0.004241714719682932,0.795370805298468
0,2,"{14, 23}",190,187,-3,3,0.004001162014901638,0.795370805298468
0,2,"{24, 14}",85,65,-20,20,0.004395409021526575,0.795370805298468
0,2,"{27, 14}",168,201,33,33,0.003254169365391135,0.795370805298468
0,2,"{29, 14}",143,114,-29,29,0.0032997557427734137,0.795370805298468
0,2,"{14, 30}",42,135,93,93,0.004497988615185022,0.795370805298468
0,2,"{14, 31}",179,169,-10,10,0.003384560579434037,0.795370805298468
0,2,"{35, 14}",124,102,-22,22,0.003621363313868642,0.795370805298468
0,2,"{38, 14}",157,106,-51,51,0.0032446489203721285,0.795370805298468
0,2,"{40, 14}",192,172,-20,20,0.003740563988685608,0.795370805298468
0,2,"{45, 14}",199,196,-3,3,0.005072212312370539,0.795370805298468
0,2,"{57, 14}",170,161,-9,9,0.004064769949764013,0.795370805298468
0,2,"{58, 14}",40,119,79,79,0.005153590813279152,0.795370805298468
0,2,"{59, 14}",165,163,-2,2,0.0031738257966935635,0.795370805298468
0,2,"{61, 14}",73,76,3,3,0.006968712899833918,0.795370805298468
0,2,"{21, 23}",20,82,62,62,0.002756636356934905,0.795370805298468
0,2,"{24, 21}",180,183,3,3,0.0031975870952010155,0.795370805298468
0,2,"{27, 21}",80,29,-51,51,0.0020598764531314373,0.795370805298468
0,2,"{29, 21}",115,79,-36,36,0.002083916449919343,0.795370805298468
0,2,"{21, 30}",181,174,-7,7,0.0032856084872037172,0.795370805298468
0,2,"{21, 31}",46,31,-15,15,0.002185148885473609,0.795370805298468
0,2,"{35, 21}",138,90,-48,48,0.0022817852441221476,0.795370805298468
0,2,"{21, 38}",103,53,-50,50,0.0020014287438243628,0.795370805298468
0,2,"{40, 21}",13,25,12,12,0.002634766511619091,0.795370805298468
0,2,"{45, 21}",130,205,75,75,0.003778978483751416,0.795370805298468
0,2,"{57, 21}",156,148,-8,8,0.0028029587119817734,0.795370805298468
0,2,"{58, 21}",196,189,-7,7,0.0037759786937385798,0.795370805298468
0,2,"{59, 21}",72,69,-3,3,0.001962922979146242,0.795370805298468
0,2,"{61, 21}",208,209,1,1,0.005896113812923431,0.795370805298468
0,2,"{24, 23}",171,203,32,32,0.0028347650077193975,0.795370805298468
0,2,"{27, 23}",65,206,141,141,0.0017092694761231542,0.795370805298468
0,2,"{29, 23}",95,83,-12,12,0.0017428799765184522,0.795370805298468
0,2,"{30, 23}",166,158,-8,8,0.003104103496298194,0.795370805298468
0,2,"{31, 23}",39,38,-1,1,0.0018234658055007458,0.795370805298468
0,2,"{35, 23}",114,116,2,2,0.002061809180304408,0.795370805298468
0,2,"{38, 23}",89,101,12,12,0.0016459319740533829,0.795370805298468
0,2,"{40, 23}",19,43,24,24,0.0022796501871198416,0.795370805298468
0,2,"{45, 23}",101,197,96,96,0.0033740780781954527,0.795370805298468
0,2,"{57, 23}",154,156,2,2,0.0025374973192811012,0.795370805298468
0,2,"{58, 23}",183,182,-1,1,0.0034047793596982956,0.795370805298468
0,2,"{59, 23}",48,149,101,101,0.0016229808097705245,0.795370805298468
0,2,"{61, 23}",207,208,1,1,0.005090735852718353,0.795370805298468
0,2,"{24, 27}",105,91,-14,14,0.0021598152816295624,0.795370805298468
0,2,"{24, 29}",61,61,0,0,0.002202759264037013,0.795370805298468
0,2,"{24, 30}",36,73,37,37,0.003525255247950554,0.795370805298468
0,2,"{24, 31}",137,108,-29,29,0.002333997981622815,0.795370805298468
0,2,"{24, 35}",47,92,45,45,0.0025567447301000357,0.795370805298468
0,2,"{24, 38}",75,16,-59,59,0.0021165995858609676,0.795370805298468
0,2,"{24, 40}",160,141,-19,19,0.002767520723864436,0.795370805298468
0,2,"{24, 45}",194,185,-9,9,0.0038014589808881283,0.795370805298468
0,2,"{24, 57}",71,39,-32,32,0.002897815313190222,0.795370805298468
0,2,"{24, 58}",28,127,99,99,0.0038850929122418165,0.795370805298468
0,2,"{24, 59}",113,155,42,42,0.0021081622689962387,0.795370805298468
0,2,"{24, 61}",139,129,-10,10,0.005813919007778168,0.795370805298468
0,2,"{27, 29}",25,30,5,5,0.0010505260434001684,0.795370805298468
0,2,"{27, 30}",129,68,-61,61,0.002451439620926976,0.795370805298468
0,2,"{27, 31}",24,19,-5,5,0.0011363861849531531,0.795370805298468
0,2,"{35, 27}",55,1,-54,54,0.0014158306876197457,0.795370805298468
0,2,"{27, 38}",12,2,-10,10,0.0008891253964975476,0.795370805298468
0,2,"{40, 27}",52,0,-52,52,0.0015676983166486025,0.795370805298468
0,2,"{27, 45}",118,63,-55,55,0.00267984950914979,0.795370805298468
0,2,"{57, 27}",84,26,-58,58,0.0018675096798688173,0.795370805298468
0,2,"{58, 27}",145,125,-20,20,0.0026746955700218678,0.795370805298468
0,2,"{59, 27}",2,55,53,53,0.000912881747353822,0.795370805298468
0,2,"{27, 61}",201,193,-8,8,0.004403050523251295,0.795370805298468
0,2,"{29, 30}",79,54,-25,25,0.0023925499990582466,0.795370805298468
0,2,"{29, 31}",45,36,-9,9,0.0011905598221346736,0.795370805298468
0,2,"{35, 29}",14,49,35,35,0.0014145108871161938,0.795370805298468
0,2,"{29, 38}",4,4,0,0,0.0009475225233472884,0.795370805298468
0,2,"{40, 29}",77,60,-17,17,0.0016285221790894866,0.795370805298468
0,2,"{45, 29}",152,142,-10,10,0.0027123827021569014,0.795370805298468
0,2,"{57, 29}",53,44,-9,9,0.00187693873886019,0.795370805298468
0,2,"{58, 29}",99,87,-12,12,0.0027470008935779333,0.795370805298468
0,2,"{59, 29}",30,48,18,18,0.0009417845285497606,0.795370805298468
0,2,"{61, 29}",185,184,-1,1,0.0044288416393101215,0.795370805298468
0,2,"{30, 31}",141,94,-47,47,0.0024953316897153854,0.795370805298468
0,2,"{35, 30}",54,66,12,12,0.0026186187751591206,0.795370805298468
0,2,"{38, 30}",102,80,-22,22,0.0023428325075656176,0.795370805298468
0,2,"{40, 30}",163,144,-19,19,0.0030346987769007683,0.795370805298468
0,2,"{45, 30}",193,195,2,2,0.004105214960873127,0.795370805298468
0,2,"{57, 30}",112,98,-14,14,0.0031674159690737724,0.795370805298468
0,2,"{58, 30}",27,115,88,88,0.004012395162135363,0.795370805298468
0,2,"{59, 30}",125,100,-25,25,0.0023582475259900093,0.795370805298468
0,2,"{61, 30}",109,112,3,3,0.005863299127668142,0.795370805298468
0,2,"{35, 31}",66,20,-46,46,0.0015897414414212108,0.795370805298468
0,2,"{38, 31}",32,28,-4,4,0.0010683083673939109,0.795370805298468
0,2,"{40, 31}",16,32,16,16,0.001668287324719131,0.795370805298468
0,2,"{45, 31}",136,133,-3,3,0.002896438119933009,0.795370805298468
0,2,"{57, 31}",93,46,-47,47,0.001980384113267064,0.795370805298468
0,2,"{58, 31}",162,145,-17,17,0.0028263318818062544,0.795370805298468
0,2,"{59, 31}",23,103,80,80,0.001084029907360673,0.795370805298468
0,2,"{61, 31}",203,202,-1,1,0.00454974640160799,0.795370805298468
0,2,"{35, 38}",29,6,-23,23,0.0013474180595949292,0.795370805298468
0,2,"{40, 35}",96,62,-34,34,0.001980818575248122,0.795370805298468
0,2,"{35, 45}",172,171,-1,1,0.0031474949792027473,0.795370805298468
0,2,"{57, 35}",50,58,8,8,0.0021979217417538166,0.795370805298468
0,2,"{58, 35}",76,121,45,45,0.003052441868931055,0.795370805298468
0,2,"{59, 35}",59,67,8,8,0.0013346764026209712,0.795370805298468
0,2,"{35, 61}",173,164,-9,9,0.0049672513268888,0.795370805298468
0,2,"{40, 38}",69,7,-62,62,0.001505135791376233,0.795370805298468
0,2,"{45, 38}",148,96,-52,52,0.0026913639158010483,0.795370805298468
0,2,"{57, 38}",51,14,-37,37,0.0018169321119785309,0.795370805298468
0,2,"{58, 38}",121,88,-33,33,0.0026829910930246115,0.795370805298468
0,2,"{59, 38}",26,37,11,11,0.0008314685546793044,0.795370805298468
0,2,"{61, 38}",195,168,-27,27,0.004443414509296417,0.795370805298468
0,2,"{40, 45}",134,134,0,0,0.003362353891134262,0.795370805298468
0,2,"{40, 57}",133,104,-29,29,0.002412657719105482,0.795370805298468
0,2,"{40, 58}",178,170,-8,8,0.0032738561276346445,0.795370805298468
0,2,"{40, 59}",43,138,95,95,0.0015127431834116578,0.795370805298468
0,2,"{40, 61}",205,199,-6,6,0.004986522253602743,0.795370805298468
0,2,"{57, 45}",191,178,-13,13,0.003572214860469103,0.795370805298468
0,2,"{58, 45}",198,192,-6,6,0.004473344422876835,0.795370805298468
0,2,"{59, 45}",111,85,-26,26,0.0026447309646755457,0.795370805298468
0,2,"{61, 45}",209,207,-2,2,0.0061897654086351395,0.795370805298468
0,2,"{57, 58}",119,140,21,21,0.003538731252774596,0.795370805298468
0,2,"{57, 59}",98,191,93,93,0.0018225631210952997,0.795370805298468
0,2,"{57, 61}",187,186,-1,1,0.005257832817733288,0.795370805298468
0,2,"{58, 59}",147,128,-19,19,0.0026453479658812284,0.795370805298468
0,2,"{58, 61}",90,132,42,42,0.006615298800170422,0.795370805298468
0,2,"{59, 61}",202,198,-4,4,0.004621599800884724,0.795370805298468
1,0,"{0, 10}",13,87,74,74,0.0022814408876001835,0.75340446659787
1,0,"{0, 12}",75,134,59,59,0.0030071663204580545,0.75340446659787
1,0,"{0, 14}",185,163,-22,22,0.003820969257503748,0.75340446659787
1,0,"{0, 20}",174,144,-30,30,0.0021606306545436382,0.75340446659787
1,0,"{0, 21}",30,65,35,35,0.0026405234821140766,0.75340446659787
1,0,"{0, 24}",192,182,-10,10,0.0027753738686442375,0.75340446659787
1,0,"{0, 27}",59,2,-57,57,0.001575272879563272,0.75340446659787
1,0,"{0, 28}",21,42,21,21,0.0023760683834552765,0.75340446659787
1,0,"{0, 29}",97,32,-65,65,0.0016269269399344921,0.75340446659787
1,0,"{0, 33}",101,135,34,34,0.002542058238759637,0.75340446659787
1,0,"{0, 34}",125,104,-21,21,0.002221099566668272,0.75340446659787
1,0,"{0, 38}",83,35,-48,48,0.0015250153373926878,0.75340446659787
1,0,"{0, 39}",99,29,-70,70,0.001554313232190907,0.75340446659787
1,0,"{0, 41}",17,36,19,19,0.0021983764600008726,0.75340446659787
1,0,"{0, 47}",73,24,-49,49,0.0016260695410892367,0.75340446659787
1,0,"{0, 49}",115,114,-1,1,0.002270051511004567,0.75340446659787
1,0,"{0, 50}",113,90,-23,23,0.0019200185779482126,0.75340446659787
1,0,"{0, 55}",36,124,88,88,0.0025123353116214275,0.75340446659787
1,0,"{0, 57}",184,173,-11,11,0.0024183818604797125,0.75340446659787
1,0,"{0, 58}",221,214,-7,7,0.003257902804762125,0.75340446659787
1,0,"{0, 62}",71,167,96,96,0.0018292616587132215,0.75340446659787
1,0,"{10, 12}",81,169,88,88,0.0031216118950396776,0.75340446659787
1,0,"{10, 14}",188,177,-11,11,0.003959910478442907,0.75340446659787
1,0,"{10, 20}",182,162,-20,20,0.002264808164909482,0.75340446659787
1,0,"{10, 21}",40,48,8,8,0.002502069342881441,0.75340446659787
1,0,"{24, 10}",208,203,-5,5,0.0028256571386009455,0.75340446659787
1,0,"{10, 27}",77,7,-70,70,0.0017007188871502876,0.75340446659787
1,0,"{10, 28}",5,82,77,77,0.0025392600800842047,0.75340446659787
1,0,"{10, 29}",123,54,-69,69,0.0017397734336555004,0.75340446659787
1,0,"{33, 10}",128,143,15,15,0.0026447016280144453,0.75340446659787
1,0,"{10, 34}",153,131,-22,22,0.0023440439254045486,0.75340446659787
1,0,"{10, 38}",112,41,-71,71,0.0016592481406405568,0.75340446659787
1,0,"{10, 39}",130,58,-72,72,0.0017003940884023905,0.75340446659787
1,0,"{41, 10}",4,34,30,30,0.0023626291658729315,0.75340446659787
1,0,"{10, 47}",92,13,-79,79,0.0017442904645577073,0.75340446659787
1,0,"{49, 10}",140,116,-24,24,0.002386414911597967,0.75340446659787
1,0,"{10, 50}",145,98,-47,47,0.0018973248079419136,0.75340446659787
1,0,"{10, 55}",14,117,103,103,0.002596802543848753,0.75340446659787
1,0,"{57, 10}",197,183,-14,14,0.0025156806223094463,0.75340446659787
1,0,"{10, 58}",225,219,-6,6,0.003384989220649004,0.75340446659787
1,0,"{10, 62}",87,209,122,122,0.0019087644759565592,0.75340446659787
1,0,"{12, 14}",74,176,102,102,0.004658574238419533,0.75340446659787
1,0,"{12, 20}",194,189,-5,5,0.00296240346506238,0.75340446659787
1,0,"{12, 21}",110,122,12,12,0.003436309052631259,0.75340446659787
1,0,"{24, 12}",214,215,1,1,0.0034880030434578657,0.75340446659787
1,0,"{27, 12}",157,147,-10,10,0.0024709675926715136,0.75340446659787
1,0,"{12, 28}",89,170,81,81,0.003269907319918275,0.75340446659787
1,0,"{12, 29}",178,152,-26,26,0.0024837409146130085,0.75340446659787
1,0,"{33, 12}",49,184,135,135,0.003402629168704152,0.75340446659787
1,0,"{34, 12}",114,157,43,43,0.003076652530580759,0.75340446659787
1,0,"{12, 38}",172,137,-35,35,0.0024232862051576376,0.75340446659787
1,0,"{12, 39}",176,148,-28,28,0.0024813672062009573,0.75340446659787
1,0,"{41, 12}",80,101,21,21,0.0031053770799189806,0.75340446659787
1,0,"{12, 47}",163,136,-27,27,0.0024869285989552736,0.75340446659787
1,0,"{49, 12}",91,110,19,19,0.0030575443524867296,0.75340446659787
1,0,"{50, 12}",195,200,5,5,0.0027378930244594812,0.75340446659787
1,0,"{12, 55}",98,106,8,8,0.0031171462032943964,0.75340446659787
1,0,"{57, 12}",206,199,-7,7,0.0031653116457164288,0.75340446659787
1,0,"{58, 12}",229,228,-1,1,0.004149941727519035,0.75340446659787
1,0,"{12, 62}",171,166,-5,5,0.0026588402688503265,0.75340446659787
1,0,"{20, 14}",211,212,1,1,0.0039389063604176044,0.75340446659787
1,0,"{21, 14}",187,204,17,17,0.004241714719682932,0.75340446659787
1,0,"{24, 14}",213,206,-7,7,0.004395409021526575,0.75340446659787
1,0,"{27, 14}",210,227,17,17,0.003254169365391135,0.75340446659787
1,0,"{28, 14}",190,179,-11,11,0.003980221226811409,0.75340446659787
1,0,"{29, 14}",204,186,-18,18,0.0032997557427734137,0.75340446659787
1,0,"{33, 14}",127,153,26,26,0.004364287946373224,0.75340446659787
1,0,"{34, 14}",169,149,-20,20,0.003972349688410759,0.75340446659787
1,0,"{38, 14}",203,160,-43,43,0.0032446489203721285,0.75340446659787
1,0,"{14, 39}",205,158,-47,47,0.0032904241234064102,0.75340446659787
1,0,"{41, 14}",189,194,5,5,0.003886148566380143,0.75340446659787
1,0,"{14, 47}",212,195,-17,17,0.0032856629695743322,0.75340446659787
1,0,"{49, 14}",165,119,-46,46,0.0038407945539802313,0.75340446659787
1,0,"{50, 14}",224,224,0,0,0.0036094074603170156,0.75340446659787
1,0,"{14, 55}",200,190,-10,10,0.004129643086344004,0.75340446659787
1,0,"{57, 14}",217,207,-10,10,0.004064769949764013,0.75340446659787
1,0,"{58, 14}",230,229,-1,1,0.005153590813279152,0.75340446659787
1,0,"{62, 14}",219,221,2,2,0.0034334571100771427,0.75340446659787
1,0,"{20, 21}",183,161,-22,22,0.002561635337769985,0.75340446659787
1,0,"{24, 20}",32,78,46,46,0.002742920070886612,0.75340446659787
1,0,"{27, 20}",66,33,-33,33,0.0015677964547649026,0.75340446659787
1,0,"{20, 28}",191,188,-3,3,0.002429799409583211,0.75340446659787
1,0,"{20, 29}",31,57,26,26,0.0015989415114745498,0.75340446659787
1,0,"{33, 20}",129,142,13,13,0.0025333957746624947,0.75340446659787
1,0,"{34, 20}",53,68,15,15,0.002200306626036763,0.75340446659787
1,0,"{20, 38}",35,27,-8,8,0.0015050318324938416,0.75340446659787
1,0,"{20, 39}",28,47,19,19,0.001559211639687419,0.75340446659787
1,0,"{41, 20}",181,191,10,10,0.0022343834862113,0.75340446659787
1,0,"{20, 47}",54,25,-29,29,0.001609328668564558,0.75340446659787
1,0,"{49, 20}",78,93,15,15,0.0022515456657856703,0.75340446659787
1,0,"{50, 20}",46,81,35,35,0.0019087936962023377,0.75340446659787
1,0,"{20, 55}",202,192,-10,10,0.0024435115046799183,0.75340446659787
1,0,"{57, 20}",8,96,88,88,0.002371808048337698,0.75340446659787
1,0,"{58, 20}",104,133,29,29,0.0033078433480113745,0.75340446659787
1,0,"{20, 62}",84,109,25,25,0.0017788560362532735,0.75340446659787
1,0,"{24, 21}",199,180,-19,19,0.0031975870952010155,0.75340446659787
1,0,"{27, 21}",126,46,-80,80,0.0020598764531314373,0.75340446659787
1,0,"{28, 21}",44,62,18,18,0.0029799274634569883,0.75340446659787
1,0,"{29, 21}",141,94,-47,47,0.002083916449919343,0.75340446659787
1,0,"{33, 21}",155,175,20,20,0.0029893380124121904,0.75340446659787
1,0,"{34, 21}",173,156,-17,17,0.0027012708596885204,0.75340446659787
1,0,"{21, 38}",131,59,-72,72,0.0020014287438243628,0.75340446659787
1,0,"{21, 39}",142,72,-70,70,0.0020431578159332275,0.75340446659787
1,0,"{41, 21}",50,30,-20,20,0.0026961518451571465,0.75340446659787
1,0,"{21, 47}",134,64,-70,70,0.0021101452875882387,0.75340446659787
1,0,"{49, 21}",166,125,-41,41,0.002724619349464774,0.75340446659787
1,0,"{50, 21}",143,105,-38,38,0.0022928500548005104,0.75340446659787
1,0,"{21, 55}",61,80,19,19,0.0029613960068672895,0.75340446659787
1,0,"{57, 21}",198,181,-17,17,0.0028029587119817734,0.75340446659787
1,0,"{58, 21}",220,213,-7,7,0.0037759786937385798,0.75340446659787
1,0,"{21, 62}",138,211,73,73,0.0022792506497353315,0.75340446659787
1,0,"{24, 27}",152,185,33,33,0.0021598152816295624,0.75340446659787
1,0,"{24, 28}",218,208,-10,10,0.0030242232605814934,0.75340446659787
1,0,"{24, 29}",68,77,9,9,0.002202759264037013,0.75340446659787
1,0,"{24, 33}",175,172,-3,3,0.003107596654444933,0.75340446659787
1,0,"{24, 34}",111,99,-12,12,0.002795143984258175,0.75340446659787
1,0,"{24, 38}",76,38,-38,38,0.0021165995858609676,0.75340446659787
1,0,"{24, 39}",65,112,47,47,0.0021647789981216192,0.75340446659787
1,0,"{24, 41}",209,201,-8,8,0.002815866144374013,0.75340446659787
1,0,"{24, 47}",136,60,-76,76,0.002223546616733074,0.75340446659787
1,0,"{24, 49}",149,121,-28,28,0.00277657900005579,0.75340446659787
1,0,"{24, 50}",96,97,1,1,0.002503415336832404,0.75340446659787
1,0,"{24, 55}",222,218,-4,4,0.0030236165039241314,0.75340446659787
1,0,"{24, 57}",22,76,54,54,0.002897815313190222,0.75340446659787
1,0,"{24, 58}",62,178,116,116,0.0038850929122418165,0.75340446659787
1,0,"{24, 62}",170,154,-16,16,0.002406695857644081,0.75340446659787
1,0,"{27, 28}",94,18,-76,76,0.0018712508026510477,0.75340446659787
1,0,"{27, 29}",27,16,-11,11,0.0010505260434001684,0.75340446659787
1,0,"{33, 27}",86,69,-17,17,0.0019260648405179381,0.75340446659787
1,0,"{34, 27}",55,39,-16,16,0.0016655782237648964,0.75340446659787
1,0,"{27, 38}",20,0,-20,20,0.0008891253964975476,0.75340446659787
1,0,"{27, 39}",26,8,-18,18,0.0009003218729048967,0.75340446659787
1,0,"{41, 27}",69,15,-54,54,0.001629590056836605,0.75340446659787
1,0,"{27, 47}",3,9,6,6,0.000989290769211948,0.75340446659787
1,0,"{49, 27}",57,61,4,4,0.001721063512377441,0.75340446659787
1,0,"{50, 27}",39,50,11,11,0.0013365934137254953,0.75340446659787
1,0,"{27, 55}",109,75,-34,34,0.0019714359659701586,0.75340446659787
1,0,"{57, 27}",95,21,-74,74,0.0018675096798688173,0.75340446659787
1,0,"{58, 27}",186,202,16,16,0.0026746955700218678,0.75340446659787
1,0,"{27, 62}",10,56,46,46,0.0011903600534424186,0.75340446659787
1,0,"{28, 29}",147,84,-63,63,0.0019366119522601366,0.75340446659787
1,0,"{33, 28}",148,150,2,2,0.002837710315361619,0.75340446659787
1,0,"{34, 28}",167,151,-16,16,0.0025118649937212467,0.75340446659787
1,0,"{28, 38}",135,66,-69,69,0.0018335905624553561,0.75340446659787
1,0,"{28, 39}",151,79,-72,72,0.0018632226856425405,0.75340446659787
1,0,"{41, 28}",7,40,33,33,0.0025286234449595213,0.75340446659787
1,0,"{28, 47}",116,53,-63,63,0.0018663351656869054,0.75340446659787
1,0,"{49, 28}",160,145,-15,15,0.002535851439461112,0.75340446659787
1,0,"{50, 28}",162,126,-36,36,0.0022023695055395365,0.75340446659787
1,0,"{28, 55}",6,120,114,114,0.002786314347758889,0.75340446659787
1,0,"{57, 28}",207,197,-10,10,0.002674662508070469,0.75340446659787
1,0,"{58, 28}",227,225,-2,2,0.003558898577466607,0.75340446659787
1,0,"{28, 62}",107,210,103,103,0.002082864288240671,0.75340446659787
1,0,"{33, 29}",106,100,-6,6,0.0019445127109065652,0.75340446659787
1,0,"{34, 29}",51,74,23,23,0.0017008179565891623,0.75340446659787
1,0,"{29, 38}",2,3,1,1,0.0009475225233472884,0.75340446659787
1,0,"{29, 39}",1,5,4,4,0.0010063002118840814,0.75340446659787
1,0,"{41, 29}",120,222,102,102,0.001668204553425312,0.75340446659787
1,0,"{29, 47}",19,49,30,30,0.0010807071812450886,0.75340446659787
1,0,"{49, 29}",64,71,7,7,0.0017374439630657434,0.75340446659787
1,0,"{50, 29}",25,45,20,20,0.0013708800543099642,0.75340446659787
1,0,"{29, 55}",161,138,-23,23,0.0019509814446792006,0.75340446659787
1,0,"{57, 29}",43,43,0,0,0.00187693873886019,0.75340446659787
1,0,"{58, 29}",137,132,-5,5,0.0027470008935779333,0.75340446659787
1,0,"{29, 62}",38,223,185,185,0.0012768532615154982,0.75340446659787
1,0,"{33, 34}",29,174,145,145,0.0026587704196572304,0.75340446659787
1,0,"{33, 38}",93,85,-8,8,0.0018725473200902343,0.75340446659787
1,0,"{33, 39}",100,91,-9,9,0.0019070416456088424,0.75340446659787
1,0,"{33, 41}",118,140,22,22,0.0025759374257177114,0.75340446659787
1,0,"{33, 47}",88,83,-5,5,0.0019893681164830923,0.75340446659787
1,0,"{33, 49}",16,111,95,95,0.002691789995878935,0.75340446659787
1,0,"{33, 50}",159,155,-4,4,0.0023133764043450356,0.75340446659787
1,0,"{33, 55}",158,193,35,35,0.0029069059528410435,0.75340446659787
1,0,"{33, 57}",154,159,5,5,0.0028400314040482044,0.75340446659787
1,0,"{33, 58}",223,217,-6,6,0.003762229112908244,0.75340446659787
1,0,"{33, 62}",102,139,37,37,0.0021897912956774235,0.75340446659787
1,0,"{34, 38}",48,28,-20,20,0.0015933685936033726,0.75340446659787
1,0,"{34, 39}",47,20,-27,27,0.0016127050621435046,0.75340446659787
1,0,"{41, 34}",144,102,-42,42,0.00226153084076941,0.75340446659787
1,0,"{34, 47}",52,37,-15,15,0.0016899900510907173,0.75340446659787
1,0,"{49, 34}",9,44,35,35,0.0023498975206166506,0.75340446659787
1,0,"{34, 50}",105,86,-19,19,0.0020078083034604788,0.75340446659787
1,0,"{34, 55}",179,171,-8,8,0.0025327210314571857,0.75340446659787
1,0,"{57, 34}",70,67,-3,3,0.0023895101621747017,0.75340446659787
1,0,"{34, 58}",201,196,-5,5,0.0033727865666151047,0.75340446659787
1,0,"{34, 62}",72,103,31,31,0.0018840546254068613,0.75340446659787
1,0,"{38, 39}",0,11,11,11,0.0008497750968672335,0.75340446659787
1,0,"{41, 38}",108,12,-96,96,0.0015593643765896559,0.75340446659787
1,0,"{38, 47}",15,22,7,7,0.0009289902518503368,0.75340446659787
1,0,"{49, 38}",58,187,129,129,0.0016669160686433315,0.75340446659787
1,0,"{50, 38}",24,1,-23,23,0.0012673323508352041,0.75340446659787
1,0,"{38, 55}",156,95,-61,61,0.0019071418792009354,0.75340446659787
1,0,"{57, 38}",45,17,-28,28,0.0018169321119785309,0.75340446659787
1,0,"{58, 38}",150,130,-20,20,0.0026829910930246115,0.75340446659787
1,0,"{62, 38}",34,88,54,54,0.001153952325694263,0.75340446659787
1,0,"{41, 39}",124,52,-72,72,0.001577364862896502,0.75340446659787
1,0,"{47, 39}",18,14,-4,4,0.0008868148433975875,0.75340446659787
1,0,"{49, 39}",60,63,3,3,0.0017458576476201415,0.75340446659787
1,0,"{50, 39}",23,6,-17,17,0.0013181936228647828,0.75340446659787
1,0,"{55, 39}",164,113,-51,51,0.00196556793525815,0.75340446659787
1,0,"{57, 39}",42,31,-11,11,0.0018421707209199667,0.75340446659787
1,0,"{58, 39}",139,123,-16,16,0.002633337862789631,0.75340446659787
1,0,"{62, 39}",37,23,-14,14,0.001192212919704616,0.75340446659787
1,0,"{41, 47}",85,19,-66,66,0.0016348965000361204,0.75340446659787
1,0,"{41, 49}",133,168,35,35,0.002372751710936427,0.75340446659787
1,0,"{41, 50}",146,118,-28,28,0.001996563281863928,0.75340446659787
1,0,"{41, 55}",12,89,77,77,0.002593311946839094,0.75340446659787
1,0,"{41, 57}",196,164,-32,32,0.0024701959919184446,0.75340446659787
1,0,"{41, 58}",226,216,-10,10,0.0033361336681991816,0.75340446659787
1,0,"{41, 62}",79,108,29,29,0.0018509132787585258,0.75340446659787
1,0,"{49, 47}",56,51,-5,5,0.0017882233951240778,0.75340446659787
1,0,"{50, 47}",33,4,-29,29,0.0013651491608470678,0.75340446659787
1,0,"{55, 47}",132,107,-25,25,0.002000589855015278,0.75340446659787
1,0,"{57, 47}",82,10,-72,72,0.0018819412216544151,0.75340446659787
1,0,"{58, 47}",180,165,-15,15,0.002736705122515559,0.75340446659787
1,0,"{62, 47}",11,26,15,15,0.0012750012101605535,0.75340446659787
1,0,"{49, 50}",121,92,-29,29,0.002042233245447278,0.75340446659787
1,0,"{49, 55}",168,141,-27,27,0.0025488233659416437,0.75340446659787
1,0,"{49, 57}",103,55,-48,48,0.002467942191287875,0.75340446659787
1,0,"{49, 58}",215,220,5,5,0.003392544575035572,0.75340446659787
1,0,"{49, 62}",67,73,6,6,0.001932838000357151,0.75340446659787
1,0,"{50, 55}",177,146,-31,31,0.002274356782436371,0.75340446659787
1,0,"{57, 50}",63,70,7,7,0.0021653962321579456,0.75340446659787
1,0,"{50, 58}",122,115,-7,7,0.003037193790078163,0.75340446659787
1,0,"{50, 62}",41,230,189,189,0.0015703613171353936,0.75340446659787
1,0,"{57, 55}",216,205,-11,11,0.002632013987749815,0.75340446659787
1,0,"{58, 55}",228,226,-2,2,0.003627679543569684,0.75340446659787
1,0,"{62, 55}",119,128,9,9,0.0021496452391147614,0.75340446659787
1,0,"{57, 58}",90,129,39,39,0.003538731252774596,0.75340446659787
1,0,"{57, 62}",117,127,10,10,0.002061808481812477,0.75340446659787
1,0,"{58, 62}",193,198,5,5,0.002927604829892516,0.75340446659787
1,1,"{1, 2}",119,112,-7,7,0.001971630845218897,0.8611241589540416
1,1,"{1, 3}",33,50,17,17,0.001123306923545897,0.8611241589540416
1,1,"{16, 1}",85,73,-12,12,0.0014047524891793728,0.8611241589540416
1,1,"{1, 30}",136,136,0,0,0.0025041657499969006,0.8611241589540416
1,1,"{1, 31}",73,57,-16,16,0.0014134278753772378,0.8611241589540416
1,1,"{32, 1}",99,54,-45,45,0.0015927089843899012,0.8611241589540416
1,1,"{1, 35}",106,92,-14,14,0.00160225632134825,0.8611241589540416
1,1,"{1, 36}",88,67,-21,21,0.001519428682513535,0.8611241589540416
1,1,"{40, 1}",92,62,-30,30,0.001823193859308958,0.8611241589540416
1,1,"{1, 42}",74,63,-11,11,0.0012384317815303802,0.8611241589540416
1,1,"{1, 43}",64,45,-19,19,0.0011808461276814342,0.8611241589540416
1,1,"{1, 45}",117,185,68,68,0.002959875389933586,0.8611241589540416
1,1,"{1, 46}",68,66,-2,2,0.0012439214624464512,0.8611241589540416
1,1,"{48, 1}",155,151,-4,4,0.0030135030392557383,0.8611241589540416
1,1,"{1, 51}",51,84,33,33,0.001506298896856606,0.8611241589540416
1,1,"{1, 52}",181,175,-6,6,0.0029812713619321585,0.8611241589540416
1,1,"{1, 53}",103,97,-6,6,0.0019003330962732434,0.8611241589540416
1,1,"{1, 54}",10,56,46,46,0.001299691037274897,0.8611241589540416
1,1,"{1, 61}",201,206,5,5,0.0045524584129452705,0.8611241589540416
1,1,"{1, 63}",122,114,-8,8,0.002209868049249053,0.8611241589540416
1,1,"{2, 3}",107,165,58,58,0.001626228098757565,0.8611241589540416
1,1,"{16, 2}",77,106,29,29,0.001916408073157072,0.8611241589540416
1,1,"{2, 30}",180,183,3,3,0.0030997712165117264,0.8611241589540416
1,1,"{2, 31}",95,87,-8,8,0.0018782123224809766,0.8611241589540416
1,1,"{32, 2}",79,101,22,22,0.0021961054299026728,0.8611241589540416
1,1,"{2, 35}",61,96,35,35,0.002137690084055066,0.8611241589540416
1,1,"{2, 36}",78,75,-3,3,0.0020190533250570297,0.8611241589540416
1,1,"{40, 2}",105,72,-33,33,0.0022749165073037148,0.8611241589540416
1,1,"{2, 42}",91,94,3,3,0.0017415941692888737,0.8611241589540416
1,1,"{2, 43}",101,55,-46,46,0.0016581923700869083,0.8611241589540416
1,1,"{2, 45}",193,191,-2,2,0.0034461673349142075,0.8611241589540416
1,1,"{2, 46}",97,61,-36,36,0.0017332598799839616,0.8611241589540416
1,1,"{48, 2}",192,209,17,17,0.0036287002731114626,0.8611241589540416
1,1,"{2, 51}",108,98,-10,10,0.0020493443589657545,0.8611241589540416
1,1,"{2, 52}",185,184,-1,1,0.0035416441969573498,0.8611241589540416
1,1,"{2, 53}",104,89,-15,15,0.002333630109205842,0.8611241589540416
1,1,"{2, 54}",109,152,43,43,0.0017973474459722638,0.8611241589540416
1,1,"{2, 61}",208,207,-1,1,0.005252599250525236,0.8611241589540416
1,1,"{2, 63}",152,160,8,8,0.002722272416576743,0.8611241589540416
1,1,"{16, 3}",60,64,4,4,0.0009878674754872918,0.8611241589540416
1,1,"{3, 30}",125,146,21,21,0.0022902963683009148,0.8611241589540416
1,1,"{3, 31}",42,0,-42,42,0.0010123108513653278,0.8611241589540416
1,1,"{32, 3}",76,46,-30,30,0.0012726433342322707,0.8611241589540416
1,1,"{35, 3}",86,24,-62,62,0.0013045071391388774,0.8611241589540416
1,1,"{3, 36}",65,7,-58,58,0.0011441868264228106,0.8611241589540416
1,1,"{40, 3}",82,8,-74,74,0.0014653296675533056,0.8611241589540416
1,1,"{42, 3}",26,9,-17,17,0.0007646007579751313,0.8611241589540416
1,1,"{43, 3}",14,28,14,14,0.0007140651578083634,0.8611241589540416
1,1,"{3, 45}",128,120,-8,8,0.002591981552541256,0.8611241589540416
1,1,"{3, 46}",21,21,0,0,0.0007970177684910595,0.8611241589540416
1,1,"{48, 3}",146,133,-13,13,0.002757687121629715,0.8611241589540416
1,1,"{51, 3}",40,47,7,7,0.0011392515152692795,0.8611241589540416
1,1,"{3, 52}",154,142,-12,12,0.002740289317443967,0.8611241589540416
1,1,"{3, 53}",93,58,-35,35,0.0015617855824530125,0.8611241589540416
1,1,"{3, 54}",7,32,25,25,0.000869774492457509,0.8611241589540416
1,1,"{3, 61}",195,193,-2,2,0.004436778370290995,0.8611241589540416
1,1,"{3, 63}",111,34,-77,77,0.0018812150228768587,0.8611241589540416
1,1,"{16, 30}",145,124,-21,21,0.002577060367912054,0.8611241589540416
1,1,"{16, 31}",4,90,86,86,0.0013069340493530035,0.8611241589540416
1,1,"{16, 32}",9,81,72,72,0.0014537581009790301,0.8611241589540416
1,1,"{16, 35}",35,69,34,34,0.0015748910373076797,0.8611241589540416
1,1,"{16, 36}",0,80,80,80,0.0014453872572630644,0.8611241589540416
1,1,"{16, 40}",39,93,54,54,0.0017486934084445238,0.8611241589540416
1,1,"{16, 42}",38,65,27,27,0.0011295160511508584,0.8611241589540416
1,1,"{16, 43}",15,111,96,96,0.0010696777608245611,0.8611241589540416
1,1,"{16, 45}",159,159,0,0,0.002714284462854266,0.8611241589540416
1,1,"{16, 46}",8,44,36,36,0.0011524565052241087,0.8611241589540416
1,1,"{16, 48}",179,166,-13,13,0.0030242358334362507,0.8611241589540416
1,1,"{16, 51}",41,70,29,29,0.0014123315922915936,0.8611241589540416
1,1,"{16, 52}",171,195,24,24,0.002936661010608077,0.8611241589540416
1,1,"{16, 53}",57,77,20,20,0.0018420197302475572,0.8611241589540416
1,1,"{16, 54}",67,91,24,24,0.001104490365833044,0.8611241589540416
1,1,"{16, 61}",203,199,-4,4,0.004405416548252106,0.8611241589540416
1,1,"{16, 63}",127,129,2,2,0.002162313088774681,0.8611241589540416
1,1,"{30, 31}",142,123,-19,19,0.0024953316897153854,0.8611241589540416
1,1,"{32, 30}",162,147,-15,15,0.0029340574983507395,0.8611241589540416
1,1,"{35, 30}",149,140,-9,9,0.0026186187751591206,0.8611241589540416
1,1,"{36, 30}",153,144,-9,9,0.00259129935875535,0.8611241589540416
1,1,"{40, 30}",167,153,-14,14,0.0030346987769007683,0.8611241589540416
1,1,"{42, 30}",132,116,-16,16,0.0023923960980027914,0.8611241589540416
1,1,"{43, 30}",130,143,13,13,0.002337452257052064,0.8611241589540416
1,1,"{45, 30}",113,150,37,37,0.004105214960873127,0.8611241589540416
1,1,"{46, 30}",137,127,-10,10,0.0024218885228037834,0.8611241589540416
1,1,"{48, 30}",34,100,66,66,0.004244472831487656,0.8611241589540416
1,1,"{51, 30}",138,134,-4,4,0.0026520099490880966,0.8611241589540416
1,1,"{52, 30}",89,105,16,16,0.0041807834059000015,0.8611241589540416
1,1,"{53, 30}",176,171,-5,5,0.002982613630592823,0.8611241589540416
1,1,"{54, 30}",129,117,-12,12,0.0024572534020990133,0.8611241589540416
1,1,"{61, 30}",133,131,-2,2,0.005863299127668142,0.8611241589540416
1,1,"{30, 63}",32,122,90,90,0.0033569608349353075,0.8611241589540416
1,1,"{32, 31}",12,22,10,10,0.0015733956824988127,0.8611241589540416
1,1,"{35, 31}",58,59,1,1,0.0015897414414212108,0.8611241589540416
1,1,"{36, 31}",5,27,22,22,0.0014430341543629766,0.8611241589540416
1,1,"{40, 31}",27,82,55,55,0.001668287324719131,0.8611241589540416
1,1,"{42, 31}",43,42,-1,1,0.0011408537393435836,0.8611241589540416
1,1,"{43, 31}",11,52,41,41,0.001042485935613513,0.8611241589540416
1,1,"{45, 31}",148,138,-10,10,0.002896438119933009,0.8611241589540416
1,1,"{46, 31}",1,17,16,16,0.001155487960204482,0.8611241589540416
1,1,"{48, 31}",172,167,-5,5,0.0030238672625273466,0.8611241589540416
1,1,"{51, 31}",16,74,58,58,0.001441550673916936,0.8611241589540416
1,1,"{52, 31}",175,170,-5,5,0.002965384628623724,0.8611241589540416
1,1,"{53, 31}",47,78,31,31,0.0018018028931692243,0.8611241589540416
1,1,"{54, 31}",49,76,27,27,0.0011968491598963737,0.8611241589540416
1,1,"{61, 31}",202,202,0,0,0.00454974640160799,0.8611241589540416
1,1,"{63, 31}",126,107,-19,19,0.0021520706359297037,0.8611241589540416
1,1,"{32, 35}",54,40,-14,14,0.0017678691074252129,0.8611241589540416
1,1,"{32, 36}",2,41,39,39,0.0017208880744874477,0.8611241589540416
1,1,"{32, 40}",17,31,14,14,0.0020126313902437687,0.8611241589540416
1,1,"{32, 42}",69,35,-34,34,0.0014176475815474987,0.8611241589540416
1,1,"{32, 43}",44,20,-24,24,0.0013339499710127711,0.8611241589540416
1,1,"{32, 45}",169,161,-8,8,0.0031044501811265945,0.8611241589540416
1,1,"{32, 46}",24,38,14,14,0.0014045903226360679,0.8611241589540416
1,1,"{32, 48}",187,179,-8,8,0.003276789328083396,0.8611241589540416
1,1,"{32, 51}",50,36,-14,14,0.0016849040985107422,0.8611241589540416
1,1,"{32, 52}",186,174,-12,12,0.0032021664083003998,0.8611241589540416
1,1,"{32, 53}",19,109,90,90,0.002060316037386656,0.8611241589540416
1,1,"{32, 54}",80,19,-61,61,0.0014397259801626205,0.8611241589540416
1,1,"{32, 61}",206,198,-8,8,0.004856187850236893,0.8611241589540416
1,1,"{32, 63}",141,125,-16,16,0.002410536166280508,0.8611241589540416
1,1,"{35, 36}",36,37,1,1,0.001670151948928833,0.8611241589540416
1,1,"{40, 35}",84,53,-31,31,0.001980818575248122,0.8611241589540416
1,1,"{42, 35}",56,3,-53,53,0.0013925586827099323,0.8611241589540416
1,1,"{43, 35}",66,18,-48,48,0.0013260600389912724,0.8611241589540416
1,1,"{35, 45}",177,172,-5,5,0.0031474949792027473,0.8611241589540416
1,1,"{35, 46}",52,25,-27,27,0.0014007620047777891,0.8611241589540416
1,1,"{48, 35}",183,181,-2,2,0.0032240417785942554,0.8611241589540416
1,1,"{51, 35}",87,102,15,15,0.0017137351678684354,0.8611241589540416
1,1,"{35, 52}",174,178,4,4,0.003152251709252596,0.8611241589540416
1,1,"{35, 53}",96,85,-11,11,0.0020571553613990545,0.8611241589540416
1,1,"{35, 54}",98,71,-27,27,0.001453746808692813,0.8611241589540416
1,1,"{35, 61}",204,204,0,0,0.0049672513268888,0.8611241589540416
1,1,"{35, 63}",134,137,3,3,0.0023878924548625946,0.8611241589540416
1,1,"{40, 36}",28,30,2,2,0.0018479264108464122,0.8611241589540416
1,1,"{42, 36}",55,16,-39,39,0.0012762041296809912,0.8611241589540416
1,1,"{43, 36}",25,26,1,1,0.0011859799269586802,0.8611241589540416
1,1,"{36, 45}",164,186,22,22,0.00309912976808846,0.8611241589540416
1,1,"{36, 46}",13,49,36,36,0.001261418336071074,0.8611241589540416
1,1,"{48, 36}",184,192,8,8,0.003158588893711567,0.8611241589540416
1,1,"{51, 36}",45,33,-12,12,0.0015840657288208604,0.8611241589540416
1,1,"{36, 52}",182,169,-13,13,0.003090089885517955,0.8611241589540416
1,1,"{36, 53}",46,103,57,57,0.0019436574075371027,0.8611241589540416
1,1,"{36, 54}",72,5,-67,67,0.0013406636426225305,0.8611241589540416
1,1,"{36, 61}",205,201,-4,4,0.004738331772387028,0.8611241589540416
1,1,"{36, 63}",135,115,-20,20,0.002263844246044755,0.8611241589540416
1,1,"{40, 42}",90,13,-77,77,0.0015564276836812496,0.8611241589540416
1,1,"{40, 43}",62,39,-23,23,0.0014933006605133414,0.8611241589540416
1,1,"{40, 45}",161,168,7,7,0.003362353891134262,0.8611241589540416
1,1,"{40, 46}",53,15,-38,38,0.001584486337378621,0.8611241589540416
1,1,"{40, 48}",188,180,-8,8,0.0034945053048431873,0.8611241589540416
1,1,"{40, 51}",29,79,50,50,0.0018694070167839527,0.8611241589540416
1,1,"{40, 52}",189,189,0,0,0.003327460028231144,0.8611241589540416
1,1,"{40, 53}",6,68,62,62,0.002220685128122568,0.8611241589540416
1,1,"{40, 54}",81,11,-70,70,0.0016330271027982235,0.8611241589540416
1,1,"{40, 61}",207,205,-2,2,0.004986522253602743,0.8611241589540416
1,1,"{40, 63}",144,132,-12,12,0.0026017886120826006,0.8611241589540416
1,1,"{42, 43}",22,1,-21,21,0.0008529193582944572,0.8611241589540416
1,1,"{42, 45}",147,128,-19,19,0.0027176064904779196,0.8611241589540416
1,1,"{42, 46}",18,14,-4,4,0.0009509227238595486,0.8611241589540416
1,1,"{48, 42}",160,158,-2,2,0.0028919840697199106,0.8611241589540416
1,1,"{42, 51}",71,23,-48,48,0.001249933848157525,0.8611241589540416
1,1,"{42, 52}",158,145,-13,13,0.002807233715429902,0.8611241589540416
1,1,"{42, 53}",100,6,-94,94,0.001657285843975842,0.8611241589540416
1,1,"{42, 54}",48,10,-38,38,0.0010025869123637676,0.8611241589540416
1,1,"{42, 61}",198,197,-1,1,0.00452794274315238,0.8611241589540416
1,1,"{42, 63}",116,86,-30,30,0.002012185752391815,0.8611241589540416
1,1,"{43, 45}",140,119,-21,21,0.002663559280335903,0.8611241589540416
1,1,"{43, 46}",3,51,48,48,0.0008090797928161919,0.8611241589540416
1,1,"{48, 43}",156,149,-7,7,0.0027747100684791803,0.8611241589540416
1,1,"{51, 43}",23,43,20,20,0.0012080685701221228,0.8611241589540416
1,1,"{43, 52}",157,148,-9,9,0.002740815281867981,0.8611241589540416
1,1,"{43, 53}",70,48,-22,22,0.0016056632157415152,0.8611241589540416
1,1,"{43, 54}",30,4,-26,26,0.0009393051732331514,0.8611241589540416
1,1,"{43, 61}",196,194,-2,2,0.004406918305903673,0.8611241589540416
1,1,"{43, 63}",114,83,-31,31,0.0019226777367293835,0.8611241589540416
1,1,"{45, 46}",143,126,-17,17,0.002755924826487899,0.8611241589540416
1,1,"{48, 45}",112,176,64,64,0.004613339435309172,0.8611241589540416
1,1,"{51, 45}",131,135,4,4,0.0029821451753377914,0.8611241589540416
1,1,"{52, 45}",170,177,7,7,0.0044362894259393215,0.8611241589540416
1,1,"{53, 45}",173,182,9,9,0.0033829549793154,0.8611241589540416
1,1,"{45, 54}",123,108,-15,15,0.0026886819396167994,0.8611241589540416
1,1,"{61, 45}",194,188,-6,6,0.0061897654086351395,0.8611241589540416
1,1,"{45, 63}",118,141,23,23,0.003679887158796191,0.8611241589540416
1,1,"{48, 46}",163,156,-7,7,0.002861287444829941,0.8611241589540416
1,1,"{51, 46}",20,2,-18,18,0.0012908981880173087,0.8611241589540416
1,1,"{52, 46}",165,154,-11,11,0.0028159557841718197,0.8611241589540416
1,1,"{53, 46}",63,12,-51,51,0.0017141684656962752,0.8611241589540416
1,1,"{54, 46}",37,29,-8,8,0.0010166782885789871,0.8611241589540416
1,1,"{61, 46}",199,200,1,1,0.0044401357881724834,0.8611241589540416
1,1,"{46, 63}",121,99,-22,22,0.0020058886148035526,0.8611241589540416
1,1,"{48, 51}",166,163,-3,3,0.002983961720019579,0.8611241589540416
1,1,"{48, 52}",102,95,-7,7,0.004388813395053148,0.8611241589540416
1,1,"{48, 53}",191,187,-4,4,0.003535396419465542,0.8611241589540416
1,1,"{48, 54}",151,164,13,13,0.002928138477727771,0.8611241589540416
1,1,"{48, 61}",120,118,-2,2,0.0064444164745509624,0.8611241589540416
1,1,"{48, 63}",75,110,35,35,0.0037444131448864937,0.8611241589540416
1,1,"{51, 52}",178,173,-5,5,0.0030067022889852524,0.8611241589540416
1,1,"{51, 53}",59,104,45,45,0.0019476688466966152,0.8611241589540416
1,1,"{51, 54}",31,121,90,90,0.0013092589797452092,0.8611241589540416
1,1,"{51, 61}",200,203,3,3,0.004607915412634611,0.8611241589540416
1,1,"{51, 63}",124,139,15,15,0.002272042678669095,0.8611241589540416
1,1,"{52, 53}",190,190,0,0,0.0034645760897547007,0.8611241589540416
1,1,"{52, 54}",168,162,-6,6,0.002866067225113511,0.8611241589540416
1,1,"{52, 61}",110,130,20,20,0.0063472650945186615,0.8611241589540416
1,1,"{52, 63}",83,113,30,30,0.0035639076959341764,0.8611241589540416
1,1,"{53, 54}",94,60,-34,34,0.001732983160763979,0.8611241589540416
1,1,"{61, 53}",209,208,-1,1,0.005222116596996784,0.8611241589540416
1,1,"{53, 63}",150,157,7,7,0.0026186099275946617,0.8611241589540416
1,1,"{61, 54}",197,196,-1,1,0.00447568716481328,0.8611241589540416
1,1,"{54, 63}",115,88,-27,27,0.0020559101831167936,0.8611241589540416
1,1,"{61, 63}",139,155,16,16,0.005494026001542807,0.8611241589540416
1,2,"{4, 5}",110,116,6,6,0.0021090470254421234,0.861615261764925
1,2,"{4, 6}",100,70,-30,30,0.002008090727031231,0.861615261764925
1,2,"{4, 7}",16,23,7,7,0.0007452201098203659,0.861615261764925
1,2,"{8, 4}",14,27,13,13,0.0007104696705937386,0.861615261764925
1,2,"{9, 4}",62,26,-36,36,0.0014121975982561707,0.861615261764925
1,2,"{11, 4}",96,49,-47,47,0.00197478081099689,0.861615261764925
1,2,"{4, 13}",20,24,4,4,0.00109009793959558,0.861615261764925
1,2,"{4, 15}",140,142,2,2,0.0028447885997593403,0.861615261764925
1,2,"{17, 4}",75,42,-33,33,0.0017047572182491422,0.861615261764925
1,2,"{18, 4}",182,183,1,1,0.005031212233006954,0.861615261764925
1,2,"{19, 4}",32,19,-13,13,0.0011787465773522854,0.861615261764925
1,2,"{4, 22}",206,147,-59,59,0.036299314349889755,0.861615261764925
1,2,"{4, 23}",76,29,-47,47,0.001707590650767088,0.861615261764925
1,2,"{25, 4}",22,17,-5,5,0.001078678877092898,0.861615261764925
1,2,"{26, 4}",173,167,-6,6,0.0043852967210114,0.861615261764925
1,2,"{4, 37}",153,145,-8,8,0.00305771897546947,0.861615261764925
1,2,"{4, 44}",134,134,0,0,0.0026122573763132095,0.861615261764925
1,2,"{56, 4}",106,106,0,0,0.0020731643307954073,0.861615261764925
1,2,"{59, 4}",19,15,-4,4,0.0008885535644367337,0.861615261764925
1,2,"{4, 60}",17,11,-6,6,0.0008015479543246329,0.861615261764925
1,2,"{5, 6}",5,102,97,97,0.0030890246853232384,0.861615261764925
1,2,"{5, 7}",109,107,-2,2,0.0019462675554677844,0.861615261764925
1,2,"{8, 5}",111,108,-3,3,0.001947580836713314,0.861615261764925
1,2,"{9, 5}",88,90,2,2,0.0025479996111243963,0.861615261764925
1,2,"{11, 5}",11,105,94,94,0.0031853073742240667,0.861615261764925
1,2,"{13, 5}",124,125,1,1,0.002280960325151682,0.861615261764925
1,2,"{5, 15}",42,82,40,40,0.003886094782501459,0.861615261764925
1,2,"{17, 5}",35,83,48,48,0.002856736769899726,0.861615261764925
1,2,"{18, 5}",151,195,44,44,0.0063808332197368145,0.861615261764925
1,2,"{19, 5}",133,131,-2,2,0.002408737549558282,0.861615261764925
1,2,"{5, 22}",195,169,-26,26,0.03778679296374321,0.861615261764925
1,2,"{5, 23}",55,94,39,39,0.002804491436108947,0.861615261764925
1,2,"{25, 5}",128,126,-2,2,0.0022481493651866913,0.861615261764925
1,2,"{26, 5}",139,163,24,24,0.005559951066970825,0.861615261764925
1,2,"{37, 5}",57,104,47,47,0.004161817021667957,0.861615261764925
1,2,"{44, 5}",29,92,63,63,0.0037395614199340343,0.861615261764925
1,2,"{56, 5}",3,93,90,90,0.0032442633528262377,0.861615261764925
1,2,"{59, 5}",129,124,-5,5,0.002037462778389454,0.861615261764925
1,2,"{60, 5}",108,114,6,6,0.0019358418649062514,0.861615261764925
1,2,"{6, 7}",95,55,-40,40,0.0018607421079650521,0.861615261764925
1,2,"{8, 6}",99,65,-34,34,0.0018834196962416172,0.861615261764925
1,2,"{9, 6}",83,61,-22,22,0.0025075499434024096,0.861615261764925
1,2,"{11, 6}",10,57,47,47,0.003061312949284911,0.861615261764925
1,2,"{13, 6}",118,75,-43,43,0.0022260218393057585,0.861615261764925
1,2,"{6, 15}",48,79,31,31,0.00379932695068419,0.861615261764925
1,2,"{17, 6}",27,91,64,64,0.0027670084964483976,0.861615261764925
1,2,"{18, 6}",161,191,30,30,0.005995211657136679,0.861615261764925
1,2,"{19, 6}",125,122,-3,3,0.0023811778519302607,0.861615261764925
1,2,"{6, 22}",193,158,-35,35,0.03855130821466446,0.861615261764925
1,2,"{6, 23}",50,52,2,2,0.0027751487214118242,0.861615261764925
1,2,"{25, 6}",120,111,-9,9,0.002164623001590371,0.861615261764925
1,2,"{26, 6}",146,144,-2,2,0.005295742303133011,0.861615261764925
1,2,"{37, 6}",64,50,-14,14,0.0040742140263319016,0.861615261764925
1,2,"{44, 6}",36,46,10,10,0.0037218250799924135,0.861615261764925
1,2,"{56, 6}",2,86,84,84,0.00312109780497849,0.861615261764925
1,2,"{59, 6}",121,115,-6,6,0.0019834486301988363,0.861615261764925
1,2,"{60, 6}",94,54,-40,40,0.0018853493966162205,0.861615261764925
1,2,"{8, 7}",0,16,16,16,0.0005786088295280933,0.861615261764925
1,2,"{9, 7}",51,12,-39,39,0.0012487965868785977,0.861615261764925
1,2,"{11, 7}",93,47,-46,46,0.0017822975059971213,0.861615261764925
1,2,"{13, 7}",30,1,-29,29,0.0009528496884740889,0.861615261764925
1,2,"{15, 7}",143,141,-2,2,0.0026577620301395655,0.861615261764925
1,2,"{17, 7}",72,43,-29,29,0.0015552337281405926,0.861615261764925
1,2,"{18, 7}",183,170,-13,13,0.004805452656000853,0.861615261764925
1,2,"{19, 7}",40,2,-38,38,0.0010472963331267238,0.861615261764925
1,2,"{22, 7}",196,152,-44,44,0.032725922763347626,0.861615261764925
1,2,"{23, 7}",66,31,-35,35,0.0014879003865644336,0.861615261764925
1,2,"{25, 7}",25,3,-22,22,0.0009273813921026886,0.861615261764925
1,2,"{26, 7}",174,175,1,1,0.004211373161524534,0.861615261764925
1,2,"{37, 7}",158,165,7,7,0.002825955394655466,0.861615261764925
1,2,"{44, 7}",135,137,2,2,0.0024220221675932407,0.861615261764925
1,2,"{56, 7}",103,72,-31,31,0.0018974901176989079,0.861615261764925
1,2,"{59, 7}",15,36,21,21,0.000686873565427959,0.861615261764925
1,2,"{60, 7}",1,33,32,32,0.0005933229112997651,0.861615261764925
1,2,"{8, 9}",52,4,-48,48,0.0012453574454411864,0.861615261764925
1,2,"{8, 11}",98,66,-32,32,0.0018118064617738128,0.861615261764925
1,2,"{8, 13}",31,5,-26,26,0.0009416512912139297,0.861615261764925
1,2,"{8, 15}",144,140,-4,4,0.0026649257633835077,0.861615261764925
1,2,"{8, 17}",74,44,-30,30,0.0015611867420375347,0.861615261764925
1,2,"{8, 18}",185,180,-5,5,0.0050258757546544075,0.861615261764925
1,2,"{8, 19}",41,6,-35,35,0.0010107674170285463,0.861615261764925
1,2,"{8, 22}",198,146,-52,52,0.03292408213019371,0.861615261764925
1,2,"{8, 23}",68,7,-61,61,0.0015019787242636085,0.861615261764925
1,2,"{8, 25}",26,8,-18,18,0.0009155941661447287,0.861615261764925
1,2,"{8, 26}",175,177,2,2,0.004223237279802561,0.861615261764925
1,2,"{8, 37}",162,161,-1,1,0.0028747667092829943,0.861615261764925
1,2,"{8, 44}",138,135,-3,3,0.002451630076393485,0.861615261764925
1,2,"{8, 56}",107,76,-31,31,0.0018970867386087775,0.861615261764925
1,2,"{8, 59}",13,9,-4,4,0.0007229191833175719,0.861615261764925
1,2,"{8, 60}",4,35,31,31,0.0006300604436546564,0.861615261764925
1,2,"{9, 11}",90,69,-21,21,0.0024894853122532368,0.861615261764925
1,2,"{9, 13}",79,39,-40,40,0.0015781869878992438,0.861615261764925
1,2,"{9, 15}",137,139,2,2,0.003260935191065073,0.861615261764925
1,2,"{9, 17}",80,59,-21,21,0.0021767045836895704,0.861615261764925
1,2,"{9, 18}",179,185,6,6,0.005493332631886005,0.861615261764925
1,2,"{9, 19}",85,41,-44,44,0.0017164723249152303,0.861615261764925
1,2,"{9, 22}",190,151,-39,39,0.03409142047166824,0.861615261764925
1,2,"{9, 23}",45,28,-17,17,0.0021299791987985373,0.861615261764925
1,2,"{9, 25}",78,30,-48,48,0.0015822560526430607,0.861615261764925
1,2,"{9, 26}",172,202,30,30,0.004831194877624512,0.861615261764925
1,2,"{9, 37}",148,159,11,11,0.003437078557908535,0.861615261764925
1,2,"{9, 44}",131,133,2,2,0.0030901345890015364,0.861615261764925
1,2,"{56, 9}",87,64,-23,23,0.0025290304329246283,0.861615261764925
1,2,"{9, 59}",56,10,-46,46,0.0013962190132588148,0.861615261764925
1,2,"{9, 60}",54,0,-54,54,0.0012788587482646108,0.861615261764925
1,2,"{11, 13}",112,73,-39,39,0.0021613684948533773,0.861615261764925
1,2,"{11, 15}",47,78,31,31,0.00386776402592659,0.861615261764925
1,2,"{17, 11}",21,67,46,46,0.0027636538725346327,0.861615261764925
1,2,"{18, 11}",163,189,26,26,0.005957372486591339,0.861615261764925
1,2,"{19, 11}",119,118,-1,1,0.002311530290171504,0.861615261764925
1,2,"{11, 22}",199,149,-50,50,0.03810501471161842,0.861615261764925
1,2,"{11, 23}",58,51,-7,7,0.002747687976807356,0.861615261764925
1,2,"{25, 11}",116,119,3,3,0.002194961765781045,0.861615261764925
1,2,"{26, 11}",149,199,50,50,0.005506671965122223,0.861615261764925
1,2,"{11, 37}",63,53,-10,10,0.003991212695837021,0.861615261764925
1,2,"{11, 44}",44,85,41,41,0.0037350112106651068,0.861615261764925
1,2,"{56, 11}",9,88,79,79,0.003093346720561385,0.861615261764925
1,2,"{59, 11}",122,112,-10,10,0.001938245608471334,0.861615261764925
1,2,"{11, 60}",92,48,-44,44,0.0018410710617899895,0.861615261764925
1,2,"{13, 15}",154,168,14,14,0.002963738050311804,0.861615261764925
1,2,"{17, 13}",81,58,-23,23,0.0019091456197202206,0.861615261764925
1,2,"{18, 13}",186,179,-7,7,0.005148223601281643,0.861615261764925
1,2,"{19, 13}",6,13,7,7,0.0014305911026895046,0.861615261764925
1,2,"{13, 22}",204,155,-49,49,0.03828376904129982,0.861615261764925
1,2,"{13, 23}",101,71,-30,30,0.0018743207911029458,0.861615261764925
1,2,"{25, 13}",7,14,7,7,0.001281213597394526,0.861615261764925
1,2,"{26, 13}",177,200,23,23,0.004571312572807074,0.861615261764925
1,2,"{37, 13}",164,203,39,39,0.003209793008863926,0.861615261764925
1,2,"{44, 13}",145,160,15,15,0.0027949935756623745,0.861615261764925
1,2,"{56, 13}",123,128,5,5,0.002262735040858388,0.861615261764925
1,2,"{59, 13}",43,34,-9,9,0.0010755987605080009,0.861615261764925
1,2,"{60, 13}",28,32,4,4,0.000995372305624187,0.861615261764925
1,2,"{17, 15}",65,101,36,36,0.003512914525344968,0.861615261764925
1,2,"{18, 15}",117,123,6,6,0.00678141787648201,0.861615261764925
1,2,"{19, 15}",157,190,33,33,0.00316752796061337,0.861615261764925
1,2,"{22, 15}",205,174,-31,31,0.03619677200913429,0.861615261764925
1,2,"{23, 15}",86,89,3,3,0.0033861640840768814,0.861615261764925
1,2,"{25, 15}",156,186,30,30,0.0029763560742139816,0.861615261764925
1,2,"{26, 15}",105,121,16,16,0.006139808800071478,0.861615261764925
1,2,"{37, 15}",24,95,71,71,0.004854532424360514,0.861615261764925
1,2,"{44, 15}",12,103,91,91,0.004463168326765299,0.861615261764925
1,2,"{56, 15}",46,96,50,50,0.0038378217723220587,0.861615261764925
1,2,"{59, 15}",159,176,17,17,0.002780650043860078,0.861615261764925
1,2,"{60, 15}",142,143,1,1,0.002675034338608384,0.861615261764925
1,2,"{17, 18}",170,166,-4,4,0.005457028280943632,0.861615261764925
1,2,"{17, 19}",84,63,-21,21,0.002030191943049431,0.861615261764925
1,2,"{17, 22}",192,204,12,12,0.035286661237478256,0.861615261764925
1,2,"{17, 23}",59,87,28,28,0.002430917927995324,0.861615261764925
1,2,"{17, 25}",82,62,-20,20,0.001867963350377977,0.861615261764925
1,2,"{17, 26}",169,194,25,25,0.005100868176668882,0.861615261764925
1,2,"{17, 37}",89,113,24,24,0.0038119761738926172,0.861615261764925
1,2,"{17, 44}",60,97,37,37,0.00337080261670053,0.861615261764925
1,2,"{56, 17}",33,84,51,51,0.0027817930094897747,0.861615261764925
1,2,"{17, 59}",91,77,-14,14,0.0016799416625872254,0.861615261764925
1,2,"{17, 60}",70,45,-25,25,0.0015680824872106314,0.861615261764925
1,2,"{18, 19}",187,178,-9,9,0.005487876478582621,0.861615261764925
1,2,"{18, 22}",207,173,-34,34,0.03892207145690918,0.861615261764925
1,2,"{18, 23}",171,187,16,16,0.005753269884735346,0.861615261764925
1,2,"{25, 18}",188,188,0,0,0.004994175862520933,0.861615261764925
1,2,"{18, 26}",73,80,7,7,0.008373431861400604,0.861615261764925
1,2,"{18, 37}",97,109,12,12,0.007096377667039633,0.861615261764925
1,2,"{18, 44}",132,130,-2,2,0.006796868517994881,0.861615261764925
1,2,"{56, 18}",155,184,29,29,0.005908288061618805,0.861615261764925
1,2,"{18, 59}",189,182,-7,7,0.005043903365731239,0.861615261764925
1,2,"{18, 60}",184,181,-3,3,0.004792907740920782,0.861615261764925
1,2,"{19, 22}",203,150,-53,53,0.0394149050116539,0.861615261764925
1,2,"{19, 23}",114,74,-40,40,0.001990402350202203,0.861615261764925
1,2,"{25, 19}",8,18,10,10,0.0013979231007397175,0.861615261764925
1,2,"{26, 19}",180,206,26,26,0.004754222463816404,0.861615261764925
1,2,"{19, 37}",165,205,40,40,0.0033031306229531765,0.861615261764925
1,2,"{19, 44}",152,197,45,45,0.002943717408925295,0.861615261764925
1,2,"{56, 19}",130,132,2,2,0.002411567373201251,0.861615261764925
1,2,"{59, 19}",49,21,-28,28,0.0011847417335957289,0.861615261764925
1,2,"{19, 60}",37,22,-15,15,0.0010950162541121244,0.861615261764925
1,2,"{22, 23}",191,153,-38,38,0.03143046423792839,0.861615261764925
1,2,"{25, 22}",201,148,-53,53,0.034893862903118134,0.861615261764925
1,2,"{26, 22}",209,193,-16,16,0.04328182712197304,0.861615261764925
1,2,"{37, 22}",208,196,-12,12,0.03787985071539879,0.861615261764925
1,2,"{44, 22}",202,192,-10,10,0.03598043695092201,0.861615261764925
1,2,"{56, 22}",197,208,11,11,0.036934852600097656,0.861615261764925
1,2,"{59, 22}",200,154,-46,46,0.032090406864881516,0.861615261764925
1,2,"{60, 22}",194,156,-38,38,0.03599810227751732,0.861615261764925
1,2,"{25, 23}",104,110,6,6,0.0018254629103466868,0.861615261764925
1,2,"{26, 23}",168,207,39,39,0.0050558834336698055,0.861615261764925
1,2,"{37, 23}",113,120,7,7,0.003785698674619198,0.861615261764925
1,2,"{44, 23}",71,68,-3,3,0.003387110074982047,0.861615261764925
1,2,"{56, 23}",53,56,3,3,0.0027595560532063246,0.861615261764925
1,2,"{59, 23}",77,40,-37,37,0.0016229808097705245,0.861615261764925
1,2,"{60, 23}",69,37,-32,32,0.0015267317648977041,0.861615261764925
1,2,"{25, 26}",181,209,28,28,0.00448724627494812,0.861615261764925
1,2,"{25, 37}",166,201,35,35,0.00321589270606637,0.861615261764925
1,2,"{25, 44}",150,198,48,48,0.0028019880410283804,0.861615261764925
1,2,"{56, 25}",126,129,3,3,0.0022135768085718155,0.861615261764925
1,2,"{25, 59}",39,25,-14,14,0.0010734094539657235,0.861615261764925
1,2,"{25, 60}",23,20,-3,3,0.0009595982846803963,0.861615261764925
1,2,"{26, 37}",67,98,31,31,0.006480855401605368,0.861615261764925
1,2,"{26, 44}",115,117,2,2,0.005837734788656235,0.861615261764925
1,2,"{56, 26}",141,164,23,23,0.005467025097459555,0.861615261764925
1,2,"{26, 59}",178,172,-6,6,0.004313754849135876,0.861615261764925
1,2,"{26, 60}",176,171,-5,5,0.004235440399497747,0.861615261764925
1,2,"{44, 37}",38,60,22,22,0.004719906020909548,0.861615261764925
1,2,"{56, 37}",61,99,38,38,0.0041814446449279785,0.861615261764925
1,2,"{59, 37}",167,157,-10,10,0.0029671292286366224,0.861615261764925
1,2,"{60, 37}",160,162,2,2,0.0028773131780326366,0.861615261764925
1,2,"{56, 44}",34,100,66,66,0.00374000146985054,0.861615261764925
1,2,"{59, 44}",147,138,-9,9,0.002550136996433139,0.861615261764925
1,2,"{44, 60}",136,136,0,0,0.0024644953664392233,0.861615261764925
1,2,"{56, 59}",127,127,0,0,0.002020149026066065,0.861615261764925
1,2,"{56, 60}",102,81,-21,21,0.0019193112384527922,0.861615261764925
1,2,"{59, 60}",18,38,20,20,0.0007317551644518971,0.861615261764925
2,0,"{10, 7}",60,0,-60,60,0.0015188847901299596,0.8530822251212056
2,0,"{11, 7}",126,66,-60,60,0.0017822975059971213,0.8530822251212056
2,0,"{15, 7}",177,180,3,3,0.0026577620301395655,0.8530822251212056
2,0,"{16, 7}",26,55,29,29,0.0009273886098526418,0.8530822251212056
2,0,"{20, 7}",59,48,-11,11,0.0013566199922934175,0.8530822251212056
2,0,"{21, 7}",112,60,-52,52,0.0018319900846108794,0.8530822251212056
2,0,"{22, 7}",222,199,-23,23,0.032725922763347626,0.8530822251212056
2,0,"{23, 7}",65,49,-16,16,0.0014879003865644336,0.8530822251212056
2,0,"{24, 7}",147,90,-57,57,0.0019747037440538406,0.8530822251212056
2,0,"{25, 7}",23,24,1,1,0.0009273813921026886,0.8530822251212056
2,0,"{27, 7}",19,45,26,26,0.0007787317153997719,0.8530822251212056
2,0,"{33, 7}",91,83,-8,8,0.0017108469037339091,0.8530822251212056
2,0,"{39, 7}",15,29,14,14,0.0007400321192108095,0.8530822251212056
2,0,"{40, 7}",55,16,-39,39,0.0013621591497212648,0.8530822251212056
2,0,"{43, 7}",11,20,9,9,0.0006985594518482685,0.8530822251212056
2,0,"{54, 7}",22,14,-8,8,0.0008091793279163539,0.8530822251212056
2,0,"{55, 7}",87,75,-12,12,0.0017498628003522754,0.8530822251212056
2,0,"{58, 7}",175,169,-6,6,0.002501771319657564,0.8530822251212056
2,0,"{59, 7}",18,50,32,32,0.000686873565427959,0.8530822251212056
2,0,"{62, 7}",37,53,16,16,0.0010130220325663686,0.8530822251212056
2,0,"{63, 7}",97,76,-21,21,0.0018076379783451557,0.8530822251212056
2,0,"{10, 11}",161,167,6,6,0.0027421533595770597,0.8530822251212056
2,0,"{10, 15}",200,210,10,10,0.0034927953965961933,0.8530822251212056
2,0,"{16, 10}",67,79,12,12,0.001852389657869935,0.8530822251212056
2,0,"{10, 20}",58,137,79,79,0.002264808164909482,0.8530822251212056
2,0,"{10, 21}",39,67,28,28,0.002502069342881441,0.8530822251212056
2,0,"{10, 22}",218,216,-2,2,0.03076045960187912,0.8530822251212056
2,0,"{10, 23}",138,133,-5,5,0.002396895783022046,0.8530822251212056
2,0,"{24, 10}",153,160,7,7,0.0028256571386009455,0.8530822251212056
2,0,"{25, 10}",76,86,10,10,0.0018116035498678684,0.8530822251212056
2,0,"{10, 27}",73,32,-41,41,0.0017007188871502876,0.8530822251212056
2,0,"{33, 10}",72,153,81,81,0.0026447016280144453,0.8530822251212056
2,0,"{10, 39}",68,41,-27,27,0.0017003940884023905,0.8530822251212056
2,0,"{40, 10}",114,110,-4,4,0.0022400510497391224,0.8530822251212056
2,0,"{10, 43}",64,2,-62,62,0.0016657888190820813,0.8530822251212056
2,0,"{10, 54}",78,37,-41,41,0.0017553790239617229,0.8530822251212056
2,0,"{10, 55}",57,143,86,86,0.002596802543848753,0.8530822251212056
2,0,"{10, 58}",181,185,4,4,0.003384989220649004,0.8530822251212056
2,0,"{10, 59}",63,43,-20,20,0.0016675597289577127,0.8530822251212056
2,0,"{10, 62}",71,108,37,37,0.0019087644759565592,0.8530822251212056
2,0,"{10, 63}",62,130,68,68,0.002662943908944726,0.8530822251212056
2,0,"{11, 15}",77,148,71,71,0.00386776402592659,0.8530822251212056
2,0,"{16, 11}",75,40,-35,35,0.0021731466986238956,0.8530822251212056
2,0,"{11, 20}",139,136,-3,3,0.0025991457514464855,0.8530822251212056
2,0,"{11, 21}",190,186,-4,4,0.003079376183450222,0.8530822251212056
2,0,"{11, 22}",214,215,1,1,0.03810501471161842,0.8530822251212056
2,0,"{11, 23}",24,93,69,69,0.002747687976807356,0.8530822251212056
2,0,"{24, 11}",69,109,40,40,0.0031910662073642015,0.8530822251212056
2,0,"{25, 11}",155,142,-13,13,0.002194961765781045,0.8530822251212056
2,0,"{27, 11}",144,81,-63,63,0.002001116517931223,0.8530822251212056
2,0,"{33, 11}",196,213,17,17,0.003007336053997278,0.8530822251212056
2,0,"{11, 39}",140,80,-60,60,0.0019886111840605736,0.8530822251212056
2,0,"{40, 11}",142,114,-28,28,0.002595207653939724,0.8530822251212056
2,0,"{43, 11}",145,82,-63,63,0.0019353603711351752,0.8530822251212056
2,0,"{11, 54}",148,84,-64,64,0.0020067051518708467,0.8530822251212056
2,0,"{11, 55}",191,191,0,0,0.002991089364513755,0.8530822251212056
2,0,"{58, 11}",80,151,71,71,0.0038282955065369606,0.8530822251212056
2,0,"{59, 11}",150,112,-38,38,0.001938245608471334,0.8530822251212056
2,0,"{11, 62}",146,106,-40,40,0.0021639468614012003,0.8530822251212056
2,0,"{11, 63}",193,195,2,2,0.003023906145244837,0.8530822251212056
2,0,"{16, 15}",176,176,0,0,0.0030347146093845367,0.8530822251212056
2,0,"{20, 15}",156,161,5,5,0.0034115705639123917,0.8530822251212056
2,0,"{21, 15}",208,227,19,19,0.003863539546728134,0.8530822251212056
2,0,"{22, 15}",211,226,15,15,0.03619677200913429,0.8530822251212056
2,0,"{23, 15}",128,145,17,17,0.0033861640840768814,0.8530822251212056
2,0,"{24, 15}",49,146,97,97,0.003963763825595379,0.8530822251212056
2,0,"{25, 15}",201,209,8,8,0.0029763560742139816,0.8530822251212056
2,0,"{27, 15}",187,189,2,2,0.0028515176381915808,0.8530822251212056
2,0,"{33, 15}",209,228,19,19,0.0038300890009850264,0.8530822251212056
2,0,"{39, 15}",184,181,-3,3,0.002853038953617215,0.8530822251212056
2,0,"{40, 15}",199,208,9,9,0.0033307934645563364,0.8530822251212056
2,0,"{43, 15}",183,182,-1,1,0.0027643844950944185,0.8530822251212056
2,0,"{54, 15}",194,196,2,2,0.0028691731858998537,0.8530822251212056
2,0,"{55, 15}",206,220,14,14,0.003705316921696067,0.8530822251212056
2,0,"{58, 15}",25,150,125,125,0.004626289010047913,0.8530822251212056
2,0,"{59, 15}",188,188,0,0,0.002780650043860078,0.8530822251212056
2,0,"{62, 15}",165,170,5,5,0.0029977383092045784,0.8530822251212056
2,0,"{63, 15}",207,221,14,14,0.0037476716097444296,0.8530822251212056
2,0,"{16, 20}",89,101,12,12,0.0017218817956745625,0.8530822251212056
2,0,"{16, 21}",133,69,-64,64,0.0021810070611536503,0.8530822251212056
2,0,"{16, 22}",223,192,-31,31,0.03565840795636177,0.8530822251212056
2,0,"{16, 23}",43,62,19,19,0.0018548242514953017,0.8530822251212056
2,0,"{16, 24}",151,125,-26,26,0.002319227671250701,0.8530822251212056
2,0,"{16, 25}",38,46,8,8,0.0012667053379118443,0.8530822251212056
2,0,"{16, 27}",27,27,0,0,0.0010886604432016611,0.8530822251212056
2,0,"{16, 33}",135,128,-7,7,0.002030544448643923,0.8530822251212056
2,0,"{16, 39}",28,30,2,2,0.001103406073525548,0.8530822251212056
2,0,"{16, 40}",42,18,-24,24,0.0017486934084445238,0.8530822251212056
2,0,"{16, 43}",31,19,-12,12,0.0010696777608245611,0.8530822251212056
2,0,"{16, 54}",32,34,2,2,0.001104490365833044,0.8530822251212056
2,0,"{16, 55}",129,124,-5,5,0.0021336732897907495,0.8530822251212056
2,0,"{16, 58}",173,174,1,1,0.0028222473338246346,0.8530822251212056
2,0,"{16, 59}",35,51,16,16,0.0010447559179738164,0.8530822251212056
2,0,"{16, 62}",61,52,-9,9,0.0013317171251401305,0.8530822251212056
2,0,"{16, 63}",134,126,-8,8,0.002162313088774681,0.8530822251212056
2,0,"{20, 21}",137,135,-2,2,0.002561635337769985,0.8530822251212056
2,0,"{20, 22}",213,219,6,6,0.041024014353752136,0.8530822251212056
2,0,"{20, 23}",120,119,-1,1,0.002270437078550458,0.8530822251212056
2,0,"{24, 20}",56,115,59,59,0.002742920070886612,0.8530822251212056
2,0,"{25, 20}",104,107,3,3,0.0017079472308978438,0.8530822251212056
2,0,"{27, 20}",83,56,-27,27,0.0015677964547649026,0.8530822251212056
2,0,"{33, 20}",152,162,10,10,0.0025333957746624947,0.8530822251212056
2,0,"{20, 39}",74,57,-17,17,0.001559211639687419,0.8530822251212056
2,0,"{40, 20}",132,127,-5,5,0.00216377479955554,0.8530822251212056
2,0,"{43, 20}",70,38,-32,32,0.0014916802756488323,0.8530822251212056
2,0,"{20, 54}",93,72,-21,21,0.0016207852168008685,0.8530822251212056
2,0,"{20, 55}",143,134,-9,9,0.0024435115046799183,0.8530822251212056
2,0,"{58, 20}",141,158,17,17,0.0033078433480113745,0.8530822251212056
2,0,"{59, 20}",66,61,-5,5,0.001499104662798345,0.8530822251212056
2,0,"{20, 62}",30,113,83,83,0.0017788560362532735,0.8530822251212056
2,0,"{20, 63}",149,155,6,6,0.0024962336756289005,0.8530822251212056
2,0,"{21, 22}",220,200,-20,20,0.03439735248684883,0.8530822251212056
2,0,"{21, 23}",171,166,-5,5,0.002756636356934905,0.8530822251212056
2,0,"{24, 21}",185,179,-6,6,0.0031975870952010155,0.8530822251212056
2,0,"{25, 21}",118,73,-45,45,0.002183646662160754,0.8530822251212056
2,0,"{27, 21}",122,65,-57,57,0.0020598764531314373,0.8530822251212056
2,0,"{33, 21}",36,141,105,105,0.0029893380124121904,0.8530822251212056
2,0,"{21, 39}",121,63,-58,58,0.0020431578159332275,0.8530822251212056
2,0,"{40, 21}",160,156,-4,4,0.002634766511619091,0.8530822251212056
2,0,"{43, 21}",119,58,-61,61,0.0020251332316547632,0.8530822251212056
2,0,"{21, 54}",124,59,-65,65,0.0021084705367684364,0.8530822251212056
2,0,"{21, 55}",29,131,102,102,0.0029613960068672895,0.8530822251212056
2,0,"{58, 21}",203,218,15,15,0.0037759786937385798,0.8530822251212056
2,0,"{59, 21}",115,64,-51,51,0.001962922979146242,0.8530822251212056
2,0,"{21, 62}",136,116,-20,20,0.0022792506497353315,0.8530822251212056
2,0,"{21, 63}",34,121,87,87,0.0030493461526930332,0.8530822251212056
2,0,"{22, 23}",215,198,-17,17,0.03143046423792839,0.8530822251212056
2,0,"{24, 22}",212,214,2,2,0.039609022438526154,0.8530822251212056
2,0,"{25, 22}",229,203,-26,26,0.034893862903118134,0.8530822251212056
2,0,"{27, 22}",227,204,-23,23,0.0346502847969532,0.8530822251212056
2,0,"{33, 22}",221,229,8,8,0.036645859479904175,0.8530822251212056
2,0,"{22, 39}",226,207,-19,19,0.039720647037029266,0.8530822251212056
2,0,"{40, 22}",230,201,-29,29,0.03428611531853676,0.8530822251212056
2,0,"{43, 22}",224,205,-19,19,0.034172173589468,0.8530822251212056
2,0,"{54, 22}",228,206,-22,22,0.03009221702814102,0.8530822251212056
2,0,"{22, 55}",217,225,8,8,0.027408765628933907,0.8530822251212056
2,0,"{58, 22}",210,230,20,20,0.03940032795071602,0.8530822251212056
2,0,"{59, 22}",225,193,-32,32,0.032090406864881516,0.8530822251212056
2,0,"{62, 22}",219,202,-17,17,0.03516149893403053,0.8530822251212056
2,0,"{22, 63}",216,223,7,7,0.03750452399253845,0.8530822251212056
2,0,"{24, 23}",82,98,16,16,0.0028347650077193975,0.8530822251212056
2,0,"{25, 23}",125,89,-36,36,0.0018254629103466868,0.8530822251212056
2,0,"{27, 23}",81,11,-70,70,0.0017092694761231542,0.8530822251212056
2,0,"{33, 23}",174,175,1,1,0.002691894071176648,0.8530822251212056
2,0,"{39, 23}",79,10,-69,69,0.0017041019164025784,0.8530822251212056
2,0,"{40, 23}",109,74,-35,35,0.0022796501871198416,0.8530822251212056
2,0,"{43, 23}",85,36,-49,49,0.0015894061652943492,0.8530822251212056
2,0,"{54, 23}",101,39,-62,62,0.0017650398658588529,0.8530822251212056
2,0,"{55, 23}",170,172,2,2,0.002630132483318448,0.8530822251212056
2,0,"{58, 23}",127,144,17,17,0.0034047793596982956,0.8530822251212056
2,0,"{59, 23}",105,68,-37,37,0.0016229808097705245,0.8530822251212056
2,0,"{62, 23}",116,103,-13,13,0.001909184968098998,0.8530822251212056
2,0,"{63, 23}",172,171,-1,1,0.0027175669092684984,0.8530822251212056
2,0,"{24, 25}",169,159,-10,10,0.0023072250187397003,0.8530822251212056
2,0,"{24, 27}",162,140,-22,22,0.0021598152816295624,0.8530822251212056
2,0,"{24, 33}",197,211,14,14,0.003107596654444933,0.8530822251212056
2,0,"{24, 39}",157,132,-25,25,0.0021647789981216192,0.8530822251212056
2,0,"{24, 40}",167,168,1,1,0.002767520723864436,0.8530822251212056
2,0,"{24, 43}",154,122,-32,32,0.0021194913424551487,0.8530822251212056
2,0,"{24, 54}",163,149,-14,14,0.0022257245145738125,0.8530822251212056
2,0,"{24, 55}",186,187,1,1,0.0030236165039241314,0.8530822251212056
2,0,"{24, 58}",33,152,119,119,0.0038850929122418165,0.8530822251212056
2,0,"{24, 59}",159,139,-20,20,0.0021081622689962387,0.8530822251212056
2,0,"{24, 62}",94,99,5,5,0.002406695857644081,0.8530822251212056
2,0,"{24, 63}",192,197,5,5,0.0030672773718833923,0.8530822251212056
2,0,"{25, 27}",17,4,-13,13,0.0010995096527040005,0.8530822251212056
2,0,"{25, 33}",84,138,54,54,0.0020637386478483677,0.8530822251212056
2,0,"{25, 39}",20,1,-19,19,0.001078456756658852,0.8530822251212056
2,0,"{40, 25}",50,70,20,20,0.0017134348163381219,0.8530822251212056
2,0,"{25, 43}",21,22,1,1,0.001038772170431912,0.8530822251212056
2,0,"{25, 54}",9,9,0,0,0.001157909631729126,0.8530822251212056
2,0,"{25, 55}",90,88,-2,2,0.0020514961797744036,0.8530822251212056
2,0,"{25, 58}",198,212,14,14,0.0028407673817127943,0.8530822251212056
2,0,"{25, 59}",16,42,26,26,0.0010734094539657235,0.8530822251212056
2,0,"{25, 62}",54,71,17,17,0.0013621393591165543,0.8530822251212056
2,0,"{25, 63}",103,96,-7,7,0.0021078947465866804,0.8530822251212056
2,0,"{33, 27}",98,105,7,7,0.0019260648405179381,0.8530822251212056
2,0,"{27, 39}",2,28,26,26,0.0009003218729048967,0.8530822251212056
2,0,"{40, 27}",46,3,-43,43,0.0015676983166486025,0.8530822251212056
2,0,"{43, 27}",4,5,1,1,0.0008771130815148354,0.8530822251212056
2,0,"{27, 54}",1,33,32,32,0.0009637769544497132,0.8530822251212056
2,0,"{27, 55}",102,95,-7,7,0.0019714359659701586,0.8530822251212056
2,0,"{58, 27}",182,184,2,2,0.0026746955700218678,0.8530822251212056
2,0,"{59, 27}",13,31,18,18,0.000912881747353822,0.8530822251212056
2,0,"{27, 62}",47,47,0,0,0.0011903600534424186,0.8530822251212056
2,0,"{27, 63}",111,104,-7,7,0.0020171909127384424,0.8530822251212056
2,0,"{33, 39}",106,123,17,17,0.0019070416456088424,0.8530822251212056
2,0,"{40, 33}",166,173,7,7,0.002551645739004016,0.8530822251212056
2,0,"{33, 43}",95,117,22,22,0.0018624686636030674,0.8530822251212056
2,0,"{33, 54}",92,118,26,26,0.001977154053747654,0.8530822251212056
2,0,"{33, 55}",14,154,140,140,0.0029069059528410435,0.8530822251212056
2,0,"{33, 58}",205,224,19,19,0.003762229112908244,0.8530822251212056
2,0,"{33, 59}",86,100,14,14,0.0018481636652722955,0.8530822251212056
2,0,"{33, 62}",130,157,27,27,0.0021897912956774235,0.8530822251212056
2,0,"{33, 63}",10,147,137,137,0.002969596069306135,0.8530822251212056
2,0,"{40, 39}",44,6,-38,38,0.0015430013881996274,0.8530822251212056
2,0,"{43, 39}",0,7,7,7,0.0007743893074803054,0.8530822251212056
2,0,"{54, 39}",6,44,38,38,0.0009547296212986112,0.8530822251212056
2,0,"{55, 39}",107,102,-5,5,0.00196556793525815,0.8530822251212056
2,0,"{58, 39}",179,178,-1,1,0.002633337862789631,0.8530822251212056
2,0,"{59, 39}",8,26,18,18,0.0008835254120640457,0.8530822251212056
2,0,"{62, 39}",45,35,-10,10,0.001192212919704616,0.8530822251212056
2,0,"{63, 39}",117,92,-25,25,0.0020239672157913446,0.8530822251212056
2,0,"{40, 43}",48,8,-40,40,0.0014933006605133414,0.8530822251212056
2,0,"{40, 54}",51,15,-36,36,0.0016330271027982235,0.8530822251212056
2,0,"{40, 55}",164,164,0,0,0.002514461288228631,0.8530822251212056
2,0,"{40, 58}",195,194,-1,1,0.0032738561276346445,0.8530822251212056
2,0,"{40, 59}",53,12,-41,41,0.0015127431834116578,0.8530822251212056
2,0,"{40, 62}",113,91,-22,22,0.0017908697482198477,0.8530822251212056
2,0,"{40, 63}",168,163,-5,5,0.0026017886120826006,0.8530822251212056
2,0,"{43, 54}",7,13,6,6,0.0009393051732331514,0.8530822251212056
2,0,"{43, 55}",96,78,-18,18,0.0018791621550917625,0.8530822251212056
2,0,"{58, 43}",178,177,-1,1,0.0025531798601150513,0.8530822251212056
2,0,"{59, 43}",3,25,22,22,0.000846274895593524,0.8530822251212056
2,0,"{43, 62}",41,23,-18,18,0.001147130155004561,0.8530822251212056
2,0,"{43, 63}",108,85,-23,23,0.0019226777367293835,0.8530822251212056
2,0,"{54, 55}",100,97,-3,3,0.0019868516828864813,0.8530822251212056
2,0,"{58, 54}",189,190,1,1,0.0027197883464396,0.8530822251212056
2,0,"{59, 54}",12,21,9,9,0.0009523040498606861,0.8530822251212056
2,0,"{62, 54}",52,17,-35,35,0.0012302465038374066,0.8530822251212056
2,0,"{54, 63}",110,111,1,1,0.0020559101831167936,0.8530822251212056
2,0,"{58, 55}",202,217,15,15,0.003627679543569684,0.8530822251212056
2,0,"{59, 55}",88,94,6,6,0.0018743817927315831,0.8530822251212056
2,0,"{62, 55}",123,129,6,6,0.0021496452391147614,0.8530822251212056
2,0,"{63, 55}",5,77,72,72,0.0026998119428753853,0.8530822251212056
2,0,"{58, 59}",180,183,3,3,0.0026453479658812284,0.8530822251212056
2,0,"{58, 62}",158,165,7,7,0.002927604829892516,0.8530822251212056
2,0,"{58, 63}",204,222,18,18,0.0036451530177146196,0.8530822251212056
2,0,"{59, 62}",40,54,14,14,0.0011455706553533673,0.8530822251212056
2,0,"{59, 63}",99,87,-12,12,0.0019340540748089552,0.8530822251212056
2,0,"{62, 63}",131,120,-11,11,0.0022442988120019436,0.8530822251212056
2,1,"{2, 3}",95,143,48,48,0.001626228098757565,0.8377753949717033
2,1,"{2, 5}",16,177,161,161,0.0028562715742737055,0.8377753949717033
2,1,"{8, 2}",89,73,-16,16,0.0015376200899481773,0.8377753949717033
2,1,"{9, 2}",113,101,-12,12,0.0021899105049669743,0.8377753949717033
2,1,"{2, 14}",107,104,-3,3,0.00398077629506588,0.8377753949717033
2,1,"{2, 19}",27,50,23,23,0.0020404011011123657,0.8377753949717033
2,1,"{2, 26}",170,189,19,19,0.005061372648924589,0.8377753949717033
2,1,"{2, 28}",163,148,-15,15,0.0025261281989514828,0.8377753949717033
2,1,"{2, 29}",66,93,27,27,0.0017738769529387355,0.8377753949717033
2,1,"{2, 30}",143,135,-8,8,0.0030997712165117264,0.8377753949717033
2,1,"{2, 34}",108,107,-1,1,0.0023754704743623734,0.8377753949717033
2,1,"{2, 36}",101,84,-17,17,0.0020190533250570297,0.8377753949717033
2,1,"{2, 38}",59,80,21,21,0.001699895248748362,0.8377753949717033
2,1,"{2, 42}",91,90,-1,1,0.0017415941692888737,0.8377753949717033
2,1,"{2, 44}",157,191,34,34,0.003396933898329735,0.8377753949717033
2,1,"{2, 46}",99,64,-35,35,0.0017332598799839616,0.8377753949717033
2,1,"{2, 47}",92,76,-16,16,0.0017635688418522477,0.8377753949717033
2,1,"{2, 50}",109,151,42,42,0.0020607297774404287,0.8377753949717033
2,1,"{2, 52}",62,168,106,106,0.0035416441969573498,0.8377753949717033
2,1,"{2, 53}",116,111,-5,5,0.002333630109205842,0.8377753949717033
2,1,"{3, 5}",125,116,-9,9,0.002009051851928234,0.8377753949717033
2,1,"{8, 3}",2,45,43,43,0.0005822561797685921,0.8377753949717033
2,1,"{9, 3}",44,40,-4,4,0.0013078555930405855,0.8377753949717033
2,1,"{3, 14}",180,161,-19,19,0.003167752642184496,0.8377753949717033
2,1,"{19, 3}",64,31,-33,33,0.001078006811439991,0.8377753949717033
2,1,"{26, 3}",205,199,-6,6,0.0043193623423576355,0.8377753949717033
2,1,"{3, 28}",78,9,-69,69,0.0017654808470979333,0.8377753949717033
2,1,"{3, 29}",33,95,62,62,0.0009210424614138901,0.8377753949717033
2,1,"{3, 30}",140,188,48,48,0.0022902963683009148,0.8377753949717033
2,1,"{34, 3}",83,8,-75,75,0.0015380734112113714,0.8377753949717033
2,1,"{3, 36}",36,32,-4,4,0.0011441868264228106,0.8377753949717033
2,1,"{3, 38}",26,58,32,32,0.0007402813644148409,0.8377753949717033
2,1,"{42, 3}",8,55,47,47,0.0007646007579751313,0.8377753949717033
2,1,"{3, 44}",151,126,-25,25,0.0025092686992138624,0.8377753949717033
2,1,"{3, 46}",6,46,40,40,0.0007970177684910595,0.8377753949717033
2,1,"{3, 47}",12,48,36,36,0.0008332199649885297,0.8377753949717033
2,1,"{50, 3}",47,43,-4,4,0.0012235806789249182,0.8377753949717033
2,1,"{3, 52}",169,153,-16,16,0.002740289317443967,0.8377753949717033
2,1,"{3, 53}",73,71,-2,2,0.0015617855824530125,0.8377753949717033
2,1,"{8, 5}",121,125,4,4,0.001947580836713314,0.8377753949717033
2,1,"{9, 5}",138,152,14,14,0.0025479996111243963,0.8377753949717033
2,1,"{5, 14}",70,171,101,101,0.004472777713090181,0.8377753949717033
2,1,"{19, 5}",67,114,47,47,0.002408737549558282,0.8377753949717033
2,1,"{26, 5}",167,184,17,17,0.005559951066970825,0.8377753949717033
2,1,"{28, 5}",177,183,6,6,0.0029094151686877012,0.8377753949717033
2,1,"{29, 5}",102,129,27,27,0.002166999038308859,0.8377753949717033
2,1,"{5, 30}",166,178,12,12,0.003501299535855651,0.8377753949717033
2,1,"{34, 5}",146,169,23,23,0.0027586263604462147,0.8377753949717033
2,1,"{36, 5}",132,145,13,13,0.002421666169539094,0.8377753949717033
2,1,"{5, 38}",97,100,3,3,0.0020952713675796986,0.8377753949717033
2,1,"{42, 5}",124,121,-3,3,0.0021363012492656708,0.8377753949717033
2,1,"{44, 5}",172,182,10,10,0.0037395614199340343,0.8377753949717033
2,1,"{5, 46}",127,120,-7,7,0.0021316667553037405,0.8377753949717033
2,1,"{5, 47}",126,119,-7,7,0.002189550781622529,0.8377753949717033
2,1,"{50, 5}",144,167,23,23,0.0024245348758995533,0.8377753949717033
2,1,"{52, 5}",54,170,116,116,0.003814375028014183,0.8377753949717033
2,1,"{53, 5}",141,158,17,17,0.0027771207969635725,0.8377753949717033
2,1,"{8, 9}",37,21,-16,16,0.0012453574454411864,0.8377753949717033
2,1,"{8, 14}",179,162,-17,17,0.0030378776136785746,0.8377753949717033
2,1,"{8, 19}",49,11,-38,38,0.0010107674170285463,0.8377753949717033
2,1,"{8, 26}",203,198,-5,5,0.004223237279802561,0.8377753949717033
2,1,"{8, 28}",80,23,-57,57,0.0016707697650417686,0.8377753949717033
2,1,"{8, 29}",20,82,62,62,0.0008666518842801452,0.8377753949717033
2,1,"{8, 30}",133,109,-24,24,0.0022208853624761105,0.8377753949717033
2,1,"{8, 34}",79,70,-9,9,0.0014473083429038525,0.8377753949717033
2,1,"{8, 36}",28,12,-16,16,0.0010945560643449426,0.8377753949717033
2,1,"{8, 38}",15,59,44,44,0.0006808250327594578,0.8377753949717033
2,1,"{8, 42}",9,57,48,48,0.0007243177969940007,0.8377753949717033
2,1,"{8, 44}",148,132,-16,16,0.002451630076393485,0.8377753949717033
2,1,"{8, 46}",7,61,54,54,0.000740701740141958,0.8377753949717033
2,1,"{8, 47}",11,56,45,45,0.0007669084006920457,0.8377753949717033
2,1,"{8, 50}",40,39,-1,1,0.0011482950067147613,0.8377753949717033
2,1,"{8, 52}",164,136,-28,28,0.002611312083899975,0.8377753949717033
2,1,"{8, 53}",58,75,17,17,0.0014591030776500702,0.8377753949717033
2,1,"{9, 14}",187,172,-15,15,0.0037457256112247705,0.8377753949717033
2,1,"{9, 19}",74,49,-25,25,0.0017164723249152303,0.8377753949717033
2,1,"{9, 26}",207,207,0,0,0.004831194877624512,0.8377753949717033
2,1,"{9, 28}",68,62,-6,6,0.0023131447378546,0.8377753949717033
2,1,"{9, 29}",35,83,48,48,0.0014916728250682354,0.8377753949717033
2,1,"{9, 30}",137,124,-13,13,0.0028801176231354475,0.8377753949717033
2,1,"{9, 34}",103,108,5,5,0.002078067744150758,0.8377753949717033
2,1,"{9, 36}",10,24,14,14,0.0017356806201860309,0.8377753949717033
2,1,"{9, 38}",41,13,-28,28,0.0013653559144586325,0.8377753949717033
2,1,"{9, 42}",69,51,-18,18,0.001423863461241126,0.8377753949717033
2,1,"{9, 44}",111,117,6,6,0.0030901345890015364,0.8377753949717033
2,1,"{9, 46}",65,0,-65,65,0.0014510741457343102,0.8377753949717033
2,1,"{9, 47}",71,15,-56,56,0.0014781812205910683,0.8377753949717033
2,1,"{9, 50}",93,33,-60,60,0.0017716109286993742,0.8377753949717033
2,1,"{9, 52}",176,181,5,5,0.0032146398443728685,0.8377753949717033
2,1,"{9, 53}",5,79,74,74,0.0020880585070699453,0.8377753949717033
2,1,"{19, 14}",153,131,-22,22,0.003621331648901105,0.8377753949717033
2,1,"{26, 14}",178,185,7,7,0.006711483467370272,0.8377753949717033
2,1,"{28, 14}",194,192,-2,2,0.003980221226811409,0.8377753949717033
2,1,"{29, 14}",174,155,-19,19,0.0032997557427734137,0.8377753949717033
2,1,"{14, 30}",192,203,11,11,0.004497988615185022,0.8377753949717033
2,1,"{34, 14}",189,179,-10,10,0.003972349688410759,0.8377753949717033
2,1,"{36, 14}",188,163,-25,25,0.003524795174598694,0.8377753949717033
2,1,"{38, 14}",173,146,-27,27,0.0032446489203721285,0.8377753949717033
2,1,"{42, 14}",181,164,-17,17,0.0032383394427597523,0.8377753949717033
2,1,"{44, 14}",191,190,-1,1,0.00486017158254981,0.8377753949717033
2,1,"{46, 14}",182,165,-17,17,0.0032911207526922226,0.8377753949717033
2,1,"{14, 47}",183,166,-17,17,0.0032856629695743322,0.8377753949717033
2,1,"{50, 14}",190,176,-14,14,0.0036094074603170156,0.8377753949717033
2,1,"{52, 14}",100,122,22,22,0.005020227283239365,0.8377753949717033
2,1,"{53, 14}",186,175,-11,11,0.0038335570134222507,0.8377753949717033
2,1,"{26, 19}",184,180,-4,4,0.004754222463816404,0.8377753949717033
2,1,"{19, 28}",147,113,-34,34,0.002142525976523757,0.8377753949717033
2,1,"{19, 29}",18,42,24,24,0.0013141545932739973,0.8377753949717033
2,1,"{19, 30}",120,92,-28,28,0.002657027216628194,0.8377753949717033
2,1,"{34, 19}",76,63,-13,13,0.0019471936393529177,0.8377753949717033
2,1,"{19, 36}",50,22,-28,28,0.0015578739112243056,0.8377753949717033
2,1,"{19, 38}",17,18,1,1,0.0011668582446873188,0.8377753949717033
2,1,"{42, 19}",55,19,-36,36,0.0012125229695811868,0.8377753949717033
2,1,"{19, 44}",150,134,-16,16,0.002943717408925295,0.8377753949717033
2,1,"{19, 46}",60,34,-26,26,0.0012000341666862369,0.8377753949717033
2,1,"{19, 47}",52,35,-17,17,0.0012195756426081061,0.8377753949717033
2,1,"{50, 19}",72,25,-47,47,0.0016140596708282828,0.8377753949717033
2,1,"{19, 52}",104,102,-2,2,0.0031520361080765724,0.8377753949717033
2,1,"{19, 53}",81,27,-54,54,0.0019479962065815926,0.8377753949717033
2,1,"{26, 28}",209,209,0,0,0.005285251419991255,0.8377753949717033
2,1,"{26, 29}",197,205,8,8,0.004407048691064119,0.8377753949717033
2,1,"{26, 30}",195,197,2,2,0.00569852814078331,0.8377753949717033
2,1,"{26, 34}",193,193,0,0,0.0050377859733998775,0.8377753949717033
2,1,"{26, 36}",204,204,0,0,0.004704921040683985,0.8377753949717033
2,1,"{26, 38}",196,194,-2,2,0.004350095521658659,0.8377753949717033
2,1,"{26, 42}",201,201,0,0,0.004426398780196905,0.8377753949717033
2,1,"{26, 44}",208,200,-8,8,0.005837734788656235,0.8377753949717033
2,1,"{26, 46}",202,202,0,0,0.004437835421413183,0.8377753949717033
2,1,"{26, 47}",200,206,6,6,0.004442885983735323,0.8377753949717033
2,1,"{26, 50}",199,196,-3,3,0.004664413630962372,0.8377753949717033
2,1,"{26, 52}",96,115,19,19,0.005809315014630556,0.8377753949717033
2,1,"{26, 53}",206,208,2,2,0.005108259152621031,0.8377753949717033
2,1,"{28, 29}",110,96,-14,14,0.0019366119522601366,0.8377753949717033
2,1,"{28, 30}",171,173,2,2,0.0031804987229406834,0.8377753949717033
2,1,"{34, 28}",149,140,-9,9,0.0025118649937212467,0.8377753949717033
2,1,"{28, 36}",88,74,-14,14,0.00214878236874938,0.8377753949717033
2,1,"{28, 38}",112,77,-35,35,0.0018335905624553561,0.8377753949717033
2,1,"{42, 28}",94,47,-47,47,0.0018639782210811973,0.8377753949717033
2,1,"{28, 44}",128,141,13,13,0.003498869016766548,0.8377753949717033
2,1,"{28, 46}",90,37,-53,53,0.0018903628224506974,0.8377753949717033
2,1,"{28, 47}",105,66,-39,39,0.0018663351656869054,0.8377753949717033
2,1,"{50, 28}",135,118,-17,17,0.0022023695055395365,0.8377753949717033
2,1,"{28, 52}",198,195,-3,3,0.0036485260352492332,0.8377753949717033
2,1,"{28, 53}",77,112,35,35,0.0025014947168529034,0.8377753949717033
2,1,"{29, 30}",117,110,-7,7,0.0023925499990582466,0.8377753949717033
2,1,"{34, 29}",61,72,11,11,0.0017008179565891623,0.8377753949717033
2,1,"{36, 29}",14,81,67,67,0.001319073373451829,0.8377753949717033
2,1,"{29, 38}",4,38,34,34,0.0009475225233472884,0.8377753949717033
2,1,"{42, 29}",32,68,36,36,0.0010290549835190177,0.8377753949717033
2,1,"{44, 29}",134,127,-7,7,0.002666323911398649,0.8377753949717033
2,1,"{29, 46}",34,69,35,35,0.0010465974919497967,0.8377753949717033
2,1,"{29, 47}",30,67,37,37,0.0010807071812450886,0.8377753949717033
2,1,"{50, 29}",48,85,37,37,0.0013708800543099642,0.8377753949717033
2,1,"{52, 29}",145,149,4,4,0.002780134091153741,0.8377753949717033
2,1,"{53, 29}",45,89,44,44,0.001709519885480404,0.8377753949717033
2,1,"{34, 30}",39,98,59,59,0.0030120923183858395,0.8377753949717033
2,1,"{36, 30}",129,97,-32,32,0.00259129935875535,0.8377753949717033
2,1,"{38, 30}",115,87,-28,28,0.0023428325075656176,0.8377753949717033
2,1,"{42, 30}",122,94,-28,28,0.0023923960980027914,0.8377753949717033
2,1,"{44, 30}",118,160,42,42,0.00397871620953083,0.8377753949717033
2,1,"{46, 30}",123,86,-37,37,0.0024218885228037834,0.8377753949717033
2,1,"{30, 47}",119,88,-31,31,0.0024190079420804977,0.8377753949717033
2,1,"{50, 30}",98,91,-7,7,0.0025865649804472923,0.8377753949717033
2,1,"{52, 30}",162,154,-8,8,0.0041807834059000015,0.8377753949717033
2,1,"{53, 30}",130,130,0,0,0.002982613630592823,0.8377753949717033
2,1,"{34, 36}",84,41,-43,43,0.0018504549516364932,0.8377753949717033
2,1,"{34, 38}",53,28,-25,25,0.0015933685936033726,0.8377753949717033
2,1,"{34, 42}",57,44,-13,13,0.0016412310069426894,0.8377753949717033
2,1,"{34, 44}",136,144,8,8,0.0033350104931741953,0.8377753949717033
2,1,"{34, 46}",63,30,-33,33,0.0016682371497154236,0.8377753949717033
2,1,"{34, 47}",51,29,-22,22,0.0016899900510907173,0.8377753949717033
2,1,"{34, 50}",31,99,68,68,0.0020078083034604788,0.8377753949717033
2,1,"{34, 52}",152,147,-5,5,0.003405905794352293,0.8377753949717033
2,1,"{34, 53}",106,103,-3,3,0.0023305602371692657,0.8377753949717033
2,1,"{36, 38}",25,17,-8,8,0.0012118312297388911,0.8377753949717033
2,1,"{42, 36}",46,20,-26,26,0.0012762041296809912,0.8377753949717033
2,1,"{36, 44}",131,174,43,43,0.002964391140267253,0.8377753949717033
2,1,"{36, 46}",43,36,-7,7,0.001261418336071074,0.8377753949717033
2,1,"{36, 47}",42,14,-28,28,0.001302163815125823,0.8377753949717033
2,1,"{50, 36}",75,26,-49,49,0.0016061303904280066,0.8377753949717033
2,1,"{36, 52}",168,159,-9,9,0.003090089885517955,0.8377753949717033
2,1,"{36, 53}",29,78,49,49,0.0019436574075371027,0.8377753949717033
2,1,"{42, 38}",21,54,33,33,0.0008744921069592237,0.8377753949717033
2,1,"{44, 38}",139,105,-34,34,0.0025914888828992844,0.8377753949717033
2,1,"{46, 38}",23,60,37,37,0.0009011023794300854,0.8377753949717033
2,1,"{38, 47}",19,53,34,34,0.0009289902518503368,0.8377753949717033
2,1,"{50, 38}",38,4,-34,34,0.0012673323508352041,0.8377753949717033
2,1,"{52, 38}",142,106,-36,36,0.002787803066894412,0.8377753949717033
2,1,"{53, 38}",56,7,-49,49,0.0015688530402258039,0.8377753949717033
2,1,"{42, 44}",155,128,-27,27,0.00266159325838089,0.8377753949717033
2,1,"{42, 46}",0,3,3,3,0.0009509227238595486,0.8377753949717033
2,1,"{42, 47}",1,65,64,64,0.0009472614037804306,0.8377753949717033
2,1,"{42, 50}",22,1,-21,21,0.0013348880456760526,0.8377753949717033
2,1,"{42, 52}",160,142,-18,18,0.002807233715429902,0.8377753949717033
2,1,"{42, 53}",85,16,-69,69,0.001657285843975842,0.8377753949717033
2,1,"{44, 46}",154,133,-21,21,0.002636972116306424,0.8377753949717033
2,1,"{44, 47}",156,139,-17,17,0.0026973625645041466,0.8377753949717033
2,1,"{50, 44}",161,157,-4,4,0.0029736696742475033,0.8377753949717033
2,1,"{44, 52}",185,187,2,2,0.004418797791004181,0.8377753949717033
2,1,"{44, 53}",86,123,37,37,0.0033053173683583736,0.8377753949717033
2,1,"{46, 47}",3,52,49,49,0.0009504809859208763,0.8377753949717033
2,1,"{50, 46}",24,5,-19,19,0.00132088887039572,0.8377753949717033
2,1,"{52, 46}",165,138,-27,27,0.0028159557841718197,0.8377753949717033
2,1,"{53, 46}",82,10,-72,72,0.0017141684656962752,0.8377753949717033
2,1,"{50, 47}",13,2,-11,11,0.0013651491608470678,0.8377753949717033
2,1,"{52, 47}",159,137,-22,22,0.002844915259629488,0.8377753949717033
2,1,"{53, 47}",87,6,-81,81,0.001709980657324195,0.8377753949717033
2,1,"{50, 52}",158,156,-2,2,0.0031231525354087353,0.8377753949717033
2,1,"{50, 53}",114,150,36,36,0.0019884821958839893,0.8377753949717033
2,1,"{52, 53}",175,186,11,11,0.0034645760897547007,0.8377753949717033
2,2,"{0, 1}",22,36,14,14,0.0018130203243345022,0.7873835817462657
2,2,"{0, 4}",72,22,-50,50,0.0015400716802105308,0.7873835817462657
2,2,"{0, 6}",78,79,1,1,0.0026147780008614063,0.7873835817462657
2,2,"{0, 12}",47,117,70,70,0.0030071663204580545,0.7873835817462657
2,2,"{0, 13}",89,33,-56,56,0.0017480076057836413,0.7873835817462657
2,2,"{0, 17}",14,48,34,34,0.002303932560607791,0.7873835817462657
2,2,"{0, 18}",192,182,-10,10,0.005512769799679518,0.7873835817462657
2,2,"{0, 31}",50,3,-47,47,0.0017192461527884007,0.7873835817462657
2,2,"{0, 32}",8,15,7,7,0.0019904584623873234,0.7873835817462657
2,2,"{0, 35}",88,57,-31,31,0.0019675311632454395,0.7873835817462657
2,2,"{0, 37}",134,118,-16,16,0.003664972959086299,0.7873835817462657
2,2,"{0, 41}",27,4,-23,23,0.0021983764600008726,0.7873835817462657
2,2,"{0, 45}",113,98,-15,15,0.0032745073549449444,0.7873835817462657
2,2,"{0, 48}",91,86,-5,5,0.0034423850011080503,0.7873835817462657
2,2,"{0, 49}",96,82,-14,14,0.002270051511004567,0.7873835817462657
2,2,"{0, 51}",2,53,51,51,0.0018719191430136561,0.7873835817462657
2,2,"{0, 56}",51,38,-13,13,0.002641306957229972,0.7873835817462657
2,2,"{0, 57}",130,112,-18,18,0.0024183818604797125,0.7873835817462657
2,2,"{0, 60}",58,70,12,12,0.001414423924870789,0.7873835817462657
2,2,"{0, 61}",186,188,2,2,0.00512915151193738,0.7873835817462657
2,2,"{1, 4}",48,12,-36,36,0.001224881736561656,0.7873835817462657
2,2,"{1, 6}",120,111,-9,9,0.0022440534085035324,0.7873835817462657
2,2,"{1, 12}",103,114,11,11,0.0026546374429017305,0.7873835817462657
2,2,"{1, 13}",82,63,-19,19,0.0014232577523216605,0.7873835817462657
2,2,"{1, 17}",63,61,-2,2,0.001985621638596058,0.7873835817462657
2,2,"{1, 18}",202,198,-4,4,0.0050268033519387245,0.7873835817462657
2,2,"{1, 31}",33,34,1,1,0.0014134278753772378,0.7873835817462657
2,2,"{32, 1}",44,11,-33,33,0.0015927089843899012,0.7873835817462657
2,2,"{1, 35}",80,32,-48,48,0.00160225632134825,0.7873835817462657
2,2,"{1, 37}",158,154,-4,4,0.00327203213237226,0.7873835817462657
2,2,"{1, 41}",1,24,23,23,0.0018599816830828786,0.7873835817462657
2,2,"{1, 45}",87,129,42,42,0.002959875389933586,0.7873835817462657
2,2,"{48, 1}",143,125,-18,18,0.0030135030392557383,0.7873835817462657
2,2,"{1, 49}",92,69,-23,23,0.0019603248219937086,0.7873835817462657
2,2,"{1, 51}",12,54,42,42,0.001506298896856606,0.7873835817462657
2,2,"{56, 1}",100,102,2,2,0.0023218593560159206,0.7873835817462657
2,2,"{1, 57}",131,103,-28,28,0.0020587812177836895,0.7873835817462657
2,2,"{1, 60}",41,60,19,19,0.0010522594675421715,0.7873835817462657
2,2,"{1, 61}",197,205,8,8,0.0045524584129452705,0.7873835817462657
2,2,"{4, 6}",99,74,-25,25,0.002008090727031231,0.7873835817462657
2,2,"{4, 12}",132,122,-10,10,0.0024133878760039806,0.7873835817462657
2,2,"{4, 13}",5,9,4,4,0.00109009793959558,0.7873835817462657
2,2,"{17, 4}",86,31,-55,55,0.0017047572182491422,0.7873835817462657
2,2,"{18, 4}",199,181,-18,18,0.005031212233006954,0.7873835817462657
2,2,"{4, 31}",15,8,-7,7,0.0010916088940575719,0.7873835817462657
2,2,"{32, 4}",54,13,-41,41,0.0013698791153728962,0.7873835817462657
2,2,"{35, 4}",30,2,-28,28,0.0013577414210885763,0.7873835817462657
2,2,"{4, 37}",155,128,-27,27,0.00305771897546947,0.7873835817462657
2,2,"{41, 4}",76,23,-53,53,0.0015597622841596603,0.7873835817462657
2,2,"{4, 45}",139,96,-43,43,0.0026795861776918173,0.7873835817462657
2,2,"{48, 4}",149,137,-12,12,0.0028348176274448633,0.7873835817462657
2,2,"{49, 4}",56,37,-19,19,0.0016738491831347346,0.7873835817462657
2,2,"{51, 4}",42,14,-28,28,0.0012442428851500154,0.7873835817462657
2,2,"{56, 4}",107,47,-60,60,0.0020731643307954073,0.7873835817462657
2,2,"{57, 4}",62,18,-44,44,0.0018275652546435595,0.7873835817462657
2,2,"{4, 60}",0,46,46,46,0.0008015479543246329,0.7873835817462657
2,2,"{4, 61}",185,179,-6,6,0.004561897832900286,0.7873835817462657
2,2,"{12, 6}",52,73,21,21,0.0033603350166231394,0.7873835817462657
2,2,"{13, 6}",105,85,-20,20,0.0022260218393057585,0.7873835817462657
2,2,"{17, 6}",32,77,45,45,0.0027670084964483976,0.7873835817462657
2,2,"{18, 6}",175,164,-11,11,0.005995211657136679,0.7873835817462657
2,2,"{6, 31}",114,81,-33,33,0.00220269663259387,0.7873835817462657
2,2,"{32, 6}",40,7,-33,33,0.0024530289229005575,0.7873835817462657
2,2,"{35, 6}",121,113,-8,8,0.002408405765891075,0.7873835817462657
2,2,"{37, 6}",64,141,77,77,0.0040742140263319016,0.7873835817462657
2,2,"{41, 6}",129,155,26,26,0.002683683531358838,0.7873835817462657
2,2,"{45, 6}",162,184,22,22,0.003800660604611039,0.7873835817462657
2,2,"{48, 6}",39,64,25,25,0.0038912976160645485,0.7873835817462657
2,2,"{49, 6}",128,97,-31,31,0.002717436756938696,0.7873835817462657
2,2,"{51, 6}",84,59,-25,25,0.0022907762322574854,0.7873835817462657
2,2,"{56, 6}",6,177,171,171,0.00312109780497849,0.7873835817462657
2,2,"{57, 6}",119,90,-29,29,0.0028414472471922636,0.7873835817462657
2,2,"{60, 6}",90,208,118,118,0.0018853493966162205,0.7873835817462657
2,2,"{61, 6}",166,203,37,37,0.0056994156911969185,0.7873835817462657
2,2,"{12, 13}",141,119,-22,22,0.0026377649046480656,0.7873835817462657
2,2,"{17, 12}",17,134,117,117,0.0031578645575791597,0.7873835817462657
2,2,"{18, 12}",189,168,-21,21,0.006367336492985487,0.7873835817462657
2,2,"{12, 31}",126,107,-19,19,0.002584037370979786,0.7873835817462657
2,2,"{32, 12}",43,83,40,40,0.0028486126102507114,0.7873835817462657
2,2,"{35, 12}",140,142,2,2,0.0027563886251300573,0.7873835817462657
2,2,"{12, 37}",106,127,21,21,0.0044425418600440025,0.7873835817462657
2,2,"{41, 12}",104,93,-11,11,0.0031053770799189806,0.7873835817462657
2,2,"{12, 45}",151,146,-5,5,0.004073672462254763,0.7873835817462657
2,2,"{48, 12}",26,99,73,73,0.0041607036255300045,0.7873835817462657
2,2,"{49, 12}",145,126,-19,19,0.0030575443524867296,0.7873835817462657
2,2,"{51, 12}",75,91,16,16,0.0026830898132175207,0.7873835817462657
2,2,"{56, 12}",16,133,117,117,0.0035165634471923113,0.7873835817462657
2,2,"{57, 12}",154,139,-15,15,0.0031653116457164288,0.7873835817462657
2,2,"{12, 60}",125,140,15,15,0.0023006005212664604,0.7873835817462657
2,2,"{12, 61}",182,186,4,4,0.005930076353251934,0.7873835817462657
2,2,"{17, 13}",93,55,-38,38,0.0019091456197202206,0.7873835817462657
2,2,"{18, 13}",204,191,-13,13,0.005148223601281643,0.7873835817462657
2,2,"{13, 31}",25,19,-6,6,0.0012503723846748471,0.7873835817462657
2,2,"{32, 13}",67,17,-50,50,0.0015763258561491966,0.7873835817462657
2,2,"{35, 13}",10,0,-10,10,0.0015591926639899611,0.7873835817462657
2,2,"{37, 13}",163,132,-31,31,0.003209793008863926,0.7873835817462657
2,2,"{41, 13}",101,52,-49,49,0.0017391405999660492,0.7873835817462657
2,2,"{45, 13}",160,145,-15,15,0.0028732374776154757,0.7873835817462657
2,2,"{48, 13}",156,163,7,7,0.003029729938134551,0.7873835817462657
2,2,"{49, 13}",35,35,0,0,0.0019333146046847105,0.7873835817462657
2,2,"{51, 13}",61,26,-35,35,0.0014322897186502814,0.7873835817462657
2,2,"{56, 13}",117,65,-52,52,0.002262735040858388,0.7873835817462657
2,2,"{57, 13}",29,28,-1,1,0.001989796757698059,0.7873835817462657
2,2,"{60, 13}",11,120,109,109,0.000995372305624187,0.7873835817462657
2,2,"{61, 13}",190,196,6,6,0.0046678585931658745,0.7873835817462657
2,2,"{17, 18}",184,176,-8,8,0.005457028280943632,0.7873835817462657
2,2,"{17, 31}",81,49,-32,32,0.0018984536873176694,0.7873835817462657
2,2,"{32, 17}",3,42,39,39,0.00214642402715981,0.7873835817462657
2,2,"{17, 35}",95,88,-7,7,0.0021394703071564436,0.7873835817462657
2,2,"{17, 37}",98,110,12,12,0.0038119761738926172,0.7873835817462657
2,2,"{17, 41}",74,44,-30,30,0.00240657152608037,0.7873835817462657
2,2,"{17, 45}",138,135,-3,3,0.0034867499489337206,0.7873835817462657
2,2,"{48, 17}",49,75,26,26,0.003601799253374338,0.7873835817462657
2,2,"{17, 49}",111,84,-27,27,0.002444603480398655,0.7873835817462657
2,2,"{17, 51}",31,80,49,49,0.0020160353742539883,0.7873835817462657
2,2,"{56, 17}",7,62,55,55,0.0027817930094897747,0.7873835817462657
2,2,"{17, 57}",124,115,-9,9,0.0025731916539371014,0.7873835817462657
2,2,"{17, 60}",77,29,-48,48,0.0015680824872106314,0.7873835817462657
2,2,"{17, 61}",179,178,-1,1,0.005206857342272997,0.7873835817462657
2,2,"{18, 31}",205,195,-10,10,0.005118093453347683,0.7873835817462657
2,2,"{32, 18}",187,189,2,2,0.005410846322774887,0.7873835817462657
2,2,"{18, 35}",208,201,-7,7,0.004793435335159302,0.7873835817462657
2,2,"{18, 37}",123,148,25,25,0.007096377667039633,0.7873835817462657
2,2,"{41, 18}",201,190,-11,11,0.005735575221478939,0.7873835817462657
2,2,"{18, 45}",191,174,-17,17,0.0068391067907214165,0.7873835817462657
2,2,"{48, 18}",177,167,-10,10,0.006807695142924786,0.7873835817462657
2,2,"{49, 18}",209,171,-38,38,0.005818679463118315,0.7873835817462657
2,2,"{18, 51}",198,170,-28,28,0.005305050872266293,0.7873835817462657
2,2,"{56, 18}",178,172,-6,6,0.005908288061618805,0.7873835817462657
2,2,"{57, 18}",207,169,-38,38,0.005820686928927898,0.7873835817462657
2,2,"{18, 60}",194,187,-7,7,0.004792907740920782,0.7873835817462657
2,2,"{18, 61}",36,136,100,100,0.008320827037096024,0.7873835817462657
2,2,"{32, 31}",46,1,-45,45,0.0015733956824988127,0.7873835817462657
2,2,"{35, 31}",19,5,-14,14,0.0015897414414212108,0.7873835817462657
2,2,"{37, 31}",167,150,-17,17,0.0031840766314417124,0.7873835817462657
2,2,"{41, 31}",53,10,-43,43,0.0017820184584707022,0.7873835817462657
2,2,"{45, 31}",142,151,9,9,0.002896438119933009,0.7873835817462657
2,2,"{48, 31}",153,161,8,8,0.0030238672625273466,0.7873835817462657
2,2,"{49, 31}",37,39,2,2,0.0018521408783271909,0.7873835817462657
2,2,"{51, 31}",21,27,6,6,0.001441550673916936,0.7873835817462657
2,2,"{56, 31}",112,72,-40,40,0.0022197982762008905,0.7873835817462657
2,2,"{57, 31}",71,21,-50,50,0.001980384113267064,0.7873835817462657
2,2,"{60, 31}",13,159,146,146,0.0009927733335644007,0.7873835817462657
2,2,"{61, 31}",195,200,5,5,0.00454974640160799,0.7873835817462657
2,2,"{32, 35}",73,25,-48,48,0.0017678691074252129,0.7873835817462657
2,2,"{32, 37}",118,71,-47,47,0.0033997006248682737,0.7873835817462657
2,2,"{32, 41}",55,6,-49,49,0.0020552263595163822,0.7873835817462657
2,2,"{32, 45}",136,101,-35,35,0.0031044501811265945,0.7873835817462657
2,2,"{32, 48}",83,89,6,6,0.003276789328083396,0.7873835817462657
2,2,"{32, 49}",85,67,-18,18,0.002117972122505307,0.7873835817462657
2,2,"{32, 51}",9,16,7,7,0.0016849040985107422,0.7873835817462657
2,2,"{32, 56}",28,50,22,22,0.002534945495426655,0.7873835817462657
2,2,"{32, 57}",97,66,-31,31,0.002255864907056093,0.7873835817462657
2,2,"{32, 60}",45,30,-15,15,0.0012313004117459059,0.7873835817462657
2,2,"{32, 61}",180,175,-5,5,0.004856187850236893,0.7873835817462657
2,2,"{35, 37}",172,162,-10,10,0.003474737284705043,0.7873835817462657
2,2,"{41, 35}",102,40,-62,62,0.0019987754058092833,0.7873835817462657
2,2,"{35, 45}",169,173,4,4,0.0031474949792027473,0.7873835817462657
2,2,"{48, 35}",159,152,-7,7,0.0032240417785942554,0.7873835817462657
2,2,"{49, 35}",4,45,41,41,0.0021158873569220304,0.7873835817462657
2,2,"{51, 35}",59,41,-18,18,0.0017137351678684354,0.7873835817462657
2,2,"{56, 35}",127,106,-21,21,0.0024813804775476456,0.7873835817462657
2,2,"{57, 35}",24,56,32,32,0.0021979217417538166,0.7873835817462657
2,2,"{35, 60}",34,43,9,9,0.001246194471605122,0.7873835817462657
2,2,"{35, 61}",203,193,-10,10,0.0049672513268888,0.7873835817462657
2,2,"{41, 37}",157,131,-26,26,0.0036936120595782995,0.7873835817462657
2,2,"{45, 37}",161,143,-18,18,0.0042226663790643215,0.7873835817462657
2,2,"{48, 37}",60,157,97,97,0.004931580275297165,0.7873835817462657
2,2,"{49, 37}",176,194,18,18,0.003790286835283041,0.7873835817462657
2,2,"{51, 37}",144,123,-21,21,0.003357385750859976,0.7873835817462657
2,2,"{56, 37}",70,92,22,22,0.0041814446449279785,0.7873835817462657
2,2,"{57, 37}",173,165,-8,8,0.003945952281355858,0.7873835817462657
2,2,"{60, 37}",150,138,-12,12,0.0028773131780326366,0.7873835817462657
2,2,"{61, 37}",110,95,-15,15,0.006324571557343006,0.7873835817462657
2,2,"{41, 45}",69,104,35,35,0.003436050843447447,0.7873835817462657
2,2,"{48, 41}",147,121,-26,26,0.0035364057403057814,0.7873835817462657
2,2,"{41, 49}",122,108,-14,14,0.002372751710936427,0.7873835817462657
2,2,"{41, 51}",20,105,85,85,0.0018901029834523797,0.7873835817462657
2,2,"{56, 41}",109,68,-41,41,0.0027519611176103354,0.7873835817462657
2,2,"{41, 57}",148,100,-48,48,0.0024701959919184446,0.7873835817462657
2,2,"{41, 60}",65,158,93,93,0.0014575222739949822,0.7873835817462657
2,2,"{41, 61}",196,199,3,3,0.0052164699882268906,0.7873835817462657
2,2,"{48, 45}",168,207,39,39,0.004613339435309172,0.7873835817462657
2,2,"{49, 45}",174,206,32,32,0.0034589432179927826,0.7873835817462657
2,2,"{51, 45}",115,109,-6,6,0.0029821451753377914,0.7873835817462657
2,2,"{56, 45}",152,147,-5,5,0.0037993588484823704,0.7873835817462657
2,2,"{57, 45}",181,183,2,2,0.003572214860469103,0.7873835817462657
2,2,"{60, 45}",135,116,-19,19,0.002551296027377248,0.7873835817462657
2,2,"{61, 45}",193,185,-8,8,0.0061897654086351395,0.7873835817462657
2,2,"{48, 49}",165,144,-21,21,0.003509052563458681,0.7873835817462657
2,2,"{48, 51}",116,94,-22,22,0.002983961720019579,0.7873835817462657
2,2,"{48, 56}",18,153,135,135,0.0039916508831083775,0.7873835817462657
2,2,"{48, 57}",164,149,-15,15,0.0036863379646092653,0.7873835817462657
2,2,"{48, 60}",146,204,58,58,0.002727173501625657,0.7873835817462657
2,2,"{48, 61}",170,160,-10,10,0.0064444164745509624,0.7873835817462657
2,2,"{49, 51}",79,51,-28,28,0.001983687514439225,0.7873835817462657
2,2,"{56, 49}",133,156,23,23,0.002821478294208646,0.7873835817462657
2,2,"{49, 57}",23,20,-3,3,0.002467942191287875,0.7873835817462657
2,2,"{49, 60}",57,87,30,30,0.0015792783815413713,0.7873835817462657
2,2,"{49, 61}",206,209,3,3,0.005209047347307205,0.7873835817462657
2,2,"{56, 51}",66,130,64,64,0.002394283888861537,0.7873835817462657
2,2,"{57, 51}",108,78,-30,30,0.0021465017925947905,0.7873835817462657
2,2,"{51, 60}",38,76,38,38,0.0010997200151905417,0.7873835817462657
2,2,"{51, 61}",188,197,9,9,0.004607915412634611,0.7873835817462657
2,2,"{56, 57}",137,124,-13,13,0.002923420164734125,0.7873835817462657
2,2,"{56, 60}",94,192,98,98,0.0019193112384527922,0.7873835817462657
2,2,"{56, 61}",171,166,-5,5,0.005738969426602125,0.7873835817462657
2,2,"{57, 60}",68,58,-10,10,0.0016886248486116529,0.7873835817462657
2,2,"{57, 61}",200,180,-20,20,0.005257832817733288,0.7873835817462657
2,2,"{60, 61}",183,202,19,19,0.004228981211781502,0.7873835817462657
3,0,"{0, 5}",189,188,-1,1,0.002740259515121579,0.7226824899238692
3,0,"{0, 6}",191,175,-16,16,0.0026147780008614063,0.7226824899238692
3,0,"{0, 8}",66,34,-32,32,0.0013890110421925783,0.7226824899238692
3,0,"{0, 11}",188,153,-35,35,0.002639627316966653,0.7226824899238692
3,0,"{0, 18}",229,223,-6,6,0.005512769799679518,0.7226824899238692
3,0,"{0, 20}",159,142,-17,17,0.0021606306545436382,0.7226824899238692
3,0,"{0, 21}",166,132,-34,34,0.0026405234821140766,0.7226824899238692
3,0,"{0, 31}",48,48,0,0,0.0017192461527884007,0.7226824899238692
3,0,"{0, 32}",60,72,12,12,0.0019904584623873234,0.7226824899238692
3,0,"{0, 35}",75,97,22,22,0.0019675311632454395,0.7226824899238692
3,0,"{0, 36}",57,64,7,7,0.0018793420167639852,0.7226824899238692
3,0,"{0, 38}",73,71,-2,2,0.0015250153373926878,0.7226824899238692
3,0,"{0, 41}",41,51,10,10,0.0021983764600008726,0.7226824899238692
3,0,"{0, 44}",202,193,-9,9,0.003246535547077656,0.7226824899238692
3,0,"{0, 45}",80,123,43,43,0.0032745073549449444,0.7226824899238692
3,0,"{0, 46}",58,27,-31,31,0.0015639114426448941,0.7226824899238692
3,0,"{0, 47}",67,32,-35,35,0.0016260695410892367,0.7226824899238692
3,0,"{0, 54}",49,29,-20,20,0.0016411511460319161,0.7226824899238692
3,0,"{0, 56}",183,151,-32,32,0.002641306957229972,0.7226824899238692
3,0,"{0, 57}",181,163,-18,18,0.0024183818604797125,0.7226824899238692
3,0,"{0, 62}",51,224,173,173,0.0018292616587132215,0.7226824899238692
3,0,"{5, 6}",36,166,130,130,0.0030890246853232384,0.7226824899238692
3,0,"{8, 5}",125,134,9,9,0.001947580836713314,0.7226824899238692
3,0,"{11, 5}",23,173,150,150,0.0031853073742240667,0.7226824899238692
3,0,"{18, 5}",196,196,0,0,0.0063808332197368145,0.7226824899238692
3,0,"{20, 5}",91,176,85,85,0.002725770231336355,0.7226824899238692
3,0,"{21, 5}",93,177,84,84,0.0031894873827695847,0.7226824899238692
3,0,"{5, 31}",148,155,7,7,0.0022599271032959223,0.7226824899238692
3,0,"{32, 5}",170,180,10,10,0.002566494280472398,0.7226824899238692
3,0,"{35, 5}",160,184,24,24,0.0025215495843440294,0.7226824899238692
3,0,"{36, 5}",161,167,6,6,0.002421666169539094,0.7226824899238692
3,0,"{5, 38}",116,117,1,1,0.0020952713675796986,0.7226824899238692
3,0,"{41, 5}",192,165,-27,27,0.00274415360763669,0.7226824899238692
3,0,"{44, 5}",79,187,108,108,0.0037395614199340343,0.7226824899238692
3,0,"{45, 5}",213,208,-5,5,0.003845039987936616,0.7226824899238692
3,0,"{5, 46}",136,128,-8,8,0.0021316667553037405,0.7226824899238692
3,0,"{5, 47}",128,129,1,1,0.002189550781622529,0.7226824899238692
3,0,"{5, 54}",154,150,-4,4,0.002177515532821417,0.7226824899238692
3,0,"{56, 5}",35,172,137,137,0.0032442633528262377,0.7226824899238692
3,0,"{57, 5}",76,181,105,105,0.0029593128710985184,0.7226824899238692
3,0,"{5, 62}",157,183,26,26,0.002344307955354452,0.7226824899238692
3,0,"{8, 6}",118,91,-27,27,0.0018834196962416172,0.7226824899238692
3,0,"{11, 6}",6,205,199,199,0.003061312949284911,0.7226824899238692
3,0,"{18, 6}",206,199,-7,7,0.005995211657136679,0.7226824899238692
3,0,"{20, 6}",62,109,47,47,0.002632235176861286,0.7226824899238692
3,0,"{21, 6}",126,119,-7,7,0.0030878426041454077,0.7226824899238692
3,0,"{6, 31}",137,99,-38,38,0.00220269663259387,0.7226824899238692
3,0,"{32, 6}",155,131,-24,24,0.0024530289229005575,0.7226824899238692
3,0,"{35, 6}",131,122,-9,9,0.002408405765891075,0.7226824899238692
3,0,"{36, 6}",143,125,-18,18,0.0023287837393581867,0.7226824899238692
3,0,"{38, 6}",100,83,-17,17,0.0019936382304877043,0.7226824899238692
3,0,"{41, 6}",197,200,3,3,0.002683683531358838,0.7226824899238692
3,0,"{44, 6}",106,126,20,20,0.0037218250799924135,0.7226824899238692
3,0,"{45, 6}",216,225,9,9,0.003800660604611039,0.7226824899238692
3,0,"{46, 6}",124,68,-56,56,0.0020765080116689205,0.7226824899238692
3,0,"{6, 47}",113,80,-33,33,0.0020809120032936335,0.7226824899238692
3,0,"{54, 6}",158,190,32,32,0.0021027843467891216,0.7226824899238692
3,0,"{56, 6}",64,194,130,130,0.00312109780497849,0.7226824899238692
3,0,"{57, 6}",42,88,46,46,0.0028414472471922636,0.7226824899238692
3,0,"{62, 6}",142,154,12,12,0.002292296150699258,0.7226824899238692
3,0,"{8, 11}",114,58,-56,56,0.0018118064617738128,0.7226824899238692
3,0,"{8, 18}",219,216,-3,3,0.0050258757546544075,0.7226824899238692
3,0,"{8, 20}",86,8,-78,78,0.00138119887560606,0.7226824899238692
3,0,"{8, 21}",101,30,-71,71,0.0018360352842137218,0.7226824899238692
3,0,"{8, 31}",33,45,12,12,0.0009628176921978593,0.7226824899238692
3,0,"{8, 32}",46,1,-45,45,0.0012172157876193523,0.7226824899238692
3,0,"{8, 35}",52,2,-50,50,0.0012103879125788808,0.7226824899238692
3,0,"{8, 36}",40,40,0,0,0.0010945560643449426,0.7226824899238692
3,0,"{8, 38}",30,9,-21,21,0.0006808250327594578,0.7226824899238692
3,0,"{8, 41}",70,17,-53,53,0.0014109034091234207,0.7226824899238692
3,0,"{8, 44}",171,133,-38,38,0.002451630076393485,0.7226824899238692
3,0,"{8, 45}",156,111,-45,45,0.002542161149904132,0.7226824899238692
3,0,"{8, 46}",18,15,-3,3,0.000740701740141958,0.7226824899238692
3,0,"{8, 47}",25,13,-12,12,0.0007669084006920457,0.7226824899238692
3,0,"{8, 54}",24,3,-21,21,0.0008097216486930847,0.7226824899238692
3,0,"{8, 56}",117,76,-41,41,0.0018970867386087775,0.7226824899238692
3,0,"{8, 57}",104,39,-65,65,0.0016763833118602633,0.7226824899238692
3,0,"{8, 62}",38,74,36,36,0.0010337041458114982,0.7226824899238692
3,0,"{18, 11}",207,198,-9,9,0.005957372486591339,0.7226824899238692
3,0,"{11, 20}",69,103,34,34,0.0025991457514464855,0.7226824899238692
3,0,"{11, 21}",112,108,-4,4,0.003079376183450222,0.7226824899238692
3,0,"{11, 31}",133,77,-56,56,0.002202089875936508,0.7226824899238692
3,0,"{32, 11}",152,121,-31,31,0.0024359216913580894,0.7226824899238692
3,0,"{35, 11}",129,104,-25,25,0.002443853300064802,0.7226824899238692
3,0,"{11, 36}",141,90,-51,51,0.0023290994577109814,0.7226824899238692
3,0,"{11, 38}",99,46,-53,53,0.0019648580346256495,0.7226824899238692
3,0,"{41, 11}",195,143,-52,52,0.0027001439593732357,0.7226824899238692
3,0,"{11, 44}",102,113,11,11,0.0037350112106651068,0.7226824899238692
3,0,"{11, 45}",214,201,-13,13,0.0036999902222305536,0.7226824899238692
3,0,"{11, 46}",121,59,-62,62,0.0020440297666937113,0.7226824899238692
3,0,"{11, 47}",110,66,-44,44,0.0020284554921090603,0.7226824899238692
3,0,"{11, 54}",153,92,-61,61,0.0020067051518708467,0.7226824899238692
3,0,"{56, 11}",55,105,50,50,0.003093346720561385,0.7226824899238692
3,0,"{57, 11}",50,96,46,46,0.002910452429205179,0.7226824899238692
3,0,"{11, 62}",140,107,-33,33,0.0021639468614012003,0.7226824899238692
3,0,"{18, 20}",217,217,0,0,0.0056495885364711285,0.7226824899238692
3,0,"{18, 21}",208,204,-4,4,0.005645775236189365,0.7226824899238692
3,0,"{18, 31}",223,212,-11,11,0.005118093453347683,0.7226824899238692
3,0,"{32, 18}",228,210,-18,18,0.005410846322774887,0.7226824899238692
3,0,"{18, 35}",226,206,-20,20,0.004793435335159302,0.7226824899238692
3,0,"{18, 36}",225,222,-3,3,0.005207919515669346,0.7226824899238692
3,0,"{18, 38}",218,213,-5,5,0.005069993901997805,0.7226824899238692
3,0,"{41, 18}",227,221,-6,6,0.005735575221478939,0.7226824899238692
3,0,"{18, 44}",185,192,7,7,0.006796868517994881,0.7226824899238692
3,0,"{18, 45}",230,230,0,0,0.0068391067907214165,0.7226824899238692
3,0,"{18, 46}",222,219,-3,3,0.004985073581337929,0.7226824899238692
3,0,"{18, 47}",221,218,-3,3,0.004979172255843878,0.7226824899238692
3,0,"{18, 54}",220,220,0,0,0.005156796425580978,0.7226824899238692
3,0,"{56, 18}",198,197,-1,1,0.005908288061618805,0.7226824899238692
3,0,"{57, 18}",211,207,-4,4,0.005820686928927898,0.7226824899238692
3,0,"{18, 62}",224,227,3,3,0.005301341414451599,0.7226824899238692
3,0,"{20, 21}",173,156,-17,17,0.002561635337769985,0.7226824899238692
3,0,"{20, 31}",90,138,48,48,0.0016916841268539429,0.7226824899238692
3,0,"{32, 20}",92,87,-5,5,0.0019696662202477455,0.7226824899238692
3,0,"{35, 20}",78,101,23,23,0.0019598917569965124,0.7226824899238692
3,0,"{20, 36}",88,70,-18,18,0.001830330234952271,0.7226824899238692
3,0,"{20, 38}",61,24,-37,37,0.0015050318324938416,0.7226824899238692
3,0,"{41, 20}",184,146,-38,38,0.0022343834862113,0.7226824899238692
3,0,"{20, 44}",187,168,-19,19,0.0032302592881023884,0.7226824899238692
3,0,"{20, 45}",210,203,-7,7,0.0032840727362781763,0.7226824899238692
3,0,"{20, 46}",83,62,-21,21,0.001597801223397255,0.7226824899238692
3,0,"{20, 47}",72,50,-22,22,0.001609328668564558,0.7226824899238692
3,0,"{20, 54}",119,86,-33,33,0.0016207852168008685,0.7226824899238692
3,0,"{56, 20}",115,170,55,55,0.0026838937774300575,0.7226824899238692
3,0,"{57, 20}",21,110,89,89,0.002371808048337698,0.7226824899238692
3,0,"{20, 62}",87,147,60,60,0.0017788560362532735,0.7226824899238692
3,0,"{21, 31}",145,102,-43,43,0.002185148885473609,0.7226824899238692
3,0,"{32, 21}",176,114,-62,62,0.0024433517828583717,0.7226824899238692
3,0,"{35, 21}",178,148,-30,30,0.0022817852441221476,0.7226824899238692
3,0,"{36, 21}",165,100,-65,65,0.002332635223865509,0.7226824899238692
3,0,"{21, 38}",132,57,-75,75,0.0020014287438243628,0.7226824899238692
3,0,"{41, 21}",122,81,-41,41,0.0026961518451571465,0.7226824899238692
3,0,"{44, 21}",53,124,71,71,0.003652868326753378,0.7226824899238692
3,0,"{45, 21}",205,226,21,21,0.003778978483751416,0.7226824899238692
3,0,"{21, 46}",127,69,-58,58,0.002074760850518942,0.7226824899238692
3,0,"{21, 47}",139,73,-66,66,0.0021101452875882387,0.7226824899238692
3,0,"{21, 54}",96,55,-41,41,0.0021084705367684364,0.7226824899238692
3,0,"{56, 21}",65,202,137,137,0.003129431512206793,0.7226824899238692
3,0,"{57, 21}",168,152,-16,16,0.0028029587119817734,0.7226824899238692
3,0,"{21, 62}",163,189,26,26,0.0022792506497353315,0.7226824899238692
3,0,"{32, 31}",16,22,6,6,0.0015733956824988127,0.7226824899238692
3,0,"{35, 31}",27,85,58,58,0.0015897414414212108,0.7226824899238692
3,0,"{36, 31}",5,7,2,2,0.0014430341543629766,0.7226824899238692
3,0,"{38, 31}",28,44,16,16,0.0010683083673939109,0.7226824899238692
3,0,"{41, 31}",74,63,-11,11,0.0017820184584707022,0.7226824899238692
3,0,"{44, 31}",194,159,-35,35,0.0027782509569078684,0.7226824899238692
3,0,"{45, 31}",138,116,-22,22,0.002896438119933009,0.7226824899238692
3,0,"{46, 31}",4,16,12,12,0.001155487960204482,0.7226824899238692
3,0,"{47, 31}",8,25,17,17,0.0011666929349303246,0.7226824899238692
3,0,"{54, 31}",43,67,24,24,0.0011968491598963737,0.7226824899238692
3,0,"{56, 31}",150,140,-10,10,0.0022197982762008905,0.7226824899238692
3,0,"{57, 31}",111,84,-27,27,0.001980384113267064,0.7226824899238692
3,0,"{62, 31}",1,135,134,134,0.0013847625814378262,0.7226824899238692
3,0,"{32, 35}",13,35,22,22,0.0017678691074252129,0.7226824899238692
3,0,"{32, 36}",2,82,80,80,0.0017208880744874477,0.7226824899238692
3,0,"{32, 38}",37,26,-11,11,0.0013344561448320746,0.7226824899238692
3,0,"{32, 41}",89,43,-46,46,0.0020552263595163822,0.7226824899238692
3,0,"{32, 44}",204,191,-13,13,0.003072446445003152,0.7226824899238692
3,0,"{32, 45}",151,130,-21,21,0.0031044501811265945,0.7226824899238692
3,0,"{32, 46}",26,36,10,10,0.0014045903226360679,0.7226824899238692
3,0,"{32, 47}",22,38,16,16,0.001450247596949339,0.7226824899238692
3,0,"{32, 54}",63,21,-42,42,0.0014397259801626205,0.7226824899238692
3,0,"{32, 56}",174,158,-16,16,0.002534945495426655,0.7226824899238692
3,0,"{32, 57}",120,94,-26,26,0.002255864907056093,0.7226824899238692
3,0,"{32, 62}",10,75,65,65,0.0016457918100059032,0.7226824899238692
3,0,"{35, 36}",14,60,46,46,0.001670151948928833,0.7226824899238692
3,0,"{35, 38}",32,5,-27,27,0.0013474180595949292,0.7226824899238692
3,0,"{41, 35}",105,52,-53,53,0.0019987754058092833,0.7226824899238692
3,0,"{35, 44}",203,195,-8,8,0.003034248249605298,0.7226824899238692
3,0,"{35, 45}",179,174,-5,5,0.0031474949792027473,0.7226824899238692
3,0,"{35, 46}",34,0,-34,34,0.0014007620047777891,0.7226824899238692
3,0,"{35, 47}",20,4,-16,16,0.0014335635351017118,0.7226824899238692
3,0,"{35, 54}",71,47,-24,24,0.001453746808692813,0.7226824899238692
3,0,"{56, 35}",169,169,0,0,0.0024813804775476456,0.7226824899238692
3,0,"{57, 35}",97,120,23,23,0.0021979217417538166,0.7226824899238692
3,0,"{35, 62}",19,229,210,210,0.0016372260870411992,0.7226824899238692
3,0,"{36, 38}",31,11,-20,20,0.0012118312297388911,0.7226824899238692
3,0,"{41, 36}",84,23,-61,61,0.0019311971263960004,0.7226824899238692
3,0,"{36, 44}",201,186,-15,15,0.002964391140267253,0.7226824899238692
3,0,"{36, 45}",147,178,31,31,0.00309912976808846,0.7226824899238692
3,0,"{36, 46}",15,33,18,18,0.001261418336071074,0.7226824899238692
3,0,"{36, 47}",12,18,6,6,0.001302163815125823,0.7226824899238692
3,0,"{36, 54}",59,6,-53,53,0.0013406636426225305,0.7226824899238692
3,0,"{56, 36}",164,139,-25,25,0.002383168786764145,0.7226824899238692
3,0,"{57, 36}",108,98,-10,10,0.002133925212547183,0.7226824899238692
3,0,"{36, 62}",0,161,161,161,0.001526728505268693,0.7226824899238692
3,0,"{41, 38}",95,31,-64,64,0.0015593643765896559,0.7226824899238692
3,0,"{44, 38}",182,136,-46,46,0.0025914888828992844,0.7226824899238692
3,0,"{45, 38}",180,127,-53,53,0.0026913639158010483,0.7226824899238692
3,0,"{46, 38}",17,28,11,11,0.0009011023794300854,0.7226824899238692
3,0,"{38, 47}",7,20,13,13,0.0009289902518503368,0.7226824899238692
3,0,"{54, 38}",56,10,-46,46,0.0009411385981366038,0.7226824899238692
3,0,"{56, 38}",123,78,-45,45,0.0020426204428076744,0.7226824899238692
3,0,"{57, 38}",82,12,-70,70,0.0018169321119785309,0.7226824899238692
3,0,"{62, 38}",29,61,32,32,0.001153952325694263,0.7226824899238692
3,0,"{41, 44}",193,164,-29,29,0.0032903668470680714,0.7226824899238692
3,0,"{41, 45}",68,179,111,111,0.003436050843447447,0.7226824899238692
3,0,"{41, 46}",77,14,-63,63,0.0016154547920450568,0.7226824899238692
3,0,"{41, 47}",85,41,-44,44,0.0016348965000361204,0.7226824899238692
3,0,"{41, 54}",44,53,9,9,0.0016519165365025401,0.7226824899238692
3,0,"{56, 41}",177,162,-15,15,0.0027519611176103354,0.7226824899238692
3,0,"{41, 57}",199,182,-17,17,0.0024701959919184446,0.7226824899238692
3,0,"{41, 62}",81,141,60,60,0.0018509132787585258,0.7226824899238692
3,0,"{44, 45}",212,211,-1,1,0.0044129169546067715,0.7226824899238692
3,0,"{44, 46}",186,185,-1,1,0.002636972116306424,0.7226824899238692
3,0,"{44, 47}",190,145,-45,45,0.0026973625645041466,0.7226824899238692
3,0,"{44, 54}",172,149,-23,23,0.002670752815902233,0.7226824899238692
3,0,"{56, 44}",45,157,112,112,0.00374000146985054,0.7226824899238692
3,0,"{57, 44}",175,171,-4,4,0.003515033982694149,0.7226824899238692
3,0,"{44, 62}",200,228,28,28,0.0028711315244436264,0.7226824899238692
3,0,"{45, 46}",149,112,-37,37,0.002755924826487899,0.7226824899238692
3,0,"{45, 47}",167,118,-49,49,0.002750605344772339,0.7226824899238692
3,0,"{45, 54}",109,93,-16,16,0.0026886819396167994,0.7226824899238692
3,0,"{56, 45}",209,209,0,0,0.0037993588484823704,0.7226824899238692
3,0,"{57, 45}",215,214,-1,1,0.003572214860469103,0.7226824899238692
3,0,"{45, 62}",144,160,16,16,0.002939873840659857,0.7226824899238692
3,0,"{46, 47}",3,19,16,16,0.0009504809859208763,0.7226824899238692
3,0,"{54, 46}",39,37,-2,2,0.0010166782885789871,0.7226824899238692
3,0,"{56, 46}",134,89,-45,45,0.0020976027008146048,0.7226824899238692
3,0,"{57, 46}",103,49,-54,54,0.0018629399128258228,0.7226824899238692
3,0,"{62, 46}",9,54,45,45,0.001254975562915206,0.7226824899238692
3,0,"{54, 47}",47,56,9,9,0.0010435120202600956,0.7226824899238692
3,0,"{56, 47}",135,79,-56,56,0.002114475704729557,0.7226824899238692
3,0,"{57, 47}",94,42,-52,52,0.0018819412216544151,0.7226824899238692
3,0,"{62, 47}",11,65,54,54,0.0012750012101605535,0.7226824899238692
3,0,"{56, 54}",130,106,-24,24,0.002122248290106654,0.7226824899238692
3,0,"{57, 54}",146,95,-51,51,0.001909592654556036,0.7226824899238692
3,0,"{62, 54}",54,115,61,61,0.0012302465038374066,0.7226824899238692
3,0,"{56, 57}",98,144,46,46,0.002923420164734125,0.7226824899238692
3,0,"{56, 62}",162,215,53,53,0.002311530988663435,0.7226824899238692
3,0,"{57, 62}",107,137,30,30,0.002061808481812477,0.7226824899238692
3,1,"{1, 2}",101,89,-12,12,0.001971630845218897,0.8248926927400362
3,1,"{1, 4}",39,21,-18,18,0.001224881736561656,0.8248926927400362
3,1,"{1, 12}",85,83,-2,2,0.0026546374429017305,0.8248926927400362
3,1,"{1, 15}",122,161,39,39,0.0030398068483918905,0.8248926927400362
3,1,"{1, 17}",49,47,-2,2,0.001985621638596058,0.8248926927400362
3,1,"{1, 19}",79,60,-19,19,0.0015216362662613392,0.8248926927400362
3,1,"{1, 23}",11,49,38,38,0.0019882312044501305,0.8248926927400362
3,1,"{1, 25}",32,28,-4,4,0.0013713677180930972,0.8248926927400362
3,1,"{1, 28}",22,31,9,9,0.00209994800388813,0.8248926927400362
3,1,"{1, 34}",86,70,-16,16,0.001872653723694384,0.8248926927400362
3,1,"{1, 37}",175,173,-2,2,0.00327203213237226,0.8248926927400362
3,1,"{1, 42}",34,25,-9,9,0.0012384317815303802,0.8248926927400362
3,1,"{48, 1}",146,154,8,8,0.0030135030392557383,0.8248926927400362
3,1,"{1, 49}",87,73,-14,14,0.0019603248219937086,0.8248926927400362
3,1,"{1, 51}",17,51,34,34,0.001506298896856606,0.8248926927400362
3,1,"{1, 55}",25,54,29,29,0.0021523223258554935,0.8248926927400362
3,1,"{1, 58}",179,160,-19,19,0.0029226315673440695,0.8248926927400362
3,1,"{1, 59}",20,104,84,84,0.0011759096523746848,0.8248926927400362
3,1,"{1, 61}",206,206,0,0,0.0045524584129452705,0.8248926927400362
3,1,"{1, 63}",104,75,-29,29,0.002209868049249053,0.8248926927400362
3,1,"{2, 4}",56,24,-32,32,0.0016684442525729537,0.8248926927400362
3,1,"{2, 12}",171,157,-14,14,0.0031508118845522404,0.8248926927400362
3,1,"{2, 15}",180,169,-11,11,0.003470011753961444,0.8248926927400362
3,1,"{17, 2}",109,77,-32,32,0.00243648374453187,0.8248926927400362
3,1,"{2, 19}",15,8,-7,7,0.0020404011011123657,0.8248926927400362
3,1,"{2, 23}",127,103,-24,24,0.00235079531557858,0.8248926927400362
3,1,"{25, 2}",77,158,81,81,0.0018667946569621563,0.8248926927400362
3,1,"{2, 28}",150,115,-35,35,0.0025261281989514828,0.8248926927400362
3,1,"{2, 34}",4,35,31,31,0.0023754704743623734,0.8248926927400362
3,1,"{2, 37}",164,188,24,24,0.0038538624066859484,0.8248926927400362
3,1,"{2, 42}",66,48,-18,18,0.0017415941692888737,0.8248926927400362
3,1,"{48, 2}",167,197,30,30,0.0036287002731114626,0.8248926927400362
3,1,"{49, 2}",5,33,28,28,0.002454630797728896,0.8248926927400362
3,1,"{2, 51}",89,139,50,50,0.0020493443589657545,0.8248926927400362
3,1,"{2, 55}",159,146,-13,13,0.0026867918204516172,0.8248926927400362
3,1,"{2, 58}",107,85,-22,22,0.0033970552030950785,0.8248926927400362
3,1,"{2, 59}",72,172,100,100,0.0016768688801676035,0.8248926927400362
3,1,"{2, 61}",196,191,-5,5,0.005252599250525236,0.8248926927400362
3,1,"{2, 63}",95,95,0,0,0.002722272416576743,0.8248926927400362
3,1,"{4, 12}",106,87,-19,19,0.0024133878760039806,0.8248926927400362
3,1,"{4, 15}",126,133,7,7,0.0028447885997593403,0.8248926927400362
3,1,"{17, 4}",38,9,-29,29,0.0017047572182491422,0.8248926927400362
3,1,"{19, 4}",30,3,-27,27,0.0011787465773522854,0.8248926927400362
3,1,"{4, 23}",60,19,-41,41,0.001707590650767088,0.8248926927400362
3,1,"{25, 4}",9,0,-9,9,0.001078678877092898,0.8248926927400362
3,1,"{4, 28}",71,13,-58,58,0.0018378811655566096,0.8248926927400362
3,1,"{34, 4}",48,7,-41,41,0.0016250459011644125,0.8248926927400362
3,1,"{4, 37}",153,112,-41,41,0.00305771897546947,0.8248926927400362
3,1,"{42, 4}",2,1,-1,1,0.0009109663078561425,0.8248926927400362
3,1,"{48, 4}",133,94,-39,39,0.0028348176274448633,0.8248926927400362
3,1,"{49, 4}",54,32,-22,22,0.0016738491831347346,0.8248926927400362
3,1,"{51, 4}",27,12,-15,15,0.0012442428851500154,0.8248926927400362
3,1,"{4, 55}",82,57,-25,25,0.0019215684151276946,0.8248926927400362
3,1,"{58, 4}",110,81,-29,29,0.0026878388598561287,0.8248926927400362
3,1,"{59, 4}",16,30,14,14,0.0008885535644367337,0.8248926927400362
3,1,"{4, 61}",198,194,-4,4,0.004561897832900286,0.8248926927400362
3,1,"{4, 63}",52,40,-12,12,0.0019751540385186672,0.8248926927400362
3,1,"{12, 15}",23,102,79,79,0.004189697094261646,0.8248926927400362
3,1,"{17, 12}",88,119,31,31,0.0031578645575791597,0.8248926927400362
3,1,"{19, 12}",138,127,-11,11,0.002782431896775961,0.8248926927400362
3,1,"{12, 23}",97,193,96,96,0.0031198286451399326,0.8248926927400362
3,1,"{25, 12}",92,66,-26,26,0.0025357722770422697,0.8248926927400362
3,1,"{12, 28}",102,122,20,20,0.003269907319918275,0.8248926927400362
3,1,"{34, 12}",166,140,-26,26,0.003076652530580759,0.8248926927400362
3,1,"{12, 37}",78,84,6,6,0.0044425418600440025,0.8248926927400362
3,1,"{42, 12}",94,72,-22,22,0.0024911793880164623,0.8248926927400362
3,1,"{48, 12}",44,79,35,35,0.0041607036255300045,0.8248926927400362
3,1,"{49, 12}",172,141,-31,31,0.0030575443524867296,0.8248926927400362
3,1,"{51, 12}",98,80,-18,18,0.0026830898132175207,0.8248926927400362
3,1,"{12, 55}",96,64,-32,32,0.0031171462032943964,0.8248926927400362
3,1,"{58, 12}",190,184,-6,6,0.004149941727519035,0.8248926927400362
3,1,"{59, 12}",93,91,-2,2,0.002389865228906274,0.8248926927400362
3,1,"{12, 61}",185,182,-3,3,0.005930076353251934,0.8248926927400362
3,1,"{12, 63}",121,99,-22,22,0.003264364320784807,0.8248926927400362
3,1,"{17, 15}",116,117,1,1,0.003512914525344968,0.8248926927400362
3,1,"{19, 15}",162,135,-27,27,0.00316752796061337,0.8248926927400362
3,1,"{23, 15}",142,148,6,6,0.0033861640840768814,0.8248926927400362
3,1,"{25, 15}",118,159,41,41,0.0029763560742139816,0.8248926927400362
3,1,"{28, 15}",154,131,-23,23,0.003554387716576457,0.8248926927400362
3,1,"{34, 15}",178,164,-14,14,0.003479564096778631,0.8248926927400362
3,1,"{37, 15}",51,98,47,47,0.004854532424360514,0.8248926927400362
3,1,"{42, 15}",119,116,-3,3,0.0028277356177568436,0.8248926927400362
3,1,"{48, 15}",26,101,75,75,0.004635268822312355,0.8248926927400362
3,1,"{49, 15}",182,168,-14,14,0.0035067459102720022,0.8248926927400362
3,1,"{51, 15}",134,156,22,22,0.003129892982542515,0.8248926927400362
3,1,"{55, 15}",144,149,5,5,0.003705316921696067,0.8248926927400362
3,1,"{58, 15}",195,192,-3,3,0.004626289010047913,0.8248926927400362
3,1,"{59, 15}",123,165,42,42,0.002780650043860078,0.8248926927400362
3,1,"{61, 15}",165,155,-10,10,0.006279376335442066,0.8248926927400362
3,1,"{63, 15}",141,150,9,9,0.0037476716097444296,0.8248926927400362
3,1,"{17, 19}",84,61,-23,23,0.002030191943049431,0.8248926927400362
3,1,"{17, 23}",59,55,-4,4,0.002430917927995324,0.8248926927400362
3,1,"{17, 25}",24,45,21,21,0.001867963350377977,0.8248926927400362
3,1,"{17, 28}",64,20,-44,44,0.0024621463380753994,0.8248926927400362
3,1,"{17, 34}",105,76,-29,29,0.002383776707574725,0.8248926927400362
3,1,"{17, 37}",158,126,-32,32,0.0038119761738926172,0.8248926927400362
3,1,"{17, 42}",31,15,-16,16,0.0017584459856152534,0.8248926927400362
3,1,"{48, 17}",139,128,-11,11,0.003601799253374338,0.8248926927400362
3,1,"{17, 49}",108,78,-30,30,0.002444603480398655,0.8248926927400362
3,1,"{17, 51}",29,62,33,33,0.0020160353742539883,0.8248926927400362
3,1,"{17, 55}",80,109,29,29,0.0026423947419971228,0.8248926927400362
3,1,"{17, 58}",181,167,-14,14,0.003505498869344592,0.8248926927400362
3,1,"{17, 59}",36,14,-22,22,0.0016799416625872254,0.8248926927400362
3,1,"{17, 61}",202,200,-2,2,0.005206857342272997,0.8248926927400362
3,1,"{17, 63}",40,74,34,34,0.0027326710987836123,0.8248926927400362
3,1,"{19, 23}",103,50,-53,53,0.001990402350202203,0.8248926927400362
3,1,"{25, 19}",46,11,-35,35,0.0013979231007397175,0.8248926927400362
3,1,"{19, 28}",111,65,-46,46,0.002142525976523757,0.8248926927400362
3,1,"{34, 19}",14,34,20,20,0.0019471936393529177,0.8248926927400362
3,1,"{19, 37}",149,114,-35,35,0.0033031306229531765,0.8248926927400362
3,1,"{42, 19}",37,2,-35,35,0.0012125229695811868,0.8248926927400362
3,1,"{48, 19}",145,170,25,25,0.003197161015123129,0.8248926927400362
3,1,"{49, 19}",18,4,-14,14,0.002007697708904743,0.8248926927400362
3,1,"{51, 19}",68,29,-39,39,0.0015665958635509014,0.8248926927400362
3,1,"{19, 55}",120,93,-27,27,0.0022453046403825283,0.8248926927400362
3,1,"{58, 19}",91,82,-9,9,0.003064171178266406,0.8248926927400362
3,1,"{59, 19}",43,27,-16,16,0.0011847417335957289,0.8248926927400362
3,1,"{19, 61}",194,185,-9,9,0.004772737622261047,0.8248926927400362
3,1,"{19, 63}",76,59,-17,17,0.002311241813004017,0.8248926927400362
3,1,"{25, 23}",45,142,97,97,0.0018254629103466868,0.8248926927400362
3,1,"{28, 23}",1,137,136,136,0.002574823098257184,0.8248926927400362
3,1,"{34, 23}",114,90,-24,24,0.002365661319345236,0.8248926927400362
3,1,"{37, 23}",183,189,6,6,0.003785698674619198,0.8248926927400362
3,1,"{42, 23}",50,26,-24,24,0.0016968947602435946,0.8248926927400362
3,1,"{48, 23}",173,179,6,6,0.0034971595741808414,0.8248926927400362
3,1,"{49, 23}",115,208,93,93,0.002407574327662587,0.8248926927400362
3,1,"{51, 23}",28,56,28,28,0.001993867103010416,0.8248926927400362
3,1,"{55, 23}",12,88,76,76,0.002630132483318448,0.8248926927400362
3,1,"{58, 23}",184,178,-6,6,0.0034047793596982956,0.8248926927400362
3,1,"{59, 23}",35,123,88,88,0.0016229808097705245,0.8248926927400362
3,1,"{61, 23}",207,207,0,0,0.005090735852718353,0.8248926927400362
3,1,"{63, 23}",117,121,4,4,0.0027175669092684984,0.8248926927400362
3,1,"{25, 28}",57,36,-21,21,0.001988303614780307,0.8248926927400362
3,1,"{25, 34}",67,22,-45,45,0.0017608576454222202,0.8248926927400362
3,1,"{25, 37}",151,106,-45,45,0.00321589270606637,0.8248926927400362
3,1,"{25, 42}",3,6,3,3,0.0011015471536666155,0.8248926927400362
3,1,"{48, 25}",131,134,3,3,0.002998584182932973,0.8248926927400362
3,1,"{25, 49}",70,52,-18,18,0.0017977370880544186,0.8248926927400362
3,1,"{25, 51}",13,10,-3,3,0.0013894831063225865,0.8248926927400362
3,1,"{25, 55}",69,43,-26,26,0.0020514961797744036,0.8248926927400362
3,1,"{25, 58}",148,176,28,28,0.0028407673817127943,0.8248926927400362
3,1,"{25, 59}",10,129,119,119,0.0010734094539657235,0.8248926927400362
3,1,"{25, 61}",201,195,-6,6,0.004716713912785053,0.8248926927400362
3,1,"{25, 63}",47,37,-10,10,0.0021078947465866804,0.8248926927400362
3,1,"{34, 28}",129,105,-24,24,0.0025118649937212467,0.8248926927400362
3,1,"{28, 37}",188,175,-13,13,0.0039620716124773026,0.8248926927400362
3,1,"{42, 28}",61,18,-43,43,0.0018639782210811973,0.8248926927400362
3,1,"{48, 28}",177,166,-11,11,0.0037154292222112417,0.8248926927400362
3,1,"{49, 28}",132,113,-19,19,0.002535851439461112,0.8248926927400362
3,1,"{51, 28}",33,44,11,11,0.0021686411928385496,0.8248926927400362
3,1,"{28, 55}",8,68,60,60,0.002786314347758889,0.8248926927400362
3,1,"{58, 28}",189,177,-12,12,0.003558898577466607,0.8248926927400362
3,1,"{59, 28}",41,174,133,133,0.001804727129638195,0.8248926927400362
3,1,"{28, 61}",208,203,-5,5,0.005550992209464312,0.8248926927400362
3,1,"{28, 63}",130,132,2,2,0.002791075734421611,0.8248926927400362
3,1,"{34, 37}",161,120,-41,41,0.0036769425496459007,0.8248926927400362
3,1,"{34, 42}",58,16,-42,42,0.0016412310069426894,0.8248926927400362
3,1,"{48, 34}",163,183,20,20,0.0035183830186724663,0.8248926927400362
3,1,"{49, 34}",0,17,17,17,0.0023498975206166506,0.8248926927400362
3,1,"{34, 51}",81,67,-14,14,0.0019403747282922268,0.8248926927400362
3,1,"{34, 55}",137,110,-27,27,0.0025327210314571857,0.8248926927400362
3,1,"{34, 58}",113,100,-13,13,0.0033727865666151047,0.8248926927400362
3,1,"{34, 59}",63,46,-17,17,0.0015880363062024117,0.8248926927400362
3,1,"{34, 61}",200,199,-1,1,0.00502175884321332,0.8248926927400362
3,1,"{34, 63}",90,63,-27,27,0.002617201069369912,0.8248926927400362
3,1,"{42, 37}",147,97,-50,50,0.003125671297311783,0.8248926927400362
3,1,"{48, 37}",21,130,109,109,0.004931580275297165,0.8248926927400362
3,1,"{49, 37}",170,153,-17,17,0.003790286835283041,0.8248926927400362
3,1,"{51, 37}",176,162,-14,14,0.003357385750859976,0.8248926927400362
3,1,"{37, 55}",187,181,-6,6,0.004027273505926132,0.8248926927400362
3,1,"{58, 37}",193,187,-6,6,0.004811060149222612,0.8248926927400362
3,1,"{59, 37}",160,138,-22,22,0.0029671292286366224,0.8248926927400362
3,1,"{61, 37}",100,86,-14,14,0.006324571557343006,0.8248926927400362
3,1,"{37, 63}",136,125,-11,11,0.004033609759062529,0.8248926927400362
3,1,"{48, 42}",128,198,70,70,0.0028919840697199106,0.8248926927400362
3,1,"{49, 42}",62,39,-23,23,0.0017300964100286365,0.8248926927400362
3,1,"{42, 51}",19,5,-14,14,0.001249933848157525,0.8248926927400362
3,1,"{42, 55}",73,42,-31,31,0.0019451972329989076,0.8248926927400362
3,1,"{42, 58}",124,108,-16,16,0.0026961322873830795,0.8248926927400362
3,1,"{42, 59}",6,41,35,35,0.0009045566548593342,0.8248926927400362
3,1,"{42, 61}",199,196,-3,3,0.00452794274315238,0.8248926927400362
3,1,"{42, 63}",53,38,-15,15,0.002012185752391815,0.8248926927400362
3,1,"{48, 49}",169,151,-18,18,0.003509052563458681,0.8248926927400362
3,1,"{48, 51}",157,144,-13,13,0.002983961720019579,0.8248926927400362
3,1,"{48, 55}",174,171,-3,3,0.003676340449601412,0.8248926927400362
3,1,"{48, 58}",191,202,11,11,0.004545856267213821,0.8248926927400362
3,1,"{48, 59}",135,111,-24,24,0.0027630727272480726,0.8248926927400362
3,1,"{48, 61}",125,124,-1,1,0.0064444164745509624,0.8248926927400362
3,1,"{48, 63}",143,145,2,2,0.0037444131448864937,0.8248926927400362
3,1,"{49, 51}",83,53,-30,30,0.001983687514439225,0.8248926927400362
3,1,"{49, 55}",140,136,-4,4,0.0025488233659416437,0.8248926927400362
3,1,"{49, 58}",112,92,-20,20,0.003392544575035572,0.8248926927400362
3,1,"{49, 59}",65,107,42,42,0.0016530611319467425,0.8248926927400362
3,1,"{49, 61}",203,209,6,6,0.005209047347307205,0.8248926927400362
3,1,"{49, 63}",99,69,-30,30,0.0026426564436405897,0.8248926927400362
3,1,"{51, 55}",42,58,16,16,0.0022158415522426367,0.8248926927400362
3,1,"{58, 51}",168,147,-21,21,0.0030035676900297403,0.8248926927400362
3,1,"{59, 51}",7,23,16,16,0.0011957462411373854,0.8248926927400362
3,1,"{51, 61}",205,204,-1,1,0.004607915412634611,0.8248926927400362
3,1,"{51, 63}",75,71,-4,4,0.002272042678669095,0.8248926927400362
3,1,"{58, 55}",192,186,-6,6,0.003627679543569684,0.8248926927400362
3,1,"{59, 55}",55,143,88,88,0.0018743817927315831,0.8248926927400362
3,1,"{61, 55}",209,205,-4,4,0.0055708191357553005,0.8248926927400362
3,1,"{63, 55}",155,96,-59,59,0.0026998119428753853,0.8248926927400362
3,1,"{58, 59}",152,118,-34,34,0.0026453479658812284,0.8248926927400362
3,1,"{58, 61}",197,190,-7,7,0.006615298800170422,0.8248926927400362
3,1,"{58, 63}",156,152,-4,4,0.0036451530177146196,0.8248926927400362
3,1,"{59, 61}",204,201,-3,3,0.004621599800884724,0.8248926927400362
3,1,"{59, 63}",74,163,89,89,0.0019340540748089552,0.8248926927400362
3,1,"{61, 63}",186,180,-6,6,0.005494026001542807,0.8248926927400362
3,2,"{3, 7}",10,0,-10,10,0.0006440352299250662,0.8957695833724768
3,2,"{9, 3}",55,32,-23,23,0.0013078555930405855,0.8957695833724768
3,2,"{10, 3}",85,72,-13,13,0.0015861920546740294,0.8957695833724768
3,2,"{3, 13}",32,34,2,2,0.001040622591972351,0.8957695833724768
3,2,"{3, 14}",161,149,-12,12,0.003167752642184496,0.8957695833724768
3,2,"{16, 3}",26,68,42,42,0.0009878674754872918,0.8957695833724768
3,2,"{3, 22}",204,172,-32,32,0.031801462173461914,0.8957695833724768
3,2,"{24, 3}",111,100,-11,11,0.0020549334585666656,0.8957695833724768
3,2,"{26, 3}",178,190,12,12,0.0043193623423576355,0.8957695833724768
3,2,"{27, 3}",13,40,27,27,0.0008067735470831394,0.8957695833724768
3,2,"{3, 29}",17,41,24,24,0.0009210424614138901,0.8957695833724768
3,2,"{3, 30}",123,107,-16,16,0.0022902963683009148,0.8957695833724768
3,2,"{33, 3}",97,90,-7,7,0.001817135838791728,0.8957695833724768
3,2,"{3, 39}",4,44,40,40,0.0006997589953243732,0.8957695833724768
3,2,"{40, 3}",68,46,-22,22,0.0014653296675533056,0.8957695833724768
3,2,"{43, 3}",12,67,55,55,0.0007140651578083634,0.8957695833724768
3,2,"{50, 3}",51,47,-4,4,0.0012235806789249182,0.8957695833724768
3,2,"{3, 52}",143,136,-7,7,0.002740289317443967,0.8957695833724768
3,2,"{3, 53}",78,49,-29,29,0.0015617855824530125,0.8957695833724768
3,2,"{3, 60}",6,50,44,44,0.000681936158798635,0.8957695833724768
3,2,"{9, 7}",50,51,1,1,0.0012487965868785977,0.8957695833724768
3,2,"{10, 7}",79,52,-27,27,0.0015188847901299596,0.8957695833724768
3,2,"{13, 7}",34,53,19,19,0.0009528496884740889,0.8957695833724768
3,2,"{14, 7}",160,148,-12,12,0.0030570081435143948,0.8957695833724768
3,2,"{16, 7}",29,64,35,35,0.0009273886098526418,0.8957695833724768
3,2,"{22, 7}",201,183,-18,18,0.032725922763347626,0.8957695833724768
3,2,"{24, 7}",113,102,-11,11,0.0019747037440538406,0.8957695833724768
3,2,"{26, 7}",177,189,12,12,0.004211373161524534,0.8957695833724768
3,2,"{27, 7}",18,31,13,13,0.0007787317153997719,0.8957695833724768
3,2,"{29, 7}",22,65,43,43,0.0008249650709331036,0.8957695833724768
3,2,"{30, 7}",114,103,-11,11,0.0022070836275815964,0.8957695833724768
3,2,"{33, 7}",99,89,-10,10,0.0017108469037339091,0.8957695833724768
3,2,"{39, 7}",14,1,-13,13,0.0007400321192108095,0.8957695833724768
3,2,"{40, 7}",62,2,-60,60,0.0013621591497212648,0.8957695833724768
3,2,"{43, 7}",9,3,-6,6,0.0006985594518482685,0.8957695833724768
3,2,"{50, 7}",44,70,26,26,0.0011490712640807033,0.8957695833724768
3,2,"{52, 7}",142,137,-5,5,0.0026128655299544334,0.8957695833724768
3,2,"{53, 7}",74,66,-8,8,0.0014419027138501406,0.8957695833724768
3,2,"{60, 7}",0,78,78,78,0.0005933229112997651,0.8957695833724768
3,2,"{9, 10}",36,80,44,44,0.00209276401437819,0.8957695833724768
3,2,"{9, 13}",42,9,-33,33,0.0015781869878992438,0.8957695833724768
3,2,"{9, 14}",154,156,2,2,0.0037457256112247705,0.8957695833724768
3,2,"{16, 9}",59,11,-48,48,0.0016056557651609182,0.8957695833724768
3,2,"{9, 22}",197,176,-21,21,0.03409142047166824,0.8957695833724768
3,2,"{24, 9}",128,116,-12,12,0.0026234344113618135,0.8957695833724768
3,2,"{9, 26}",174,201,27,27,0.004831194877624512,0.8957695833724768
3,2,"{9, 27}",69,14,-55,55,0.0014420575462281704,0.8957695833724768
3,2,"{9, 29}",73,15,-58,58,0.0014916728250682354,0.8957695833724768
3,2,"{9, 30}",139,132,-7,7,0.0028801176231354475,0.8957695833724768
3,2,"{9, 33}",109,133,24,24,0.002415059134364128,0.8957695833724768
3,2,"{9, 39}",60,17,-43,43,0.0014054514467716217,0.8957695833724768
3,2,"{40, 9}",107,93,-14,14,0.001992894569411874,0.8957695833724768
3,2,"{9, 43}",64,19,-45,45,0.0013743021991103888,0.8957695833724768
3,2,"{9, 50}",33,20,-13,13,0.0017716109286993742,0.8957695833724768
3,2,"{9, 52}",148,158,10,10,0.0032146398443728685,0.8957695833724768
3,2,"{9, 53}",105,92,-13,13,0.0020880585070699453,0.8957695833724768
3,2,"{9, 60}",53,23,-30,30,0.0012788587482646108,0.8957695833724768
3,2,"{10, 13}",76,82,6,6,0.001846720464527607,0.8957695833724768
3,2,"{10, 14}",159,167,8,8,0.003959910478442907,0.8957695833724768
3,2,"{16, 10}",88,83,-5,5,0.001852389657869935,0.8957695833724768
3,2,"{10, 22}",195,187,-8,8,0.03076045960187912,0.8957695833724768
3,2,"{24, 10}",137,140,3,3,0.0028256571386009455,0.8957695833724768
3,2,"{10, 26}",176,200,24,24,0.005028076935559511,0.8957695833724768
3,2,"{10, 27}",89,59,-30,30,0.0017007188871502876,0.8957695833724768
3,2,"{10, 29}",93,73,-20,20,0.0017397734336555004,0.8957695833724768
3,2,"{10, 30}",134,125,-9,9,0.0028768470510840416,0.8957695833724768
3,2,"{33, 10}",131,135,4,4,0.0026447016280144453,0.8957695833724768
3,2,"{10, 39}",87,28,-59,59,0.0017003940884023905,0.8957695833724768
3,2,"{40, 10}",104,96,-8,8,0.0022400510497391224,0.8957695833724768
3,2,"{10, 43}",86,27,-59,59,0.0016657888190820813,0.8957695833724768
3,2,"{10, 50}",27,77,50,50,0.0018973248079419136,0.8957695833724768
3,2,"{10, 52}",153,166,13,13,0.0033916900865733624,0.8957695833724768
3,2,"{10, 53}",102,121,19,19,0.0023648757487535477,0.8957695833724768
3,2,"{10, 60}",82,26,-56,56,0.0015165312215685844,0.8957695833724768
3,2,"{13, 14}",158,155,-3,3,0.0033782573882490396,0.8957695833724768
3,2,"{16, 13}",31,25,-6,6,0.0013107574777677655,0.8957695833724768
3,2,"{13, 22}",208,178,-30,30,0.03828376904129982,0.8957695833724768
3,2,"{24, 13}",110,104,-6,6,0.00235935696400702,0.8957695833724768
3,2,"{26, 13}",179,208,29,29,0.004571312572807074,0.8957695833724768
3,2,"{27, 13}",39,24,-15,15,0.0011440129019320011,0.8957695833724768
3,2,"{29, 13}",41,22,-19,19,0.0012023993767797947,0.8957695833724768
3,2,"{13, 30}",136,124,-12,12,0.0025496380403637886,0.8957695833724768
3,2,"{33, 13}",98,119,21,21,0.0021218382753431797,0.8957695833724768
3,2,"{13, 39}",35,21,-14,14,0.0011145374737679958,0.8957695833724768
3,2,"{40, 13}",92,79,-13,13,0.0017021454405039549,0.8957695833724768
3,2,"{43, 13}",40,18,-22,22,0.0010512358276173472,0.8957695833724768
3,2,"{50, 13}",47,16,-31,31,0.0014843823155388236,0.8957695833724768
3,2,"{52, 13}",145,145,0,0,0.0029540539253503084,0.8957695833724768
3,2,"{53, 13}",94,60,-34,34,0.0018255042377859354,0.8957695833724768
3,2,"{60, 13}",37,13,-24,24,0.000995372305624187,0.8957695833724768
3,2,"{16, 14}",170,169,-1,1,0.003461691318079829,0.8957695833724768
3,2,"{14, 22}",191,185,-6,6,0.037291549146175385,0.8957695833724768
3,2,"{24, 14}",84,91,7,7,0.004395409021526575,0.8957695833724768
3,2,"{26, 14}",83,129,46,46,0.006711483467370272,0.8957695833724768
3,2,"{27, 14}",168,153,-15,15,0.003254169365391135,0.8957695833724768
3,2,"{29, 14}",169,161,-8,8,0.0032997557427734137,0.8957695833724768
3,2,"{14, 30}",184,196,12,12,0.004497988615185022,0.8957695833724768
3,2,"{33, 14}",95,130,35,35,0.004364287946373224,0.8957695833724768
3,2,"{14, 39}",167,151,-16,16,0.0032904241234064102,0.8957695833724768
3,2,"{40, 14}",171,188,17,17,0.003740563988685608,0.8957695833724768
3,2,"{43, 14}",165,152,-13,13,0.003219354199245572,0.8957695833724768
3,2,"{50, 14}",157,160,3,3,0.0036094074603170156,0.8957695833724768
3,2,"{52, 14}",38,113,75,75,0.005020227283239365,0.8957695833724768
3,2,"{53, 14}",172,191,19,19,0.0038335570134222507,0.8957695833724768
3,2,"{60, 14}",164,150,-14,14,0.003098596353083849,0.8957695833724768
3,2,"{16, 22}",209,180,-29,29,0.03565840795636177,0.8957695833724768
3,2,"{16, 24}",132,126,-6,6,0.002319227671250701,0.8957695833724768
3,2,"{16, 26}",186,206,20,20,0.004567666444927454,0.8957695833724768
3,2,"{16, 27}",24,76,52,52,0.0010886604432016611,0.8957695833724768
3,2,"{16, 29}",25,61,36,36,0.0011791277211159468,0.8957695833724768
3,2,"{16, 30}",122,110,-12,12,0.002577060367912054,0.8957695833724768
3,2,"{16, 33}",118,131,13,13,0.002030544448643923,0.8957695833724768
3,2,"{16, 39}",23,12,-11,11,0.001103406073525548,0.8957695833724768
3,2,"{16, 40}",70,10,-60,60,0.0017486934084445238,0.8957695833724768
3,2,"{16, 43}",30,8,-22,22,0.0010696777608245611,0.8957695833724768
3,2,"{16, 50}",63,7,-56,56,0.0014977927785366774,0.8957695833724768
3,2,"{16, 52}",156,163,7,7,0.002936661010608077,0.8957695833724768
3,2,"{16, 53}",80,85,5,5,0.0018420197302475572,0.8957695833724768
3,2,"{16, 60}",28,74,46,46,0.0009592524147592485,0.8957695833724768
3,2,"{24, 22}",193,186,-7,7,0.039609022438526154,0.8957695833724768
3,2,"{26, 22}",190,199,9,9,0.04328182712197304,0.8957695833724768
3,2,"{27, 22}",206,174,-32,32,0.0346502847969532,0.8957695833724768
3,2,"{29, 22}",207,179,-28,28,0.037324342876672745,0.8957695833724768
3,2,"{22, 30}",199,184,-15,15,0.037510860711336136,0.8957695833724768
3,2,"{33, 22}",194,198,4,4,0.036645859479904175,0.8957695833724768
3,2,"{22, 39}",205,175,-30,30,0.039720647037029266,0.8957695833724768
3,2,"{40, 22}",200,177,-23,23,0.03428611531853676,0.8957695833724768
3,2,"{43, 22}",202,171,-31,31,0.034172173589468,0.8957695833724768
3,2,"{50, 22}",196,173,-23,23,0.037631284445524216,0.8957695833724768
3,2,"{52, 22}",192,195,3,3,0.04067440330982208,0.8957695833724768
3,2,"{53, 22}",198,182,-16,16,0.034982986748218536,0.8957695833724768
3,2,"{60, 22}",203,181,-22,22,0.03599810227751732,0.8957695833724768
3,2,"{24, 26}",141,157,16,16,0.005458719562739134,0.8957695833724768
3,2,"{24, 27}",127,109,-18,18,0.0021598152816295624,0.8957695833724768
3,2,"{24, 29}",130,118,-12,12,0.002202759264037013,0.8957695833724768
3,2,"{24, 30}",162,162,0,0,0.003525255247950554,0.8957695833724768
3,2,"{24, 33}",20,128,108,108,0.003107596654444933,0.8957695833724768
3,2,"{24, 39}",126,106,-20,20,0.0021647789981216192,0.8957695833724768
3,2,"{24, 40}",138,141,3,3,0.002767520723864436,0.8957695833724768
3,2,"{24, 43}",120,105,-15,15,0.0021194913424551487,0.8957695833724768
3,2,"{24, 50}",129,122,-7,7,0.002503415336832404,0.8957695833724768
3,2,"{24, 52}",45,95,50,50,0.0037916831206530333,0.8957695833724768
3,2,"{24, 53}",140,142,2,2,0.002819483168423176,0.8957695833724768
3,2,"{24, 60}",119,111,-8,8,0.0020166586618870497,0.8957695833724768
3,2,"{26, 27}",183,194,11,11,0.004430199041962624,0.8957695833724768
3,2,"{26, 29}",185,203,18,18,0.004407048691064119,0.8957695833724768
3,2,"{26, 30}",189,204,15,15,0.00569852814078331,0.8957695833724768
3,2,"{33, 26}",151,164,13,13,0.005263231229037046,0.8957695833724768
3,2,"{26, 39}",182,197,15,15,0.004437709227204323,0.8957695833724768
3,2,"{40, 26}",187,205,18,18,0.004950360860675573,0.8957695833724768
3,2,"{26, 43}",181,192,11,11,0.004299762658774853,0.8957695833724768
3,2,"{26, 50}",175,207,32,32,0.004664413630962372,0.8957695833724768
3,2,"{26, 52}",96,114,18,18,0.005809315014630556,0.8957695833724768
3,2,"{26, 53}",188,209,21,21,0.005108259152621031,0.8957695833724768
3,2,"{26, 60}",180,193,13,13,0.004235440399497747,0.8957695833724768
3,2,"{27, 29}",3,6,3,3,0.0010505260434001684,0.8957695833724768
3,2,"{27, 30}",117,98,-19,19,0.002451439620926976,0.8957695833724768
3,2,"{33, 27}",106,97,-9,9,0.0019260648405179381,0.8957695833724768
3,2,"{27, 39}",2,5,3,3,0.0009003218729048967,0.8957695833724768
3,2,"{40, 27}",57,4,-53,53,0.0015676983166486025,0.8957695833724768
3,2,"{43, 27}",11,30,19,19,0.0008771130815148354,0.8957695833724768
3,2,"{50, 27}",58,29,-29,29,0.0013365934137254953,0.8957695833724768
3,2,"{27, 52}",150,144,-6,6,0.0028404563199728727,0.8957695833724768
3,2,"{27, 53}",72,45,-27,27,0.0016670122276991606,0.8957695833724768
3,2,"{27, 60}",15,57,42,42,0.0008191068773157895,0.8957695833724768
3,2,"{29, 30}",125,112,-13,13,0.0023925499990582466,0.8957695833724768
3,2,"{33, 29}",108,123,15,15,0.0019445127109065652,0.8957695833724768
3,2,"{29, 39}",7,56,49,49,0.0010063002118840814,0.8957695833724768
3,2,"{40, 29}",67,55,-12,12,0.0016285221790894866,0.8957695833724768
3,2,"{43, 29}",16,54,38,38,0.0009735479252412915,0.8957695833724768
3,2,"{50, 29}",66,71,5,5,0.0013708800543099642,0.8957695833724768
3,2,"{52, 29}",152,154,2,2,0.002780134091153741,0.8957695833724768
3,2,"{53, 29}",81,62,-19,19,0.001709519885480404,0.8957695833724768
3,2,"{60, 29}",19,75,56,56,0.0008373399614356458,0.8957695833724768
3,2,"{33, 30}",155,165,10,10,0.0033370100427418947,0.8957695833724768
3,2,"{30, 39}",121,108,-13,13,0.002334956545382738,0.8957695833724768
3,2,"{40, 30}",49,86,37,37,0.0030346987769007683,0.8957695833724768
3,2,"{43, 30}",115,99,-16,16,0.002337452257052064,0.8957695833724768
3,2,"{50, 30}",124,115,-9,9,0.0025865649804472923,0.8957695833724768
3,2,"{52, 30}",173,202,29,29,0.0041807834059000015,0.8957695833724768
3,2,"{53, 30}",43,87,44,44,0.002982613630592823,0.8957695833724768
3,2,"{60, 30}",116,101,-15,15,0.002220784779638052,0.8957695833724768
3,2,"{33, 39}",103,120,17,17,0.0019070416456088424,0.8957695833724768
3,2,"{40, 33}",133,139,6,6,0.002551645739004016,0.8957695833724768
3,2,"{33, 43}",100,117,17,17,0.0018624686636030674,0.8957695833724768
3,2,"{33, 50}",112,134,22,22,0.0023133764043450356,0.8957695833724768
3,2,"{33, 52}",54,127,73,73,0.0037041031755506992,0.8957695833724768
3,2,"{33, 53}",135,138,3,3,0.0026486373972147703,0.8957695833724768
3,2,"{33, 60}",101,94,-7,7,0.0017536767991259694,0.8957695833724768
3,2,"{40, 39}",65,48,-17,17,0.0015430013881996274,0.8957695833724768
3,2,"{43, 39}",8,58,50,50,0.0007743893074803054,0.8957695833724768
3,2,"{50, 39}",52,43,-9,9,0.0013181936228647828,0.8957695833724768
3,2,"{52, 39}",149,143,-6,6,0.0028232550248503685,0.8957695833724768
3,2,"{53, 39}",77,42,-35,35,0.0016465844819322228,0.8957695833724768
3,2,"{60, 39}",5,39,34,34,0.0007924916571937501,0.8957695833724768
3,2,"{40, 43}",56,38,-18,18,0.0014933006605133414,0.8957695833724768
3,2,"{40, 50}",91,84,-7,7,0.0019135992042720318,0.8957695833724768
3,2,"{40, 52}",163,168,5,5,0.003327460028231144,0.8957695833724768
3,2,"{40, 53}",21,81,60,60,0.002220685128122568,0.8957695833724768
3,2,"{40, 60}",61,37,-24,24,0.0014124565059319139,0.8957695833724768
3,2,"{50, 43}",48,36,-12,12,0.001267236191779375,0.8957695833724768
3,2,"{43, 52}",144,147,3,3,0.002740815281867981,0.8957695833724768
3,2,"{43, 53}",71,35,-36,36,0.0016056632157415152,0.8957695833724768
3,2,"{43, 60}",1,33,32,32,0.0007473353180103004,0.8957695833724768
3,2,"{50, 52}",146,159,13,13,0.0031231525354087353,0.8957695833724768
3,2,"{50, 53}",90,88,-2,2,0.0019884821958839893,0.8957695833724768
3,2,"{50, 60}",46,69,23,23,0.0011825888650491834,0.8957695833724768
3,2,"{52, 53}",166,170,4,4,0.0034645760897547007,0.8957695833724768
3,2,"{52, 60}",147,146,-1,1,0.0026424864772707224,0.8957695833724768
3,2,"{60, 53}",75,63,-12,12,0.0014856169000267982,0.8957695833724768
4,0,"{2, 5}",15,139,124,124,0.0028562715742737055,0.6276806401993809
4,0,"{2, 6}",8,57,49,49,0.002792720915749669,0.6276806401993809
4,0,"{2, 7}",90,133,43,43,0.0015327398432418704,0.6276806401993809
4,0,"{2, 11}",115,79,-36,36,0.002777174348011613,0.6276806401993809
4,0,"{2, 12}",189,156,-33,33,0.0031508118845522404,0.6276806401993809
4,0,"{2, 15}",191,157,-34,34,0.003470011753961444,0.6276806401993809
4,0,"{16, 2}",118,178,60,60,0.001916408073157072,0.6276806401993809
4,0,"{17, 2}",157,86,-71,71,0.00243648374453187,0.6276806401993809
4,0,"{2, 20}",40,83,43,43,0.0023131731431931257,0.6276806401993809
4,0,"{2, 26}",183,195,12,12,0.005061372648924589,0.6276806401993809
4,0,"{2, 28}",186,127,-59,59,0.0025261281989514828,0.6276806401993809
4,0,"{2, 30}",159,163,4,4,0.0030997712165117264,0.6276806401993809
4,0,"{2, 38}",62,30,-32,32,0.001699895248748362,0.6276806401993809
4,0,"{40, 2}",155,99,-56,56,0.0022749165073037148,0.6276806401993809
4,0,"{41, 2}",167,190,23,23,0.00238556950353086,0.6276806401993809
4,0,"{2, 43}",92,43,-49,49,0.0016581923700869083,0.6276806401993809
4,0,"{2, 51}",146,181,35,35,0.0020493443589657545,0.6276806401993809
4,0,"{56, 2}",154,123,-31,31,0.00275231059640646,0.6276806401993809
4,0,"{2, 60}",77,220,143,143,0.001577603630721569,0.6276806401993809
4,0,"{2, 61}",190,144,-46,46,0.005252599250525236,0.6276806401993809
4,0,"{2, 62}",123,171,48,48,0.0019525405950844288,0.6276806401993809
4,0,"{5, 6}",4,102,98,98,0.0030890246853232384,0.6276806401993809
4,0,"{5, 7}",124,130,6,6,0.0019462675554677844,0.6276806401993809
4,0,"{11, 5}",145,131,-14,14,0.0031853073742240667,0.6276806401993809
4,0,"{12, 5}",199,161,-38,38,0.0035249339416623116,0.6276806401993809
4,0,"{5, 15}",195,162,-33,33,0.003886094782501459,0.6276806401993809
4,0,"{16, 5}",153,186,33,33,0.0022900805342942476,0.6276806401993809
4,0,"{17, 5}",185,150,-35,35,0.002856736769899726,0.6276806401993809
4,0,"{20, 5}",63,111,48,48,0.002725770231336355,0.6276806401993809
4,0,"{26, 5}",175,149,-26,26,0.005559951066970825,0.6276806401993809
4,0,"{28, 5}",197,153,-44,44,0.0029094151686877012,0.6276806401993809
4,0,"{5, 30}",181,151,-30,30,0.003501299535855651,0.6276806401993809
4,0,"{5, 38}",109,53,-56,56,0.0020952713675796986,0.6276806401993809
4,0,"{40, 5}",182,141,-41,41,0.0027151491958647966,0.6276806401993809
4,0,"{41, 5}",187,137,-50,50,0.00274415360763669,0.6276806401993809
4,0,"{43, 5}",131,73,-58,58,0.0020494305063039064,0.6276806401993809
4,0,"{51, 5}",162,140,-22,22,0.0024062360171228647,0.6276806401993809
4,0,"{56, 5}",172,146,-26,26,0.0032442633528262377,0.6276806401993809
4,0,"{60, 5}",119,101,-18,18,0.0019358418649062514,0.6276806401993809
4,0,"{61, 5}",178,147,-31,31,0.005787604954093695,0.6276806401993809
4,0,"{5, 62}",156,134,-22,22,0.002344307955354452,0.6276806401993809
4,0,"{6, 7}",121,176,55,55,0.0018607421079650521,0.6276806401993809
4,0,"{11, 6}",126,82,-44,44,0.003061312949284911,0.6276806401993809
4,0,"{12, 6}",198,155,-43,43,0.0033603350166231394,0.6276806401993809
4,0,"{6, 15}",194,164,-30,30,0.00379932695068419,0.6276806401993809
4,0,"{16, 6}",148,187,39,39,0.0022186373826116323,0.6276806401993809
4,0,"{17, 6}",180,132,-48,48,0.0027670084964483976,0.6276806401993809
4,0,"{20, 6}",50,48,-2,2,0.002632235176861286,0.6276806401993809
4,0,"{26, 6}",161,126,-35,35,0.005295742303133011,0.6276806401993809
4,0,"{28, 6}",196,148,-48,48,0.0028690125327557325,0.6276806401993809
4,0,"{6, 30}",173,129,-44,44,0.0033177463337779045,0.6276806401993809
4,0,"{38, 6}",96,47,-49,49,0.0019936382304877043,0.6276806401993809
4,0,"{40, 6}",177,119,-58,58,0.0026319099124521017,0.6276806401993809
4,0,"{41, 6}",188,166,-22,22,0.002683683531358838,0.6276806401993809
4,0,"{43, 6}",122,74,-48,48,0.0019943860825151205,0.6276806401993809
4,0,"{51, 6}",158,114,-44,44,0.0022907762322574854,0.6276806401993809
4,0,"{56, 6}",164,194,30,30,0.00312109780497849,0.6276806401993809
4,0,"{60, 6}",105,223,118,118,0.0018853493966162205,0.6276806401993809
4,0,"{61, 6}",176,135,-41,41,0.0056994156911969185,0.6276806401993809
4,0,"{62, 6}",152,118,-34,34,0.002292296150699258,0.6276806401993809
4,0,"{11, 7}",114,33,-81,81,0.0017822975059971213,0.6276806401993809
4,0,"{12, 7}",132,189,57,57,0.0022520865313708782,0.6276806401993809
4,0,"{15, 7}",163,168,5,5,0.0026577620301395655,0.6276806401993809
4,0,"{16, 7}",19,69,50,50,0.0009273886098526418,0.6276806401993809
4,0,"{17, 7}",65,34,-31,31,0.0015552337281405926,0.6276806401993809
4,0,"{20, 7}",83,89,6,6,0.0013566199922934175,0.6276806401993809
4,0,"{26, 7}",211,225,14,14,0.004211373161524534,0.6276806401993809
4,0,"{28, 7}",75,170,95,95,0.0016705900197848678,0.6276806401993809
4,0,"{30, 7}",143,221,78,78,0.0022070836275815964,0.6276806401993809
4,0,"{38, 7}",17,29,12,12,0.0006908122450113297,0.6276806401993809
4,0,"{40, 7}",51,191,140,140,0.0013621591497212648,0.6276806401993809
4,0,"{41, 7}",54,179,125,125,0.00142480933573097,0.6276806401993809
4,0,"{43, 7}",2,192,190,190,0.0006985594518482685,0.6276806401993809
4,0,"{51, 7}",23,93,70,70,0.0010514649329707026,0.6276806401993809
4,0,"{56, 7}",110,196,86,86,0.0018974901176989079,0.6276806401993809
4,0,"{60, 7}",7,78,71,71,0.0005933229112997651,0.6276806401993809
4,0,"{61, 7}",212,219,7,7,0.004209984093904495,0.6276806401993809
4,0,"{62, 7}",20,32,12,12,0.0010130220325663686,0.6276806401993809
4,0,"{11, 12}",91,110,19,19,0.0034978436306118965,0.6276806401993809
4,0,"{11, 15}",71,113,42,42,0.00386776402592659,0.6276806401993809
4,0,"{16, 11}",104,52,-52,52,0.0021731466986238956,0.6276806401993809
4,0,"{17, 11}",68,51,-17,17,0.0027636538725346327,0.6276806401993809
4,0,"{11, 20}",59,40,-19,19,0.0025991457514464855,0.6276806401993809
4,0,"{26, 11}",200,160,-40,40,0.005506671965122223,0.6276806401993809
4,0,"{11, 28}",151,91,-60,60,0.002922976855188608,0.6276806401993809
4,0,"{11, 30}",25,62,37,37,0.003463606582954526,0.6276806401993809
4,0,"{11, 38}",95,16,-79,79,0.0019648580346256495,0.6276806401993809
4,0,"{40, 11}",88,21,-67,67,0.002595207653939724,0.6276806401993809
4,0,"{41, 11}",149,80,-69,69,0.0027001439593732357,0.6276806401993809
4,0,"{43, 11}",107,11,-96,96,0.0019353603711351752,0.6276806401993809
4,0,"{51, 11}",99,45,-54,54,0.00232790969312191,0.6276806401993809
4,0,"{56, 11}",32,66,34,34,0.003093346720561385,0.6276806401993809
4,0,"{11, 60}",100,185,85,85,0.0018410710617899895,0.6276806401993809
4,0,"{11, 61}",192,138,-54,54,0.0053722369484603405,0.6276806401993809
4,0,"{11, 62}",112,64,-48,48,0.0021639468614012003,0.6276806401993809
4,0,"{12, 15}",31,109,78,78,0.004189697094261646,0.6276806401993809
4,0,"{16, 12}",138,124,-14,14,0.0026138825342059135,0.6276806401993809
4,0,"{17, 12}",37,105,68,68,0.0031578645575791597,0.6276806401993809
4,0,"{12, 20}",170,121,-49,49,0.00296240346506238,0.6276806401993809
4,0,"{26, 12}",226,216,-10,10,0.005574535578489304,0.6276806401993809
4,0,"{12, 28}",60,106,46,46,0.003269907319918275,0.6276806401993809
4,0,"{12, 30}",41,85,44,44,0.0037458252627402544,0.6276806401993809
4,0,"{12, 38}",150,88,-62,62,0.0024232862051576376,0.6276806401993809
4,0,"{40, 12}",44,92,48,48,0.0030031537171453238,0.6276806401993809
4,0,"{41, 12}",76,61,-15,15,0.0031053770799189806,0.6276806401993809
4,0,"{43, 12}",142,84,-58,58,0.0023849080316722393,0.6276806401993809
4,0,"{51, 12}",81,87,6,6,0.0026830898132175207,0.6276806401993809
4,0,"{56, 12}",33,104,71,71,0.0035165634471923113,0.6276806401993809
4,0,"{12, 60}",147,108,-39,39,0.0023006005212664604,0.6276806401993809
4,0,"{12, 61}",213,210,-3,3,0.005930076353251934,0.6276806401993809
4,0,"{12, 62}",133,180,47,47,0.0026588402688503265,0.6276806401993809
4,0,"{16, 15}",165,172,7,7,0.0030347146093845367,0.6276806401993809
4,0,"{17, 15}",79,107,28,28,0.003512914525344968,0.6276806401993809
4,0,"{20, 15}",171,145,-26,26,0.0034115705639123917,0.6276806401993809
4,0,"{26, 15}",217,212,-5,5,0.006139808800071478,0.6276806401993809
4,0,"{28, 15}",136,100,-36,36,0.003554387716576457,0.6276806401993809
4,0,"{30, 15}",27,128,101,101,0.00413209805265069,0.6276806401993809
4,0,"{38, 15}",174,120,-54,54,0.0028270056936889887,0.6276806401993809
4,0,"{40, 15}",97,96,-1,1,0.0033307934645563364,0.6276806401993809
4,0,"{41, 15}",144,103,-41,41,0.003477738006040454,0.6276806401993809
4,0,"{43, 15}",166,122,-44,44,0.0027643844950944185,0.6276806401993809
4,0,"{51, 15}",139,136,-3,3,0.003129892982542515,0.6276806401993809
4,0,"{56, 15}",36,117,81,81,0.0038378217723220587,0.6276806401993809
4,0,"{60, 15}",168,206,38,38,0.002675034338608384,0.6276806401993809
4,0,"{61, 15}",203,198,-5,5,0.006279376335442066,0.6276806401993809
4,0,"{62, 15}",169,154,-15,15,0.0029977383092045784,0.6276806401993809
4,0,"{16, 17}",56,20,-36,36,0.001935503794811666,0.6276806401993809
4,0,"{16, 20}",80,25,-55,55,0.0017218817956745625,0.6276806401993809
4,0,"{16, 26}",214,214,0,0,0.004567666444927454,0.6276806401993809
4,0,"{16, 28}",87,42,-45,45,0.0020687503274530172,0.6276806401993809
4,0,"{16, 30}",130,71,-59,59,0.002577060367912054,0.6276806401993809
4,0,"{16, 38}",16,35,19,19,0.0010406657820567489,0.6276806401993809
4,0,"{16, 40}",48,26,-22,22,0.0017486934084445238,0.6276806401993809
4,0,"{16, 41}",70,152,82,82,0.001762646366842091,0.6276806401993809
4,0,"{16, 43}",11,28,17,17,0.0010696777608245611,0.6276806401993809
4,0,"{16, 51}",26,116,90,90,0.0014123315922915936,0.6276806401993809
4,0,"{16, 56}",103,77,-26,26,0.002250717021524906,0.6276806401993809
4,0,"{16, 60}",13,39,26,26,0.0009592524147592485,0.6276806401993809
4,0,"{16, 61}",219,205,-14,14,0.004405416548252106,0.6276806401993809
4,0,"{16, 62}",0,50,50,50,0.0013317171251401305,0.6276806401993809
4,0,"{17, 20}",127,97,-30,30,0.00230771373026073,0.6276806401993809
4,0,"{17, 26}",223,211,-12,12,0.005100868176668882,0.6276806401993809
4,0,"{17, 28}",42,10,-32,32,0.0024621463380753994,0.6276806401993809
4,0,"{17, 30}",53,60,7,7,0.003096833359450102,0.6276806401993809
4,0,"{17, 38}",84,17,-67,67,0.0016939113847911358,0.6276806401993809
4,0,"{40, 17}",6,27,21,21,0.0022785980254411697,0.6276806401993809
4,0,"{17, 41}",46,18,-28,28,0.00240657152608037,0.6276806401993809
4,0,"{17, 43}",64,15,-49,49,0.0016618630615994334,0.6276806401993809
4,0,"{17, 51}",28,75,47,47,0.0020160353742539883,0.6276806401993809
4,0,"{56, 17}",35,72,37,37,0.0027817930094897747,0.6276806401993809
4,0,"{17, 60}",72,37,-35,35,0.0015680824872106314,0.6276806401993809
4,0,"{17, 61}",216,193,-23,23,0.005206857342272997,0.6276806401993809
4,0,"{17, 62}",55,90,35,35,0.0019570165313780308,0.6276806401993809
4,0,"{26, 20}",184,142,-42,42,0.004958895035088062,0.6276806401993809
4,0,"{20, 28}",179,125,-54,54,0.002429799409583211,0.6276806401993809
4,0,"{20, 30}",125,70,-55,55,0.002907338785007596,0.6276806401993809
4,0,"{20, 38}",47,5,-42,42,0.0015050318324938416,0.6276806401993809
4,0,"{40, 20}",128,65,-63,63,0.00216377479955554,0.6276806401993809
4,0,"{41, 20}",160,95,-65,65,0.0022343834862113,0.6276806401993809
4,0,"{43, 20}",73,9,-64,64,0.0014916802756488323,0.6276806401993809
4,0,"{51, 20}",117,54,-63,63,0.0018697729101404548,0.6276806401993809
4,0,"{56, 20}",120,98,-22,22,0.0026838937774300575,0.6276806401993809
4,0,"{20, 60}",57,56,-1,1,0.0013859609607607126,0.6276806401993809
4,0,"{20, 61}",193,143,-50,50,0.005101421382278204,0.6276806401993809
4,0,"{20, 62}",89,158,69,69,0.0017788560362532735,0.6276806401993809
4,0,"{26, 28}",230,228,-2,2,0.005285251419991255,0.6276806401993809
4,0,"{26, 30}",205,182,-23,23,0.00569852814078331,0.6276806401993809
4,0,"{26, 38}",204,175,-29,29,0.004350095521658659,0.6276806401993809
4,0,"{40, 26}",225,208,-17,17,0.004950360860675573,0.6276806401993809
4,0,"{41, 26}",229,227,-2,2,0.005049577448517084,0.6276806401993809
4,0,"{26, 43}",210,201,-9,9,0.004299762658774853,0.6276806401993809
4,0,"{26, 51}",224,202,-22,22,0.004598561674356461,0.6276806401993809
4,0,"{56, 26}",207,188,-19,19,0.005467025097459555,0.6276806401993809
4,0,"{26, 60}",206,203,-3,3,0.004235440399497747,0.6276806401993809
4,0,"{26, 61}",86,94,8,8,0.008069619536399841,0.6276806401993809
4,0,"{26, 62}",218,229,11,11,0.004593682009726763,0.6276806401993809
4,0,"{28, 30}",129,76,-53,53,0.0031804987229406834,0.6276806401993809
4,0,"{28, 38}",116,12,-104,104,0.0018335905624553561,0.6276806401993809
4,0,"{40, 28}",29,19,-10,10,0.0024277828633785248,0.6276806401993809
4,0,"{41, 28}",5,14,9,9,0.0025286234449595213,0.6276806401993809
4,0,"{43, 28}",85,4,-81,81,0.001781394355930388,0.6276806401993809
4,0,"{51, 28}",39,67,28,28,0.0021686411928385496,0.6276806401993809
4,0,"{56, 28}",98,46,-52,52,0.002855907194316387,0.6276806401993809
4,0,"{28, 60}",94,222,128,128,0.00170957634691149,0.6276806401993809
4,0,"{28, 61}",228,224,-4,4,0.005550992209464312,0.6276806401993809
4,0,"{28, 62}",82,230,148,148,0.002082864288240671,0.6276806401993809
4,0,"{38, 30}",140,59,-81,81,0.0023428325075656176,0.6276806401993809
4,0,"{40, 30}",69,49,-20,20,0.0030346987769007683,0.6276806401993809
4,0,"{41, 30}",134,63,-71,71,0.003024091012775898,0.6276806401993809
4,0,"{43, 30}",141,184,43,43,0.002337452257052064,0.6276806401993809
4,0,"{51, 30}",102,68,-34,34,0.0026520099490880966,0.6276806401993809
4,0,"{56, 30}",9,159,150,150,0.003476646263152361,0.6276806401993809
4,0,"{60, 30}",137,112,-25,25,0.002220784779638052,0.6276806401993809
4,0,"{61, 30}",201,173,-28,28,0.005863299127668142,0.6276806401993809
4,0,"{62, 30}",135,218,83,83,0.0026218800339847803,0.6276806401993809
4,0,"{40, 38}",67,0,-67,67,0.001505135791376233,0.6276806401993809
4,0,"{41, 38}",93,13,-80,80,0.0015593643765896559,0.6276806401993809
4,0,"{43, 38}",10,2,-8,8,0.0008067801245488226,0.6276806401993809
4,0,"{51, 38}",45,1,-44,44,0.0011770975543186069,0.6276806401993809
4,0,"{56, 38}",113,23,-90,90,0.0020426204428076744,0.6276806401993809
4,0,"{60, 38}",3,169,166,166,0.0007312503294087946,0.6276806401993809
4,0,"{61, 38}",208,177,-31,31,0.004443414509296417,0.6276806401993809
4,0,"{62, 38}",21,31,10,10,0.001153952325694263,0.6276806401993809
4,0,"{40, 41}",30,7,-23,23,0.002169632585719228,0.6276806401993809
4,0,"{40, 43}",52,6,-46,46,0.0014933006605133414,0.6276806401993809
4,0,"{40, 51}",14,22,8,8,0.0018694070167839527,0.6276806401993809
4,0,"{40, 56}",49,24,-25,25,0.0026209470815956593,0.6276806401993809
4,0,"{40, 60}",58,213,155,155,0.0014124565059319139,0.6276806401993809
4,0,"{40, 61}",220,204,-16,16,0.004986522253602743,0.6276806401993809
4,0,"{40, 62}",43,174,131,131,0.0017908697482198477,0.6276806401993809
4,0,"{41, 43}",61,3,-58,58,0.001530567998997867,0.6276806401993809
4,0,"{41, 51}",34,115,81,81,0.0018901029834523797,0.6276806401993809
4,0,"{56, 41}",101,58,-43,43,0.0027519611176103354,0.6276806401993809
4,0,"{41, 60}",78,200,122,122,0.0014575222739949822,0.6276806401993809
4,0,"{41, 61}",227,226,-1,1,0.0052164699882268906,0.6276806401993809
4,0,"{41, 62}",66,81,15,15,0.0018509132787585258,0.6276806401993809
4,0,"{51, 43}",24,8,-16,16,0.0012080685701221228,0.6276806401993809
4,0,"{56, 43}",111,44,-67,67,0.002009415067732334,0.6276806401993809
4,0,"{43, 60}",1,165,164,164,0.0007473353180103004,0.6276806401993809
4,0,"{43, 61}",215,197,-18,18,0.004406918305903673,0.6276806401993809
4,0,"{43, 62}",12,38,26,26,0.001147130155004561,0.6276806401993809
4,0,"{56, 51}",74,167,93,93,0.002394283888861537,0.6276806401993809
4,0,"{51, 60}",38,41,3,3,0.0010997200151905417,0.6276806401993809
4,0,"{51, 61}",221,209,-12,12,0.004607915412634611,0.6276806401993809
4,0,"{51, 62}",22,55,33,33,0.0015071923844516277,0.6276806401993809
4,0,"{56, 60}",108,215,107,107,0.0019193112384527922,0.6276806401993809
4,0,"{56, 61}",202,183,-19,19,0.005738969426602125,0.6276806401993809
4,0,"{56, 62}",106,217,111,111,0.002311530988663435,0.6276806401993809
4,0,"{60, 61}",209,199,-10,10,0.004228981211781502,0.6276806401993809
4,0,"{60, 62}",18,36,18,18,0.0010318963322788477,0.6276806401993809
4,0,"{61, 62}",222,207,-15,15,0.0048587205819785595,0.6276806401993809
4,1,"{0, 1}",105,99,-6,6,0.0018130203243345022,0.8523400271467121
4,1,"{0, 3}",70,57,-13,13,0.0014465871499851346,0.8523400271467121
4,1,"{0, 8}",61,56,-5,5,0.0013890110421925783,0.8523400271467121
4,1,"{0, 10}",16,111,95,95,0.0022814408876001835,0.8523400271467121
4,1,"{0, 13}",65,55,-10,10,0.0017480076057836413,0.8523400271467121
4,1,"{0, 14}",157,168,11,11,0.003820969257503748,0.8523400271467121
4,1,"{0, 22}",199,205,6,6,0.03307231143116951,0.8523400271467121
4,1,"{0, 23}",119,95,-24,24,0.002215942833572626,0.8523400271467121
4,1,"{0, 24}",128,136,8,8,0.0027753738686442375,0.8523400271467121
4,1,"{0, 27}",79,53,-26,26,0.001575272879563272,0.8523400271467121
4,1,"{0, 29}",89,52,-37,37,0.0016269269399344921,0.8523400271467121
4,1,"{0, 31}",98,78,-20,20,0.0017192461527884007,0.8523400271467121
4,1,"{0, 37}",146,174,28,28,0.003664972959086299,0.8523400271467121
4,1,"{0, 39}",81,51,-30,30,0.001554313232190907,0.8523400271467121
4,1,"{0, 46}",64,49,-15,15,0.0015639114426448941,0.8523400271467121
4,1,"{0, 48}",82,106,24,24,0.0034423850011080503,0.8523400271467121
4,1,"{0, 53}",5,47,42,42,0.0022101239301264286,0.8523400271467121
4,1,"{0, 57}",118,123,5,5,0.0024183818604797125,0.8523400271467121
4,1,"{0, 58}",136,153,17,17,0.003257902804762125,0.8523400271467121
4,1,"{0, 59}",87,45,-42,42,0.0015133148990571499,0.8523400271467121
4,1,"{1, 3}",37,44,7,7,0.001123306923545897,0.8523400271467121
4,1,"{8, 1}",42,73,31,31,0.0010796040296554565,0.8523400271467121
4,1,"{1, 10}",111,90,-21,21,0.0018571169348433614,0.8523400271467121
4,1,"{1, 13}",55,50,-5,5,0.0014232577523216605,0.8523400271467121
4,1,"{1, 14}",173,173,0,0,0.0034527757670730352,0.8523400271467121
4,1,"{1, 22}",200,195,-5,5,0.027974339202046394,0.8523400271467121
4,1,"{1, 23}",54,92,38,38,0.0019882312044501305,0.8523400271467121
4,1,"{24, 1}",117,102,-15,15,0.0023824383970350027,0.8523400271467121
4,1,"{1, 27}",22,64,42,42,0.001247153733856976,0.8523400271467121
4,1,"{1, 29}",15,86,71,71,0.0012927160132676363,0.8523400271467121
4,1,"{1, 31}",7,66,59,59,0.0014134278753772378,0.8523400271467121
4,1,"{1, 37}",155,170,15,15,0.00327203213237226,0.8523400271467121
4,1,"{1, 39}",31,71,40,40,0.001208669156767428,0.8523400271467121
4,1,"{1, 46}",51,68,17,17,0.0012439214624464512,0.8523400271467121
4,1,"{48, 1}",170,155,-15,15,0.0030135030392557383,0.8523400271467121
4,1,"{1, 53}",110,98,-12,12,0.0019003330962732434,0.8523400271467121
4,1,"{1, 57}",69,101,32,32,0.0020587812177836895,0.8523400271467121
4,1,"{1, 58}",141,180,39,39,0.0029226315673440695,0.8523400271467121
4,1,"{1, 59}",48,67,19,19,0.0011759096523746848,0.8523400271467121
4,1,"{8, 3}",0,63,63,63,0.0005822561797685921,0.8523400271467121
4,1,"{10, 3}",91,62,-29,29,0.0015861920546740294,0.8523400271467121
4,1,"{3, 13}",38,43,5,5,0.001040622591972351,0.8523400271467121
4,1,"{3, 14}",182,181,-1,1,0.003167752642184496,0.8523400271467121
4,1,"{3, 22}",207,196,-11,11,0.031801462173461914,0.8523400271467121
4,1,"{3, 23}",66,30,-36,36,0.0016287934267893434,0.8523400271467121
4,1,"{24, 3}",127,114,-13,13,0.0020549334585666656,0.8523400271467121
4,1,"{27, 3}",13,16,3,3,0.0008067735470831394,0.8523400271467121
4,1,"{3, 29}",18,15,-3,3,0.0009210424614138901,0.8523400271467121
4,1,"{3, 31}",28,14,-14,14,0.0010123108513653278,0.8523400271467121
4,1,"{3, 37}",169,154,-15,15,0.0029301783069968224,0.8523400271467121
4,1,"{3, 39}",2,12,10,10,0.0006997589953243732,0.8523400271467121
4,1,"{3, 46}",23,11,-12,12,0.0007970177684910595,0.8523400271467121
4,1,"{48, 3}",159,141,-18,18,0.002757687121629715,0.8523400271467121
4,1,"{3, 53}",86,9,-77,77,0.0015617855824530125,0.8523400271467121
4,1,"{57, 3}",100,91,-9,9,0.0017515463987365365,0.8523400271467121
4,1,"{58, 3}",149,147,-2,2,0.0025824543554335833,0.8523400271467121
4,1,"{59, 3}",12,7,-5,5,0.0007790517993271351,0.8523400271467121
4,1,"{8, 10}",80,6,-74,74,0.0015488541685044765,0.8523400271467121
4,1,"{8, 13}",36,5,-31,31,0.0009416512912139297,0.8523400271467121
4,1,"{8, 14}",181,171,-10,10,0.0030378776136785746,0.8523400271467121
4,1,"{8, 22}",205,199,-6,6,0.03292408213019371,0.8523400271467121
4,1,"{8, 23}",67,2,-65,65,0.0015019787242636085,0.8523400271467121
4,1,"{8, 24}",126,115,-11,11,0.002000950276851654,0.8523400271467121
4,1,"{8, 27}",17,18,1,1,0.0007601910619996488,0.8523400271467121
4,1,"{8, 29}",25,72,47,47,0.0008666518842801452,0.8523400271467121
4,1,"{8, 31}",33,19,-14,14,0.0009628176921978593,0.8523400271467121
4,1,"{8, 37}",166,143,-23,23,0.0028747667092829943,0.8523400271467121
4,1,"{8, 39}",8,21,13,13,0.0006731064058840275,0.8523400271467121
4,1,"{8, 46}",20,39,19,19,0.000740701740141958,0.8523400271467121
4,1,"{8, 48}",154,133,-21,21,0.0026920021045953035,0.8523400271467121
4,1,"{8, 53}",74,38,-36,36,0.0014591030776500702,0.8523400271467121
4,1,"{8, 57}",97,75,-22,22,0.0016763833118602633,0.8523400271467121
4,1,"{8, 58}",145,151,6,6,0.002435858827084303,0.8523400271467121
4,1,"{8, 59}",11,36,25,25,0.0007229191833175719,0.8523400271467121
4,1,"{10, 13}",73,35,-38,38,0.001846720464527607,0.8523400271467121
4,1,"{10, 14}",139,166,27,27,0.003959910478442907,0.8523400271467121
4,1,"{10, 22}",197,203,6,6,0.03076045960187912,0.8523400271467121
4,1,"{10, 23}",116,117,1,1,0.002396895783022046,0.8523400271467121
4,1,"{24, 10}",124,135,11,11,0.0028256571386009455,0.8523400271467121
4,1,"{10, 27}",93,33,-60,60,0.0017007188871502876,0.8523400271467121
4,1,"{10, 29}",101,76,-25,25,0.0017397734336555004,0.8523400271467121
4,1,"{10, 31}",107,84,-23,23,0.0018685604445636272,0.8523400271467121
4,1,"{10, 37}",138,165,27,27,0.0037362067960202694,0.8523400271467121
4,1,"{10, 39}",94,40,-54,54,0.0017003940884023905,0.8523400271467121
4,1,"{10, 46}",77,31,-46,46,0.001719674444757402,0.8523400271467121
4,1,"{48, 10}",72,105,33,33,0.0035602839197963476,0.8523400271467121
4,1,"{10, 53}",6,104,98,98,0.0023648757487535477,0.8523400271467121
4,1,"{57, 10}",115,108,-7,7,0.0025156806223094463,0.8523400271467121
4,1,"{10, 58}",134,142,8,8,0.003384989220649004,0.8523400271467121
4,1,"{10, 59}",104,81,-23,23,0.0016675597289577127,0.8523400271467121
4,1,"{13, 14}",177,161,-16,16,0.0033782573882490396,0.8523400271467121
4,1,"{13, 22}",201,194,-7,7,0.03828376904129982,0.8523400271467121
4,1,"{13, 23}",95,25,-70,70,0.0018743207911029458,0.8523400271467121
4,1,"{24, 13}",135,120,-15,15,0.00235935696400702,0.8523400271467121
4,1,"{27, 13}",47,23,-24,24,0.0011440129019320011,0.8523400271467121
4,1,"{29, 13}",50,22,-28,28,0.0012023993767797947,0.8523400271467121
4,1,"{13, 31}",53,87,34,34,0.0012503723846748471,0.8523400271467121
4,1,"{37, 13}",172,163,-9,9,0.003209793008863926,0.8523400271467121
4,1,"{13, 39}",44,60,16,16,0.0011145374737679958,0.8523400271467121
4,1,"{13, 46}",14,13,-1,1,0.001140184118412435,0.8523400271467121
4,1,"{48, 13}",151,134,-17,17,0.003029729938134551,0.8523400271467121
4,1,"{53, 13}",71,24,-47,47,0.0018255042377859354,0.8523400271467121
4,1,"{57, 13}",114,85,-29,29,0.001989796757698059,0.8523400271467121
4,1,"{58, 13}",147,176,29,29,0.0028511129785329103,0.8523400271467121
4,1,"{59, 13}",39,0,-39,39,0.0010755987605080009,0.8523400271467121
4,1,"{14, 22}",190,206,16,16,0.037291549146175385,0.8523400271467121
4,1,"{14, 23}",131,126,-5,5,0.004001162014901638,0.8523400271467121
4,1,"{24, 14}",68,103,35,35,0.004395409021526575,0.8523400271467121
4,1,"{27, 14}",175,162,-13,13,0.003254169365391135,0.8523400271467121
4,1,"{29, 14}",180,169,-11,11,0.0032997557427734137,0.8523400271467121
4,1,"{14, 31}",176,160,-16,16,0.003384560579434037,0.8523400271467121
4,1,"{37, 14}",34,119,85,85,0.00534208957105875,0.8523400271467121
4,1,"{14, 39}",186,185,-1,1,0.0032904241234064102,0.8523400271467121
4,1,"{46, 14}",178,172,-6,6,0.0032911207526922226,0.8523400271467121
4,1,"{48, 14}",189,208,19,19,0.005185797344893217,0.8523400271467121
4,1,"{53, 14}",153,150,-3,3,0.0038335570134222507,0.8523400271467121
4,1,"{57, 14}",112,107,-5,5,0.004064769949764013,0.8523400271467121
4,1,"{58, 14}",43,130,87,87,0.005153590813279152,0.8523400271467121
4,1,"{59, 14}",187,187,0,0,0.0031738257966935635,0.8523400271467121
4,1,"{22, 23}",196,202,6,6,0.03143046423792839,0.8523400271467121
4,1,"{24, 22}",193,192,-1,1,0.039609022438526154,0.8523400271467121
4,1,"{27, 22}",202,198,-4,4,0.0346502847969532,0.8523400271467121
4,1,"{29, 22}",206,193,-13,13,0.037324342876672745,0.8523400271467121
4,1,"{22, 31}",203,204,1,1,0.03436620905995369,0.8523400271467121
4,1,"{37, 22}",191,190,-1,1,0.03787985071539879,0.8523400271467121
4,1,"{22, 39}",208,201,-7,7,0.039720647037029266,0.8523400271467121
4,1,"{46, 22}",204,200,-4,4,0.03452173247933388,0.8523400271467121
4,1,"{48, 22}",195,189,-6,6,0.036817170679569244,0.8523400271467121
4,1,"{53, 22}",198,197,-1,1,0.034982986748218536,0.8523400271467121
4,1,"{57, 22}",194,188,-6,6,0.040378157049417496,0.8523400271467121
4,1,"{58, 22}",192,209,17,17,0.03940032795071602,0.8523400271467121
4,1,"{59, 22}",209,191,-18,18,0.032090406864881516,0.8523400271467121
4,1,"{24, 23}",52,100,48,48,0.0028347650077193975,0.8523400271467121
4,1,"{27, 23}",58,26,-32,32,0.0017092694761231542,0.8523400271467121
4,1,"{29, 23}",60,27,-33,33,0.0017428799765184522,0.8523400271467121
4,1,"{31, 23}",57,28,-29,29,0.0018234658055007458,0.8523400271467121
4,1,"{37, 23}",113,122,9,9,0.003785698674619198,0.8523400271467121
4,1,"{39, 23}",63,29,-34,34,0.0017041019164025784,0.8523400271467121
4,1,"{46, 23}",84,32,-52,52,0.001748410752043128,0.8523400271467121
4,1,"{48, 23}",183,182,-1,1,0.0034971595741808414,0.8523400271467121
4,1,"{53, 23}",123,121,-2,2,0.0021560657769441605,0.8523400271467121
4,1,"{57, 23}",26,109,83,83,0.0025374973192811012,0.8523400271467121
4,1,"{58, 23}",103,127,24,24,0.0034047793596982956,0.8523400271467121
4,1,"{59, 23}",85,34,-51,51,0.0016229808097705245,0.8523400271467121
4,1,"{24, 27}",120,93,-27,27,0.0021598152816295624,0.8523400271467121
4,1,"{24, 29}",125,113,-12,12,0.002202759264037013,0.8523400271467121
4,1,"{24, 31}",121,94,-27,27,0.002333997981622815,0.8523400271467121
4,1,"{24, 37}",56,110,54,54,0.004188209306448698,0.8523400271467121
4,1,"{24, 39}",129,116,-13,13,0.0021647789981216192,0.8523400271467121
4,1,"{24, 46}",130,112,-18,18,0.0022121225483715534,0.8523400271467121
4,1,"{24, 48}",185,186,1,1,0.003938672598451376,0.8523400271467121
4,1,"{24, 53}",133,128,-5,5,0.002819483168423176,0.8523400271467121
4,1,"{24, 57}",30,96,66,66,0.002897815313190222,0.8523400271467121
4,1,"{24, 58}",49,129,80,80,0.0038850929122418165,0.8523400271467121
4,1,"{24, 59}",132,118,-14,14,0.0021081622689962387,0.8523400271467121
4,1,"{27, 29}",1,37,36,36,0.0010505260434001684,0.8523400271467121
4,1,"{27, 31}",9,88,79,79,0.0011363861849531531,0.8523400271467121
4,1,"{27, 37}",160,140,-20,20,0.0030483852606266737,0.8523400271467121
4,1,"{27, 39}",4,20,16,16,0.0009003218729048967,0.8523400271467121
4,1,"{27, 46}",35,1,-34,34,0.0009548247908242047,0.8523400271467121
4,1,"{48, 27}",161,139,-22,22,0.0029001026414334774,0.8523400271467121
4,1,"{27, 53}",90,3,-87,87,0.0016670122276991606,0.8523400271467121
4,1,"{57, 27}",83,4,-79,79,0.0018675096798688173,0.8523400271467121
4,1,"{58, 27}",140,179,39,39,0.0026746955700218678,0.8523400271467121
4,1,"{59, 27}",29,8,-21,21,0.000912881747353822,0.8523400271467121
4,1,"{29, 31}",3,10,7,7,0.0011905598221346736,0.8523400271467121
4,1,"{37, 29}",163,159,-4,4,0.0031632636673748493,0.8523400271467121
4,1,"{29, 39}",10,42,32,32,0.0010063002118840814,0.8523400271467121
4,1,"{29, 46}",40,17,-23,23,0.0010465974919497967,0.8523400271467121
4,1,"{48, 29}",164,144,-20,20,0.0028860631864517927,0.8523400271467121
4,1,"{53, 29}",96,41,-55,55,0.001709519885480404,0.8523400271467121
4,1,"{57, 29}",88,74,-14,14,0.00187693873886019,0.8523400271467121
4,1,"{58, 29}",148,178,30,30,0.0027470008935779333,0.8523400271467121
4,1,"{59, 29}",32,70,38,38,0.0009417845285497606,0.8523400271467121
4,1,"{37, 31}",158,156,-2,2,0.0031840766314417124,0.8523400271467121
4,1,"{39, 31}",21,69,48,48,0.0010991896269842982,0.8523400271467121
4,1,"{46, 31}",46,61,15,15,0.001155487960204482,0.8523400271467121
4,1,"{48, 31}",167,145,-22,22,0.0030238672625273466,0.8523400271467121
4,1,"{53, 31}",106,83,-23,23,0.0018018028931692243,0.8523400271467121
4,1,"{57, 31}",78,89,11,11,0.001980384113267064,0.8523400271467121
4,1,"{58, 31}",142,175,33,33,0.0028263318818062544,0.8523400271467121
4,1,"{59, 31}",41,65,24,24,0.001084029907360673,0.8523400271467121
4,1,"{37, 39}",171,149,-22,22,0.0030947811901569366,0.8523400271467121
4,1,"{37, 46}",168,148,-20,20,0.0030514197424054146,0.8523400271467121
4,1,"{48, 37}",188,207,19,19,0.004931580275297165,0.8523400271467121
4,1,"{53, 37}",144,177,33,33,0.003740760264918208,0.8523400271467121
4,1,"{57, 37}",75,124,49,49,0.003945952281355858,0.8523400271467121
4,1,"{58, 37}",45,132,87,87,0.004811060149222612,0.8523400271467121
4,1,"{59, 37}",174,157,-17,17,0.0029671292286366224,0.8523400271467121
4,1,"{46, 39}",27,59,32,32,0.0008562376024201512,0.8523400271467121
4,1,"{48, 39}",162,138,-24,24,0.002884611953049898,0.8523400271467121
4,1,"{53, 39}",92,46,-46,46,0.0016465844819322228,0.8523400271467121
4,1,"{57, 39}",102,82,-20,20,0.0018421707209199667,0.8523400271467121
4,1,"{58, 39}",150,152,2,2,0.002633337862789631,0.8523400271467121
4,1,"{59, 39}",19,48,29,29,0.0008835254120640457,0.8523400271467121
4,1,"{48, 46}",156,137,-19,19,0.002861287444829941,0.8523400271467121
4,1,"{53, 46}",76,58,-18,18,0.0017141684656962752,0.8523400271467121
4,1,"{57, 46}",108,79,-29,29,0.0018629399128258228,0.8523400271467121
4,1,"{58, 46}",143,164,21,21,0.0027292475569993258,0.8523400271467121
4,1,"{59, 46}",24,54,30,30,0.0009090694366022944,0.8523400271467121
4,1,"{48, 53}",62,97,35,35,0.003535396419465542,0.8523400271467121
4,1,"{48, 57}",179,183,4,4,0.0036863379646092653,0.8523400271467121
4,1,"{48, 58}",184,184,0,0,0.004545856267213821,0.8523400271467121
4,1,"{48, 59}",165,146,-19,19,0.0027630727272480726,0.8523400271467121
4,1,"{57, 53}",122,125,3,3,0.002494239481166005,0.8523400271467121
4,1,"{58, 53}",137,158,21,21,0.0033372894395142794,0.8523400271467121
4,1,"{59, 53}",99,77,-22,22,0.0016028520185500383,0.8523400271467121
4,1,"{57, 58}",59,131,72,72,0.003538731252774596,0.8523400271467121
4,1,"{57, 59}",109,80,-29,29,0.0018225631210952997,0.8523400271467121
4,1,"{58, 59}",152,167,15,15,0.0026453479658812284,0.8523400271467121
4,2,"{9, 4}",39,12,-27,27,0.0014121975982561707,0.8600551356849686
4,2,"{18, 4}",190,206,16,16,0.005031212233006954,0.8600551356849686
4,2,"{19, 4}",47,15,-32,32,0.0011787465773522854,0.8600551356849686
4,2,"{4, 21}",107,55,-52,52,0.002031387761235237,0.8600551356849686
4,2,"{25, 4}",12,23,11,11,0.001078678877092898,0.8600551356849686
4,2,"{32, 4}",29,52,23,23,0.0013698791153728962,0.8600551356849686
4,2,"{33, 4}",92,92,0,0,0.0019454305293038487,0.8600551356849686
4,2,"{34, 4}",63,35,-28,28,0.0016250459011644125,0.8600551356849686
4,2,"{35, 4}",53,27,-26,26,0.0013577414210885763,0.8600551356849686
4,2,"{4, 36}",24,14,-10,10,0.0012198040494695306,0.8600551356849686
4,2,"{42, 4}",5,13,8,8,0.0009109663078561425,0.8600551356849686
4,2,"{4, 44}",150,116,-34,34,0.0026122573763132095,0.8600551356849686
4,2,"{4, 45}",151,125,-26,26,0.0026795861776918173,0.8600551356849686
4,2,"{4, 47}",1,36,35,35,0.0009150978294201195,0.8600551356849686
4,2,"{49, 4}",74,69,-5,5,0.0016738491831347346,0.8600551356849686
4,2,"{50, 4}",52,11,-41,41,0.001273315167054534,0.8600551356849686
4,2,"{4, 52}",154,139,-15,15,0.002789961639791727,0.8600551356849686
4,2,"{4, 54}",44,16,-28,28,0.0009778644889593124,0.8600551356849686
4,2,"{4, 55}",119,103,-16,16,0.0019215684151276946,0.8600551356849686
4,2,"{4, 63}",89,77,-12,12,0.0019751540385186672,0.8600551356849686
4,2,"{9, 18}",202,200,-2,2,0.005493332631886005,0.8600551356849686
4,2,"{9, 19}",82,32,-50,50,0.0017164723249152303,0.8600551356849686
4,2,"{9, 21}",112,61,-51,51,0.0024991161189973354,0.8600551356849686
4,2,"{9, 25}",19,49,30,30,0.0015822560526430607,0.8600551356849686
4,2,"{32, 9}",6,10,4,4,0.0018896148540079594,0.8600551356849686
4,2,"{9, 33}",142,152,10,10,0.002415059134364128,0.8600551356849686
4,2,"{9, 34}",121,120,-1,1,0.002078067744150758,0.8600551356849686
4,2,"{9, 35}",103,66,-37,37,0.00181143160443753,0.8600551356849686
4,2,"{9, 36}",10,21,11,11,0.0017356806201860309,0.8600551356849686
4,2,"{9, 42}",31,44,13,13,0.001423863461241126,0.8600551356849686
4,2,"{9, 44}",164,151,-13,13,0.0030901345890015364,0.8600551356849686
4,2,"{9, 45}",132,160,28,28,0.0031678208615630865,0.8600551356849686
4,2,"{9, 47}",33,9,-24,24,0.0014781812205910683,0.8600551356849686
4,2,"{9, 49}",128,123,-5,5,0.0021297885105013847,0.8600551356849686
4,2,"{9, 50}",95,60,-35,35,0.0017716109286993742,0.8600551356849686
4,2,"{9, 52}",184,183,-1,1,0.0032146398443728685,0.8600551356849686
4,2,"{9, 54}",42,7,-35,35,0.001488359528593719,0.8600551356849686
4,2,"{9, 55}",88,105,17,17,0.002377704018726945,0.8600551356849686
4,2,"{9, 63}",138,135,-3,3,0.00243374309502542,0.8600551356849686
4,2,"{18, 19}",200,196,-4,4,0.005487876478582621,0.8600551356849686
4,2,"{18, 21}",207,189,-18,18,0.005645775236189365,0.8600551356849686
4,2,"{25, 18}",193,192,-1,1,0.004994175862520933,0.8600551356849686
4,2,"{32, 18}",198,193,-5,5,0.005410846322774887,0.8600551356849686
4,2,"{33, 18}",201,195,-6,6,0.00619649700820446,0.8600551356849686
4,2,"{18, 34}",204,198,-6,6,0.005578545853495598,0.8600551356849686
4,2,"{18, 35}",197,190,-7,7,0.004793435335159302,0.8600551356849686
4,2,"{18, 36}",192,201,9,9,0.005207919515669346,0.8600551356849686
4,2,"{18, 42}",199,203,4,4,0.005045162979513407,0.8600551356849686
4,2,"{18, 44}",187,186,-1,1,0.006796868517994881,0.8600551356849686
4,2,"{18, 45}",209,209,0,0,0.0068391067907214165,0.8600551356849686
4,2,"{18, 47}",195,205,10,10,0.004979172255843878,0.8600551356849686
4,2,"{49, 18}",203,199,-4,4,0.005818679463118315,0.8600551356849686
4,2,"{18, 50}",196,197,1,1,0.004959873389452696,0.8600551356849686
4,2,"{18, 52}",191,191,0,0,0.006760837510228157,0.8600551356849686
4,2,"{18, 54}",205,202,-3,3,0.005156796425580978,0.8600551356849686
4,2,"{18, 55}",208,208,0,0,0.0058039408177137375,0.8600551356849686
4,2,"{18, 63}",206,194,-12,12,0.005838837940245867,0.8600551356849686
4,2,"{19, 21}",130,159,29,29,0.0023267455399036407,0.8600551356849686
4,2,"{25, 19}",60,40,-20,20,0.0013979231007397175,0.8600551356849686
4,2,"{32, 19}",76,28,-48,48,0.001693331403657794,0.8600551356849686
4,2,"{33, 19}",50,101,51,51,0.0022498106118291616,0.8600551356849686
4,2,"{34, 19}",23,47,24,24,0.0019471936393529177,0.8600551356849686
4,2,"{35, 19}",26,42,16,16,0.0016649086028337479,0.8600551356849686
4,2,"{19, 36}",66,31,-35,35,0.0015578739112243056,0.8600551356849686
4,2,"{42, 19}",51,3,-48,48,0.0012125229695811868,0.8600551356849686
4,2,"{19, 44}",167,163,-4,4,0.002943717408925295,0.8600551356849686
4,2,"{19, 45}",175,168,-7,7,0.0030481291469186544,0.8600551356849686
4,2,"{19, 47}",49,39,-10,10,0.0012195756426081061,0.8600551356849686
4,2,"{49, 19}",34,2,-32,32,0.002007697708904743,0.8600551356849686
4,2,"{50, 19}",11,46,35,35,0.0016140596708282828,0.8600551356849686
4,2,"{19, 52}",91,109,18,18,0.0031520361080765724,0.8600551356849686
4,2,"{19, 54}",72,54,-18,18,0.0013036722084507346,0.8600551356849686
4,2,"{19, 55}",153,132,-21,21,0.0022453046403825283,0.8600551356849686
4,2,"{19, 63}",45,81,36,36,0.002311241813004017,0.8600551356849686
4,2,"{25, 21}",100,68,-32,32,0.002183646662160754,0.8600551356849686
4,2,"{32, 21}",120,90,-30,30,0.0024433517828583717,0.8600551356849686
4,2,"{33, 21}",141,153,12,12,0.0029893380124121904,0.8600551356849686
4,2,"{34, 21}",137,148,11,11,0.0027012708596885204,0.8600551356849686
4,2,"{35, 21}",123,99,-24,24,0.0022817852441221476,0.8600551356849686
4,2,"{36, 21}",115,89,-26,26,0.002332635223865509,0.8600551356849686
4,2,"{42, 21}",109,73,-36,36,0.0020816801115870476,0.8600551356849686
4,2,"{44, 21}",117,129,12,12,0.003652868326753378,0.8600551356849686
4,2,"{45, 21}",79,117,38,38,0.003778978483751416,0.8600551356849686
4,2,"{21, 47}",111,64,-47,47,0.0021101452875882387,0.8600551356849686
4,2,"{49, 21}",136,138,2,2,0.002724619349464774,0.8600551356849686
4,2,"{50, 21}",127,119,-8,8,0.0022928500548005104,0.8600551356849686
4,2,"{52, 21}",188,185,-3,3,0.0037994396407157183,0.8600551356849686
4,2,"{21, 54}",71,18,-53,53,0.0021084705367684364,0.8600551356849686
4,2,"{21, 55}",85,104,19,19,0.0029613960068672895,0.8600551356849686
4,2,"{21, 63}",159,155,-4,4,0.0030493461526930332,0.8600551356849686
4,2,"{32, 25}",9,53,44,44,0.001574189867824316,0.8600551356849686
4,2,"{25, 33}",125,124,-1,1,0.0020637386478483677,0.8600551356849686
4,2,"{25, 34}",87,76,-11,11,0.0017608576454222202,0.8600551356849686
4,2,"{25, 35}",73,48,-25,25,0.001515931449830532,0.8600551356849686
4,2,"{25, 36}",4,34,30,30,0.001407247269526124,0.8600551356849686
4,2,"{25, 42}",8,29,21,21,0.0011015471536666155,0.8600551356849686
4,2,"{25, 44}",148,133,-15,15,0.0028019880410283804,0.8600551356849686
4,2,"{25, 45}",139,142,3,3,0.0028717140667140484,0.8600551356849686
4,2,"{25, 47}",7,24,17,17,0.0011239955201745033,0.8600551356849686
4,2,"{25, 49}",99,118,19,19,0.0017977370880544186,0.8600551356849686
4,2,"{25, 50}",65,56,-9,9,0.0014552864013239741,0.8600551356849686
4,2,"{25, 52}",171,167,-4,4,0.002902559470385313,0.8600551356849686
4,2,"{25, 54}",38,33,-5,5,0.001157909631729126,0.8600551356849686
4,2,"{25, 55}",101,86,-15,15,0.0020514961797744036,0.8600551356849686
4,2,"{25, 63}",124,110,-14,14,0.0021078947465866804,0.8600551356849686
4,2,"{32, 33}",134,141,7,7,0.002356131561100483,0.8600551356849686
4,2,"{32, 34}",113,127,14,14,0.002062795450910926,0.8600551356849686
4,2,"{32, 35}",93,62,-31,31,0.0017678691074252129,0.8600551356849686
4,2,"{32, 36}",2,75,73,73,0.0017208880744874477,0.8600551356849686
4,2,"{32, 42}",28,57,29,29,0.0014176475815474987,0.8600551356849686
4,2,"{32, 44}",165,147,-18,18,0.003072446445003152,0.8600551356849686
4,2,"{32, 45}",147,128,-19,19,0.0031044501811265945,0.8600551356849686
4,2,"{32, 47}",27,45,18,18,0.001450247596949339,0.8600551356849686
4,2,"{32, 49}",126,113,-13,13,0.002117972122505307,0.8600551356849686
4,2,"{32, 50}",86,58,-28,28,0.0017687729559838772,0.8600551356849686
4,2,"{32, 52}",179,171,-8,8,0.0032021664083003998,0.8600551356849686
4,2,"{32, 54}",48,1,-47,47,0.0014397259801626205,0.8600551356849686
4,2,"{32, 55}",110,111,1,1,0.0023606664035469294,0.8600551356849686
4,2,"{32, 63}",133,130,-3,3,0.002410536166280508,0.8600551356849686
4,2,"{33, 34}",36,161,125,125,0.0026587704196572304,0.8600551356849686
4,2,"{33, 35}",30,131,101,101,0.002320529893040657,0.8600551356849686
4,2,"{33, 36}",131,143,12,12,0.002228845376521349,0.8600551356849686
4,2,"{33, 42}",104,97,-7,7,0.0019311030628159642,0.8600551356849686
4,2,"{33, 44}",160,162,2,2,0.0035634925588965416,0.8600551356849686
4,2,"{33, 45}",183,181,-2,2,0.0036301608197391033,0.8600551356849686
4,2,"{33, 47}",106,91,-15,15,0.0019893681164830923,0.8600551356849686
4,2,"{33, 49}",14,112,98,98,0.002691789995878935,0.8600551356849686
4,2,"{33, 50}",37,145,108,108,0.0023133764043450356,0.8600551356849686
4,2,"{33, 52}",61,134,73,73,0.0037041031755506992,0.8600551356849686
4,2,"{33, 54}",118,107,-11,11,0.001977154053747654,0.8600551356849686
4,2,"{33, 55}",169,177,8,8,0.0029069059528410435,0.8600551356849686
4,2,"{33, 63}",32,164,132,132,0.002969596069306135,0.8600551356849686
4,2,"{34, 35}",25,95,70,70,0.0020371272694319487,0.8600551356849686
4,2,"{34, 36}",102,72,-30,30,0.0018504549516364932,0.8600551356849686
4,2,"{34, 42}",68,38,-30,30,0.0016412310069426894,0.8600551356849686
4,2,"{34, 44}",173,173,0,0,0.0033350104931741953,0.8600551356849686
4,2,"{34, 45}",178,176,-2,2,0.003336278721690178,0.8600551356849686
4,2,"{34, 47}",67,30,-37,37,0.0016899900510907173,0.8600551356849686
4,2,"{49, 34}",13,50,37,37,0.0023498975206166506,0.8600551356849686
4,2,"{34, 50}",20,79,59,59,0.0020078083034604788,0.8600551356849686
4,2,"{34, 52}",75,100,25,25,0.003405905794352293,0.8600551356849686
4,2,"{34, 54}",90,63,-27,27,0.0016948089469224215,0.8600551356849686
4,2,"{34, 55}",166,158,-8,8,0.0025327210314571857,0.8600551356849686
4,2,"{34, 63}",15,85,70,70,0.002617201069369912,0.8600551356849686
4,2,"{35, 36}",81,43,-38,38,0.001670151948928833,0.8600551356849686
4,2,"{42, 35}",58,22,-36,36,0.0013925586827099323,0.8600551356849686
4,2,"{35, 44}",145,150,5,5,0.003034248249605298,0.8600551356849686
4,2,"{35, 45}",170,174,4,4,0.0031474949792027473,0.8600551356849686
4,2,"{35, 47}",59,26,-33,33,0.0014335635351017118,0.8600551356849686
4,2,"{49, 35}",16,82,66,66,0.0021158873569220304,0.8600551356849686
4,2,"{50, 35}",3,51,48,48,0.0016738699050620198,0.8600551356849686
4,2,"{35, 52}",83,98,15,15,0.003152251709252596,0.8600551356849686
4,2,"{35, 54}",70,0,-70,70,0.001453746808692813,0.8600551356849686
4,2,"{35, 55}",140,146,6,6,0.002287801820784807,0.8600551356849686
4,2,"{35, 63}",41,106,65,65,0.0023878924548625946,0.8600551356849686
4,2,"{42, 36}",21,4,-17,17,0.0012762041296809912,0.8600551356849686
4,2,"{36, 44}",158,172,14,14,0.002964391140267253,0.8600551356849686
4,2,"{36, 45}",146,154,8,8,0.00309912976808846,0.8600551356849686
4,2,"{36, 47}",17,5,-12,12,0.001302163815125823,0.8600551356849686
4,2,"{49, 36}",116,96,-20,20,0.001972368685528636,0.8600551356849686
4,2,"{50, 36}",78,41,-37,37,0.0016061303904280066,0.8600551356849686
4,2,"{36, 52}",176,169,-7,7,0.003090089885517955,0.8600551356849686
4,2,"{36, 54}",46,20,-26,26,0.0013406636426225305,0.8600551356849686
4,2,"{36, 55}",108,87,-21,21,0.0022124869283288717,0.8600551356849686
4,2,"{36, 63}",129,115,-14,14,0.002263844246044755,0.8600551356849686
4,2,"{42, 44}",155,122,-33,33,0.00266159325838089,0.8600551356849686
4,2,"{42, 45}",143,144,1,1,0.0027176064904779196,0.8600551356849686
4,2,"{42, 47}",0,37,37,37,0.0009472614037804306,0.8600551356849686
4,2,"{49, 42}",77,67,-10,10,0.0017300964100286365,0.8600551356849686
4,2,"{42, 50}",54,25,-29,29,0.0013348880456760526,0.8600551356849686
4,2,"{42, 52}",162,165,3,3,0.002807233715429902,0.8600551356849686
4,2,"{42, 54}",35,6,-29,29,0.0010025869123637676,0.8600551356849686
4,2,"{42, 55}",105,80,-25,25,0.0019451972329989076,0.8600551356849686
4,2,"{42, 63}",96,65,-31,31,0.002012185752391815,0.8600551356849686
4,2,"{44, 45}",182,179,-3,3,0.0044129169546067715,0.8600551356849686
4,2,"{44, 47}",157,137,-20,20,0.0026973625645041466,0.8600551356849686
4,2,"{49, 44}",168,175,7,7,0.0033724408131092787,0.8600551356849686
4,2,"{50, 44}",152,149,-3,3,0.0029736696742475033,0.8600551356849686
4,2,"{44, 52}",186,184,-2,2,0.004418797791004181,0.8600551356849686
4,2,"{44, 54}",135,121,-14,14,0.002670752815902233,0.8600551356849686
4,2,"{44, 55}",156,188,32,32,0.0035617868416011333,0.8600551356849686
4,2,"{44, 63}",180,180,0,0,0.0036355918273329735,0.8600551356849686
4,2,"{45, 47}",149,126,-23,23,0.002750605344772339,0.8600551356849686
4,2,"{49, 45}",181,207,26,26,0.0034589432179927826,0.8600551356849686
4,2,"{50, 45}",172,170,-2,2,0.0030581443570554256,0.8600551356849686
4,2,"{52, 45}",194,204,10,10,0.0044362894259393215,0.8600551356849686
4,2,"{45, 54}",98,88,-10,10,0.0026886819396167994,0.8600551356849686
4,2,"{45, 55}",57,140,83,83,0.0036087690386921167,0.8600551356849686
4,2,"{45, 63}",185,182,-3,3,0.003679887158796191,0.8600551356849686
4,2,"{49, 47}",80,70,-10,10,0.0017882233951240778,0.8600551356849686
4,2,"{50, 47}",55,17,-38,38,0.0013651491608470678,0.8600551356849686
4,2,"{52, 47}",161,157,-4,4,0.002844915259629488,0.8600551356849686
4,2,"{54, 47}",43,8,-35,35,0.0010435120202600956,0.8600551356849686
4,2,"{55, 47}",114,108,-6,6,0.002000589855015278,0.8600551356849686
4,2,"{63, 47}",97,83,-14,14,0.0020529681351035833,0.8600551356849686
4,2,"{49, 50}",22,78,56,56,0.002042233245447278,0.8600551356849686
4,2,"{49, 52}",64,74,10,10,0.0033615264110267162,0.8600551356849686
4,2,"{49, 54}",94,93,-1,1,0.001761525752954185,0.8600551356849686
4,2,"{49, 55}",163,156,-7,7,0.0025488233659416437,0.8600551356849686
4,2,"{49, 63}",18,71,53,53,0.0026426564436405897,0.8600551356849686
4,2,"{50, 52}",84,114,30,30,0.0031231525354087353,0.8600551356849686
4,2,"{50, 54}",69,19,-50,50,0.0013881170889362693,0.8600551356849686
4,2,"{50, 55}",144,136,-8,8,0.002274356782436371,0.8600551356849686
4,2,"{50, 63}",40,94,54,54,0.0023123498540371656,0.8600551356849686
4,2,"{52, 54}",177,178,1,1,0.002866067225113511,0.8600551356849686
4,2,"{52, 55}",189,187,-2,2,0.0035513443872332573,0.8600551356849686
4,2,"{52, 63}",62,84,22,22,0.0035639076959341764,0.8600551356849686
4,2,"{54, 55}",56,59,3,3,0.0019868516828864813,0.8600551356849686
4,2,"{54, 63}",122,102,-20,20,0.0020559101831167936,0.8600551356849686
4,2,"{63, 55}",174,166,-8,8,0.0026998119428753853,0.8600551356849686
