Layer,Expert_A,Expert_B,Oracle_KL,Pred_XGBoost_B,Residual_XGBoost_B,AbsResidual_XGBoost_B,Weight_Distance,Weight_Cosine,Activation_Similarity,Output_Similarity,Routing_Similarity,Usage_Frequency,Jaccard_Overlap
first,32,33,0.0045205900642424565,0.003300010459497571,0.0012205796047448855,0.0012205796047448855,-0.36588780536120635,0.14554771203454597,0.8288367304548407,-0.03821789038484603,-0.3428432538879258,-0.2482818490920929,-0.3030410606003443
first,32,34,0.003745386540030551,0.003337046829983592,0.0004083397100469589,0.0004083397100469589,-0.3818765104399137,0.20170677319926722,0.21204675869751705,-0.03769682951828342,0.37311710160445455,-0.47312450264052663,0.16432989528614625
first,32,35,0.004203749536352293,0.0029039597138762474,0.0012997898224760456,0.0012997898224760456,-0.3696984803421341,0.7075294950648482,0.29406777886546115,-0.020769338796319654,0.008700518409382355,-0.6363307530926716,0.027944405480407383
first,32,36,0.0042085655069494824,0.005295459646731615,-0.0010868941397821326,0.0010868941397821326,-0.4457224543267165,-0.9454070777831981,-0.41157131270353625,-0.062282031984543615,0.4792320609969771,-0.7228532156550677,0.04312157220154818
first,32,37,0.004754622128283968,0.003941438160836697,0.000813183967447271,0.000813183967447271,-0.44278581511522375,0.653109106487944,0.5271746349248086,-0.02319493730361549,0.23716582149157672,-0.4786225855458294,0.13506950445089974
first,32,38,0.004890427890196827,0.005090145859867334,-0.00019971796967050738,0.00019971796967050738,-0.6483777790267203,0.038769551775537814,-0.28707632568725694,-0.05587374521775535,0.26802771531065966,-0.12471967011502558,0.3019491981361031
first,32,39,0.003241632013179349,0.00463812006637454,-0.0013964880531951913,0.0013964880531951913,-0.3902846942172755,-0.12432974750463302,0.5328033334776977,-0.0405504785893953,-0.183943786805549,-0.32062504521449753,-0.10258525212522217
first,32,40,0.004427284960043513,0.00413678539916873,0.00029049956087478287,0.00029049956087478287,-0.37013096170901716,0.9637113052660936,-0.5862851244700567,0.0012839869580574602,0.5621381944191793,-0.3290168559646965,0.9149260207193837
first,32,41,0.009964559376303896,0.005238257348537445,0.0047263020277664505,0.0047263020277664505,0.022244563172397,3.9064743823131414,-0.0923353705941545,0.015028133031181789,-0.023053601360794256,1.5701367286406716,0.5829471392356351
first,32,42,0.004919493620679834,0.003965143579989672,0.0009543500406901627,0.0009543500406901627,-0.4177361717485327,0.8741229815239964,0.6573145647338992,0.004117236544290654,0.25988708505059177,-0.3614266078275337,0.03383928537448868
first,32,43,0.0031961534613111856,0.003283232217654586,-8.707875634340022e-05,8.707875634340022e-05,-0.3743968006460001,-0.6416610982499493,-0.20443642774620654,-0.028275969429692543,0.3132286270055779,-0.367214063517326,0.3229623669893807
first,32,44,0.004813809197254979,0.003970947116613388,0.0008428620806415913,0.0008428620806415913,-0.4678289057339317,0.2993809497933274,-0.7994213883307992,-0.02810014856663875,-0.5955140432592793,-0.20458655863416034,-0.3454582885904393
first,32,45,0.005300253394240972,0.004614298231899738,0.0006859551623412336,0.0006859551623412336,-0.4239123887513512,1.2691058720481472,0.3818953858974087,0.036746308702228975,0.7098673614163433,-0.34695796860305284,0.8794867460652782
first,32,46,0.005081156057509211,0.004984076134860516,9.707992264869521e-05,9.707992264869521e-05,-0.5294252408323905,-0.20537029650390928,1.107977957538303,-0.03523095369696735,-0.013413127768264182,0.30760326991246506,0.32509692195365136
first,32,47,0.0051585727046514745,0.003793529001995921,0.0013650437026555533,0.0013650437026555533,-0.3966459003362316,0.5478454580944311,-0.11187008436565753,-0.022092276049416906,-0.5410286261570582,-0.4797800766837879,-0.2805525704745615
first,32,48,0.004091340245586049,0.004519812297075987,-0.00042847205148993824,0.00042847205148993824,-0.3830847363564856,0.2657738948542985,-0.5408076393119943,-0.017591942853254626,0.5474965035678946,-0.4971424437531649,1.1214064418964105
first,32,49,0.0043753733112125714,0.004021655302494764,0.0003537180087178071,0.0003537180087178071,-0.45630514231938546,0.27930154697059884,-0.6625644306039432,-0.034194890491876975,-0.24078352907864992,-0.2841640743688054,-0.24690253882026372
first,32,50,0.004295386231268745,0.004054296296089888,0.00024108993517885698,0.00024108993517885698,-0.42226966523774756,0.009308730278813463,-0.2129565142304705,-0.04004528246354027,-0.5249924716119984,-0.4184330463719887,-0.3455335582640201
first,32,51,0.004347716614527054,0.0038265518378466368,0.0005211647766804172,0.0005211647766804172,-0.35138556595958315,1.709219834978845,-0.056589560529877736,0.004101614327741565,-1.1920349891260758,0.2505968313680099,-0.379283893733302
first,32,52,0.003099495107283986,0.0035952271427959204,-0.0004957320355119346,0.0004957320355119346,-0.46822761524582507,0.746490193008037,0.048792537965422315,-0.014931077608508626,-0.055138276819003365,-1.1082977645952397,-0.2876450221592649
first,32,53,0.005628456984760429,0.004692562390118837,0.0009358945946415917,0.0009358945946415917,-0.46058711109755757,-0.24788934331663634,-1.1283581527588364,-0.03193332983427409,0.6177156329970444,-0.10996165810605502,0.822834673768171
first,32,54,0.00640313423952014,0.004932821728289127,0.001470312511231013,0.001470312511231013,-0.4797418015671653,0.14045409828702468,-0.6027241217218037,-0.024634638499209258,0.6761892482914659,0.2896621572741085,1.1122035718252046
first,32,55,0.004394219917583435,0.004107892047613859,0.00028632786996957583,0.00028632786996957583,-0.4505150333900314,0.4368911856926265,0.4259209553376338,-0.009595628488315347,0.05959924393226551,-0.38573392172466175,0.6399853873782299
first,32,56,0.004360669845917139,0.004473562818020582,-0.0001128929721034436,0.0001128929721034436,-0.4187558801462069,1.0736124944128282,-0.19514281346538848,-0.009579008719567165,0.91537179977758,-0.6369094986616508,1.6607116507881032
first,32,57,0.011532381788832287,0.004942042753100395,0.006590339035731892,0.006590339035731892,-0.6973605783152935,-0.25951000851463685,-0.36804421234348944,-0.044704862513283344,-0.3704114025431469,0.03906532590609856,-0.23654657552925923
first,32,58,0.0037766303086778385,0.002936076372861862,0.0008405539358159763,0.0008405539358159763,-0.18608392910833985,2.925410352284413,-0.5993891931497312,0.024929918526068122,0.6252425697297321,-0.1684149605729579,0.7426067740979713
first,32,59,0.004255816577396735,0.0041020773351192474,0.00015373924227748796,0.00015373924227748796,-0.41368354914976835,0.42152831896097664,-0.38625643499033924,-0.043281794814220315,-0.30129857374128405,-0.29197713955002524,-0.2427428074441135
first,32,60,0.004412058718540992,0.0037053439300507307,0.0007067147884902616,0.0007067147884902616,-0.3745621315181885,1.8709456301286245,-0.07358093135881011,-0.023373274926804608,-0.6320295261272805,-0.1334008536497142,-0.3360073688902395
first,32,61,0.004037866974169334,0.004062696360051632,-2.4829385882297987e-05,2.4829385882297987e-05,-0.38094854051400256,1.044641993666156,-0.9112330602493218,-0.017535723007758987,-0.22419200005302414,-0.1334008536497142,-0.14093933161875669
first,32,62,0.004218974851982318,0.0035443122033029795,0.0006746626486793389,0.0006746626486793389,-0.3927203002368314,-0.00687079744340151,0.7267931920564036,-0.02645806324874472,0.45914765575280747,-0.5961079360486146,0.3395464790141168
first,32,63,0.003357073093304433,0.0029186455067247152,0.00043842758657971787,0.00043842758657971787,-0.36833651687672847,0.5249573869568391,-0.9390400056840956,-0.04931215801519693,-0.5368851811136622,-0.8426535484337697,-0.29380236270597837
first,33,34,0.003212428940091404,0.003590298816561699,-0.0003778698764702951,0.0003778698764702951,-0.3426361352295642,1.5196696409333335,0.7747545881061672,-0.008867946190570084,-0.06868325320243755,-0.22368516241047523,0.4130840022634076
first,33,35,0.00391124444553651,0.00365018961019814,0.0002610548353383698,0.0002610548353383698,-0.32590243311093475,1.2496418717994633,0.6727328475339504,0.04888351715673096,0.5993840714628835,-0.43058670332055254,0.864811784584535
first,33,36,0.0039794591905327956,0.0035007193218916655,0.0004787398686411301,0.0004787398686411301,-0.401449568665364,-0.3738462467969914,-0.7162679572067366,-0.050054702925523165,-0.07562654629297348,-0.41756492801851985,-0.32534347499490746
first,33,37,0.004270434022308832,0.004219370428472757,5.106359383607456e-05,5.106359383607456e-05,-0.3987745353156572,1.2397982493600765,-0.36623648529350905,-0.010232853850869516,-0.33501676635410615,-0.16812558778846845,-0.24983611933623498
first,33,38,0.004534191207610802,0.006538998335599899,-0.0020048071279890976,0.0020048071279890976,-0.59807233276064,-0.19128925421081133,-0.3049344030778531,-0.043036483915866446,-0.2672076997189159,0.150473847934602,0.26185753373917864
first,33,39,0.0030088629739009574,0.0038288207724690437,-0.0008199577985680863,0.0008199577985680863,-0.3473954464954266,0.6090881969293874,0.14941570328070042,-0.017521386626842675,-0.2904949053315878,-0.07726253345872808,0.22162211721681155
first,33,40,0.004046524662056396,0.00357262697070837,0.00047389769134802574,0.00047389769134802574,-0.3334627921107939,2.6847957678512,-0.7351199529951398,0.023734265272833042,-0.20238039574346275,0.06453013094118507,-0.3359720304776903
first,33,41,0.009714944080518569,0.005389865022152662,0.004325079058365907,0.004325079058365907,0.04327838014053628,7.5892454894371175,-0.49483439244707406,0.10519890801896063,0.5245487725526147,1.6621572741083706,1.474502747310744
first,33,42,0.00433529595781932,0.003908408340066671,0.00042688761775264844,0.00042688761775264844,-0.3773168059587666,2.0369071538849175,0.08240769295269597,0.021017555408647946,-0.3070592995207582,-0.07523692396730076,-0.07736350470536026
first,33,43,0.0028698316847395773,0.0046784658916294575,-0.0018086342068898802,0.0018086342068898802,-0.331011560307586,-0.010229755315200163,0.1372400901003428,-0.027255629111556674,-0.3435330125339535,-0.09288866382116746,0.28284513709085723
first,33,44,0.004584816840450037,0.004452664405107498,0.0001321524353425389,0.0001321524353425389,-0.4247062793723778,1.0722355373194086,0.2447267331395658,0.00310410788792437,-0.16379652660414745,0.040222817044057065,-0.023250276241583302
first,33,45,0.005097918982349862,0.004187982063740492,0.0009099369186093701,0.0009099369186093701,-0.3818528197356672,2.152307997043876,0.04452193423184517,0.024288757865847808,-0.40061211965126153,0.017651739853866928,-0.11432656479580844
first,33,46,0.004883971781615751,0.005100749433040619,-0.00021677765142486764,0.00021677765142486764,-0.485350953840679,0.4976474090837257,-0.711319295296063,-0.004131550045569374,-0.24594564257258333,0.5761412139188311,0.33772729343526153
first,33,47,0.004679416421153254,0.0036305664107203484,0.0010488500104329059,0.0010488500104329059,-0.3553157025768177,1.532198963922588,-0.22416602900938365,0.022948331417773808,0.647558659580671,-0.29776459523981746,0.7847771409644004
first,33,48,0.003766295453357204,0.0037535587325692177,1.2736720787986325e-05,1.2736720787986325e-05,-0.3433246778253244,1.4944048037339779,-0.04912292862403331,0.06182541161726411,1.2414978369670855,-0.274614772480648,1.5419089957730683
first,33,49,0.0041948474120355106,0.004245522432029247,-5.0675019993736727e-05,5.0675019993736727e-05,-0.4124783475784194,0.9217525897905379,0.35649571186342094,-0.00460265093548203,-0.03964464106969707,-0.04311654488895296,0.11217188125902666
first,33,50,0.004012417677347508,0.0039437441155314445,6.867356181606329e-05,6.867356181606329e-05,-0.3811809110386332,1.0727836423487136,0.5316398918581379,-0.011103295935345439,-0.3192982228455895,-0.1475801200897054,-0.24663276364542625
first,33,51,0.003999425843486277,0.003986584488302469,1.2841355183808127e-05,1.2841355183808127e-05,-0.3155248965358898,3.530721536175333,0.7462365753657368,0.10999863500082115,0.5041078111090876,0.29950083194675536,1.449470147750273
first,33,52,0.00285196732838675,0.0036597775761038065,-0.0008078102477170565,0.0008078102477170565,-0.4237818378492268,1.2931138307051162,-0.10218511580038776,-0.012561342024361963,-0.07111362264040008,-0.8229761990884757,-0.37631540894962257
first,33,53,0.005405752740915794,0.004236300941556692,0.0011694517993591017,0.0011694517993591017,-0.4154850507875773,0.1925304887166197,1.2335578723478513,-0.047047979927053306,-0.17684193285510297,0.23641756492801871,0.0995427692811478
first,33,54,0.006145213774169784,0.0049372147768735886,0.0012079989972961953,0.0012079989972961953,-0.43906032585807603,1.343214773939223,-0.9056805846683758,0.005617637418420936,0.44269962997702594,0.6209939955147219,0.5721807567666358
first,33,55,0.004186367981918092,0.004301309119910002,-0.00011494113799190991,0.00011494113799190991,-0.4104540525091858,1.7027454588317092,-1.0899321255434347,0.030646908482776642,0.14470501171588268,-0.07842002459668658,0.21931949436769035
first,33,56,0.004218353153608752,0.0035750712268054485,0.0006432819268033033,0.0006432819268033033,-0.37572045573858165,1.79815012262379,0.21104787678195602,0.01696785955453437,0.11896940979234082,-0.2737466541271792,0.3265656485975497
first,33,57,0.012317837849131139,0.005148341879248619,0.0071694959698825195,0.0071694959698825195,-0.6502221255551879,0.13022247555304378,0.46483684357445165,0.0025577695977480578,-0.071278967209424,0.22802575417781976,0.5023181519316685
first,33,58,0.0036074806865234177,0.003226216183975339,0.00038126450254807875,0.00038126450254807875,-0.1548646214868135,5.254113423687099,0.550187898216543,0.13127863815638077,0.43805018695874515,0.07813065181219712,0.9063523066635324
first,33,59,0.003978056741201939,0.0040815905667841434,-0.00010353382558220443,0.00010353382558220443,-0.3704858182151776,1.1210485958125054,-1.6996974354119867,0.0977942336266335,1.4578902396643838,-0.2670910800839181,2.4816014832227262
first,33,60,0.004272925144834076,0.0038263355381786823,0.0004465896066553933,0.0004465896066553933,-0.33366239889550914,2.88299866443442,-0.141338333076668,0.06003455831980727,-0.1314201738957124,0.12298343340808819,-0.12759466485617985
first,33,61,0.003691246260771858,0.0036667415406554937,2.4504720116364388e-05,2.4504720116364388e-05,-0.3484716093372626,3.4695491250363455,0.45528974278903483,0.0953020736776496,0.6622228145178737,0.0379078347681403,0.8217344757518077
first,33,62,0.003802470429423754,0.0033894754014909267,0.00041299502793282726,0.00041299502793282726,-0.35029982602454107,0.8042357145127869,0.8864799711775813,-0.00031710262519588973,0.27300676179550926,-0.3345149388699993,0.4373815640670334
first,33,63,0.002920692380703665,0.002951656701043248,-3.096432033958306e-05,3.096432033958306e-05,-0.32460246872259974,1.0734925567990616,0.5658128438467162,-0.011048247527294606,0.38895464916416334,-0.5946610721261664,0.13504332821648596
first,34,35,0.0030903981154120934,0.0031628780998289585,-7.247998441686516e-05,7.247998441686516e-05,-0.34243098381194015,1.4168643612788707,-0.9096237003599306,-0.029065051522884695,0.16062410835580757,-0.5509657816682341,0.11175224592756676
first,34,36,0.002949487244816122,0.0036354693584144115,-0.0006859821135982895,0.0006859821135982895,-0.415215884062734,-0.7025680144089328,0.8696858567919783,-0.014934207542931467,0.5354905172448642,-0.6536931201620486,0.3650293551349688
first,34,37,0.003457684139568814,0.004013035446405411,-0.0005553513068365969,0.0005553513068365969,-0.41332113178055047,1.0459503143108044,-0.01228996933196839,-0.024066491338478477,0.3271738199850595,-0.39991318816465293,0.28355438498551533
first,34,38,0.0037554655494024133,0.005086786113679409,-0.0013313205642769958,0.0013313205642769958,-0.6165732606045515,0.21454510114525888,0.2346745336803272,-0.03085563026469041,0.556586762747119,-0.0804456340881139,0.7578857761285509
first,34,39,0.001983207635094192,0.0035124882124364376,-0.0015292805773422457,0.0015292805773422457,-0.3627399660416437,0.566664388474478,-0.21042092027628154,-0.02283266112195428,-0.18776468316183367,-0.23439195543659117,-0.037318928540660344
first,34,40,0.0034102982199925563,0.003356797620654106,5.3500599338450125e-05,5.3500599338450125e-05,-0.34555916488755356,2.1144945284497596,0.36570657770839576,0.02935700942636493,0.6727813352493641,-0.19416913839253408,0.39486233454094294
first,34,41,0.009061771567314606,0.005235854536294937,0.0038259170310196693,0.0038259170310196693,0.028963146085199332,7.547641372124002,-0.28809136506795435,0.045029899796796787,0.6618844742456123,1.568689864718224,1.0573112201494097
first,34,42,0.003555353956582368,0.003862612182274461,-0.000307258225692093,0.000307258225692093,-0.3910090248981741,1.707780583613645,0.1485904750667014,0.0007823371760294795,0.33260702050393315,-0.2847428199377848,0.19889350941777728
first,34,43,0.001916662378079561,0.0032767488155514,-0.0013600864374718393,0.0013600864374718393,-0.3487574099608322,0.36146205395788533,0.5174458971575262,-0.032600262118280134,-0.13490419792990446,-0.25349055921290603,0.0647942296024567
first,34,44,0.003523290258593434,0.0040995958261191845,-0.0005763055675257504,0.0005763055675257504,-0.4381046327676212,0.6767442860750977,-0.42534962146972727,-0.021327350277596354,0.289377508891566,-0.18433046371988696,0.39863601488645484
first,34,45,0.004020829279065491,0.003962711896747351,5.811738231814058e-05,5.811738231814058e-05,-0.39733141858676885,2.132613141552713,-0.16021656956033012,0.005266618018455905,0.19731780259847975,-0.21442523330680746,0.3815465879944367
first,34,46,0.004007842263652464,0.004585600458085537,-0.0005777581944330732,0.0005777581944330732,-0.5009303641992127,0.43175853232229283,-0.23403315520523457,-0.02595622585368847,-0.3676591294264807,0.4450553425450339,-0.03777526834425256
first,34,47,0.0038204870004008126,0.0034000074956566095,0.0004204795047442031,0.0004204795047442031,-0.3687100235117638,1.1715998336129867,-0.8479773652136144,-0.02432866910566654,0.10689597560738343,-0.4166968096650508,0.07612698975492578
first,34,48,0.002770755272903664,0.003339637303724885,-0.0005688820308212212,0.0005688820308212212,-0.356862655158361,1.1647718458642757,-0.4496374675268142,-0.023468367276572217,0.5048587788288246,-0.36345221731896105,0.5391651060358387
first,34,49,0.003213380511093519,0.004129426553845406,-0.0009160460427518865,0.0009160460427518865,-0.4287291625764498,1.0108077478535762,0.23364774499361768,-0.024100417265102654,0.012414031986645301,-0.22310641684149585,0.08794496205955189
first,34,50,0.0033769710659467826,0.00385536951944232,-0.00047839845349553723,0.00047839845349553723,-0.3945117207238972,0.6836833323897877,-0.6636477964510658,-0.03201698694117229,0.396122983463925,-0.3871807856471099,0.37313148062315177
first,34,51,0.0031408227136015586,0.0037679660599678755,-0.0006271433463663168,0.0006271433463663168,-0.33323747839168344,3.9039287734061454,-0.9105303233231127,0.06375606865227448,0.642554150554871,0.19156478333212787,0.886337017237814
first,34,52,0.0017629421733178698,0.003618139075115323,-0.0018551969017974533,0.0018551969017974533,-0.4378218564892745,1.0092447535684148,-0.5384529534314694,0.001251644302354777,0.5796072462624362,-1.0104897634377488,-0.37521948296810687
first,34,53,0.004600693563804056,0.004553767386823893,4.692617698016325e-05,4.692617698016325e-05,-0.43442249245866915,0.7260538665579711,0.16180861787993248,-0.025450000144141716,-0.23680164752050956,0.032120379078347805,0.3013966266040002
first,34,54,0.005353638429239572,0.0050505707040429115,0.0003030677251966603,0.0003030677251966603,-0.45165168313632664,0.811220001690014,-0.06189933137337438,-0.024988092292614273,-0.2745532333973988,0.4548940172176808,0.4827962191200571
first,34,55,0.0035314452915216786,0.004078867379575968,-0.0005474220880542892,0.0005474220880542892,-0.4244476978558148,1.4181725409862527,-0.45004756516502237,-0.019811505648090217,0.2633264714447522,-0.2749041452651377,0.38865905223079655
first,34,56,0.003341254599636065,0.003894742112606764,-0.000553487512970699,0.000553487512970699,-0.39176309497376505,1.8667115927693088,-0.8688940455480331,-0.022793212050814943,0.1478783418726608,-0.4415828691311582,0.17466063047828978
first,34,57,0.010555056074406573,0.0047162496484816074,0.005838806425924966,0.005838806425924966,-0.6641285689478883,-0.2879283522855933,0.006301580614006063,0.03545712349051019,0.18563042818710762,0.06684511321710206,0.3436078711667813
first,34,58,0.0025179246461368367,0.0034109195694327354,-0.0008929949232958988,0.0008929949232958988,-0.1643661060622748,4.36021204610724,0.7738056884672899,0.004134368816920938,-0.384983165586386,0.006944946827750992,-0.10189572363511307
first,34,59,0.0032558113770966585,0.003425085451453924,-0.00016927407435726564,0.00016927407435726564,-0.3827727247409837,0.5600806450085609,-0.8196717771490906,-0.022632564963413402,0.21317223436533955,-0.2500180857990305,0.29996310464389475
first,34,60,0.0033685630582683365,0.0034677013754844666,-9.913831721613002e-05,9.913831721613002e-05,-0.34287959502001236,1.8424760204269894,-0.8394775319643818,0.004589554630923304,-0.0028610348791799443,-0.09057368154525046,0.15219120041921597
first,34,61,0.002889208242404571,0.0037499070167541504,-0.0008606987743495793,0.0008606987743495793,-0.35651586357279513,2.2214450549856615,0.6390279934504821,-0.0011225024759199823,-0.11272654022822633,-0.06453013094118483,0.08628722432419562
first,34,62,0.0028840326247239895,0.0032336132135242224,-0.0003495805888002329,0.0003495805888002329,-0.36671698000983416,0.9389768150004677,0.25171718840773205,-0.04038730101407587,0.2273028505807386,-0.4901974969254142,0.1364758152501546
first,34,63,0.0018854744246681566,0.002944141859188676,-0.0010586674345205193,0.0010586674345205193,-0.34140169832105993,1.2893135982519974,-0.4374959741922762,-0.02569350812705319,0.12878795018869194,-0.7659697605440209,-0.03490133052624494
first,35,36,0.003791355083435261,0.0033515978138893843,0.00043975726954587676,0.00043975726954587676,-0.40379091592547106,-0.05590146307592924,0.10570186358137643,-0.049392607396904466,0.05452707574868086,-0.7813065181219706,-0.3390570636556111
first,35,37,0.00425501477986369,0.003929537255316973,0.00032547752454671706,0.00032547752454671706,-0.4008900647991167,1.5181848668310636,-0.5284080430542472,0.0034699258374851103,0.3421185535795445,-0.5990016638935107,0.6651379209268518
first,35,38,0.004390810759811824,0.004069598391652107,0.00032121236815971666,0.00032121236815971666,-0.5981423967583052,-0.2595792791811073,-0.8432407808797036,-0.046996395496134186,0.10931595818581755,-0.18201548144396998,0.051411478021132606
first,35,39,0.002878813017993242,0.003524439176544547,-0.0006456261585513052,0.0006456261585513052,-0.34945200124703835,0.8709499199066727,-0.22168713370030796,-0.02612478929569749,-0.24987814762504262,-0.41293496346668584,0.007436834832713888
first,35,40,0.003939604818077177,0.0031839858274906874,0.00075561899058649,0.00075561899058649,-0.3311844520428318,2.2390971657365966,1.0544958801891506,0.012412935543073137,0.07078871633635091,-0.301237068653693,-0.3259115678622592
first,35,41,0.009567451328712414,0.004636571276932955,0.0049308800517794595,0.0049308800517794595,0.04541356786794499,7.185100549094233,-0.19243719299568854,0.08458863761504855,0.48480428862976344,1.4358677566374884,0.8798397806238702
first,35,42,0.004148615297609732,0.004327678587287664,-0.00017906328967793282,0.00017906328967793282,-0.37845648005028476,2.144546299904796,-0.3958244658541174,0.019220469697910535,-0.1809917834992359,-0.45431527164870145,0.16301491138940985
first,35,43,0.002709085008837988,0.0031799194402992725,-0.0004708344314612845,0.0004708344314612845,-0.33288967869104324,0.2299201589504585,-0.5370726789768792,-0.03308069790033108,-0.2197517176921419,-0.4300079577515734,0.09807894336027115
first,35,44,0.004413995530885899,0.004233626648783684,0.00018036888210221525,0.00018036888210221525,-0.4225857093135467,0.6396801809268065,-0.3324557206273272,-0.00867249002253324,-0.12736978799635684,-0.3067351515589958,-0.14968365508889958
first,35,45,0.00492765567401703,0.003937114961445332,0.0009905407125716985,0.0009905407125716985,-0.3810795954736641,1.953231289408537,0.7341146931328144,0.05607616137154824,0.5645733013326869,-0.4123562178977067,0.713775357316047
first,35,46,0.0047494242201830145,0.004377097822725773,0.0003723263974572417,0.0003723263974572417,-0.4846538422667871,0.2958740077917344,0.06608329048322092,-0.014322250452135959,-0.2981120987579935,0.27664038197207574,-0.08948720985937228
first,35,47,0.004632246738264462,0.0031331093050539494,0.0014991374332105128,0.0014991374332105128,-0.3535515011967586,1.161113537238493,-0.18368232865066797,0.008463104731129252,0.4209781266694979,-0.6305432974028792,0.6421756037068884
first,35,48,0.0037428098658930107,0.003310786560177803,0.0004320233057152076,0.0004320233057152076,-0.3420746151331682,1.2168877691971156,-0.0060761570751704545,0.04321480323534549,0.49408162248884535,-0.5295521956160022,0.49756664601146366
first,35,49,0.003907134927834886,0.004042909014970064,-0.00013577408713517838,0.00013577408713517838,-0.4136175176124004,1.0366180122741737,-0.5331326177577883,-0.006827293009863457,0.2399459926119736,-0.40570064385444543,0.19604610583414317
first,35,50,0.00383831004763628,0.003282785415649414,0.000555524631986866,0.000555524631986866,-0.3796485761256676,0.7468863676640864,0.32134970213556824,-0.00540642175600944,0.2746553282195621,-0.5718006221514865,0.5624728254006837
first,35,51,0.003859726573290903,0.00379560817964375,6.41183936471528e-05,6.41183936471528e-05,-0.3174594693635089,3.772786083205997,-0.37125265798762036,0.0843702194427225,0.7424099928439097,-0.002314982275916762,1.1595051010875563
first,35,52,0.0026400395873260787,0.0037163530942052603,-0.0010763135068791816,0.0010763135068791816,-0.4226376272398742,1.0195895489273719,-1.4507747291934652,-0.01771388674570239,-0.07380210664972697,-1.1890327714678433,-0.3675029510496509
first,35,53,0.0053031663830021775,0.004108022898435593,0.0011951434845665848,0.0011951434845665848,-0.4176555225425872,0.48065995848146686,1.1039945783460863,-0.048670407060326694,-0.0677769274231591,-0.08449685307096852,-0.24314269073488862
first,35,54,0.006038922345371542,0.004785005934536457,0.0012539164108350846,0.0012539164108350846,-0.43565692936717343,0.6981721061947856,-0.6661619049682634,-0.013664707971398439,-0.20582198267277216,0.3669246907328368,-0.1725155343950913
first,35,55,0.00402044254972274,0.0039680167101323605,5.24258395903799e-05,5.24258395903799e-05,-0.4120569554773538,1.90226217261297,0.3311789598148483,0.01582097653679437,-0.04793081942307367,-0.3973088331042465,-0.1939783991469055
first,35,56,0.004075302045131919,0.003401527414098382,0.0006737746310335373,0.0006737746310335373,-0.37740804037299247,2.0021819026737093,-0.10755845351330239,0.01707189784260118,0.43128373738022285,-0.651956883455111,0.7176915006902724
first,35,57,0.011609634045261422,0.005289824213832617,0.006319809831428805,0.006319809831428805,-0.6493909346764114,-0.09863166914814618,-0.16322693440066552,-0.02762803182081693,-0.11538960200962822,-0.07957751573464508,0.09908380096119333
first,35,58,0.003300754863355251,0.0026947841979563236,0.0006059706653989273,0.0006059706653989273,-0.15297037326216714,4.882868315080093,-0.6467514960775758,0.09559423749786819,0.3764677645899692,-0.20921652318599435,0.3227701672417057
first,35,59,0.003852719970403332,0.0031984325032681227,0.0006542874671352093,0.0006542874671352093,-0.3691450251663327,0.8184080841545579,0.0028464689634488897,-0.021320262165869776,-0.05695295236945979,-0.40020256094914264,0.04345282887290919
first,35,60,0.004205191500337471,0.003417160827666521,0.0007880306726709497,0.0007880306726709497,-0.3317505086570622,2.492626677520128,-0.5647883373368761,0.027597492080556642,-0.3138457221182452,-0.22050206178108941,-0.3056751184842936
first,35,61,0.0035576367973175265,0.003249369328841567,0.0003082674684759595,0.0003082674684759595,-0.34327275989899697,2.5288080925685126,-0.09973577598339284,0.040895494372455696,0.27622545661688186,-0.23554944657454965,0.05906451743260267
first,35,62,0.0038020233543294766,0.003235380630940199,0.0005666427233892777,0.0005666427233892777,-0.3547814015874284,1.4682447330179997,0.9521791053448417,0.007006715127874524,0.9598505119618005,-0.7002821384648773,0.6906091401117532
first,35,63,0.0027212035262287174,0.0030308773275464773,-0.00030967380131775987,0.00030967380131775987,-0.32403893239605513,0.9055383210321378,0.4662283640412958,-0.03923795157140325,-0.2271649105284094,-0.9378571945308544,-0.08829812090544499
first,36,37,0.004120622473767287,0.0033726817928254604,0.0007479406809418263,0.0007479406809418263,-0.47593011847116323,-0.3494160048553593,-0.5076280503625932,-0.04285613288456907,-0.0633114897343826,-0.6137596759024813,-0.30831807525481125
first,36,38,0.00426481042409928,0.004575062543153763,-0.00031025211905448286,0.00031025211905448286,-0.6870273988035186,-0.24077514721403975,-0.7160848971183821,-0.006015441101337896,0.41544275348261867,-0.2957389857483902,0.3655404787929778
first,36,39,0.002786670733698469,0.004567910451442003,-0.0017812397177435343,0.0017812397177435343,-0.42665143740827727,-0.5309484892172465,-0.9917145221656603,-0.023897923320541938,-0.13824325076408336,-0.47312450264052663,-0.3094810277879167
first,36,40,0.003878427779305207,0.004196581896394491,-0.0003181541170892842,0.0003181541170892842,-0.4050419867327016,0.34958872347541925,-0.2519741372262886,0.10957331168980629,4.21931429078348,-0.7515011213195397,5.205795107145552
first,36,41,0.009771137632455247,0.005845360923558474,0.0039257767088967735,0.0039257767088967735,0.008268055782031406,0.3200506683566689,0.9652032370917365,-0.0508148468530866,0.1240244630114563,1.447732040801563,0.3631351599558244
first,36,42,0.004067156593893974,0.003867854131385684,0.00019930246250828964,0.00019930246250828964,-0.44982346644904825,-0.27737465266341,-0.7545310560841147,-0.050609177214827855,-0.4124627923980888,-0.4954062070462273,-0.3962071855081909
first,36,43,0.0026703598523406687,0.0038929684087634087,-0.00122260855642274,0.00122260855642274,-0.4130217216034776,-0.6633928760105191,0.05178345657623539,-0.03347923373165104,0.12216583792260986,-0.4797800766837879,-0.3475540253997998
first,36,44,0.0042423196450170775,0.0074989451095461845,-0.003256625464529107,0.003256625464529107,-0.4998521851272279,-0.9235242064643925,-0.4347955428547737,-0.07080328073869015,-0.5005722753689689,-0.3686609274397742,-0.430994423708249
first,36,45,0.004756376524544009,0.004417757503688335,0.00033861902085567316,0.00033861902085567316,-0.45327122000322095,-0.34040849274931057,-1.1723624103116421,-0.04602903526681067,-0.4253229700277326,-0.41177747232872736,-0.3157866094383688
first,36,46,0.004584501258605729,0.004537628032267094,4.687322633863556e-05,4.687322633863556e-05,-0.5675340068718164,-0.4568570987815295,0.5998049571814592,-0.027332106588177918,-0.14020687877334437,0.20256094914273326,-0.19010259074803756
first,36,47,0.004629021645900304,0.003980310168117285,0.0006487114777830195,0.0006487114777830195,-0.4273863532974562,-0.8075321358768787,-0.9815914450612907,-0.05708179008271126,-0.2206794621988847,-0.6418288359979745,-0.404568018519661
first,36,48,0.003617700989455908,0.005144944414496422,-0.0015272434250405138,0.0015272434250405138,-0.41662926139692996,-0.6088580816075573,0.7340032743077066,-0.05955898674870878,-0.031526120418943857,-0.5648556753237358,-0.16003840237471048
first,36,49,0.003868410508284624,0.004313933663070202,-0.00044552315478557777,0.00044552315478557777,-0.48709499291925173,-1.1390557980063138,-0.4562974323453657,-0.029750607831892137,0.21264083362399025,-0.47167763871807844,-0.039665990512740265
first,36,50,0.003825933442301984,0.0041242968291044235,-0.0002983633868024393,0.0002983633868024393,-0.45499560083784446,-1.0505583110895422,-0.705102957892995,-0.0545281388197301,-0.25670371556036686,-0.585111770238009,-0.4108265666560439
first,36,51,0.003926361373877361,0.0039148791693151,1.1482204562261386e-05,1.1482204562261386e-05,-0.3795255860866006,-0.023150179218911045,-1.2779837772628697,-0.04091058578141261,-0.6207432134953863,0.075236923967301,-0.3492804285286618
first,36,52,0.0025308545491627694,0.003459302708506584,-0.0009284481593438147,0.0009284481593438147,-0.50038598205908,-0.4506797831577976,0.9853092326662745,-0.010772017086696391,0.39407494831995243,-1.2775808435216667,-0.33745756772222896
first,36,53,0.0052096434881375294,0.004284068010747433,0.0009255754773900967,0.0009255754773900967,-0.49590995112910147,-0.9082775425089478,0.2925819515612906,-0.009248837245377662,1.3929016835870442,-0.48354192288215286,3.6200202751567336
first,36,54,0.006030712644224939,0.004263767972588539,0.0017669446716363996,0.0017669446716363996,-0.5141260864645177,-0.6912942178451649,-0.44725931774417943,-0.016564253595523607,1.7509066163110827,-0.09520364609708445,3.4791991517658167
first,36,55,0.003973804741341255,0.004306471440941095,-0.0003326666995998404,0.0003326666995998404,-0.4843251967525589,-0.4631590734174549,0.29546159018665336,-0.0616065861873889,-0.17530512247828334,-0.4664689285972653,-0.4080007940057883
first,36,56,0.0038932219483343027,0.005038546398282051,-0.0011453244499477484,0.0011453244499477484,-0.4488632368407589,-0.40271925418958265,-0.9844669532068442,-0.06048350256867403,0.18755531676899476,-0.6652680315416334,-0.31812906157521953
first,36,57,0.01232977712773774,0.004649989772588015,0.007679787355149726,0.007679787355149726,-0.7378363985492216,-0.27120681507084826,0.22105561284089464,0.08811907551804189,-0.13759552887289223,-0.1244302973305359,-0.30570405397481665
first,36,58,0.003389869305431817,0.0022077581379562616,0.0011821111674755556,0.0011821111674755556,-0.20501078557115138,-0.13405160014578904,0.7189728400907563,-0.027197986152602698,0.0530397308442192,-0.26824857122187656,0.04509425332417412
first,36,59,0.003793395940829934,0.004353624302893877,-0.0005602283620639429,0.0005602283620639429,-0.4473329181579419,-0.46244187890270155,0.3437194783249124,-0.06263797965844636,-0.2659250671380077,-0.4476596976054401,-0.4224781085039171
first,36,60,0.004111533549080463,0.0037116389721632004,0.0003998945769172627,0.0003998945769172627,-0.40183769296897703,-0.02549206330722315,0.166668717444107,-0.0490562035094344,-0.7619418705411743,-0.2945814946104319,-0.4479406780505838
first,36,61,0.003506888670144721,0.004635765217244625,-0.001128876547099904,0.001128876547099904,-0.4088072965352849,-0.780795101024141,-0.12468937555293436,-0.03394080754046962,-0.48022759811151994,-0.2896621572741082,-0.286527418672905
first,36,62,0.0036405277438141185,0.004006236791610718,-0.00036570904779659923,0.00036570904779659923,-0.4253197173951012,-1.0532270463159585,0.2100190922751706,-0.046643550301089166,0.5529163535248155,-0.7766765535701365,0.5912903707228929
first,36,63,0.0027011280586356347,0.0031591763254255056,-0.000458048266789871,0.000458048266789871,-0.4028397593528506,-0.16989532950370959,-0.017091397209335033,-5.116802151491297e-05,0.07155637642884168,-1.0168559646965203,-0.23157910199196985
first,37,38,0.004787466660808778,0.00438357051461935,0.0004038961461894277,0.0004038961461894277,-0.6773721766792236,0.31010669858355494,0.012782082159078853,-0.04716796532252304,0.10621308963714646,-0.006944946827750756,-0.033331927335054815
first,37,39,0.003204430629436741,0.0043304432183504105,-0.0011260125889136696,0.0011260125889136696,-0.4214767827317953,0.6757062831075402,-0.5388728739754425,-0.026532888815531685,0.5706799295519593,-0.3067351515589958,0.6788894808429922
first,37,40,0.004289145877972732,0.004246000666171312,4.3145211801419794e-05,4.3145211801419794e-05,-0.4033644832490339,2.117875895346927,-0.3308572943609605,0.008581932416936734,-0.1749870666083557,-0.12992838023583872,-0.3418971043151031
first,37,41,0.009834646200456636,0.005347843281924725,0.004486802918531912,0.004486802918531912,-0.010425422041075145,5.155799532840528,0.20289288653192758,0.057559905869510194,0.049407688501330024,1.6294581494610436,0.696163325247455
first,37,42,0.004437759529683809,0.004538592416793108,-0.0001008328871092987,0.0001008328871092987,-0.4486228013955337,1.6086236060390455,0.3556959954364793,0.027705172806928392,0.6870050606525594,-0.3686609274397742,1.0914875015674472
first,37,43,0.003149078097162374,0.0035820133052766323,-0.0004329352081142582,0.0004329352081142582,-0.4047652591448009,0.023783058013998187,-0.36405659854172023,-0.033704236663676605,0.46063980485782186,-0.28155971930839896,0.28716468137748474
first,37,44,0.004613611831357014,0.004643764812499285,-3.015298114227103e-05,3.015298114227103e-05,-0.4985996021473859,0.9817431010129012,0.9980908809514237,-0.0041678737582133895,0.5659200788876421,-0.23063010923822597,0.8179205070588791
first,37,45,0.004984497821885009,0.004345147870481014,0.0006393499514039946,0.0006393499514039946,-0.45276111377561523,1.6569924302682264,-0.48619148493083386,0.024606199109680087,0.4283180554473359,-0.25956738768718796,0.7950399211724488
first,37,46,0.004959327929690095,0.004641054198145866,0.00031827373154422883,0.00031827373154422883,-0.5586938457851087,0.18396840884125193,-0.5430737454910628,-0.006952115160720531,0.09464982374005378,0.36923967300875377,0.4901744381322219
first,37,47,0.004823299706200212,0.003927479963749647,0.0008958197424505645,0.0008958197424505645,-0.42500770577959934,0.8668923360049783,-0.1385258754905563,-0.007298686759137315,0.15823746047912549,-0.43811039571728266,0.2416210042484037
first,37,48,0.003887979748391141,0.004174342844635248,-0.0002863630962441073,0.0002863630962441073,-0.41561207328694155,1.2895149976057843,-0.4410495058050119,0.008814902038772474,0.23854109131986218,-0.3541922882152933,0.33893017391141145
first,37,49,0.004291746040963265,0.003901815041899681,0.00038993099906358374,0.00038993099906358374,-0.4841225656226207,0.46738197673271953,-0.27945932175491,-0.006616534940203839,0.047174758361084125,-0.2422050206178107,0.20890445934092433
first,37,50,0.0042733732808426204,0.0041577983647584915,0.00011557491608412893,0.00011557491608412893,-0.45463570375631235,0.9890140545901299,0.1331869266252976,-0.021943064204884774,0.08305873351475974,-0.3805252116038486,0.20149002237190106
first,37,51,0.00417047786207392,0.004384160507470369,-0.00021368264539644959,0.00021368264539644959,-0.38763687997457535,3.376820014310946,0.12572776602851998,0.0550163857100556,0.8343322317201378,0.15481443970194608,1.150897949192789
first,37,52,0.003057308994336198,0.003682253649458289,-0.0006249446551220912,0.0006249446551220912,-0.49593061748812506,0.9099076581672657,-0.6989371581252408,-0.01902736555661834,0.26962676621859877,-1.0197496925414165,-0.351343740705731
first,37,53,0.005424953170390014,0.004313458222895861,0.0011114949474941536,0.0011114949474941536,-0.49062037133414704,0.30885242738059804,0.09011293816483425,-0.04132217215801611,-0.33006772805135504,0.09202054546769887,-0.31016339997679543
first,37,54,0.006472092195447669,0.004659412894397974,0.001812679301049695,0.001812679301049695,-0.5081217530818708,0.41629813700224516,-0.6732121827738357,-0.024907716125747038,-0.38444478374110846,0.5298415684004921,-0.13460489570936449
first,37,55,0.004283940732774041,0.004099315032362938,0.00018462570041110314,0.00018462570041110314,-0.48372234393811586,1.5453905511269885,1.5830565817855091,0.005536259123427088,0.3049864148718432,-0.2850321927222745,0.41572119042519745
first,37,56,0.004311631296756525,0.004101544618606567,0.00021008667814995802,0.00021008667814995802,-0.4491737362836493,1.7314016694741516,0.3702654125708498,-0.010060295624136609,-0.13117538208421423,-0.4224842653548433,-0.15211123714651464
first,37,57,0.012336076004703156,0.005579425487667322,0.006756650517035834,0.006756650517035834,-0.7259229986584509,-0.10259087883784399,0.6910041464550474,-0.034870292817720264,0.44776468082645837,0.01533675757794993,0.7562407026567494
first,37,58,0.0037286690350064105,0.00329645536839962,0.00043221366660679047,0.00043221366660679047,-0.21838897666490834,4.0146254124848415,0.7007771393631437,0.05581731945552137,-0.061650303943252785,-0.028358532879982395,0.15560909553516944
first,37,59,0.00415339479437691,0.003936260472983122,0.00021713432139378822,0.00021713432139378822,-0.43858096714023714,0.1484907640329893,-0.42170719776630594,-0.02567897040532605,-0.09694901181292308,-0.21297836938435927,-0.1790064265908472
first,37,60,0.004322723499218742,0.00407991511747241,0.0002428083817463322,0.0002428083817463322,-0.4019158218872368,2.04881437977997,-0.4013110967275154,0.03158374727554995,0.17100609139823628,-0.11488099544237847,0.3172819299507687
first,37,61,0.0038659836971737995,0.004170769825577736,-0.0003047861284039364,0.0003047861284039364,-0.41256151707205074,1.9183253566217133,0.2996232742089569,0.02418325528097499,0.18990258577031272,-0.09607176445055327,0.3201542117660286
first,37,62,0.003997561291193593,0.004055885598063469,-5.832430686987609e-05,5.832430686987609e-05,-0.4238493815592062,0.7738564048504722,0.24792193695136697,-0.019716166198236594,-0.04031776294714395,-0.5035086450119366,0.20681679695330812
first,37,63,0.003146934985293784,0.0032465215772390366,-9.95865919452524e-05,9.95865919452524e-05,-0.39385745404066386,0.38563793936785423,-0.33195201035007993,-0.03440749723625418,0.4740982833896373,-0.7827533820444188,0.10660848489665004
first,38,39,0.0035933607019702045,0.004377714823931456,-0.0007843541219612511,0.0007843541219612511,-0.6233230950846578,-0.4666635490168846,-0.13999044297217908,-0.017098021812805852,1.4161697613641822,0.06916009549301906,0.5250495664322319
first,38,40,0.004446758547102112,0.0067441719584167,-0.002297413411314588,0.002297413411314588,-0.6003854527986661,0.33057755466390615,-0.9312188901003324,-0.04084434465465086,-0.3465036098757393,0.1611806409607177,0.4128904418004534
first,38,41,0.009816042546394461,0.012485873885452747,-0.002669831339058286,0.002669831339058286,-0.18239170764864468,1.3397837971242579,-0.9442618346208123,-0.05421916761773507,-1.1327405672705486,1.9683136800983871,0.7919265221855223
first,38,42,0.004762237884886499,0.004606576636433601,0.00015566124845289766,0.00015566124845289766,-0.6475370110547378,-0.13099030178077672,-0.7847786638572924,-0.04254333163124083,-0.10172941377960486,0.12761339795992194,-0.2513386105533198
first,38,43,0.003443179262510265,0.00469092046841979,-0.0012477412059095252,0.0012477412059095252,-0.6103788975303953,-0.42358198633935595,-0.2626950405407027,-0.019953748355011257,1.9193497167581808,-0.04051218982854651,1.50989119184582
first,38,44,0.00492915007274553,0.004551449324935675,0.0003777007478098556,0.0003777007478098556,-0.6998929633819841,-0.6564094344568908,0.20528445169646398,-0.05476636618228491,-0.18417127459838956,0.238443174419446,-0.15505616098698985
first,38,45,0.005418710631932326,0.004841938149183989,0.0005767724827483375,0.0005767724827483375,-0.6535897339609522,0.23207840178055913,0.6127162122868428,-0.03368862817491007,0.01304485020922488,0.16870433335744783,0.15902269739701577
first,38,46,0.005333003734595907,0.005173980258405209,0.0001590234761906983,0.0001590234761906983,-0.7698465724465516,-0.10715231346717154,-0.7535536943154593,0.0037639474842763123,-0.03734449660505107,0.815452506691746,-0.06470669348657418
first,38,47,0.005105163511177349,0.0044818054884672165,0.0006233580227101325,0.0006233580227101325,-0.6279080024426629,-0.09722765209956404,-0.8633615628777604,-0.05072456380314122,0.132295327975571,-0.0616364030962887,0.16145130710508232
first,38,48,0.004245603140379445,0.004589541349560022,-0.0003439382091805776,0.0003439382091805776,-0.6148720664166373,-0.23154389719746862,0.08895315844123988,-0.03451155382803106,0.05628641402610372,0.026911668957534683,0.19990099802555683
first,38,49,0.004539705552898104,0.005011626519262791,-0.00047192096636468686,0.00047192096636468686,-0.6899035511105521,-0.33746431325273546,0.210348784396755,-0.042321783524491945,0.06617262470107405,0.13050712580481832,0.17570261018634611
first,38,50,0.004491671410528702,0.004814859479665756,-0.000323188069137054,0.000323188069137054,-0.6575077731972949,-0.1401344525666689,0.042853328857374175,-0.05319685049891109,-0.13596730523555492,0.028358532879982863,-0.16801707543066463
first,38,51,0.004562907915068678,0.004855104722082615,-0.0002921968070139372,0.0002921968070139372,-0.5764754835234932,0.34862464210412575,0.06500668439192078,-0.04914311410079844,-0.8892500713554452,0.687839108731824,-0.17772568723790483
first,38,52,0.0034406910345548196,0.00409674784168601,-0.0006560568071311908,0.0006560568071311908,-0.7031411101514415,0.317495687121453,0.3046533308688137,-0.0207992836660025,1.098072788831804,-0.6334370252477755,-0.42474911173519286
first,38,53,0.005721399650593223,0.006564640905708075,-0.0008432412551148518,0.0008432412551148518,-0.6964663802443721,-0.5291094692957022,0.33822548894966925,-0.052964992827462413,0.1473881799662646,0.3157057078781743,0.9158926871061577
first,38,54,0.006239055436162243,0.007043504621833563,-0.00080444918567132,0.00080444918567132,-0.7179982060592253,0.1902861332167054,0.011690602869473828,-0.0352499804035904,0.24853291586609863,0.6432756999204227,1.6765418106464731
first,38,55,0.004524994931903487,0.005395790096372366,-0.0008707951644688792,0.0008707951644688792,-0.6830115724049669,-0.3234022974906111,-0.053973762810442326,-0.04141521449225531,0.5863549461138012,0.049482746147725055,0.696323692270546
first,38,56,0.0045776386081967215,0.004803202580660582,-0.0002255639724638601,0.0002255639724638601,-0.6468802240838187,-0.21140198869706026,0.4014132219730523,-0.04094272709630447,-0.14509773286940103,-0.061347030311799014,-0.004266882496325453
first,38,57,0.011892210305660398,0.004829319193959236,0.007062891111701162,0.007062891111701162,-0.9392104089897654,-1.0045070064187323,0.3123086371916611,0.06161200866149864,0.7082896263681483,0.36779280908630557,0.8005254743053121
first,38,58,0.004119865543909512,0.005519516300410032,-0.00139965075650052,0.00139965075650052,-0.4008366347001778,0.833941344041371,-0.051485038087492746,-0.045225676279759944,-1.132885760887254,0.33827678506836445,0.18290398303205138
first,38,59,0.0044046201074108,0.005569710861891508,-0.0011650907544807085,0.0011650907544807085,-0.6458963037712829,-0.16658661576740777,-0.180235252345286,-0.03697640464158293,0.1878195700410654,0.08478622585545843,0.522238701239115
first,38,60,0.0045804685308067404,0.0046562389470636845,-7.577041625694402e-05,7.577041625694402e-05,-0.5986378853173332,0.20863278281680867,0.3056499913498555,-0.0531824225994444,-0.6192608507248313,0.32670187368877995,-0.2881006038558241
first,38,61,0.004148932803108032,0.006965070031583309,-0.0028161372284752776,0.0028161372284752776,-0.6132782364841382,0.7080557548178502,-0.5116233697653512,-0.04578160113808809,-0.13348731463354985,0.25204369529045806,0.4752612874635863
first,38,62,0.004317763297467552,0.004103176295757294,0.00021458700171025826,0.00021458700171025826,-0.6258146514908384,-0.35434444012657684,-0.18910918905153154,-0.05035944597049085,0.1904334110084708,-0.11459162265788901,0.006692635596542187
first,38,63,0.003516040784459106,0.004311330150812864,-0.0007952893663537583,0.0007952893663537583,-0.5983782956856959,-0.1653155025611076,0.8246614748560209,-0.008338474769227968,1.4822826783042198,-0.44187224191564783,0.4769314096665072
first,39,40,0.0030638474717146354,0.0036575119011104107,-0.0005936644293957753,0.0005936644293957753,-0.35211947373368774,1.5078662858036702,1.1530580835967288,-0.024892761994615688,-1.2420295463115953,0.023439195543659187,-0.4552103133066704
first,39,41,0.008613865694059973,0.00428531551733613,0.004328550176723843,0.004328550176723843,0.03938050320567992,4.3674674965851565,0.494444678206076,-0.005689680821276489,-2.869208892795416,1.9726542718657316,-0.2989076095957043
first,39,42,0.003264690115823444,0.004435267299413681,-0.001170577183590237,0.001170577183590237,-0.3982795508141663,1.1989880316689914,0.06373693498214335,0.006598999985951903,0.8294792774284417,-0.21239962381538016,0.7980241808650219
first,39,43,0.0016671061702072621,0.0037914752028882504,-0.002124369032680988,0.002124369032680988,-0.3600639245768626,0.5247823428718824,-0.18414966293766197,0.03526281130435304,5.02468050717923,-0.3816827027418071,3.092174079922592
first,39,44,0.003385305812393224,0.004776129964739084,-0.0013908241523458605,0.0013908241523458605,-0.44934259555859785,0.8183066093226989,0.6898467096506725,0.0015641618481768568,0.5769745888428659,-0.1024379657093249,0.8562930674681326
first,39,45,0.0037467982020652282,0.004643796943128109,-0.0008969987410628807,0.0008969987410628807,-0.40273693161527,1.3094311246053063,0.7210707767347323,0.014140586129640694,0.5581813347389178,-0.12703465239094258,0.7902634224652788
first,39,46,0.0037971353325383698,0.00462965527549386,-0.0008325199429554905,0.0008325199429554905,-0.5073182853676381,-0.26274941635015164,0.5424930920111496,0.019293730297486083,2.095611742571562,0.324386891412863,1.9543062284122583
first,39,47,0.0036075230783393377,0.002956163603812456,0.0006513594745268816,0.0006513594745268816,-0.37504149023602745,0.5035590227258435,-0.1423276524108218,-0.009508328943112206,0.34984596559779824,-0.3052882876365476,0.2796150510227725
first,39,48,0.0026119562973574498,0.0030371362809091806,-0.00042517998355173087,0.00042517998355173087,-0.36196825395225213,0.29672562122438423,0.030793486257637687,-0.014497709816915767,0.16751373229850186,-0.23149822759169478,0.4771296899560177
first,39,49,0.002948765436495156,0.004152186680585146,-0.00120342124408999,0.00120342124408999,-0.43773263830519726,0.7820527525193484,0.2973766402918465,-0.022307783931841012,0.28014262603841,-0.1345583447876727,0.50144364400206
first,39,50,0.002936946516648166,0.003927438985556364,-0.0009904924689081982,0.0009904924689081982,-0.40401522152950714,0.5387864334174872,-0.43181205216563445,-0.021329624513573186,0.04591616902460889,-0.23439195543659117,0.09770649247722223
first,39,51,0.002992468661341733,0.003985444083809853,-0.0009929754224681196,0.0009929754224681196,-0.3325055868477275,2.0827424898120195,-0.418198580782757,-0.015035765678283101,-0.9217560040287892,0.44650220646748207,-0.15052606276045705
first,39,52,0.0016202359327568757,0.0037423043977469206,-0.002122068464990045,0.002122068464990045,-0.449866815397244,1.279284220495402,0.2159156645921621,0.005877888720123597,2.8851137770087054,-0.9112348983578095,0.222577672023363
first,39,53,0.004404012966073934,0.003933920990675688,0.0004700919753982463,0.0004700919753982463,-0.4398401028680622,-0.11817621504461805,0.6297385096494733,-0.041260850153337046,-0.962099367137212,0.24249439340230064,-0.39060630027911014
first,39,54,0.005168601318603949,0.004778148606419563,0.0003904527121843856,0.0003904527121843856,-0.46122121547930456,0.665792473909451,-0.005841858645105956,-0.025643420024432706,-0.6204576304625282,0.68320914417999,-0.231154812090892
first,39,55,0.003122963728046561,0.0043172757141292095,-0.0011943119860826487,0.0011943119860826487,-0.4338725656856279,1.2637673093314996,0.49524311036618623,-0.02295447688843152,-0.191463650687423,-0.09578239166606359,-0.13106979326606538
first,39,56,0.0030586556941847895,0.004562137182801962,-0.0015034814886171724,0.0015034814886171724,-0.39492605601944253,0.6657640045816239,-0.21429225586493206,-0.02951273739168379,-0.4543416313831777,-0.30818201548144397,0.12390619677634747
first,39,57,0.010515183379389538,0.004935242235660553,0.005579941143728985,0.005579941143728985,-0.6764583203643529,-0.013793776909713834,0.7686475869333451,0.023070234126873906,2.8377050362873666,-0.02025609491427314,2.4070900861046436
first,39,58,0.0022425373955413364,0.0033555743284523487,-0.0011130369329110123,0.0011130369329110123,-0.16264575768794856,2.4664861970841896,-0.06451950037264997,-0.012455061531810956,-2.3960431803547433,0.17072994284887513,-0.3809405568630328
first,39,59,0.0028710029696766767,0.004254621919244528,-0.001383618949567851,0.001383618949567851,-0.39095458668416083,0.20013313815048747,0.05037655093984946,-0.012098633385518736,1.1999651673218257,-0.2517543225059682,1.7200117435514304
first,39,60,0.0030966436193226843,0.0038880084175616503,-0.0007913647982389659,0.0007913647982389659,-0.34815959772176075,1.0094904072238735,0.18719595253936389,0.010671483959108963,0.5681690007880613,-0.039933444259567144,0.9054898038619692
first,39,61,0.0025900415883667242,0.0036708684638142586,-0.0010808268754475344,0.0010808268754475344,-0.3597630022271782,1.0545388903922686,0.038218839397824986,-0.012717033382260675,-0.5886056028644201,0.08970556319178188,-0.13450646343042968
first,39,62,0.0026576771585851036,0.00306007731705904,-0.00040240015847393647,0.00040240015847393647,-0.3746568943351746,0.5445941762942161,0.14993590076727048,-0.03237131016080587,0.06339283863957562,-0.35014106923243865,0.010828021387053589
first,39,63,0.001670474459620741,0.0030759861692786217,-0.0014055117096578808,0.0014055117096578808,-0.3458671440427582,0.32108698007702874,0.06575086495588035,0.05806529876024853,3.9655742109224312,-0.6921797004991681,0.7991523162520857
first,40,41,0.009255089822534646,0.005236185155808926,0.00401890466672572,0.00401890466672572,0.03118200736377656,9.584222643814522,0.015713269346011152,0.1660640703982654,0.3135486457028147,1.8470664833972368,0.6657334650536066
first,40,42,0.004242962625089283,0.004195338115096092,4.762450999319049e-05,4.762450999319049e-05,-0.38478240214163967,3.388460305023303,0.024203605094926018,0.0313097498875809,-0.414098889586332,-0.009259929103667753,-0.4260853924364858
first,40,43,0.0029291525034942437,0.0030906416941434145,-0.00016148919064917083,0.00016148919064917083,-0.3320509269492094,0.2733502594879694,0.08784139120668921,-0.04622466532009322,-0.9471784988538061,-0.013021775302032699,-0.21178791936708008
first,40,44,0.0046373804073889776,0.004458177834749222,0.00017920257263975576,0.00017920257263975576,-0.42415937694455946,1.091486299483922,0.9648222610716796,-0.014602828023877006,-0.5186865135531252,0.11690660493380602,-0.4455622854669971
first,40,45,0.005020225655140031,0.004168880172073841,0.0008513454830661902,0.0008513454830661902,-0.38916619054231805,3.4892476448964365,1.0867345874898926,0.013496588394358742,-0.7768953006283266,0.07957751573464532,-0.4100022058366937
first,40,46,0.004757584235638945,0.005071867257356644,-0.0003142830217176991,0.0003142830217176991,-0.48157707505996394,-0.030238337161527153,-0.1397783133305448,-0.005058376708931611,-0.3591520023310159,0.6473269189032772,0.03195103975650694
first,40,47,0.004698252052440598,0.003530366811901331,0.001167885240539267,0.001167885240539267,-0.35390333335769614,1.4065656524060497,0.7473715201456039,-0.009722445743570604,-0.23782507568826136,-0.16494248715908263,-0.34235695482382755
first,40,48,0.003686699329806482,0.0036710596177726984,1.5639712033783514e-05,1.5639712033783514e-05,-0.3451095455644071,1.9030604412902605,0.19556378398427107,0.007970451222603179,-0.3335164323148167,-0.07147507776893582,-0.3238848798493682
first,40,49,0.004060555337808013,0.004306236747652292,-0.00024568140984427937,0.00024568140984427937,-0.41365582598522455,1.229543090102595,-0.8822214725266385,0.03216165031375076,0.2657120878640239,-0.01562613036243938,0.11962044279710929
first,40,50,0.003969151787972799,0.003997813910245895,-2.866212227309664e-05,2.866212227309664e-05,-0.3862295513308253,2.0251910389231997,-0.14259531791543814,-0.003304030161219536,-0.43011240211212004,-0.09954423786442877,-0.43266542219492266
first,40,51,0.003886865041188242,0.004353302530944347,-0.00046643748975610556,0.00046643748975610556,-0.33147277295408717,6.265890220950612,0.020678947792201703,0.11907996584344663,-0.6866178776746782,0.5674600303841425,-0.42408316042828226
first,40,52,0.0027767245760331773,0.0038577881641685963,-0.001081063588135419,0.001081063588135419,-0.43238509189346946,2.8548160030073193,-1.3291249485674996,0.06220940515092942,-0.5600041507403108,-0.7920133111480865,-0.40593832791947965
first,40,53,0.005051641500011574,0.004406395368278027,0.0006452461317335472,0.0006452461317335472,-0.4237006845857441,1.6895227244914184,0.7789715650220522,0.1697625912708783,3.4857335066470925,-0.5480720538233379,10.853956624919148
first,40,54,0.005568139902388167,0.0044015501625835896,0.0011665897398045778,0.0011665897398045778,-0.4467078868118638,2.7489754983821415,-1.0081105832533392,0.07101356291188782,3.0893170332368998,-0.1067785574766692,8.280554994954858
first,40,55,0.004094265354172088,0.004489827435463667,-0.00039556208129157885,0.00039556208129157885,-0.4114939232083464,1.9942925163712069,-2.081244086461043,0.001275988236754646,-0.3592328730403206,0.015047384793460248,-0.3926524321939942
first,40,56,0.004021489013005657,0.003643662901595235,0.00037782611141042206,0.00037782611141042206,-0.381347250025896,2.8452274770202446,-0.2825936096670027,0.03264994753927896,0.4273860405401018,-0.2691166895753454,0.5848495802886001
first,40,57,0.012983170051749622,0.004725246224552393,0.00825792382719723,0.00825792382719723,-0.6507639874076346,0.3439990105499207,0.7100977926672511,-0.016015828682398738,-0.7087434453870297,0.34666859581856363,-0.23420628860353024
first,40,58,0.0032693881674216046,0.0032756542786955833,-6.266111273978744e-06,6.266111273978744e-06,-0.1781183078486043,9.1111943326095,-0.651541256000292,0.16084698221927268,0.5704547104093798,0.14410764667583037,0.551988588411376
first,40,59,0.0039603968607758696,0.003927317447960377,3.307941281549282e-05,3.307941281549282e-05,-0.3705019480563667,1.2334842598221845,-0.17656714330523546,-0.027275502364770703,-0.46251072958975015,0.03935469869058825,-0.4526807101218172
first,40,60,0.004165915776935379,0.003697039093822241,0.0004688766831131381,0.0004688766831131381,-0.33853613122230675,3.8032389621214095,0.78768389236702,0.0415088883044921,-0.6299398768201866,0.18982854662519003,-0.4484705699828691
first,40,61,0.0037205573724720647,0.0038149200845509768,-9.436271207891207e-05,9.436271207891207e-05,-0.35211846561861343,4.1874939897963355,0.7706266074107108,0.06008293502553574,-1.054141533093905,0.19474788396151368,-0.32474166040092045
first,40,62,0.00394482835178326,0.0033779125660657883,0.0005669157857174714,0.0005669157857174714,-0.35375766072945697,1.487453777751638,0.7180883620529384,-0.013937021418040586,0.17075413776924744,-0.2945814946104319,0.2995335027159288
first,40,63,0.0028313489760337924,0.0031685931608080864,-0.00033724418477429395,0.00033724418477429395,-0.3282498290614877,1.7907858685761575,-0.3866884345845109,-0.03926937446567466,-1.1913192522103924,-0.5234753671417203,-0.42399881004853635
first,41,42,0.009460981677441815,0.005445847287774086,0.004015134389667729,0.004015134389667729,-0.005558242462260582,8.302532377540247,-0.6264607743387937,0.13065032670063317,-0.006213944273286459,1.6939882804022284,0.9032462968636192
first,41,43,0.008680013249918383,0.0049371663480997086,0.0037428469018186746,0.0037428469018186746,0.0647512312235417,2.251752486642076,0.7062851168338755,-0.03014631116407798,-3.1030047788950936,1.9633943427620637,-0.3010880578878691
first,41,44,0.010014392612774483,0.005466563627123833,0.00454782898565065,0.00454782898565065,-0.03137657357312022,4.463165591766029,-1.1227909601742,0.05388612246106378,0.5092070918874585,1.7107719019026266,1.4070525254782584
first,41,45,0.010354136705443443,0.0061653489246964455,0.004188787780746998,0.004188787780746998,-0.016155044065970042,9.412499040855836,-0.13289433072468948,0.13079523717329766,-0.15399822612679173,1.8085799030601175,0.7511109858804478
first,41,46,0.010552664667258934,0.007614515256136656,0.002938149411122278,0.002938149411122278,-0.08074094441732335,2.6881286523287016,-0.4279549823517874,0.016491935637016928,-0.7766396103989078,2.257397091803516,1.3870906611318576
first,41,47,0.01039878987917186,0.005299627780914307,0.005099162098257554,0.005099162098257554,0.027760464801536166,5.855312340016933,-0.45463763895040377,0.05878803905627352,0.10527271186228346,1.5961802792447375,0.6972916970666093
first,41,48,0.009210818727370897,0.005389865022152662,0.0038209537052182347,0.0038209537052182347,0.03887190915068573,5.860012879728268,-0.1303595524534881,0.082861719176884,0.4954627856644235,1.5793966577443395,1.2595827025298958
first,41,49,0.009440953518470779,0.005195298232138157,0.004245655286332622,0.004245655286332622,-0.02357376289788727,4.916896772445869,0.5368215267140214,0.049910565784609354,0.3612921624689214,1.7327642335238373,0.9569493180046068
first,41,50,0.009460515600954553,0.005381000228226185,0.004079515372728368,0.004079515372728368,0.003114067464572946,5.4937501853655375,0.6894744805290354,0.03954587031006897,0.6444168903525241,1.5466975330970125,1.2414115136601156
first,41,51,0.009365002807107932,0.005125080700963736,0.004239922106144196,0.004239922106144196,0.00970512382047386,16.313310766399503,-0.5798702463568278,0.3192411574662229,2.2358274957709274,1.601099616581061,4.229068337197795
first,41,52,0.008353774283023587,0.0040695867501199245,0.004284187532903662,0.004284187532903662,-0.04135187223351171,6.387862405096038,-0.7722008321892874,0.046192414182940914,-0.5038041678408183,1.172249149967446,-0.3245061026080212
first,41,53,0.0109837028816368,0.006964582484215498,0.004019120397421302,0.004019120397421302,-0.021045914349031112,3.4025751722603537,-0.18623968572116298,0.004075861007665914,-0.2555564012950279,2.059466107212617,0.6689429496569075
first,41,54,0.012069160647420998,0.006920162588357925,0.005148998059063072,0.005148998059063072,-0.0504642243902857,5.596468083914789,0.7504215497405785,0.0448876708176583,-0.6849679016848381,2.4165521232728064,1.009504973731009
first,41,55,0.009497517929981478,0.0055409204214811325,0.003956597508500345,0.003956597508500345,-0.02990321339200227,6.9322094831278145,-1.3555353058879323,0.08420283201408581,0.3723691142683939,1.6702597120740799,1.1613205445327899
first,41,56,0.009589003441172448,0.005389865022152662,0.004199138419019786,0.004199138419019786,-0.0036302223826245317,8.02303686565667,0.1485773373641147,0.08269773623832126,0.587331755742856,1.4969254141647983,1.145128881800414
first,41,57,0.02364582165178046,0.005366287659853697,0.018279533991926764,0.018279533991926764,-0.23225559951217312,1.7606506622593705,-0.12541387559544967,-0.010614083524313481,-2.1753257516264903,2.358388193590393,-0.44874826860910294
first,41,58,0.008846532156860869,0.005242186598479748,0.003604345558381121,0.003604345558381121,0.1403190331369945,20.823396875810143,-1.0875802511659733,0.3886237499881598,2.770973978876208,1.5232583375533537,3.1799474391082123
first,41,59,0.009702419157455741,0.005208704154938459,0.004493715002517282,0.004493715002517282,0.02178284646835867,4.172439070991924,-0.041252407815912565,0.028778667099122322,0.06385901290571189,1.7686464588005502,0.7400103825420995
first,41,60,0.009679377807781947,0.005717887077480555,0.003961490730301392,0.003961490730301392,0.026779568834223288,10.416474114796593,1.4186383553977462,0.16091822025888494,0.8137675843540466,1.771829559429936,1.4299159424821943
first,41,61,0.009213062565110099,0.005487775895744562,0.0037252866693655365,0.0037252866693655365,0.015278992066386395,10.56739086723166,-0.19510312267831348,0.20172469453739042,0.561074909180175,1.8030818201548147,1.3615895548359715
first,41,62,0.009449785204536943,0.005865233484655619,0.0035845517198813247,0.0035845517198813247,0.03323553777016539,5.0851848885970625,-1.8662199156481396,0.006315200961237638,-0.17229453461522973,1.6123851551761559,0.26633978193265606
first,41,63,0.008590661745627448,0.0038466579280793667,0.004744003817548081,0.004744003817548081,0.05966831501882277,4.9813327269272545,-0.16726676059111645,-0.03698805495304572,-2.274231785672914,1.4532301237068657,-0.4026240960023116
first,42,43,0.003049356584692063,0.004004354123026133,-0.0009549975383340696,0.0009549975383340696,-0.38237703957431335,0.6678408561403376,-0.5255521807202236,-0.006710323150628597,0.8250937985405317,-0.22368516241047523,0.8215041862762642
first,42,44,0.00468669400779649,0.004507781937718391,0.00017891207007809853,0.00017891207007809853,-0.4714540875411847,0.8920876911319638,-0.8160645145889198,0.054093411977664166,1.1760438072361903,-0.23757505606597695,2.061954205197613
first,42,45,0.0050565186663564425,0.00437408871948719,0.0006824299468692523,0.0006824299468692523,-0.4323518240960169,2.665960629685509,0.11668408916355692,0.1203772412950186,1.8341842300926927,-0.29805396802430717,2.4517855060194416
first,42,46,0.005048322355352252,0.004963747691363096,8.457466398915578e-05,8.457466398915578e-05,-0.5345797332073862,0.6465830063640134,0.02638010329132511,0.036456112530843465,0.8167920955020356,0.30326267814512053,1.9120810838385016
first,42,47,0.004918517181569656,0.004174357745796442,0.0007441594357732138,0.0007441594357732138,-0.40557527960701656,2.0200961567402804,0.6117622450004685,0.014329160102689305,-0.5120487097894043,-0.30065832308471385,-0.09147643139198416
first,42,48,0.003937442718128226,0.00396541366353631,-2.797094540808384e-05,2.797094540808384e-05,-0.3923518341771677,1.7848794696128991,0.8622788999064038,0.02148325670408845,-0.011524587634309169,-0.23005136366924683,0.15609173922079783
first,42,49,0.004411980840802295,0.004188222344964743,0.00022375849583755256,0.00022375849583755256,-0.46551881004112855,1.8145312611056914,-0.039289379931590054,0.0011281125630579973,-0.28904372538128714,-0.11314475873544083,-0.0020738390249032965
first,42,50,0.004202136006110096,0.004113320726901293,8.881527920880355e-05,8.881527920880355e-05,-0.4317288089800875,1.5763964678760323,-0.5036251294885896,0.01170148863616448,0.28670141905241514,-0.31252260724878805,0.6547447231122162
first,42,51,0.004115773233201951,0.004150275606662035,-3.450237346008366e-05,3.450237346008366e-05,-0.3683869226304444,4.515377775251869,-0.6578181969138391,0.10994749443487135,0.002258263401493985,0.328727483180207,0.5478498017400903
first,42,52,0.00297163358714797,0.0036700598429888487,-0.0006984262558408787,0.0006984262558408787,-0.4723739925465012,1.417944504489103,1.430762667324674,0.013119358081566182,0.1938144283120613,-0.9066049338059755,-0.37923704645337636
first,42,53,0.00557560698249459,0.0043194168247282505,0.0012561901577663398,0.0012561901577663398,-0.461525666231749,-0.11643162309160922,0.08003431578328618,-0.03221769627400068,-0.3997611533866859,0.21702958836721414,-0.42272403953886867
first,42,54,0.0064376650035073545,0.005021295975893736,0.0014163690276136186,0.0014163690276136186,-0.4848312705198673,0.982045411449481,0.09393402247496459,-0.0013627661262206458,-0.3101543612435311,0.6612168125587793,-0.2796912505449529
first,42,55,0.004324627163629216,0.004038115497678518,0.00028651166595069794,0.00028651166595069794,-0.46152818651943484,2.280250565671538,-0.43167158114220416,0.053241072262452505,0.4150088629993635,-0.19706286623743022,0.6163837509847541
first,42,56,0.004267335852188108,0.004137237556278706,0.00013009829590940238,0.00013009829590940238,-0.424397796159636,1.996131183949585,0.07401850623297647,0.017487986931883154,-0.2930667985108335,-0.30384142371409967,-0.24423726786881697
first,42,57,0.014326735449163002,0.005029045976698399,0.009297689472464604,0.009297689472464604,-0.7029808198546248,0.7076257552178478,0.11346838046984538,-0.02599089765649821,0.6285044439716978,0.13832019098603787,0.5915887221985769
first,42,58,0.003594907569585179,0.0033625757787376642,0.00023233179084751476,0.00023233179084751476,-0.20375971476392088,5.769201925199536,0.06153538056631291,0.13708629554094626,0.10781093115432144,0.06250452144975775,0.3149008169380409
first,42,59,0.0040693491058369615,0.004180923569947481,-0.00011157446411051968,0.00011157446411051968,-0.41736921786148046,1.0200218035236377,0.4048602982784342,0.002009912099635514,0.128978683623137,-0.14613325616725745,0.2572552220475737
first,42,60,0.004405916891286788,0.004182778764516115,0.00022313812677067241,0.00022313812677067241,-0.38371329610532384,3.3723534304619536,-0.23718450304023705,0.09921203900904994,0.7126552212037707,-0.07350068726036313,0.9691358121553892
first,42,61,0.003910693115139582,0.004196272697299719,-0.00028557958216013715,0.00028557958216013715,-0.3906314858028414,2.639436518010237,0.8461929371936509,0.04584823121868893,-1.0307746133387283,0.08015626130362444,-0.3067350186546375
first,42,62,0.004039547196725662,0.004668296780437231,-0.0006287495837115692,0.0006287495837115692,-0.4017575478205686,1.4863290983652009,1.2362317853107798,-0.011161904415005875,-0.30276434422659676,-0.39007451349200606,0.142764499654895
first,42,63,0.003056007371622293,0.0030302878003567457,2.5719571265547456e-05,2.5719571265547456e-05,-0.3739895221559751,1.4462220166965385,0.29928690042885747,-0.005826153283596357,0.5622270721294053,-0.6722129783693844,0.07924590145481249
first,43,44,0.00325916631394122,0.00404684292152524,-0.0007876766075840197,0.0007876766075840197,-0.4323009142847638,0.11788475677755643,0.24438293143779252,-0.019931834238123856,0.33862311400862233,-0.07031758663097733,0.43728705411818397
first,43,45,0.0037469702178737382,0.003695419989526272,5.15502283474664e-05,5.15502283474664e-05,-0.3840868027403592,0.3178015209896946,0.34080971149388184,-0.007571357128125925,0.26730783727418733,-0.08362873471749971,0.25427527355241086
first,43,46,0.0036507510712206776,0.004714077338576317,-0.0010633262673556392,0.0010633262673556392,-0.4951634419165679,-0.12465876555320912,-0.5629394790383747,0.0025331877151172125,1.863459426860987,0.3301743471026552,1.8273408475031268
first,43,47,0.003551978596907731,0.002750813029706478,0.0008011655672012529,0.0008011655672012529,-0.36122930560277594,0.319996196103178,0.04329649202775311,-0.030621525812830012,0.27188228416404775,-0.3113651161108298,0.241560360338595
first,43,48,0.002483871882146612,0.0028766486793756485,-0.0003927767972290363,0.0003927767972290363,-0.34814850845594325,0.11178583750829889,0.06352560366853945,-0.02436828748612407,0.41942704826187,-0.23526007379005998,0.41622881061691236
first,43,49,0.002903637241847852,0.0038645670283585787,-0.0009609297865107269,0.0009609297865107269,-0.4205599020717017,0.04490356442414658,0.5498809237339096,-0.028389791050794488,0.19811369292963524,-0.12037907834768127,0.26078258182094516
first,43,50,0.0027898142468536884,0.003996965941041708,-0.0012071516941880196,0.0012071516941880196,-0.38769081413105144,-0.05179067535614209,-0.261342967891533,-0.032669688090594944,0.07427038275360506,-0.25522679591984365,0.2203465006804952
first,43,51,0.002859125075751207,0.003959243185818195,-0.0011001181100669883,0.0011001181100669883,-0.3112600657139811,0.658368744335368,0.4973932160114509,-0.021433653649784955,-0.9394108182934193,0.4294292121825943,-0.09478269790973755
first,43,52,0.0014629997247301056,0.003364274511113763,-0.0019012747863836573,0.0019012747863836573,-0.429976200923383,0.09061480508812071,0.47465433459276235,-0.032399282805728125,2.046383811240914,-0.8985024958402662,-0.178678089171279
first,43,53,0.004255172588867288,0.005249655805528164,-0.0009944832166608759,0.0009944832166608759,-0.42820947925563807,0.09660703484665986,-0.04939243809285022,-0.05789626399770508,-0.9549520512148686,0.21355711495333887,-0.2339764090429182
first,43,54,0.005148813602948969,0.005725903436541557,-0.0005770898335925884,0.0005770898335925884,-0.4440227723114138,-0.0641806818574901,-0.029940481434669056,-0.03674856463449573,-0.4760206753441538,0.581639296824134,0.4141749132545552
first,43,55,0.002918298935290048,0.0037096759770065546,-0.0007913770417165068,0.0007913770417165068,-0.41189616112299987,-0.273367348131529,-0.010438570701609461,-0.023640394695712948,0.20967432040871603,-0.14063517326195465,0.2209208394024076
first,43,56,0.003021885212158172,0.004232688806951046,-0.0012108035947928741,0.0012108035947928741,-0.3777034180897681,-0.07747931091577538,0.11041815997034177,-0.03677909064697346,-0.3144328577024655,-0.30036895030022415,-0.06966280867489853
first,43,57,0.01045272645750524,0.004960135091096163,0.0054925913664090765,0.0054925913664090765,-0.663077104925373,-0.025374873970152676,-0.18171335669351066,0.021125043946063907,2.638628039982314,0.00549808290530281,2.045809446518539
first,43,58,0.0021815853807017234,0.0033641979098320007,-0.0011826125291302773,0.0011826125291302773,-0.14092087783636326,0.9438478888042315,0.04914876581653785,-0.02848734067363968,-2.3093554738474475,0.150473847934602,-0.29260170590721385
first,43,59,0.002817090880718858,0.003907075151801109,-0.0010899842710822513,0.0010899842710822513,-0.37400867634238716,-0.5045477505016112,-0.5973981630419957,-0.013090246030691753,1.0489295537775676,-0.2349707010055703,1.421617484485722
first,43,60,0.003002692759165255,0.0030041744466871023,-1.4816875218474045e-06,1.4816875218474045e-06,-0.33029529454728196,0.1470884382316048,0.0914335462766332,-0.012741185127704757,0.12551118514917964,0.019387976560804557,0.24151144574532293
first,43,61,0.002512826329087534,0.0035713869147002697,-0.0010585605856127359,0.0010585605856127359,-0.34148436375715413,0.12926318604881026,-0.615378592880724,-0.016830371236305337,-0.34125381972171814,0.06771323157057088,-0.02434976571633752
first,43,62,0.002623656710350113,0.002844572765752673,-0.00022091605540255996,0.00022091605540255996,-0.35869339213332524,0.0016948763322612618,-0.5254777626638276,-0.03094821958210525,0.4822635337874337,-0.39557259639730885,0.4343915170497871
first,43,63,0.0016147139476429472,0.002461459254845977,-0.0008467453072030296,0.0008467453072030296,-0.33143799298402316,0.02896398239809815,0.31013156194293573,-0.01373422546226363,2.996647207374657,-0.6664255226795919,0.2719710606426
first,44,45,0.00539334478731974,0.004495246335864067,0.0008980984514556731,0.0008980984514556731,-0.4767487079115107,1.1355967042066877,-0.4666503932125665,0.03406733193636367,0.2538151628709896,-0.02170295883672132,0.6210611743495623
first,44,46,0.005098951603197805,0.005210730712860823,-0.0001117791096630176,0.0001117791096630176,-0.5859810005592518,0.13785098697530895,-0.08802127533787954,0.02442200887519446,0.691856502510748,0.3698184185777331,2.2786544593716966
first,44,47,0.005133842624557203,0.004081778693944216,0.0010520639306129875,0.0010520639306129875,-0.45141628826647306,0.7639876955776537,-0.18939905154638353,0.009526175060435418,0.0330520323778429,-0.20719091369456702,0.20079907228238417
first,44,48,0.004062147405633315,0.004163661971688271,-0.00010151456605495598,0.00010151456605495598,-0.43923926628376775,0.731494890667343,0.6318047214317208,-0.005425292881096857,-0.0781685911521183,-0.09404615495912595,-0.004210135253482221
first,44,49,0.004606276211134846,0.004521501250565052,8.477496056979398e-05,8.477496056979398e-05,-0.5129924610634454,0.7432710449045774,1.344179480142497,-0.007858093898307241,-0.1663477795143517,-0.02517543225059658,0.3089551562775796
first,44,50,0.004272107044924147,0.004315816797316074,-4.370975239192769e-05,4.370975239192769e-05,-0.4796440144049563,0.6238468655996771,0.4851779641088899,0.040215319354210334,1.819229465505387,-0.37097590971569117,2.762659800906461
first,44,51,0.004428507276761013,0.004618607461452484,-0.0001901001846914708,0.0001901001846914708,-0.4090295859091724,2.481182853357232,0.8234204565778581,0.0801624893558206,1.9089657041634354,0.24943934023005163,2.2155222505874312
first,44,52,0.0032898115450051483,0.003957824781537056,-0.0006680132365319076,0.0006680132365319076,-0.5191621253182809,0.2184683013633734,-1.0905411457008616,-0.027860301325742298,-0.5984134672595428,-0.7818852636909497,-0.3974475989488705
first,44,53,0.005759114417249077,0.004246205557137728,0.0015129088601113496,0.0015129088601113496,-0.5176055956435315,0.25285015892482554,0.0438541415119217,-0.047390854176034926,-0.6984217984327931,0.34145988569775026,-0.4270570166793245
first,44,54,0.006540808133434716,0.00450843246653676,0.0020323756668979556,0.0020323756668979556,-0.53350004196279,0.07421590851064394,-0.029986020842314342,-0.027113423012055785,-0.7411166397784347,0.7888302105187012,-0.31053397900419644
first,44,55,0.004555262441453548,0.004400309175252914,0.0001549532662006338,0.0001549532662006338,-0.507194791271034,0.9077022718215306,-0.6272141877399741,0.018499294369096968,0.18458524766685308,-0.05555957462200676,0.370483779616561
first,44,56,0.004438357347568013,0.004279008135199547,0.00015934921236846616,0.00015934921236846616,-0.4717378719346056,0.9724515298462805,-0.5109352110031747,-0.013273475320398437,-0.4544834442661608,-0.17796426246111535,-0.2776298974421116
first,44,57,0.011332265144781483,0.005638273432850838,0.005693991711930645,0.005693991711930645,-0.7534914175383292,-0.21941293339189394,-0.04075048726862469,-0.029960285982657327,0.36055829859281907,0.2332344642986329,0.7803376804837637
first,44,58,0.003872342492917011,0.00348278833553195,0.000389554157385061,0.000389554157385061,-0.23424813895656563,2.325911139388216,-0.016475490387961304,0.05935333999008763,-0.06292010308101778,0.19185415611661732,0.22359988696065197
first,44,59,0.00427075603967228,0.0046720742247998714,-0.00040131818512759154,0.00040131818512759154,-0.4685169442721548,0.6252679360575021,0.11461403325829368,0.016430124008093353,0.6544311574380616,-0.13629458149461032,1.371753026251859
first,44,60,0.004642404669738678,0.004515125881880522,0.00012727878785815609,0.00012727878785815609,-0.42559342063777894,1.506607434139553,-0.8968610731078526,0.09972681255120176,1.6376185851432534,-0.11748535050278515,2.6325074717244794
first,44,61,0.004054862018834909,0.004506632220000029,-0.00045177020116511993,0.00045177020116511993,-0.43759150219479254,1.5983144678085057,0.7192331644484847,0.04286315235738287,0.047240438010307646,0.12992838023583894,0.3208308492931243
first,44,62,0.004209618430693671,0.004134927876293659,7.469055440001166e-05,7.469055440001166e-05,-0.45005583697367885,0.6321208697023785,-0.030912246229633383,-0.024781516620706812,-0.28039505230286993,-0.2592780149026983,0.024016668289982637
first,44,63,0.0033241855059133237,0.0035342101473361254,-0.00021002464142280165,0.00021002464142280165,-0.42168243820695644,0.5367582052157059,-0.2597146043240275,-0.011346469875548042,0.2638229902982339,-0.5495189177457859,0.04803924696830519
first,45,46,0.005692385471331375,0.005067857913672924,0.0006245275576584513,0.0006245275576584513,-0.5368464799519935,0.36676883532094373,-0.9997471599675563,0.01672237934686231,0.0422555683784339,0.5437314620559937,0.623431544382007
first,45,47,0.005728092713300748,0.00422297790646553,0.0015051148068352177,0.0015051148068352177,-0.4090603334189391,1.9659424214715389,-0.5084957288018591,0.04545310902929797,0.9018615426398071,-0.32496563698184183,1.1780706649921686
first,45,48,0.004589008500866861,0.004140413366258144,0.00044859513460871695,0.00044859513460871695,-0.3985255308923003,2.195294145192004,-0.20269433714428814,0.027075241472839146,-0.24977125416274387,-0.1475801200897054,0.20940098017949693
first,45,49,0.005065410105181335,0.004354399628937244,0.0007110104762440908,0.0007110104762440908,-0.4663137087772295,1.298112452735036,-0.8641746773316465,0.012584660950997627,-0.031610838937024585,-0.043984663242422006,0.18236687579526573
first,45,50,0.004917511474309095,0.004175362642854452,0.0007421488314546427,0.0007421488314546427,-0.436100499999874,1.6710737544358574,0.6313345409317489,0.007222003365777727,0.26619451940025984,-0.22194892570353758,0.5968083109734368
first,45,51,0.004941295280719173,0.004376064985990524,0.0005652302947286485,0.0005652302947286485,-0.37745290149379973,5.394997133996643,1.3280992098556996,0.10527433760818007,-0.5605068124648119,0.48209505895970495,0.03085340633845145
first,45,52,0.0038076465179993036,0.003690719371661544,0.0001169271463377598,0.0001169271463377598,-0.47549461275905724,1.300222283614104,-2.5876882554032554,0.02883101570993708,-0.059825308258275624,-0.8241336902264342,-0.24996022279295668
first,45,53,0.006213011190602988,0.004330035764724016,0.0018829754258789721,0.0018829754258789721,-0.46932494850422185,0.5561360927945761,0.4375868534255592,-0.041585054618042065,-0.5614845562439741,0.30094769586920356,-0.3698362212292136
first,45,54,0.006739456934177937,0.0050071608275175095,0.0017322961066604274,0.0017322961066604274,-0.4928840937335315,1.6937249100285119,0.19664801757925265,0.0054640509871808594,-0.4322230030716246,0.7286406713448602,-0.13103940176171738
first,45,55,0.005082224881254047,0.0042960443533957005,0.0007861805278583465,0.0007861805278583465,-0.46362556993155657,1.9781467431243116,-0.5618913437543314,0.043902052637534876,-0.08991421649519257,-0.06192577588077838,0.12081127210777788
first,45,56,0.004924372214496956,0.004117629025131464,0.0008067431893654924,0.0008067431893654924,-0.4301994984123448,2.3366302641269194,0.3041854065132755,0.03485390642127554,0.2628419283400441,-0.26738045286840756,0.32652096881990916
first,45,57,0.013251242592302431,0.004843325354158878,0.008407917238143553,0.008407917238143553,-0.7009877763526952,-0.35006706455782116,-0.03772283689093613,-0.02081751416123729,0.2366035910164719,0.245388121247197,0.4084939351727292
first,45,58,0.004486208805067404,0.0037088587414473295,0.0007773500636200741,0.0007773500636200741,-0.20587877265014046,5.51720891149507,-1.4652702836300695,0.14414462713123252,-0.0012181762234921214,0.11980033277870238,0.5791085129007943
first,45,59,0.004888985991516438,0.004349000286310911,0.0005399857052055266,0.0005399857052055266,-0.42288209514539665,1.3068509860680253,0.2981728510174374,-0.008100727879062629,0.023919602993766487,-0.052376473992620944,0.19342337297768286
first,45,60,0.005139994310686387,0.004362134262919426,0.0007778600477669614,0.0007778600477669614,-0.38821251368201176,3.4887949543965324,0.4736959244373495,0.07045886897806222,-0.2178274574374104,0.1148809954423787,-6.420746375347259e-06
first,45,61,0.004682666197573051,0.004151764791458845,0.0005309014061142059,0.0005309014061142059,-0.397710469854713,3.186082000983619,1.0490097005446393,0.06742127677255073,-0.0438112841740954,0.08796932648484425,0.41275919026565117
first,45,62,0.004655310222446252,0.004069431684911251,0.0005858785375350006,0.0005858785375350006,-0.4047758443530812,1.3503614208474246,-0.34400013401497936,0.007058899005298604,0.5783083995046625,-0.3350936844389784,0.5176214735227334
first,45,63,0.003781537504324917,0.0031455603893846273,0.0006359771149402897,0.0006359771149402897,-0.3779614955487939,1.4770331581433196,0.1977429244729011,-0.003299426778135651,0.14652622631709147,-0.5726687405049554,-0.07515075227221639
first,46,47,0.005441063802093011,0.004925543442368507,0.0005155203597245039,0.0005155203597245039,-0.5083470668009812,-0.49901351400762717,-0.15737531142277508,0.0012323155845154823,0.1230679266639008,0.3070245243434857,0.7271875336256981
first,46,48,0.004554167598030704,0.004836417734622955,-0.0002822501365922509,0.0002822501365922509,-0.49902401859367446,-0.03349885035269595,0.3738937787589538,-0.0013296272591296961,-0.2609873276032232,0.4664689285972658,0.1856383265808506
first,46,49,0.004877185634851918,0.005604226607829332,-0.0007270409729774148,0.0007270409729774148,-0.5740232436052111,0.07290138662627076,0.0967574570714938,0.004871404310514571,0.24256572345141086,0.44389785140707516,1.126821796331285
first,46,50,0.004745107475610485,0.0049817743711173534,-0.00023666689550686827,0.00023666689550686827,-0.5405442460445975,-0.010695130169086756,-0.4780041797505327,0.00723339742529947,0.32439499031533775,0.28358532879982673,1.3699476201807996
first,46,51,0.004889648800359946,0.005432099103927612,-0.0005424503035676665,0.0005424503035676665,-0.4656871652585399,1.2725622175710771,0.2426063044710821,0.021404742939721354,-0.30279010007956014,1.0000723431961227,0.6351537031190494
first,46,52,0.0036726102830838933,0.004059230908751488,-0.0003866206256675944,0.0003866206256675944,-0.5825534093065655,-0.07190214140699276,-1.4583992478222718,-0.012637274965608472,0.8119487940947835,-0.1915647833321274,-0.3054023050491878
first,46,53,0.006099937294005527,0.0047402456402778625,0.0013596916537276646,0.0013596916537276646,-0.5765122797237059,-0.7995366370255923,-0.45284150501182097,-0.02832931559270639,-0.023145659629719467,0.847862258554583,0.16229041354803403
first,46,54,0.006852338657732059,0.006185352802276611,0.0006669858554554479,0.0006669858554554479,-0.6011319620111997,0.49284694485046365,-0.7324510382598796,-0.014113267842353623,-0.01840504800928247,1.218548795485785,0.6152778795203607
first,46,55,0.004967952744262661,0.005229051224887371,-0.0002610984806247097,0.0002610984806247097,-0.5684740741786194,0.2962190222200549,-0.23572830064797595,0.006835008023660108,0.16753059704419226,0.43926788685524165,0.9788288366012972
first,46,56,0.00494448709870703,0.004848085809499025,9.640128920800507e-05,9.640128920800507e-05,-0.5295210117644509,-0.17684145791603975,-0.765737915554579,-0.008681275803369283,-0.2997890761342736,0.3831295666642553,-0.0174839706164832
first,46,57,0.013055052017975797,0.00559737766161561,0.007457674356360187,0.007457674356360187,-0.8216480614829221,-0.07398477139363183,1.0067148368544212,0.06991261305458125,1.2183369640356156,0.6389351081530785,1.9076162246015007
first,46,58,0.004450502625430923,0.004945098422467709,-0.000494595797036786,0.000494595797036786,-0.29263463565839115,1.6903379056406855,-0.635353107299652,0.03714984144639944,-0.7981842257110838,0.7769659263546268,0.17890539979066006
first,46,59,0.0047612600147775444,0.004636093508452177,0.0001251665063253674,0.0001251665063253674,-0.5300381747975768,0.11494910398560283,-0.24898533592025168,0.030633885393058218,0.8911124108030524,0.268827316790856,2.586618113822039
first,46,60,0.004977311077311301,0.005382129922509193,-0.0004048188451978921,0.0004048188451978921,-0.48516646878207853,0.7458809212050838,-1.1356528577813585,0.03991940327342636,0.597535677541881,0.4757288577009333,1.914463589976002
first,46,61,0.004529441936060197,0.004885164089500904,-0.00035572215344070734,0.00035572215344070734,-0.49687370914015094,0.774178728378891,-0.5848244271438854,-0.010499776854894546,-0.8362496860240862,0.7688634883889175,-0.1080787000080245
first,46,62,0.004651866059769554,0.0045592947863042355,9.257127346531859e-05,9.257127346531859e-05,-0.5107171453407063,0.013847544476872446,0.15148951653419354,-0.021023330229176636,-0.2301339509533494,0.32062504521449775,0.06465411591352857
first,46,63,0.00371182221153081,0.003698495915159583,1.3326296371226742e-05,1.3326296371226742e-05,-0.48146769457440025,-0.19861425722973164,-0.49510478267996794,-0.0030370430942092417,1.0941791622171513,0.03298849743181662,0.06358193146197992
first,47,48,0.0043959854646760605,0.0032325787469744682,0.0011634067177015922,0.0011634067177015922,-0.3674145956412633,0.8104752891739823,0.44417989752921727,0.007317200961878268,0.5290293568181339,-0.38573392172466175,0.31284420757127107
first,47,49,0.0046951327266783905,0.004036714788526297,0.0006584179381520939,0.0006584179381520939,-0.4356856606467915,0.023734364188432527,0.17261397041599372,-0.012344671856348091,0.18310097767316186,-0.31657382623164293,0.6671090844325391
first,47,50,0.00475175855004849,0.00459009874612093,0.00016165980392756057,0.00016165980392756057,-0.4075350553114937,0.73377088658358,-0.4792835177741532,-0.00292075047224716,0.3629932720563113,-0.45691962670910785,0.7297244241318125
first,47,51,0.004520948092740113,0.003709932789206505,0.000811015303533608,0.000811015303533608,-0.34058260482317537,3.0387210957816095,0.41348564257800635,0.06708670325608816,0.15178466848044142,0.19474788396151368,0.5010995934563807
first,47,52,0.0034149890453610793,0.003464195178821683,-4.920613346060367e-05,4.920613346060367e-05,-0.44773969259042984,0.5146028669264957,-0.354008633692034,-0.006793559272195067,0.028884188223306382,-1.0556319178181293,-0.33461814382688104
first,47,53,0.006106887204306466,0.004668457433581352,0.0014384297707251137,0.0014384297707251137,-0.4414838344967401,-0.2424134724681296,-1.1465455231070019,-0.046511374634709425,-0.3372920446325578,0.05382333791506913,-0.2816622522256485
first,47,54,0.006680771496640631,0.004662332125008106,0.0020184393716325246,0.0020184393716325246,-0.46275153416212156,0.5136289904151824,-0.13789393811217063,-0.017375112527777598,-0.3157828380577892,0.48788251464949717,-0.08086947161471061
first,47,55,0.004741505787799234,0.004096345044672489,0.0006451607431267447,0.0006451607431267447,-0.4348978187162108,1.0287900746198524,-0.2568407448994063,0.021982243296300503,0.4163326760308431,-0.3185994357230702,0.4155812010964686
first,47,56,0.004772547527365451,0.004129015374928713,0.0006435321524367382,0.0006435321524367382,-0.4012368563846826,1.3230868182281954,-1.058302646659606,0.00014803125523228712,-0.10714859648644903,-0.4641539463213483,-0.06631396433586675
first,47,57,0.012244757458105965,0.0057888999581336975,0.006455857499972267,0.006455857499972267,-0.6787427091227609,-0.04902203322495639,0.23576626461681136,-0.041815214620381284,0.2577375875819245,0.007523692396730124,0.5127559653800827
first,47,58,0.004026191814445126,0.0034854181576520205,0.0005407736567931056,0.0005407736567931056,-0.17295323026532833,3.757594737127642,-0.31171625176069295,0.07269995693594612,-0.12912772504861847,-0.050061491716703946,0.0360933746484986
first,47,59,0.004528630147760224,0.004644833970814943,-0.00011620382305471948,0.00011620382305471948,-0.397076365472966,0.8302917735261096,-0.5784590453685394,0.005996835380046567,0.5523923397978578,-0.3698184185777327,1.22346221902299
first,47,60,0.00504349605733346,0.0034568116534501314,0.0015866844038833284,0.0015866844038833284,-0.35667312952438895,2.0355702229751755,-0.5390906092682466,0.05138177224116987,0.9327870712646491,-0.21095275989293197,0.983314278515947
first,47,61,0.004382547015218439,0.003723242785781622,0.0006593042294368171,0.0006593042294368171,-0.3685552778478558,2.1275726611546513,0.5715024235893993,0.03366500723705817,0.685461177424926,-0.16928307892642697,0.7316717547235613
first,47,62,0.0045133856214621395,0.0029800410848110914,0.001533344536651048,0.001533344536651048,-0.37717214144560174,0.5593214159540827,-0.6090222356831126,-0.010827513935644064,0.5451821911599518,-0.554727627866599,0.43752177899591427
first,47,63,0.003556342348039612,0.002570230746641755,0.0009861116013978569,0.0009861116013978569,-0.3495039191733658,0.5318568298996508,0.2794542801398487,-0.029092928073329055,0.5537922082172547,-0.8180568617521522,0.12545722114927166
first,48,49,0.0037288965822779374,0.0039026665035635233,-0.00017376992128558585,0.00017376992128558585,-0.4252047922766288,0.27122499597822297,-0.5659433097373311,-0.01129336166076517,-0.02468960958236056,-0.1652318599435721,0.01760670077773252
first,48,50,0.0036400244073067083,0.0038703575264662504,-0.00023033311915954214,0.00023033311915954214,-0.39526629485702536,0.6643856381155394,-0.4982278072248496,-0.009973023534498582,0.02245447751686131,-0.29776459523981746,-0.07030593631782027
first,48,51,0.0036588032059724123,0.003810510039329529,-0.00015170683335711654,0.00015170683335711654,-0.32760715570160903,2.8258212610508138,0.7398394687286624,0.07605389216268539,0.8279676001378472,0.22484265354843394,1.0222220397649706
first,48,52,0.00240812930781811,0.003542887745425105,-0.001134758437606995,0.001134758437606995,-0.4371373463538116,0.7483652224011645,0.8612616911560588,-0.017312866185739736,0.22509185072634924,-0.9647688634883889,-0.2499957061287384
first,48,53,0.00522929003067866,0.00433014240115881,0.0008991476295198506,0.0008991476295198506,-0.43123432853613375,0.04347361491853381,-0.03175540211440129,-0.04660984401898589,-0.7044328319577333,0.15307820299500843,-0.3171038833045799
first,48,54,0.005703605124646743,0.004887504503130913,0.0008161006215158303,0.0008161006215158303,-0.45363666171766176,1.000501569305632,-0.32569888043778644,-0.022499698331978325,-0.638659411856757,0.5778774506257688,-0.052577157905245524
first,48,55,0.0037216951129974063,0.0041954428888857365,-0.0004737477758883302,0.0004737477758883302,-0.4224158419235239,0.9347916828726172,-0.6958324951250576,0.01731552937555566,0.2833221393792329,-0.24857122187658234,0.6503793620355814
first,48,56,0.003573933972459344,0.004042742308229208,-0.000468808335769864,0.000468808335769864,-0.3912116560281123,1.6401163201064795,0.5556871982086838,0.04572703320242672,1.8490071460648285,-0.6617955581277581,4.11167549759999
first,48,57,0.012787154223801963,0.005780084524303675,0.007007069699498289,0.007007069699498289,-0.6672905218784914,0.10777342400050836,-0.38211460503905176,-0.039985063257393226,0.11289566588101863,0.1007017290023875,0.49190663923876793
first,48,58,0.0031284757652247836,0.003070236649364233,5.8239115860550614e-05,5.8239115860550614e-05,-0.1597297848354794,3.4710732206359607,1.2910126382355964,0.07464285915299673,0.2168815526077448,-0.020545467698762823,0.6389764637271828
first,48,59,0.0035975635114303033,0.0036308562848716974,-3.3292773441394134e-05,3.3292773441394134e-05,-0.3836674268694423,0.5706317725256311,0.08826959006523806,0.01678671688777625,0.514502944538446,-0.22339578962598552,0.5560025567962665
first,48,60,0.0039326828804745525,0.0034557871986180544,0.0004768956818564981,0.0004768956818564981,-0.34381663798159234,1.854718958890775,-0.1508575270909363,0.02714396275231607,-0.04996014932322743,-0.018519858207335507,-0.04924469313842957
first,48,61,0.0034000917327896454,0.003638453781604767,-0.00023836204881512143,0.00023836204881512143,-0.3523730146748791,1.3974705477888894,-0.5877048988071929,0.048685873695340144,0.6716649369042489,-0.05642769297547558,0.5008511002077993
first,48,62,0.003529987996139543,0.0034016300924122334,0.00012835790372730952,0.00012835790372730952,-0.3664150495450755,0.7466748208271138,-0.8499763786016536,-0.015162253466757007,0.4050411032441771,-0.4679157925197135,0.4942182332660333
first,48,63,0.002535069842667362,0.0022808313369750977,0.0002542385056922645,0.0002542385056922645,-0.33730925517685995,0.4751026611272566,-0.504225229198025,-0.03318764647829983,-0.005026105686618205,-0.7023077479563047,-0.21722306907283492
first,49,50,0.004000708333243858,0.003918576054275036,8.213227896882239e-05,8.213227896882239e-05,-0.46671040205897424,0.37328795905018397,-0.08637462832298294,-0.0016108363088683352,0.21795103215162845,-0.23815380163495609,0.3846919644321337
first,49,51,0.004115697834464415,0.004587047267705202,-0.00047134943324078724,0.00047134943324078724,-0.3995124755500591,2.7727110253030225,0.09635322540881315,0.05168461627621726,0.27245871316474446,0.36750343630181614,0.6403057498914718
first,49,52,0.002932395914989474,0.003945075441151857,-0.0010126795261623835,0.0010126795261623835,-0.5128548533558008,1.101580226508561,-1.3002817039294807,-0.013805811272367305,0.3410146216900302,-0.8594371699341677,-0.28138642679210657
first,49,53,0.005169053561664899,0.00429901760071516,0.000870035960949739,0.000870035960949739,-0.5030640397540098,-0.2633645018153469,-0.2704754066850028,0.011554390870146022,-0.02717656182683329,0.19185415611661732,0.22359988696065197
first,49,54,0.006278898713921105,0.004773874767124653,0.0015050239467964523,0.0015050239467964523,-0.5245363867794781,0.5108695796749506,-0.16119283796668316,-0.008479504855356533,-0.48199122903110336,0.6635317948346963,0.06181680042929624
first,49,55,0.00406126776190792,0.004133450798690319,-7.218303678239914e-05,7.218303678239914e-05,-0.4949436728303662,0.7773778633905117,-0.6796074150755346,0.005784713683986354,0.017020682033335847,-0.11488099544237847,0.2865103989394183
first,49,56,0.004101355699517743,0.004225715529173613,-0.00012435982965586928,0.00012435982965586928,-0.46059315978800347,1.0137419208042318,0.8513415282110599,0.0003625232817472246,-0.24140718548373882,-0.2601461332561671,-0.14947509223192235
first,49,57,0.012762211125645396,0.005678038112819195,0.007084173012826201,0.007084173012826201,-0.7427927963121135,-0.01119721918088899,-0.04402709667645715,-0.01359630700684783,0.5921926725521348,0.11401287708890988,1.268061792020474
first,49,58,0.003470288976135691,0.003386356635019183,8.393234111650797e-05,8.393234111650797e-05,-0.2281041816361254,3.123733891167732,0.24554132276481233,0.06085062923350514,0.22368665403706842,0.10359545684728363,0.40339161443727545
first,49,59,0.004045206350314458,0.0043073915876448154,-0.00026218523733035747,0.00026218523733035747,-0.4585839864448847,0.8774558660014979,0.035467063419499796,-0.007107715000068867,-0.09242683562595178,-0.07784127902770721,0.08758512644302657
first,49,60,0.00422259771834142,0.0043336171656847,-0.00011101944734328,0.00011101944734328,-0.41698310978801606,1.9606961726644296,0.08083162854865812,0.051371375733847216,1.1752660605467056,-0.16118064096071746,2.4410921223484814
first,49,61,0.0036936713180307575,0.004271791782230139,-0.0005781204641993813,0.0005781204641993813,-0.42592458643969294,1.5412488276772112,0.32690453799069114,0.01890495034363614,0.39445991825174564,0.02633292338855555,0.655975986772669
first,49,62,0.0037846807727394643,0.0038638811092823744,-7.920033654291005e-05,7.920033654291005e-05,-0.4359810383635671,0.18106397365382162,-0.18512023891805934,-0.026980780601069128,0.02106677529053083,-0.3348043116544887,0.0988218710070619
first,49,63,0.0028607112017625274,0.0034937122836709023,-0.0006330010819083748,0.0006330010819083748,-0.4080270154677616,0.14084611529371321,0.9373660940314662,-0.030105095784916398,0.2587817213536211,-0.6050784923677927,-0.13507087730782041
first,50,51,0.003820276934647109,0.003988978918641806,-0.00016870198399469676,0.00016870198399469676,-0.3655344610276574,2.4489389436595084,0.2132855381862034,0.05211979613510755,1.6513432964557004,0.11111914924401375,1.7417552969707892
first,50,52,0.002720260060544201,0.003490384202450514,-0.0007701241419063127,0.0007701241419063127,-0.4779186254552585,0.7130688933862166,-0.8504389229204655,-0.026570544123083663,0.30875540473257235,-0.9997829704116328,-0.3313792217634828
first,50,53,0.005160050423056041,0.004216340836137533,0.0009437095869185078,0.0009437095869185078,-0.473638672907235,0.2840431698951093,0.6693454375713598,-0.05175055539176277,-0.6946919594703185,0.12327280619257763,-0.39877712847145935
first,50,54,0.005935581345463784,0.004580857697874308,0.0013547236475894764,0.0013547236475894764,-0.4919223519526307,0.529478513527956,0.2997963378419748,-0.029792024551864547,-0.7510627583894645,0.5697750126600595,-0.27093059272596337
first,50,55,0.004021743166127375,0.004036865197122097,-1.5122030994721772e-05,1.5122030994721772e-05,-0.46226663081137387,0.762591289141461,-0.012254213781434395,0.010010875606933867,-0.08600639969557383,-0.22744700860884015,0.008710399207096046
first,50,56,0.004082085457013314,0.004089721944183111,-7.636487169796792e-06,7.636487169796792e-06,-0.4273490530397064,0.8702301532868063,0.03356181018763581,-0.008360219576797175,-0.09427916632240733,-0.42219489257035364,0.09169881120243331
first,50,57,0.012498432132006717,0.004678721539676189,0.007819710592330527,0.007819710592330527,-0.7084271615436358,-0.11198300874409155,-0.3596805460883059,-0.024573270735255,0.4146513281665602,0.05324459234609,0.5842448816765419
first,50,58,0.0033585925865597804,0.003346577752381563,1.2014834178217249e-05,1.2014834178217249e-05,-0.1974000208175763,3.223998071907726,-1.281737446241827,0.04652469058378905,0.2695718682185324,-0.03414598856977489,0.406321108412519
first,50,59,0.0038097694915640787,0.004590794909745455,-0.0007810254181813761,0.0007810254181813761,-0.42063198229951554,-0.06104969001420797,0.17918329029318414,0.03597790064956664,0.6249964879014188,-0.3405917673442812,1.493004709334206
first,50,60,0.004276555644672063,0.0041732750833034515,0.00010328056136861118,0.00010328056136861118,-0.3819692570267511,1.4818320720666505,-0.17815217154465773,0.025624782271648747,-0.2514052161507414,-0.04687839108731814,-0.14793628152068083
first,50,61,0.003606138195900211,0.004175326321274042,-0.0005691881253738311,0.0005691881253738311,-0.3951029802149856,1.7768009454987927,-0.03167146160993659,0.049223819734447026,1.4557693630536972,-0.182883599797439,1.4453233774865974
first,50,62,0.0037876817788576097,0.004084303975105286,-0.00029662219624767595,0.00029662219624767595,-0.4078379938913267,0.8842486194335912,-0.1689302072045651,-0.026610789405611266,0.05012960860105811,-0.48209505895970467,0.19306433356581434
first,50,63,0.0027802566159356276,0.0027528207283467054,2.7435887588922198e-05,2.7435887588922198e-05,-0.37532325839929975,0.06417433968049892,0.5082799112318237,-0.025805485649365068,0.05519815139255897,-0.7462924111987267,-0.14245893747538915
first,51,52,0.0027928701137142856,0.004086631815880537,-0.0012937617021662514,0.0012937617021662514,-0.4112328214040976,3.219678626564929,-1.5174955149801093,0.025968654072829455,0.14244834971457293,-0.3374086667148954,-0.3099543877352412
first,51,53,0.005327067433531026,0.004694086965173483,0.0006329804683575429,0.0006329804683575429,-0.3973546052334782,1.185951616394975,0.8346094057325107,-0.02671269073552681,-1.2926926880740397,0.7957751573464517,-0.43456328560272484
first,51,54,0.00620256235698004,0.005625911056995392,0.0005766512999846483,0.0005766512999846483,-0.4230131501050582,2.6972850646567768,0.8085902291469581,0.015869444761073208,-1.4335685740160242,1.234464298632714,-0.2859989348966422
first,51,55,0.004112039613224912,0.004484653007239103,-0.000372613394014191,0.000372613394014191,-0.3974347503818866,3.5429047172381347,-0.4105785397329032,0.08902338861801178,0.33289428834323515,0.3200462996455184,0.8368676181620562
first,51,56,0.004032643439757947,0.0038710746448487043,0.00016156879490924255,0.00016156879490924255,-0.36346328860746796,3.732807254449823,-0.20909220739947865,0.06348577776559564,0.028362220729917426,0.172466179555813,0.5524356958838091
first,51,57,0.012763285890811486,0.005154565442353487,0.007608720448457999,0.007608720448457999,-0.6277618257568865,0.5473923447827275,-0.6784283192845967,0.0033366107651531954,-0.20662575211525086,0.7723359618027927,-0.01917903071811831
first,51,58,0.0033562511251518014,0.004100823309272528,-0.0007445721841207262,0.0007445721841207262,-0.16393967338583765,10.406749443410106,0.09847362804486107,0.31260236521456775,0.44027644459822335,0.5509657816682345,0.7887968457698203
first,51,59,0.003879341541560248,0.004330684896558523,-0.000451343354998275,0.000451343354998275,-0.35399910428975645,2.3468143910020998,-0.8795604716518532,0.03300769355269659,0.5095652717286693,0.33972364899081264,0.8097963640739881
first,51,60,0.004134162775595094,0.004068522714078426,6.564006151666725e-05,6.564006151666725e-05,-0.32743476802390037,5.7659034294150535,0.44640164443772884,0.18768415648702017,1.1589227930329773,0.40425377993199774,1.4202531806571244
first,51,61,0.00363177353836814,0.004199643153697252,-0.0005678696153291122,0.0005678696153291122,-0.3362139381486118,5.362687547532745,0.01854642705730153,0.183189698781792,0.7477754396779046,0.4852781595890907,0.9153435448850736
first,51,62,0.003856638759589416,0.0041952310130000114,-0.00033859225341059543,0.00033859225341059543,-0.33719785846114764,2.578247194399273,-1.117107281116959,0.01553391945168674,-0.3140852204124676,0.17767488967662612,0.06273436199405179
first,51,63,0.0028552040134567813,0.003451335011050105,-0.0005961309975933238,0.0005961309975933238,-0.30878363103391526,2.381356423766896,-0.04801852423006706,-0.02800521179840678,-0.42044541644987293,-0.07060695941546677,-0.32122141086678274
first,52,53,0.004128562861127,0.004025901667773724,0.00010266119335327652,0.00010266119335327652,-0.5156135602566762,0.2987579366068932,0.4744971681005231,-0.006534799722863526,-1.084190828917931,-0.567749403168632,-0.3776173951011816
first,52,54,0.005044205429324184,0.004117210861295462,0.0009269945680287226,0.0009269945680287226,-0.5344224672557923,0.6167992975898045,-0.3102795216303899,-0.01765477033808737,-0.7066275509102495,-0.1012804745713664,-0.3993260776733355
first,52,55,0.00287556618926149,0.003791803028434515,-0.0009162368391730249,0.0009162368391730249,-0.5063131946385416,1.1434274606063384,-0.1184666688805807,-0.00968202199986977,-0.03597200768047098,-0.875931418650076,-0.42597509732784256
first,52,56,0.0028076319170477777,0.003786591114476323,-0.0009789591974285455,0.0009789591974285455,-0.4698194289481756,1.025378829022193,1.1611496588332146,-0.011268166603846809,-0.16541407424025642,-1.074730521594444,-0.29484567355447694
first,52,57,0.01195056561615459,0.004165607038885355,0.007784958577269236,0.007784958577269236,-0.7523708976332231,-0.010647422904386387,0.4155030522206583,-0.008730695820572025,1.65750975476519,-0.5382333791506908,-0.23223787707189286
first,52,58,0.0019902453217122435,0.0027178609743714333,-0.0007276156526591897,0.0007276156526591897,-0.2413493015400722,3.849133773574962,-0.13932201679631848,0.05398652746268068,-0.1342782283912161,-0.6502206467481734,-0.21146183179078762
first,52,59,0.002759925660552223,0.0034451314713805914,-0.0006852058108283684,0.0006852058108283684,-0.46419817929377005,0.2660444944059224,0.26341028171356146,-0.0352725031188378,0.8929237723447941,-0.8681183534688562,-0.2603320329587829
first,52,60,0.0030859904448387954,0.003839615499600768,-0.0007536250547619727,0.0007536250547619727,-0.4239512011817125,1.6032161249990937,0.2871398535080213,0.002499097055102358,-0.4369566530495939,-0.7086739492150763,-0.409812970435645
first,52,61,0.0024529145252466097,0.0037537417374551296,-0.00130082721220852,0.00130082721220852,-0.4357683260828857,1.6592649027528017,-0.291409129587374,0.011746341877703487,-0.19307915208996318,-0.6910222093612096,-0.37734084121546974
first,52,62,0.002543834715505754,0.0035543430130928755,-0.0010105082975871214,0.0010105082975871214,-0.4482119945027485,0.6985393887112086,-0.2906747892841366,-0.02801881603092009,0.0833664247668282,-1.1245026405266585,-0.36890146228722576
first,52,63,0.0014716373427599515,0.003620385192334652,-0.0021487478495747004,0.0021487478495747004,-0.42228478696386235,1.0070397900344792,0.40210925988578927,0.027576067587913748,2.5588404110022487,-1.4240034724734139,-0.20053747469154914
first,53,54,0.006717736842607672,0.004620307590812445,0.0020974292517952275,0.0020974292517952275,-0.5312544656347433,0.3841897384862335,-1.4368191221847038,0.048155596910754724,4.494373277497402,-0.07060695941546677,9.906936116520818
first,53,55,0.005555444807070668,0.004310987424105406,0.001244457382965262,0.001244457382965262,-0.4996571148603471,0.30787974883604974,0.13045503075042428,-0.04540969720492738,-0.5105247106140587,0.22802575417781976,-0.28472034511536126
first,53,56,0.005212627079805901,0.004191964399069548,0.001020662680736353,0.001020662680736353,-0.46235534493791397,0.055307835309554215,0.6717196651336714,-0.010033325107340963,0.2244545295957298,-0.04195905375099469,0.4556745477537626
first,53,57,0.013283344761127039,0.004821241833269596,0.008462102927857443,0.008462102927857443,-0.7470757732053599,-0.6131721008655953,-0.18544109736643818,-0.020098645099893186,-0.7497864424426164,0.5582001012804749,-0.14446964993674855
first,53,58,0.004814625678779542,0.004152239765971899,0.0006623859128076426,0.0006623859128076426,-0.23046317091003304,2.344868047352138,-1.8006825991016433,-0.009200616121184838,0.041834044263268255,0.37531650148303547,0.41755231364427337
first,53,59,0.005250016681580659,0.004181989468634129,0.0010680272129465302,0.0010680272129465302,-0.46085526970732654,0.009140169308114383,-0.8727880120008488,-0.048228477708346214,-0.5380293815453097,0.25667365984229207,-0.37489264009441164
first,53,60,0.0055378694348870786,0.004508035257458687,0.0010298341774283917,0.0010298341774283917,-0.4177155053895092,0.8499244756827589,0.544477804914471,-0.040195244760185475,-0.9266922311300664,0.4149605729581134,-0.43457957314241763
first,53,61,0.005090376814368875,0.004595685750246048,0.0004946910641228271,0.0004946910641228271,-0.4297675211029989,0.9517041548491135,-0.9161750578564377,-0.03939414628132903,-1.2078008629067047,0.4311654488895319,-0.40698612127949507
first,53,62,0.005265653726617563,0.004788443446159363,0.00047721028045820055,0.00047721028045820055,-0.44424304545515264,0.33202927897718865,-1.009635528630998,-0.034451307166318904,0.2113440998247929,-0.08304998914852058,0.358463797394154
first,53,63,0.004330270854618381,0.003991574514657259,0.00033869633996112206,0.00033869633996112206,-0.4165894408514943,0.34009730326494303,-0.21944459555309245,-0.04591822003008855,-0.7870301175610673,-0.3041307964985891,-0.3444647088425167
first,54,55,0.005932518328939165,0.004965686704963446,0.0009668316239757196,0.0009668316239757196,-0.5214868386796616,1.144875309144793,-0.47610676228183635,-0.014422582238912561,-0.5262642502583245,0.666714895464082,-0.12884757964885468
first,54,56,0.005898289599948003,0.0048940167762339115,0.0010042728237140914,0.0010042728237140914,-0.48480556358547217,1.0131408233627337,0.22132572539447362,0.003870365254652883,0.021224579933687242,0.3973088331042467,0.4827948755453764
first,54,57,0.013516742380371193,0.005736862309277058,0.007779880071094135,0.007779880071094135,-0.7669144697528933,-0.21698923522039554,0.008555395144650488,-0.021812178950065327,-0.49278084070584893,0.9803949938508288,0.07301990243592207
first,54,58,0.005767599776925811,0.005109177902340889,0.000658421874584922,0.000658421874584922,-0.2570895062529598,4.047503258007151,1.5676116417712265,0.04612205472141227,-0.1943390981682612,0.8035882225276715,0.5203244449644752
first,54,59,0.00600387761443084,0.004639770369976759,0.001364107244454081,0.001364107244454081,-0.47812024847012236,0.07812691765520872,0.2607457924923826,-0.03305784114237481,-0.5482504961546462,0.6849453808869276,-0.13505427396210054
first,54,60,0.006270284187465444,0.005022624973207712,0.0012476592142577321,0.0012476592142577321,-0.4384801556328052,1.5314930091548355,-0.5996580214364786,-0.008198936435470521,-1.0078982558399936,0.8756420458655865,-0.4030579526000635
first,54,61,0.005895570339618985,0.005021148361265659,0.0008744219783533257,0.0008744219783533257,-0.452416338420198,1.947295011744787,1.0193184232788843,-0.00842885848957876,-1.1962627745791756,0.8767995370035452,-0.2866577783741978
first,54,62,0.005939391668302467,0.004405423533171415,0.0015339681351310515,0.0015339681351310515,-0.4611425825035076,0.3547898018886246,-0.16812498925619682,-0.02333427887248963,0.14812243307157835,0.33248932937857223,0.5974665506302
first,54,63,0.0049615496438054334,0.004340973682701588,0.0006205759611038458,0.0006205759611038458,-0.4343393229650378,0.5245668497914485,-0.06441745756315974,-0.028045800275498294,-0.31018910273086164,0.1273240251754325,-0.07173696956324112
first,55,56,0.004172706770391657,0.004295624326914549,-0.00012291755652289217,0.00012291755652289217,-0.4602332627064714,2.087248254221091,0.2697196416871243,0.025558477081901735,0.6390649219700801,-0.3698184185777327,0.8278366718182361
first,55,57,0.013578404691535179,0.005114555358886719,0.00846384933264846,0.00846384933264846,-0.7350086357657554,-0.14192985240424047,-0.10437909477740831,-0.032088513264218216,0.08963962084693196,0.17796426246111557,0.47534986300048376
first,55,58,0.0034732798808182167,0.003333142027258873,0.00014013785355934368,0.00014013785355934368,-0.22861580003634255,4.273134801641852,-0.737864049404912,0.09574046583765808,0.2274119098255782,0.06453013094118507,0.5426317756986638
first,55,59,0.004087198032499026,0.0039604599587619305,0.0001267380737370958,0.0001267380737370958,-0.4500165204857804,0.5631016353153626,-0.28762113250311094,0.0013860575972911974,-0.0384469271818926,-0.10272733849381457,0.09247968622710344
first,55,60,0.004286819987685104,0.004449482541531324,-0.00016266255384622067,0.00016266255384622067,-0.4153857514527568,2.8166778149512544,-0.48128329478030835,0.06484210098586986,0.6478785837508136,-0.053823337915068895,1.0321454505901606
first,55,61,0.003835351908709309,0.004303272347897291,-0.00046792043918798213,0.00046792043918798213,-0.4252264667507267,2.546291360474216,-0.3213766977714647,0.062006179057965696,0.23149958944380797,0.027490414526513813,0.41973374624164816
first,55,62,0.00388499405286347,0.0040780361741781235,-0.00019304212131465368,0.00019304212131465368,-0.4324274327265909,0.7129896866424601,-0.600665997349603,-0.008178509495026721,-0.0070942028162323725,-0.36518845402589867,0.1687118376162068
first,55,63,0.0029561110806495925,0.003689230652526021,-0.0007331195718764285,0.0007331195718764285,-0.40773264586606034,1.2209473262205408,-0.2165927422141779,-0.03148406984640854,0.12787538562119566,-0.6259133328510453,-0.18872560622010323
first,56,57,0.012107278876737555,0.0046238042414188385,0.007483474635318716,0.007483474635318716,-0.7016148239289218,0.5041148793048044,0.696832218756042,-0.03241864355506005,-0.32555738443241183,0.05787455689792399,-0.10876929243541507
first,56,58,0.0033943161869136275,0.0030895944219082594,0.00030472176500536807,0.00030472176500536807,-0.2013422548157027,5.413254147495271,-0.8859116223623101,0.0885400974571891,0.6851253282196177,-0.13369022643420364,0.707376037854996
first,56,59,0.00408971503867468,0.004308173432946205,-0.00021845839427152552,0.00021845839427152552,-0.41562719501305634,0.7600194659029018,-0.2842242120239847,-0.025034121547525608,-0.34521559481087843,-0.2560949142733125,-0.2718773436420424
first,56,60,0.004289137078368982,0.003717545187100768,0.0005715918912682135,0.0005715918912682135,-0.3745187825699928,1.874598442201015,-0.19642064160773406,0.0150176541571638,-0.5597826237148228,-0.09665051001953263,-0.3690276549709183
first,56,61,0.003783781710938389,0.0039824615232646465,-0.0001986798123262577,0.0001986798123262577,-0.3900795427996515,2.5767555143709457,-0.6225838157440162,0.042841618042479525,0.4185408400724062,-0.1710193156333646,0.5768605354245915
first,56,62,0.0039916238831211905,0.0038083435501903296,0.0001832803329308609,0.0001832803329308609,-0.3987321944825358,1.015948575585365,0.3573824460456726,-0.005702044977432212,0.5307851809118191,-0.5723793677204659,0.45341851602077915
first,56,63,0.0029187546368758875,0.0031336951069533825,-0.000214940470077495,0.000214940470077495,-0.36764293370559664,0.4187475562248745,0.20939151966851616,-0.04366815410241283,-0.6912354261392893,-0.8059032048035882,-0.35006961995291386
first,57,58,0.013570727247828153,0.004549100529402494,0.009021626718425659,0.009021626718425659,-0.44758645909913325,0.4794133683595326,0.6732185780755572,0.0007700736902791696,-1.3154382645577272,0.52376473992621,-0.3987726776623159
first,57,59,0.012030245684706021,0.005235355347394943,0.006794890337311078,0.006794890337311078,-0.6978112057535144,0.05511545594082157,-0.02898699140961726,-0.01889597237384431,1.1032336567922607,0.03356724300079599,1.9909853625569949
first,57,60,0.012712222916777798,0.005748538766056299,0.006963684150721499,0.006963684150721499,-0.6470742862356252,-0.11135943180859148,0.20482574282318938,0.0015059560501380718,0.5841401206923051,0.2297619908847574,1.397917815245595
first,57,61,0.013229070221732744,0.005103072617202997,0.008125997604529747,0.008125997604529747,-0.6579911643754311,-0.28470398950327425,1.10498131179162,0.0064736653312127265,0.0990209678721479,0.3524560515083559,0.5105916138968151
first,57,62,0.010918944239417626,0.004666886758059263,0.006252057481358363,0.006252057481358363,-0.6760525540469393,-0.4029884443685419,-0.12294495938675357,-0.029666264335866124,-0.09988142020864832,-0.024886059466107134,0.17574973024033366
first,57,63,0.011043939954070646,0.004198695998638868,0.006845243955431778,0.006845243955431778,-0.6490532161265145,-0.10982067873326325,-0.36975093354267113,0.05261632087831451,2.304093050425306,-0.3235187730593937,0.3200060131605146
first,58,59,0.003314875237386844,0.0033199498429894447,-5.07460560260093e-06,5.07460560260093e-06,-0.17977968149108284,2.084270531655096,-0.37618340958248236,0.031402952379283255,-0.046392274196054434,0.11285538595095139,0.2556690037130918
first,58,60,0.0035864257535507676,0.00343390298075974,0.00015252277279102777,0.00015252277279102777,-0.15983664503335726,6.317082582376269,-1.4482214678928649,0.19226581306704607,0.5098803472149207,0.2341025826521017,0.45517373750843776
first,58,61,0.0030241171812090428,0.0036071669310331345,-0.0005830497498240917,0.0005830497498240917,-0.17621448253075192,7.192998673507256,1.3467307976878928,0.21112414386112097,1.1470815062705633,0.12240468783910882,1.6282413200972294
first,58,62,0.0032549424457609037,0.0028272808995097876,0.00042766154625111614,0.00042766154625111614,-0.16828666558630334,3.099060849550287,-0.008635590232418368,0.022051577750064943,-0.0005514821884514726,-0.12616653403747377,0.10831466025874407
first,58,63,0.002173102983624615,0.002646985463798046,-0.0004738824801734311,0.0004738824801734311,-0.14289224686419505,3.3005940937402123,-0.7000036549539825,-0.02870203861689296,-2.02152051646357,-0.36634594516385716,-0.43756365684958687
first,59,60,0.004062296218990562,0.0038526214193552732,0.0002096747996352885,0.0002096747996352885,-0.3704535585327994,1.3933808301904396,0.48523492307836086,0.04611978506136296,0.18743124717763643,0.026043550604065865,0.4126300607522415
first,59,61,0.0035679723755572723,0.003978041000664234,-0.00041006862510696183,0.00041006862510696183,-0.3816985781292963,1.3704912087429164,-0.724011808521126,0.03564091104337416,0.5732712397084391,0.02633292338855555,0.5886308852326765
first,59,62,0.0037065945897514253,0.0038257103879004717,-0.00011911579814904635,0.00011911579814904635,-0.39521084852793775,0.6229406389762697,0.1212564869250486,-0.033345781381493564,-0.08975040660134521,-0.33422556608550963,0.009170730019958152
first,59,63,0.002783174147723618,0.002730236854404211,5.293729331940682e-05,5.293729331940682e-05,-0.36488221057457265,0.14893577345187084,-0.8438053723467449,-0.008440325763940803,0.9604404499963431,-0.6354626347392028,0.18630373519682744
first,60,61,0.003889179712100509,0.003739348379895091,0.00014983133220541813,0.00014983133220541813,-0.35003065929969773,3.9982180596713763,0.13495402572051513,0.11495064885050642,0.2758219510339977,0.1710193156333648,0.5675950422855062
first,60,62,0.004007069870778287,0.003612661501392722,0.0003944083693855653,0.0003944083693855653,-0.3531492632821051,1.5502115922011552,-0.24778041595302722,-0.006707303038466208,-0.3176839224931875,-0.182883599797439,-0.03561170175298705
first,60,63,0.003026609014520957,0.0032859446946531534,-0.0002593356801321965,0.0002593356801321965,-0.32743375990882606,1.8189400606754311,1.414185906422817,0.0008741760413312417,0.6074549726998245,-0.4844100412356217,0.11631024378322237
first,61,62,0.0034819276881261556,0.0034164716489613056,6.545603916484994e-05,6.545603916484994e-05,-0.3640968889316778,1.4825742477118857,0.3428978599420072,0.008378733779538126,0.42740872704271204,-0.19677349345294054,0.31111386992683293
first,61,63,0.002603960380265922,0.003164991969242692,-0.0005610315889767702,0.0005610315889767702,-0.33640749624288113,1.4321619740561446,-0.43757011456935724,-0.021446379304214662,-0.8387422654108732,-0.4239311292772915,-0.3824023785613273
first,62,63,0.002633758419403316,0.00278951576910913,-0.00015575734970581408,0.00015575734970581408,-0.34658139357291357,0.1460903909790918,-0.18653367869582427,-0.03958760734496769,0.37960631989691296,-0.9071836793749548,0.4988923740765969
middle,32,33,0.0023591533362891095,0.0032417080365121365,-0.0008825547002230269,0.0008825547002230269,0.05479357457695081,1.5622515810012232,-0.7713770270817772,-0.020339640898596852,0.9562779660840901,0.5032192722274473,1.9305802193395267
middle,32,34,0.0019931643698588913,0.0028840594459325075,-0.0008908950760736162,0.0008908950760736162,0.24827757238833298,-0.42564241870652586,-0.15880842304450568,-0.08168549302392986,-2.1013417748475045,0.3556391521377417,-0.4581899074092367
middle,32,35,0.0016832549285252616,0.002271403092890978,-0.0005881481643657163,0.0005881481643657163,0.07896565377144671,0.18943515400175467,0.9163928365366347,-0.015482742278316789,2.948019979046457,-0.2378644288504664,2.233792526596018
middle,32,36,0.0016157120993287141,0.0026341292541474104,-0.0010184171548186963,0.0010184171548186963,0.13541152895520717,-0.38388193149626126,1.9406185431695318,-0.07928434712931247,-1.6941021493253738,-0.2422050206178107,-0.45135394538222007
middle,32,37,0.003408947453903044,0.0026546225417405367,0.0007543249121625072,0.0007543249121625072,0.03380562684469307,0.7532179743602873,0.9718737884341688,-0.03946024097841018,0.517032489579486,0.192143528901107,0.7406017228720437
middle,32,38,0.0012962914260806397,0.001344870077446103,-4.857865136546338e-05,4.857865136546338e-05,0.18965920921941398,0.7090751540662334,-0.5414456075380008,-0.01818893208513623,0.5318998888900732,-0.8061925775880777,0.32130881607954154
middle,32,39,0.0013476508294782007,0.0021603801287710667,-0.000812729299292866,0.000812729299292866,0.24714445104479787,0.5782573242653004,0.0158909233652036,-0.06508285426041503,-0.9974647777728902,-0.6050784923677927,-0.4177961436668004
middle,32,40,0.0018346163479165654,0.0028104388620704412,-0.0009758225141538758,0.0009758225141538758,0.11153180313226395,-0.12738808618704944,-0.2968871003371383,-0.06457831478015895,-0.11053933895990849,-0.10156984735585609,-0.2577159381122256
middle,32,41,0.0020176689261362187,0.003657484194263816,-0.0016398152681275971,0.0016398152681275971,0.06345832364072694,0.8651744516639657,0.40538379320686885,-0.0631873929719153,0.016921973505312146,-0.4768863488388916,0.40882404730990657
middle,32,42,0.0013534172871847367,0.0018006169702857733,-0.0004471996831010366,0.0004471996831010366,0.1965481635797763,-0.1385294589760994,0.12652309165129458,-0.07212328024632035,-1.5128804092080133,-0.49916805324459224,-0.44967086984054955
middle,32,43,0.0012387930167111186,0.0006637462647631764,0.0005750467519479421,0.0005750467519479421,0.1510972954540815,-0.2770069825695043,0.8506337930571823,-0.06131531696100024,0.38106002427667074,-0.7879620921652319,-0.25240870772460783
middle,32,44,0.0031374740489019583,0.0022005646023899317,0.0009369094465120267,0.0009369094465120267,-0.06518371259042477,0.55017529204646,0.726860598710098,-0.030026431014941183,0.6203358795651868,0.20574404977211908,0.35872150460605
middle,32,45,0.0030429044487708203,0.002401916077360511,0.0006409883714103095,0.0006409883714103095,0.003949794861183815,0.9620011724747369,-0.19602550394261672,-0.04504683072861625,0.4007960137724197,0.3116544888953197,0.6683538005746358
middle,32,46,0.0013002340527645691,0.0025787227787077427,-0.0012784887259431736,0.0012784887259431736,0.2329995884370209,0.24202244202230638,-0.030098129526970076,-0.06815939904893008,-0.8274563086456865,-0.6499312739636837,-0.4082144445136683
middle,32,47,0.0013971699430589627,0.0023935071658343077,-0.000996337222775345,0.000996337222775345,0.18095917612803666,0.3934321930154891,-0.014215744800699967,-0.07204847527120721,-0.7356250826799301,-0.6198365043767632,-0.44472536622822806
middle,32,48,0.0032091398620513138,0.007155997678637505,-0.003946857816586191,0.003946857816586191,-0.11733905001788145,0.6290468869833837,-0.17337084613113185,-0.07411203325710906,-0.49478619408657737,-0.028358532879982395,-0.26572948845862926
middle,32,49,0.001825066178447203,0.0029720973689109087,-0.0011470311904637057,0.0011470311904637057,-0.03821461812222941,-0.3569525899455689,-1.044429510407373,-0.07910914744841935,-1.1143538241550388,-0.22339578962598552,-0.40376625959903967
middle,32,50,0.0016738903355783112,0.0032041098456829786,-0.0015302195101046675,0.0015302195101046675,0.12068145554678776,0.030202961907642982,-0.18812212586181137,-0.07171138499460933,2.091969980619221,-0.22686826303986102,0.9912393234964063
middle,32,51,0.0016151083951973053,0.002301354194059968,-0.0006862457988626627,0.0006862457988626627,0.01256716251646693,0.5134821337835198,0.12507844766051662,-0.0025878792008215802,-0.9459334102105509,0.09809737394198081,-0.25570790852921543
middle,32,52,0.002930091866989349,0.0033327173441648483,-0.0004026254771754994,0.0004026254771754994,-0.003457330647378737,0.07453181939343824,-1.3053760086408248,-0.05398823428364518,-1.0283837228636414,0.405411271069956,-0.3480487383321688
middle,32,53,0.001912383201713201,0.002709218068048358,-0.000796834866335157,0.000796834866335157,-0.04300618907047002,-0.24254433272004775,0.7616828343567653,-0.05024943152108453,-0.17484427509192663,-0.029226651233451445,-0.03352646970003579
middle,32,54,0.001392078614199018,0.0013441130286082625,4.796558559075543e-05,4.796558559075543e-05,0.05926910144939224,0.16717298526455956,-0.1900076898947525,-0.047334904310262896,1.5729387434347666,-0.6696086233089777,0.9143658615948673
middle,32,55,0.002220406463424228,0.0027528456412255764,-0.0005324391778013483,0.0005324391778013483,0.10859465986323406,-0.3770273418385039,0.9598603399737189,-0.07135579424305305,-1.74664444523736,0.6264920784200247,-0.45054853912630705
middle,32,56,0.002558918336531381,0.0035559486132115126,-0.0009970302766801314,0.0009970302766801314,0.06133472923667291,0.00447570953699668,-1.1188283375107728,-0.0740305039565071,-0.8098638600215654,0.5958185632641254,-0.2968565710769862
middle,32,57,0.0021386583732912337,0.0018469156930223107,0.000291742680268923,0.000291742680268923,0.15520687655454496,-0.5288278942544519,0.5794893831439927,-0.06249645766010953,-1.7383662738849046,0.23583881935903933,-0.4487299454973382
middle,32,58,0.003160571348236268,0.003222596598789096,-6.202525055282789e-05,6.202525055282789e-05,0.265076297929256,1.5346023671277145,0.1577876478504597,-0.0564134507009932,0.38847209390864235,0.8362873471749984,0.43398648601456064
middle,32,59,0.00121996883668403,0.0024431953206658363,-0.0012232264839818062,0.0012232264839818062,-0.12466149386020116,0.7399901662784036,0.184777626030853,-0.05140528335676132,2.4046001287892738,-0.849309122477031,2.6726713443279224
middle,32,60,0.0011965660276388342,0.0023570177145302296,-0.0011604516868913954,0.0011604516868913954,-0.14760871323939886,0.6625651514445361,0.45978939724749857,-0.05769981942932418,3.141856126348517,-0.901685596469652,3.3097779498021795
middle,32,61,0.004633573510791472,0.002675378695130348,0.0019581948156611236,0.0019581948156611236,0.016885927494851682,0.19938370423602897,-1.5205198592384546,-0.006824309505121218,2.9671595581819186,0.09693988280402233,2.6342383445099458
middle,32,62,0.0015474618619977915,0.0019869590178132057,-0.00043949715581541424,0.00043949715581541424,-0.15671804105094989,0.3634779501488504,-0.448028975385282,-0.04109969513798092,0.5315476253328765,-0.0859437169934167,0.49464686896193927
middle,32,63,0.002300460952335709,0.0023521611001342535,-5.170014779854468e-05,5.170014779854468e-05,0.10245876746338842,-0.6358831547964999,-0.2843205841012157,-0.06155910865141788,-1.9151669039602555,0.5830861607465821,-0.4583938568326554
middle,33,34,0.002613554316798863,0.0036777821369469166,-0.0010642278201480537,0.0010642278201480537,0.12429806837590897,0.06514145120302157,-0.5621951249248432,-0.05953607050369476,-0.5441788472195108,1.3328510453591842,0.10518101506773847
middle,33,35,0.0022706954169011773,0.0062076738104224205,-0.003936978393521243,0.003936978393521243,-0.04403043398597863,0.12730887944329286,-0.2552404095877496,-0.04456988637926212,-0.19413358514461565,0.9740287925920572,0.3216174504271082
middle,33,36,0.002171214645818235,0.0036075476091355085,-0.0014363329633172734,0.0014363329633172734,0.011643729108390264,-0.20070393407969422,-0.23973719162725016,-0.05344184108233865,-0.32621048880755554,0.7627866599146353,0.051546482615517975
middle,33,37,0.004126196780407132,0.004390324931591749,-0.00026412815118461754,0.00026412815118461754,-0.09041632884310478,0.7890096978668801,-0.5226848988243743,-0.03858335598798782,0.3404622275931405,0.977211893221443,2.1923831102911553
middle,33,38,0.0018674030770642262,0.0023281171452254057,-0.0004607140681611795,0.0004607140681611795,0.06241845294156637,1.6094148278530127,-0.013206198263950659,-0.01965727858699751,0.2891285912504265,0.2598567604716779,0.07033419918035085
middle,33,39,0.0019432937018829758,0.003147426526993513,-0.0012041328251105373,0.0012041328251105373,0.12580973692985106,0.6895502689184343,1.2538556749091636,-0.04926734595700559,-0.6052374782780213,0.44534471532952336,-0.19496471079598646
middle,33,40,0.0024248456957681095,0.003356448607519269,-0.0009316029117511595,0.0009316029117511595,-0.012646803607338171,0.0687903875005839,-0.6800067179303756,-0.051265104393151247,-0.8244907824044843,0.9343847211169792,-0.044583405403840565
middle,33,41,0.0025793120166745275,0.00350011489354074,-0.0009208028768662125,0.0009208028768662125,-0.06562728322312536,1.7537830711387812,0.2214081614410876,-0.04897140242065651,-0.03166106062613624,0.5738262316429141,0.26402554094484665
middle,33,42,0.0018970948300066303,0.003199964063242078,-0.0013028692332354476,0.0013028692332354476,0.06626491600763244,1.2298868360955173,-0.39546296209601856,-0.056910339230437895,-0.8615161332978156,0.5451783259784418,-0.17942240328727732
middle,33,43,0.0018125107907650034,0.002387605607509613,-0.0005750948167446096,0.0005750948167446096,0.026309787209590402,0.1136575548756644,-0.08347764341791686,-0.057571375431836,-0.7943115952321802,0.2945814946104319,-0.3491349190626014
middle,33,44,0.0036455504681190505,0.004326589871197939,-0.0006810394030788884,0.0006810394030788884,-0.1990815567615412,1.8696044711008883,-1.1416400403297966,-0.020240668162293324,2.5921123467637264,0.6782898068436666,4.281912298401284
middle,33,45,0.003617293508675289,0.0059172664768993855,-0.0022999729682240963,0.0022999729682240963,-0.12691412699376808,1.983734905739879,-0.2843248360657253,-0.04012675685301201,0.2674108245433284,1.1271069955870652,1.8828107582404903
middle,33,46,0.0018790938433262932,0.0027465743478387594,-0.0008674805045124662,0.0008674805045124662,0.11209483540127138,0.23826759136899123,0.47465655602728163,-0.050763115992486875,-0.630325903231268,0.40309628879403897,-0.20519235889525206
middle,33,47,0.0019834054212074684,0.0026823643129318953,-0.0006989588917244269,0.0006989588917244269,0.05908108798803166,0.41749546954954786,0.30687101671734474,-0.05329646844099476,-0.9774818835070667,0.4491065615278885,-0.34591634933340026
middle,33,48,0.0034937981299562266,0.004029585048556328,-0.0005357869186001013,0.0005357869186001013,-0.2483824163560622,1.355054490883636,1.0154479901480074,-0.055339274595598974,2.965715095215724,0.5000361715980616,3.6702819526304946
middle,33,49,0.0024282116466642655,0.003922038711607456,-0.0014938270649431907,0.0014938270649431907,-0.16962897080775977,0.6098880159166092,0.14084160816968644,-0.06248440466702508,0.5483899736623605,0.7153295232583375,0.5270388552458896
middle,33,50,0.0022705858888139824,0.003353573614731431,-0.0010829877259174486,0.0010829877259174486,-0.0005312766441663783,-0.22680960301081463,0.4119512561036408,-0.07522898284498501,-0.6034047647338228,0.9257035375822906,-0.025697619328420396
middle,33,51,0.0021228051409702396,0.004004651214927435,-0.0018818460739571954,0.0018818460739571954,-0.1147270238603196,0.9761934142710803,0.42539145559401426,-0.0203048684253817,2.6423094810725534,0.6120234391955439,3.6015656474648723
middle,33,52,0.0034837822533707917,0.004544628318399191,-0.0010608460650283992,0.0010608460650283992,-0.1332098056328934,0.8768199570551817,0.46847791359121277,-0.051706017889222564,1.5066578574087364,1.0599725095854737,2.116028801592421
middle,33,53,0.002541025560798056,0.008069024421274662,-0.005527998860476606,0.005527998860476606,-0.1746992855740497,0.7569997440314984,0.014890362357535217,-0.04328254984226092,-0.6343632999957958,0.9705563191781814,0.3173733690569569
middle,33,54,0.0019562266687517937,0.0022631443571299314,-0.0003069176883781378,0.0003069176883781378,-0.06631683393395989,0.45367892818829625,-0.06909483546064468,-0.046768834620625636,0.3061611141924164,0.37936772046589057,0.5361794119178748
middle,33,55,0.002804970394823181,0.005580060184001923,-0.0027750897891787416,0.0027750897891787416,-0.017632436707385273,0.12528163780237683,0.29803477497809827,-0.0583350085041325,0.4374815342016514,1.4352890110685093,0.9605020796478566
middle,33,56,0.003155198958165392,0.010295798070728779,-0.007140599112563387,0.007140599112563387,-0.06972527100023414,1.1840505136075503,-0.4870312218890369,-0.05699487033949218,-0.7056119073267266,1.5085003255443827,0.5188628110779923
middle,33,57,0.0027869846474975605,0.004190766718238592,-0.0014037820707410316,0.0014037820707410316,0.03162557799647714,-0.31731148211417565,0.3189898097678888,-0.0448439157987238,0.04934094125198367,1.1806409607176447,0.320454110951999
middle,33,58,0.0038977980694417775,0.0076356930658221245,-0.003737894996380347,0.003737894996380347,0.14049797356268623,2.22284681703798,-0.5997963404452183,-0.05477445184621058,-0.6989092468555437,1.8230485422845983,0.6410345400075596
middle,33,59,0.0018006046730928802,0.0036527400370687246,-0.0018521353639758445,0.0018521353639758445,-0.25439683088945236,1.229652034609577,0.23863496961914954,-0.052893942400878434,0.9475535823636285,0.22310641684149632,1.1643173180849902
middle,33,60,0.0017590367245502296,0.005458511877804995,-0.003699475153254765,0.003699475153254765,-0.27462667608582186,0.6440220352949725,0.013187454910194215,-0.06057023469886485,0.2903909533300441,0.22542139911741307,0.9373846432964971
middle,33,61,0.005335744205035154,0.004291154444217682,0.0010445897608174718,0.0010445897608174718,-0.11719740984993955,1.756748109350794,0.5680430252644182,-0.003600513657015837,1.5765169831797987,0.8362873471749984,3.953355367849626
middle,33,62,0.0021296785549996438,0.005594519432634115,-0.0034648408776344715,0.0034648408776344715,-0.28350312931520505,0.2635027612737547,1.1012965072827605,-0.04536998730591947,0.1838526126429755,0.9106561527888304,0.6844112059214505
middle,33,63,0.002926837848691773,0.005737485364079475,-0.0028106475153877025,0.0028106475153877025,-0.02090679446877502,-0.60602341036703,0.6018869272648277,-0.047712688310285224,0.14857331619012196,1.4419445851117707,0.6945572752440324
middle,34,35,0.0019271746567344668,0.0023873187601566315,-0.0004601441034221647,0.0004601441034221647,0.1437632582884071,-0.5786421182370823,-0.4243553559727766,-0.055953224502828906,-1.7444820211885594,0.6235983505751288,-0.46039858106335896
middle,34,36,0.0017490270754671857,0.002475242130458355,-0.0007262150549911693,0.0007262150549911693,0.1943413996820909,-0.3054278632112572,-0.1810352985164141,-0.007380394520912515,4.389009330307955,-0.19561600231498227,5.176859781642882
middle,34,37,0.00367656472618347,0.0030196867883205414,0.0006568779378629285,0.0006568779378629285,0.10214776396296084,-0.5342659586812278,-0.4625080773224779,-0.05439742287422885,0.5757598823197729,0.7185126238877234,0.9951901596092039
middle,34,38,0.0015452642481338374,0.0008864958654157817,0.0006587683827180557,0.0006587683827180557,0.25428442605866575,-0.1590554215276407,-0.8023828382243174,-0.04887983811100587,0.4555309379200148,-0.19098603776314826,-0.09496658149703974
middle,34,39,0.001583509822079524,0.0017793236766010523,-0.00019581385452152838,0.00019581385452152838,0.3124360319481748,-0.4565477767159427,0.5180529735597488,-0.01744937983140727,1.3898396285014025,-0.1472907473052157,0.9929662239453102
middle,34,40,0.0020352892827069495,0.0025016379076987505,-0.00046634862499180104,0.00046634862499180104,0.17375367363433802,-0.5345762849248382,-0.07489505305536234,-0.039864322833882894,-1.414310669200282,0.502640526658468,-0.3236196115448475
middle,34,41,0.002205014051084059,0.0023567548487335443,-0.00015174079764948556,0.00015174079764948556,0.1311305682921094,-0.3496144092922336,0.6501566861937992,-0.05888007468645859,-0.0206168930471024,0.10504232076973181,0.32813719307722167
middle,34,42,0.0015525140186287655,0.0019430690445005894,-0.0003905550258718239,0.0003905550258718239,0.2572130003495639,-0.40492231507042103,-0.11415158439174637,-0.030638813666995935,2.4059632762127787,-0.12385155176155677,1.752410012926811
middle,34,43,0.0014694533310189407,0.001555093564093113,-8.564023307417227e-05,8.564023307417227e-05,0.21215731333300233,-0.5449288318334511,-0.6167599086327453,-0.06620175319341398,-1.2476675425602821,-0.17680677132315684,-0.41691180060528343
middle,34,44,0.003378107050520315,0.0033984791953116655,-2.0372144791350622e-05,2.0372144791350622e-05,0.0004884317535077994,-0.2009785855777292,0.8171314366141124,-0.058766353735762056,-0.7916115455548559,0.8365767199594879,-0.011436019816877863
middle,34,45,0.003258594416407307,0.003006976330652833,0.00025161808575447416,0.00025161808575447416,0.0708578882862321,-0.07501699593326398,0.4018684772098477,-0.06315612337121576,0.8088449691543357,0.7940389206395141,1.2292188387343028
middle,34,46,0.0015403178179069148,0.0015299201477319002,1.0397670175014539e-05,1.0397670175014539e-05,0.2961489248074689,-0.4459739582989707,-0.38372785243885177,-0.04054933460751561,0.9242653091508338,-0.14063517326195465,0.4877709457514995
middle,34,47,0.00160615391000182,0.001587284030392766,1.8869879609053914e-05,1.8869879609053914e-05,0.24198189374920767,0.08872603431151224,-0.46895131343574187,-0.03729787270163173,0.018672615290067758,-0.08681183534688551,0.2087322361667474
middle,34,48,0.0034174789805061436,0.007077288813889027,-0.003659809833382883,0.003659809833382883,-0.049519116508111166,-0.40731000377033616,-0.7136640194311654,-0.07377706163495236,-0.18995926866433444,0.5194241481588658,0.0767166507391553
middle,34,49,0.002038308062218771,0.002310840878635645,-0.000272532816416874,0.000272532816416874,0.02413427487920891,-0.6028594920548686,-0.26557939971441896,-0.04857390074895578,2.537776304712025,0.028358532879982863,2.7221611705137567
middle,34,50,0.0018705811008823822,0.002452592831104994,-0.0005820117302226117,0.0005820117302226117,0.18327229616606278,-0.4486589189281894,0.6639067410896982,-0.014178795124422444,-1.7511694683579921,0.5156623019605007,-0.4583374368851069
middle,34,51,0.00184378742299679,0.0023203762248158455,-0.0004765888018190554,0.0004765888018190554,0.07828416798120671,-0.3336733826592038,0.6098281391522896,-0.05041722620727039,0.44745616663262855,0.6661361498951027,-0.07253149044513317
middle,34,52,0.0031316045097840015,0.0031210375018417835,1.0567007942218019e-05,1.0567007942218019e-05,0.06347596565452754,-0.9439557058130817,0.09837919104535581,-0.05848712606263905,1.2534272007396334,0.7656803877595317,1.19693717686653
middle,34,53,0.0021566568976091847,0.0023010396398603916,-0.00014438274225120687,0.00014438274225120687,0.020515141762401896,-0.6733987965208261,0.030624236376460574,-0.058824879848727155,-1.531448466411051,0.6082615929971786,-0.38498980320936943
middle,34,54,0.001612480998795845,0.002315656980499625,-0.0007031759817037802,0.0007031759817037802,0.12381618937038424,-0.5534076530186511,-0.06807838165093699,-0.05821998570205687,-0.6293014519467318,0.00925992910366799,-0.2722191797881382
middle,34,55,0.0023712220575168356,0.0033067648764699697,-0.0009355428189531342,0.0009355428189531342,0.17252982193411415,-1.0421824798118156,0.5014073481877941,-0.004398811668230795,3.527954956304934,0.5631194386167984,4.198254760436237
middle,34,56,0.00277183230216142,0.003277945565059781,-0.0005061132628983609,0.0005061132628983609,0.12489688873005476,-0.5566824008737336,0.4346883326067825,-0.0460025955576072,0.4069062006587682,0.9121030167112786,1.431891556502323
middle,34,57,0.002261146093380482,0.0028522468637675047,-0.0005911007703870226,0.0005911007703870226,0.21452839998780182,-0.5197404707183142,-0.3401370593859474,-0.005771809568383416,4.527342192757349,0.054112710699558815,6.468427441804141
middle,34,58,0.00341725898156401,0.004496626555919647,-0.0010793675743556372,0.0010793675743556372,0.3283365269578792,0.7798555405350686,-0.1576459793349839,-0.043548351744043846,0.5355062865883452,1.2116038486580338,1.5775961160193372
middle,34,59,0.001499410244298012,0.002424974925816059,-0.0009255646815180471,0.0009255646815180471,-0.057509436587167555,-0.1925050143057051,0.6804135962240264,-0.08387286416867089,-0.8919195164959148,-0.0616364030962887,-0.4250970590275959
middle,34,60,0.0014312602544328432,0.0033158042933791876,-0.0018845440389463443,0.0018845440389463443,-0.07925800714299935,-0.42212434266088167,-0.27621095970926074,-0.08380197389955006,-1.3731456098639845,-0.08912681762280251,-0.4052548982333417
middle,34,61,0.0047746092136853125,0.002944344887509942,0.0018302643261753704,0.0018302643261753704,0.07908309917760492,-0.09813937527636367,-1.00027724977972,-0.06515470547431479,-1.3556764690540508,1.0084641539463217,-0.1697838594847872
middle,34,62,0.0017784824267529887,0.007001494988799095,-0.005223012562046107,0.005223012562046107,-0.08806389231718022,-0.7646584732845527,0.05882381602377817,-0.0724486492845789,0.6306032568465126,0.4412934963466687,0.8286705870941826
middle,34,63,0.002485322929540466,0.003024557838216424,-0.0005392349086759578,0.0005392349086759578,0.16087550761744351,-0.4260576903621821,0.0784817760237084,-0.003945218277004962,4.295444855542777,0.340302394559792,6.035700096866835
middle,35,36,0.0015343885386736164,0.0014467037981376052,8.768474053601118e-05,8.768474053601118e-05,0.029303888980319326,-0.5330539334238955,-0.31221600510770275,-0.05967948464806061,-1.4960893724094328,0.025754177819576184,-0.45521661548432807
middle,35,37,0.0034737934530897005,0.003136992920190096,0.0003368005328996046,0.0003368005328996046,-0.06845756629427736,-0.20785241317235983,0.23204751381170405,-0.05940051322687865,-0.4569223767467752,0.5856905158069885,-0.32221871098113036
middle,35,38,0.0012664160320716438,0.0015082338359206915,-0.00024181780384904773,0.00024181780384904773,0.08911334010954683,-0.1621396221984545,1.0216770313797323,-0.042391410837617584,-1.271940854819745,-0.49077624249439333,-0.4426270619509357
middle,35,39,0.0013210384761926633,0.001417340012267232,-9.630153607456866e-05,9.630153607456866e-05,0.14615702753237877,-0.09694859631195185,0.25848168213339007,-0.047253901241325585,-0.8649597664606938,-0.3484048325255008,-0.30242646318395344
middle,35,40,0.001765316117087238,0.0025479875039309263,-0.0007826713868436884,0.0007826713868436884,0.008848730064839442,-0.8686450318508092,0.973213591128611,-0.05456171239993533,0.08914773521117078,0.148158865658685,-0.13172563085846614
middle,35,41,0.001886319825978767,0.0016438050661236048,0.00024251475985516218,0.00024251475985516218,-0.03554815375065433,-0.5484310876709338,0.29874827197776027,-0.06535219564213374,-0.4030076808768858,-0.14497576502929896,-0.3892502628022314
middle,35,42,0.001308839024419667,0.0012139857280999422,9.485329631972483e-05,9.485329631972483e-05,0.09128179563440808,-0.28384606912794985,0.13285296518424644,-0.0645518064320427,-1.2505082485537897,-0.23670693771250814,-0.3972979531910706
middle,35,43,0.0011779996794576335,0.0008783020894043148,0.00029969759005331873,0.00029969759005331873,0.0454246571337625,-0.45734558734711733,-0.341974289863137,-0.044345276977003176,0.4802016420835335,-0.5324459234608984,-0.1379483527288307
middle,35,44,0.003048185606049486,0.0029825924430042505,6.559316304523537e-05,6.559316304523537e-05,-0.16894647690244546,-0.43254348242790197,0.6698512998632976,-0.059742060456879825,-0.4989720317515175,0.570064385444549,-0.43621403496427
middle,35,45,0.0030518640149000027,0.004806851502507925,-0.0017549874876079223,0.0017549874876079223,-0.09902159911749607,0.039895147254206884,-0.07812122244951528,-0.05763947438517037,-0.4797278722873567,0.6803154163350941,-0.16725207077110937
middle,35,46,0.0012502788468833096,0.0018307437421754003,-0.0005804648952920906,0.0005804648952920906,0.1275139554629882,0.22099164218226663,0.6232124903904518,-0.04686923962224254,-0.9274786965538875,-0.3808145843883383,-0.43404967135210815
middle,35,47,0.0013444527375340307,0.0009535736753605306,0.0003908790621735001,0.0003908790621735001,0.07947424782644089,-0.36405501778641514,-0.399950468084455,-0.05869365826323508,-0.572261979483984,-0.3559285249222309,-0.4053213805545816
middle,35,48,0.0030530786603246776,0.003285262268036604,-0.0002321836077119263,0.0002321836077119263,-0.22200206109126944,-0.33851792502255457,0.5064239026909634,-0.08123870403692444,-0.6185073919381411,0.25638428705780214,-0.42804059960264057
middle,35,49,0.0017892141533789518,0.0020813283044844866,-0.00029211415110553477,0.00029211415110553477,-0.14620440894087178,-0.610820395211526,-0.636148936216185,-0.07798247058262037,-0.9298283954575683,0.048904000578745686,-0.452718917403706
middle,35,50,0.001558908888117992,0.002699453616514802,-0.00114054472839681,0.00114054472839681,0.011119509269744123,0.39976027628002814,-0.10908714756171226,-0.056589509512277966,5.789954780295485,-0.6493525283947044,11.058847721116498
middle,35,51,0.0016175489163221775,0.0026891843881458044,-0.0010716354718236269,0.0010716354718236269,-0.09013960125520408,-0.442072990934642,-0.08083354627142672,-0.04983370393007653,-1.5141419566864955,0.3894957679230269,-0.46039858106335896
middle,35,52,0.002920675300728536,0.0035717932041734457,-0.0006511179034449097,0.0006511179034449097,-0.10946567128744612,-0.4046977667706164,-0.26117717598557433,-0.06735524613845485,-0.8493833027351909,0.6852347536714175,-0.4411496102210027
middle,35,53,0.001876631937199713,0.00422645453363657,-0.002349822596436857,0.002349822596436857,-0.14935980912349184,-0.7695823765417953,0.06543581174067886,-0.0619050808033297,-0.4708713730516944,0.28011285538595104,-0.42382424718151285
middle,35,54,0.0013421141148806132,0.0006402560393325984,0.0007018580755480148,0.0007018580755480148,-0.0459670230437464,-0.28403193014810824,0.22800615170754251,-0.0486703841806891,0.06430478044033357,-0.3116544888953192,-0.38168911311248793
middle,35,55,0.002141405719103173,0.0023479610681533813,-0.0002065553490502082,0.0002065553490502082,0.0005942838363113472,-0.29083409114273845,-0.01772419365810122,-0.05699178387638077,-1.2897386385341578,0.8930044129349637,-0.4443725021876687
middle,35,56,0.0024425419695633696,0.004660662729293108,-0.0022181207597297384,0.0022181207597297384,-0.04455868628492205,-0.33654497946354645,-0.5405421084671114,-0.07146285035531848,-0.698393418062861,0.8145843883382772,-0.0004418182209019133
middle,35,57,0.002053263578962666,0.002492348663508892,-0.000439085084546226,0.000439085084546226,0.051196115934241664,-0.9640116073466263,-0.2557851990486464,-0.05235032678757579,-1.359432286286181,0.504955508934385,-0.46039858106335896
middle,35,58,0.003106771460357611,0.0032615892123430967,-0.00015481775198548584,0.00015481775198548584,0.17092540679333465,-0.14784851290968185,-0.9571515695792904,-0.04517252230570189,0.3499325412952593,0.9963104969977574,1.0228488767948907
middle,35,59,0.0012164230321545198,0.0034288661554455757,-0.002212443123291056,0.002212443123291056,-0.23021870300451056,-0.1011489496645812,-1.3578780862678304,-0.06976011340612688,0.8341184003122019,-0.4259567387687188,-0.06647844820706723
middle,35,60,0.001170305545552411,0.014196470379829407,-0.013026164834276996,0.013026164834276996,-0.25482679196864966,0.0393674781285402,-0.4685416323165061,-0.07741507387400266,1.8061990501394896,-0.47312450264052663,0.2099561323229078
middle,35,61,0.004635966843773135,0.002533076098188758,0.002102890745584377,0.002102890745584377,-0.08890818869192281,-0.26091871172732917,-0.03762258381140528,-0.0519393535852598,0.7330527891506383,0.5613832019098608,0.6702041061865646
middle,35,62,0.001508654339203736,0.023582350462675095,-0.02207369612347136,0.02207369612347136,-0.26187099605045716,-0.6393210375375222,-0.10763596075207672,-0.07978818420469441,-0.06749530340742317,0.20140345800477477,0.20148315532450808
middle,35,63,0.0022351923663643625,0.0024650474078953266,-0.00022985504153096416,0.00022985504153096416,-0.005369220885825675,-0.5928179408418819,0.32337172819683063,-0.02422463539352725,-1.3349926063409097,0.8510453591839687,-0.46039858106335896
middle,36,37,0.0033174120720552854,0.002666118089109659,0.0006512939829456262,0.0006512939829456262,-0.014310193479965351,-0.2691628371295388,-0.2649651036500087,-0.04090182745614168,-0.15314939506246175,0.30644577877450635,-0.1758444791416604
middle,36,38,0.001136330924038091,0.001026943209581077,0.0001093877144570138,0.0001093877144570138,0.14092894275695783,-0.028544975904880452,-0.4169929666172452,-0.024838216938591923,1.5564978794764759,-0.8145843883382766,0.5406524598866005
middle,36,39,0.001172795845660511,0.0016774768009781837,-0.0005046809553176728,0.0005046809553176728,0.19981647265072014,-0.30592096747232195,0.29884563328755065,-0.04963225787291761,1.977363997099753,-0.7216957245171092,1.376892363953816
middle,36,40,0.0016296153181840035,0.0018309700535610318,-0.0002013547353770283,0.0002013547353770283,0.060244452783796365,-0.5636269789761326,-0.387962496701148,-0.03148467844476853,-0.5930412144747649,-0.10648918469217952,-0.1624917848915322
middle,36,41,0.0018161745914282107,0.0026106839068233967,-0.000794509315395186,0.000794509315395186,0.01642521890588767,-0.2966860178525059,-0.037422738225401306,-0.06424516666511848,0.18748187477721145,-0.4679157925197135,0.3543476377598953
middle,36,42,0.00115989706432527,0.0013022131752222776,-0.0001423161108970077,0.0001423161108970077,0.14438526528926224,-0.3421162296071373,-0.30495500341202797,-0.05032105851453587,1.6385457958499348,-0.585979888591478,0.7606542026038212
middle,36,43,0.001039114739944623,0.0015159021131694317,-0.0004767873732248087,0.0004767873732248087,0.09471392340492883,0.1296233512332764,0.3483700514910299,-0.04573942939007508,-0.1883751280154025,-0.7824640092599291,-0.26244831565947047
middle,36,44,0.0029442367367382306,0.004422786645591259,-0.0014785499088530284,0.0014785499088530284,-0.11353139938217667,-0.5770969525161297,0.9299703831581456,-0.04384672052197788,-0.06286356475784602,0.2066121681255879,0.39151052372510087
middle,36,45,0.002959981082085834,0.005005502142012119,-0.002045521059926285,0.002045521059926285,-0.04298249836622351,-0.2898001753559087,-0.5588253128888351,-0.0661004284303658,-0.17589577224624128,0.4210374014323956,-0.15997230198327367
middle,36,46,0.0010897029906017594,0.0018191472627222538,-0.0007294442721204944,0.0007294442721204944,0.18384591364335057,-0.3846570864618507,-0.544576233554128,-0.03435748692440151,2.840944312993399,-0.8140056427692975,2.304893208593009
middle,36,47,0.001201460345835776,0.0009044199832715094,0.0002970403625642665,0.0002970403625642665,0.13084980824391143,-0.14804603648864068,-0.48825228196644055,-0.023153314666904738,0.5746754230116659,-0.6562974752224553,0.13275328930956132
middle,36,48,0.0030216383990765952,0.011242185719311237,-0.008220547320234643,0.008220547320234643,-0.16616962393023238,-0.4848908423694454,-0.3042222250549369,-0.0617039550610971,-0.11442180025660992,-0.06453013094118483,0.12436484260989597
middle,36,49,0.0016306487762123962,0.0027650322299450636,-0.0011343834537326674,0.0011343834537326674,-0.09520537950365958,-0.06534679680026953,-1.0698784030999287,-0.035601310966626706,3.0098406096926404,-0.5003255443825507,3.0934527534975897
middle,36,50,0.001482386105772422,0.0014494333881884813,3.2952717583940774e-05,3.2952717583940774e-05,0.06804776751656648,-0.19057072079202655,-0.8287856982032473,-0.046037239904851826,-1.503511506396729,-0.0816031252260724,-0.4576529314009698
middle,36,51,0.001459819077515715,0.001322351978160441,0.00013746709935527407,0.00013746709935527407,-0.035498252054475515,-0.5532293673765656,-0.07769048542847858,-0.049111261069340266,0.585777174272325,0.05932142082037194,0.13285142607741707
middle,36,52,0.002830653677304979,0.0025933319702744484,0.00023732170703053045,0.00023732170703053045,-0.057349146290350754,-0.08019827266053012,-0.7906113178669831,-0.06382199175207369,-0.037461643476862885,0.3886276495695581,-0.18397574856691723
middle,36,53,0.0017453615022534682,0.007946060970425606,-0.006200699468172138,0.006200699468172138,-0.09623567310961412,-0.5562633239118826,0.009332359222726657,-0.04080198529360959,-0.7502486243291266,-0.04022281704405683,0.1166391226368615
middle,36,54,0.0011986561910779874,0.0011182470479980111,8.040914307997629e-05,8.040914307997629e-05,0.007777607798374969,-0.30007340981781505,-0.7481877498143041,-0.06141957260562419,-0.524194351553503,-0.5770093322722997,-0.33155487016851987
middle,36,55,0.002009889927599339,0.0025258485693484545,-0.0005159586417491156,0.0005159586417491156,0.05674074884299893,-0.7353728235971829,0.0314740869359614,-0.026421693776825517,1.5484229080140666,0.4285610938291255,1.0496708764616702
middle,36,56,0.0023612331898270654,0.0034129719715565443,-0.0010517387817294789,0.0010517387817294789,0.012311101287589776,-0.853395945536097,-0.0699285936360986,-0.06626908567888895,0.19607133497173254,0.45518339000217073,0.77659824685152
middle,36,57,0.0019573514694556362,0.0025976686738431454,-0.0006403172043875091,0.0006403172043875091,0.10332927483006331,-0.8224783436016555,-0.9305655106723485,0.018488888709919278,2.9313264497257623,-0.08681183534688551,2.6704727736305953
middle,36,58,0.0030131475354998457,0.003549696411937475,-0.0005365488764376295,0.0005365488764376295,0.2280028660711563,-0.9079919683727613,-0.44099049895059345,-0.06381482127365176,0.6062742736889777,0.7396368371554658,1.1285919486421836
middle,36,59,0.001092571982834969,0.003402885515242815,-0.0023103135324078457,0.0023103135324078457,-0.17305706611798324,-0.45515249777788175,-0.5123414831836235,-0.08536114055084924,-0.7898829230226337,-0.6571655935759242,-0.43213320279496287
middle,36,60,0.0010328415430210236,0.006357952021062374,-0.0053251104780413505,0.0053251104780413505,-0.1970381075058956,-0.3914394457705418,-0.35974646021568274,-0.08264686450811319,-1.1925541986524806,-0.6840772625334586,-0.41085332294069116
middle,36,61,0.004483317184084049,0.0068807839415967464,-0.0023974667575126975,0.0023974667575126975,-0.03651291987677809,-0.010211433470558959,-1.0078631709837542,-0.046246391823952356,-0.3712664612748601,0.36779280908630557,0.24255559614565628
middle,36,62,0.0013898055390062101,0.008589616045355797,-0.0071998105063495865,0.0071998105063495865,-0.2064856579248808,-0.660563859877809,0.09669916177031983,-0.0694921676823014,0.15553081058645848,-0.04282717210446351,0.11745710016612619
middle,36,63,0.0021193977459229643,0.0025991506408900023,-0.00047975289496703794,0.00047975289496703794,0.048624414379652606,-0.6901660766871202,0.16456501895434664,0.0245704428120484,2.2833216445020925,0.2908196484120672,1.8779126167502653
middle,37,38,0.0030717557951208466,0.0018996045691892505,0.001172151225931596,0.001172151225931596,0.045732636288967114,0.119878032537253,-1.163811970007267,-0.047134945429547576,0.24037401824507482,-0.2158720972292554,-0.018289785182542134
middle,37,39,0.003104053884199636,0.0019690408371388912,0.0011350130470607449,0.0011350130470607449,0.10358987257677489,0.10903305081959117,0.3814655036080132,-0.06583982020631668,-0.626714478915751,-0.02720104174202413,-0.3724524593223451
middle,37,40,0.0035982244885598732,0.00260813906788826,0.0009900854206716134,0.0009900854206716134,-0.03734108641033157,-0.21549308043385812,0.8512791892048626,-0.05969931442996321,-0.7977933061327728,0.48035882225276727,-0.29094887837957123
middle,37,41,0.0036928801373506473,0.002576417289674282,0.0011164628476763652,0.0011164628476763652,-0.08412972323964836,0.46837192009241047,0.5553087213024611,-0.05666642856590477,-0.28197220906766496,0.14208203718440307,-0.15027336544056227
middle,37,42,0.0031053070679448046,0.0034237101208418608,-0.0003184030528970562,0.0003184030528970562,0.04654971355670307,0.2227269322756884,0.06378686519395566,-0.06978630372728058,-0.31930298256280376,0.04195905375099493,-0.06988964955691145
middle,37,43,0.0029847822700933314,0.001895057619549334,0.0010897246505439974,0.0010897246505439974,-0.0007046724369493329,0.23469595916208813,-0.5422155428584182,-0.06572167433370948,-0.8197388942577498,-0.19098603776314826,-0.4545516690702979
middle,37,44,0.00484785135703966,0.004225412383675575,0.000622438973364085,0.000622438973364085,-0.21520585331774453,0.09590389882423703,0.37476027706113135,-0.019182608473620213,0.3969815007752028,0.4650220646748176,2.632805810029811
middle,37,45,0.004100900883666158,0.003365566022694111,0.0007353348609720469,0.0007353348609720469,-0.14333329720920984,0.3214787152091843,0.8896914018743475,-0.05071516484801766,5.80829223587199,-0.10764667583013802,10.597211217269892
middle,37,46,0.0030022288726645934,0.002332979580387473,0.0006692492922771203,0.0006692492922771203,0.0885588768186711,-0.1515132341810889,-0.449607200481489,-0.07150134534557015,-0.9325664339059301,-0.06453013094118483,-0.43592011216540877
middle,37,47,0.003110662729266178,0.0017315169097855687,0.0013791458194806093,0.0013791458194806093,0.03668581161202389,-0.17724090936353462,0.5446779769906068,-0.06826070322030442,-0.9568061167615237,-0.038775953121608885,-0.42017177141755785
middle,37,48,0.004891703916383385,0.008076105266809464,-0.0031844013504260787,0.0031844013504260787,-0.2677745179256722,0.06604718454599619,0.15728659288166125,-0.049960232901898105,-0.2427071665666431,0.44216161470013754,0.53049526263944
middle,37,49,0.0035519816151302367,0.006777786649763584,-0.0032258050346333474,0.0032258050346333474,-0.19164469185828625,-0.20109186390565512,0.0782516492914765,-0.06267476782773354,-0.4912692078985928,0.33682992114591626,-0.23320243297846377
middle,37,50,0.0034167048818208984,0.0023370967246592045,0.001079608157161694,0.001079608157161694,-0.026667164003436664,-0.26562809525213443,0.9364185133693349,-0.08008234427329305,-0.6889237160066459,0.48932937857194536,-0.3978770398380945
middle,37,51,0.0033700880062367236,0.003912665881216526,-0.0005425778749798024,0.0005425778749798024,-0.1354579022486259,-0.0036824441326657642,0.6378642394416931,-0.007783671013141927,0.3467014717651712,0.4589452362005354,1.3425010359839642
middle,37,52,0.004621944428195539,0.005094618070870638,-0.00047267364267509875,0.00047267364267509875,-0.15367202135389352,-0.15752695687276483,-0.6175712875909132,-0.03962055859903037,0.20341222570176457,0.8209505895970488,0.7004943944948707
middle,37,53,0.0036912680619112545,0.009840758517384529,-0.006149490455473274,0.006149490455473274,-0.19698618957956812,-0.00505834419658698,-0.8603002178507033,-0.04603686010286777,-0.26692812193674875,0.4751501121319544,0.45371822888411567
middle,37,54,0.0030481674356414917,0.0026245196349918842,0.00042364780064960746,0.00042364780064960746,-0.09160439245819031,0.24662242299401368,1.005284371863661,-0.04533860101906821,2.072329341159443,-0.2856109382912536,2.726366358800445
middle,37,55,0.003971102530498974,0.004231425933539867,-0.000260323403040893,0.000260323403040893,-0.03834768931203959,-0.7857605829771371,0.30273980799985256,-0.060185467833448865,-0.09645004220551351,1.0865948057585189,0.2619842018920642
middle,37,56,0.004241609660629664,0.00935731828212738,-0.005115708621497716,0.005115708621497716,-0.08969250221974338,0.11945409323970882,-0.15059074668913625,-0.06318785056466716,-0.23705698188322072,1.016566591912031,0.6425530258978301
middle,37,57,0.0038958593345729702,0.0036107210908085108,0.00028513824376445946,0.00028513824376445946,0.006002317152498323,-0.43056102360340703,0.03817864531699172,-0.027347957601102944,-0.11286926501964771,0.7402155827244452,0.06914794076341357
middle,37,58,0.0049978897156011115,0.006187309045344591,-0.0011894193297434796,0.0011894193297434796,0.12184834874531258,1.1024033001447504,0.20183043340820928,-0.06640016312266418,-0.5222232948267206,1.4020111408522034,0.37611193157747663
middle,37,59,0.0029387383317821714,0.0034654107876122,-0.0005266724558300284,0.0005266724558300284,-0.27691308107437845,0.44703725950585965,0.21835504266373462,-0.06654434373488943,0.17397137298107712,-0.14381827389134047,0.20794974779680414
middle,37,60,0.002910522207418992,0.004358471371233463,-0.0014479491638144711,0.0014479491638144711,-0.2997826755928536,0.28194848977218695,0.24835794554064766,-0.07283928020111019,-0.004882980545150763,-0.14439701946031958,-0.03649599935102522
middle,37,61,0.006189608612352671,0.0035059985239058733,0.002683610088446798,0.002683610088446798,-0.13437266637112094,0.20953027132969476,-0.6674890038340484,-0.014385215214794267,1.3096425748742302,0.45981335455400424,3.7687236244900277
middle,37,62,0.0032019616778869433,0.003356920788064599,-0.00015495911017765571,0.00015495911017765571,-0.3097998110288293,0.08264783282042591,-0.44368329410693597,-0.05643791589747232,1.1932236284128361,0.3070245243434857,1.815431844044187
middle,37,63,0.003970485072288014,0.0032610585913062096,0.0007094264809818047,0.0007094264809818047,-0.04858005731638255,-0.41504576845238556,-0.01106204536899932,-0.015352859151623953,0.3184036962718353,0.9433552774361573,0.895014435755884
middle,38,39,0.000838578859473965,0.0011263485066592693,-0.0002877696471853044,0.0002877696471853044,0.25501833383277034,0.5531680948999674,0.4750226762039908,-0.034553162736959256,1.5237439077079267,-1.133183824061347,0.009016025009546062
middle,38,40,0.001346287803921121,0.00036647601518779993,0.000979811788733321,0.000979811788733321,0.12047075949625498,-0.3029458874800731,0.34284260175834,-0.04409069067356875,0.6042376707629872,-0.6123128119800333,-0.17605995436222552
middle,38,41,0.0015236679478925165,0.0012022649170830846,0.0003214030308094319,0.0003214030308094319,0.0731558865981434,0.5787873893244971,-0.8248038462472626,-0.051343828650184206,0.1407182814738511,-0.9265716559357592,-0.2739610528500181
middle,38,42,0.0008389534323196025,0.0014191677328199148,-0.0005802143005003124,0.0005802143005003124,0.20054937230975042,0.4358854573590909,1.242925106357035,-0.04153786307754097,1.627537504083362,-1.036822686826304,0.10177177397023375
middle,38,43,0.0007173704868258168,0.0011109734186902642,-0.0003936029318644474,0.0003936029318644474,0.1548530281634588,0.3589540753010374,-0.43185283631501187,-0.016274158094543512,1.8416446197510572,-1.309411849815525,0.25782132263600926
middle,38,44,0.002645328635936555,0.001508904853835702,0.001136423782100853,0.001136423782100853,-0.057527078600968146,0.6088956766233883,-0.2826086737698366,-0.04369946259849627,0.7003249735850986,-0.27287853577371035,0.2616197792465039
middle,38,45,0.002661269830248083,0.0016221548430621624,0.0010391149871859205,0.0010391149871859205,0.013365589655327977,0.7230564127746701,-0.17061814166259742,-0.05222798936536141,0.2764862401885533,-0.10475294798524189,0.026355651056616206
middle,38,46,0.0007681305833105663,0.0013672070344910026,-0.0005990764511804363,0.0005990764511804363,0.23980083678591743,0.37809920498433097,0.6328265118907619,-0.011623368401563998,2.4494797248196183,-1.204658901830283,0.7459403596129733
middle,38,47,0.0008849682121993157,0.0010053603909909725,-0.00012039217879165681,0.00012039217879165681,0.18845199141791638,0.4399971611711101,0.3016644601429481,-0.03407378857009266,1.331208453222186,-1.1430224987339943,-0.14551126475703952
middle,38,48,0.0027260831256898797,0.004232446197420359,-0.001506363071730479,0.001506363071730479,-0.10885374543733418,0.5697999607789205,0.7950446156466618,-0.07396400428984053,-0.38488072045793237,-0.5353396513057946,-0.2400730465023668
middle,38,49,0.001384411148234378,0.0012021438451483846,0.00018226730308599343,0.00018226730308599343,-0.030259582070774213,-0.34921411222113985,0.16219030545323387,-0.06333734611670547,-0.0710670930683799,-0.7572885770093323,-0.024997278866674553
middle,38,50,0.001188877090533615,0.002131521003320813,-0.0009426439127871982,0.0009426439127871982,0.12780076420163208,0.13478292362150604,-1.0121254790477985,-0.05676151633974486,-1.0059225728460124,-0.6059466107212617,-0.3402553623024655
middle,38,51,0.001117589897195618,0.0010324157774448395,8.517411975077845e-05,8.517411975077845e-05,0.022537420601486818,0.19399560207021693,-0.30456897709943115,-0.03011689710198731,0.49353581192604645,-0.4193011647254575,-0.10545754928173684
middle,38,52,0.0025498569736228343,0.00128889549523592,0.0012609614783869144,0.0012609614783869144,0.007118804597307174,-0.3436981447203222,0.25195002251328436,-0.056249460898539196,-0.9385543360948757,-0.1035954568472834,-0.3325351208938775
middle,38,53,0.0014401098992711096,0.0010775335831567645,0.0003625763161143451,0.0003625763161143451,-0.039357820616507735,0.4570604360227303,0.034943811460465726,-0.02669840926574072,0.5665914436732201,-0.5443102076249727,0.18653322440805517
middle,38,54,0.0008836670716657029,0.0006976802833378315,0.00018598678832787137,0.00018598678832787137,0.06871362752315452,-0.08420969960745536,0.6275960054754542,-0.05079552728710234,1.1720532069437135,-1.106561527888302,0.06308268995923931
middle,38,55,0.0017738861155178456,0.0018804770661517978,-0.00010659095063395214,0.00010659095063395214,0.11650987536925365,-0.39005956422884275,0.5105365416042709,-0.04238359515341552,-0.6869700967485365,0.09867611951096018,-0.30068673407419166
middle,38,56,0.002099596492416368,0.0012884404277428985,0.0008111560646734696,0.0008111560646734696,0.06732142060551928,0.31042267993498246,0.2734822658239875,-0.060968967295068115,0.8307205405045902,0.04485278159589106,0.10652730529209722
middle,38,57,0.0017047973751072834,0.001380526926368475,0.00032427044873880847,0.00032427044873880847,0.16361405221683245,-0.6182808477521039,-0.6485139266893114,-0.04305065556339208,-0.0825829842100218,-0.3032626781451203,-0.1378414323883487
middle,38,58,0.002792974494280624,0.0025942379143089056,0.00019873657997171836,0.00019873657997171836,0.2768500738822335,0.903082771038417,-0.2882271155430311,-0.04185846628728872,1.037627138177154,0.3758952470520148,0.2356531920582588
middle,38,59,0.0007514769764434347,0.0018584278877824545,-0.0011069509113390196,0.0011069509113390196,-0.1164166247248791,0.708541847449908,-0.3230141726914907,-0.06221234976028775,0.5150862323138903,-1.1864284164074368,-0.07597326475362283
middle,38,60,0.0007012425495789301,0.003983860835433006,-0.0032826182858540763,0.0032826182858540763,-0.13657791809619485,0.1934894963463203,0.22915447715939685,-0.07674911969450375,-0.4803894729801446,-1.2063951385372205,-0.20384899222692876
middle,38,61,0.004258059294423066,0.0019261161796748638,0.0023319431147482018,0.0023319431147482018,0.021129587900199632,0.7883193871357062,0.9393670511747098,-0.009107468540612706,1.2542120647632702,-0.13166461694277634,0.28520753281643163
middle,38,62,0.0010913804781954998,0.0010149272857233882,7.645319247211158e-05,7.645319247211158e-05,-0.14585912952791735,-0.08386623548906601,-0.18013636379926357,-0.02850690733970995,0.2777629787271167,-0.5382333791506908,0.0732030653682956
middle,38,63,0.0018577276807833021,0.0018651271238923073,-7.399443109005165e-06,7.399443109005165e-06,0.11162807812186146,-0.8426605953945911,-0.23725569307459718,-0.050492797650242914,-0.7528753654646829,0.06308326701873712,-0.37653871248439963
middle,39,40,0.0014044021929833853,0.0014326253440231085,-2.8223151039723227e-05,2.8223151039723227e-05,0.17628807493117724,-0.0765553261967928,-0.7673302675859321,-0.050054991208956845,1.4861655399509672,-0.5382333791506908,0.8386454271461175
middle,39,41,0.0015580962098519383,0.0018551719840615988,-0.0002970757742096605,0.0002970757742096605,0.1349316661798311,-0.08112916330556978,-1.0477803361202243,-0.049383345719606474,1.5510126390120313,-0.8756420458655864,1.4864260257048758
middle,39,42,0.0008390386832602284,0.0011338603217154741,-0.0002948216384552457,0.0002948216384552457,0.2611441450818728,-0.170017592582373,-0.8215858206667672,-0.02508091955826009,1.6893100927240177,-0.9129711350647471,0.5812230170685274
middle,39,43,0.0006943517236965557,0.002110162517055869,-0.0014158107933593136,0.0014158107933593136,0.2170295334871885,-0.45607295906520257,0.8942763733023175,-0.04537615108028726,2.4949650059863173,-1.2006076828474284,1.3056166124523858
middle,39,44,0.0027235673294240758,0.0015155962901189923,0.0012079710393050835,0.0012079710393050835,0.004007761477957185,0.12865757861478522,0.06406997661046389,-0.06022456684613302,-0.05210700420356983,-0.09520364609708445,-0.02604686473317601
middle,39,45,0.002682689597875059,0.002295126672834158,0.00038756292504090123,0.00038756292504090123,0.07476584637183165,0.18466358190811918,-0.14671316331590026,-0.06729960972371785,-0.7535710848780631,0.0928886638211677,-0.3903196790027888
middle,39,46,0.000756552372650338,0.0019588449504226446,-0.0012022925777723068,0.0012022925777723068,0.29621294011468824,0.36490656075043176,0.01397961325328313,-0.008836482112951006,3.4436223756686104,-1.1262388772335963,2.356342854733955
middle,39,47,0.0008649459966617074,0.0014235117705538869,-0.0005585657738921795,0.0005585657738921795,0.25013401629769233,-0.3291249494927082,-0.31699790323481564,-0.03145452308241982,2.419822683074057,-1.048976343774868,1.0725286000477836
middle,39,48,0.0028100777075909683,0.003962655086070299,-0.0011525773784793309,0.0011525773784793309,-0.04249356255517855,-0.628615389924925,0.3800832506883041,-0.0769697915111328,-0.3468393701143706,-0.38833827678506816,-0.1690987336620208
middle,39,49,0.0014652996866446047,0.0028085631784051657,-0.001343263491760561,0.001343263491760561,0.027154587641870145,-0.19550785893944866,-0.026775659644784462,-0.07093806468375559,-0.06046666903206819,-0.6068147290747306,-0.014402114029014208
middle,39,50,0.0012513070617820074,0.0018859580159187317,-0.0006346509541367243,0.0006346509541367243,0.18512218732743904,0.1059575177906653,-0.24483790031779443,-0.042545386222696754,-0.3497463117988324,-0.4650220646748174,-0.18122945792636355
middle,39,51,0.0011699715620083109,0.0014768277760595083,-0.00030685621405119744,0.00030685621405119744,0.08176821367805492,-0.004819666935818675,0.5788092770819486,-0.05599361392707335,-0.08866270000953111,-0.2644867250235114,-0.13641388805146973
middle,39,52,0.0025884192242012992,0.0030565618071705103,-0.00046814258296921105,0.00046814258296921105,0.06147788157722628,0.24982416534506416,0.09465912994098126,-0.07662464760210187,-1.0159542774002226,0.05469145626853818,-0.37107051603027347
middle,39,53,0.0015343305921797575,0.0013623725390061736,0.00017195805317358386,0.00017195805317358386,0.021307520210817023,0.09290404910740598,-0.6476693650530118,-0.05101804091455769,0.5347097679300341,-0.4071475077768936,0.3341433439787779
middle,39,54,0.0009112693005425393,0.0009610613924451172,-4.979209190257789e-05,4.979209190257789e-05,0.12341294334065644,0.37101379531841105,0.0512241844035703,-0.057398915587544744,0.23486991406491822,-0.9352528394704477,-0.3245120484613774
middle,39,55,0.0018183409197579767,0.0022940272465348244,-0.00047568632677684767,0.00047568632677684767,0.17363774040079127,-0.3629102900738227,0.3206303391603788,-0.041896501396824756,-0.35475113220800164,0.23034073645373676,-0.12112656207205465
middle,39,56,0.0021220572250807038,0.0017573307268321514,0.00036472649824855234,0.00036472649824855234,0.1269766301283759,-0.01572778854885943,0.08379566433079645,-0.05010717508638093,1.2291856495838247,0.1270346523909428,0.7032941213987522
middle,39,57,0.001753351607387196,0.0019544237293303013,-0.0002010721219431052,0.0002010721219431052,0.21984167048700276,-0.5040713296894649,-1.8017369474603575,-0.05574961860788113,-0.0479896708798449,-0.15828691311582133,-0.06462356493876391
middle,39,58,0.00274632128054539,0.0027755284681916237,-2.92071876462339e-05,2.92071876462339e-05,0.3346034743173864,0.6389477299529577,-0.07793856152517585,-0.023585112915358655,2.590701513201401,0.34145988569775026,1.7023575619810105
middle,39,59,0.0008298626714089497,0.002160139847546816,-0.0013302771761378662,0.0013302771761378662,-0.05385905190305663,0.12765051137721808,0.3064291942174081,-0.07444915785316333,-0.13486296187516,-1.018592201403458,-0.40307841763793456
middle,39,60,0.000759456187691828,0.0018431233474984765,-0.0010836671598066483,0.0010836671598066483,-0.0740737753733113,-0.3441728566681125,0.34364811474098045,-0.08014497842518814,-0.8257943221544647,-1.0426101425160963,-0.43091652741486414
middle,39,61,0.004271977236093681,0.001994877588003874,0.002277099648089807,0.002277099648089807,0.08020513125532253,0.6067570945419604,-0.8581944367660811,-0.05416754200346828,0.04395616640743167,0.04803588222527687,-0.001972336929628947
middle,39,62,0.0011281389870365084,0.003668549470603466,-0.0025404104835669576,0.0025404104835669576,-0.08830987239531418,0.18763425761079075,-0.22524404952969412,-0.07155355896652311,-1.0210355201848513,-0.34580047746509435,-0.40890340897207617
middle,39,63,0.0019329755801527975,0.002929689595475793,-0.0009967140153229954,0.0009967140153229954,0.16909466981837043,-0.8535674221464963,0.9592491678016013,-0.052201526776520346,-0.1776452129808587,0.1710193156333648,0.011467344408251307
middle,40,41,0.0019947099827691632,0.002143253805115819,-0.00014854382234665573,0.00014854382234665573,-0.007830533839776744,-0.024749042038389076,0.9572271070304246,-0.03845297866112296,1.3224055564093575,-0.4456340881140128,1.9906240955646772
middle,40,42,0.0013681889470288347,0.0012682771775871515,9.991176944168316e-05,9.991176944168316e-05,0.12255251712472476,-0.3979670962044035,-0.10642380376770741,-0.058189285804333434,0.7567752197467189,-0.39875569702669467,0.30297408884296756
middle,40,43,0.0012649502782487725,0.0017297000158578157,-0.00046474973760904327,0.00046474973760904327,0.07448256603594787,-0.19844167954693814,0.36268348300696746,-0.03358359233464417,3.6934457865456882,-0.7373218548795486,1.4581910409615808
middle,40,44,0.0031926913866725157,0.0030652766581624746,0.0001274147285100411,0.0001274147285100411,-0.13720042915458713,-0.46692438866280545,-0.06782735955025809,-0.051785240922355064,-0.7854669730478844,0.4534471532952326,-0.32708441972157115
middle,40,45,0.003156759753981974,0.003265688894316554,-0.00010892914033458012,0.00010892914033458012,-0.06602095215964712,-0.24274693004059952,0.3311985362065495,-0.06975440951247473,-0.9101610659947191,0.5984229183245318,-0.2950361000248121
middle,40,46,0.0013283649580344789,0.0013487560208886862,-2.0391062854207328e-05,2.0391062854207328e-05,0.16088659688326104,-0.25396969410103637,-0.4596272238501124,-0.036043194559332005,1.9680522108950405,-0.5770093322722997,0.8053014024330022
middle,40,47,0.0014276350255440055,0.0015132073312997818,-8.557230575577629e-05,8.557230575577629e-05,0.1088083802589898,-0.17682380552341428,-0.3205951346297353,-0.03065095360270324,2.7766068150576344,-0.570643131013528,1.0744377834143821
middle,40,48,0.0032692305211910718,0.0024350853636860847,0.000834145157504987,0.000834145157504987,-0.19007808103279372,-0.3573752608077148,0.6935699727446472,-0.0791957079813282,-0.9042434474805269,0.15018447515011232,-0.3898652049372591
middle,40,49,0.0018796396322897835,0.0037587385158985853,-0.0018790988836088018,0.0018790988836088018,-0.11306615427537822,-0.8835787005631598,0.012726958476329864,-0.07692250158819004,-1.6447473515134625,-0.05440208348404826,-0.43876065092958333
middle,40,50,0.001718436274356922,0.0014712822157889605,0.00024715405856796154,0.00024715405856796154,0.04572709165605836,-0.21202119657729973,0.09540178326870882,-0.03838915820001864,0.9995654144645816,-0.012153656948563882,0.3776115522603255
middle,40,51,0.0016883493140468088,0.0027805010322481394,-0.0010921517182013306,0.0010921517182013306,-0.05705578480372377,-0.7414984240526992,0.004432410507492877,-0.06481470490781496,-1.1546854436621103,0.27577226361860696,-0.36648814902017746
middle,40,52,0.002978786792567644,0.003068529302254319,-8.97425096866751e-05,8.97425096866751e-05,-0.07876604698673144,-0.30138292842922854,0.07479649425352637,-0.0850917196623899,-2.0398065493008257,0.5827967879620922,-0.43633906375387876
middle,40,53,0.0019796908044427785,0.002658810466527939,-0.0006791196620851603,0.0006791196620851603,-0.11978272095803191,-0.45667645244023053,0.025108002284849534,-0.02862086166270994,1.4361651999314489,0.002025609491427549,1.1793820012464546
middle,40,54,0.0014366436006882824,0.0006236722692847252,0.0008129713314035572,0.0008129713314035572,-0.014439736267015408,-0.36711966341150615,0.23914784331378885,-0.05096517979986083,0.278199385299203,-0.42335238370831213,-0.26040085630110593
middle,40,55,0.002247694927097816,0.002646594773977995,-0.00039889984688017913,0.00039889984688017913,0.02974191498011115,-0.014785693391135347,0.4233461044702994,-0.04456143006520742,-2.374091186629029,0.7934601750705347,-0.45855160491315344
middle,40,56,0.0025422286933765663,0.002644999185577035,-0.00010277049220046861,0.00010277049220046861,-0.015982656388261407,0.05708202408852192,-0.3895943139051327,-0.05050615478267021,1.7345904836338097,0.45836649063155654,1.9257615843216418
middle,40,57,0.0021855358257304664,0.00212244619615376,6.308962957670642e-05,6.308962957670642e-05,0.07806792729776518,-0.3604565370302494,-0.3940435348580259,-0.05993162283027249,-2.1301879742997736,0.40251754322506006,-0.45607195513745913
middle,40,58,0.003210335450660495,0.003089101519435644,0.00012123393122485081,0.00012123393122485081,0.2022152824700634,-0.31730781774524736,-0.04274867412682807,-0.05931306496403115,0.9557619593580536,0.8319467554076544,1.5060279729153814
middle,40,59,0.0013139670970408878,0.011345679871737957,-0.010031712774697069,0.010031712774697069,-0.19633242695387193,-0.44683938358373465,-0.04546222581196013,-0.07837645222207727,-0.6930131582771618,-0.5104535918396873,-0.2584979031639431
middle,40,60,0.0012680128358766155,0.007582943420857191,-0.006314930584980576,0.006314930584980576,-0.22207817377938058,-0.09678475673967954,0.07046375977323804,-0.08177059383596023,0.0142057541344608,-0.5376546335817117,-0.2323362434025639
middle,40,61,0.004633590733366353,0.0030784723348915577,0.0015551183984747951,0.0015551183984747951,-0.05641563173153089,-0.46020319612776267,0.8992891791347355,-0.03623289421055023,0.2895375655037315,0.5330246690298779,0.1637271964619316
middle,40,62,0.0015879346171262547,0.017567764967679977,-0.015979830350553722,0.015979830350553722,-0.23236800434295973,-0.22923636656785878,0.20586943523819407,-0.06857326652540169,-0.351169600695924,0.08391810750198962,0.37684656598723265
middle,40,63,0.002369953072453543,0.0024380660615861416,-6.811298913259869e-05,6.811298913259869e-05,0.026539637446535248,-0.7544119904775384,0.31189479088270167,-0.0621092037780871,-2.2650986445554224,0.7491861390436233,-0.46039858106335896
middle,41,42,0.0015400659407548312,0.001388436765410006,0.00015162917534482516,0.00015162917534482516,0.07720649296675917,0.16936737850350997,0.1251517029347814,-0.06311030918489781,0.16173048682893665,-0.6927584460681472,0.04699453214974342
middle,41,43,0.0014206268338938588,0.0014124028384685516,8.223995425307197e-06,8.223995425307197e-06,0.030950644954220233,0.04637776823143118,0.7274628157243097,-0.06436653627866264,1.1839477847455924,-0.9937061419373507,0.6928146147943004
middle,41,44,0.0033724010424133833,0.002744419267401099,0.0006279817750122841,0.0006279817750122841,-0.18422546896883185,0.1654014742936548,0.24728889753320024,-0.062263600148498,-0.02115683180922573,0.09375678217463651,-0.0025843433753310447
middle,41,45,0.0033461309749979315,0.005217384081333876,-0.0018712531063359442,0.0018712531063359442,-0.11618122985502549,0.9477679179338505,-0.9849310941817168,-0.06576275701097303,-0.28379095484358974,0.2543586775663751,-0.11569038080433272
middle,41,46,0.0014930184598108064,0.0012619512854143977,0.00023106717439640872,0.00023106717439640872,0.11787335100727078,-0.018047686423602088,-0.5840566438381585,-0.05751702027680426,0.9412489143215704,-0.8548072053823337,0.36319169933434137
middle,41,47,0.0015867315876344139,0.001071974984370172,0.0005147566032642418,0.0005147566032642418,0.06508844571590158,0.13647875128031597,0.4141252421699878,-0.05742748310304444,0.618822511907731,-0.8241336902264342,0.28782669278696027
middle,41,48,0.003429333764992385,0.006176365073770285,-0.0027470313087778996,0.0027470313087778996,-0.23652849525467634,0.1265963710926497,-0.06713977784040796,-0.07428347495752738,0.056323579855379884,-0.2040078130651812,-0.07739657057866459
middle,41,49,0.002065312214718295,0.012072640471160412,-0.010007328256442117,0.010007328256442117,-0.1582418069857838,-0.5338375974769481,-0.5316222158342482,-0.07649583753041218,0.019512571928376687,-0.41611806409607166,-0.0050380932226604044
middle,41,50,0.0019086917426449964,0.004517986439168453,-0.002609294696523457,0.002609294696523457,0.0017097631660458778,0.09728141966672266,-0.07351363751233732,-0.07510752857678175,-0.17971609031912608,-0.27258916298922065,-0.17164322746040825
middle,41,51,0.0018337856748312867,0.00868246890604496,-0.006848683231213674,0.006848683231213674,-0.10271281246211693,-0.2751221228020404,-0.5699495627631136,-0.06445727234543237,-0.23556581141165223,-0.07755190624321777,-0.07961104556920434
middle,41,52,0.0031830962126667447,0.00591439800336957,-0.002731301790702825,0.002731301790702825,-0.12421842728503774,0.1194498651217147,0.4428975744529616,-0.06815376608215447,-0.30433536229068553,0.21847645228966234,-0.11214934327256626
middle,41,53,0.002080538844763463,0.0025694442447274923,-0.0004889053999640293,0.0004889053999640293,-0.16829523456443507,0.42187424948152924,0.991815883793081,-0.047579606610256765,1.6065945704070799,-0.31657382623164293,1.4440471396482002
middle,41,54,0.0015854252955961247,0.0014952447963878512,9.01804992082735e-05,9.01804992082735e-05,-0.05698168834576129,-0.3493578329986235,0.17937162628852205,-0.06486496231975364,-0.31881357687316125,-0.7384793460175071,-0.3522603513311103
middle,41,55,0.002462353752006291,0.0029078202787786722,-0.0004454665267723812,0.0004454665267723812,-0.010791367813053124,-0.2850288851368061,-0.3391015238008182,-0.04902163237703007,-0.028122922610718016,0.38978514070751685,0.1334986721145394
middle,41,56,0.0027903123041406503,0.00249975873157382,0.00029055357256683014,0.00029055357256683014,-0.06085839486405694,0.4480985171223848,0.21571330579142123,-0.06407302027186226,0.23698193293083586,0.3223612819214354,0.609057395140057
middle,41,57,0.002366858393950917,0.005032973363995552,-0.002666114970044635,0.002666114970044635,0.03497856873366381,-0.1838640447954303,0.5326535254873036,-0.05293986183352931,-0.13192924122095043,0.00810243796570949,0.1724810299287054
middle,41,58,0.0033959479930549346,0.003289208747446537,0.00010673924560839756,0.00010673924560839756,0.1474680811865313,1.7790801829721585,-0.06128576204779609,-0.059154673808896364,0.8879253130530235,0.5570426101425162,1.3773170298528372
middle,41,59,0.0014567159631621355,0.003436487866565585,-0.0019797719034034497,0.0019797719034034497,-0.24658948369638498,0.666166662351931,0.30679416896694334,-0.0683680887993512,-0.04645911041207769,-0.840917311726832,-0.10400316227161203
middle,41,60,0.001447228462036167,0.011671051383018494,-0.010223822920982327,0.010223822920982327,-0.2672669319857523,0.15713522174060923,-0.050485813411527365,-0.07617507988311067,-0.3468538271993673,-0.8597265427186573,-0.20874258052707428
middle,41,61,0.004991782107093915,0.003542874474078417,0.0014489076330154978,0.0014489076330154978,-0.10463024733347262,0.427452053208011,-0.6220812161840287,-0.04871377770134962,0.18955331927804409,0.19040729219416938,0.4124877684181332
middle,41,62,0.0017620918443570757,0.005635502282530069,-0.0038734104381729934,0.0038734104381729934,-0.27862334829796154,0.19228469412389462,0.786940336581519,-0.07480855005650584,-0.596876834816077,-0.1742024162627504,-0.16513993976083446
middle,41,63,0.0025261755975399315,0.0060571287758648396,-0.003530953178324908,0.003530953178324908,-0.01597811987042697,-0.7174452421503514,0.7007906068099169,-0.0539858731050455,-0.16183160857807136,0.3492729508789701,0.11328146525062734
middle,42,43,0.0007324316469141364,0.00038046648842282593,0.00035196515849131044,0.00035196515849131044,0.15889758584162866,-0.04934668221827189,-0.17216061554700973,-0.0642789324342795,0.27564230785187027,-1.0319033494899805,-0.35560300694821767
middle,42,44,0.0027072221208075237,0.0027969391085207462,-8.971698771322251e-05,8.971698771322251e-05,-0.054885313048713885,0.4214163443027656,0.36806976751793974,-0.06940889266535102,-0.8119203247581745,0.026911668957534683,-0.21958344045446027
middle,42,45,0.002636365493063826,0.004302755929529667,-0.0016663904364658407,0.0016663904364658407,0.015684758383799995,0.5875118289308392,-0.2391163527439823,-0.06965403654235046,-0.4272007451937824,0.1710193156333648,-0.18113099251893658
middle,42,46,0.0008013439190649329,0.0004471574502531439,0.000354186468811789,0.000354186468811789,0.24504958792036194,-0.21183367954426033,-0.7790689523642784,-0.042278078840760146,0.7319173519366658,-0.9106561527888302,-0.24136540374240364
middle,42,47,0.0008918148442211588,0.001780321472324431,-0.0008885066281032721,0.0008885066281032721,0.1917026584750596,0.14803483197595624,0.16060079963485865,-0.027522771760102607,2.7747954535158925,-1.0029660710410186,2.1124635706519896
middle,42,48,0.002755264183891081,0.004822469782084227,-0.0020672055981931455,0.0020672055981931455,-0.1026755122043671,-0.20103887149346208,-0.2940175796518125,-0.08341796892606596,-0.8509007183764458,-0.2691166895753454,-0.3561802893156564
middle,42,49,0.0014241064123315624,0.0025368640199303627,-0.0011127576075988003,0.0011127576075988003,-0.03253136939075322,0.25374651993957986,0.05542772858259661,-0.0755843139126546,-0.04891926144513344,-0.4962743253996961,-0.13567182420239182
middle,42,50,0.0012496853336249438,0.0014489165041595697,-0.00019923117053462593,0.00019923117053462593,0.13238415938702572,-0.35409688381802085,-0.3434656360436914,-0.04560575281946918,-0.7587539276077149,-0.3507198148014178,-0.32156014321563897
middle,42,51,0.0011773675349949764,0.0017493023769930005,-0.0005719348419980241,0.0005719348419980241,0.024825841820192093,0.05910842010583913,0.38773820991200786,-0.06449323455980241,-0.4798299170657642,-0.14150329161542347,-0.3496288917460812
middle,42,52,0.002551661606608744,0.005422648042440414,-0.0028709864358316705,0.0028709864358316705,0.008785722872694472,-0.3792128912639833,-0.1445488873480965,-0.07256512723160549,-0.5325868450857786,0.1426607827533822,-0.24312892069059114
middle,42,53,0.0014884947534336383,0.0012719676597043872,0.00021652709372925114,0.00021652709372925114,-0.033239066172925505,-0.291138092826516,-0.5296032789553642,-0.05854976822240728,0.6894392778992979,-0.3350936844389784,0.6454672322921571
middle,42,54,0.0009149662925254252,0.00046118718455545604,0.0004537791079699692,0.0004537791079699692,0.07030745745565364,-0.1088048029165417,-0.36706185234716554,-0.05396638880567056,0.33338499517052733,-0.8481516313390726,-0.06322257150218284
middle,42,55,0.001774204688949395,0.0016580349765717983,0.00011616971237759675,0.00011616971237759675,0.11604009374462076,-0.08846931708063568,-0.10524128037272616,-0.04147769420659663,0.8496060752941557,0.2653548433769807,0.4188203605293115
middle,42,56,0.002092973033155406,0.00224478030577302,-0.0001518072726176137,0.0001518072726176137,0.06827358529321405,0.382523366716116,-0.15326018207311193,-0.04203690458088325,3.1002912507662184,0.03240975186283749,2.52951793440421
middle,42,57,0.0017011140562071371,0.001439328771084547,0.0002617852851225901,0.0002617852851225901,0.1633040568314792,-0.3412436165217833,-0.10077479991491559,-0.04214756881199724,1.5946640500677323,-0.14439701946031958,0.8141541478435238
middle,42,58,0.002740605444164078,0.003077930537983775,-0.0003373250938196971,0.0003373250938196971,0.2792650135427659,0.7485306827520013,0.07886623171268028,-0.03873570234287031,1.17469258134739,0.5278159589090651,0.9484602209738308
middle,42,59,0.0008058165567293891,0.003494013799354434,-0.002688197242625045,0.002688197242625045,-0.11125860394712335,0.1161232523525711,-0.6460707652370732,-0.07903870104426784,-0.9950461296946096,-0.915286117340664,-0.4040979394409123
middle,42,60,0.0007555512865130082,0.004019928630441427,-0.003264377343928419,0.003264377343928419,-0.13423959518131076,0.05135052827295377,-0.6112230525132629,-0.08405761953020507,-0.7318555645795568,-0.9424871590826883,-0.3708641319646768
middle,42,61,0.004259141414568931,0.003006533719599247,0.0012526076949696844,0.0012526076949696844,0.02935227850388666,-0.2852609735803669,0.1240129400643343,-0.061963984430315096,-0.6839275253651363,0.1715980612023442,-0.19565057095159977
middle,42,62,0.0011224292937133994,0.010111294686794281,-0.008988865393080882,0.008988865393080882,-0.14508439309330282,0.03271382977845358,-0.32494234314431336,-0.0692152439886841,-0.12134585430326561,-0.26969543514432454,-0.12003423167537663
middle,42,63,0.0019035599616848305,0.0017371877329424024,0.00016637222874242813,0.00016637222874242813,0.10893338652820542,-0.19048682788415983,0.2808390668833063,-0.06104746733165266,1.0392472213635549,0.2106633871084425,0.5244840038195847
middle,43,44,0.002565233110547989,0.00324775418266654,-0.0006825210721185513,0.0006825210721185513,-0.09818788795103384,-0.3098494880722457,-0.02486835201986407,-0.06546410910146035,-0.6664400574197605,-0.22455328076394404,-0.4395194535398068
middle,43,45,0.002528020532011486,0.0015491938684135675,0.0009788266635979183,0.0009788266635979183,-0.02734764167860233,-0.1044367342168121,-0.41908618271286774,-0.07353945431057635,-0.9298912059314617,-0.07321131447587345,-0.4467340930334512
middle,43,46,0.0006442259346646306,0.002047921996563673,-0.0014036960618990424,0.0014036960618990424,0.19705826980738197,0.09060916759746189,0.4355559763361341,-0.03320821069656919,3.7368277175370506,-1.2807639441510525,2.563534805316084
middle,43,47,0.0007793998526547123,0.0011815679026767612,-0.00040216805002204884,0.00040216805002204884,0.14825743528972346,-0.30189812460681253,0.40763129487183836,-0.030850642503694948,2.8116061278178575,-1.1852709252694784,0.47774222278122563
middle,43,48,0.0026015768544876664,0.0029063557740300894,-0.000304778919542423,0.000304778919542423,-0.15114467686257452,-0.1525630054103967,-0.890387535239349,-0.08215432768573884,-0.864460574436592,-0.5376546335817117,-0.434649607456495
middle,43,49,0.0013073981229677514,0.00234227254986763,-0.0010348744268998786,0.0010348744268998786,-0.07677754000263622,-0.3092111127237662,0.337643542525446,-0.08308204436700348,-1.4600544875300607,-0.7474499023366852,-0.4429594265904424
middle,43,50,0.0011322455453284073,0.0012780728284269571,-0.00014582728309854988,0.00014582728309854988,0.08235443259377172,0.16557172651155153,0.7201780377372957,-0.04854647721533578,1.4653736716920662,-0.669319250524488,0.3104274684539765
middle,43,51,0.0010778780936194575,0.0022200713865458965,-0.001142193292926439,0.001142193292926439,-0.021973884274942217,-0.02855942197469371,-0.12863691675857056,-0.06867353424919302,-1.019054321256902,-0.4111987267597482,-0.4066106767237251
middle,43,52,0.0024329289149576335,0.0026653436943888664,-0.0002324147794312329,0.0002324147794312329,-0.03652904971796721,-0.7228758897534793,0.3316426842707485,-0.08352622278735944,-1.8519713822892157,-0.1082254213991174,-0.45761167715159207
middle,43,53,0.0013792320420378868,0.0009094179258681834,0.00046981411616970345,0.00046981411616970345,-0.07859164307887417,-0.6732445142569364,-0.48256152208666914,-0.04278169169569368,1.2064080450964523,-0.5437314620559937,-0.04654153970435713
middle,43,54,0.000810064022587981,0.0004035466117784381,0.00040651741080954286,0.00040651741080954286,0.023035933505737814,-0.07784250625147064,0.21907211478457608,-0.06467863055118923,0.2540373842535888,-1.102799681689937,-0.40957441828823216
middle,43,55,0.0016965940037081836,0.001533634727820754,0.0001629592758874295,0.0001629592758874295,0.07247440080790342,-0.5980561914591188,-0.3388842050269866,-0.06638969340050124,-2.1562861710358674,0.09925486507993932,-0.4579038131318168
middle,43,56,0.001992879964029753,0.001199199235998094,0.000793680728031659,0.000793680728031659,0.023454301261580407,0.029508141183941922,-0.11175784118008364,-0.06784679456048513,0.5295413600437098,0.05816392968241344,-0.1699655798242774
middle,43,57,0.0016203180980738797,0.002088355366140604,-0.00046803726806672434,0.00046803726806672434,0.11929731354974708,-0.7396391267819414,-0.10239634298424859,-0.0696211013040341,-1.9115988064163902,-0.2913983939810461,-0.457290345607667
middle,43,58,0.002585767862168998,0.0019013924757018685,0.0006843753864671297,0.0006843753864671297,0.23699525253408626,0.20833618033952087,0.6307850829873702,-0.06540953430190771,1.4298394023036265,0.321782536352456,0.5353315303016676
middle,43,59,0.0007177727345678564,0.0042308634147048,-0.0035130906801369433,0.0035130906801369433,-0.15716917254670787,-0.26479589592794095,0.20477964805691426,-0.07453001449242004,0.06221847850445815,-1.2037907834768142,-0.07340531168266205
middle,43,60,0.0006530948672058916,0.00616313936188817,-0.005510044494682278,0.005510044494682278,-0.18424109475248382,0.3128318615680344,-0.005855913991053641,-0.08000149792987327,0.05273610981761904,-1.218259422701295,-0.3484776410650063
middle,43,61,0.004083878651113857,0.0008076949161477387,0.0032761837349661186,0.0032761837349661186,-0.018325515820979934,-0.23831078864116453,0.153033535009795,-0.053052447954201186,0.16031873023733859,-0.09173117268320896,-0.2809206162795928
middle,43,62,0.001017710971044899,0.0031666539143770933,-0.0021489429433321945,0.0021489429433321945,-0.19149952328758424,-0.29880740558742447,0.6466865972151941,-0.0722106301267262,-0.7831734121173293,-0.5240541127106993,-0.3329450081202925
middle,43,63,0.0017687903704416655,0.0014081231784075499,0.00036066719203411567,0.00036066719203411567,0.0641176308993319,-0.510619539347073,0.3903382601771703,-0.067397330943845,-2.0482263556029103,0.054980829053027626,-0.46039858106335896
middle,44,45,0.004492157282958548,0.006985639687627554,-0.0024934824046690058,0.0024934824046690058,-0.24789751300531454,0.6054534248271054,-0.2380075965945027,-0.04574620633873038,0.060093987622522195,0.6820516530420317,1.7155101702156612
middle,44,46,0.0026483313931655555,0.005283558741211891,-0.0026352273480463356,0.0026352273480463356,-0.01128736042961832,-0.13339271842503803,-0.08306732884274395,-0.0675067550986014,-0.2585301124705053,-0.13658395427910003,-0.044060114705337355
middle,44,47,0.0027303846161203416,0.0033739835489541292,-0.0006435989328337876,0.0006435989328337876,-0.06769946375838909,0.45180403973243516,-1.0301696362892987,-0.06360427140869425,-0.7793790723141001,-0.07292194169138377,-0.40028446123333905
middle,44,48,0.004338965381362608,0.0035929917357861996,0.0007459736455764088,0.0007459736455764088,-0.3736759983678617,0.2864617238563815,0.4718908353408608,-0.03642139954468606,3.3075748892154966,-0.0627938942342472,5.245787178279407
middle,44,49,0.0031688465736165205,0.0038094474002718925,-0.000640600826655372,0.000640600826655372,-0.29173539701209816,-0.7750074042714228,0.6508913562412231,-0.0630007386004608,0.43541228050523756,0.20487593141865026,0.5982694349438212
middle,44,50,0.0030176693802497472,0.0030945276375859976,-7.685825733625036e-05,7.685825733625036e-05,-0.13057106442586208,0.15917472492370824,-0.9089423447409695,-0.07921132905389541,-0.7473030266235505,0.4635752007523694,-0.44354295676233535
middle,44,51,0.0028855733120759465,0.0033914269879460335,-0.000505853675870087,0.000505853675870087,-0.23872719423176716,0.08911206148437578,0.41754409931499203,0.0016282797445698956,3.6970517838939143,-0.0801562613036242,6.689012700360675
middle,44,52,0.004273774157151605,0.004611601587384939,-0.00033782743023333395,0.00033782743023333395,-0.26083263752390806,0.5249482260345185,1.0437178964205653,-0.04725229051483898,0.5080057748492395,0.6317007885408381,1.8554588502454126
middle,44,53,0.003239923138011138,0.003563649719581008,-0.00032372658156986983,0.00032372658156986983,-0.3009717473230134,0.05881949870957398,0.1399633084966252,-0.040201152282612215,-0.5419521002633096,0.5312884323229403,-0.19213842777173548
middle,44,54,0.0026996667967811097,0.0026733989361673594,2.626786061375036e-05,2.626786061375036e-05,-0.19236448602135037,0.028346536233689563,0.23062438996783163,-0.04708142538128802,0.338077803883381,-0.11111914924401352,0.4189122295535045
middle,44,55,0.003530497192284942,0.01335808727890253,-0.009827590086617589,0.009827590086617589,-0.1426926400794798,-0.333135495581718,-0.1060959165616699,-0.06289924910402195,-0.44393760128612897,1.077334876654851,0.13234070380658616
middle,44,56,0.003887629977390555,0.007008054759353399,-0.0031204247819628444,0.0031204247819628444,-0.1922314148315402,0.19557846850995053,-0.09553438381905707,-0.06011647657424834,-0.7210824117400383,1.0747305215944445,0.0994399497696508
middle,44,57,0.0034832205344472408,0.003311237320303917,0.00017198321414332385,0.00017198321414332385,-0.0949296600308332,-0.41770011046046346,-0.7301651127197093,-0.02630684257203185,-0.8126728049114187,0.7529479852419885,-0.22409890042588734
middle,44,58,0.004527518314641232,0.008237364701926708,-0.0037098463872854764,0.0037098463872854764,0.02791016989007261,0.28199006626579587,0.13161314439812918,-0.07261081786788043,-0.5840016663013751,1.292049482746148,0.8238538763069017
middle,44,59,0.00253418477877282,0.004701578989624977,-0.002167394210852157,0.002167394210852157,-0.3838352780293165,0.820599094899113,-2.1275064322026993,-0.05940810926655981,1.7043140558836507,-0.22918324531577802,0.792871375305224
middle,44,60,0.002516375559088798,0.005452990066260099,-0.002936614507171301,0.002936614507171301,-0.4040484893269597,0.15081481955709283,-0.38375280886727936,-0.07394264157221914,0.5616501232296903,-0.1733342979092816,-0.06113419551887939
middle,44,61,0.006025777362710227,0.00372256338596344,0.002303213976746787,0.002303213976746787,-0.23814551183388483,0.3896322424369033,1.5147033193065074,0.020667313916361105,2.4866781158995255,0.2882152933516603,5.201103174207911
middle,44,62,0.002887457042496504,0.021312283352017403,-0.0184248263095209,0.0184248263095209,-0.41271676679349595,-0.30193959539747156,0.5115511471110388,-0.07649033040164334,-0.20338460710900352,0.46097084569196295,0.30949482040615006
middle,44,63,0.0036485368908477527,0.0037716126535087824,-0.00012307576266102965,0.00012307576266102965,-0.15095716745875107,-0.2933396738660564,-0.06634633523048758,-0.03840780510465764,-1.0380819803128198,1.1216089126817623,-0.3814356766688786
middle,45,46,0.0026094819566879336,0.0024949051439762115,0.00011457681271172205,0.00011457681271172205,0.05892987072688373,0.03461458022271206,0.5640943559865651,-0.06953127355887684,-0.9621257012735752,0.05295521956160031,-0.42718978398660223
middle,45,47,0.002642138201772218,0.0026400566566735506,2.0815450986672902e-06,2.0815450986672902e-06,0.004477543102590074,0.3865672092343295,-0.5265179146675673,-0.07255797276892989,-1.1078526732070408,0.08189249801056231,-0.4402638168725049
middle,45,48,0.00445245072099728,0.011686993762850761,-0.007234543041853481,0.007234543041853481,-0.3002706032888242,0.5104022316993334,-0.44654946528552564,-0.06749574999291875,-0.19813032413779877,0.5541488822976204,0.5315652785069198
middle,45,49,0.003123333421255271,0.01642705872654915,-0.013303725305293878,0.013303725305293878,-0.220855330194231,-0.24403203127059694,-0.16813036061544462,-0.07536239401179481,-0.3399564631557825,0.4395572596397311,-0.1261818412524098
middle,45,50,0.0029753076655408706,0.005803214851766825,-0.002827907186225954,0.002827907186225954,-0.055448345317721325,-0.2802854652621481,-0.13067253175130633,-0.07590597873758671,-0.6720134638610158,0.5908992259278019,-0.28254228336975934
middle,45,51,0.002870921400245824,0.004303961526602507,-0.0014330401263566825,0.0014330401263566825,-0.16505565677310935,0.052399806221828896,0.4788835988183322,-0.0450160576160525,0.32868497459642726,0.6209939955147219,0.9295361298970931
middle,45,52,0.004179244720394661,0.004448832478374243,-0.00026958775797958183,0.00026958775797958183,-0.18619784611173795,0.3608694832210088,-0.49289348345567985,-0.0557525609292757,0.6630451335124866,0.8258699269333722,1.4155516494999834
middle,45,53,0.0032250793182039424,0.011943761259317398,-0.008718681941113455,0.008718681941113455,-0.2263994590454511,-0.014746512831056463,-1.3789882396649125,-0.06050618315342083,-0.3961312684857116,0.5781668234102587,0.5238820780722424
middle,45,54,0.0025870324300021805,0.0029163185972720385,-0.00032928616726985794,0.00032928616726985794,-0.12443265173833062,0.8557753453630278,-0.5214936545634092,-0.05609473506134694,1.5718867124803906,-0.1472907473052157,2.278196669158859
middle,45,55,0.0034255448912179,0.004170933272689581,-0.0007453883814716811,0.0007453883814716811,-0.06856140214693227,-0.5830256724189654,0.2511099558108948,-0.06444178283078134,0.2555211510295138,1.0964334804311657,0.8833708383335459
middle,45,56,0.003764895047133279,0.011793517507612705,-0.008028622460479426,0.008028622460479426,-0.11971316101790387,0.2693497551791957,0.7397852518424262,-0.06890999301576183,-0.5076216389800422,1.1424437531650153,0.5557756907784582
middle,45,57,0.0034312377167984255,0.002853614278137684,0.0005776234386607416,0.0005776234386607416,-0.021206204645847913,-0.6756673491876777,0.25488818205426444,-0.05406648264421619,0.21985360121844758,0.7778340447080956,0.5818467425763908
middle,45,58,0.004505147736707122,0.007244686130434275,-0.002739538393727153,0.002739538393727153,0.09172082974927422,1.39796890196313,0.838811040866247,-0.0634316765745412,-0.45629734135819433,1.4928741951819438,0.4941198342540953
middle,45,59,0.0025592025230909586,0.0038837604224681854,-0.0013245578993772269,0.0013245578993772269,-0.30903565980249514,0.8265879421632568,0.728188461193999,-0.0657786057359343,0.0788041802127468,-0.01562613036243938,0.07459613500885372
middle,45,60,0.002487182530691517,0.005898746196180582,-0.003411563665489065,0.003411563665489065,-0.333169934681704,0.8634936338240349,-0.35722020322845766,-0.07279085773610654,-0.07610451976463399,-0.024017941112638316,-0.07995230585286867
middle,45,61,0.006011615246662585,0.00432922225445509,0.0016823929922074954,0.0016823929922074954,-0.16879021906592595,1.052629754180655,0.3374554147895943,-0.04288540051697914,0.8167027729584251,0.6554293568689865,2.92439959158438
middle,45,62,0.0028182560196482994,0.004404854029417038,-0.0015865980097687386,0.0015865980097687386,-0.3415055341737149,0.37267178132117357,0.10224643954158998,-0.06305601122896005,1.417648743401015,0.36518845402589917,2.216125042751352
middle,45,63,0.003548239094779062,0.003234174568206072,0.00031406452657299026,0.00031406452657299026,-0.07799987953024862,-0.3388603321114454,-0.03431205630913045,-0.05119776046785747,0.7429414797717273,0.9584026622296176,1.5106232289510604
middle,46,47,0.0008301046001123786,0.0010956003097817302,-0.00026549570966935153,0.00026549570966935153,0.2326578374268266,-0.16747402726574118,-0.0056744071713668125,-0.024741916543959356,2.4518357403573594,-1.0721261665340376,0.6702888618354722
middle,46,48,0.0026900226988696625,0.007403018418699503,-0.004712995719829841,0.004712995719829841,-0.06299106230377985,-0.07626520683376266,-0.47386654969888325,-0.08219135723520263,-0.5976810046086017,-0.4224842653548433,-0.2808466115293727
middle,46,49,0.0013722144245416914,0.0013316774275153875,4.0536997026303836e-05,4.0536997026303836e-05,0.011142191858916312,-0.3315016803201552,-0.08949762683542882,-0.06513562156859776,0.7026967807079898,-0.6817622802575418,0.45029714364963175
middle,46,50,0.0011614557067749832,0.0012974912533536553,-0.00013603554657867214,0.00013603554657867214,0.1713341974559712,-0.3118621779403986,0.7660329585041499,-0.04065054497237581,-0.3900749509222277,-0.4954062070462273,-0.346280544520838
middle,46,51,0.0011263272551284291,0.0023552931379526854,-0.0012289658828242562,0.0012289658828242562,0.06696706815689597,-0.3207909061144902,0.7929005148165821,-0.06371181943316796,-0.4004336969807329,-0.2945814946104319,-0.28287346313131223
middle,46,52,0.0025163133804030754,0.0024850722402334213,3.124114016965409e-05,3.124114016965409e-05,0.04725085759089229,-0.15185366814824913,0.4737344871522076,-0.08207036742364253,-1.2934154533571984,0.017072994284887563,-0.42916451275631406
middle,46,53,0.0014497767958514354,0.001407276140525937,4.25006553254983e-05,4.25006553254983e-05,0.00795856445421532,-0.4658826860920031,0.5095623731477369,-0.052356527169363724,0.7584932552443896,-0.4404253779931997,0.22216992500659483
middle,46,54,0.000876745545656361,0.0016272211214527488,-0.0007504755757963878,0.0007504755757963878,0.11114720723141105,-0.3106773535754952,0.007916988705975257,-0.0670414198773624,-0.24159183582165067,-0.9743181653765463,-0.4167839800365249
middle,46,55,0.0017599718172620924,0.002631653333082795,-0.0008716815158207028,0.0008716815158207028,0.15461460894838225,0.027053084470653764,-0.2032454958744707,-0.051715805798185216,-0.7211342793126726,0.20719091369456727,-0.2900640030894346
middle,46,56,0.0020631436289651976,0.0019799896981567144,8.315393080848311e-05,8.315393080848311e-05,0.11011237710762208,0.019959570911911768,0.15444963009600876,-0.0717850276841327,-0.008027796881981538,0.1956160023149825,-0.2629456812870932
middle,46,57,0.0016977280043181764,0.0009369077160954475,0.0007608202882227288,0.0007608202882227288,0.20198442411804424,-0.2846020918596159,0.004419146981466615,-0.04789899262328452,-0.08101576947137062,-0.20487593141865001,-0.030034952257808546
middle,46,58,0.00273825066320425,0.002377994591370225,0.00036025607183402504,0.00036025607183402504,0.32264974982364286,-0.004958349206025945,0.24132825071429315,-0.04264456945166615,1.4274631023635516,0.40280691600954954,0.854728975314293
middle,46,59,0.0007492294539208564,0.004373063798993826,-0.0036238343450729696,0.0036238343450729696,-0.06849789089725014,-0.25587019790507853,0.19389645853789222,-0.07713987644904181,-0.20447613926792446,-1.068653693120162,-0.2778285455596267
middle,46,60,0.0007130008397332157,0.002275781938806176,-0.0015627810990729604,0.0015627810990729604,-0.08927867098173523,-0.6549663954026546,0.2212403390051387,-0.08138393024858773,-0.7414749975529994,-1.0865948057585184,-0.43550549185584786
middle,46,61,0.004142606502427702,0.0014582439325749874,0.0026843625698527145,0.0026843625698527145,0.0675915954454369,-0.05221905417758009,-0.5219887567818943,-0.05783953164832734,0.15657433966277304,-0.0008681183534688152,0.052000782517026715
middle,46,62,0.0010651350104716477,0.001950202276930213,-0.0008850672664585653,0.0008850672664585653,-0.10214625179034936,-0.3352587507354173,0.4128258765257795,-0.07138579859979363,-0.8631702907214701,-0.39557259639730885,-0.3439760775913883
middle,46,63,0.0018219842410785838,0.002742032753303647,-0.0009200485122250633,0.0009200485122250633,0.15098136222053474,-0.6159855962818354,-0.038608024312628934,-0.06127800713597593,-0.4483492363770485,0.1516313390725605,-0.19304871755497371
middle,47,48,0.002866879213904311,0.0030269394628703594,-0.00016006024896604836,0.00016006024896604836,-0.11519982983017546,-0.2212457520737135,-0.7535487655076196,-0.0825156658022587,-0.8834655469898995,-0.3845764305867032,-0.40426630260365887
middle,47,49,0.001461422531280455,0.001941852387972176,-0.00048042985669172113,0.00048042985669172113,-0.03972931102139447,-0.6116450808177007,0.4408705501640308,-0.07968611928537007,-1.1391015957024246,-0.5958185632641249,-0.3873431415898962
middle,47,50,0.0012705423219991838,0.0010555082699283957,0.00021503405207078802,0.00021503405207078802,0.12012195168054043,-0.3591460318579706,0.9717755593765194,-0.03553494171389443,0.19901818377120256,-0.47457136656297455,-0.26716578389510975
middle,47,51,0.0012272891306707864,0.0011517878156155348,7.550131505525159e-05,7.550131505525159e-05,0.014830884915851375,-0.33191466174523127,0.2964115658328758,-0.05975848803667221,-0.8932255473128485,-0.2578311509802501,-0.38430059385434706
middle,47,52,0.0026038166409656535,0.0025638609658926725,3.995567507298096e-05,3.995567507298096e-05,-0.0027657637063955576,-0.5241949515795487,-0.11460547726440301,-0.08296746314193341,-1.8829778705900393,0.047457136656297506,-0.45527496219179353
middle,47,53,0.0015459598053131323,0.0010759556898847222,0.0004700041154284101,0.0004700041154284101,-0.04684509127347868,-0.11747758901472229,0.35706658582496215,-0.04235848703912001,1.3046526119001038,-0.418143673587499,0.27256542238666065
middle,47,54,0.0009640883813049522,0.0013977253111079335,-0.0004336369298029813,0.0004336369298029813,0.06348453463265925,-0.9829602704804596,0.03271585147728302,-0.05413200535035749,0.32789741377039683,-0.9526152065398249,-0.3113196561806858
middle,47,55,0.0018419600228246835,0.0025958914775401354,-0.0007539314547154519,0.0007539314547154519,0.10666663978359801,-0.5532546656158971,-1.1699715914102646,-0.045513136046489225,-1.8011294175061965,0.2532011864284163,-0.44188071600448886
middle,47,56,0.0021031452853893045,0.0019462730269879103,0.0001568722584013942,0.0001568722584013942,0.0565708814529761,0.27816376041838003,0.21398853543677035,-0.05717815225236533,2.088717536845007,0.06626636764812294,1.1252590025439897
middle,47,57,0.0017566981710246709,0.001402480760589242,0.0003542174104354289,0.0003542174104354289,0.15092742806405865,-0.3234438035155867,0.7564168544089779,-0.05407310401133585,-1.3641218977590834,-0.14005642769297527,-0.41215450737639237
middle,47,58,0.002795431319104825,0.0024262219667434692,0.0003692093523613559,0.0003692093523613559,0.270020598311256,0.32330483937084653,0.09240671682312927,-0.054330266561963346,1.1194833313618873,0.45084279823482615,0.6772155957198973
middle,47,59,0.0008407004656856832,0.00392903620377183,-0.0030883357380861462,0.0030883357380861462,-0.1215262559790675,-0.2838170008167403,-0.05699417834035569,-0.07756964527364116,-0.7305137691585082,-1.0353758229038559,-0.4019394763982379
middle,47,60,0.0008040006464209388,0.0029554760549217463,-0.0021514754085008073,0.0021514754085008073,-0.14876955774747777,0.3464847211186663,0.4408994982326102,-0.08223269387644346,-0.27768988704162373,-1.0611300007234319,-0.3940712527350066
middle,47,61,0.004159979604075626,0.00224112905561924,0.001918850548456386,0.001918850548456386,0.013842428085481102,0.19953845335461393,-0.23012683202290535,-0.04872201437088341,-0.1612841966150882,0.06597699486363325,-0.31069024701827613
middle,47,62,0.0011842273725853935,0.0018370444886386395,-0.000652817116053246,0.000652817116053246,-0.15627295824563783,-0.21750587600496088,0.7042368847872684,-0.07271289079507794,-0.8442774161810601,-0.3686609274397742,-0.3395148230479067
middle,47,63,0.0019232476966154221,0.0021508161444216967,-0.00022756844780627452,0.00022756844780627452,0.10123642793577602,-0.9122010598359118,-0.10114229113324218,-0.0593995133867158,-1.5841768806111178,0.20371844028069178,-0.4011560708156543
middle,48,49,0.0031298946238983672,0.004076787270605564,-0.0009468926467071969,0.0009468926467071969,-0.34891316373981457,-0.14158807953304875,0.3122618482270987,-0.060384369674907346,0.9802343345570866,-0.11806409607176427,0.8875873419931681
middle,48,50,0.002990414597087647,0.0034404562320560217,-0.00045004163496837474,0.00045004163496837474,-0.17853314720168678,-0.5205005806307078,-0.5337983192053714,-0.08684097549073734,-0.7924944508564397,0.14960572958113294,-0.4336369130894158
middle,48,51,0.002856313981109406,0.004424328450113535,-0.0015680144690041289,0.0015680144690041289,-0.28838039004476285,-0.45043920324393194,0.17920147828831076,-0.06549865735422708,3.26573564040163,-0.18635607321131428,5.052744443788352
middle,48,52,0.004037774344601648,0.003541454905644059,0.0004963194389575884,0.0004963194389575884,-0.3141205922373627,0.5647637084988528,0.6507561264148618,-0.050424730728401174,2.8901754471244154,0.026043550604065865,5.210401706575661
middle,48,53,0.00330867364553802,0.006294261664152145,-0.0029855880186141254,0.0029855880186141254,-0.3539396255003716,-0.008814604222566828,-0.1482411891984586,-0.07464524778716153,-0.7288008937280979,0.24712435795413465,-0.3884368626299194
middle,48,54,0.0027740551054593107,0.004706419073045254,-0.001932363967585943,0.001932363967585943,-0.24397342507852587,-0.13285356291215397,0.37904545895874125,-0.07836649157185079,-0.6492840793125246,-0.34435361354264615,-0.33499735750613174
middle,48,55,0.0034356380492230804,0.01644386537373066,-0.01300822732450758,0.01300822732450758,-0.1958429870852898,-0.18107232418686,-0.3849465175321643,-0.07846140088451764,1.0494836382413186,0.520871012081314,1.9993818614449714
middle,48,56,0.003941449001319258,0.006671735551208258,-0.002730286549889,0.002730286549889,-0.24273848411248447,-0.15110670063595388,-0.12209401980368957,-0.08148245454399441,-0.8157236501957709,0.8264486725023515,-0.25788306685998874
middle,48,57,0.0034749338018953183,0.0030794215854257345,0.0003955122164695838,0.0003955122164695838,-0.14551385011496293,-0.6377464335450355,0.08631739167419705,-0.05503838219363834,0.21675466388481213,0.39383635969037145,0.1584994344302044
middle,48,58,0.004579521836272141,0.009534748271107674,-0.004955226434835532,0.004955226434835532,-0.021232415637780222,-0.018224351287123238,0.14870314344872623,-0.08176852551672174,-0.8411474795209414,1.0952759892932071,0.2416206711920156
middle,48,59,0.002667209995836789,0.01555091142654419,-0.012883701430707401,0.012883701430707401,-0.4354356481083603,0.43549026926390677,-0.39944120422090956,-0.07689122054767171,1.3641169601085152,-0.5220285032192721,0.808599973264437
middle,48,60,0.0026200707769261835,0.007747985888272524,-0.00512791511134634,0.00512791511134634,-0.45825786121834233,0.16141633214692636,0.6116694306894598,-0.08115450353863339,-0.271470004242654,-0.46733704695073414,-0.20873465010762018
middle,48,61,0.006144864285707781,0.004551019985228777,0.0015938443004790042,0.0015938443004790042,-0.2921905609681534,0.5848943420179434,0.5405752998227217,-0.06138671287011189,0.445272346098033,0.39933444259567424,1.7492620644595331
middle,48,62,0.0028896568854709704,0.010419770143926144,-0.007530113258455174,0.007530113258455174,-0.46967728472269654,0.16310687465824364,0.07746277103529496,-0.07313939240742887,-0.24934043302984185,0.20487593141865026,-0.06250993075193552
middle,48,63,0.0036217841531411324,0.005307985935360193,-0.0016862017822190608,0.0016862017822190608,-0.1989489896292682,-1.0049881662464637,-0.5024448882704777,-0.06179398185910143,0.7767304898593641,0.5440208348404836,1.4992256962414505
middle,49,50,0.0017451979507004487,0.003779569873586297,-0.0020343719228858486,0.0020343719228858486,-0.10551386019611367,-0.41926204771612613,-0.26129190960750387,-0.08116212360193402,-1.1854005660960771,-0.058742675251392575,-0.45226501926557594
middle,49,51,0.0016890112826161458,0.00455213850364089,-0.0028631272210247445,0.0028631272210247445,-0.21546947540967906,-0.14347769593325604,-0.4312146945394337,-0.06372809600735223,1.4664031051105089,-0.007523692396729888,0.9767820548821087
middle,49,52,0.002895793078880815,0.0030425710137933493,-0.0001467779349125344,0.0001467779349125344,-0.23765052733239395,0.31065395798926104,-0.5078633835819797,-0.04395646956758812,1.9832293921746034,0.18722419156478357,1.6989026839395742
middle,49,53,0.001983672045708254,0.003608410246670246,-0.001624738200961992,0.001624738200961992,-0.2782574025259835,-0.05687125240651483,-0.5736522081679561,-0.07632093070888027,-1.1951743562539463,0.03906532590609856,-0.40379232679036825
middle,49,54,0.0014429571104144579,0.003590114414691925,-0.002147157304277467,0.002147157304277467,-0.16892883488864488,-0.25602730772287685,-0.48168381248215203,-0.08743053513230127,-0.9218804684097763,-0.5472039354698689,-0.4159412315581514
middle,49,55,0.002186790337984846,0.004169446416199207,-0.0019826560782143614,0.0019826560782143614,-0.12056148985294374,-0.42465765479137774,0.4447355685482671,-0.07094766726765374,3.357670601512655,0.1446863922448095,3.8513818917524127
middle,49,56,0.0026054603615799747,0.004525791388005018,-0.0019203310264250435,0.0019203310264250435,-0.16760618791113768,-0.2843771559823285,-0.23316500818212474,-0.08173696191267914,-1.26979177577248,0.6253345872820665,-0.30666693555210817
middle,49,57,0.0021072957639922283,0.0027843480929732323,-0.0006770523289810039,0.0006770523289810039,-0.07141587997986794,-0.7540697023044661,-0.15757213399217496,-0.01867425495777723,3.900577291977463,-0.25985676047167766,5.07427014113273
middle,49,58,0.0032086937230324016,0.004927199799567461,-0.0017185060765350594,0.0017185060765350594,0.05015473306246961,0.09692534166298417,-0.04403783505621344,-0.07273029075946806,-0.7436861753407426,0.9048686970990382,0.1655019868987506
middle,49,59,0.001326429405219199,0.006227583158761263,-0.004901153753542064,0.004901153753542064,-0.3554875861969892,-0.19782807392304086,0.914381466419082,-0.08297434190497602,-0.033457831632865975,-0.640671344860016,-0.33688922028721746
middle,49,60,0.001271840491910784,0.004227332305163145,-0.002955491813252361,0.002955491813252361,-0.3784141392171634,-0.4006830630322457,0.2282347685584996,-0.0889072347038526,-0.6697357389989493,-0.660927439774289,-0.4077437592089239
middle,49,61,0.004699326656925493,0.00895280297845602,-0.004253476321530527,0.004253476321530527,-0.21096219291239657,-0.4895265509382031,0.2039646245577382,-0.07015412822105829,-0.5560057213802666,0.4219055197858644,-0.0013487372576703848
middle,49,62,0.0015939268305666886,0.004876303486526012,-0.003282376655959324,0.003282376655959324,-0.39158768295083346,-0.09494841462619821,0.3159884087629379,-0.06534074667148176,0.736279877421935,-0.05411271069955858,0.44554614767449563
middle,49,63,0.0023258625619151916,0.002819861751049757,-0.0004939991891345654,0.0004939991891345654,-0.1272720078451515,-0.633119172403687,0.09835736718669957,-0.046975867885284975,3.3235853323909317,0.13079649858930775,3.6208679935814216
middle,50,51,0.0015309943531586975,0.002389444736763835,-0.0008584503836051374,0.0008584503836051374,-0.04961085497987424,-0.27300249678295274,0.2549828186357773,-0.07861830715117259,-1.6324025133597784,0.28040222817044097,-0.44897063259580683
middle,50,52,0.0028555886608046736,0.0029133723583072424,-5.778369750256878e-05,5.778369750256878e-05,-0.0686612055392899,-0.26140142186499166,1.4172010872637706,-0.08009649761710863,-1.1227464066539912,0.5784561961947481,-0.44633908382204046
middle,50,53,0.0018186809956745314,0.005077978130429983,-0.003259297134755452,0.003259297134755452,-0.10936788412523712,-0.45545420923107915,-0.5038623370433517,-0.06519094224433596,-0.16071707853317102,0.16262750488316588,-0.3395300964922523
middle,50,54,0.0012764438736074558,0.0009563086205162108,0.00032013525309124505,0.00032013525309124505,-0.0029386554416413525,-0.5559027006813004,-0.2550183182006929,-0.05809147992954719,-0.0579989558314757,-0.41727555523403015,-0.39963580604229487
middle,50,55,0.0020933448868481483,0.0023486092686653137,-0.0002552643818171654,0.0002552643818171654,0.04021522248721647,-0.05280993366725893,0.4950900396438419,-0.04303026523036844,-1.5559345869616654,0.7868046010272737,-0.452992238766593
middle,50,56,0.0024144777944455765,0.008364681154489517,-0.00595020336004394,0.00595020336004394,-0.0030520683875022965,-0.3625080198809984,-0.02615777761234647,-0.06653570667169775,-0.23682117570608974,0.6817622802575418,0.19109852458343976
middle,50,57,0.002023088310271335,0.0027362729888409376,-0.0007131846785696028,0.0007131846785696028,0.0911073917265508,-0.8094107944046178,0.45139987210611404,-0.06954939423185118,-1.583079743551552,0.3973088331042467,-0.46039858106335896
middle,50,58,0.0030641079987856123,0.00310332840308547,-3.922040429985788e-05,3.922040429985788e-05,0.21159881758182933,-0.21851576198785744,0.10264248834195937,-0.06215746150970007,0.5438606578995678,0.9008174781161835,0.9992042076710376
middle,50,59,0.0011600296470222805,0.005263884086161852,-0.004103854439139572,0.004103854439139572,-0.18635208771810885,-0.35529083387092825,0.1466562824437366,-0.08558462484692951,0.23438966499247507,-0.5098748462707082,-0.3378678038385521
middle,50,60,0.001113553024097482,0.004129951354116201,-0.0030163983300187194,0.0030163983300187194,-0.20915817098690181,-0.4834211485546879,0.4395755926789467,-0.08689223445881168,1.3578126034498263,-0.544020834840483,-0.22385762162824396
middle,50,61,0.004576550444039851,0.0025377366691827774,0.002038813774857074,0.002038813774857074,-0.04699076390171785,-0.31224175723332115,-0.0026738478818391907,-0.07438037022273739,0.1996447260328735,0.5544382550821098,-0.032424152260434186
middle,50,62,0.001441452584891434,0.013013091869652271,-0.011571639284760838,0.011571639284760838,-0.22098789732650403,-0.35923954373427397,0.11614585987647488,-0.083100971547203,-0.20924608765007016,0.119221587209723,0.011343294241899272
middle,50,63,0.002165046449022916,0.0024864324368536472,-0.00032138598783073126,0.00032138598783073126,0.03662028413219312,-0.7269654091588981,-0.31552778216689464,-0.05757591932786214,-1.5634074319547964,0.743398683353831,-0.46039858106335896
middle,51,52,0.002791441402521478,0.0030775500927120447,-0.0002861086901905668,0.0002861086901905668,-0.1751741077740542,-0.46345275144646336,-0.07375396462065287,-0.008971078444988177,2.4136323816951575,0.29776459523981774,3.3850577911617328
middle,51,53,0.0017726529057645807,0.0036810862366110086,-0.001908433330846428,0.001908433330846428,-0.21864806223900846,-0.306213306597299,-0.380359220539932,-0.04893898655011352,-0.8391240214214631,0.35766476162916877,-0.25076451900256236
middle,51,54,0.0012176979866629007,0.005029132589697838,-0.003811434603034937,0.003811434603034937,-0.11138764267663626,-0.29661005266587814,-0.8713052044592278,-0.014079891027031697,-0.1392383430452416,-0.2532011864284163,0.05559504234420124
middle,51,55,0.002081058755735009,0.0032725899945944548,-0.0011915312388594457,0.0011915312388594457,-0.06351578619996315,-0.4425071481840053,-0.5787404039343723,-0.058683268619803705,1.0046357143479512,0.8278955364247993,0.5990486887235698
middle,51,56,0.002398416356771877,0.0068307360634207726,-0.004432319706648896,0.004432319706648896,-0.11131354621867377,-0.13463402339947964,-0.3088592960643669,-0.06655082324825601,-0.7155251972339793,0.9094986616508721,0.017540984908859716
middle,51,57,0.001987244269062032,0.00294931186363101,-0.0009620675945689779,0.0009620675945689779,-0.012357474581008472,-1.1604744572036811,0.7973367195515889,-0.031023713234309958,0.7850323263478756,0.5309990595384508,0.06594595224190421
middle,51,58,0.0030762463506381708,0.004480372648686171,-0.0014041262980479998,0.0014041262980479998,0.10546345444239769,0.13639961500519263,-0.6083853781743659,-0.05697367235526147,-0.7531863040004584,1.1803515879331552,0.4673550379566472
middle,51,59,0.001088490940489375,0.003083877032622695,-0.00199538609213332,0.00199538609213332,-0.3002222137652569,0.37336279673867995,0.4770055841917652,-0.05976673385806104,0.862620432174872,-0.3863126672936409,0.6172715709068316
middle,51,60,0.0010359001214168774,0.007630899082869291,-0.006594998961452414,0.006594998961452414,-0.32178075462957945,-0.02185996901300408,-0.022487237251263222,-0.06930983756235216,-0.7671758691100452,-0.33277870216306144,-0.2912563946891886
middle,51,61,0.004318942793752363,0.004239640664309263,7.930212944310018e-05,7.930212944310018e-05,-0.1548570606237561,-0.2513269794174423,-0.3885647137153597,-0.010816989302350888,0.2394016764113258,0.41611806409607216,2.567504558654646
middle,51,62,0.0013750033964773259,0.0032572168856859207,-0.0018822134892085948,0.0018822134892085948,-0.336429170716979,0.5405088277510269,0.5579782608161798,-0.03849794630084994,0.9508061595878579,0.214135860522318,0.9119064850300261
middle,51,63,0.002151364987385868,0.003179958090186119,-0.001028593102800251,0.001028593102800251,-0.07581025358882666,0.25484350515315535,-0.39808168629510876,0.046700323833814575,0.7663041291264128,0.8328148737611232,0.28587631890645715
middle,52,53,0.0031313074052192772,0.0028633319307118654,0.0002679754745074118,0.0002679754745074118,-0.23841064609843085,-0.24566070232193354,0.3475050804250843,-0.07740493819454858,-1.4510654724291518,0.6759748245677496,-0.4082380759578208
middle,52,54,0.0026093492633222303,0.0042381747625768185,-0.0016288254992545882,0.0016288254992545882,-0.1320408962042199,-0.05359128987257307,-0.1384843797879344,-0.06731209514195283,-0.7376657113480505,0.07118570498444637,-0.2554154541477937
middle,52,55,0.003251458040459431,0.0031771943904459476,7.426365001348334e-05,7.426365001348334e-05,-0.08142394238017481,-0.6193408281246516,0.014629851434017117,-0.0622525081001925,4.08476642663624,0.3481154597410113,6.788567598660079
middle,52,56,0.0037012151522616407,0.004110730718821287,-0.00040951556655964647,0.00040951556655964647,-0.1306849814292602,-0.09143682169481168,-0.19134853388662557,-0.07870797359488481,-1.5729080054478968,1.2709252694784057,-0.3773419853665375
middle,52,57,0.0031987649844173924,0.0028280382975935936,0.00037072668682379883,0.00037072668682379883,-0.03448812075000737,-0.6378353121087037,-0.779473947645075,-0.021343787009243786,2.953207981843369,0.3825508210952764,3.472292453397751
middle,52,58,0.004347979494542038,0.006289751268923283,-0.001941771774381245,0.001941771774381245,0.08521445505961614,0.4039723978944078,0.4616190956732712,-0.053617405693451387,-0.43442466142493913,1.4199522534905595,0.7052469517069277
middle,52,59,0.0024459729832236408,0.006801537703722715,-0.004355564720499075,0.004355564720499075,-0.31597854831933353,-0.26230225763795645,0.4523974003350149,-0.07135634564231906,1.0744030265084499,-0.06221514866526783,0.18609658148299965
middle,52,60,0.0023916930956012616,0.0038265236653387547,-0.001434830569737493,0.001434830569737493,-0.34209628960726607,0.08693817461769687,0.2978584139032159,-0.0823129121738113,-0.7805360839472215,-0.027490414526513577,-0.38043507285460154
middle,52,61,0.005879798081804471,0.00636469479650259,-0.00048489671469811955,0.00048489671469811955,-0.17772615108469403,0.34235300421480824,1.2113172864597692,-0.04877843555718987,-1.0823337385042613,1.018013455834479,0.15299298704743328
middle,52,62,0.002635122792869037,0.004262519534677267,-0.00162739674180823,0.00162739674180823,-0.3525096142674494,-0.05806569573985489,-0.8343939179066617,-0.056077859040657714,0.793985710294685,0.4968530709686757,0.862940043134841
middle,52,63,0.0032388953029109154,0.0033977727871388197,-0.00015887748422790428,0.00015887748422790428,-0.09150307689322121,-0.2819367919790699,-0.5166054920334716,0.009269932271239201,3.9786220637570016,0.4080156261303624,5.819715092465051
middle,53,54,0.0015633785792605601,0.0018568587256595492,-0.0002934801463989891,0.0002934801463989891,-0.16963401138313136,-0.8105910427126506,-0.19346757415853472,-0.046413678582183635,0.47328036824553105,-0.36895030022426384,0.21929430127363064
middle,53,55,0.002343767816407234,0.003140723332762718,-0.0007969555163554842,0.0007969555163554842,-0.12314579284596178,-0.6735869037286689,-0.041293300433772405,-0.03923920995147091,-1.759722724675431,0.8898213123055779,-0.45148497228162643
middle,53,56,0.002648719845879855,0.003215604927390814,-0.0005668850815109586,0.0005668850815109586,-0.1747718698594007,0.20786192643784662,-0.364641842407808,-0.05286096369125064,2.163877831026002,0.4022281704405702,3.1333198435029943
middle,53,57,0.0022841492698731447,0.0025689727626740932,-0.0002848234928009485,0.0002848234928009485,-0.07447802951811343,-0.9173374128094904,-0.08035457982438154,-0.05552327721705633,-1.713594392368078,0.49945742602908216,-0.45209785740934033
middle,53,58,0.0033427611922624036,0.0032653859816491604,7.737521061324318e-05,7.737521061324318e-05,0.0480245859104325,-0.2021830706913053,-0.16197315155149541,-0.06105196546840361,0.6544056684851288,0.9106561527888304,1.5655785535542712
middle,53,59,0.0013974263398666032,0.011516663245856762,-0.010119236905990158,0.010119236905990158,-0.36014205349512235,-0.13161740214793854,-0.051658700466533355,-0.07276865533578546,-0.5435899767850909,-0.40975186283730003,-0.3092689669463155
middle,53,60,0.0013368367812501686,0.008149329572916031,-0.006812492791665862,0.006812492791665862,-0.3847501424592614,-0.05446975185448558,-0.04050049344915881,-0.0745256959608242,0.361109825264609,-0.4580771178470664,-0.029799808410355993
middle,53,61,0.0048487328233040245,0.004273555241525173,0.0005751775817788513,0.0005751775817788513,-0.21895150487637863,0.13949678190452175,0.8525799085357311,-0.016880161903637097,-0.2611488910884788,0.6499312739636842,0.004119617623158805
middle,53,62,0.0016986180060958287,0.012030359357595444,-0.010331741351499614,0.010331741351499614,-0.3921295448032802,-0.7242943132332685,0.666997242444821,-0.06304529211874733,-0.4124254708771281,0.17478116183173,0.39509496970731967
middle,53,63,0.0024460579980751453,0.002764784963801503,-0.0003187269657263579,0.0003187269657263579,-0.1315902687659991,-0.5950458595330941,0.5047864624808517,-0.057574084380927114,-1.7970842806407783,0.8455472762786664,-0.4531518616019517
middle,54,55,0.0018297386086079423,0.001927059842273593,-9.732123366565067e-05,9.732123366565067e-05,-0.017650078721185868,-0.5847531228769397,-0.55176864845902,-0.051642224883683356,-0.9015464226702172,0.2983433408087971,-0.4309306261652805
middle,54,56,0.0021317153328167283,0.0019107748521491885,0.00022094048066753982,0.00022094048066753982,-0.0664821648061483,-0.06547138534382972,0.14645834915707712,-0.058062059003565245,0.9212795874739745,0.19590537509947195,0.34357463838062063
middle,54,57,0.0017608609686889356,0.0012183182407170534,0.0005425427279718822,0.0005425427279718822,0.02749180213423002,-0.3722813850930495,0.5607892779408454,-0.05242542691001388,-0.7052561295857922,-0.0989654922954494,-0.36059165085004324
middle,54,58,0.0027781721795051523,0.0025410964153707027,0.0002370757641344495,0.0002370757641344495,0.1478723353313334,0.386783195595196,-0.33560172313551767,-0.057194890995229,0.1596475989892874,0.5923460898502496,-0.042980457910794766
middle,54,59,0.0008383750120777374,0.004253402352333069,-0.0034150273402553315,0.0034150273402553315,-0.25040671142529575,-0.19582059873374738,-0.3579840296039471,-0.07463580307276278,0.6642567706852264,-0.9974679881357158,-0.23660562825353806
middle,54,60,0.0007720738356987499,0.0056078447960317135,-0.004835770960332964,0.004835770960332964,-0.2757164484811612,0.05395941801259481,-0.12544033322767345,-0.07484715715698172,1.2732133896828248,-1.0347970773348767,0.012795949847855112
middle,54,61,0.004227873865393169,0.0024935079272836447,0.001734365938109524,0.001734365938109524,-0.11120819819340738,0.052587111848968596,-0.9065545803120558,-0.045102510614664665,2.284888703549059,-0.12471967011502558,2.012308791321612
middle,54,62,0.0011193954570799193,0.008933305740356445,-0.007813910283276526,0.007813910283276526,-0.28618219512520915,-0.06299356726200653,1.0478467101539664,-0.0746228852293773,0.9436096450931872,-0.4190117919409678,0.7968577283940722
middle,54,63,0.0019230990794049689,0.0018690815195441246,5.401755986084427e-05,5.401755986084427e-05,-0.027556321498986465,-0.26155007544680176,-0.1939238186278895,-0.028098473777166882,-0.8879246458029467,0.2482818490920929,-0.3861559155492919
middle,55,56,0.0029667837418641467,0.0055020819418132305,-0.002535298199949084,0.002535298199949084,-0.018663234370876965,-0.24846137244692473,0.29855743686858816,-0.05348934836183854,-1.2329137536960997,1.4182160167836217,-0.06964937049076303
middle,55,57,0.0024749035320706385,0.0027222544886171818,-0.0002473509565465433,0.0002473509565465433,0.07010381821064111,0.17704930514976755,-0.11385160395685735,-0.04029042862850346,5.356645071507161,0.032120379078347805,9.171791671815454
middle,55,58,0.003617052313448499,0.0079927584156394,-0.004375706102190902,0.004375706102190902,0.1971868044793577,-0.2294061607396395,-0.4006010707192898,-0.05480989698077099,-0.1810424945050705,1.5275989293206977,1.1683526944602232
middle,55,59,0.0017057092934077455,0.004444895312190056,-0.00273918601878231,0.00273918601878231,-0.20147230166028993,-0.37536551529523005,0.2643271093915665,-0.08095646883543972,-0.01854239031675123,0.20169283078926445,-0.3584023141707818
middle,55,60,0.0016517089566507612,0.003071088343858719,-0.0014193793872079577,0.0014193793872079577,-0.22431770141698135,-0.502953098182969,0.15026935891456336,-0.08290446749176436,-0.9805978523989116,0.18172610865948075,-0.402919127920626
middle,55,61,0.005238418275179428,0.003421894973143935,0.0018165233020354925,0.0018165233020354925,-0.06179745405578556,-0.3405453076007371,-0.41112015323663575,-0.06392724952482425,-1.4861318660637595,1.3180930333502139,-0.398638853767851
middle,55,62,0.001978300829544638,0.009880607947707176,-0.007902307118162538,0.007902307118162538,-0.23706430841667714,-0.23513068016051733,-3.011602660962694,-0.07795753063366118,0.6622713903234626,0.7101208131375247,0.7158520284918903
middle,55,63,0.0025442782556477825,0.00287928176112473,-0.0003350035054769476,0.0003350035054769476,0.022631175303398532,-0.863261536571895,-0.3897381170803419,-0.029922049532310466,5.747111631499446,0.10243796570932513,11.203841361739128
middle,56,57,0.002884274570587157,0.006004419643431902,-0.003120145072844745,0.003120145072844745,0.02742425842425061,-0.19018962642348952,0.05837945970009298,-0.05510573069485963,-0.8795942510111494,1.0044129349634672,0.12335909492443761
middle,56,58,0.004025660022314183,0.005710824392735958,-0.0016851643704217751,0.0016851643704217751,0.15035985927721676,0.16140914434633635,0.15470995445373714,-0.060615039893164906,0.5881810761239089,1.4381827389134054,1.628914627540058
middle,56,59,0.0020167333735457644,0.005815538112074137,-0.0037988047385283724,0.0037988047385283724,-0.25168802568475585,0.2082972111853417,0.08858015702400804,-0.08073643879264518,-0.9639524540504212,0.19648412066845133,-0.38430398729859266
middle,56,60,0.0019507041417075107,0.017986200749874115,-0.016035496608166604,0.016035496608166604,-0.27319263239260233,-0.17375768005702533,-0.2667792520341463,-0.08102990675220662,-0.296375558191527,0.1591550314692904,-0.2836300946751561
middle,56,61,0.005484081041949469,0.011521968059241772,-0.006037887017292303,0.006037887017292303,-0.11006852410188918,0.0467428662202238,-0.43034146251386957,-0.058954010235343156,-0.24924256968524874,1.1615423569413297,0.4357526304070398
middle,56,62,0.002312092713934727,0.025660939514636993,-0.023348846800702268,0.023348846800702268,-0.2842803860375054,-0.19296746471131243,-0.21574609798301642,-0.07328775084147875,-0.16260864353414073,0.7069377125081389,0.682941841576189
middle,56,63,0.002993201861589211,0.006403329316526651,-0.0034101274549374404,0.0034101274549374404,-0.0228181806496848,-0.8462352841784608,0.6959142109409485,-0.061103433213171,-1.012620873950027,1.3354554004195907,0.14311433939536095
middle,57,58,0.003543668136781277,0.0044675348326563835,-0.0009238666958751064,0.0009238666958751064,0.24164316708423633,-0.12545668188733358,0.9266320530144654,-0.04284211681857907,-0.024632404009112034,1.2043695290457934,0.9660216715596094
middle,57,59,0.001678280954388661,0.008643140085041523,-0.006964859130652862,0.006964859130652862,-0.1526790280056888,-0.564989208125206,-0.24584743817706514,-0.07459341740013828,-0.2925474555344132,-0.18577732764233515,-0.36713559133561124
middle,57,60,0.001586439591606441,0.0031679391395300627,-0.0015814995479236217,0.0015814995479236217,-0.17636217138913973,-0.5442967986619627,0.4672011441012553,-0.08207345388675394,-0.8211443898194609,-0.21037401432395283,-0.3746339074237201
middle,57,61,0.004993255274328636,0.0027387230657041073,0.0022545322086245283,0.0022545322086245283,-0.012337312279522082,-0.7746783575949644,-0.2452234406915902,-0.05630310907276928,-1.4374487666624647,0.9294653837806558,-0.40239888825177056
middle,57,62,0.001913620504629181,0.003755261655896902,-0.001841641151267721,0.001841641151267721,-0.18492510083040958,-0.9436595789990683,0.49712060434403776,-0.06262784626695604,1.2407366380795048,0.29602835853288006,1.123487114537797
middle,57,63,0.002508738196379603,0.0030702315270900726,-0.0005614933307104696,0.0005614933307104696,0.06836179536221701,-0.7780095354102547,-0.70976130607993,0.011999372365781524,5.5502041765773455,-0.014758012008970329,9.435044622820783
middle,58,59,0.0026884967072509395,0.0026397304609417915,4.876624630914799e-05,4.876624630914799e-05,-0.03211148946229914,0.662500743113759,0.7988146677051988,-0.0718880295246165,0.3614422714945257,0.5009042899515304,-0.002062290830435456
middle,58,60,0.002651983452992908,0.003414058592170477,-0.0007620751391775689,0.0007620751391775689,-0.05363978687439214,0.41858096837590597,0.28487416384792513,-0.08257298272637698,-0.007606072591792856,0.5058236272878538,-0.22031990700600712
middle,58,61,0.00653378876105669,0.006529477424919605,4.311336137085078e-06,4.311336137085078e-06,0.1033605263973672,0.8340374632571042,0.4882684654640127,-0.062025846394441385,-0.1317811117039072,1.41966288070607,0.8879181425379485
middle,58,62,0.0029495988531028547,0.009441176429390907,-0.006491577576288052,0.006491577576288052,-0.06080950128295245,-0.17534079313697526,0.6257177131695724,-0.06281314387590121,-0.29687492814898264,1.0973015987846346,0.3539204404167346
middle,58,63,0.003665972396878849,0.007473762612789869,-0.00380779021591102,0.00380779021591102,0.19308629641456312,-0.7869565215667886,0.16843708345119882,-0.059484513528340756,-0.10510834592670545,1.484193011647255,1.183495980261147
middle,59,60,0.0006541306172015078,0.005667226854711771,-0.005013096237510263,0.005013096237510263,-0.46791812391800897,0.6135062983587142,0.0488705745303907,-0.07011573390121204,1.9380569178438947,-1.2283874701584316,2.919103569327398
middle,59,61,0.004366974290652704,0.003027629805728793,0.001339344484923911,0.001339344484923911,-0.29985929233850184,0.7201345013661974,-0.14893395570176682,-0.05528047392698275,1.571244284106475,-0.09578239166606359,0.8541491013207962
middle,59,62,0.0010222405955041542,0.003960747271776199,-0.002938506676272045,0.002938506676272045,-0.47634294159409707,0.09684521882699551,-0.8316868222656013,-0.062109919910743785,0.7025586154587597,-0.4479490703899298,0.11886747783617746
middle,59,63,0.0017808013764913748,0.014882059767842293,-0.013101258391350918,0.013101258391350918,-0.20863092680303272,-0.5263015937529627,0.04244166927301967,-0.07858311712457135,-0.2487683772973566,0.15655067640888395,-0.3512923620624073
middle,60,61,0.003969665159232492,0.004554130602627993,-0.000584465443395501,0.000584465443395501,-0.31894291069537006,-0.09101908363699222,0.10010464692081537,-0.06740453345375955,0.9078466423784303,-0.09202054546769864,0.5724571450661228
middle,60,62,0.0009738853723836642,0.004574514925479889,-0.003600629553096225,0.003600629553096225,-0.501253465080532,0.15966116989893223,0.6610955157055464,-0.06080521315288133,2.265946274569614,-0.5393908702886493,0.9981440932497303
middle,60,63,0.0017444224950573736,0.004374571610242128,-0.002630149115184755,0.002630149115184755,-0.23204943997947478,-0.5719415730115776,-0.4341005809493819,-0.08009898806566072,-1.0544812078663202,0.13658395427910025,-0.39673528231956934
middle,61,62,0.004614265755447279,0.008981037884950638,-0.004366772129503359,0.004366772129503359,-0.33210536516322264,0.23402996010938035,-1.1596415043766295,-0.05187628357626856,-0.18493683285313847,0.553280763944151,0.6820858669012742
middle,61,63,0.005227749758751073,0.0031813031528145075,0.002046446605936565,0.002046446605936565,-0.06826501631508233,-0.5796249090304999,0.3358476515562637,-0.06183438272316467,-1.7664462923156863,1.28307892642697,-0.44947099085548764
middle,62,63,0.0020713985677994467,0.016608312726020813,-0.014536914158221366,0.014536914158221366,-0.2414783402695851,-0.8469836258291042,-0.15436058181070847,-0.0888735962026757,0.8871177625267764,0.6374882442306303,0.9400436986318911
last,32,33,0.0008328439515522677,0.003094327636063099,-0.002261483684510831,0.002261483684510831,1.2847957848692513,0.97360087325435,0.1280385959322462,1.505727217154713,1.9841567808146385,-1.5365694856398757,1.8828757763377038
last,32,34,0.0019278908586031114,0.0023850146681070328,-0.0004571238095039214,0.0004571238095039214,0.9000204395331318,-0.08327725865248453,1.1451868468966242,1.4418809478191885,1.0567386038427142,-1.04752947985242,0.2157641726034357
last,32,35,0.002825299583964564,0.0026891157031059265,0.00013618388085863756,0.00013618388085863756,0.9286589725644003,0.5291728205969808,0.28642909859159404,1.3235095368964587,-0.2683298364146914,-1.0434782608695652,-0.3423479919817343
last,32,36,0.0030702955277056372,0.0048570516519248486,-0.0017867561242192113,0.0017867561242192113,1.207472350553871,-0.7735875538018105,5.107084628472323,0.9673728588834746,-0.6620367407131315,-0.2806916009549302,-0.10225697302954932
last,32,37,0.0015852280937174493,0.0028484887443482876,-0.0012632606506308383,0.0012632606506308383,1.2295893871693666,0.8637769177296413,0.02668329439329278,1.584022874512555,2.0909780021717546,-1.1381031613976706,1.6693003458319726
last,32,38,0.0030651446498397017,0.0021081494633108377,0.000956995186528864,0.000956995186528864,1.0216565800553001,0.03167138728700228,-0.3693866529914232,1.3800272935772784,0.7551100304551285,-0.8018519858207337,-0.07111836759082762
last,32,39,0.0008477581162034716,0.002161134500056505,-0.0013133763838530336,0.0013133763838530336,0.927294992868846,0.06313859170920498,-0.9087657406966865,1.6093992845903398,0.6824374669770291,-1.348187802937134,-0.24686381991525047
last,32,40,0.00557089241224753,0.004370482172816992,0.0012004102394305386,0.0012004102394305386,0.97259161938817,-0.11744651234746546,-0.3031594074771178,1.2097146392112237,-0.7997645407929089,0.06366201258771625,-0.4299131631951163
last,32,41,0.004335033207652504,0.004354978911578655,-1.9945703926151255e-05,1.9945703926151255e-05,1.0967077229931643,-0.3807141902607469,0.45653877905741563,0.9843182140264717,-0.9935288030200317,-0.1906966649786586,-0.36686401359916526
last,32,42,0.0013226288775651934,0.0022575557231903076,-0.0009349268456251142,0.0009349268456251142,0.9318022753661285,0.37283449339531416,0.8683469565553097,1.5563343397780849,0.22571435890526437,-1.035954568472835,-0.18545240532383356
last,32,43,0.004100739154899064,0.0033568539656698704,0.0007438851892291936,0.0007438851892291936,1.0363770763705136,-0.3500977184132786,1.2548669829740668,1.049602862114537,-0.5401190308524035,-0.7567098314403529,-0.25379940676346313
last,32,44,0.0006950698647770924,0.0022469554096460342,-0.0015518855448689419,0.0015518855448689419,1.1403712030920905,0.7193513129764192,0.5145291536337084,1.539172341922639,1.014798822683947,-1.4190841351370904,0.05377731804771729
last,32,45,0.0038499570167691587,0.0038163347635418177,3.3622253227341085e-05,3.3622253227341085e-05,0.9669512155473523,0.08052426055787709,2.015639719037474,1.3772364902947094,0.13079269192351667,0.11661723214931656,-0.3367448661956137
last,32,46,0.002300971091441207,0.0026474527548998594,-0.0003464816634586522,0.0003464816634586522,1.0301549901318137,-0.6915496181934578,-0.9594814378710452,1.4544495930238703,0.2211348492554465,-0.5524126455906823,-0.3636964169514431
last,32,47,0.004305184616205537,0.0038608971517533064,0.0004442874644522308,0.0004442874644522308,0.909433209982053,-0.26433957629342514,0.8805670678458817,1.076947140669915,0.33840893229439606,-0.2621717427475944,-0.33831514231001364
last,32,48,0.004747730853811881,0.004893390461802483,-0.00014565960799060168,0.00014565960799060168,1.0373146233896307,-0.28849079768176167,0.062294937622335636,1.390884175815738,0.5107034001846181,0.47312450264052686,-0.09317806777560099
last,32,49,0.007438090928974874,0.006449844688177109,0.0009882462407977653,0.0009882462407977653,1.1222331966749342,-0.40900949579807433,-4.6445264170172855,1.0965468998480015,0.5860208984837003,1.0356651956883458,-0.13184982615672186
last,32,50,0.000822303630285955,0.002122598234564066,-0.001300294604278111,0.001300294604278111,1.1170918097959046,0.5768831859172101,0.3516587464571699,1.5536598016619128,0.7481728093402912,-1.4876654850611302,-0.22129825629696662
last,32,51,0.0011443134916159286,0.0022330416832119226,-0.001088728191595994,0.001088728191595994,0.9301701370608052,-0.43441234581562144,-0.6198313889547967,1.5661351711600522,0.5432958307095809,-1.2263618606670044,-0.23378221118621628
last,32,52,0.004912601485591952,0.0034939260222017765,0.0014186754633901755,0.0014186754633901755,0.8574860483174434,-1.1698897712902632,-3.1098908643062844,0.9527268890149506,0.4014502969560324,-0.8513347319684583,-0.31639678653383285
last,32,53,0.004016481764873915,0.002761788433417678,0.0012546933314562369,0.0012546933314562369,0.8879311235618923,0.5420284133581151,-0.266834944091743,1.494288862654588,-0.30744421384837833,-0.8634883889170224,-0.10580492220265143
last,32,54,0.0026941821106874647,0.003830036846920848,-0.0011358547362333832,0.0011358547362333832,0.8185118154867141,-0.27055293662305696,-2.188590466736322,0.9847589673650798,-0.060539888607159226,-0.39528322361281915,-0.28746171536643056
last,32,55,0.0063104235934391744,0.004226179327815771,0.0020842442656234033,0.0020842442656234033,0.8679522990190284,-1.0974665848091278,0.13284361086232538,1.2081885490800028,-0.11535514966399761,-0.18722419156478334,-0.3495541228126827
last,32,56,0.004997505091432091,0.0037261159159243107,0.0012713891755077806,0.0012713891755077806,0.8373655836066375,-0.36948001028172595,-0.4985828896487911,0.7534122988942774,1.4041265202451987,-0.16147001374520714,0.17171571147490436
last,32,57,0.002906813836686466,0.0025252096820622683,0.0003816041546241978,0.0003816041546241978,0.9453079930167869,0.2690138312045625,-0.1274504798207448,1.3002275105403058,-0.008044211233870112,-0.966215727410837,0.1610024496368048
last,32,58,0.0014642094543745514,0.0037606419064104557,-0.0022964324520359045,0.0022964324520359045,1.353503867759497,-1.6911470969561277,-2.930748553405746,0.9662796148881097,0.1790049073852167,-0.7509223757505606,-0.359815062101231
last,32,59,0.007348741211657126,0.005976077169179916,0.0013726640424772093,0.0013726640424772093,0.9567228800033066,-0.44675133302650705,1.729252936170229,1.175818950316089,0.23617596434331248,0.8232655718729658,-0.3142695923949895
last,32,60,0.003780730613435197,0.0044874269515275955,-0.0007066963380923984,0.0007066963380923984,1.2582077578991486,-0.533135641804132,-0.15682669519381967,1.0048303765443813,-0.3447550588078909,-0.38660204007813054,-0.3975774145484921
last,32,61,0.0028171565976368965,0.002935202792286873,-0.00011804619464997638,0.00011804619464997638,0.9047958806401833,-0.3382801638540183,-0.13584220904169145,1.5371712339075496,2.0747246799683747,-0.5075598639947911,0.5038031880002486
last,32,62,0.0022433283626904998,0.0026065369602292776,-0.00036320859753877785,0.00036320859753877785,0.8620437365684418,-0.5471489989750074,-2.079934967330898,1.4021539897534916,0.36939733811813913,-0.5961079360486146,-0.3680972279774964
last,32,63,0.0013462522895862437,0.0021476128604263067,-0.000801360570840063,0.000801360570840063,0.8729999311961462,-0.3128903857679364,-0.49519468135817013,1.3624330353046994,0.19862410587586146,-0.9806843666353179,-0.2078394491520183
last,33,34,0.0018876708250669368,0.0022256714291870594,-0.0003380006041201226,0.0003380006041201226,0.9202633902254674,-0.08343546073409801,0.21521009880793224,1.3174305087063198,0.7075310075141978,-0.9954423786442885,0.14245878445475532
last,33,35,0.0027759054290919408,0.0022636500652879477,0.0005122553638039931,0.0005122553638039931,0.9485863832384739,0.5683828365645566,-0.11773145215200558,1.3895310191373067,-0.07277736622349085,-0.9945742602908196,-0.3209850790065874
last,33,36,0.0030029291333871127,0.00449731620028615,-0.0014943870668990373,0.0014943870668990373,1.221585961594344,-0.024877788231310153,0.4127583657423419,0.9625823386677819,-0.3534830011954286,-0.23120885480720535,-0.10402067556000474
last,33,37,0.0015107479676678007,0.0022915061563253403,-0.0007807581886575396,0.0007807581886575396,1.2510571976770004,0.5925239809383405,-0.16113723268387237,1.4365829755453738,0.8408838267739398,-1.0449251247920133,0.5565953815495313
last,33,38,0.0031175712925125883,0.00244534807279706,0.0006722232197155283,0.0006722232197155283,1.0462535797536217,-0.618561497892543,-0.02632378428590022,1.2413822540863375,0.11685145796115723,-0.7460030384142372,-0.1730196489338811
last,33,39,0.0007763140269202637,0.0023618664126843214,-0.0015855523857640577,0.0015855523857640577,0.9510270298334014,-0.4408809435348319,0.2599352292172023,1.4510601852070055,-0.03420748709411852,-1.294943210591044,-0.3506880150531043
last,33,40,0.005625607781745365,0.004529133439064026,0.001096474342681339,0.001096474342681339,0.9918980311764627,-0.00322813285419713,-0.13311431348444855,1.1339326669654137,-0.12059266241660618,0.08189249801056231,-0.1508265816289773
last,33,41,0.004400966144848147,0.004401460289955139,-4.941451069925828e-07,4.941451069925828e-07,1.115366924903744,-0.22056266437744615,-0.6226532355727439,0.9447414195982308,-0.7102361282921056,-0.1441076466758299,-0.3323956523537911
last,33,42,0.0012698862655514092,0.0025840483140200377,-0.0013141620484686284,0.0013141620484686284,0.9519434064359579,0.37261639297545057,-0.189045114549616,1.463412260914079,-0.12222004087051291,-0.9847355856181725,-0.21772716649420928
last,33,43,0.003982577468503508,0.0032783332280814648,0.0007042442404220431,0.0007042442404220431,1.0550745866539173,-0.17998904512244882,-0.24458705176668735,1.1700635317200778,-0.5116069902385818,-0.702886493525284,-0.3135825921717146
last,33,44,0.0005143184213187359,0.002322494052350521,-0.0018081756310317852,0.0018081756310317852,1.1597219719436533,0.7694560615167209,-0.3870628157208387,1.603292434760887,1.3185765196021364,-1.37394198075671,0.1835339718328238
last,33,45,0.003843762845537308,0.004622620530426502,-0.0007788576848891944,0.0007788576848891944,0.9885803244668773,-0.13636684709073815,-0.12158249979571047,1.272140540644921,-0.25805974564971995,0.1591550314692904,-0.2739441502155286
last,33,46,0.0022750155137621006,0.0033246318344026804,-0.0010496163206405798,0.0010496163206405798,1.0507971543935797,-0.7910326453254584,1.9330102687806474,1.3626229546004385,0.2806076465179552,-0.5020617810894884,-0.3672298433595644
last,33,47,0.005275052193898496,0.0039268783293664455,0.0013481738645320504,0.0013481738645320504,0.9235286749511883,0.6133522539264616,-3.15001830210397,0.9571404992327771,2.18117135161573,-0.2821384648773781,0.4141345917807054
last,33,48,0.004727624107435548,0.005690420977771282,-0.0009627968703357342,0.0009627968703357342,1.0524343332742745,0.3840757202376586,1.2264655261260702,1.2754829445343132,-0.37867907582772775,0.5538595095131305,-0.3183827820356073
last,33,49,0.007793613064219845,0.0069026644341647625,0.0008909486300550827,0.0008909486300550827,1.1419771304054815,-0.404159844458814,-2.236036837076756,0.9978784810281817,-0.2705778908900108,1.1042465456123856,-0.24364188006664622
last,33,50,0.0006836689670997034,0.002189030172303319,-0.0015053612052036156,0.0015053612052036156,1.135510072203722,0.764075781369198,-0.6368375114973337,1.4098233907046347,0.5069209151910862,-1.4332634015770815,-0.40513882506676296
last,33,51,0.0010976548586831651,0.0024495881516486406,-0.0013519332929654755,0.0013519332929654755,0.9497769671412453,-0.35410921582883703,2.1906336398129103,1.4521109645949963,0.09200682394429346,-1.174274759458873,-0.2924850494348341
last,33,52,0.004715702606560647,0.0034405903425067663,0.0012751122640538804,0.0012751122640538804,0.8773459152815376,-1.0935460271647597,0.8447560161588188,0.8657008012403327,1.6703261163064593,-0.8600159155031468,0.6723746843293301
last,33,53,0.0039645717354790415,0.002516349544748664,0.0014482221907303775,0.0014482221907303775,0.910243734501806,0.24991711347230164,2.1740324431313414,1.5309979050031042,0.016234705926237717,-0.8186356073211315,-0.03239760942734653
last,33,54,0.0029001993790474076,0.0037586961407214403,-0.0008584967616740327,0.0008584967616740327,0.8383565607246936,-0.17662071492242984,2.3412103853903403,0.7976467286030658,0.6320809043831919,-0.3608478622585546,-0.11261367558962061
last,33,55,0.006420269621064864,0.004568332806229591,0.0018519368148352724,0.0018519368148352724,0.8840448399503906,-0.4823429960833446,1.6172834729810086,0.9648994419336075,-0.8110577928256015,-0.1258771612529841,-0.46039858106335896
last,33,56,0.005124958670007228,0.004561374429613352,0.0005635842403938765,0.0005635842403938765,0.8600093603484651,-0.6898115401847337,1.5820980327904388,0.5883244019617367,-0.3438881230248112,-0.0515083556391519,-0.4225921279656404
last,33,57,0.002682983231760414,0.0026073346380144358,7.564859374597837e-05,7.564859374597837e-05,0.9639732436178124,0.4817061358104796,1.1432075487399438,1.4180785103781808,0.03869269762683669,-0.9155754901251537,0.12325585707026489
last,33,58,0.0012858574997101511,0.0037602230440825224,-0.002474365544372371,0.002474365544372371,1.3743365657703095,-1.8955522198249282,-3.758042423828377,1.0132125239658485,1.696155277811599,-0.7636547782681039,0.6055618256425694
last,33,59,0.007237127440271416,0.006318293046206236,0.0009188343940651801,0.0009188343940651801,0.971231672152913,0.35031884898437127,-0.6677932709433614,1.1154228571148785,0.21994116388998053,0.8655139984084501,-0.26616007280146237
last,33,60,0.0038772651849381893,0.0038831073325127363,-5.842147574547027e-06,5.842147574547027e-06,1.2778287015906291,-0.5573833699856844,0.006560173814755565,0.9148158054183833,0.7717220218164419,-0.3993344425956738,0.3299509202976878
last,33,61,0.0025373730409438376,0.0034347674809396267,-0.0008973944399957891,0.0008973944399957891,0.9253110224025852,-0.38346028242929725,-0.3965446618672516,1.390603323688346,-0.26114844625509426,-0.38573392172466175,-0.3910049974679434
last,33,62,0.0020409126009907504,0.002589579438790679,-0.0005486668377999286,0.0005486668377999286,0.8783782251176407,0.03380285203647347,-4.3313957839724,1.2362472580470316,0.4706578530271276,-0.5605150835563915,-0.17973718876485825
last,33,63,0.0012327489838093878,0.0032117748633027077,-0.00197902587949332,0.00197902587949332,0.8907115049368656,0.060094205816169165,1.252304974775047,1.1318419439857967,-0.44494683926891476,-0.9251247920133112,-0.31561132220003546
last,34,35,0.003771768615640405,0.003575642127543688,0.00019612648809671715,0.00019612648809671715,0.5437077111478121,-0.04036200194939142,1.409585176693726,1.1872685799016203,-0.49716800996062016,-0.5185560298053968,-0.38423525148063303
last,34,36,0.0040426026738654315,0.005154818762093782,-0.001112216088228351,0.001112216088228351,0.8269835105137582,-0.198253951107999,-0.6690285273757398,0.937687096520451,-0.839294481574409,0.24712435795413465,-0.21201458518019664
last,34,37,0.0025513510524796997,0.0026076824869960546,-5.633143451635493e-05,5.633143451635493e-05,0.8642051352877829,-0.43412448144885485,0.31586563979583315,1.4405393590855247,0.9893799754926831,-0.6007379006004485,0.6126281362372922
last,34,38,0.0041278234310187685,0.004139104392379522,-1.1280961360753822e-05,1.1280961360753822e-05,0.6380703064493406,-0.1251115969903798,4.102011019547418,1.3895141797240378,2.092165173508346,-0.5020617810894884,2.6356702410935084
last,34,39,0.0018906715531151546,0.002146713435649872,-0.0002560418825347172,0.0002560418825347172,0.5370435664490231,0.22386387320430837,0.14894331870116645,1.4948618419947786,0.6343151245402529,-0.8458366490631556,0.02660468991548325
last,34,40,0.006413278490458831,0.0059600151143968105,0.0004532633760620207,0.0004532633760620207,0.5825584498819372,0.3192371079859662,0.41727002983117556,1.1486325229563987,-0.25097319396770124,0.5011936627360198,0.19280678839840873
last,34,41,0.005253412675516433,0.005322896875441074,-6.948419992464094e-05,6.948419992464094e-05,0.7148241557477303,-0.30562901592482766,-0.8684178255229619,0.9362066192347375,-0.7303245370367358,0.29429212182594244,-0.07205943234775443
last,34,42,0.002289428005608924,0.0024787019938230515,-0.0001892739882141275,0.0001892739882141275,0.5466277164605785,-0.16291040810878335,-0.008783682251421109,1.4199829748040738,0.45293288853775965,-0.5564638645735369,0.30439450892538467
last,34,43,0.004883847712729889,0.004220081493258476,0.0006637662194714129,0.0006637662194714129,0.6505275844227066,-0.10749260649706528,-0.5907352478807233,0.9346875577281856,-0.8565186081561524,-0.22744700860884015,-0.361796056547913
last,34,44,0.0016075112197204316,0.0023798926267772913,-0.0007723814070568597,0.0007723814070568597,0.7696399088563162,-0.415649684639213,-1.422449078798439,1.383589927706294,0.33597131763268323,-0.9074730521594444,0.02192816749842032
last,34,45,0.004705115456841189,0.0053106616251170635,-0.0006055461682758743,0.0006055461682758743,0.578920162578718,0.19919259330269456,-0.026623684454112274,1.31405691529496,0.2870505826769636,0.5153729291760112,0.5434998921670936
last,34,46,0.003149086093247937,0.003517703153192997,-0.0003686170599450601,0.0003686170599450601,0.6434738032476931,-0.40640458753621106,1.0543042120420338,1.3226005014392894,0.1858351849939995,-0.11198726759748233,0.4305153037006151
last,34,47,0.007555360815691379,0.004796297289431095,0.0027590635262602836,0.0027590635262602836,0.5194922830051205,-0.30446001176808557,6.5131738182525885,1.089262096452956,0.49342807328031707,0.13860956377052758,0.6892831772970134
last,34,48,0.0057640597619165995,0.005703078582882881,6.098117903371829e-05,6.098117903371829e-05,0.6522141609420432,-0.14453902401841445,-0.2261177154291878,1.2767989080738718,-0.036210749757939746,0.921652318599436,0.3150872242216536
last,34,49,0.008324489225721605,0.00875844806432724,-0.0004339588386056345,0.0004339588386056345,0.7403264427827908,-0.1458135197191099,-0.8310074104018446,1.0165644457844794,-0.2748018062926653,1.5163133907256026,0.045552343602961023
last,34,50,0.0017056619006956659,0.002391885034739971,-0.0006862231340443053,0.0006862231340443053,0.7420724980915121,-0.1124642390404561,-0.5332507008864539,1.4312158884623158,-0.10249357080919257,-0.9627432539969616,-0.3527379334182559
last,34,51,0.002098515925811934,0.0022817796561867,-0.0001832637303747658,0.0001832637303747658,0.5341986657092934,0.5441296470639284,-0.7165215478410785,1.4377955597304284,0.22474872571499557,-0.7057802213701801,-0.266964923601445
last,34,52,0.005355796897190779,0.003819318488240242,0.0015364784089505366,0.0015364784089505366,0.4610367304207041,-0.7109298708758309,-1.5549026673692763,0.9223562018209172,0.4180177048913829,-0.374159010345077,0.18229659183110175
last,34,53,0.004693411544875824,0.0038005404639989138,0.0008928710808769101,0.0008928710808769101,0.4987004136548179,0.3060379806378093,-0.5727995591216097,1.3534217527605312,-0.33672483758396377,-0.33856615785285393,-0.2233511366801387
last,34,54,0.0035532278568594492,0.003918637987226248,-0.00036541013036679856,0.00036541013036679856,0.42545984539043163,-0.5219416113288968,0.5411418003350531,1.0136198181224392,0.4488086380549055,0.0008681183534690505,0.8469826344090909
last,34,55,0.007233787465090391,0.004291788674890995,0.002941998790199396,0.002941998790199396,0.47319106981423714,-0.8095612317237068,0.11969617214465332,1.1498717573433226,0.43235095939468005,0.22600014468639246,0.5360689068444809
last,34,56,0.007323700322404107,0.004850498400628567,0.00247320192177554,0.00247320192177554,0.4441129986105654,-0.46569784686702664,-12.373842329988388,0.8052169966604423,0.4266325372700732,0.2997902047312453,0.538581610018712
last,34,57,0.0035579938489052896,0.003911110106855631,-0.0003531162579503413,0.0003531162579503413,0.5597836181804481,-0.12170281779488372,1.8830504841213032,1.1691250638971078,-0.4812583215467778,-0.4198799102944366,-0.3183658954958894
last,34,58,0.0024978088682418025,0.003918235655874014,-0.0014204267876322114,0.0014204267876322114,0.9730291413304246,-0.29210175138601013,-4.354513142297312,1.072022490866792,0.7120142162966857,-0.30789264269695427,0.5038409337694949
last,34,59,0.007739497568472745,0.006949286907911301,0.0007902106605614445,0.0007902106605614445,0.566822781686884,-0.17651300361652952,1.2843569427365118,1.0651557442098616,-0.45037985629401733,1.3039137669102225,-0.09749521284476137
last,34,60,0.00471909499568496,0.004299983847886324,0.00041911114779863597,0.00041911114779863597,0.8817917027592865,-0.18850609554117914,0.6179619910644706,0.9722080401517506,0.13253707267838524,0.047746509440787184,0.39255590903456433
last,34,61,0.0034063321458321647,0.00340101751498878,5.3146308433846615e-06,5.3146308433846615e-06,0.5105618956192611,0.2137465505934353,-0.806415991433732,1.426292776170839,0.796701195690452,-0.027490414526513577,0.6697523349537468
last,34,62,0.0030358755738088116,0.003423580899834633,-0.00038770532602582126,0.00038770532602582126,0.46578344024813745,-0.024876096984112504,1.9054132489079458,1.3471681803911164,0.21647014011145088,-0.15047384793460153,0.39324029845360675
last,34,63,0.0023334317504093306,0.0033591578248888254,-0.0010257260744794949,0.0010257260744794949,0.4805240988648372,-0.25844684824501435,1.5098149138071693,1.3049346390528964,0.12628139191279672,-0.4884612602184763,0.10734399000751126
last,35,36,0.0050699254399784255,0.004944315180182457,0.00012561025979596855,0.00012561025979596855,0.8584669442847562,0.06350319641756495,-0.16053784452768133,0.9682657870757778,4.19851779625738,-0.3683715546552845,6.575649284914246
last,35,37,0.003453961719652099,0.003221188671886921,0.00023277304776517802,0.00023277304776517802,0.8873827089614625,0.9871782057570813,0.2050502812592087,1.2925174021379557,-0.3393466855522904,-0.5610938291253706,-0.23202715241994532
last,35,38,0.004940591728132019,0.004212513566017151,0.0007280781621148685,0.0007280781621148685,0.6725594353144223,-0.18981110416006555,0.9824040128340256,1.1146666210294163,-0.7771771470607548,-0.28155971930839896,-0.3924382844778277
last,35,39,0.0027803682680697926,0.002869133837521076,-8.876556945128363e-05,8.876556945128363e-05,0.5718920883380996,0.16522410474380128,-1.0585906001091678,1.3031300396691732,-0.6477579449369334,-0.8406279389423424,-0.44139611708591037
last,35,40,0.007476835483332484,0.006094212178140879,0.001382623305191605,0.001382623305191605,0.6188989820810066,0.014244141944721286,0.13063467191221403,1.0386904098122896,-0.3966492769619784,0.535339651305795,-0.22120930584416468
last,35,41,0.00646987787438252,0.004454833455383778,0.0020150444189987425,0.0020150444189987425,0.744823140071793,0.2397801301127559,0.501856355640004,0.9656468190233937,1.4379969348422015,-0.10099110178687672,3.5836088739786165
last,35,42,0.003237932085657389,0.0033257531467825174,-8.782106112512848e-05,8.782106112512848e-05,0.5823769891685596,-0.357352111861697,0.369336019903845,1.3195267960137997,-0.5303101878238349,-0.526079722202127,-0.38745900999369093
last,35,43,0.006061858683969057,0.003534203628078103,0.0025276550558909535,0.0025276550558909535,0.6798798629265933,0.5690792075981888,-0.05635904764984854,1.2164202400046529,2.8450168515953034,-0.7370324820950589,6.944173693644874
last,35,44,0.0025293339714856753,0.0023562030401080847,0.00017313093137759058,0.00017313093137759058,0.8003869145655238,-0.015213790338040411,-0.19314921482399006,1.4946949121588937,0.043732392973351804,-0.9326484844100412,0.0712293024059086
last,35,45,0.005609543848263417,0.006028480362147093,-0.000418936513883676,0.000418936513883676,0.6178888507765384,-0.4904927992199686,1.6849214335448015,1.1377172152753796,-0.6940551359970479,0.6264920784200247,-0.41508838815291993
last,35,46,0.004086995240807431,0.0042705354280769825,-0.0001835401872695517,0.0001835401872695517,0.6814394169465656,-0.9743919893653672,1.7876786077825582,1.2123811236949626,-0.42075537635220245,-0.043984663242422006,-0.4496410001954322
last,35,47,0.006094544952841101,0.005012356676161289,0.0010821882766798114,0.0010821882766798114,0.5497508569608204,0.3273340244133471,0.03394950691486141,0.8405363481252174,-0.30026282368878116,0.2317876003761847,-0.30140071037016614
last,35,48,0.006724323579102191,0.0061836764216423035,0.0005406471574598871,0.0005406471574598871,0.6853927402105096,-0.021300095721948815,-0.053699526285162995,1.1322487256385054,-0.7775460918698709,1.0203284381103963,-0.4280509765154963
last,35,49,0.009228081732007343,0.008408493362367153,0.0008195883696401896,0.0008195883696401896,0.7763070779003282,-0.49087375265123917,0.5977150732376156,0.8485319944047389,-1.2506730148394136,1.5869203501410694,-0.42621603339271613
last,35,50,0.0027738484890931143,0.002673049923032522,0.0001007985660605921,0.0001007985660605921,0.775101372271442,-0.026387508229745397,0.6245720777360813,1.298191698690914,-0.3090394308485847,-0.9809737394198076,-0.4439220319950466
last,35,51,0.0029404812573508745,0.003160931635648012,-0.0002204503782971376,0.0002204503782971376,0.5750852928360066,-0.40463712851171735,-0.27151010923218727,1.2728561424940168,-0.8093096865911377,-0.7222744700860884,-0.3623038819905713
last,35,52,0.006446961477116751,0.004403619095683098,0.002043342381433653,0.002043342381433653,0.49517654741253403,-0.607271409861629,-4.568299557564003,0.7478543407225563,-0.4786412332956654,-0.3440642407581565,-0.42182085841434125
last,35,53,0.005912727764807046,0.00364824291318655,0.002264484851620496,0.002264484851620496,0.5330226994750997,0.3472853152608537,0.4005172202436655,1.4803450963193847,4.409602980810717,-0.7923026839325762,6.6303968863566185
last,35,54,0.004593724473291389,0.0048562269657850266,-0.0002625024924936374,0.0002625024924936374,0.462121966298209,-0.7754960734128832,1.078031423562317,0.729036369609197,-0.27345400562092576,0.10128047457136663,-0.2834511444817659
last,35,55,0.008128450274685471,0.005210333038121462,0.0029181172365640093,0.0029181172365640093,0.5039950340251439,-0.2170125955723131,-2.8113994847434696,0.838654946374019,-0.7540606685010595,0.32409751862837305,-0.4469569011486297
last,35,56,0.007012203134301402,0.005555335897952318,0.0014568672363490841,0.0014568672363490841,0.4810367253801287,-0.7701233113876685,-7.752080058868709,0.5155053610880421,-0.7041132636542984,0.40309628879403897,-0.4517475226847791
last,35,57,0.004368716112324516,0.003308058250695467,0.001060657861629049,0.001060657861629049,0.592310955110904,0.14982255073250514,0.018329195058255775,1.344920631223576,1.1118247239473833,-0.7951964117774724,5.270154560721596
last,35,58,0.003505681348185531,0.004247790668159723,-0.0007421093199741925,0.0007421093199741925,1.0090430442454146,-0.7667312717957832,0.2797981512614507,0.9226649488024637,0.09007942761420114,-0.32496563698184183,0.44774522585889065
last,35,59,0.008870602814300323,0.006874505430459976,0.001996097383840347,0.001996097383840347,0.6024062194651395,-0.3547638341972773,0.5841991714240148,0.9602584996366484,-0.8494687107450177,1.3183824061347034,-0.2998378178513912
last,35,60,0.005849080415323967,0.004397070035338402,0.0014520103799855648,0.0014520103799855648,0.9163599686577023,-0.4106315427978868,-8.6796617013816,0.7976615912156468,-0.010352006832729754,0.06308326701873712,0.04784304668790968
last,35,61,0.004435631212635726,0.003980581182986498,0.00045505002964922776,0.00045505002964922776,0.5463953459359479,0.019563748599028517,0.6056031789561009,1.2238279711165625,-0.6108212938204741,0.07147507776893605,-0.45533801977873595
last,35,62,0.004022797587553677,0.004350516479462385,-0.00032771889190870776,0.00032771889190870776,0.5004842732788263,-0.011244644571056417,-0.26695377348356747,1.0873309086103535,-0.4174351399701885,-0.09491427331259478,-0.3857132606553157
last,35,63,0.0031470640455076083,0.004049261100590229,-0.0009021970550826207,0.0009021970550826207,0.5107952742589661,0.4027286969864362,-0.26729936274593047,1.0354472120315046,-0.5103986448328874,-0.4684945380886926,-0.421918396731822
last,36,37,0.0036202874400119156,0.0052060456946492195,-0.001585758254637304,0.001585758254637304,1.1648371478307507,0.007071844454022111,-0.6301212819075985,0.9729587119093501,-0.7113366460853936,0.18461983650437688,0.056191458569121826
last,36,38,0.0051981211275426535,0.0060766167007386684,-0.0008784955731960149,0.0008784955731960149,0.9507659280291527,-0.24056236717598548,1.187561821069194,0.9218668338283496,-1.2566560238611297,0.48325255009766366,-0.2284740550018772
last,36,39,0.002940231833523604,0.004681991413235664,-0.0017417595797120603,0.0017417595797120603,0.8575808111344294,-0.49083865927188797,0.4864968367249707,1.0020646859520352,-1.1672099945031382,-0.05295521956160008,-0.42256218937433715
last,36,40,0.007958373361477138,0.007395616266876459,0.0005627570946006785,0.0005627570946006785,0.9031476124936709,-0.6533775919805709,1.0190760092369677,0.9286731782420321,-0.27032357964408404,1.1343413151993056,0.8156906630292156
last,36,41,0.006699086291885417,0.005556603893637657,0.0011424823982477596,0.0011424823982477596,1.0233734000268662,-0.21667099887270447,-0.9827625575719249,0.979025586435999,2.890839494400818,0.28879403892063965,6.01011407487663
last,36,42,0.003355442938777953,0.005149696953594685,-0.0017942540148167315,0.0017942540148167315,0.8609499317128052,-0.01098038719642366,0.5700432187895457,0.9825762133312053,-0.8564462782478305,0.25175432250596863,-0.3121551156484105
last,36,43,0.006153756570128689,0.005152824334800243,0.0010009322353284455,0.0010009322353284455,0.9642827349456286,-0.4334487929590772,1.5106611415193583,0.824833595251798,4.491293251143026,-0.30470954206756845,8.792642518856294
last,36,44,0.0027054168230079743,0.003955332562327385,-0.0012499157393194107,0.0012499157393194107,1.071963538493992,0.2681659526094742,0.31809297500055733,1.0503987806434423,0.21501074464457998,-0.20285032192722272,0.4581718722398915
last,36,45,0.005957277288561024,0.0077904462814331055,-0.001833168992872082,0.001833168992872082,0.8955242463016668,-0.17291346583086523,-0.2452749849144204,0.9019708474064078,-1.4266305966844333,1.4066411054040369,-0.37175722286181095
last,36,46,0.004344205477638827,0.0062372260726988316,-0.0018930205950600043,0.0018930205950600043,0.9567067501621175,-0.5989612553500777,-3.995301904622379,0.8999002585078734,-1.0898458178019061,0.745713665629748,-0.447234652414225
last,36,47,0.0069146679770105265,0.006495107430964708,0.0004195605460458182,0.0004195605460458182,0.8324782417263366,0.1964733496834069,1.1894385167190151,0.8676593714332075,-0.6916370217188288,0.9581132894451282,0.04415093657603385
last,36,48,0.007085873618491135,0.008595069870352745,-0.0015091962518616097,0.0015091962518616097,0.9617826095613162,0.12128352942713308,1.9191673995737397,0.8796771481794695,-1.4274795167154402,1.7889025537148233,-0.3325414786170982
last,36,49,0.009405329158455903,0.006743879988789558,0.002661449169666345,0.002661449169666345,1.0493918419799784,-0.28705739521312035,-0.6842475058475141,0.7177264339389589,-2.1123526466477074,2.338710844245099,-0.27546507403432285
last,36,50,0.002800493365387703,0.004390504211187363,-0.0015900108457996597,0.0015900108457996597,1.0471074532215703,0.30674090525433245,0.13442629618252813,1.0402337054309807,-0.5949624498624817,-0.2008247124357954,-0.3457157801985985
last,36,51,0.003087803007146783,0.0046370141208171844,-0.0015492111136704016,0.0015492111136704016,0.8561266051397235,-0.3697410965678631,0.3459329642738054,0.9583579155972914,-1.4186977939717147,0.05527020183751731,-0.2868988112788313
last,36,52,0.0070073022415120916,0.005893954075872898,0.0011133481656391934,0.0011133481656391934,0.7744637394869349,0.08703239118033261,0.8538292571933412,0.8676228372278976,-0.49452280823960654,0.37358026477609785,0.11804930543660185
last,36,53,0.005903256957430437,0.00497101154178381,0.0009322454156466273,0.0009322454156466273,0.8201258077206997,-0.33299543917316266,0.03847764519679996,1.0497423363853091,4.003150532445821,-0.2532011864284163,6.918310233664752
last,36,54,0.0048271277698202514,0.0062595391646027565,-0.001432411394782505,0.001432411394782505,0.742927379674535,-0.1256888760338442,1.2609863408764022,0.7767937510035581,-0.9883940912625844,0.9115242711422992,-0.45509199477174017
last,36,55,0.008613159308488931,0.006740826182067394,0.0018723331264215368,0.0018723331264215368,0.7867708083142274,-0.09824571244391589,5.681515939716827,0.6976796981608386,-1.2723735887362004,1.0949866165087176,-0.33757475689942407
last,36,56,0.007532609584460776,0.006661294028162956,0.0008713155562978196,0.0008713155562978196,0.7654516947800557,-0.7452781677507048,-7.6201934914589184,0.5691233708039259,-1.4824068313018377,1.1922158720972296,-0.44593329766261114
last,36,57,0.005370521606322821,0.004790609702467918,0.0005799119038549022,0.0005799119038549022,0.8716349433855176,0.3078917285036998,-0.04113632701543183,0.9522475514555042,2.811058093088136,-0.3420386312667292,7.325248771804176
last,36,58,0.0041433655877121545,0.0052145132794976234,-0.001071147691785469,0.001071147691785469,1.2754213227931541,-0.6312578843940403,0.8989660992518373,0.8920130434068366,0.8553305026694534,0.20805903204803608,2.3205762080797454
last,36,59,0.009524405490536493,0.00924683827906847,0.00027756721146802305,0.00027756721146802305,0.8834883604293663,-0.4637863499561998,1.0026395458089692,0.7447781459924965,-1.4820835263979728,2.014034580047747,0.08740106711643597
last,36,60,0.006214704624859684,0.006376069039106369,-0.00016136441424668534,0.00016136441424668534,1.1849661815196881,-0.21402197724643587,5.012679770347752,0.9369298354272244,0.41498805591780286,0.6302539246183899,1.4515800584178946
last,36,61,0.004720668324658875,0.00633123517036438,-0.0016105668457055047,0.0016105668457055047,0.8346119172811338,-0.8652868843682928,1.4568661890021306,0.9436295790334296,-1.2178135285920577,0.8574115604427404,-0.42792967749766353
last,36,62,0.00420438629060522,0.00626994576305151,-0.0020655594724462902,0.0020655594724462902,0.7866629400012752,-0.3859750613092524,1.0867103599696666,0.8734728493975769,-1.0460849777336148,0.6913115821456992,-0.3797439635331484
last,36,63,0.0033861904041184413,0.005436865612864494,-0.002050675208746053,0.002050675208746053,0.798020868486096,-0.19637095875931584,-3.339974556244375,1.0158820102580397,-0.8587425971453696,0.3087607610504233,-0.33180787229158687
last,37,38,0.0037545057349572222,0.003162865061312914,0.0005916406736443084,0.0005916406736443084,0.9834752297305233,0.09572307631135497,-3.378404818069329,1.3801324300879498,0.8100120340219471,-0.3683715546552845,0.5032198592631932
last,37,39,0.0015445597465679037,0.0021034511737525463,-0.0005588914271846426,0.0005588914271846426,0.8874089199533949,0.32531918525188047,-0.03827871183073287,1.5989278052712215,0.5531816076720013,-0.8733270635896694,-0.018955885272213254
last,37,40,0.0063070743028298916,0.005600638221949339,0.0007064360808805526,0.0007064360808805526,0.9303788168811894,0.4918282502884127,-0.029874289627977314,1.237539499978333,-0.5806948638875734,0.5113217101931566,-0.10317341301488968
last,37,41,0.005034223126532853,0.0054195839911699295,-0.00038536086463707674,0.00038536086463707674,1.0552429418713287,0.18931338420352392,0.3911506110129404,1.0008289658774459,-0.8816435094469294,0.29573898574839064,-0.32649931966514356
last,37,42,0.0020334291325805136,0.0025963285006582737,-0.0005628993680777601,0.0005628993680777601,0.8943437435496387,0.2800371690329432,-0.4462124667269676,1.525982542012849,0.3265928231015455,-0.579034941763727,0.20759550850688047
last,37,43,0.004748909330355078,0.004390504211187363,0.00035840511916771563,0.00035840511916771563,0.9940816084274388,0.30198638656993987,0.6789456445257532,1.0171718360996111,-0.5588958038794554,-0.2737466541271792,-0.19602778516164746
last,37,44,0.0013858589057036373,0.002197664463892579,-0.0008118055581889418,0.0008118055581889418,1.1031667162743293,0.7281167653273043,0.1116612608433664,1.488804046108327,0.2123362061618576,-0.9233885553063734,-0.23845026163649863
last,37,45,0.004414557559301887,0.005156786646693945,-0.0007422290873920576,0.0007422290873920576,0.9279845435796805,0.2306994715654088,-1.0903971689760807,1.3866901369039724,0.7453821026192029,0.46617955581277587,0.6971392776517206
last,37,46,0.0029487376034311092,0.0035406663082540035,-0.0005919287048228943,0.0005919287048228943,0.9913012270524656,-0.5358971489862026,1.8723446969745945,1.43310117060005,0.6953591650637513,-0.16667872386602028,0.6952760133212529
last,37,47,0.005002626524500792,0.004661730956286192,0.0003408955682146003,0.0003408955682146003,0.8710310824560001,-0.23686850712473556,-0.2169046107947365,1.1021519351620357,0.0358583527507276,0.1811473630905014,0.05706174924377992
last,37,48,0.005388791629364923,0.005583994556218386,-0.00019520292685346313,0.00019520292685346313,0.9918526659981184,0.8096488330433975,-1.0967245781051127,1.3895219404971095,0.250008822992161,0.8620415249945744,0.5102230545732628
last,37,49,0.008000680595450425,0.0069901845417916775,0.0010104960536587472,0.0010104960536587472,1.0845639688079114,-0.35458283551281217,-1.1330162926862852,1.1255164014283667,0.8342837448812258,1.3412428561093834,0.8364325277562172
last,37,50,0.0013831330787529928,0.002524362877011299,-0.0011412297982583064,0.0011412297982583064,1.0758840980180207,1.1337865059561365,-0.9026318740501469,1.5613981709926188,0.6979987174007816,-1.0154091007740722,0.08213830043467991
last,37,51,0.0018497376295853335,0.0021511961240321398,-0.0003014584944468063,0.0003014584944468063,0.8877748657253728,0.1751961915015762,0.17543186010370332,1.5391410059709905,0.48130011364325287,-0.7529479852419879,-0.01353088132564856
last,37,52,0.005190653461905232,0.003984148148447275,0.0012065053134579567,0.0012065053134579567,0.8124555641777398,-0.2334937642790922,-3.779660313852773,0.9759897330829447,-0.08138400254707148,-0.3813933299573174,-0.08478161981613588
last,37,53,0.004589464252097466,0.0036561412271112204,0.0009333230249862455,0.0009333230249862455,0.8494196155502758,0.5761772311494578,-0.14346374261786288,1.4633922000478368,-0.36394548239920244,-0.3921001229834334,0.044027775036568
last,37,54,0.0033713711781119494,0.004302315879613161,-0.0009309447015012117,0.0009309447015012117,0.7795915168124611,-0.22705490432310707,0.48654452814730653,1.0185055176305224,-0.06832938824505651,0.04629964551833924,0.1394250272450727
last,37,55,0.007223757725760418,0.004082011058926582,0.0031417466668338355,0.0031417466668338355,0.8212115476557418,0.09639809534911689,1.9868901911682375,1.235285215045485,1.1775902260141153,0.08218187079505175,1.5905280243304338
last,37,56,0.006223349656762232,0.0049689216539263725,0.0012544280028358593,0.0012544280028358593,0.7999604818890866,-0.544560915099329,0.9204609773397279,0.8098162064984302,0.3106275249542215,0.2890834117051291,0.38416157019048597
last,37,57,0.003476985536714881,0.003780696075409651,-0.0003037105386947698,0.0003037105386947698,0.905908839682232,0.4672455494587758,-0.1614515743458294,1.2554168068235132,-0.11577642912080177,-0.5006149171670404,0.30564746623562417
last,37,58,0.0022585624854582105,0.0051758927293121815,-0.002917330243853971,0.002917330243853971,1.317038329291212,-1.687354404646765,-0.31027256229256,1.0052146812411178,-0.36422786263169205,-0.2601461332561671,-0.3537091486211994
last,37,59,0.007559540895412543,0.00671406602486968,0.0008454748705428623,0.0008454748705428623,0.917406392104846,-0.25725790146506666,0.8916871525304365,1.1739436253966358,-0.006550349520325319,1.2087101208131381,0.2685953264874629
last,37,60,0.004525152119886445,0.00495701702311635,-0.0004318649032299055,0.0004318649032299055,1.2209720195140834,-0.4602267678855799,-0.274497938660622,1.0334652130897335,-0.6456574416952574,0.09520364609708469,-0.30540573248316144
last,37,61,0.0032331401391817245,0.0034804041497409344,-0.00024726401055920983,0.00024726401055920983,0.8662425358529825,-0.2930855992089262,2.030463906943275,1.5172355650421652,0.47276140337748757,-0.021413586052231637,0.3259951516032545
last,37,62,0.002884629049391298,0.0030834751669317484,-0.00019884611754045038,0.00019884611754045038,0.8189548820618776,0.12208327794572166,-0.8640065425064684,1.425657710646074,0.6827080591248291,-0.1987991029443681,0.5939994123923785
last,37,63,0.001984886340227895,0.0031074832659214735,-0.0011225969256935787,0.0011225969256935787,0.833542811244818,-0.16620661366268588,2.4795391129060493,1.3869985178113173,0.8259960985776803,-0.5914779714967806,1.1069185028273387
last,38,39,0.0028903898372328496,0.003333956003189087,-0.0004435661659562373,0.0004435661659562373,0.6644143695714578,0.29551842306842857,2.227596227618906,1.5144254330417568,3.6722688705091517,-0.7966432756999203,2.9670287464246567
last,38,40,0.008078922727201359,0.006212539039552212,0.001866383687649147,0.001866383687649147,0.7128598435254188,-0.1438854274451561,-1.0280343517774673,1.0866510356033243,-0.7500769186427041,0.7515011213195403,0.04623627884121417
last,38,41,0.006862783367359264,0.006234762724488974,0.00062802064287029,0.00062802064287029,0.8443866010417357,-0.9185168463239514,-3.533642549787185,0.9402711410940119,-0.9027960486139945,0.5136366924690736,0.020254410698909018
last,38,42,0.003507426289782223,0.0033700214698910713,0.00013740481989115176,0.00013740481989115176,0.6773464697448285,-0.5915130555431036,0.06855199843243084,1.3371737689713952,0.20467454329804374,-0.3104969977573607,0.0901613772803076
last,38,43,0.006043690830772092,0.004632736090570688,0.0014109547402014035,0.0014109547402014035,0.7782547562239135,-0.3281420529963408,1.1631250694794864,0.8938220356809778,-1.1753842527769711,0.008681183534688622,-0.36366564585350647
last,38,44,0.0027530685366310096,0.0029129860922694206,-0.00015991755563841102,0.00015991755563841102,0.8909090954914322,0.03477905401268349,-3.9534398041444487,1.2924834304520563,-0.24100848132119876,-0.655718729653476,-0.27890730965501626
last,38,45,0.006189460905549107,0.0058450475335121155,0.0003444133720369915,0.0003444133720369915,0.7087038891315366,-0.17064264935917103,0.9698842855626654,1.299191813409417,1.6183610361942187,0.5784561961947481,1.7268574897646176
last,38,46,0.004252649659063289,0.004712386056780815,-0.0004597363977175261,0.0004597363977175261,0.770882410685415,-0.5528187114163863,-2.2598833812826213,1.2370659463912703,-0.8529127887412804,0.1791217535990741,-0.14146374650987442
last,38,47,0.0063959641732987205,0.005505500826984644,0.0008904633463140766,0.0008904633463140766,0.6479785654572898,-0.34334389890104783,2.0022180893512855,1.0390952878791504,0.1622423232419933,0.3718440280691602,0.6009068575702109
last,38,48,0.007287970846342548,0.006195888854563236,0.0010920819917793114,0.0010920819917793114,0.7793097486491888,-0.2724480495766566,2.0138595169495845,1.260026413168824,0.3034521011223941,1.1192939304058458,0.4895339515038464
last,38,49,0.009660009027902748,0.00875103659927845,0.0009089724286242985,0.0009089724286242985,0.8559275024125453,1.1738467964523307,0.03926206756772505,1.0126481839768133,1.1389548451688734,1.5530637343557843,1.0368911500956555
last,38,50,0.002919982106019318,0.002804976189509034,0.00011500591651028395,0.00011500591651028395,0.8670369305315463,-0.1283595667648327,1.772504405100313,1.363113786889812,-0.42612371460319665,-0.7211169789481299,-0.4390949447940096
last,38,51,0.0032575896683228384,0.0030445295851677656,0.00021306008315507283,0.00021306008315507283,0.6615407375521101,0.6234182753723393,0.9933306938757454,1.3700804718037525,0.6928608918096426,-0.48788251464949717,-0.0595970783305343
last,38,52,0.006818083620625396,0.004098655190318823,0.002719428430306573,0.002719428430306573,0.5918895630098384,-0.9499850020727028,0.2813369458949404,0.9262518902584589,0.8573845208224478,-0.19214352890110678,0.6717547356221892
last,38,53,0.005874151955731374,0.0038300324231386185,0.002044119532592755,0.002044119532592755,0.6267254834604861,0.3680176804391415,0.9506831080357626,1.2875787683003352,-0.5443943245109695,-0.10735730304564833,-0.19577236462259173
last,38,54,0.00471260902079114,0.00538339838385582,-0.0006707893630646796,0.0006707893630646796,0.5508285319752679,0.13001593198903083,3.1041784541174287,0.9706791678565985,-0.48376851633559137,0.29429212182594244,0.22998212776438237
last,38,55,0.008886585387813244,0.005349576007574797,0.0035370093802384473,0.0035370093802384473,0.5948055358623077,0.29322410530755033,-0.536359077847474,1.13269101648876,1.7265821482124006,0.3284381103957176,1.5317677544592068
last,38,56,0.007873513657926693,0.005759987514466047,0.0021135261434606454,0.0021135261434606454,0.5669840800987751,0.5078251937819147,5.766789035891257,0.818027616912317,1.3349309079504776,0.41467120017362397,1.398804411510538
last,38,57,0.005248980192897265,0.004279767628759146,0.0009692125641381196,0.0009692125641381196,0.6870233663432214,-0.07085772579381087,-0.5329654201002979,1.090056989974097,-0.740523943776908,-0.17478116183172954,-0.4169634563770816
last,38,58,0.0036905504451510006,0.0042326427064836025,-0.0005420922613326019,0.0005420922613326019,1.077267231899987,2.0995255813778955,0.8940490927830634,0.9887787549569307,0.7112595564598574,-0.1221153150546189,0.9019295071832567
last,38,59,0.009288236524904925,0.008607408963143826,0.0006808275617610996,0.0006808275617610996,0.6910860700927289,0.28923262098383073,-1.211046818129568,0.9883502284966527,-0.6975901379371053,1.5712942197786304,-0.2744048152607808
last,38,60,0.005906950129058193,0.0047827172093093395,0.0011242329197488536,0.0011242329197488536,1.006911888978303,-0.5327794757146019,0.23058612228724557,0.9742739433005058,0.056761006764041916,0.24046878391087356,0.6736450272065221
last,38,61,0.004695502991624587,0.0041887834668159485,0.0005067195248086385,0.0005067195248086385,0.6435065669876086,-0.48036543482885946,-1.6247805281267929,1.4015682710310886,1.5806059806169301,0.10706793026115913,1.4753843890418326
last,38,62,0.004062720809329025,0.004412900656461716,-0.0003501798471326903,0.0003501798471326903,0.601375925859185,-0.9910139015498757,-2.0889331655305665,1.2915262196299695,-0.29508496309303595,0.09549301888157437,0.21197188961489485
last,38,63,0.003284097414743476,0.0032346064690500498,4.949094569342604e-05,4.949094569342604e-05,0.6100739427204136,-0.3625886359974197,0.3730811849537832,1.2625073712472419,0.2031436575458641,-0.2586992693337192,0.10607358620868904
last,39,40,0.005739118135798716,0.004649376031011343,0.0010897421047873727,0.0010897421047873727,0.6174775398262161,-0.49456271513247924,-0.8554817875387225,1.2644465395074371,-0.7730820109229172,0.2511755769369893,-0.3468688567000605
last,39,41,0.004323674982474562,0.004622004460543394,-0.00029832947806883187,0.00029832947806883187,0.7412297138893811,0.07254312409490198,-0.5394860593225932,1.0214109753530018,-1.0531854971839072,-0.0005787455689791317,-0.3027615126869262
last,39,42,0.001328947794120342,0.0030687584076076746,-0.0017398106134873326,0.0017398106134873326,0.5771751153850709,-0.3125490709428607,3.843238611510056,1.5574816163255916,-0.3614590417131219,-0.8278955364247993,-0.39938791976722726
last,39,43,0.0040331610915318806,0.0035026853438466787,0.0005304757476852018,0.0005304757476852018,0.6797886285123674,-0.1186818979567153,0.005616849455873064,1.0299702294731556,-1.0093854228111017,-0.5466251899008897,-0.43817955417306104
last,39,44,0.0006151321003056835,0.0022985595278441906,-0.0016834274275385071,0.0016834274275385071,0.7932071190062203,0.33748355118960877,0.6049517432833214,1.5181552898660182,-0.03086678837641692,-1.210735730304565,-0.3644907710881169
last,39,45,0.0038100277278540263,0.004189635626971722,-0.00037960789911769535,0.00037960789911769535,0.608705426507025,0.14635852412855252,-2.4955295452569946,1.5002630471934166,2.502206537619501,0.10417420241626299,1.4757188818301226
last,39,46,0.0021895731554050866,0.003171344054862857,-0.0009817708994577703,0.0009817708994577703,0.6734677469963841,-0.517436340200258,0.18000475248147468,1.4996294459654573,0.01544741756065527,-0.3758952470520146,-0.12883154031179425
last,39,47,0.00426534116585545,0.00392171973362565,0.0003436214322297994,0.0003436214322297994,0.5524536134750709,-0.7982637268691446,-2.924700697927,1.1833370894071717,0.2731439873342146,-0.11488099544237847,0.14384239152315745
last,39,48,0.004916133289858571,0.005227361805737019,-0.0003112285158784478,0.0003112285158784478,0.6790829479603437,0.19680589116364475,0.9492260552505996,1.451073949596982,0.08202891086710554,0.68320914417999,-0.20225853869100122
last,39,49,0.007299331637033664,0.006742746569216251,0.0005565850678174123,0.0005565850678174123,0.7676398085488663,0.07230099387110514,-0.9773096994452029,1.1521258958464902,0.20760059891699642,1.2428561093829127,-0.20266445743149633
last,39,50,0.0007515304383946817,0.0022961816284805536,-0.001544651190085872,0.001544651190085872,0.7692971497310475,0.12628095349028806,2.9140467066500007,1.6215510444943515,0.45112126009598713,-1.2908919916081893,-0.2592487266223117
last,39,51,0.0010462516371045332,0.0022486585658043623,-0.0012024069286998291,0.0012024069286998291,0.5673732125174624,0.016479054647782047,-1.5482355870182802,1.6029793681037627,0.24544939548449743,-1.0223540476018231,-0.40282701341238447
last,39,52,0.0041502334668642475,0.003136493032798171,0.0010137404340660764,0.0010137404340660764,0.4882628942328509,-0.31286138792536,3.5972139054615955,1.0303665414037015,0.04445291184791867,-0.6577443391449033,-0.2745667197990486
last,39,53,0.0038325626164058954,0.002811287995427847,0.0010212746209780485,0.0010212746209780485,0.5300064191727357,0.06897924343765477,0.33801101638881537,1.4995156701036305,-0.534720888764647,-0.6461694277653185,-0.43238509875514086
last,39,54,0.002749475683430258,0.003964058589190245,-0.0012145829057599866,0.0012145829057599866,0.4559981712792552,-0.6009596753200005,0.944796931338123,1.10655771139195,0.024088461746528077,-0.22223829848802704,-0.04637771204728472
last,39,55,0.006284696514944252,0.0035330471582710743,0.002751649356673178,0.002751649356673178,0.5015070060217234,-0.5834883518476307,0.9522574803314752,1.300212428283204,1.364392845773591,-0.0871012081313752,0.5778855005553166
last,39,56,0.005520826143800905,0.0038785156793892384,0.0016423104644116664,0.0016423104644116664,0.47246220261550415,-0.2279052845546753,-0.0366269993377088,0.8766257732802715,1.1746217638725753,-0.00723431961224044,0.5204245194388922
last,39,57,0.0029388879168923527,0.0029725227504968643,-3.363483360451164e-05,3.363483360451164e-05,0.5916445910467788,-0.47306962344125697,1.8725244943309989,1.26674343547734,-0.6322833480564843,-0.7352962453881212,-0.45177157770049303
last,39,58,0.0013057186531476844,0.003548869164660573,-0.0022431505115128886,0.0022431505115128886,0.999288522786299,-0.03751760603747767,0.04436849037792146,1.041860832041816,-0.23983937022001853,-0.5561744917890472,-0.3298526919242968
last,39,59,0.006968242130290377,0.0055941808968782425,0.0013740612334121344,0.0013740612334121344,0.5975647468207201,-0.3677703707708019,-0.4431356063681898,1.2451444718700118,0.3036750627355473,0.988497431816538,-0.12644748104930917
last,39,60,0.003970823922353234,0.004720506723970175,-0.000749682801616941,0.000749682801616941,0.911376855845341,-0.36654118640127675,4.520524284752536,1.0747064004825224,-0.5881948437171597,-0.1996672212978369,-0.28996215368236483
last,39,61,0.0028742013576523867,0.003169846022501588,-0.00029564466484920116,0.00029564466484920116,0.5439793981603412,-0.3493494472312685,1.1164151741020234,1.5803924434414214,1.1106266097095328,-0.31657382623164293,0.46497885868537536
last,39,62,0.002019748240332608,0.003311204956844449,-0.001291456716511841,0.001291456716511841,0.5004736880705459,-0.7500492817982242,0.490367200436019,1.5261926686045109,0.36475996120541326,-0.4444765969760543,0.17594073370655364
last,39,63,0.0012016029114131264,0.0022688829340040684,-0.001067280022590942,0.001067280022590942,0.5089539520757216,-0.055108056734331855,-4.40942866968986,1.4590561243458884,0.6638521057553338,-0.7975113940533893,-0.013380981525431488
last,40,41,0.009425214216811983,0.006507142912596464,0.0029180713042155186,0.0029180713042155186,0.7863116118978749,0.066778155678547,1.5103308419742725,0.9936435882355283,3.3871413470367817,0.6181002676698261,5.054388086187802
last,40,42,0.0062263362454138245,0.0046543641947209835,0.001571972050692841,0.001571972050692841,0.6179891582264332,0.44742821948304967,-0.22715312952961672,1.2508867117947688,1.547408065130636,0.30326267814512053,1.7379333867961344
last,40,43,0.00857465334275093,0.0063512311317026615,0.0022234222110482683,0.0022234222110482683,0.7238840859206397,0.07251655742017223,-0.09564159406704822,0.8153133963527021,0.008290248578844913,0.655139984084497,0.9439271034373735
last,40,44,0.005269810227924083,0.005034836940467358,0.0002349732874567254,0.0002349732874567254,0.8412059979822577,-0.1332662976970137,-1.049976154722706,1.1742268203989175,-0.34124812585439634,0.17941112638356377,-0.27577804232728187
last,40,45,0.008408788594733058,0.00843458715826273,-2.579856352967133e-05,2.579856352967133e-05,0.6547329364552305,0.1097738170921617,-0.8277327382411075,1.1274065157455606,-0.48221729335711344,1.4540982420603346,0.9924735428183991
last,40,46,0.007301246930176646,0.006273762322962284,0.0010274846072143616,0.0010274846072143616,0.7202331971789916,-0.7108391072762238,0.9147514741062,1.153909702215568,0.4237462803379913,0.725168197930985,1.7458375098658483
last,40,47,0.009851143119180264,0.006443679798394442,0.0034074633207858227,0.0034074633207858227,0.5973737090141366,-0.614523786145421,3.1491236280288075,1.0488449420877477,0.5932332268051904,0.8490197496925417,2.7114352412795233
last,40,48,0.009648148941578226,0.008648714050650597,0.000999434890927629,0.000999434890927629,0.7260449805824435,-0.03194494652122211,1.4043782730201857,1.1335764767673524,-0.7145673819904433,1.8800549808290536,0.6768653989593053
last,40,49,0.01252536634095462,0.009832729585468769,0.002692636755485851,0.002692636755485851,0.8112049974280464,0.27222720088009683,-1.6289176722396412,1.0100661162039404,-0.129914724272501,2.2805469145626858,1.2545678455451457
last,40,50,0.0053964688869997885,0.004159329459071159,0.0012371394279286291,0.0012371394279286291,0.8116465518305983,0.4898341289051173,-0.46084193201318746,1.2890837725575495,-0.19808419491582466,0.10041235621789782,-0.2509605531926835
last,40,51,0.0058933850570795044,0.004420507233589888,0.0014728778234896168,0.0014728778234896168,0.6150152187571907,-0.2273275122307782,-1.252758694098132,1.242955348145031,-0.06357845649009879,0.3139694711712367,0.12476302398210391
last,40,52,0.009767588428550252,0.006224358920007944,0.0035432295085423074,0.0035432295085423074,0.5302256842014003,0.3604663321702691,-3.381068873416578,0.9443570416866539,0.41670682539055803,0.54662518990089,1.0698050814831626
last,40,53,0.00866459113491215,0.006110922899097204,0.002553668235814946,0.002553668235814946,0.5754603116436535,0.1805519485647332,0.2763447577516545,1.1635553181360985,-0.5054442685295221,0.7072270852926283,-0.08250862411824418
last,40,54,0.007120072399738939,0.006308896467089653,0.0008111759326492858,0.0008111759326492858,0.49841259680109967,0.04109417104870724,0.15998773577240827,1.0183543289853023,1.140989691002995,0.7161976416118069,2.8946249496638994
last,40,55,0.011251989382731115,0.007048535160720348,0.004203454222010766,0.004203454222010766,0.5488390168760984,-0.715575273285948,0.31510032089402606,0.9986425511015562,-0.3253011604029316,1.255009766331477,0.49566354553914693
last,40,56,0.010238241935132805,0.008557508699595928,0.0016807332355368767,0.0016807332355368767,0.5220080341730848,-0.6719522516520865,-1.7936849415262466,0.8194697296217132,-1.3111205337942786,1.4902698401215368,-0.3651660042312413
last,40,57,0.007773944611136967,0.0062554096803069115,0.0015185349308300556,0.0015185349308300556,0.6313204719692344,0.4448813421406558,-1.18849939659851,1.0163553442005815,-0.2599461505834293,0.5862692613759679,0.14624889441240072
last,40,58,0.006583661119006382,0.006425749976187944,0.0001579111428184378,0.0001579111428184378,1.0520371359349927,-1.3227586105689015,-0.18425778432090517,1.0086600984108125,-0.16310263100764374,0.787383346596253,0.020909217749257615
last,40,59,0.011511215038658497,0.009088831953704357,0.0024223830849541394,0.0024223830849541394,0.6430135987162663,-0.29595307359822454,0.7130970069475973,1.0001919967668327,0.16229652062947905,1.885553063734356,2.112412086940271
last,40,60,0.00865866286875664,0.006609537173062563,0.0020491256956940776,0.0020491256956940776,0.9510784437021917,0.26377632050797456,3.5055725118790124,1.0184921925295878,1.78255241915213,0.9103667800043409,1.46846088076452
last,40,61,0.007472378122323736,0.006687707733362913,0.0007846703889608231,0.0007846703889608231,0.5914480086072865,-0.5435137688266093,-2.014324759964238,1.195021006481664,-1.1005998428058907,1.164436084786226,-0.390656052403992
last,40,62,0.007064225468303681,0.006164670921862125,0.0008995545464415555,0.0008995545464415555,0.546291510083293,-0.6551768764015495,-0.060383614494197276,1.20791970418642,-0.34298266467063254,0.8877957028141508,0.34062927890896
last,40,63,0.006129965659891369,0.005817339289933443,0.00031262636995792615,0.00031262636995792615,0.5542687246663832,0.10340732842250935,2.653239186913661,1.2038725342442969,-0.637233720859389,0.6181002676698261,-0.3141282536882386
last,41,42,0.004772321577127798,0.004736928269267082,3.539330786071597e-05,3.539330786071597e-05,0.7448700174227487,0.5320231358740863,-0.8112939145389323,1.028046363114583,0.4705885479858203,0.17970049916805345,0.8341609626208749
last,41,43,0.007477585148938295,0.0048353527672588825,0.0026422323816794125,0.0026422323816794125,0.8490198979233081,0.1803165128610937,0.16882434196575558,0.8149376577922807,3.562464774408838,-0.19561600231498227,7.753640905313598
last,41,44,0.0041349063346903005,0.0046552084386348724,-0.000520302103944572,0.000520302103944572,0.96108801827511,0.46479789195197735,-0.3129574262334704,1.0163543191928173,-0.6973925429477041,-0.0593214208203717,-0.3437804717141536
last,41,45,0.007120576711778694,0.008179495111107826,-0.001058918399329132,0.001058918399329132,0.7827605265485845,-0.04595319471618789,-0.9778445792255488,0.9197270569057313,-1.1607833976303847,1.432974028792592,-0.1697599692115794
last,41,46,0.005800703901047345,0.006320454180240631,-0.0005197502791932859,0.0005197502791932859,0.8452828153428058,-0.550660433351969,-2.140453646779364,0.895460144517858,-0.9096086718978295,0.7879620921652319,-0.2975297401356043
last,41,47,0.008201276067509708,0.00646016513928771,0.001741110928221998,0.001741110928221998,0.7239360038469671,-0.4084920446242268,2.2468155237211067,0.8467968759044606,-0.6192026665181368,0.9442233957896261,0.5274374996987412
last,41,48,0.00845173321770129,0.008438809774816036,1.2923442885254266e-05,1.2923442885254266e-05,0.8553901770779331,-0.5281217633151165,-7.012327924623325,0.9384786953737785,-1.1253918307916972,1.783115098025031,0.000614194582276929
last,41,49,0.011024346827255263,0.009532841853797436,0.0014915049734578276,0.0014915049734578276,0.9423854674163347,-0.6775127729462672,-0.06294268102797472,0.8315873714101448,-1.0989244223464565,2.1925775880778415,0.6186940194806563
last,41,50,0.004216125953602708,0.004532780032604933,-0.00031665407900222445,0.00031665407900222445,0.9391766371347756,0.05345493306726257,2.735214008185587,1.0454703236686236,-0.6632108339482182,-0.13947768212399614,-0.30720365451399284
last,41,51,0.004546777489779456,0.005045862402766943,-0.0004990849129874872,0.0004990849129874872,0.7454668215467459,-0.6375488394974435,-2.0347308574583653,0.9853878828432598,-1.0955059667531417,0.1148809954423787,-0.2401034075783507
last,41,52,0.008077603671411228,0.005567183718085289,0.002510419953325939,0.002510419953325939,0.6632439479701729,-0.2540412197637703,-2.148524257227574,0.8902170833742689,-0.03221498939820254,0.3000795775157347,1.2269970156386438
last,41,53,0.007098348876365209,0.005055419635027647,0.0020429292413375617,0.0020429292413375617,0.7051084467189761,-0.035178752100394686,3.0021962828475863,1.0360582630886512,0.9541020635837388,0.20429718584967088,2.0910601203018366
last,41,54,0.005955580795719168,0.0064170025289058685,-0.00046142173318670064,0.00046142173318670064,0.6328034092435584,-0.6992729143317142,2.7969596136869836,0.7707699268030058,-0.5792216646847393,0.9158648629096438,-0.08068364418424478
last,41,55,0.009764813595802464,0.006705778650939465,0.003059034944862999,0.003059034944862999,0.6789438280800877,-0.9133349706133027,-2.2163381276373624,0.7844557572558309,-0.7362176897147799,1.0880416696809667,0.08029256759788456
last,41,56,0.008545994237962975,0.0067779263481497765,0.0017680678898131987,0.0017680678898131987,0.6502155728072048,-0.5319003795149903,2.580549961932335,0.6466551777329144,-1.4732927290532032,1.2541416479780079,-0.42573763762891387
last,41,57,0.005911722706066582,0.004764843732118607,0.0011468789739479757,0.0011468789739479757,0.7622494172464799,-0.08563119287707988,0.18474852176765896,0.9056558235335651,1.314749440061807,-0.06597699486363301,4.161555970327539
last,41,58,0.005386969610510102,0.006322791334241629,-0.0009358217237315268,0.0009358217237315268,1.1744102085764885,-1.4630570436451091,2.475461669845907,0.9043632155280623,-0.15460355539643866,0.5405483614266078,0.05774965725633098
last,41,59,0.010647522368229502,0.009410269558429718,0.001237252809799784,0.001237252809799784,0.7727312937317169,-0.6588241302604934,1.397407133819363,0.7832432462856167,-1.120804442030556,2.0062215148665272,0.4112358105300667
last,41,60,0.007852259120565683,0.006283043883740902,0.0015692152368247808,0.0015692152368247808,1.0759304713114393,-0.07441610989766571,-0.19302325254476388,0.9413443242231345,1.1911005276352267,0.6751067062142807,1.5571595172861081
last,41,61,0.006085674687899431,0.006272230297327042,-0.00018655560942761051,0.00018655560942761051,0.719108140756051,-0.48239688697061134,-0.43704231561154155,0.9813864721763244,-1.1516813058831323,0.9167329812631125,-0.38977586962311545
last,41,62,0.0057252658496766305,0.006080768071115017,-0.00035550222143838645,0.00035550222143838645,0.67381101017919,-0.47155560485619435,0.08472505699780118,0.9034153762055338,-1.0686337599279931,0.7648122694060624,-0.432393855704909
last,41,63,0.004806672620928483,0.005712620913982391,-0.0009059482930539086,0.0009059482930539086,0.6819500272317085,0.21831559583515228,1.477166490677277,0.9706410961396423,-0.8510234923905717,0.36489908124140924,-0.26243787744678304
last,42,43,0.00454909688351506,0.004221515264362097,0.0003275816191529628,0.0003275816191529628,0.6868041013145568,-0.14203005880070121,1.5112294122373222,1.0537248576234473,-0.7026660427211199,-0.23554944657454965,-0.358307567486118
last,42,44,0.001118539460460221,0.0025889365933835506,-0.0014703971329233297,0.0014703971329233297,0.800254851490788,0.29704336429164263,-0.17229164547373302,1.516672689349936,-0.12254757169153072,-0.8979237502712869,-0.2844270304413173
last,42,45,0.0040929091656292035,0.0056070927530527115,-0.001514183587423508,0.001514183587423508,0.616647357062514,-0.0015849452644140353,-0.2158544276257458,1.369185786455282,-0.36689121355479387,0.6001591550314694,-0.12791421368008313
last,42,46,0.0026155014482700297,0.0034863322507590055,-0.0008708308024889758,0.0008708308024889758,0.6799539593845558,-0.45299037917295315,1.92818947819449,1.4491492778751662,0.012881618598777397,-0.09086305432974015,0.14401069772250505
last,42,47,0.005244519306906209,0.004487567115575075,0.0007569521913311341,0.0007569521913311341,0.5569835785615257,-0.4310519433368415,-0.4698970544724119,1.1070595259073688,0.15792756730180366,0.16957245171091664,0.34908545832498095
last,42,48,0.0050970066747052685,0.005645612254738808,-0.0005486055800335392,0.0005486055800335392,0.6875465780667932,-0.038146115777304215,-1.811561102782226,1.382384079286547,0.21810067966259633,0.8999493597627147,0.4064001879647909
last,42,49,0.007931048776301203,0.006944607477635145,0.0009864412986660583,0.0009864412986660583,0.7793223500876179,-0.6323803880614262,-0.3222629113050009,1.1636649939668684,1.581539330024318,1.255009766331477,1.4674762837825506
last,42,50,0.0011727117490746813,0.0024516372941434383,-0.001278925545068757,0.001278925545068757,0.7772199261001245,-0.039932354692555176,-0.6587557117008049,1.530496236917366,-0.1018370634586573,-0.9696882008247124,-0.36818891320584773
last,42,51,0.0015743634959629925,0.0028745527379214764,-0.0013001892419584838,0.0013001892419584838,0.5741346403209233,0.043537318562978614,-0.6462638217807646,1.591589628257597,2.3213920869490017,-0.8365767199594878,1.7684544857624052
last,42,52,0.0055294904361596,0.004157094284892082,0.0013723961512675182,0.0013723961512675182,0.4975955195333637,-0.6535103020341114,4.083389567010219,0.9934729976576284,0.5422228703444635,-0.4190117919409678,0.63463110781892
last,42,53,0.004133052200178348,0.0036703464575111866,0.00046270574266716116,0.00046270574266716116,0.5359134694507108,0.23012050127474676,-0.8404784964748047,1.4938863274626166,-0.5163712447534057,-0.3362511755769369,-0.33565550825769735
last,42,54,0.0030627664371566743,0.004210715647786856,-0.0011479492106301814,0.0011479492106301814,0.461115363396501,-0.3080645528267096,0.8227774207043546,1.021610632222501,0.5961435492233745,-0.011574911379584515,0.8979730006307568
last,42,55,0.006794778129507478,0.004301565233618021,0.002493212895889457,0.002493212895889457,0.5093607265082094,-0.6983622041415173,1.7708816471839772,1.2203763306854423,1.069554431583922,0.13774144541705874,1.259971631783255
last,42,56,0.005965272923670998,0.005504898261278868,0.00046037466239213024,0.00046037466239213024,0.482845787880995,-0.7269972785982788,2.6159751782113303,0.7822473048130109,0.017718425438615588,0.33740866671489567,0.17202167120033307
last,42,57,0.003434839102253438,0.0036214052233844995,-0.00018656612113106133,0.00018656612113106133,0.5922993617875493,0.45782163819893906,-0.2795310497929428,1.2923264578344524,-0.4310545147371827,-0.4224842653548433,-0.37909202882155385
last,42,58,0.002027073482086757,0.004716683644801378,-0.002689610162714621,0.002689610162714621,1.0116177701452265,-0.8464227483600253,-1.2345425145210445,1.0310125159396715,-0.3073443042702164,-0.2404687839108731,-0.3188493409235433
last,42,59,0.007430272926518328,0.0068036410957574844,0.0006266318307608437,0.0006266318307608437,0.5981862497640381,0.5701136871340845,-1.0847075892333977,1.1746656701516778,-0.3482883258977487,1.2955219561600233,-0.09342626597198594
last,42,60,0.004346026185637087,0.004903786815702915,-0.0005577606300658285,0.0005577606300658285,0.916409366296344,-0.12861677727614193,-0.23953106680080083,0.9922740314328697,-0.2995332969381779,0.08970556319178188,-0.05679372768719269
last,42,61,0.0030879715558064526,0.0035590885672718287,-0.000471117011465376,0.000471117011465376,0.547184195981603,0.2179864368493097,2.144882224010689,1.5137972497119796,0.6597599944845108,-0.01012804745713657,0.42951780142493573
last,42,62,0.0025108665951067604,0.0033605776261538267,-0.0008497110310470663,0.0008497110310470663,0.5040802197489239,-0.236554463660722,-1.5327284468374578,1.3961606229265042,-0.0398272896573786,-0.12703465239094258,0.07761142495909552
last,42,63,0.0018152805946754507,0.003083377843722701,-0.0012680972490472504,0.0012680972490472504,0.5171327896736757,-0.22448054421375138,-0.9086971539059037,1.3401474629250345,0.13147444356862312,-0.48498878680460106,-0.0321119743714672
last,43,44,0.003777642808213394,0.002969239605590701,0.000808403202622693,0.000808403202622693,0.9023048282915398,0.154573264110703,-0.21029639845850145,1.2542663088230335,-0.2721656346893573,-0.6325689068943064,-0.13186004009950975
last,43,45,0.006798399242860219,0.006286032032221556,0.0005123672106386633,0.0005123672106386633,0.7224888546577815,-0.3599956369345732,0.6527934595483585,0.912079327547317,-1.027918871976824,0.9176010996165814,-0.398622883627363
last,43,46,0.005309111939289522,0.005132986698299646,0.0001761252409898757,0.0001761252409898757,0.7834273946702468,-0.5696079866048289,0.7825562661378865,0.9694156261426949,-0.7122647464588441,0.2511755769369893,-0.4557647147628162
last,43,47,0.0074007568748831335,0.006009484175592661,0.0013912726992904726,0.0013912726992904726,0.6586479513463502,-0.06498895708070015,-0.37656858550217726,0.6010853093370474,-0.8107730104928356,0.5327352962453885,-0.3662568465970065
last,43,48,0.007894429996310735,0.006928709801286459,0.000965720195024276,0.000965720195024276,0.7935962514249076,-0.5487197976612993,0.7653611828215532,0.8908197879396214,-1.1611398871047345,1.3143311871518488,-0.42793654050835167
last,43,49,0.010279111351141396,0.008241877891123295,0.002037233460018101,0.002037233460018101,0.8808934722280679,-0.6470346838773149,1.4320790061170063,0.6593661525871402,-1.8339189759455068,1.8803443536135431,-0.42363075080179935
last,43,50,0.0039677803197431,0.003374688792973757,0.000593091526769343,0.000593091526769343,0.8780334497622234,0.04678176490576974,-0.5475495195284443,1.0263565646004509,-0.6111322323562496,-0.6881284815163135,-0.42311333856135863
last,43,51,0.004169981284442479,0.004187419079244137,-1.7437794801658003e-05,1.7437794801658003e-05,0.6805094307905059,-0.31903856261182545,-0.02125612377256957,1.0137648567210742,-1.3363739029665032,-0.4242205020617809,-0.4230886348957507
last,43,52,0.007671020424663507,0.004530665464699268,0.003140354959964239,0.003140354959964239,0.6009938502460179,-0.419249433830777,-1.2426139580071993,0.5838145874437556,-0.9695208783577699,-0.05555957462200676,-0.3710854934332699
last,43,53,0.007030922133300618,0.004004895221441984,0.003026026911858634,0.003026026911858634,0.6393183529113481,0.36551223865309,-0.597626519568595,1.213149293799394,1.7797887583008203,-0.39296824133690217,3.524239516251024
last,43,54,0.005837351556405707,0.005530078429728746,0.00030727312667696086,0.00030727312667696086,0.5662814238919744,-0.27181397281480446,0.43525573557688735,0.506223037205082,-0.5891992774993927,0.40136005208710135,-0.3478492332841936
last,43,55,0.009418027453167001,0.006114555522799492,0.0033034719303675093,0.0033034719303675093,0.6189645095608374,-1.3962794164813115,-1.295328182630796,0.6269171889363407,-1.0809454135111924,0.6192577588077843,-0.45249573857094316
last,43,56,0.008374399242372847,0.006110972259193659,0.002263426983179188,0.002263426983179188,0.589496297823404,-0.9416895755054977,-3.347926458785461,0.33740579595216197,-1.1191332919716133,0.6968096650510021,-0.44698482603110273
last,43,57,0.0057723527406920395,0.0037693935446441174,0.002002959196047922,0.002002959196047922,0.6940509365263026,0.7254210582315173,-2.8185005778636705,1.124407635886858,3.3207771882011703,-0.7127251681979309,7.965955311421445
last,43,58,0.004858636749770473,0.005002656485885382,-0.00014401973611490905,0.00014401973611490905,1.1121338998604013,-1.1028068035386565,4.090153279762804,0.7561285694694208,-0.45096138697759275,0.04253779931997406,-0.37307419362213967
last,43,59,0.010088991333102657,0.008552045561373234,0.001536945771729423,0.001536945771729423,0.7087825221073335,-0.46227243707408705,0.18621393964218366,0.7584961909750537,-1.3755069634023398,1.626275048831658,-0.3787179395017981
last,43,60,0.006902566889810685,0.006036861799657345,0.0008657050901533401,0.0008657050901533401,1.020097026035328,-0.6956192742528834,-0.8030735655201569,0.6263647097514342,-0.3557858591437201,0.3478260869565219,0.05824354914955566
last,43,61,0.005593829130955848,0.005718471948057413,-0.0001246428171015647,0.0001246428171015647,0.6555323717091659,-0.39054001937024174,-0.760071522034691,0.969687692489251,-0.907131305812793,0.36142660782753394,-0.42074510472312154
last,43,62,0.005252382013715945,0.005029730498790741,0.00022265151492520396,0.00022265151492520396,0.6115372217507884,-0.627419114407121,0.31712193043631604,0.8230250422666985,-0.7297397590694535,0.20429718584967088,-0.4343391142898983
last,43,63,0.004377841302121568,0.004537652246654034,-0.00015981094453246594,0.00015981094453246594,0.6247289115557962,-0.6571947721399828,-4.640899925164557,0.778810600209312,-0.7320331420666548,-0.1776748896766259,-0.39078425102052844
last,44,45,0.0035403626653720045,0.004182527773082256,-0.0006421651077102518,0.0006421651077102518,0.8330503470310129,0.4191785423857422,0.2366510550438586,1.3342270180789864,-0.10789055633014949,0.2121102510308907,-0.02376243437269008
last,44,46,0.0020242021449083355,0.003188819158822298,-0.0011646170139139626,0.0011646170139139626,0.8974174864112389,-0.40560036425941204,1.7314820068706713,1.418360387513337,0.02447922563315457,-0.4190117919409678,-0.35900694320388876
last,44,47,0.004163574399378491,0.003725013928487897,0.00043856047089059404,0.00043856047089059404,0.7734248769028487,0.23522095047969188,-0.44247441720947406,0.989601762976747,0.6310379925131984,-0.17015119727989578,0.07962642585439937
last,44,48,0.004523713588890926,0.005577792879194021,-0.0010540792903030952,0.0010540792903030952,0.9035710208248852,0.17366568325633652,-1.0897868992617366,1.3234834724133118,-0.07012373490984064,0.5680387759531219,0.16891989971035723
last,44,49,0.006858519577852445,0.007024093996733427,-0.0001655744188809819,0.0001655744188809819,0.9892668508324888,0.1183289910414724,1.9672581247644227,1.0012293778390484,-0.8232405336939687,1.2084207480286482,-0.3612717016097444
last,44,50,0.0005441171828482666,0.0020809455309063196,-0.001536828348058053,0.001536828348058053,0.9885621783955395,0.4927974758699324,0.11829017764351944,1.4878686533086496,0.653831877902444,-1.3542646314114157,-0.24439588926906983
last,44,51,0.0008600678252000237,0.0022557214833796024,-0.0013956536581795787,0.0013956536581795787,0.7937656147573934,0.16163450303542318,1.0013617350215807,1.5024785282609054,0.1618688411323552,-1.0944078709397382,-0.21527729435315457
last,44,52,0.004368718482823257,0.0028755224775522947,0.001493196005270962,0.001493196005270962,0.720518493745024,-0.6834053512488324,-8.203934834773735,0.8877591879705455,0.49188868286986726,-0.717933878318744,-0.3159306452666805
last,44,53,0.003629583597067814,0.0024652231950312853,0.0011643604020365288,0.0011643604020365288,0.7559113977742331,0.4287193611081164,0.3404831953294617,1.6131143520168607,0.2839708009809488,-0.7587354409317802,0.3146469484096209
last,44,54,0.0027088174440941283,0.004355096723884344,-0.0016462792797902158,0.0016462792797902158,0.6826163912958336,-0.0007333318317642068,6.767067123047662,0.8542525627367671,1.1526219060746876,-0.3559285249222309,0.7739786773980631
last,44,55,0.006019049464194377,0.0044882940128445625,0.0015307554513498143,0.0015307554513498143,0.7294025078374646,-0.35640533053986273,0.6109084505269481,1.0112633984873722,-0.7955034818026475,-0.04456340881140114,-0.43349614900952194
last,44,56,0.005016550577522966,0.004328581038862467,0.0006879695386604991,0.0006879695386604991,0.7045746497871239,-0.5171278461411116,-2.8561694430071407,0.6334585688429762,-0.03199177200585332,0.008391810750199175,-0.20414776281766686
last,44,57,0.002622388657142381,0.0023917111102491617,0.0002306775468932194,0.0002306775468932194,0.812983312419146,0.3341789951026678,0.4760014610791352,1.4585811064620195,0.29009498065744893,-0.8362873471749982,0.15934410188066617
last,44,58,0.0011532731603016747,0.0036519032437354326,-0.002498630083433758,0.002498630083433758,1.2246345015790863,-1.3203138422760656,-0.18230358143230965,1.0638263091396876,0.932586228991541,-0.6704767416624465,0.39689439904842505
last,44,59,0.006945200161623693,0.0061758034862577915,0.0007693966753659015,0.0007693966753659015,0.8242278279581058,-0.3496517224335317,-1.3150865931228952,1.1433021897231714,0.2536572379838089,0.9028430876076106,0.018684024320044186
last,44,60,0.003485018689691918,0.004337203223258257,-0.0008521845335663389,0.0008521845335663389,1.1276407259335839,-0.07330862485773815,1.0073080987107272,0.9365787702679842,-0.14060407050237708,-0.25204369529045784,-0.4027697079060131
last,44,61,0.0023216450344546733,0.00324324076063931,-0.0009215957261846366,0.0009215957261846366,0.7690214302582211,0.11138529379698887,-0.6078289088272857,1.4416109314881607,-0.07613241081784303,-0.3145482167402156,-0.2522214951085672
last,44,62,0.0019333119851876878,0.003086103592067957,-0.0011527916068802691,0.0011527916068802691,0.7234289219645844,0.20719374285750855,-0.5852120674675002,1.2983341747701387,0.512607598453708,-0.49945742602908194,0.09398267255665167
last,44,63,0.0010202968351562185,0.002381102880463004,-0.0013608060453067857,0.0013608060453067857,0.7369991589799992,0.09665734945078994,0.5670326890771171,1.2149585789328965,0.3283208617899505,-0.8646458800549809,0.0745297152297082
last,45,46,0.00494690240880157,0.005576589610427618,-0.0006296872016260478,0.0006296872016260478,0.714845326164291,-0.5488013651042694,-0.05252573677238355,1.3602548938057637,2.2534694098674066,0.5156623019605007,3.886554490870246
last,45,47,0.0077682683587061456,0.006491850595921278,0.0012764177627848676,0.0012764177627848676,0.5921622581374418,-0.5010667057227322,-0.4335979119695656,1.0950371366261678,0.6233448215447176,1.0148303552050935,1.9293417153280976
last,45,48,0.008035040211386133,0.007693673018366098,0.0003413671930200344,0.0003413671930200344,0.7179472962479722,0.5096351101579328,-0.33750268101547914,1.3084947838773417,0.9345059964290889,1.53338638501049,2.845105480419017
last,45,49,0.010090259715110038,0.00977747980505228,0.00031277991005775746,0.00031277991005775746,0.806426531975772,0.3335455525585148,-1.6346245375196775,1.0567167088574811,0.05307075797278906,2.3135354119945024,1.3670688516936247
last,45,50,0.0035706303006506133,0.0036228918470442295,-5.226154639361618e-05,5.226154639361618e-05,0.8075147921984999,0.46260871339188636,-1.9703810365020826,1.4381743733141426,0.7701368580507255,0.10648918469217976,0.2455353436411817
last,45,51,0.003908952441044062,0.004951407667249441,-0.0010424552262053794,0.0010424552262053794,0.6099978300323026,-0.1384154407275245,-2.9204027774908186,1.406076401607743,0.09709739710916239,0.3955725963973091,-0.028585468436449026
last,45,52,0.0076864617101194115,0.006112664472311735,0.0015737972378076764,0.0015737972378076764,0.5318033842927102,-0.5428278271506959,2.454546586167549,0.9290445239120355,-0.670988567743095,0.7954857845619623,-0.2518482858386543
last,45,53,0.006507989036531641,0.005766048561781645,0.0007419404747499962,0.0007419404747499962,0.5727973756748386,-0.08298650507175526,0.1100881207496137,1.306483132925249,-0.7426247139186147,0.7954857845619623,-0.25000270800480734
last,45,54,0.005831149078836655,0.006377425044775009,-0.0005462759659383542,0.0005462759659383542,0.4924823598764152,0.25393403697261924,-2.033405355248641,1.0522409392402394,1.4538632520010537,0.7775446719236057,2.833901182825001
last,45,55,0.00902625132380967,0.007094501983374357,0.0019317493404353136,0.0019317493404353136,0.5401495689930014,-0.08565099456301903,1.3347751759447728,1.1166609200643576,0.5365191054798764,1.1982927005715114,1.182180264151044
last,45,56,0.008849530722112387,0.007219004910439253,0.001630525811673134,0.001630525811673134,0.5144920322364958,-0.21382787139618895,0.7154152821279545,0.8205606307421884,0.2420739698755607,1.2755552340302396,1.1482222906466653
last,45,57,0.005832163344410676,0.006154513917863369,-0.0003223505734526932,0.0003223505734526932,0.6302871540180569,-0.05081137276006971,-1.7582030786670098,1.1094710763171818,-0.6833901666366432,0.7303769080517978,-0.4112167244016286
last,45,58,0.004579536413674511,0.006444346625357866,-0.0018648102116833555,0.0018648102116833555,1.0430497900474343,-0.6452134749028209,-1.5341598837058203,0.9617266036143512,-1.0699451287455408,0.9063155610214864,-0.33634677032263627
last,45,59,0.009722143609013422,0.00919567234814167,0.0005264712608717519,0.0005264712608717519,0.6357541620660915,0.1187778762351819,-0.0807382935889339,1.062911562924975,-0.9140391234409139,2.2996455183390005,0.4280179181138171
last,45,60,0.006552152453621981,0.0070130848325788975,-0.0004609323789569169,0.0004609323789569169,0.9505824510856266,-0.26614410181900067,1.7659404826148062,0.9536687247205744,-1.0877849936981288,1.2364899081241412,-0.1688651430019117
last,45,61,0.005696923901581826,0.006118203978985548,-0.0004212800774037219,0.0004212800774037219,0.5872739081420666,-0.5742280687541667,0.8812664032004832,1.3647174847517511,-0.10377578079838551,1.0715474209650586,0.5182842033751777
last,45,62,0.005378029483679855,0.005436180159449577,-5.815067576972217e-05,5.815067576972217e-05,0.5383203441906487,-0.14082708876273967,-0.8390747581181045,1.388517286458508,2.7413329511324895,0.44852781595890917,4.179404734709783
last,45,63,0.0041984356442312494,0.00537473289296031,-0.0011762972487290605,0.0011762972487290605,0.5490849969542323,0.20767708721287015,3.2334167939009197,1.2927947399530135,1.165097347310065,0.4149605729581134,1.6847306603681875
last,46,47,0.006008913099858749,0.006089900154620409,-8.098705476165986e-05,8.098705476165986e-05,0.6523638660305796,-0.4668346292412219,-2.092792213809532,1.0667664706964695,0.15416677905660148,0.6094190841351375,0.4639212022349046
last,46,48,0.006147737149774336,0.006755130831152201,-0.0006073936813778651,0.0006073936813778651,0.7828860368753372,-0.28708438469964953,-0.16003135745728497,1.2921387349839222,-0.07372328217399104,1.2636909498661653,0.9233984868849779
last,46,49,0.008693266286708658,0.009046885184943676,-0.0003536188982350176,0.0003536188982350176,0.8742257991265187,-0.9515021565119443,1.0272664383095615,1.0185115944622674,-1.076947162084502,1.977573609202055,0.02217648230092835
last,46,50,0.002208376611068383,0.003418555250391364,-0.001210178639322981,0.001210178639322981,0.8711923808678913,-0.2312309459972702,3.9158703568731954,1.4869083674632702,2.039585155725353,-0.6201258771612529,1.33851589003281
last,46,51,0.0024226679929761335,0.003262203186750412,-0.0008395351937742785,0.0008395351937742785,0.6700099122914682,-0.09794438856820131,1.0431924577369263,1.4774662887987746,0.3221312999465527,-0.2957389857483902,0.32502271359247825
last,46,52,0.005562064781233591,0.005004062782973051,0.00055800199826054,0.00055800199826054,0.5907448483429486,-0.25059843945273813,-2.6099134300893603,0.8975494032006691,-0.5650396646530116,0.1455545105982783,-0.4043304537790413
last,46,53,0.005149228555838002,0.004437098279595375,0.0007121302762426269,0.0007121302762426269,0.6357733162525036,-0.44247547253336594,0.07855243673187448,1.3713634886651758,-0.5563572287207097,0.15105259350358113,-0.44824285186279705
last,46,54,0.004638787996129689,0.004925410728901625,-0.0002866227327719354,0.0002866227327719354,0.561862855521232,-0.9817312975168342,-3.83286117147575,1.0511864991102338,2.707043414520597,0.11893221442523357,3.771071637877835
last,46,55,0.007508764581613743,0.006060958374291658,0.0014478062073220842,0.0014478062073220842,0.5995109129716939,0.12596905931958818,-0.273871268511741,1.0888952901030513,-1.3058319986524662,0.8183462345366418,-0.4585686386878363
last,46,56,0.006750334002808531,0.006150348577648401,0.0005999854251601301,0.0005999854251601301,0.5740277801230455,-0.0016197567692323236,0.6681723118856926,0.7488664626748684,0.05674259066192303,0.7300875352673084,0.6311813191649207
last,46,57,0.003964034685230471,0.004294779151678085,-0.00033074446644761404,0.00033074446644761404,0.6904066005326376,-0.054338821133934206,-0.11932995651567961,1.1750105120494925,-0.44491854786565965,0.06134703031179925,-0.45531161947392723
last,46,58,0.002861380049776087,0.005121117923408747,-0.0022597378736326596,0.0022597378736326596,1.096647236088705,-0.1373658104354832,-1.098692005471081,0.9337888455634987,-0.9896129347361532,0.25030745858352044,-0.4580807037675496
last,46,59,0.008326427975698356,0.008292008191347122,3.441978435123408e-05,3.441978435123408e-05,0.6959693795127326,0.09434548500023611,-2.16043642215791,1.1367531222583045,0.2995681107109334,1.4627794255950233,1.471733530128425
last,46,60,0.005114606190825493,0.006226505618542433,-0.0011118994277169395,0.0011118994277169395,1.00801275063946,-0.20982680333834933,-0.3086378988755975,0.9071002059030105,-0.8596070863448345,0.6039210012298346,-0.39280966795065386
last,46,61,0.0038563315621729486,0.005527464672923088,-0.0016711331107501395,0.0016711331107501395,0.6477008297543148,-0.5718361519362574,-1.435164014628181,1.3960964867264012,-0.7673503327634518,0.5434420892715042,-0.30962225434939905
last,46,62,0.003691317960022822,0.004409369546920061,-0.0007180515868972391,0.0007180515868972391,0.5971267208209282,0.15834848019902314,13.388150450887428,1.4226323270151824,2.977458340700191,-0.019387976560804324,3.438097279810522
last,46,63,0.002686667730550886,0.004111131653189659,-0.001424463922638773,0.001424463922638773,0.6172885182497811,-0.9013120528396362,0.6123955620979502,1.3147750064486259,1.7062163413691873,-0.25117557693698905,2.4589186659848092
last,47,48,0.008788683679461376,0.007179983425885439,0.0016087002535759374,0.0016087002535759374,0.6639571893852539,-0.6310904068785772,0.9337072525385508,1.078902123335615,0.20402859239976473,1.3632351877305942,1.9055709461330812
last,47,49,0.01134591408625322,0.009738810360431671,0.001607103725821549,0.001607103725821549,0.7502074826837334,-0.37683239036465815,-0.41025021865293615,0.9351469076362301,-0.2125810035337731,2.029371337625697,1.0742437854706788
last,47,50,0.0040837879087968305,0.0034730478655546904,0.0006107400432421401,0.0006107400432421401,0.7455348693142625,0.5944548214889904,0.551604028012671,1.1938324367642281,0.4506357911817976,-0.2135571149533384,-0.250021936112123
last,47,51,0.004474457356767815,0.003852400928735733,0.0006220564280320822,0.0006220564280320822,0.5490154370141043,-0.38480972152143855,0.0056511732224395535,1.1575446726068002,0.32527687250013715,-0.0014468639224479469,0.20198305606552405
last,47,52,0.008180079031447124,0.005276901181787252,0.002903177849659872,0.002903177849659872,0.470272072616545,-0.806628225909789,-1.4182895815007401,0.9459649860093304,0.3865111905038615,0.3582435071981482,0.21246306842382878
last,47,53,0.00767990613109376,0.005791208241134882,0.0018886978899588782,0.0018886978899588782,0.5103970688046099,-0.16706397028894437,4.282794137519761,0.9886348877957405,-0.2440645311561497,0.3672140635173262,0.14385824088242163
last,47,54,0.006964628616934594,0.005527520552277565,0.0014371080646570292,0.0014371080646570292,0.42310388046174696,1.1376550929834937,-5.235755105379344,1.2830751770437796,0.5674576454812154,0.7199594878101716,0.7797717986352494
last,47,55,0.009676727752302246,0.006376686971634626,0.0033000407806676197,0.0033000407806676197,0.47368706243080233,0.4037438681168254,1.4259345182366714,0.9038426580135267,-1.054771506133054,1.067496201982204,-0.19738254078016945
last,47,56,0.008807178539994995,0.006626214366406202,0.002180964173588793,0.002180964173588793,0.45452077863783996,-0.7329347410159254,-2.93358365921098,0.9333393064440545,-0.6693929503928426,1.0984590899225928,0.07177010262568981
last,47,57,0.006232436802318374,0.00571780651807785,0.0005146302842405238,0.0005146302842405238,0.5689352868251205,-0.219134406119031,9.414789372993946,0.8263484835124527,-0.40167865217397275,0.32814873761122765,-0.24349009892214055
last,47,58,0.004998068573296378,0.0057984874583780766,-0.0008004188850816987,0.0008004188850816987,0.9792603006047934,-0.03782865458457873,5.7798416297679305,0.9632755367757456,0.5407053434948625,0.4317441944585113,0.37476315968439394
last,47,59,0.011191285974370146,0.008730888366699219,0.002460397607670927,0.002460397607670927,0.5801087302513407,-0.8864940495801624,2.948845756073873,0.9325536379927913,0.518964578901785,1.6042827172104466,2.1415360114630824
last,47,60,0.007870395432728088,0.006383351981639862,0.0014870434510882262,0.0014870434510882262,0.8887013234786725,-0.0017437815637266305,-1.418866321437809,0.9610096106832898,0.37850356681586766,0.7138826593358899,0.816942638182901
last,47,61,0.0061856178848774986,0.006141145713627338,4.447217125016015e-05,4.447217125016015e-05,0.5212605168454769,-0.11264971248313169,-3.8602467385501473,1.1217052029165315,-0.6644558336247965,0.8032988497431821,-0.1052391890879975
last,47,62,0.006680382581158395,0.004951736889779568,0.0017286456913788275,0.0017286456913788275,0.4746946734475847,-0.07499423456472895,-2.3740290172627936,1.2195520780133409,1.622593892747902,0.27982348260146156,2.859166902636979
last,47,63,0.004684843248855996,0.004954186733812094,-0.00026934348495609786,0.00026934348495609786,0.48357415102219087,0.5714945904709654,1.1555155455336847,1.2102404681942607,-0.7116531005551371,0.3067351515589963,-0.34297909477370175
last,48,49,0.012419500540983631,0.007951460778713226,0.004468039762270405,0.004468039762270405,0.8784326633316539,-0.09143893575380874,1.4232306159077326,1.1251381003485346,2.651407213452638,1.9839398104608268,4.712666109588879
last,48,50,0.004508151603291988,0.005327199120074511,-0.0008190475167825229,0.0008190475167825229,0.8789568831703001,0.11565773656141803,-0.6709914424528407,1.4071935136410458,0.024645393143939848,0.5451783259784418,-0.20589117365748788
last,48,51,0.005100445174331586,0.005114198662340641,-1.375348800905507e-05,1.375348800905507e-05,0.6747646870394962,0.7311608693458072,0.19292439003117723,1.4266755433559295,0.8355905763982516,0.7150401504738482,0.39966209228526695
last,48,52,0.008978837495493396,0.006970237009227276,0.0020086004862661204,0.0020086004862661204,0.6022393764203396,-0.3876841370711106,-1.6868801747547,0.9360536002185097,-0.26549682603873587,1.132894451276858,0.03782660584901603
last,48,53,0.007755104227347392,0.0064458707347512245,0.0013092334925961678,0.0013092334925961678,0.6405008718935249,0.40911491687339446,0.13314473672438842,1.3042054192435049,-0.7433555751693716,1.174274759458873,-0.19849403823215928
last,48,54,0.007273365522569715,0.008093620650470257,-0.0008202551279005415,0.0008202551279005415,0.5690638214970962,-0.4701005861343081,-2.884529386797558,1.0013461555093275,-0.30873721104714574,1.377703826955075,1.1402239593742656
last,48,55,0.010370537660705012,0.007856921292841434,0.002513616367863578,0.002513616367863578,0.6114359061858193,-0.08179135705208285,1.371671398394505,1.1303930955110928,1.0678972492932528,1.3895681111191496,2.1372158769424834
last,48,56,0.012824544116562928,0.007016059942543507,0.005808484174019421,0.005808484174019421,0.5851735003847219,-0.08866599503599569,-7.753280188867751,0.8649441990806687,2.656692901660789,1.1615423569413297,4.051203260741421
last,48,57,0.006621891221225105,0.006662349682301283,-4.0458461076178266e-05,4.0458461076178266e-05,0.6997563637894139,0.10531068620619755,2.204806530885589,1.0986164637387716,-0.7042008958310476,1.1094552557331985,-0.3398209483484557
last,48,58,0.0055622452656496416,0.007044777739793062,-0.0014825324741434207,0.0014825324741434207,1.1095128006671706,-0.5416540663612104,7.35173147240524,0.9524409850635777,-0.6067080084805483,1.2353324169861828,-0.0007458159688795837
last,48,59,0.011013278893472405,0.008748178370296955,0.00226510052317545,0.00226510052317545,0.7038407420130193,0.46376200304341697,0.16805690575917226,1.1169050915567593,0.995420634921032,2.1821601678362152,2.5967673128779674
last,48,60,0.00825429887156581,0.008382237516343594,-0.0001279386447777843,0.0001279386447777843,1.018043495628939,-0.21774071272521786,-0.3549251142708954,0.9861135151254767,0.09892291547336636,1.4321059104391234,0.8291824030151619
last,48,61,0.007320959060653249,0.005682071205228567,0.001638887855424682,0.001638887855424682,0.6560152588297649,-0.25226836988883405,-0.2248790747801589,1.4111181219405062,2.472832943706552,0.9693988280402233,3.5166876417216106
last,48,62,0.006362593206689211,0.0065189567394554615,-0.0001563635327662509,0.0001563635327662509,0.6140817041983708,-0.7880758563478237,-1.7673372008913264,1.3264713700459694,0.2280531149076862,1.1175576936989078,1.5707023166686929
last,48,63,0.005402385580742959,0.005845610052347183,-0.0004432244716042243,0.0004432244716042243,0.6212614997576743,0.06968879210570203,0.8321142488285556,1.2577176563947923,0.2165502601644192,0.9167329812631125,0.6342534462604159
last,49,50,0.00689780581222363,0.006821889895945787,7.591591627784285e-05,7.591591627784285e-05,0.9637292797698271,0.2317090756737724,0.1544785434546738,1.141216445352695,-0.6054943250742397,1.1369456702597125,-0.39002056993491085
last,49,51,0.007694657702153635,0.006752060726284981,0.0009425969758686545,0.0009425969758686545,0.7637384032112498,0.5485986268464511,-0.34118304265530014,1.180416695857271,1.887506407894409,1.195688345511105,0.7501025328155223
last,49,52,0.011470693980636982,0.007799139712005854,0.0036715542686311282,0.0036715542686311282,0.693610390238825,-0.7929850977250638,-1.8595661639042593,0.8382748149231796,1.0580529975272768,1.3956449395934316,1.5882114007146162
last,49,53,0.010349797595824514,0.008584780618548393,0.0017650169772761206,0.0017650169772761206,0.7336784279251908,-0.32616787423625104,0.03041725681837002,1.006923442398888,-1.1064795615157224,1.7463647543948495,-0.25887420566766567
last,49,54,0.00942275963348165,0.009118829853832722,0.0003039297796489284,0.0003039297796489284,0.6562410766064125,-0.20723947700047832,-2.616388911713068,0.8432759742344165,-1.3017516309829944,2.142226723576648,0.002422150570404648
last,49,55,0.013609521055959563,0.008030583150684834,0.005578937905274729,0.005578937905274729,0.6982824995507587,0.16113727635931416,1.6183989107890033,1.022891599068396,3.174263306010499,1.4969254141647983,4.38250392986999
last,49,56,0.015134103619533618,0.008009777404367924,0.0071243262151656946,0.0071243262151656946,0.6761488290365368,-0.4132081226691894,0.1059450585963663,0.8064763651284488,2.742816737369875,1.5012660059321423,4.7501372119567415
last,49,57,0.0097533617070844,0.008653934113681316,0.0010994275934030837,0.0010994275934030837,0.7869890652278176,0.14573078954369156,0.12661871746536682,0.8374720141992861,-1.1499622027853387,1.686753960789988,-0.40363785424835796
last,49,58,0.008349543265395649,0.00918432418256998,-0.0008347809171743315,0.0008347809171743315,1.1817956596109533,0.9909625122990887,-0.7368887008112895,0.8591097084571332,0.061810099215804895,1.5808435216667878,1.050554696378282
last,49,59,0.014077780818087393,0.008928971365094185,0.005148809452993208,0.005148809452993208,0.7986978177585015,-0.6069081440573004,-0.5993528865793066,0.9170689921286268,1.0443689439861743,2.6509440787093976,2.6542724981739765
last,49,60,0.01092727163290403,0.008950290270149708,0.0019769813627543223,0.0019769813627543223,1.1014700586042496,-0.09868621187027038,-0.7671672698280798,0.9049022963971938,0.5328696701516527,1.7029588367214068,2.1470550077840658
last,49,61,0.009320988594201713,0.006980389356613159,0.0023405992375885535,0.0023405992375885535,0.7438745037868583,-0.22728117910442594,-1.907532349922205,1.1814557608708136,2.762029091247043,1.3357447732040806,4.13387157587289
last,49,62,0.008766764256183102,0.008804995566606522,-3.823131042341929e-05,3.823131042341929e-05,0.6980501290261281,-0.11691102120350966,-6.011972642617376,1.104671257816771,-0.6510509575158151,1.8887361643637417,0.23532446240090985
last,49,63,0.007819059872943684,0.008795712143182755,-0.0009766522702390704,0.0009766522702390704,0.7136255069243644,-0.517486654804388,3.2748040627503534,1.0387711657811407,0.30662602624382407,1.485061130000724,0.4479123340138218
last,50,51,0.0009541116248949599,0.002265049610286951,-0.0013109379853919912,0.0013109379853919912,0.7682970995773225,0.1735725237231993,1.3414283723300233,1.5517811088598057,0.14095444351768968,-1.1690660493380596,-0.24509919473685748
last,50,52,0.004461728509598878,0.003159940242767334,0.0013017882668315437,0.0013017882668315437,0.6943216154237574,-0.603814148246467,3.6738092453657645,1.0275491611341034,0.6492247385390305,-0.8252911813643926,0.19033545421595224
last,50,53,0.0037253934527079952,0.0028401378076523542,0.000885255645055641,0.000885255645055641,0.7302024471489371,0.46699876830518544,-1.443335839186676,1.4770214354291096,-0.3341613072723469,-0.7876727193807422,-0.4151953687408455
last,50,54,0.002607082288014773,0.003948618192225695,-0.0013415359042109215,0.0013415359042109215,0.6596606029385043,-0.4058142365612815,3.343067634810639,1.134140889971228,0.65815427941643,-0.33914490342183307,-0.2777394033826671
last,50,55,0.006173331501113055,0.004132144618779421,0.0020411868823336345,0.0020411868823336345,0.7029898928902937,-0.22930634192066154,3.8789298445727347,1.2220213217173108,-0.3482211560566871,-0.13166461694277634,-0.33330662983384923
last,50,56,0.0047919830143862046,0.0040449416264891624,0.0007470413878970421,0.0007470413878970421,0.6765636683896193,-0.1711092221798226,0.34763840120615563,0.8730984287042808,0.07781209055693401,-0.06742385878608095,-0.2043264244119555
last,50,57,0.0023242810246652465,0.002841889625415206,-0.0005176086007499595,0.0005176086007499595,0.7830831233723667,0.9982933642145676,-0.164509283509357,1.2598080865150483,-0.2853425336887752,-0.8773782825725239,-0.4259254241911391
last,50,58,0.00127982743526849,0.00384329236112535,-0.00256346492585686,0.00256346492585686,1.2041143192413128,-1.81670296344474,2.8483008529380065,1.0670077868100993,-0.2576010334636089,-0.6889965998697822,-0.4272319869880454
last,50,59,0.006958153208841132,0.005779140163213015,0.0011790130456281172,0.0011790130456281172,0.7978953581593432,-0.19891085970701944,-2.6548797076286728,1.2219031529650661,0.23233066609567854,0.8438110395717283,-0.08332897184591931
last,50,60,0.003668146077767912,0.004409359768033028,-0.0007412136902651156,0.0007412136902651156,1.1051375812446238,-0.3328884677879113,1.9230817060363725,1.0725430483813274,-0.4508641908830764,-0.3287274831802068,-0.40310407859525993
last,50,61,0.002241099277722029,0.0029744459316134453,-0.0007333466538914164,0.0007333466538914164,0.7411646904670874,0.4568858147495729,0.19911964116126912,1.507358443796605,0.019019251704950446,-0.396151341966288,-0.18753090605489464
last,50,62,0.0019938466292180814,0.0024806379806250334,-0.000486791351406952,0.000486791351406952,0.6966957264237799,0.37944290088286364,-1.1058681414261362,1.498691124572168,1.247798812892052,-0.5697750126600593,0.037056381399284
last,50,63,0.0011300409122381404,0.0029165013693273067,-0.0017864604570891663,0.0017864604570891663,0.7124334108489816,-0.05082941273017797,0.7979058233074975,1.4615168751283834,1.9123202816827338,-1.0255371482312088,1.8510423470434942
last,51,52,0.0047721872691597255,0.003263910999521613,0.0015082762696381124,0.0015082762696381124,0.49072874370463637,-0.7783548405216874,-4.519760102600424,0.9894878406852397,0.2620177396551119,-0.5512551544527238,-0.06649471758657814
last,51,53,0.00420965474534424,0.0031544941011816263,0.0010551606441626133,0.0010551606441626133,0.5303496823555415,-0.08203870195473911,-1.4181832303231297,1.4852234011285976,-0.547514385869952,-0.5457570715474209,-0.13473154281701366
last,51,54,0.0028276137817088392,0.0036210997495800257,-0.0007934859678711864,0.0007934859678711864,0.45387205658751534,-0.3794749288766691,0.022858418025018194,1.0638142286910381,0.4476270493772897,-0.14150329161542347,0.35759297081807695
last,51,55,0.0066646202581513055,0.003556237556040287,0.0031083827021110184,0.0031083827021110184,0.49613224050298893,0.12572509691132722,-1.908595722858654,1.2574498365089737,1.3179730586327043,0.03385661578528544,0.5380668401986312
last,51,56,0.00561444941135492,0.00444784527644515,0.00116660413490977,0.00116660413490977,0.4693708177401034,0.140660148570605,3.6351024149431597,0.8317884925764499,1.0474286859382167,0.09230991825218857,0.681221279440965
last,51,57,0.0027735814881365162,0.0030182243790477514,-0.0002446428909112352,0.0002446428909112352,0.5880355390807149,-0.031896745976089096,0.2638762623138953,1.2545295893887536,-0.7876017284601681,-0.614049048686971,-0.4174942749675333
last,51,58,0.0015720738349690802,0.004303010646253824,-0.002730936811284744,0.002730936811284744,0.9952943708618451,0.4367106450542774,-3.0568199606026853,1.0380105368052603,-0.22010794026646086,-0.45257903494176355,-0.0971830269515348
last,51,59,0.007328071268457717,0.005985112860798836,0.0013429584076588815,0.0013429584076588815,0.5901808079588668,0.6347479403493942,-0.778071181165977,1.2137850914725623,0.3549579463692969,1.0466613614989515,0.2499072847055023
last,51,60,0.004066022961254579,0.0046170540153980255,-0.0005510310541434462,0.0005510310541434462,0.91113390011243,-0.41555744119830784,1.3352196016882867,1.0021636724161214,-0.5461019509074426,-0.09462490052810532,-0.12022059789235284
last,51,61,0.002622483720371368,0.003121577436104417,-0.0004990937157330487,0.0004990937157330487,0.5385678364413942,0.363025189180313,0.024210603481409618,1.5491543068195093,1.2514811436490607,-0.22542139911741285,0.7512261717540651
last,51,62,0.0022221071066546435,0.003372788894921541,-0.0011506817882668977,0.0011506817882668977,0.49802800090024674,-0.4795384501835254,-0.8447885653810134,1.45183640894387,0.30211830158143216,-0.32814873761122765,0.21096984510091593
last,51,63,0.0014633529402937567,0.0022791405208408833,-0.0008157875805471265,0.0008157875805471265,0.5089846995854883,-0.1561392885470933,-0.41557825992760605,1.379208165943998,0.6694747552522549,-0.6962309194820226,0.2737254538199939
last,52,53,0.0074456062013998296,0.0043663629330694675,0.003079243268330362,0.003079243268330362,0.4498330435422543,-0.2548830380564004,-2.923255099413577,0.8817133261030627,-0.22903080864309264,-0.1785430080300947,-0.1266597281805159
last,52,54,0.0064268364361046515,0.004720369819551706,0.0017064666165529452,0.0017064666165529452,0.3728483358918454,-0.6078634344665979,-2.770729461564449,0.8761986379019592,-0.6214272782740923,0.3090501338349128,-0.3994952444345131
last,52,55,0.010073387796466405,0.005288930144160986,0.004784457652305419,0.004784457652305419,0.41875688826128127,-0.574228491565966,0.2923602246283347,0.8254242925833413,-0.29749422518690327,0.45373652607972254,0.0304752360731236
last,52,56,0.009933643482894782,0.00528778275474906,0.0046458607281457225,0.0046458607281457225,0.389715109200285,-0.2601420416861252,0.46661753160114255,0.7563970482888022,-0.4669691611527205,0.5631194386167984,-0.20776011351999696
last,52,57,0.0059339639158493065,0.004402547143399715,0.0015314167724495911,0.0015314167724495911,0.5100558218519528,-0.49568040050706763,3.5614079908418583,0.7462988182255349,-0.5421831467232263,-0.2422050206178107,-0.3940712527350066
last,52,58,0.006593067875314703,0.004429143853485584,0.0021639240218291186,0.0021639240218291186,0.9199095418343813,0.20266084802464132,-0.9458727217464356,0.8685230136893906,4.5502518237932446,-0.5553063734355784,6.084983117597841
last,52,59,0.011401978897991976,0.007158244494348764,0.004243734403643212,0.004243734403643212,0.5158408902059353,-0.35567340808076325,-0.8673920087138546,0.8082727644500584,0.7450534152313854,1.2454604644433196,1.1668710265008766
last,52,60,0.009494111911360039,0.004756370093673468,0.004737741817686571,0.004737741817686571,0.832902154115088,-0.37703629135492484,-2.8532704709594774,1.0805114587402571,3.230629745562477,-0.2621717427475944,5.637669184666241
last,52,61,0.0058388236324060806,0.005047507118433714,0.0007913165139723666,0.0007913165139723666,0.4595195172338532,-0.015174821183861235,19.052794035732937,0.9773528469796567,-0.18502793473028697,0.22600014468639246,-0.12746120863297483
last,52,62,0.005612982128604144,0.004157234448939562,0.0014557476796645819,0.0014557476796645819,0.4164896374591367,-0.5603236737074315,-0.24608877621163655,0.9670914942522003,-0.5234524584348103,0.09925486507993932,-0.3855555431170921
last,52,63,0.004649842391223382,0.0045784940011799335,7.134839004344865e-05,7.134839004344865e-05,0.43132808323804545,-0.7987641774852241,-0.8517378373357871,1.0282175394112054,-0.46730274170776775,-0.2942921218259422,-0.20194426535256443
last,53,54,0.005653446982927274,0.004936638288199902,0.0007168086947273722,0.0007168086947273722,0.41789494987273806,-0.6207606389556577,0.017092220485116348,0.8446609793683784,-0.39663081637652103,0.28705780221370203,-0.22342727437596682
last,53,55,0.009276428556650005,0.006033850368112326,0.0032425781885376797,0.0032425781885376797,0.4668848059668315,-1.0850197101207588,-0.0655372731591035,1.0371183407613602,-0.4943779704896087,0.47138826593358923,-0.09920677991878582
last,53,56,0.00828150425101478,0.005666560493409634,0.002614943757605147,0.002614943757605147,0.43477986925251544,-0.2937886999970324,-0.047046828854931465,0.6085372622124985,-0.796948834435611,0.5966866816175942,-0.4404614240920436
last,53,57,0.005823649536043945,0.003538575256243348,0.0022850742798005965,0.0022850742798005965,0.5477830163357487,0.4628645145305309,-0.5811207057316976,1.450047477535971,0.7493246609061521,-0.5486507993923171,3.552528628063407
last,53,58,0.00488051161067416,0.004717177711427212,0.0001633338992469485,0.0001633338992469485,0.965148705794469,-0.2631596142642149,5.213484677642387,1.0448725977124114,0.7421178262769608,-0.27548289083411703,1.9707516434418868
last,53,59,0.010080440323220117,0.008009500801563263,0.002070939521656854,0.002070939521656854,0.5618043848469215,-0.6267426859966942,-1.0047283797779032,1.1247148453567584,-0.6856956491019034,1.433263401577082,0.10890528207795618
last,53,60,0.006717697609081326,0.0049666352570056915,0.0017510623520756345,0.0017510623520756345,0.8753276689027499,-0.3727896401102598,0.2019983426189441,0.9167904096612839,0.21626137702388973,0.12327280619257763,1.1836617740885234
last,53,61,0.005505487863038524,0.004584744106978178,0.0009207437560603462,0.0009207437560603462,0.5036154786996626,0.03908644921919741,1.3739382334817751,1.4066489416588919,-0.6884432069846937,0.2653548433769807,-0.44428723920171315
last,53,62,0.0050259993653007096,0.0040747937746346,0.0009512055906661099,0.0009512055906661099,0.45965561276888633,-0.3345501886282353,-0.49423877031659147,1.2668554541829995,-0.5369036861824581,0.0928886638211677,-0.3277492307344225
last,53,63,0.004384298270180334,0.004006622824817896,0.00037767544536243796,0.00037767544536243796,0.47197729926475646,-0.20353307353251252,2.4492770658084964,1.2067025806812668,-0.16692121423032896,-0.30789264269695427,-0.048947843463672126
last,54,55,0.008115146267299962,0.005625633057206869,0.0024895132100930927,0.0024895132100930927,0.38311699603886384,-0.39605471843566115,-3.7360915963054038,0.8863958544293126,-1.2407823224680945,0.9728713014540985,-0.39808884828488666
last,54,56,0.007016852570476456,0.005309987813234329,0.0017068647572421264,0.0017068647572421264,0.35420123136215753,-0.12247635198190873,0.4507992170380487,0.9784425766626873,-1.0555106412847628,1.0408739058091587,-0.3386804008646353
last,54,57,0.0049964493956988305,0.0049739102832973,2.2539112401530163e-05,2.2539112401530163e-05,0.47605310851023025,-0.5149793279823975,0.8197491195157717,0.6918066233164648,-0.3288580926288456,0.19330102003906552,-0.18651380019090716
last,54,58,0.0035643360744552644,0.005959473084658384,-0.00239513701020312,0.00239513701020312,0.8963589655832034,-1.0673651682019771,1.8105974253973085,0.8185044651671932,-0.8846938209312201,0.41351370903566526,-0.4474809333330419
last,54,59,0.009667259750103501,0.009089493192732334,0.000577766557371167,0.000577766557371167,0.4830549717589163,-0.5467234917503736,-1.3054380699677073,0.8517059309465997,0.28806558681249617,1.5646386457353687,1.7256669678207965
last,54,60,0.005414039506200259,0.006253653205931187,-0.000839613699730928,0.000839613699730928,0.8027564890477118,-0.7640133637773097,0.36846532170202945,0.8633291529184831,-0.9800705469049086,0.7581566953628013,-0.3293801664947049
last,54,61,0.004224369580814977,0.00541119696572423,-0.0011868273849092526,0.0011868273849092526,0.42881686858791557,-0.5547595232786391,-0.5607527544334562,1.0193565669341738,-1.156252680642431,0.724878825146495,-0.4300689429353895
last,54,62,0.004152537810394986,0.004396977834403515,-0.00024444002400852895,0.00024444002400852895,0.3748171846319914,0.5217624800632125,-0.2363254153047762,1.2017460824226132,1.775513731542285,0.18201548144397045,2.7532098077448013
last,54,63,0.002938110106857093,0.004299862310290337,-0.0013617522034332437,0.0013617522034332437,0.39177368018204545,-0.024033574005150042,6.023621853913971,1.2670594307280763,-0.2562676453935276,0.16783621500397902,-0.2578559976598119
last,55,56,0.010971786513822008,0.006165761034935713,0.004806025478886295,0.004806025478886295,0.3993909976836036,0.028874839577055368,-3.5413684213659344,0.7998316058673092,-0.05730312520974937,1.2095782391666068,-0.15034357924269065
last,55,57,0.008776958264924847,0.005667851772159338,0.0031091064927655093,0.0031091064927655093,0.5237006593828673,-0.8252020355534162,2.0598372413934576,0.8067653441031143,-0.6667200355519738,0.43000795775157363,-0.4561234432325313
last,55,58,0.0070694590897240036,0.006222027353942394,0.0008474317357816093,0.0008474317357816093,0.9223270017825995,1.404735722938193,3.8018499542640476,0.8000180840655542,-0.9943043255425937,0.6140490486869714,-0.42476152018257474
last,55,59,0.012810040966162006,0.008494946174323559,0.0043150947918384475,0.0043150947918384475,0.5286036270468202,-0.562079029744167,2.0155004628610467,0.9689359225090469,1.0369540162997073,1.6615785285393914,2.181703140896283
last,55,60,0.009292414792253926,0.006467663217335939,0.002824751574917987,0.002824751574917987,0.8417720545964881,-0.07533924899304947,-1.894471842185057,0.8397510457481557,-0.979443776666128,0.9644794907038997,-0.35277079017745583
last,55,61,0.008000624490450593,0.00559141393750906,0.002409210552941533,0.002409210552941533,0.4683601823780981,0.38499815464671006,-0.9708494207639862,1.2652800172494163,0.5887932335860081,0.8073500687260367,0.34072091028610757
last,55,62,0.007410918947905559,0.005401586648076773,0.002009332299828786,0.002009332299828786,0.4217096573139631,0.3949002660516822,0.7016083029724989,1.1642722378523196,-1.1725864287217307,0.7705997250958552,-0.4361808120161172
last,55,63,0.00662781792880387,0.004262975417077541,0.0023648425117263287,0.0023648425117263287,0.4372366456886321,0.054203239483589294,-0.3679986035160154,1.2353175760048978,1.7454518914168158,0.11459162265788925,1.9483463645556205
last,56,57,0.007391576170273127,0.005570742301642895,0.001820833868630232,0.001820833868630232,0.4931693902995639,-0.24478069003008984,8.986000307061257,0.47768696747929495,-0.6491503623971397,0.5055342545033643,-0.43555984357900845
last,56,58,0.005660259881266834,0.006297151558101177,-0.0006368916768343435,0.0006368916768343435,0.9137035854368705,-0.9843726732963968,2.2604433302986164,0.7714816482655656,-0.666194153524801,0.6837878897489694,-0.3679513793383088
last,56,59,0.013064724960454167,0.008280792273581028,0.004783932686873139,0.004783932686873139,0.49846149038220416,-0.027493513428375024,-4.421537153895838,0.7025221276983044,1.2333248242267294,1.6934095348332494,2.3806428969507007
last,56,60,0.008385126371956118,0.006590045522898436,0.0017950808490576828,0.0017950808490576828,0.8210492411287764,-0.7823129667561493,1.041449811776378,0.8102252578111884,-0.20563724336818343,0.9219416913839255,0.3854985657753734
last,56,61,0.011444604119731566,0.005071935709565878,0.006372668410165688,0.006372668410165688,0.44375410964410766,0.05829781941773231,0.5510400960340026,0.962673051854914,4.777331793386881,-0.09809737394198058,10.169403259162133
last,56,62,0.007630753362881542,0.00537509098649025,0.0022556623763912926,0.0022556623763912926,0.39953465408169414,-0.32271163441627093,0.13448506006754601,0.9820183894629568,-0.5557045691789505,0.8171887433986835,-0.2352190771297566
last,56,63,0.005130937045917761,0.005043008364737034,8.792868118072741e-05,8.792868118072741e-05,0.4128059849775732,-0.31898500645056654,4.475978136016683,1.0310125891545119,-0.01731182548350039,0.4071475077768936,0.042632991287030804
last,57,58,0.0036880390115223323,0.004826185293495655,-0.0011381462819733228,0.0011381462819733228,1.026505613562777,-1.159260846402101,0.11280175920953169,0.983737181053848,0.00905431664175572,-0.20169283078926423,0.19274886871047606
last,57,59,0.008472312548423825,0.008052066899836063,0.00042024564858776127,0.00042024564858776127,0.6186686277865245,-0.48865240516007624,0.21257250977038533,0.9423418032073866,-0.8867959255730804,1.422845981335456,-0.3034209808851893
last,57,60,0.005879783951861723,0.005173319485038519,0.0007064644668232038,0.0007064644668232038,0.9293535638506064,-0.1458471332571632,5.2775241919642575,0.8240948575131674,-0.14866280554625158,0.15741879476235277,0.11155912179315682
last,57,61,0.004325210565382338,0.00472704553976655,-0.0004018349743842124,0.0004018349743842124,0.5640126609172184,-0.29328935926192634,0.5557437406591824,1.2008092253261298,-0.5065363344885044,0.1736236706937715,-0.43394989300231385
last,57,62,0.003993164862058463,0.004652237519621849,-0.0006590726575633858,0.0006590726575633858,0.5149265298335275,0.1533409791213155,-0.36818076114659654,1.0506850506690166,-0.44792833502862117,0.007234319612240675,-0.36620789485315375
last,57,63,0.0033581602063912437,0.0039545646868646145,-0.0005964044804733708,0.0005964044804733708,0.5292755357438541,-0.0244353861518583,-0.0022934489141085727,1.0180985163332927,-0.4065295157487616,-0.36229472618100256,-0.44087803274867965
last,58,59,0.008230315760137087,0.007980387657880783,0.0002499281022563041,0.0002499281022563041,1.0302154770362728,-0.7930573104569717,0.5629492064918751,0.8712484361195714,0.09635214549841654,1.3834912826448673,0.8907578206046424
last,58,60,0.005686603441398443,0.0050438567996025085,0.0006427466417959346,0.0006427466417959346,1.326207135892148,-0.4480972486869866,-0.44493326754300466,0.9402340211699796,4.000790424440943,-0.3336468205165302,7.793903384649734
last,58,61,0.003442598067339439,0.00591938616707921,-0.0024767880997397713,0.0024767880997397713,0.9774094013283429,-0.4990867309175588,-3.555756375068011,1.0296447895080205,-0.5535308463621834,0.35911162555161696,-0.411883114749263
last,58,62,0.0028322565947978304,0.005131110083311796,-0.002298853488513966,0.002298853488513966,0.9325502967512735,-0.3474644465265381,0.3433263191249138,0.998391204554805,-0.8124329507504887,0.20371844028069178,-0.43907127737418533
last,58,63,0.0018450836878327619,0.005119448062032461,-0.003274364374199699,0.003274364374199699,0.954483856423243,-1.702563649757962,-0.095600783885235,0.969854402680615,-0.8478921322636225,-0.18780293713376248,-0.2999109449747498
last,59,60,0.010612909671771958,0.00918570626527071,0.0014272034065012477,0.0014272034065012477,0.9358085246714742,-0.15363342394924243,-0.4047321058872102,0.8282123137019789,0.41654065787977274,1.6019677349345296,1.5150396491274614
last,59,61,0.008976458639824977,0.008769639767706394,0.00020681887211858319,0.00020681887211858319,0.5714465014752504,-0.4011000611694162,2.8665180043926957,1.172013389346957,0.49539872965705345,1.5521956160023154,1.5480021323538389
last,59,62,0.008278140606416354,0.008234115317463875,4.402528895247962e-05,4.402528895247962e-05,0.5241996763446554,-0.2233015687454065,2.273983529052272,1.1494904544550384,0.4047313768793745,1.4159010345077048,1.51269782476221
last,59,63,0.0077683775608584915,0.007029866334050894,0.0007385112268075977,0.0007385112268075977,0.5389801555067908,-0.474708530061571,2.703480816077639,1.0539655148035145,0.5567424989150375,1.1841134341315203,0.8465309175265281
last,60,61,0.005722457511725607,0.006357322447001934,-0.0006348649352763275,0.0006348649352763275,0.8825548458705464,0.12694237208183554,1.8044865367140779,1.0106508099185791,-0.3552122020110506,0.6554293568689865,0.03232520356257777
last,60,62,0.004895807654947915,0.006191967986524105,-0.0012961603315761903,0.0012961603315761903,0.8426909514867303,-0.5087965510395899,-0.614508137648309,1.000760510001765,-0.8875420890922645,0.5538595095131305,-0.3508435360990934
last,60,63,0.0043324306867567886,0.005183271132409573,-0.000850840445652784,0.000850840445652784,0.853811972929086,-0.29360629193990256,-2.0626374897671917,1.0848192002990094,-0.9224927370802216,0.18027924473703258,-0.3693255360118904
last,61,62,0.0038173846194637607,0.005048167891800404,-0.0012307832723366429,0.0012307832723366429,0.4682669317337235,0.07295881856235761,0.46243241838664345,1.4217809848521699,-0.7465657597720567,0.5078492367792813,-0.36941150439383047
last,61,63,0.003167215660827558,0.003573330584913492,-0.00040611492408593403,0.00040611492408593403,0.48267037585806344,-0.10865907378301089,1.0578961328200558,1.3695856859130024,0.18576474562756168,0.08189249801056231,0.06562213342270422
last,62,63,0.0025400959555437973,0.0035835832823067904,-0.001043487326762993,0.001043487326762993,0.4358787146835237,-0.07234863066717227,0.05917011683938566,1.4061821238371368,1.597651284178099,-0.22050206178108941,1.6343190661609108
